component_sn,product_sn,event_name,annotation_id,configuration_id,A1,A2,A3,A4,A5,A6,A7,A8,B1,B2,B3,B4,B5,B6,B7,B8,C1,C2,C3,C4,C5,C6,C7,C8,D1,D2,D3,D4,D5,D6,D7,D8,E1,E2,E3,E4,E5,E6,E7,E8,F1,F2,F3,F4,F5,F6,F7,F8,G1,G2,G3,G4,G5,G6,G7,G8,H1,H2,H3,H4,H5,H6,H7,H8,ASELT,BT1,BT2,DPP0,DPT0,DPSN,DPPID,PZTGTF,PZFLOW0,PZEF0,PZVMV,PZBV0,PZEN,PZDM,PZCAL,AQT0,AQH0,AQP0,AQGR0,AQAH0,AQBSTAT,AQBTS,AQBVAL,AQSENS,AQSID,TRHT0,TRHH0,TRHSN,SYSUT,SYSHF,SYSHA,SYSCL,SYSRC,reference_ui,reference_type,reference_details,metadata,payloadCreateAt,event,T0_183225,H0_183225,SETP0_094324,FLW0_094324,ANLT0_094324,SETP0_181425,FLW0_181425,ANLT0_181425,bVOC_274625,GASR0_274625,H0_274625,T0_274625,P0_274625,SETP0_543024,FLW0_543024,ANLT0_543024,SETP0_183624,FLW0_183624,ANLT0_183624,SETP0_453024,FLW0_453024,ANLT0_453024
0000000027-4125-asu-nz,0000000018-3024-oms-nz,AmbientSamplingRFC,bed29bbe-8d3a-4751-96da-ec41fc138f11,8431e6bd-5d3e-4c11-b2cc-504dddc0c609,1262.2467041015625,481605.4375,198393.75,8103.3017578125,7117.3955078125,25915.4765625,183126.859375,176252.359375,233218.734375,68960.9609375,124135.5546875,18608.439453125,273629.75,5755.39306640625,18988.216796875,36898.078125,255045.4375,51874.046875,188218.953125,19425.04296875,6893.1142578125,13159.4013671875,25878.646484375,45507.26953125,2890538.5,369081.34375,1390197.75,3518548.0,11251569,5533.75537109375,66229.8359375,141964240,60129300,20907.85546875,85879.53125,202257.296875,671860.0,4300.53369140625,2734759.25,1111907.375,62714.02734375,484895.71875,21039.734375,823043.3125,693.1763305664062,423625.03125,441101.75,235656.359375,924047.0,69442.6796875,77175.4765625,17179.869140625,4146.5107421875,272292.78125,14892.77734375,142283.921875,31150.681640625,401450.78125,1095692.125,58436.5078125,7247.29736328125,122057.4140625,13544.517578125,599603.6875,4423,33.970699310302734,35.743595123291016,0,0,0,0,0,0,0,0,0,0,0,1,0,0,0,0,0,0,0,False,UNKNOWN,0,0,0,0,194590315,24484,0,37.27256774902344,13,,,"{'Type': 'start', 'Data_Type': 'Synthetical', 'Protocol_name': 'ABGv5-0ppb-6RH-75ccm-Anthony-Q425', 'Trial_Details': {'RH': 0, 'group': 35, 'detail': 'N/A', 'trialnum': 16, 'TrialName': '6rh', 'identifier': 'ckUf6', 'Concentration': 0}, 'Experiment_Rig': 'DA3'}",,2026-01-18 23:48:17.855,"{'cid': 'c04d07ee-94c6-44df-ad3c-f46614593299', 'uuid': 'c7aee882-f5a7-43f1-bd32-45d89285d4a7', 'annotationId': 'bed29bbe-8d3a-4751-96da-ec41fc138f11', 'name': 'AmbientSamplingRFC', 'description': 'AmbientSamplingRFC', 'labels': 'AmbientSamplingRFC', 'metadata': {'Length': 30, 'Progress': 0, 'startTime': 1768780097534, 'Notification': 'Event AmbientSamplingRFC Started.'}, 'createdAt': '2026-01-18T23:48:17.774Z', 'createdBy': '5c7b5d9f-c171-4004-a182-4277ffd4c9eb'}",29.83,20.03,1600.0,1597.84,21470060.0,1100.0,1100.0,24020116.0,0.0,563101.44,14.11,32.6,1009.97,1400.0,1396.64,22450138.0,0.0,0.0,22040109.0,2900.0,2897.36,22340093.0
0000000027-4125-asu-nz,0000000018-3024-oms-nz,AmbientSamplingRFC,bed29bbe-8d3a-4751-96da-ec41fc138f11,8431e6bd-5d3e-4c11-b2cc-504dddc0c609,1261.761474609375,481596.9375,198363.03125,8102.80859375,7117.07373046875,25912.55859375,183010.0,176213.125,233423.328125,68862.171875,124103.7578125,18609.708984375,272903.28125,5756.5009765625,18989.595703125,36884.7109375,254745.203125,51881.921875,188984.890625,19423.1484375,6892.87939453125,13152.71484375,25879.353515625,45502.65625,2886906.0,365823.6875,1390004.875,3517178.5,11238083,5533.76123046875,66811.9140625,140974176,59811244,20909.291015625,85890.03125,202305.953125,671868.625,4300.73046875,2738684.5,1114095.0,62711.171875,485057.0625,21045.4921875,823734.75,692.6488647460938,423684.25,441219.28125,235644.046875,924689.8125,69438.53125,77188.921875,17186.73046875,4142.115234375,273951.6875,14880.849609375,142611.859375,31152.72265625,401602.1875,1096624.5,58438.37109375,7248.041015625,122000.1953125,13544.73828125,599413.6875,4724,33.890113830566406,35.66300582885742,0,0,0,0,0,0,0,0,0,0,0,1,0,0,0,0,0,0,0,False,UNKNOWN,0,0,0,0,194590315,24484,0,37.27256774902344,13,,,"{'Type': 'start', 'Data_Type': 'Synthetical', 'Protocol_name': 'ABGv5-0ppb-6RH-75ccm-Anthony-Q425', 'Trial_Details': {'RH': 0, 'group': 35, 'detail': 'N/A', 'trialnum': 16, 'TrialName': '6rh', 'identifier': 'ckUf6', 'Concentration': 0}, 'Experiment_Rig': 'DA3'}",,2026-01-18 23:48:18.156,"{'cid': 'c04d07ee-94c6-44df-ad3c-f46614593299', 'uuid': 'c7aee882-f5a7-43f1-bd32-45d89285d4a7', 'annotationId': 'bed29bbe-8d3a-4751-96da-ec41fc138f11', 'name': 'AmbientSamplingRFC', 'description': 'AmbientSamplingRFC', 'labels': 'AmbientSamplingRFC', 'metadata': {'Length': 30, 'Progress': 0, 'startTime': 1768780097534, 'Notification': 'Event AmbientSamplingRFC Started.'}, 'createdAt': '2026-01-18T23:48:17.774Z', 'createdBy': '5c7b5d9f-c171-4004-a182-4277ffd4c9eb'}",29.83,20.03,1600.0,1597.84,21470060.0,1100.0,1100.0,24020116.0,0.0,563101.44,14.11,32.6,1009.97,1400.0,1396.64,22450138.0,0.0,0.0,22040109.0,2900.0,2897.36,22340093.0
0000000027-4125-asu-nz,0000000018-3024-oms-nz,AmbientSamplingRFC,bed29bbe-8d3a-4751-96da-ec41fc138f11,8431e6bd-5d3e-4c11-b2cc-504dddc0c609,1262.7498779296875,480855.90625,198321.078125,8102.70068359375,7116.91748046875,25913.90234375,183009.046875,176175.265625,233248.0,68913.90625,124097.8984375,18610.220703125,272348.5,5749.54052734375,18986.421875,36883.3359375,255023.6875,51875.2890625,187598.546875,19429.86328125,6892.7724609375,13141.8681640625,25878.5078125,45506.421875,2883566.5,364094.75,1390852.25,3515370.75,11223859,5533.23681640625,67907.3984375,139700592,59637672,20908.419921875,85912.046875,202390.5,672103.125,4301.3896484375,2737551.25,1112684.125,62712.8046875,484537.59375,21042.5859375,824076.5625,693.1542358398438,423596.34375,441002.09375,235608.390625,925118.1875,69448.5625,77168.7578125,17181.87890625,4144.46630859375,273976.28125,14867.873046875,141997.734375,31159.06640625,401627.96875,1097658.25,58445.76953125,7247.56884765625,122041.4140625,13542.9716796875,600464.3125,5025,33.890113830566406,35.743595123291016,0,0,0,0,0,0,0,0,0,0,0,1,0,0,0,0,0,0,0,False,UNKNOWN,0,0,0,0,194590315,24484,0,37.27256774902344,13,,,"{'Type': 'start', 'Data_Type': 'Synthetical', 'Protocol_name': 'ABGv5-0ppb-6RH-75ccm-Anthony-Q425', 'Trial_Details': {'RH': 0, 'group': 35, 'detail': 'N/A', 'trialnum': 16, 'TrialName': '6rh', 'identifier': 'ckUf6', 'Concentration': 0}, 'Experiment_Rig': 'DA3'}",,2026-01-18 23:48:18.463,"{'cid': 'c04d07ee-94c6-44df-ad3c-f46614593299', 'uuid': 'c7aee882-f5a7-43f1-bd32-45d89285d4a7', 'annotationId': 'bed29bbe-8d3a-4751-96da-ec41fc138f11', 'name': 'AmbientSamplingRFC', 'description': 'AmbientSamplingRFC', 'labels': 'AmbientSamplingRFC', 'metadata': {'Length': 30, 'Progress': 0, 'startTime': 1768780097534, 'Notification': 'Event AmbientSamplingRFC Started.'}, 'createdAt': '2026-01-18T23:48:17.774Z', 'createdBy': '5c7b5d9f-c171-4004-a182-4277ffd4c9eb'}",29.83,20.02,1600.0,1597.86,21470060.0,1100.0,1100.0,24020116.0,0.0,563106.66,14.11,32.6,1009.97,1400.0,1396.67,22450138.0,0.0,0.0,22040109.0,2900.0,2897.37,22340093.0
0000000027-4125-asu-nz,0000000018-3024-oms-nz,AmbientSamplingRFC,bed29bbe-8d3a-4751-96da-ec41fc138f11,8431e6bd-5d3e-4c11-b2cc-504dddc0c609,1262.49169921875,480788.03125,198274.1875,8102.21240234375,7116.7939453125,25911.447265625,182976.59375,176142.9375,233076.734375,68909.3203125,124091.328125,18608.154296875,273118.375,5745.4814453125,18985.896484375,36899.75390625,255062.21875,51879.0859375,187533.296875,19433.904296875,6892.84619140625,13165.81640625,25879.755859375,45505.7265625,2881111.5,365878.09375,1391487.875,3513603.5,11203845,5533.69775390625,67704.2578125,137976144,59657632,20910.0,85926.03125,202345.1875,672342.625,4299.92236328125,2736091.25,1110684.5,62705.61328125,484419.34375,21041.810546875,823531.9375,692.6956787109375,423324.21875,440699.4375,235587.625,925560.5625,69448.2421875,77148.46875,17180.93359375,4143.15576171875,274329.9375,14875.216796875,140795.296875,31159.88671875,401707.1875,1098263.375,58444.58984375,7247.669921875,122029.9140625,13532.7783203125,600976.625,5326,33.970699310302734,35.582420349121094,0,0,0,0,0,0,0,0,0,0,0,1,0,0,0,0,0,0,0,False,UNKNOWN,0,0,0,0,194590315,24484,0,37.27256774902344,13,,,"{'Type': 'start', 'Data_Type': 'Synthetical', 'Protocol_name': 'ABGv5-0ppb-6RH-75ccm-Anthony-Q425', 'Trial_Details': {'RH': 0, 'group': 35, 'detail': 'N/A', 'trialnum': 16, 'TrialName': '6rh', 'identifier': 'ckUf6', 'Concentration': 0}, 'Experiment_Rig': 'DA3'}",,2026-01-18 23:48:18.757,"{'cid': 'c04d07ee-94c6-44df-ad3c-f46614593299', 'uuid': 'c7aee882-f5a7-43f1-bd32-45d89285d4a7', 'annotationId': 'bed29bbe-8d3a-4751-96da-ec41fc138f11', 'name': 'AmbientSamplingRFC', 'description': 'AmbientSamplingRFC', 'labels': 'AmbientSamplingRFC', 'metadata': {'Length': 30, 'Progress': 0, 'startTime': 1768780097534, 'Notification': 'Event AmbientSamplingRFC Started.'}, 'createdAt': '2026-01-18T23:48:17.774Z', 'createdBy': '5c7b5d9f-c171-4004-a182-4277ffd4c9eb'}",29.82,20.01,1600.0,1598.26,21470060.0,1100.0,1100.07,24020116.0,0.0,563224.79,14.11,32.6,1009.97,1400.0,1398.26,22450138.0,0.0,0.02,22040109.0,2900.0,2898.28,22340093.0
0000000027-4125-asu-nz,0000000018-3024-oms-nz,AmbientSamplingRFC,bed29bbe-8d3a-4751-96da-ec41fc138f11,8431e6bd-5d3e-4c11-b2cc-504dddc0c609,1262.5343017578125,480467.9375,198245.328125,8102.20458984375,7117.04736328125,25910.037109375,182861.828125,176118.140625,233400.203125,69043.1015625,124097.09375,18609.744140625,272613.0625,5752.80126953125,18984.48046875,36899.3828125,255083.9375,51888.52734375,188348.453125,19441.99609375,6892.82373046875,13155.37109375,25883.400390625,45516.8828125,2879276.25,366730.5625,1387739.875,3511733.5,11188129,5534.27587890625,67529.484375,136699744,59827932,20913.4765625,85912.6328125,202337.625,672558.3125,4300.35107421875,2740066.0,1112147.875,62686.57421875,484236.96875,21039.8125,822962.25,692.5596923828125,423235.09375,440142.3125,235524.71875,925800.125,69433.453125,77154.46875,17182.48828125,4140.24072265625,274200.34375,14880.3935546875,140926.78125,31163.10546875,401781.8125,1098675.5,58452.8984375,7247.77099609375,122156.2734375,13535.251953125,602094.0625,5627,33.890113830566406,35.66300582885742,0,0,0,0,0,0,0,0,0,0,0,1,0,0,0,0,0,0,0,False,UNKNOWN,0,0,0,0,194595347,24484,0,37.898136138916016,13,,,"{'Type': 'start', 'Data_Type': 'Synthetical', 'Protocol_name': 'ABGv5-0ppb-6RH-75ccm-Anthony-Q425', 'Trial_Details': {'RH': 0, 'group': 35, 'detail': 'N/A', 'trialnum': 16, 'TrialName': '6rh', 'identifier': 'ckUf6', 'Concentration': 0}, 'Experiment_Rig': 'DA3'}",,2026-01-18 23:48:19.058,"{'cid': 'c04d07ee-94c6-44df-ad3c-f46614593299', 'uuid': 'c7aee882-f5a7-43f1-bd32-45d89285d4a7', 'annotationId': 'bed29bbe-8d3a-4751-96da-ec41fc138f11', 'name': 'AmbientSamplingRFC', 'description': 'AmbientSamplingRFC', 'labels': 'AmbientSamplingRFC', 'metadata': {'Length': 30, 'Progress': 0, 'startTime': 1768780097534, 'Notification': 'Event AmbientSamplingRFC Started.'}, 'createdAt': '2026-01-18T23:48:17.774Z', 'createdBy': '5c7b5d9f-c171-4004-a182-4277ffd4c9eb'}",29.81,20.01,1600.0,1598.67,21470060.0,1100.0,1100.15,24020116.0,0.0,563345.73,14.1,32.59,1009.98,1400.0,1399.88,22450138.0,0.0,0.05,22040109.0,2900.0,2899.21,22340093.0
0000000027-4125-asu-nz,0000000018-3024-oms-nz,AmbientSamplingRFC,bed29bbe-8d3a-4751-96da-ec41fc138f11,8431e6bd-5d3e-4c11-b2cc-504dddc0c609,1262.64306640625,480567.21875,198213.875,8102.23876953125,7116.42626953125,25907.955078125,182882.984375,176109.40625,233418.03125,68905.4453125,124073.21875,18607.671875,272751.15625,5764.27685546875,18987.08203125,36912.91796875,255127.125,51884.13671875,188633.84375,19440.17578125,6893.03759765625,13159.7470703125,25885.984375,45513.77734375,2877372.75,366176.65625,1387090.125,3509507.75,11176326,5534.28125,67872.2734375,135587824,60145024,20909.71875,85903.109375,202352.625,672704.4375,4301.1240234375,2738477.5,1111963.875,62681.48828125,484021.71875,21042.130859375,821363.8125,692.9672241210938,423255.25,440109.71875,235486.890625,924987.0625,69452.1875,77141.8203125,17179.01953125,4144.5498046875,274136.84375,14862.9287109375,141586.25,31165.876953125,401817.71875,1099135.375,58439.515625,7247.88623046875,122136.625,13543.1015625,600922.375,5928,33.890113830566406,35.66300582885742,0,0,0,0,0,0,0,0,0,0,0,1,0,0,0,0,0,0,0,False,UNKNOWN,0,0,0,0,194595347,24484,0,37.898136138916016,13,,,"{'Type': 'start', 'Data_Type': 'Synthetical', 'Protocol_name': 'ABGv5-0ppb-6RH-75ccm-Anthony-Q425', 'Trial_Details': {'RH': 0, 'group': 35, 'detail': 'N/A', 'trialnum': 16, 'TrialName': '6rh', 'identifier': 'ckUf6', 'Concentration': 0}, 'Experiment_Rig': 'DA3'}",,2026-01-18 23:48:19.359,"{'cid': 'c04d07ee-94c6-44df-ad3c-f46614593299', 'uuid': 'c7aee882-f5a7-43f1-bd32-45d89285d4a7', 'annotationId': 'bed29bbe-8d3a-4751-96da-ec41fc138f11', 'name': 'AmbientSamplingRFC', 'description': 'AmbientSamplingRFC', 'labels': 'AmbientSamplingRFC', 'metadata': {'Length': 30, 'Progress': 0, 'startTime': 1768780097534, 'Notification': 'Event AmbientSamplingRFC Started.'}, 'createdAt': '2026-01-18T23:48:17.774Z', 'createdBy': '5c7b5d9f-c171-4004-a182-4277ffd4c9eb'}",29.81,20.0,1600.0,1599.07,21470060.0,1100.0,1100.22,24020116.0,0.0,563466.67,14.1,32.59,1009.98,1400.0,1401.51,22450138.0,0.0,0.08,22040109.0,2900.0,2900.14,22340093.0
0000000027-4125-asu-nz,0000000018-3024-oms-nz,AmbientSamplingRFC,bed29bbe-8d3a-4751-96da-ec41fc138f11,8431e6bd-5d3e-4c11-b2cc-504dddc0c609,1263.500244140625,480337.625,198199.265625,8102.06689453125,7116.85400390625,25910.2109375,182882.34375,176107.734375,233306.140625,68937.40625,124097.7890625,18608.869140625,272418.03125,5750.89013671875,18988.591796875,36908.23046875,255297.90625,51877.3203125,188245.40625,19435.20703125,6893.00048828125,13171.298828125,25885.84375,45522.8671875,2877273.5,364271.59375,1386568.25,3508992.5,11167632,5533.35009765625,66246.796875,134853552,60567364,20911.48046875,85876.71875,202368.5,672833.875,4299.11328125,2741625.5,1114475.875,62680.25,483987.1875,21041.208984375,820660.875,693.5643920898438,422677.125,440119.21875,235481.21875,924344.875,69435.015625,77126.421875,17178.28125,4143.32275390625,274199.53125,14864.6103515625,141141.734375,31158.380859375,401704.34375,1099392.75,58432.48828125,7247.09326171875,122036.2421875,13543.3544921875,602009.9375,6229,33.80952835083008,35.66300582885742,0,0,0,0,0,0,0,0,0,0,0,1,0,0,0,0,0,0,0,False,UNKNOWN,0,0,0,0,194595347,24484,0,37.898136138916016,13,,,"{'Type': 'start', 'Data_Type': 'Synthetical', 'Protocol_name': 'ABGv5-0ppb-6RH-75ccm-Anthony-Q425', 'Trial_Details': {'RH': 0, 'group': 35, 'detail': 'N/A', 'trialnum': 16, 'TrialName': '6rh', 'identifier': 'ckUf6', 'Concentration': 0}, 'Experiment_Rig': 'DA3'}",,2026-01-18 23:48:19.661,"{'cid': 'c04d07ee-94c6-44df-ad3c-f46614593299', 'uuid': 'c7aee882-f5a7-43f1-bd32-45d89285d4a7', 'annotationId': 'bed29bbe-8d3a-4751-96da-ec41fc138f11', 'name': 'AmbientSamplingRFC', 'description': 'AmbientSamplingRFC', 'labels': 'AmbientSamplingRFC', 'metadata': {'Length': 30, 'Progress': 0, 'startTime': 1768780097534, 'Notification': 'Event AmbientSamplingRFC Started.'}, 'createdAt': '2026-01-18T23:48:17.774Z', 'createdBy': '5c7b5d9f-c171-4004-a182-4277ffd4c9eb'}",29.81,20.01,1600.0,1599.23,21470060.0,1100.0,1100.14,24020116.0,0.0,563414.92,14.1,32.59,1009.97,1400.0,1401.19,22450138.0,0.0,0.08,22040109.0,2900.0,2900.86,22340093.0
0000000027-4125-asu-nz,0000000018-3024-oms-nz,AmbientSamplingRFC,bed29bbe-8d3a-4751-96da-ec41fc138f11,8431e6bd-5d3e-4c11-b2cc-504dddc0c609,1262.137451171875,480914.6875,198239.546875,8102.45556640625,7117.16650390625,25909.39453125,182865.265625,176084.0625,233304.421875,68943.3828125,124104.4140625,18610.69140625,272030.78125,5766.80322265625,18988.03515625,36905.53125,255367.515625,51873.71875,188743.8125,19433.431640625,6892.673828125,13188.06640625,25886.59765625,45514.24609375,2879938.25,364490.09375,1387241.875,3511167.75,11169876,5533.953125,67223.4140625,134809760,61055784,20911.119140625,85900.0234375,202372.90625,672892.5625,4299.7607421875,2744870.0,1115134.375,62683.00390625,484257.40625,21039.85546875,820491.1875,692.8743286132812,422858.5625,440427.5,235471.671875,923060.875,69399.8046875,77108.1328125,17181.865234375,4137.740234375,274236.3125,14865.7421875,141043.234375,31155.873046875,401539.90625,1098768.125,58439.73046875,7247.05322265625,121943.1796875,13534.0595703125,601044.4375,6530,33.970699310302734,35.582420349121094,0,0,0,0,0,0,0,0,0,0,0,1,0,0,0,0,0,0,0,False,UNKNOWN,0,0,0,0,194595347,24484,0,37.898136138916016,13,,,"{'Type': 'start', 'Data_Type': 'Synthetical', 'Protocol_name': 'ABGv5-0ppb-6RH-75ccm-Anthony-Q425', 'Trial_Details': {'RH': 0, 'group': 35, 'detail': 'N/A', 'trialnum': 16, 'TrialName': '6rh', 'identifier': 'ckUf6', 'Concentration': 0}, 'Experiment_Rig': 'DA3'}",,2026-01-18 23:48:19.962,"{'cid': 'c04d07ee-94c6-44df-ad3c-f46614593299', 'uuid': 'c7aee882-f5a7-43f1-bd32-45d89285d4a7', 'annotationId': 'bed29bbe-8d3a-4751-96da-ec41fc138f11', 'name': 'AmbientSamplingRFC', 'description': 'AmbientSamplingRFC', 'labels': 'AmbientSamplingRFC', 'metadata': {'Length': 30, 'Progress': 0, 'startTime': 1768780097534, 'Notification': 'Event AmbientSamplingRFC Started.'}, 'createdAt': '2026-01-18T23:48:17.774Z', 'createdBy': '5c7b5d9f-c171-4004-a182-4277ffd4c9eb'}",29.81,20.01,1600.0,1599.28,21470060.0,1100.0,1100.0,24020116.0,0.0,562571.08,14.1,32.59,1009.93,1400.0,1399.83,22450138.0,0.0,0.06,22040109.0,2900.0,2901.46,22340093.0
0000000027-4125-asu-nz,0000000018-3024-oms-nz,AmbientSamplingRFC,bed29bbe-8d3a-4751-96da-ec41fc138f11,8431e6bd-5d3e-4c11-b2cc-504dddc0c609,1262.439453125,481085.8125,198239.453125,8102.16845703125,7116.72607421875,25909.41796875,182821.484375,176083.96875,233206.265625,68906.671875,124136.015625,18608.720703125,272817.59375,5746.03662109375,18989.900390625,36917.0859375,255018.46875,51883.89453125,189730.203125,19431.240234375,6893.1318359375,13189.169921875,25885.525390625,45519.65625,2883552.0,364046.59375,1392602.25,3514235.0,11183237,5533.798828125,66794.21875,135724208,61504172,20910.080078125,85885.1328125,202378.109375,672974.4375,4300.12060546875,2746620.75,1115493.5,62687.55078125,484418.5,21040.44140625,819950.75,693.2122192382812,422844.9375,440123.375,235474.15625,921620.5625,69426.390625,77095.78125,17181.71875,4140.7880859375,274427.96875,14851.0458984375,141794.203125,31152.236328125,401551.375,1098334.25,58431.08203125,7247.12646484375,122048.6875,13547.216796875,601309.8125,6831,33.890113830566406,35.66300582885742,0,0,0,0,0,0,0,0,0,0,0,1,0,0,0,0,0,0,0,False,UNKNOWN,0,0,0,0,194595347,24484,0,37.898136138916016,13,,,"{'Type': 'start', 'Data_Type': 'Synthetical', 'Protocol_name': 'ABGv5-0ppb-6RH-75ccm-Anthony-Q425', 'Trial_Details': {'RH': 0, 'group': 35, 'detail': 'N/A', 'trialnum': 16, 'TrialName': '6rh', 'identifier': 'ckUf6', 'Concentration': 0}, 'Experiment_Rig': 'DA3'}",,2026-01-18 23:48:20.264,"{'cid': 'c04d07ee-94c6-44df-ad3c-f46614593299', 'uuid': 'c7aee882-f5a7-43f1-bd32-45d89285d4a7', 'annotationId': 'bed29bbe-8d3a-4751-96da-ec41fc138f11', 'name': 'AmbientSamplingRFC', 'description': 'AmbientSamplingRFC', 'labels': 'AmbientSamplingRFC', 'metadata': {'Length': 30, 'Progress': 0, 'startTime': 1768780097534, 'Notification': 'Event AmbientSamplingRFC Started.'}, 'createdAt': '2026-01-18T23:48:17.774Z', 'createdBy': '5c7b5d9f-c171-4004-a182-4277ffd4c9eb'}",29.81,20.02,1600.0,1599.33,21470060.0,1100.0,1099.86,24020116.0,0.0,561724.43,14.1,32.6,1009.88,1400.0,1398.47,22450138.0,0.0,0.05,22040109.0,2900.0,2902.06,22340093.0
0000000027-4125-asu-nz,0000000018-3024-oms-nz,AmbientSamplingRFC,bed29bbe-8d3a-4751-96da-ec41fc138f11,8431e6bd-5d3e-4c11-b2cc-504dddc0c609,1262.717529296875,481315.1875,198293.390625,8102.15234375,7116.66748046875,25910.671875,182832.28125,176132.46875,233421.109375,68931.96875,124149.8125,18610.90625,272952.9375,5750.4296875,18986.537109375,36926.8984375,255132.453125,51898.60546875,190381.921875,19433.947265625,6893.1455078125,13180.255859375,25887.04296875,45521.5234375,2886422.0,365374.125,1397049.0,3516652.25,11193699,5533.279296875,66869.3515625,136618144,61838140,20907.232421875,85896.1328125,202373.765625,672863.25,4299.291015625,2751360.5,1115828.75,62688.31640625,484377.65625,21040.529296875,820354.9375,694.0925903320312,422825.65625,439921.5625,235469.109375,920829.125,69460.0234375,77106.8125,17176.462890625,4147.63525390625,273316.25,14855.5048828125,141104.953125,31148.078125,401343.15625,1097221.375,58417.30078125,7247.1416015625,122041.234375,13536.4462890625,600639.5625,7132,33.80952835083008,35.824180603027344,0,0,0,0,0,0,0,0,0,0,0,1,0,0,0,0,0,0,0,False,UNKNOWN,0,0,0,0,194595347,24484,0,37.898136138916016,13,,,"{'Type': 'start', 'Data_Type': 'Synthetical', 'Protocol_name': 'ABGv5-0ppb-6RH-75ccm-Anthony-Q425', 'Trial_Details': {'RH': 0, 'group': 35, 'detail': 'N/A', 'trialnum': 16, 'TrialName': '6rh', 'identifier': 'ckUf6', 'Concentration': 0}, 'Experiment_Rig': 'DA3'}",,2026-01-18 23:48:20.562,"{'cid': 'c04d07ee-94c6-44df-ad3c-f46614593299', 'uuid': 'c7aee882-f5a7-43f1-bd32-45d89285d4a7', 'annotationId': 'bed29bbe-8d3a-4751-96da-ec41fc138f11', 'name': 'AmbientSamplingRFC', 'description': 'AmbientSamplingRFC', 'labels': 'AmbientSamplingRFC', 'metadata': {'Length': 30, 'Progress': 0, 'startTime': 1768780097534, 'Notification': 'Event AmbientSamplingRFC Started.'}, 'createdAt': '2026-01-18T23:48:17.774Z', 'createdBy': '5c7b5d9f-c171-4004-a182-4277ffd4c9eb'}",29.81,20.01,1600.0,1599.37,21470060.0,1100.0,1099.79,24020116.0,0.0,560889.0,14.1,32.6,1009.84,1400.0,1397.62,22450138.0,0.0,0.04,22040109.0,2900.0,2902.28,22340093.0
0000000027-4125-asu-nz,0000000018-3024-oms-nz,AmbientSamplingRFC,bed29bbe-8d3a-4751-96da-ec41fc138f11,8431e6bd-5d3e-4c11-b2cc-504dddc0c609,1262.7864990234375,481631.3125,198356.46875,8102.9931640625,7116.544921875,25914.71875,182867.84375,176207.53125,233017.375,68914.421875,124163.140625,18611.041015625,273372.46875,5748.7197265625,18986.142578125,36932.67578125,254854.34375,51878.5703125,188987.265625,19435.24609375,6893.068359375,13173.525390625,25887.05078125,45510.65625,2887100.5,365969.40625,1396760.375,3517020.25,11231040,5533.69482421875,67242.3359375,140067104,62049976,20910.158203125,85847.125,202397.890625,672622.75,4300.0546875,2756737.75,1115994.75,62686.8125,484312.96875,21041.123046875,820364.5,693.1489868164062,423015.65625,440182.53125,235443.6875,920099.0625,69439.5546875,77098.84375,17178.564453125,4146.787109375,273887.6875,14859.9755859375,141939.515625,31142.76171875,401300.0625,1096051.375,58409.93359375,7246.91259765625,121823.5234375,13535.3681640625,600866.9375,7435,33.890113830566406,35.743595123291016,0,0,0,0,0,0,0,0,0,0,0,1,0,0,0,0,0,0,0,False,UNKNOWN,0,0,0,0,194595347,24484,0,37.898136138916016,13,,,"{'Type': 'start', 'Data_Type': 'Synthetical', 'Protocol_name': 'ABGv5-0ppb-6RH-75ccm-Anthony-Q425', 'Trial_Details': {'RH': 0, 'group': 35, 'detail': 'N/A', 'trialnum': 16, 'TrialName': '6rh', 'identifier': 'ckUf6', 'Concentration': 0}, 'Experiment_Rig': 'DA3'}",,2026-01-18 23:48:20.867,"{'cid': 'c04d07ee-94c6-44df-ad3c-f46614593299', 'uuid': 'c7aee882-f5a7-43f1-bd32-45d89285d4a7', 'annotationId': 'bed29bbe-8d3a-4751-96da-ec41fc138f11', 'name': 'AmbientSamplingRFC', 'description': 'AmbientSamplingRFC', 'labels': 'AmbientSamplingRFC', 'metadata': {'Length': 30, 'Progress': 0, 'startTime': 1768780097534, 'Notification': 'Event AmbientSamplingRFC Started.'}, 'createdAt': '2026-01-18T23:48:17.774Z', 'createdBy': '5c7b5d9f-c171-4004-a182-4277ffd4c9eb'}",29.81,20.01,1600.0,1599.39,21470060.0,1100.0,1099.89,24020116.0,0.0,560370.08,14.1,32.6,1009.8,1400.0,1397.99,22450138.0,0.0,0.04,22040109.0,2900.0,2901.55,22340093.0
0000000027-4125-asu-nz,0000000018-3024-oms-nz,AmbientSamplingRFC,bed29bbe-8d3a-4751-96da-ec41fc138f11,8431e6bd-5d3e-4c11-b2cc-504dddc0c609,1264.0980224609375,482245.15625,198375.03125,8102.59765625,7116.52685546875,25916.0703125,182851.125,176203.40625,233109.875,69001.1484375,124156.1171875,18609.916015625,273445.125,5753.36279296875,18987.078125,36928.01171875,254420.609375,51860.58203125,188764.125,19437.30859375,6893.24267578125,13168.3994140625,25884.419921875,45514.3828125,2890736.5,361795.78125,1397148.75,3518794.0,11245825,5533.640625,67187.90625,141475872,62081620,20908.583984375,85873.625,202380.484375,672253.25,4299.12841796875,2756511.75,1115652.125,62692.01171875,484469.3125,21040.46875,819529.5625,693.2924194335938,423179.0,440570.53125,235506.015625,919681.5,69448.7890625,77106.296875,17179.630859375,4144.93017578125,274372.46875,14865.541015625,141755.515625,31141.87109375,401343.1875,1095850.5,58414.66796875,7246.55029296875,121696.046875,13534.396484375,601534.75,7734,33.890113830566406,35.42124938964844,0,0,0,0,0,0,0,0,0,0,0,1,0,0,0,0,0,0,0,False,UNKNOWN,0,0,0,0,194595347,24484,0,37.898136138916016,13,,,"{'Type': 'start', 'Data_Type': 'Synthetical', 'Protocol_name': 'ABGv5-0ppb-6RH-75ccm-Anthony-Q425', 'Trial_Details': {'RH': 0, 'group': 35, 'detail': 'N/A', 'trialnum': 16, 'TrialName': '6rh', 'identifier': 'ckUf6', 'Concentration': 0}, 'Experiment_Rig': 'DA3'}",,2026-01-18 23:48:21.167,"{'cid': 'c04d07ee-94c6-44df-ad3c-f46614593299', 'uuid': 'c7aee882-f5a7-43f1-bd32-45d89285d4a7', 'annotationId': 'bed29bbe-8d3a-4751-96da-ec41fc138f11', 'name': 'AmbientSamplingRFC', 'description': 'AmbientSamplingRFC', 'labels': 'AmbientSamplingRFC', 'metadata': {'Length': 30, 'Progress': 0, 'startTime': 1768780097534, 'Notification': 'Event AmbientSamplingRFC Started.'}, 'createdAt': '2026-01-18T23:48:17.774Z', 'createdBy': '5c7b5d9f-c171-4004-a182-4277ffd4c9eb'}",29.81,20.0,1600.0,1599.42,21470060.0,1100.0,1099.98,24020116.0,0.0,560489.44,14.1,32.6,1009.79,1400.0,1398.34,22450138.0,0.0,0.03,22040109.0,2900.0,2900.84,22340093.0
0000000027-4125-asu-nz,0000000018-3024-oms-nz,AmbientSamplingRFC,bed29bbe-8d3a-4751-96da-ec41fc138f11,8431e6bd-5d3e-4c11-b2cc-504dddc0c609,1262.5743408203125,481914.28125,198410.890625,8102.3837890625,7117.35302734375,25916.8828125,182856.0,176227.203125,233349.03125,68898.3203125,124155.296875,18610.75,273631.1875,5740.99072265625,18985.705078125,36928.96875,254704.359375,51864.28515625,188608.59375,19445.21875,6893.09619140625,13170.509765625,25880.798828125,45518.2578125,2895074.5,359487.9375,1398574.625,3521033.0,11265169,5534.12744140625,66833.640625,143216928,61929764,20904.955078125,85848.1015625,202335.53125,672039.625,4299.5478515625,2755476.75,1116525.375,62701.35546875,484628.25,21038.853515625,820662.6875,692.749267578125,423144.8125,440909.625,235538.4375,919538.5625,69443.4921875,77147.9921875,17168.9453125,4144.546875,274495.46875,14860.5048828125,141730.6875,31137.380859375,401239.4375,1094764.75,58415.1640625,7246.7490234375,121773.4609375,13529.693359375,599890.875,8035,34.05128479003906,35.743595123291016,0,0,0,0,0,0,0,0,0,0,0,1,0,0,0,0,0,0,0,False,UNKNOWN,0,0,0,0,194595347,24484,0,37.898136138916016,13,,,"{'Type': 'start', 'Data_Type': 'Synthetical', 'Protocol_name': 'ABGv5-0ppb-6RH-75ccm-Anthony-Q425', 'Trial_Details': {'RH': 0, 'group': 35, 'detail': 'N/A', 'trialnum': 16, 'TrialName': '6rh', 'identifier': 'ckUf6', 'Concentration': 0}, 'Experiment_Rig': 'DA3'}",,2026-01-18 23:48:21.467,"{'cid': 'c04d07ee-94c6-44df-ad3c-f46614593299', 'uuid': 'c7aee882-f5a7-43f1-bd32-45d89285d4a7', 'annotationId': 'bed29bbe-8d3a-4751-96da-ec41fc138f11', 'name': 'AmbientSamplingRFC', 'description': 'AmbientSamplingRFC', 'labels': 'AmbientSamplingRFC', 'metadata': {'Length': 30, 'Progress': 0, 'startTime': 1768780097534, 'Notification': 'Event AmbientSamplingRFC Started.'}, 'createdAt': '2026-01-18T23:48:17.774Z', 'createdBy': '5c7b5d9f-c171-4004-a182-4277ffd4c9eb'}",29.81,20.0,1600.0,1599.44,21470060.0,1100.0,1100.08,24020116.0,0.0,560608.79,14.09,32.6,1009.77,1400.0,1398.7,22450138.0,0.0,0.03,22040109.0,2900.0,2900.12,22340093.0
0000000027-4125-asu-nz,0000000018-3024-oms-nz,AmbientSamplingRFC,bed29bbe-8d3a-4751-96da-ec41fc138f11,8431e6bd-5d3e-4c11-b2cc-504dddc0c609,1263.926025390625,481910.5,198407.3125,8102.6689453125,7117.1337890625,25916.78125,182854.21875,176234.703125,233597.828125,68925.3515625,124148.8125,18609.869140625,274250.5625,5753.7578125,18985.5,36929.6953125,254869.21875,51869.08984375,188905.703125,19440.6484375,6893.14404296875,13172.408203125,25879.205078125,45511.85546875,2899192.0,357809.125,1399356.75,3521726.5,11274238,5534.0302734375,67617.2421875,144099456,61605824,20903.87109375,85827.890625,202340.125,671875.6875,4300.36328125,2750781.5,1116442.625,62711.80078125,485018.0,21045.083984375,821525.25,692.4161376953125,423071.28125,440746.3125,235596.6875,920191.625,69458.828125,77136.2265625,17179.755859375,4142.65869140625,274441.78125,14854.1796875,141744.546875,31138.826171875,401278.21875,1094857.75,58415.5390625,7246.77490234375,121829.1015625,13542.0712890625,599913.6875,8336,33.80952835083008,35.582420349121094,0,0,0,0,0,0,0,0,0,0,0,1,0,0,0,0,0,0,0,False,UNKNOWN,0,0,0,0,194595347,24484,0,37.898136138916016,13,,,"{'Type': 'start', 'Data_Type': 'Synthetical', 'Protocol_name': 'ABGv5-0ppb-6RH-75ccm-Anthony-Q425', 'Trial_Details': {'RH': 0, 'group': 35, 'detail': 'N/A', 'trialnum': 16, 'TrialName': '6rh', 'identifier': 'ckUf6', 'Concentration': 0}, 'Experiment_Rig': 'DA3'}",,2026-01-18 23:48:21.767,"{'cid': 'c04d07ee-94c6-44df-ad3c-f46614593299', 'uuid': 'c7aee882-f5a7-43f1-bd32-45d89285d4a7', 'annotationId': 'bed29bbe-8d3a-4751-96da-ec41fc138f11', 'name': 'AmbientSamplingRFC', 'description': 'AmbientSamplingRFC', 'labels': 'AmbientSamplingRFC', 'metadata': {'Length': 30, 'Progress': 0, 'startTime': 1768780097534, 'Notification': 'Event AmbientSamplingRFC Started.'}, 'createdAt': '2026-01-18T23:48:17.774Z', 'createdBy': '5c7b5d9f-c171-4004-a182-4277ffd4c9eb'}",29.82,20.0,1600.0,1599.6,21470060.0,1100.0,1100.2,24020116.0,0.0,560728.15,14.09,32.6,1009.75,1400.0,1399.31,22450138.0,0.0,0.03,22040109.0,2900.0,2899.41,22340093.0
0000000027-4125-asu-nz,0000000018-3024-oms-nz,AmbientSamplingRFC,bed29bbe-8d3a-4751-96da-ec41fc138f11,8431e6bd-5d3e-4c11-b2cc-504dddc0c609,1262.407958984375,481167.6875,198400.359375,8102.30908203125,7116.873046875,25916.529296875,182797.84375,176219.078125,233058.046875,68983.9453125,124088.140625,18609.5546875,273943.25,5745.275390625,18982.5859375,36917.71484375,254436.28125,51859.05859375,188017.703125,19440.2265625,6892.95166015625,13181.9033203125,25873.94140625,45503.80859375,2893398.5,359429.40625,1400561.625,3519691.5,11285390,5533.93408203125,67396.6484375,145532272,61181280,20905.318359375,85850.2890625,202248.21875,671833.625,4299.28857421875,2750285.5,1117364.75,62718.02734375,485019.5,21046.30078125,822711.5625,693.1654663085938,422936.0625,439989.75,235592.96875,920911.4375,69449.75,77112.4296875,17176.115234375,4144.642578125,274301.5,14882.9208984375,140938.71875,31139.41796875,401134.4375,1094836.25,58424.69140625,7246.62841796875,122024.1796875,13537.333984375,600099.125,8639,33.890113830566406,35.66300582885742,0,0,0,0,0,0,0,0,0,0,0,1,0,0,0,0,0,0,0,False,UNKNOWN,0,0,0,0,194595347,24484,0,37.898136138916016,13,,,"{'Type': 'start', 'Data_Type': 'Synthetical', 'Protocol_name': 'ABGv5-0ppb-6RH-75ccm-Anthony-Q425', 'Trial_Details': {'RH': 0, 'group': 35, 'detail': 'N/A', 'trialnum': 16, 'TrialName': '6rh', 'identifier': 'ckUf6', 'Concentration': 0}, 'Experiment_Rig': 'DA3'}",,2026-01-18 23:48:22.070,"{'cid': 'c04d07ee-94c6-44df-ad3c-f46614593299', 'uuid': 'c7aee882-f5a7-43f1-bd32-45d89285d4a7', 'annotationId': 'bed29bbe-8d3a-4751-96da-ec41fc138f11', 'name': 'AmbientSamplingRFC', 'description': 'AmbientSamplingRFC', 'labels': 'AmbientSamplingRFC', 'metadata': {'Length': 30, 'Progress': 0, 'startTime': 1768780097534, 'Notification': 'Event AmbientSamplingRFC Started.'}, 'createdAt': '2026-01-18T23:48:17.774Z', 'createdBy': '5c7b5d9f-c171-4004-a182-4277ffd4c9eb'}",29.83,20.0,1600.0,1599.77,21470060.0,1100.0,1100.32,24020116.0,0.0,560608.54,14.09,32.6,1009.75,1400.0,1399.93,22450138.0,0.0,0.02,22040109.0,2900.0,2898.69,22340093.0
0000000027-4125-asu-nz,0000000018-3024-oms-nz,AmbientSamplingRFC,bed29bbe-8d3a-4751-96da-ec41fc138f11,8431e6bd-5d3e-4c11-b2cc-504dddc0c609,1262.013427734375,481335.4375,198395.15625,8102.32470703125,7116.97265625,25917.724609375,182854.671875,176209.484375,233640.8125,68888.1953125,124103.078125,18612.09765625,273340.28125,5748.1015625,18981.455078125,36921.5234375,254497.4375,51860.7421875,188427.140625,19438.8359375,6892.52099609375,13184.48046875,25873.279296875,45510.19921875,2891684.75,360942.5625,1399493.875,3518965.5,11284375,5533.14111328125,69154.90625,145469984,60707612,20907.990234375,85854.1484375,202281.421875,671825.375,4298.6240234375,2751486.0,1116126.625,62714.875,485267.15625,21041.0625,823868.0,692.5892944335938,423166.375,440017.65625,235590.65625,922215.625,69458.953125,77121.859375,17180.052734375,4145.0869140625,274223.1875,14867.24609375,140877.453125,31140.01953125,401132.6875,1095181.375,58430.3671875,7246.48291015625,122030.1171875,13536.208984375,599948.9375,8938,34.05128479003906,35.582420349121094,0,0,0,0,0,0,0,0,0,0,0,1,0,0,0,0,0,0,0,False,UNKNOWN,0,0,0,0,194595347,24484,0,37.898136138916016,13,,,"{'Type': 'start', 'Data_Type': 'Synthetical', 'Protocol_name': 'ABGv5-0ppb-6RH-75ccm-Anthony-Q425', 'Trial_Details': {'RH': 0, 'group': 35, 'detail': 'N/A', 'trialnum': 16, 'TrialName': '6rh', 'identifier': 'ckUf6', 'Concentration': 0}, 'Experiment_Rig': 'DA3'}",,2026-01-18 23:48:22.369,"{'cid': 'c04d07ee-94c6-44df-ad3c-f46614593299', 'uuid': 'c7aee882-f5a7-43f1-bd32-45d89285d4a7', 'annotationId': 'bed29bbe-8d3a-4751-96da-ec41fc138f11', 'name': 'AmbientSamplingRFC', 'description': 'AmbientSamplingRFC', 'labels': 'AmbientSamplingRFC', 'metadata': {'Length': 30, 'Progress': 0, 'startTime': 1768780097534, 'Notification': 'Event AmbientSamplingRFC Started.'}, 'createdAt': '2026-01-18T23:48:17.774Z', 'createdBy': '5c7b5d9f-c171-4004-a182-4277ffd4c9eb'}",29.83,20.0,1600.0,1599.94,21470060.0,1100.0,1100.44,24020116.0,0.0,560251.96,14.08,32.6,1009.76,1400.0,1400.55,22450138.0,0.0,0.02,22040109.0,2900.0,2897.98,22340093.0
0000000027-4125-asu-nz,0000000018-3024-oms-nz,AmbientSamplingRFC,bed29bbe-8d3a-4751-96da-ec41fc138f11,8431e6bd-5d3e-4c11-b2cc-504dddc0c609,1263.9407958984375,481405.0625,198365.609375,8102.220703125,7117.08740234375,25917.41015625,182980.3125,176159.390625,233159.59375,68871.1953125,124100.1875,18610.330078125,273621.78125,5747.11279296875,18981.5078125,36922.85546875,254729.359375,51881.44921875,188522.0,19431.095703125,6892.546875,13165.4501953125,25873.958984375,45503.3828125,2887719.75,362036.3125,1396349.875,3516747.75,11276749,5533.8505859375,69067.4375,144841408,60270716,20910.107421875,85838.625,202273.984375,671787.75,4298.56201171875,2750307.5,1114300.25,62712.8671875,485444.6875,21042.87109375,824336.5,692.5708618164062,423416.53125,440113.875,235574.9375,923533.3125,69460.8046875,77148.0390625,17179.75390625,4144.169921875,274583.28125,14832.2998046875,141215.84375,31143.8203125,401278.6875,1095755.875,58422.64453125,7246.70751953125,122097.9921875,13534.4794921875,600860.875,9239,33.890113830566406,35.582420349121094,0,0,0,0,0,0,0,0,0,0,0,1,0,0,0,0,0,0,0,False,UNKNOWN,0,0,0,0,194595347,24484,0,37.898136138916016,13,,,"{'Type': 'start', 'Data_Type': 'Synthetical', 'Protocol_name': 'ABGv5-0ppb-6RH-75ccm-Anthony-Q425', 'Trial_Details': {'RH': 0, 'group': 35, 'detail': 'N/A', 'trialnum': 16, 'TrialName': '6rh', 'identifier': 'ckUf6', 'Concentration': 0}, 'Experiment_Rig': 'DA3'}",,2026-01-18 23:48:22.670,"{'cid': 'c04d07ee-94c6-44df-ad3c-f46614593299', 'uuid': 'c7aee882-f5a7-43f1-bd32-45d89285d4a7', 'annotationId': 'bed29bbe-8d3a-4751-96da-ec41fc138f11', 'name': 'AmbientSamplingRFC', 'description': 'AmbientSamplingRFC', 'labels': 'AmbientSamplingRFC', 'metadata': {'Length': 30, 'Progress': 0, 'startTime': 1768780097534, 'Notification': 'Event AmbientSamplingRFC Started.'}, 'createdAt': '2026-01-18T23:48:17.774Z', 'createdBy': '5c7b5d9f-c171-4004-a182-4277ffd4c9eb'}",29.82,20.0,1600.0,1600.27,21470060.0,1100.0,1100.39,24020116.0,0.0,559892.99,14.08,32.59,1009.78,1400.0,1400.47,22450138.0,0.0,0.02,22040109.0,2900.0,2897.33,22340093.0
0000000027-4125-asu-nz,0000000018-3024-oms-nz,AmbientSamplingRFC,bed29bbe-8d3a-4751-96da-ec41fc138f11,8431e6bd-5d3e-4c11-b2cc-504dddc0c609,1262.97412109375,481181.75,198334.75,8102.92431640625,7116.810546875,25915.248046875,183015.140625,176152.140625,233355.953125,68770.921875,124065.6640625,18608.638671875,273837.09375,5762.3046875,18982.37109375,36928.0078125,254569.078125,51878.63671875,188512.34375,19443.9921875,6892.7802734375,13164.0126953125,25873.91796875,45508.828125,2883862.25,365323.5,1398561.875,3514746.75,11266191,5533.11181640625,67955.640625,143752912,59952540,20903.56640625,85859.3125,202346.875,671782.3125,4298.76220703125,2751355.25,1115623.375,62706.86328125,485086.40625,21046.935546875,823559.6875,693.1832275390625,423315.71875,440221.65625,235602.96875,924347.6875,69467.6015625,77148.484375,17180.326171875,4140.60107421875,274238.21875,14857.908203125,141949.5,31148.68359375,401406.5625,1096571.75,58433.4921875,7246.81787109375,122144.8984375,13531.4609375,599912.375,9540,33.890113830566406,35.501834869384766,0,0,0,0,0,0,0,0,0,0,0,1,0,0,0,0,0,0,0,False,UNKNOWN,0,0,0,0,194595347,24484,0,37.898136138916016,13,,,"{'Type': 'start', 'Data_Type': 'Synthetical', 'Protocol_name': 'ABGv5-0ppb-6RH-75ccm-Anthony-Q425', 'Trial_Details': {'RH': 0, 'group': 35, 'detail': 'N/A', 'trialnum': 16, 'TrialName': '6rh', 'identifier': 'ckUf6', 'Concentration': 0}, 'Experiment_Rig': 'DA3'}",,2026-01-18 23:48:22.971,"{'cid': 'c04d07ee-94c6-44df-ad3c-f46614593299', 'uuid': 'c7aee882-f5a7-43f1-bd32-45d89285d4a7', 'annotationId': 'bed29bbe-8d3a-4751-96da-ec41fc138f11', 'name': 'AmbientSamplingRFC', 'description': 'AmbientSamplingRFC', 'labels': 'AmbientSamplingRFC', 'metadata': {'Length': 30, 'Progress': 0, 'startTime': 1768780097534, 'Notification': 'Event AmbientSamplingRFC Started.'}, 'createdAt': '2026-01-18T23:48:17.774Z', 'createdBy': '5c7b5d9f-c171-4004-a182-4277ffd4c9eb'}",29.82,19.99,1600.0,1600.7,21470060.0,1100.0,1100.25,24020116.0,0.0,559534.03,14.07,32.59,1009.79,1400.0,1399.92,22450138.0,0.0,0.02,22040109.0,2900.0,2896.73,22340093.0
0000000027-4125-asu-nz,0000000018-3024-oms-nz,AmbientSamplingRFC,bed29bbe-8d3a-4751-96da-ec41fc138f11,8431e6bd-5d3e-4c11-b2cc-504dddc0c609,1263.307373046875,481895.40625,198287.375,8102.27294921875,7116.93896484375,25912.896484375,182876.046875,176115.40625,233105.328125,68782.6015625,124079.2890625,18609.53515625,272707.78125,5746.435546875,18981.638671875,36904.375,254409.046875,51884.26953125,188777.90625,19430.916015625,6893.02978515625,13167.546875,25873.693359375,45505.203125,2880600.75,366047.5,1401252.875,3512903.25,11248018,5532.443359375,66859.21875,142312016,59758256,20905.73828125,85859.8203125,202412.65625,672018.5,4300.365234375,2749968.75,1117253.5,62703.6875,484968.0,21043.81640625,823335.625,692.1564331054688,423163.125,440421.4375,235574.296875,925042.5,69494.4765625,77153.7421875,17183.72265625,4140.0166015625,272686.5625,14879.6943359375,141655.359375,31150.609375,401487.15625,1097197.375,58447.3984375,7247.15478515625,122284.5703125,13534.58984375,600785.625,9841,33.890113830566406,35.582420349121094,0,0,0,0,0,0,0,0,0,0,0,1,0,0,0,0,0,0,0,False,UNKNOWN,0,0,0,0,194595347,24484,0,37.898136138916016,13,,,"{'Type': 'start', 'Data_Type': 'Synthetical', 'Protocol_name': 'ABGv5-0ppb-6RH-75ccm-Anthony-Q425', 'Trial_Details': {'RH': 0, 'group': 35, 'detail': 'N/A', 'trialnum': 16, 'TrialName': '6rh', 'identifier': 'ckUf6', 'Concentration': 0}, 'Experiment_Rig': 'DA3'}",,2026-01-18 23:48:23.272,"{'cid': 'c04d07ee-94c6-44df-ad3c-f46614593299', 'uuid': 'c7aee882-f5a7-43f1-bd32-45d89285d4a7', 'annotationId': 'bed29bbe-8d3a-4751-96da-ec41fc138f11', 'name': 'AmbientSamplingRFC', 'description': 'AmbientSamplingRFC', 'labels': 'AmbientSamplingRFC', 'metadata': {'Length': 30, 'Progress': 0, 'startTime': 1768780097534, 'Notification': 'Event AmbientSamplingRFC Started.'}, 'createdAt': '2026-01-18T23:48:17.774Z', 'createdBy': '5c7b5d9f-c171-4004-a182-4277ffd4c9eb'}",29.81,19.99,1600.0,1601.13,21470060.0,1100.0,1100.1,24020116.0,0.0,559818.45,14.06,32.59,1009.79,1400.0,1399.37,22450138.0,0.0,0.03,22040109.0,2900.0,2896.14,22340093.0
0000000027-4125-asu-nz,0000000018-3024-oms-nz,AmbientSamplingRFC,bed29bbe-8d3a-4751-96da-ec41fc138f11,8431e6bd-5d3e-4c11-b2cc-504dddc0c609,1264.2806396484375,480983.21875,198251.0625,8102.806640625,7116.5712890625,25912.66015625,182877.421875,176100.109375,233148.34375,68864.8359375,124066.390625,18608.228515625,272768.5,5725.50341796875,18982.7265625,36910.6875,254535.625,51876.43359375,189303.84375,19433.83203125,6892.9697265625,13162.896484375,25874.2578125,45505.64453125,2878307.0,366390.625,1400669.75,3510968.0,11228790,5531.9736328125,66579.1484375,140630464,59735476,20906.974609375,85883.8125,202395.96875,672307.9375,4298.92041015625,2746597.5,1119152.125,62690.4375,484864.28125,21042.4296875,823209.8125,691.7662353515625,422932.625,440360.25,235555.9375,925359.1875,69488.6875,77162.6640625,17178.509765625,4135.025390625,272388.875,14862.103515625,141034.765625,31151.5546875,401532.84375,1098160.375,58442.359375,7246.90966796875,121913.359375,13533.953125,601433.625,10142,33.80952835083008,35.501834869384766,0,0,0,0,0,0,0,0,0,0,0,1,0,0,0,0,0,0,0,False,UNKNOWN,0,0,0,0,194595347,24484,0,37.898136138916016,13,,,"{'Type': 'start', 'Data_Type': 'Synthetical', 'Protocol_name': 'ABGv5-0ppb-6RH-75ccm-Anthony-Q425', 'Trial_Details': {'RH': 0, 'group': 35, 'detail': 'N/A', 'trialnum': 16, 'TrialName': '6rh', 'identifier': 'ckUf6', 'Concentration': 0}, 'Experiment_Rig': 'DA3'}",,2026-01-18 23:48:23.573,"{'cid': 'c04d07ee-94c6-44df-ad3c-f46614593299', 'uuid': 'c7aee882-f5a7-43f1-bd32-45d89285d4a7', 'annotationId': 'bed29bbe-8d3a-4751-96da-ec41fc138f11', 'name': 'AmbientSamplingRFC', 'description': 'AmbientSamplingRFC', 'labels': 'AmbientSamplingRFC', 'metadata': {'Length': 30, 'Progress': 0, 'startTime': 1768780097534, 'Notification': 'Event AmbientSamplingRFC Started.'}, 'createdAt': '2026-01-18T23:48:17.774Z', 'createdBy': '5c7b5d9f-c171-4004-a182-4277ffd4c9eb'}",29.81,19.99,1600.0,1601.26,21470060.0,1100.0,1100.06,24020116.0,0.0,560442.54,14.06,32.59,1009.79,1400.0,1399.01,22450138.0,0.0,0.03,22040109.0,2900.0,2895.97,22340093.0
0000000027-4125-asu-nz,0000000018-3024-oms-nz,AmbientSamplingRFC,bed29bbe-8d3a-4751-96da-ec41fc138f11,8431e6bd-5d3e-4c11-b2cc-504dddc0c609,1263.6322021484375,480707.40625,198226.71875,8102.62451171875,7116.93115234375,25909.87890625,182925.515625,176050.359375,232813.046875,68790.4609375,124063.4921875,18610.326171875,273691.40625,5752.4482421875,18980.0625,36911.40234375,254406.078125,51873.1015625,189435.25,19434.99609375,6893.05859375,13163.375,25875.85546875,45508.421875,2876498.5,367296.15625,1404172.0,3508882.25,11210546,5533.0009765625,67009.734375,139095472,59898496,20907.0,85863.25,202396.703125,672510.25,4299.896484375,2751837.0,1120316.0,62677.078125,484685.125,21043.623046875,822649.8125,692.373291015625,422679.90625,440319.25,235500.859375,925679.875,69478.7109375,77162.125,17177.521484375,4145.5498046875,272322.03125,14860.8671875,141187.625,31152.1015625,401520.4375,1098803.0,58437.90625,7246.73583984375,121830.390625,13532.109375,599933.6875,10443,33.890113830566406,35.582420349121094,0,0,0,0,0,0,0,0,0,0,0,1,0,0,0,0,0,0,0,False,UNKNOWN,0,0,0,0,194600362,24484,0,36.98836517333984,13,,,"{'Type': 'start', 'Data_Type': 'Synthetical', 'Protocol_name': 'ABGv5-0ppb-6RH-75ccm-Anthony-Q425', 'Trial_Details': {'RH': 0, 'group': 35, 'detail': 'N/A', 'trialnum': 16, 'TrialName': '6rh', 'identifier': 'ckUf6', 'Concentration': 0}, 'Experiment_Rig': 'DA3'}",,2026-01-18 23:48:23.874,"{'cid': 'c04d07ee-94c6-44df-ad3c-f46614593299', 'uuid': 'c7aee882-f5a7-43f1-bd32-45d89285d4a7', 'annotationId': 'bed29bbe-8d3a-4751-96da-ec41fc138f11', 'name': 'AmbientSamplingRFC', 'description': 'AmbientSamplingRFC', 'labels': 'AmbientSamplingRFC', 'metadata': {'Length': 30, 'Progress': 0, 'startTime': 1768780097534, 'Notification': 'Event AmbientSamplingRFC Started.'}, 'createdAt': '2026-01-18T23:48:17.774Z', 'createdBy': '5c7b5d9f-c171-4004-a182-4277ffd4c9eb'}",29.81,20.0,1600.0,1600.61,21470060.0,1100.0,1100.27,24020116.0,0.0,561066.62,14.05,32.6,1009.78,1400.0,1399.23,22450138.0,0.0,0.02,22040109.0,2900.0,2897.21,22340093.0
0000000027-4125-asu-nz,0000000018-3024-oms-nz,AmbientSamplingRFC,bed29bbe-8d3a-4751-96da-ec41fc138f11,8431e6bd-5d3e-4c11-b2cc-504dddc0c609,1263.088623046875,480300.65625,198230.03125,8102.1904296875,7116.4697265625,25910.30078125,182821.828125,176047.09375,233165.953125,68732.9375,124061.109375,18611.01953125,273794.3125,5758.50146484375,18982.84765625,36914.9921875,254631.234375,51887.9765625,190060.71875,19422.755859375,6892.701171875,13174.6591796875,25876.91015625,45509.5859375,2874601.0,365621.0,1401068.875,3507188.5,11195740,5532.90283203125,67794.21875,137769696,60204444,20910.7421875,85879.890625,202411.171875,672667.0,4299.85205078125,2753641.5,1121039.875,62670.79296875,484508.75,21040.484375,821469.4375,692.4553833007812,422900.1875,440429.125,235428.171875,924984.0625,69492.234375,77166.6015625,17177.720703125,4146.46142578125,273615.25,14846.9638671875,140633.59375,31149.361328125,401366.65625,1099188.5,58436.36328125,7246.9228515625,122157.7890625,13535.6376953125,601108.875,10744,33.80952835083008,35.582420349121094,0,0,0,0,0,0,0,0,0,0,0,1,0,0,0,0,0,0,0,False,UNKNOWN,0,0,0,0,194600362,24484,0,36.98836517333984,13,,,"{'Type': 'start', 'Data_Type': 'Synthetical', 'Protocol_name': 'ABGv5-0ppb-6RH-75ccm-Anthony-Q425', 'Trial_Details': {'RH': 0, 'group': 35, 'detail': 'N/A', 'trialnum': 16, 'TrialName': '6rh', 'identifier': 'ckUf6', 'Concentration': 0}, 'Experiment_Rig': 'DA3'}",,2026-01-18 23:48:24.175,"{'cid': 'c04d07ee-94c6-44df-ad3c-f46614593299', 'uuid': 'c7aee882-f5a7-43f1-bd32-45d89285d4a7', 'annotationId': 'bed29bbe-8d3a-4751-96da-ec41fc138f11', 'name': 'AmbientSamplingRFC', 'description': 'AmbientSamplingRFC', 'labels': 'AmbientSamplingRFC', 'metadata': {'Length': 30, 'Progress': 0, 'startTime': 1768780097534, 'Notification': 'Event AmbientSamplingRFC Started.'}, 'createdAt': '2026-01-18T23:48:17.774Z', 'createdBy': '5c7b5d9f-c171-4004-a182-4277ffd4c9eb'}",29.81,20.0,1600.0,1599.97,21470060.0,1100.0,1100.49,24020116.0,0.0,561690.71,14.04,32.6,1009.77,1400.0,1399.44,22450138.0,0.0,0.01,22040109.0,2900.0,2898.45,22340093.0
0000000027-4125-asu-nz,0000000018-3024-oms-nz,AmbientSamplingRFC,bed29bbe-8d3a-4751-96da-ec41fc138f11,8431e6bd-5d3e-4c11-b2cc-504dddc0c609,1262.9036865234375,481019.25,198224.359375,8102.4794921875,7116.482421875,25910.43359375,182769.6875,176030.890625,232979.625,68744.8515625,124058.9765625,18610.931640625,273511.3125,5750.0537109375,18980.32421875,36910.65234375,254484.3125,51893.640625,189727.125,19432.158203125,6893.0458984375,13197.681640625,25877.7109375,45514.08984375,2874343.75,366276.15625,1401925.75,3507081.0,11187719,5533.20947265625,67712.8671875,136975072,60627840,20900.4609375,85867.1875,202366.5625,672746.3125,4301.04296875,2761801.75,1121952.0,62665.46875,484068.5,21041.88671875,821133.4375,692.3524169921875,422838.3125,440663.71875,235436.4375,924264.375,69471.53125,77166.4765625,17182.15625,4141.138671875,274202.125,14844.5927734375,140608.046875,31147.525390625,401346.0625,1099185.0,58437.3515625,7246.53125,121928.8671875,13542.8369140625,601144.1875,11045,33.970699310302734,35.582420349121094,0,0,0,0,0,0,0,0,0,0,0,1,0,0,0,0,0,0,0,False,UNKNOWN,0,0,0,0,194600362,24484,0,36.98836517333984,13,,,"{'Type': 'start', 'Data_Type': 'Synthetical', 'Protocol_name': 'ABGv5-0ppb-6RH-75ccm-Anthony-Q425', 'Trial_Details': {'RH': 0, 'group': 35, 'detail': 'N/A', 'trialnum': 16, 'TrialName': '6rh', 'identifier': 'ckUf6', 'Concentration': 0}, 'Experiment_Rig': 'DA3'}",,2026-01-18 23:48:24.476,"{'cid': 'c04d07ee-94c6-44df-ad3c-f46614593299', 'uuid': 'c7aee882-f5a7-43f1-bd32-45d89285d4a7', 'annotationId': 'bed29bbe-8d3a-4751-96da-ec41fc138f11', 'name': 'AmbientSamplingRFC', 'description': 'AmbientSamplingRFC', 'labels': 'AmbientSamplingRFC', 'metadata': {'Length': 30, 'Progress': 0, 'startTime': 1768780097534, 'Notification': 'Event AmbientSamplingRFC Started.'}, 'createdAt': '2026-01-18T23:48:17.774Z', 'createdBy': '5c7b5d9f-c171-4004-a182-4277ffd4c9eb'}",29.81,20.0,1600.0,1599.32,21470060.0,1100.0,1100.7,24020116.0,0.0,561595.2,14.04,32.6,1009.77,1400.0,1399.66,22450138.0,0.0,0.0,22040109.0,2900.0,2899.7,22340093.0
0000000027-4125-asu-nz,0000000018-3024-oms-nz,AmbientSamplingRFC,bed29bbe-8d3a-4751-96da-ec41fc138f11,8431e6bd-5d3e-4c11-b2cc-504dddc0c609,1262.1243896484375,480494.96875,198237.21875,8102.84814453125,7116.23193359375,25909.560546875,182828.5,176031.546875,232794.640625,68798.34375,124063.765625,18610.654296875,274243.59375,5752.94970703125,18982.4609375,36908.61328125,254605.078125,51887.734375,189350.3125,19436.220703125,6893.18017578125,13189.201171875,25878.396484375,45521.0859375,2877744.5,365684.3125,1401110.25,3509183.75,11185622,5532.90771484375,67631.6484375,136748928,61112804,20906.62890625,85888.7109375,202353.3125,672763.25,4298.13037109375,2771700.5,1122016.5,62662.328125,484187.875,21041.080078125,820879.875,692.624755859375,422889.4375,440629.6875,235458.28125,923041.25,69438.65625,77140.203125,17174.7109375,4142.28564453125,274353.5625,14859.6455078125,141198.8125,31139.490234375,401252.1875,1099038.25,58425.75390625,7247.21923828125,121928.765625,13539.9375,600087.0625,11346,33.890113830566406,35.582420349121094,0,0,0,0,0,0,0,0,0,0,0,1,0,0,0,0,0,0,0,False,UNKNOWN,0,0,0,0,194600362,24484,0,36.98836517333984,13,,,"{'Type': 'start', 'Data_Type': 'Synthetical', 'Protocol_name': 'ABGv5-0ppb-6RH-75ccm-Anthony-Q425', 'Trial_Details': {'RH': 0, 'group': 35, 'detail': 'N/A', 'trialnum': 16, 'TrialName': '6rh', 'identifier': 'ckUf6', 'Concentration': 0}, 'Experiment_Rig': 'DA3'}",,2026-01-18 23:48:24.778,"{'cid': 'c04d07ee-94c6-44df-ad3c-f46614593299', 'uuid': 'c7aee882-f5a7-43f1-bd32-45d89285d4a7', 'annotationId': 'bed29bbe-8d3a-4751-96da-ec41fc138f11', 'name': 'AmbientSamplingRFC', 'description': 'AmbientSamplingRFC', 'labels': 'AmbientSamplingRFC', 'metadata': {'Length': 30, 'Progress': 0, 'startTime': 1768780097534, 'Notification': 'Event AmbientSamplingRFC Started.'}, 'createdAt': '2026-01-18T23:48:17.774Z', 'createdBy': '5c7b5d9f-c171-4004-a182-4277ffd4c9eb'}",29.81,20.01,1600.0,1599.66,21470060.0,1100.0,1100.43,24020116.0,0.0,561474.57,14.03,32.6,1009.78,1400.0,1400.09,22450138.0,0.0,0.0,22040109.0,2900.0,2899.73,22340093.0
0000000027-4125-asu-nz,0000000018-3024-oms-nz,AmbientSamplingRFC,bed29bbe-8d3a-4751-96da-ec41fc138f11,8431e6bd-5d3e-4c11-b2cc-504dddc0c609,1262.57763671875,480455.15625,198239.90625,8102.0625,7116.4541015625,25909.640625,182844.40625,176053.03125,232953.046875,68846.3828125,124104.9375,18610.36328125,273341.0,5762.4208984375,18983.205078125,36905.4453125,254929.0,51889.359375,189286.21875,19426.7421875,6893.294921875,13177.916015625,25880.052734375,45521.10546875,2881345.5,366566.5,1403035.5,3512433.25,11189579,5532.5322265625,67694.0625,137112000,61566516,20904.033203125,85888.0234375,202357.4375,672829.3125,4299.26806640625,2770375.5,1119221.125,62664.7578125,484305.25,21040.744140625,820337.3125,692.6419677734375,422970.875,440679.25,235445.6875,921789.0625,69426.3515625,77153.7578125,17175.380859375,4147.97998046875,274142.84375,14858.318359375,140240.734375,31135.064453125,401415.25,1098654.5,58426.12890625,7246.91015625,121975.984375,13538.3095703125,601067.75,11647,33.80952835083008,35.582420349121094,0,0,0,0,0,0,0,0,0,0,0,1,0,0,0,0,0,0,0,False,UNKNOWN,0,0,0,0,194600362,24484,0,36.98836517333984,13,,,"{'Type': 'start', 'Data_Type': 'Synthetical', 'Protocol_name': 'ABGv5-0ppb-6RH-75ccm-Anthony-Q425', 'Trial_Details': {'RH': 0, 'group': 35, 'detail': 'N/A', 'trialnum': 16, 'TrialName': '6rh', 'identifier': 'ckUf6', 'Concentration': 0}, 'Experiment_Rig': 'DA3'}",,2026-01-18 23:48:25.078,"{'cid': 'c04d07ee-94c6-44df-ad3c-f46614593299', 'uuid': 'c7aee882-f5a7-43f1-bd32-45d89285d4a7', 'annotationId': 'bed29bbe-8d3a-4751-96da-ec41fc138f11', 'name': 'AmbientSamplingRFC', 'description': 'AmbientSamplingRFC', 'labels': 'AmbientSamplingRFC', 'metadata': {'Length': 30, 'Progress': 0, 'startTime': 1768780097534, 'Notification': 'Event AmbientSamplingRFC Started.'}, 'createdAt': '2026-01-18T23:48:17.774Z', 'createdBy': '5c7b5d9f-c171-4004-a182-4277ffd4c9eb'}",29.81,20.01,1600.0,1600.07,21470060.0,1100.0,1100.12,24020116.0,0.0,561354.74,14.03,32.6,1009.78,1400.0,1400.54,22450138.0,0.0,0.0,22040109.0,2900.0,2899.61,22340093.0
0000000027-4125-asu-nz,0000000018-3024-oms-nz,AmbientSamplingRFC,bed29bbe-8d3a-4751-96da-ec41fc138f11,8431e6bd-5d3e-4c11-b2cc-504dddc0c609,1262.2554931640625,480712.5625,198249.796875,8101.87890625,7116.96923828125,25910.5703125,182728.546875,176093.609375,233177.1875,68978.9609375,124116.8515625,18608.439453125,273040.625,5739.5478515625,18982.30859375,36924.96484375,254938.671875,51881.19921875,190110.4375,19421.037109375,6893.7080078125,13187.1240234375,25878.146484375,45520.21484375,2884549.25,364591.625,1398889.125,3515172.0,11198595,5532.4072265625,67718.046875,137814416,61925484,20905.009765625,85869.375,202323.9375,672747.375,4298.865234375,2773282.5,1117677.5,62668.515625,484386.125,21039.814453125,820219.125,692.037109375,422728.5,440785.96875,235426.3125,920585.8125,69421.015625,77131.75,17174.8515625,4144.6826171875,274098.9375,14861.0576171875,140381.6875,31133.533203125,401066.3125,1097640.875,58425.65234375,7246.65087890625,121974.46875,13539.400390625,599829.4375,11948,33.970699310302734,35.582420349121094,0,0,0,0,0,0,0,0,0,0,0,1,0,0,0,0,0,0,0,False,UNKNOWN,0,0,0,0,194600362,24484,0,36.98836517333984,13,,,"{'Type': 'start', 'Data_Type': 'Synthetical', 'Protocol_name': 'ABGv5-0ppb-6RH-75ccm-Anthony-Q425', 'Trial_Details': {'RH': 0, 'group': 35, 'detail': 'N/A', 'trialnum': 16, 'TrialName': '6rh', 'identifier': 'ckUf6', 'Concentration': 0}, 'Experiment_Rig': 'DA3'}",,2026-01-18 23:48:25.379,"{'cid': 'c04d07ee-94c6-44df-ad3c-f46614593299', 'uuid': 'c7aee882-f5a7-43f1-bd32-45d89285d4a7', 'annotationId': 'bed29bbe-8d3a-4751-96da-ec41fc138f11', 'name': 'AmbientSamplingRFC', 'description': 'AmbientSamplingRFC', 'labels': 'AmbientSamplingRFC', 'metadata': {'Length': 30, 'Progress': 0, 'startTime': 1768780097534, 'Notification': 'Event AmbientSamplingRFC Started.'}, 'createdAt': '2026-01-18T23:48:17.774Z', 'createdBy': '5c7b5d9f-c171-4004-a182-4277ffd4c9eb'}",29.81,20.02,1600.0,1600.47,21470060.0,1100.0,1099.81,24020116.0,0.0,561310.51,14.03,32.6,1009.78,1400.0,1400.99,22450138.0,0.0,0.0,22040109.0,2900.0,2899.5,22340093.0
0000000027-4125-asu-nz,0000000018-3024-oms-nz,AmbientSamplingRFC,bed29bbe-8d3a-4751-96da-ec41fc138f11,8431e6bd-5d3e-4c11-b2cc-504dddc0c609,1263.19775390625,480663.78125,198267.0,8102.6826171875,7115.69091796875,25912.40625,182770.359375,176125.296875,233352.109375,68868.359375,124142.5,18611.361328125,272402.75,5752.615234375,18982.578125,36926.98046875,254987.90625,51872.2578125,188855.359375,19421.91796875,6892.892578125,13185.638671875,25875.908203125,45519.3671875,2887796.25,366565.59375,1399632.75,3517270.0,11211430,5531.9189453125,67149.1875,138958048,62140604,20900.91015625,85873.0234375,202319.84375,672486.5625,4299.32568359375,2777657.5,1115007.0,62669.921875,484466.59375,21038.767578125,820705.375,691.77099609375,422765.3125,440583.46875,235443.875,919870.9375,69445.140625,77141.9140625,17175.900390625,4141.2080078125,272473.96875,14873.1103515625,140906.609375,31134.16796875,400908.21875,1096240.875,58420.74609375,7246.50146484375,121978.140625,13540.697265625,599361.375,12249,33.80952835083008,35.582420349121094,0,0,0,0,0,0,0,0,0,0,0,1,0,0,0,0,0,0,0,False,UNKNOWN,0,0,0,0,194600362,24484,0,36.98836517333984,13,,,"{'Type': 'start', 'Data_Type': 'Synthetical', 'Protocol_name': 'ABGv5-0ppb-6RH-75ccm-Anthony-Q425', 'Trial_Details': {'RH': 0, 'group': 35, 'detail': 'N/A', 'trialnum': 16, 'TrialName': '6rh', 'identifier': 'ckUf6', 'Concentration': 0}, 'Experiment_Rig': 'DA3'}",,2026-01-18 23:48:25.680,"{'cid': 'c04d07ee-94c6-44df-ad3c-f46614593299', 'uuid': 'c7aee882-f5a7-43f1-bd32-45d89285d4a7', 'annotationId': 'bed29bbe-8d3a-4751-96da-ec41fc138f11', 'name': 'AmbientSamplingRFC', 'description': 'AmbientSamplingRFC', 'labels': 'AmbientSamplingRFC', 'metadata': {'Length': 30, 'Progress': 0, 'startTime': 1768780097534, 'Notification': 'Event AmbientSamplingRFC Started.'}, 'createdAt': '2026-01-18T23:48:17.774Z', 'createdBy': '5c7b5d9f-c171-4004-a182-4277ffd4c9eb'}",29.82,20.03,1600.0,1600.5,21470060.0,1100.0,1099.72,24020116.0,0.0,561792.25,14.04,32.6,1009.78,1400.0,1400.93,22450138.0,0.0,0.0,22040109.0,2900.0,2899.38,22340093.0
0000000027-4125-asu-nz,0000000018-3024-oms-nz,AmbientSamplingRFC,bed29bbe-8d3a-4751-96da-ec41fc138f11,8431e6bd-5d3e-4c11-b2cc-504dddc0c609,1262.2156982421875,480418.34375,198309.421875,8102.787109375,7116.23193359375,25915.681640625,182838.21875,176186.9375,233301.328125,68887.015625,124132.2421875,18611.02734375,273322.90625,5730.498046875,18981.109375,36927.86328125,254696.671875,51879.3359375,189196.28125,19421.09375,6893.00341796875,13178.9755859375,25873.046875,45503.90625,2892435.0,367342.28125,1397825.125,3519469.5,11228665,5532.70361328125,67893.6875,140510752,61985888,20897.7421875,85863.453125,202284.03125,672136.125,4298.7431640625,2772898.0,1113525.5,62682.4921875,484825.8125,21040.1484375,821322.6875,691.546875,422951.875,440575.65625,235513.359375,919435.5625,69444.3203125,77138.84375,17170.451171875,4143.26416015625,272131.96875,14856.9111328125,140618.84375,31132.044921875,400961.6875,1096510.875,58423.61328125,7247.1513671875,122036.7109375,13538.9853515625,599322.0,12551,33.970699310302734,35.824180603027344,0,0,0,0,0,0,0,0,0,0,0,1,0,0,0,0,0,0,0,False,UNKNOWN,0,0,0,0,194600362,24484,0,36.98836517333984,13,,,"{'Type': 'start', 'Data_Type': 'Synthetical', 'Protocol_name': 'ABGv5-0ppb-6RH-75ccm-Anthony-Q425', 'Trial_Details': {'RH': 0, 'group': 35, 'detail': 'N/A', 'trialnum': 16, 'TrialName': '6rh', 'identifier': 'ckUf6', 'Concentration': 0}, 'Experiment_Rig': 'DA3'}",,2026-01-18 23:48:25.983,"{'cid': 'c04d07ee-94c6-44df-ad3c-f46614593299', 'uuid': 'c7aee882-f5a7-43f1-bd32-45d89285d4a7', 'annotationId': 'bed29bbe-8d3a-4751-96da-ec41fc138f11', 'name': 'AmbientSamplingRFC', 'description': 'AmbientSamplingRFC', 'labels': 'AmbientSamplingRFC', 'metadata': {'Length': 30, 'Progress': 0, 'startTime': 1768780097534, 'Notification': 'Event AmbientSamplingRFC Started.'}, 'createdAt': '2026-01-18T23:48:17.774Z', 'createdBy': '5c7b5d9f-c171-4004-a182-4277ffd4c9eb'}",29.82,20.03,1600.0,1600.26,21470060.0,1100.0,1099.79,24020116.0,0.0,562277.2,14.05,32.6,1009.78,1400.0,1400.42,22450138.0,0.0,0.0,22040109.0,2900.0,2899.26,22340093.0
0000000027-4125-asu-nz,0000000018-3024-oms-nz,AmbientSamplingRFC,bed29bbe-8d3a-4751-96da-ec41fc138f11,8431e6bd-5d3e-4c11-b2cc-504dddc0c609,1264.472412109375,480800.1875,198384.953125,8102.78125,7116.802734375,25916.70703125,182771.65625,176196.4375,233169.96875,68922.9609375,124132.859375,18611.197265625,274339.28125,5739.56884765625,18981.2734375,36911.3515625,254897.46875,51889.50390625,188894.0625,19428.056640625,6893.3154296875,13178.197265625,25873.470703125,45507.3046875,2895986.75,367617.125,1402418.5,3521240.0,11244422,5532.203125,67290.4609375,141964288,61843948,20898.326171875,85869.7421875,202259.84375,671940.625,4298.70263671875,2769117.0,1113660.875,62688.1015625,485021.4375,21038.908203125,822011.25,691.0846557617188,422991.84375,440477.5625,235548.265625,919131.8125,69403.859375,77146.3515625,17169.482421875,4141.60400390625,272138.8125,14844.7744140625,140536.71875,31127.046875,401014.125,1095717.75,58423.7578125,7246.6923828125,122056.046875,13541.9931640625,599853.5625,12851,33.970699310302734,35.582420349121094,0,0,0,0,0,0,0,0,0,0,0,1,0,0,0,0,0,0,0,False,UNKNOWN,0,0,0,0,194600362,24484,0,36.98836517333984,13,,,"{'Type': 'start', 'Data_Type': 'Synthetical', 'Protocol_name': 'ABGv5-0ppb-6RH-75ccm-Anthony-Q425', 'Trial_Details': {'RH': 0, 'group': 35, 'detail': 'N/A', 'trialnum': 16, 'TrialName': '6rh', 'identifier': 'ckUf6', 'Concentration': 0}, 'Experiment_Rig': 'DA3'}",,2026-01-18 23:48:26.283,"{'cid': 'c04d07ee-94c6-44df-ad3c-f46614593299', 'uuid': 'c7aee882-f5a7-43f1-bd32-45d89285d4a7', 'annotationId': 'bed29bbe-8d3a-4751-96da-ec41fc138f11', 'name': 'AmbientSamplingRFC', 'description': 'AmbientSamplingRFC', 'labels': 'AmbientSamplingRFC', 'metadata': {'Length': 30, 'Progress': 0, 'startTime': 1768780097534, 'Notification': 'Event AmbientSamplingRFC Started.'}, 'createdAt': '2026-01-18T23:48:17.774Z', 'createdBy': '5c7b5d9f-c171-4004-a182-4277ffd4c9eb'}",29.83,20.04,1600.0,1600.02,21470060.0,1100.0,1099.86,24020116.0,0.0,562757.34,14.06,32.6,1009.78,1400.0,1399.92,22450138.0,0.0,0.0,22040109.0,2900.0,2899.14,22340093.0
0000000027-4125-asu-nz,0000000018-3024-oms-nz,AmbientSamplingRFC,bed29bbe-8d3a-4751-96da-ec41fc138f11,8431e6bd-5d3e-4c11-b2cc-504dddc0c609,1264.233154296875,480341.8125,198397.84375,8102.82373046875,7116.3349609375,25918.501953125,182930.25,176187.328125,233229.109375,69011.34375,124127.96875,18611.009765625,274409.8125,5745.86572265625,18984.45703125,36913.1015625,254792.1875,51891.41796875,189338.296875,19419.7109375,6892.8603515625,13178.96875,25872.150390625,45507.23828125,2899750.75,368487.0625,1399863.625,3522749.25,11256989,5532.41552734375,66753.1328125,143018368,61530628,20895.03515625,85892.4296875,202244.59375,671818.8125,4299.13916015625,2763686.5,1112828.25,62694.30078125,484908.15625,21039.873046875,822308.125,691.9866333007812,423025.84375,440466.59375,235600.953125,920061.375,69400.140625,77138.59375,17173.455078125,4140.43603515625,272190.46875,14820.765625,141284.484375,31130.798828125,400961.96875,1095736.75,58424.51953125,7246.875,122044.3359375,13538.4404296875,599948.25,13152,33.970699310302734,35.743595123291016,0,0,0,0,0,0,0,0,0,0,0,1,0,0,0,0,0,0,0,False,UNKNOWN,0,0,0,0,194600362,24484,0,36.98836517333984,13,,,"{'Type': 'start', 'Data_Type': 'Synthetical', 'Protocol_name': 'ABGv5-0ppb-6RH-75ccm-Anthony-Q425', 'Trial_Details': {'RH': 0, 'group': 35, 'detail': 'N/A', 'trialnum': 16, 'TrialName': '6rh', 'identifier': 'ckUf6', 'Concentration': 0}, 'Experiment_Rig': 'DA3'}",,2026-01-18 23:48:26.583,"{'cid': 'c04d07ee-94c6-44df-ad3c-f46614593299', 'uuid': 'c7aee882-f5a7-43f1-bd32-45d89285d4a7', 'annotationId': 'bed29bbe-8d3a-4751-96da-ec41fc138f11', 'name': 'AmbientSamplingRFC', 'description': 'AmbientSamplingRFC', 'labels': 'AmbientSamplingRFC', 'metadata': {'Length': 30, 'Progress': 0, 'startTime': 1768780097534, 'Notification': 'Event AmbientSamplingRFC Started.'}, 'createdAt': '2026-01-18T23:48:17.774Z', 'createdBy': '5c7b5d9f-c171-4004-a182-4277ffd4c9eb'}",29.83,20.03,1600.0,1599.83,21470060.0,1100.0,1099.97,24020116.0,0.0,563067.29,14.07,32.6,1009.78,1400.0,1399.43,22450138.0,0.0,0.0,22040109.0,2900.0,2899.08,22340093.0
0000000027-4125-asu-nz,0000000018-3024-oms-nz,AmbientSamplingRFC,bed29bbe-8d3a-4751-96da-ec41fc138f11,8431e6bd-5d3e-4c11-b2cc-504dddc0c609,1262.8902587890625,480501.78125,198396.90625,8102.6328125,7116.62353515625,25918.126953125,182877.71875,176197.4375,233544.78125,69004.4921875,124104.5625,18611.923828125,274013.78125,5748.77978515625,18982.99609375,36910.8828125,254650.859375,51882.625,189787.65625,19432.44921875,6892.5849609375,13171.9462890625,25870.53125,45501.9609375,2900317.25,368764.78125,1395317.75,3523894.5,11264718,5532.66748046875,68185.1015625,143715328,61105576,20903.02734375,85883.8828125,202213.265625,671745.1875,4299.45361328125,2761369.75,1112419.5,62702.57421875,484925.59375,21040.755859375,822705.875,691.82080078125,423100.4375,440673.53125,235605.625,920788.1875,69398.2734375,77137.5234375,17176.201171875,4138.2841796875,273762.5,14857.794921875,140442.21875,31131.4375,401175.15625,1095212.5,58426.63671875,7247.4169921875,122076.75,13538.2841796875,600030.875,13453,34.05128479003906,35.743595123291016,0,0,0,0,0,0,0,0,0,0,0,1,0,0,0,0,0,0,0,False,UNKNOWN,0,0,0,0,194600362,24484,0,36.98836517333984,13,,,"{'Type': 'start', 'Data_Type': 'Synthetical', 'Protocol_name': 'ABGv5-0ppb-6RH-75ccm-Anthony-Q425', 'Trial_Details': {'RH': 0, 'group': 35, 'detail': 'N/A', 'trialnum': 16, 'TrialName': '6rh', 'identifier': 'ckUf6', 'Concentration': 0}, 'Experiment_Rig': 'DA3'}",,2026-01-18 23:48:26.884,"{'cid': 'c04d07ee-94c6-44df-ad3c-f46614593299', 'uuid': 'c7aee882-f5a7-43f1-bd32-45d89285d4a7', 'annotationId': 'bed29bbe-8d3a-4751-96da-ec41fc138f11', 'name': 'AmbientSamplingRFC', 'description': 'AmbientSamplingRFC', 'labels': 'AmbientSamplingRFC', 'metadata': {'Length': 30, 'Progress': 0, 'startTime': 1768780097534, 'Notification': 'Event AmbientSamplingRFC Started.'}, 'createdAt': '2026-01-18T23:48:17.774Z', 'createdBy': '5c7b5d9f-c171-4004-a182-4277ffd4c9eb'}",29.82,20.01,1600.0,1599.78,21470060.0,1100.0,1100.21,24020116.0,0.0,562946.35,14.06,32.6,1009.79,1400.0,1398.98,22450138.0,0.0,0.0,22040109.0,2900.0,2899.29,22340093.0
0000000027-4125-asu-nz,0000000018-3024-oms-nz,AmbientSamplingRFC,bed29bbe-8d3a-4751-96da-ec41fc138f11,8431e6bd-5d3e-4c11-b2cc-504dddc0c609,1261.7960205078125,480835.09375,198373.0,8102.4892578125,7116.8525390625,25917.421875,182831.390625,176195.78125,233227.75,68946.8203125,124086.4765625,18612.599609375,273142.90625,5767.57470703125,18979.380859375,36901.13671875,254390.125,51873.96875,190215.03125,19423.6640625,6892.79296875,13178.76171875,25869.53125,45499.55859375,2897519.5,367576.9375,1391120.5,3523065.5,11264837,5531.52001953125,66987.0390625,143907568,60626176,20903.056640625,85850.6953125,202237.96875,671785.375,4299.291015625,2758803.25,1114233.75,62703.29296875,485063.03125,21043.734375,823448.4375,691.7119750976562,423315.71875,440679.65625,235617.234375,921830.375,69424.1796875,77139.5390625,17175.12890625,4128.2158203125,274346.21875,14873.015625,140864.140625,31132.849609375,401376.15625,1095468.0,58424.4140625,7246.73046875,122255.40625,13537.439453125,600589.6875,13754,33.890113830566406,35.582420349121094,0,0,0,0,0,0,0,0,0,0,0,1,0,0,0,0,0,0,0,False,UNKNOWN,0,0,0,0,194600362,24484,0,36.98836517333984,13,,,"{'Type': 'start', 'Data_Type': 'Synthetical', 'Protocol_name': 'ABGv5-0ppb-6RH-75ccm-Anthony-Q425', 'Trial_Details': {'RH': 0, 'group': 35, 'detail': 'N/A', 'trialnum': 16, 'TrialName': '6rh', 'identifier': 'ckUf6', 'Concentration': 0}, 'Experiment_Rig': 'DA3'}",,2026-01-18 23:48:27.186,"{'cid': 'c04d07ee-94c6-44df-ad3c-f46614593299', 'uuid': 'c7aee882-f5a7-43f1-bd32-45d89285d4a7', 'annotationId': 'bed29bbe-8d3a-4751-96da-ec41fc138f11', 'name': 'AmbientSamplingRFC', 'description': 'AmbientSamplingRFC', 'labels': 'AmbientSamplingRFC', 'metadata': {'Length': 30, 'Progress': 0, 'startTime': 1768780097534, 'Notification': 'Event AmbientSamplingRFC Started.'}, 'createdAt': '2026-01-18T23:48:17.774Z', 'createdBy': '5c7b5d9f-c171-4004-a182-4277ffd4c9eb'}",29.81,20.0,1600.0,1599.73,21470060.0,1100.0,1100.45,24020116.0,0.0,562825.01,14.06,32.6,1009.79,1400.0,1398.52,22450138.0,0.0,0.01,22040109.0,2900.0,2899.51,22340093.0
0000000027-4125-asu-nz,0000000018-3024-oms-nz,AmbientSamplingRFC,bed29bbe-8d3a-4751-96da-ec41fc138f11,8431e6bd-5d3e-4c11-b2cc-504dddc0c609,1261.876708984375,481893.125,198353.609375,8102.83544921875,7116.45849609375,25918.728515625,182802.03125,176172.625,233414.984375,69042.03125,124055.65625,18611.08984375,273828.0625,5766.7529296875,18985.62109375,36901.3828125,254431.765625,51882.08984375,190224.296875,19429.298828125,6892.607421875,13178.9453125,25866.955078125,45498.953125,2892847.25,367767.15625,1387937.125,3520696.25,11255068,5532.390625,66451.3359375,143219200,60193060,20900.22265625,85851.375,202310.234375,671710.75,4299.322265625,2757128.75,1114180.125,62708.80859375,485544.6875,21042.62109375,823525.25,692.1295166015625,423136.21875,440348.96875,235616.796875,923193.125,69455.2265625,77155.71875,17179.375,4136.37646484375,273811.34375,14824.544921875,141422.546875,31132.5703125,401386.6875,1095866.0,58431.0234375,7247.35400390625,122052.875,13538.6513671875,601614.375,14055,33.970699310302734,35.66300582885742,0,0,0,0,0,0,0,0,0,0,0,1,0,0,0,0,0,0,0,False,UNKNOWN,0,0,0,0,194600362,24484,0,36.98836517333984,13,,,"{'Type': 'start', 'Data_Type': 'Synthetical', 'Protocol_name': 'ABGv5-0ppb-6RH-75ccm-Anthony-Q425', 'Trial_Details': {'RH': 0, 'group': 35, 'detail': 'N/A', 'trialnum': 16, 'TrialName': '6rh', 'identifier': 'ckUf6', 'Concentration': 0}, 'Experiment_Rig': 'DA3'}",,2026-01-18 23:48:27.487,"{'cid': 'c04d07ee-94c6-44df-ad3c-f46614593299', 'uuid': 'c7aee882-f5a7-43f1-bd32-45d89285d4a7', 'annotationId': 'bed29bbe-8d3a-4751-96da-ec41fc138f11', 'name': 'AmbientSamplingRFC', 'description': 'AmbientSamplingRFC', 'labels': 'AmbientSamplingRFC', 'metadata': {'Length': 30, 'Progress': 0, 'startTime': 1768780097534, 'Notification': 'Event AmbientSamplingRFC Started.'}, 'createdAt': '2026-01-18T23:48:17.774Z', 'createdBy': '5c7b5d9f-c171-4004-a182-4277ffd4c9eb'}",29.81,19.99,1600.0,1599.69,21470060.0,1100.0,1100.69,24020116.0,0.0,562704.07,14.05,32.6,1009.8,1400.0,1398.07,22450138.0,0.0,0.01,22040109.0,2900.0,2899.72,22340093.0
0000000027-4125-asu-nz,0000000018-3024-oms-nz,AmbientSamplingRFC,bed29bbe-8d3a-4751-96da-ec41fc138f11,8431e6bd-5d3e-4c11-b2cc-504dddc0c609,1263.0635986328125,481734.5,198278.421875,8102.560546875,7116.72998046875,25915.01171875,182778.421875,176146.15625,233248.734375,68851.4140625,124038.8515625,18611.142578125,273634.3125,5757.7451171875,18979.791015625,36898.99609375,254117.75,51868.82421875,189751.078125,19431.970703125,6892.69482421875,13179.078125,25868.091796875,45501.1328125,2888261.0,366977.90625,1389820.375,3518058.0,11243516,5532.3623046875,65780.5859375,142279808,59865188,20901.537109375,85894.109375,202313.0625,671722.1875,4299.8251953125,2753200.75,1116132.25,62706.76953125,484910.09375,21040.533203125,823782.0625,692.2846069335938,423244.25,440631.90625,235635.296875,924084.8125,69417.4140625,77145.0546875,17179.130859375,4133.0654296875,273026.65625,14844.6796875,141185.890625,31137.84765625,401574.84375,1096974.0,58431.62109375,7247.32275390625,122139.2890625,13543.4208984375,602537.3125,14356,33.970699310302734,35.743595123291016,0,0,0,0,0,0,0,0,0,0,0,1,0,0,0,0,0,0,0,False,UNKNOWN,0,0,0,0,194600362,24484,0,36.98836517333984,13,,,"{'Type': 'start', 'Data_Type': 'Synthetical', 'Protocol_name': 'ABGv5-0ppb-6RH-75ccm-Anthony-Q425', 'Trial_Details': {'RH': 0, 'group': 35, 'detail': 'N/A', 'trialnum': 16, 'TrialName': '6rh', 'identifier': 'ckUf6', 'Concentration': 0}, 'Experiment_Rig': 'DA3'}",,2026-01-18 23:48:27.789,"{'cid': 'c04d07ee-94c6-44df-ad3c-f46614593299', 'uuid': 'c7aee882-f5a7-43f1-bd32-45d89285d4a7', 'annotationId': 'bed29bbe-8d3a-4751-96da-ec41fc138f11', 'name': 'AmbientSamplingRFC', 'description': 'AmbientSamplingRFC', 'labels': 'AmbientSamplingRFC', 'metadata': {'Length': 30, 'Progress': 0, 'startTime': 1768780097534, 'Notification': 'Event AmbientSamplingRFC Started.'}, 'createdAt': '2026-01-18T23:48:17.774Z', 'createdBy': '5c7b5d9f-c171-4004-a182-4277ffd4c9eb'}",29.81,19.99,1600.0,1599.72,21470060.0,1100.0,1100.18,24020116.0,0.0,562365.95,14.05,32.6,1009.8,1400.0,1398.47,22450138.0,0.0,0.01,22040109.0,2900.0,2898.94,22340093.0
0000000027-4125-asu-nz,0000000018-3024-oms-nz,AmbientSamplingRFC,bed29bbe-8d3a-4751-96da-ec41fc138f11,8431e6bd-5d3e-4c11-b2cc-504dddc0c609,1262.603759765625,481864.125,198266.0,8102.72216796875,7117.10107421875,25914.01953125,182699.84375,176093.078125,232949.5,68850.015625,124025.25,18610.12890625,273176.65625,5755.33935546875,18977.83984375,36893.9375,254433.578125,51876.43359375,189758.109375,19419.7890625,6892.40576171875,13171.78515625,25867.021484375,45492.72265625,2884886.0,366889.5,1389380.875,3515592.5,11227674,5531.7353515625,67259.359375,140933872,59679524,20905.2578125,85895.046875,202341.0625,671900.0,4298.89306640625,2753706.25,1115820.625,62702.99609375,484872.15625,21041.79296875,823548.75,691.59619140625,423203.03125,440618.28125,235602.40625,924749.1875,69409.84375,77175.4375,17174.896484375,4137.51904296875,272979.1875,14840.3037109375,140751.671875,31138.998046875,401670.375,1098138.625,58437.84765625,7247.673828125,121982.625,13534.2060546875,601512.5,14657,33.890113830566406,35.582420349121094,0,0,0,0,0,0,0,0,0,0,0,1,0,0,0,0,0,0,0,False,UNKNOWN,0,0,0,0,194600362,24484,0,36.98836517333984,13,,,"{'Type': 'start', 'Data_Type': 'Synthetical', 'Protocol_name': 'ABGv5-0ppb-6RH-75ccm-Anthony-Q425', 'Trial_Details': {'RH': 0, 'group': 35, 'detail': 'N/A', 'trialnum': 16, 'TrialName': '6rh', 'identifier': 'ckUf6', 'Concentration': 0}, 'Experiment_Rig': 'DA3'}",,2026-01-18 23:48:28.091,"{'cid': 'c04d07ee-94c6-44df-ad3c-f46614593299', 'uuid': 'c7aee882-f5a7-43f1-bd32-45d89285d4a7', 'annotationId': 'bed29bbe-8d3a-4751-96da-ec41fc138f11', 'name': 'AmbientSamplingRFC', 'description': 'AmbientSamplingRFC', 'labels': 'AmbientSamplingRFC', 'metadata': {'Length': 30, 'Progress': 0, 'startTime': 1768780097534, 'Notification': 'Event AmbientSamplingRFC Started.'}, 'createdAt': '2026-01-18T23:48:17.774Z', 'createdBy': '5c7b5d9f-c171-4004-a182-4277ffd4c9eb'}",29.82,20.0,1600.0,1599.77,21470060.0,1100.0,1099.55,24020116.0,0.0,561763.24,14.05,32.6,1009.78,1400.0,1399.02,22450138.0,0.0,0.01,22040109.0,2900.0,2897.96,22340093.0
0000000027-4125-asu-nz,0000000018-3024-oms-nz,AmbientSamplingRFC,bed29bbe-8d3a-4751-96da-ec41fc138f11,8431e6bd-5d3e-4c11-b2cc-504dddc0c609,1263.428466796875,481087.4375,198243.21875,8102.21142578125,7116.705078125,25912.1796875,182747.03125,176059.15625,232911.703125,68846.578125,124041.2578125,18608.28125,272407.6875,5764.82958984375,18980.865234375,36893.59765625,254570.5625,51862.82421875,190030.625,19419.7578125,6892.716796875,13166.4658203125,25868.927734375,45500.046875,2882122.75,362914.4375,1387690.875,3513209.0,11208645,5533.56884765625,67770.4296875,139343840,59669792,20903.837890625,85885.2578125,202342.796875,672191.75,4299.41552734375,2754219.75,1115487.875,62687.55078125,484671.875,21043.546875,822869.1875,690.9440307617188,422963.0,440618.21875,235531.6875,924876.625,69424.5625,77192.4375,17177.470703125,4136.16162109375,272093.78125,14849.41796875,141320.53125,31140.126953125,401650.8125,1099098.625,58435.58984375,7247.23046875,122118.4765625,13545.3369140625,602103.6875,14958,33.890113830566406,35.66300582885742,0,0,0,0,0,0,0,0,0,0,0,1,0,0,0,0,0,0,0,False,UNKNOWN,0,0,0,0,194600362,24484,0,36.98836517333984,13,,,"{'Type': 'start', 'Data_Type': 'Synthetical', 'Protocol_name': 'ABGv5-0ppb-6RH-75ccm-Anthony-Q425', 'Trial_Details': {'RH': 0, 'group': 35, 'detail': 'N/A', 'trialnum': 16, 'TrialName': '6rh', 'identifier': 'ckUf6', 'Concentration': 0}, 'Experiment_Rig': 'DA3'}",,2026-01-18 23:48:28.392,"{'cid': 'c04d07ee-94c6-44df-ad3c-f46614593299', 'uuid': 'c7aee882-f5a7-43f1-bd32-45d89285d4a7', 'annotationId': 'bed29bbe-8d3a-4751-96da-ec41fc138f11', 'name': 'AmbientSamplingRFC', 'description': 'AmbientSamplingRFC', 'labels': 'AmbientSamplingRFC', 'metadata': {'Length': 30, 'Progress': 0, 'startTime': 1768780097534, 'Notification': 'Event AmbientSamplingRFC Started.'}, 'createdAt': '2026-01-18T23:48:17.774Z', 'createdBy': '5c7b5d9f-c171-4004-a182-4277ffd4c9eb'}",29.82,20.0,1600.0,1599.82,21470060.0,1100.0,1098.93,24020116.0,0.0,561162.53,14.04,32.6,1009.77,1400.0,1399.57,22450138.0,0.0,0.01,22040109.0,2900.0,2896.98,22340093.0
0000000027-4125-asu-nz,0000000018-3024-oms-nz,AmbientSamplingRFC,bed29bbe-8d3a-4751-96da-ec41fc138f11,8431e6bd-5d3e-4c11-b2cc-504dddc0c609,1262.5784912109375,481060.125,198210.9375,8102.59814453125,7116.5166015625,25910.98828125,182621.75,176037.9375,232865.375,68897.3671875,124034.2109375,18608.158203125,273071.375,5775.48974609375,18978.806640625,36896.79296875,254090.0,51862.06640625,190237.15625,19422.28515625,6892.755859375,13174.771484375,25869.70703125,45503.85546875,2879793.25,363804.53125,1390954.625,3511071.0,11189831,5533.2587890625,67939.3671875,137788656,59837980,20901.41015625,85894.5859375,202357.546875,672383.625,4300.2373046875,2754461.5,1115198.875,62681.47265625,484234.0,21038.216796875,822761.0,691.3074951171875,422540.46875,440202.53125,235492.421875,925175.875,69431.6015625,77148.1796875,17176.712890625,4140.54296875,272044.46875,14853.8681640625,140688.21875,31141.7734375,401707.0625,1099215.0,58436.96484375,7247.59521484375,122185.8828125,13530.7041015625,602422.4375,15259,33.890113830566406,35.582420349121094,0,0,0,0,0,0,0,0,0,0,0,1,0,0,0,0,0,0,0,False,UNKNOWN,0,0,0,0,194600362,24484,0,36.98836517333984,13,,,"{'Type': 'start', 'Data_Type': 'Synthetical', 'Protocol_name': 'ABGv5-0ppb-6RH-75ccm-Anthony-Q425', 'Trial_Details': {'RH': 0, 'group': 35, 'detail': 'N/A', 'trialnum': 16, 'TrialName': '6rh', 'identifier': 'ckUf6', 'Concentration': 0}, 'Experiment_Rig': 'DA3'}",,2026-01-18 23:48:28.693,"{'cid': 'c04d07ee-94c6-44df-ad3c-f46614593299', 'uuid': 'c7aee882-f5a7-43f1-bd32-45d89285d4a7', 'annotationId': 'bed29bbe-8d3a-4751-96da-ec41fc138f11', 'name': 'AmbientSamplingRFC', 'description': 'AmbientSamplingRFC', 'labels': 'AmbientSamplingRFC', 'metadata': {'Length': 30, 'Progress': 0, 'startTime': 1768780097534, 'Notification': 'Event AmbientSamplingRFC Started.'}, 'createdAt': '2026-01-18T23:48:17.774Z', 'createdBy': '5c7b5d9f-c171-4004-a182-4277ffd4c9eb'}",29.82,20.01,1600.0,1599.81,21470060.0,1100.0,1098.75,24020116.0,0.0,560561.81,14.04,32.6,1009.76,1400.0,1399.7,22450138.0,0.0,0.0,22040109.0,2900.0,2897.24,22340093.0
0000000027-4125-asu-nz,0000000018-3024-oms-nz,AmbientSamplingRFC,bed29bbe-8d3a-4751-96da-ec41fc138f11,8431e6bd-5d3e-4c11-b2cc-504dddc0c609,1262.27392578125,481050.6875,198192.53125,8102.5322265625,7116.89013671875,25909.423828125,182631.890625,176029.03125,232739.59375,68919.4609375,124041.1875,18610.1171875,273369.75,5752.125,18977.994140625,36906.046875,254675.578125,51860.0703125,189594.515625,19412.55078125,6892.83544921875,13158.7998046875,25872.86328125,45501.85546875,2878082.0,363760.78125,1390968.75,3509148.75,11177599,5532.87158203125,67642.6796875,136591232,60143628,20902.001953125,85878.203125,202385.65625,672554.5,4299.2373046875,2754664.5,1114177.625,62673.65234375,484526.5,21039.0546875,821976.5,691.8573608398438,422303.71875,439734.375,235448.28125,924768.9375,69393.421875,77138.2421875,17172.228515625,4140.90625,271352.9375,14852.7314453125,141045.640625,31139.33203125,401653.53125,1099391.875,58437.07421875,7248.076171875,122024.9765625,13538.666015625,602275.125,15560,33.970699310302734,35.66300582885742,0,0,0,0,0,0,0,0,0,0,0,1,0,0,0,0,0,0,0,False,UNKNOWN,0,0,0,0,194605365,24484,0,37.52074432373047,13,,,"{'Type': 'start', 'Data_Type': 'Synthetical', 'Protocol_name': 'ABGv5-0ppb-6RH-75ccm-Anthony-Q425', 'Trial_Details': {'RH': 0, 'group': 35, 'detail': 'N/A', 'trialnum': 16, 'TrialName': '6rh', 'identifier': 'ckUf6', 'Concentration': 0}, 'Experiment_Rig': 'DA3'}",,2026-01-18 23:48:28.994,"{'cid': 'c04d07ee-94c6-44df-ad3c-f46614593299', 'uuid': 'c7aee882-f5a7-43f1-bd32-45d89285d4a7', 'annotationId': 'bed29bbe-8d3a-4751-96da-ec41fc138f11', 'name': 'AmbientSamplingRFC', 'description': 'AmbientSamplingRFC', 'labels': 'AmbientSamplingRFC', 'metadata': {'Length': 30, 'Progress': 0, 'startTime': 1768780097534, 'Notification': 'Event AmbientSamplingRFC Started.'}, 'createdAt': '2026-01-18T23:48:17.774Z', 'createdBy': '5c7b5d9f-c171-4004-a182-4277ffd4c9eb'}",29.82,20.02,1600.0,1599.77,21470060.0,1100.0,1098.97,24020116.0,0.0,561065.77,14.04,32.6,1009.77,1400.0,1399.41,22450138.0,0.0,0.0,22040109.0,2900.0,2898.79,22340093.0
0000000027-4125-asu-nz,0000000018-3024-oms-nz,AmbientSamplingRFC,bed29bbe-8d3a-4751-96da-ec41fc138f11,8431e6bd-5d3e-4c11-b2cc-504dddc0c609,1262.7412109375,481162.875,198158.015625,8102.49755859375,7116.1669921875,25911.162109375,182667.34375,176031.0,233123.828125,68951.0078125,124047.9375,18607.328125,272994.4375,5751.79736328125,18976.9765625,36901.56640625,254616.6875,51870.8046875,189168.96875,19418.783203125,6893.2783203125,13169.5244140625,25871.7265625,45507.953125,2877594.0,364933.1875,1395925.375,3508374.0,11169521,5532.63427734375,65751.5,135935696,60540696,20897.65625,85875.7265625,202350.15625,672633.375,4299.078125,2756209.25,1114489.125,62669.07421875,484186.9375,21040.482421875,821497.1875,692.4334716796875,422425.5625,439880.84375,235437.328125,923952.625,69410.140625,77145.4921875,17174.322265625,4138.7744140625,271417.09375,14869.728515625,141173.640625,31144.578125,401664.5,1099891.375,58431.34375,7247.3583984375,122078.8203125,13536.2353515625,601940.875,15861,33.970699310302734,35.501834869384766,0,0,0,0,0,0,0,0,0,0,0,1,0,0,0,0,0,0,0,False,UNKNOWN,0,0,0,0,194605365,24484,0,37.52074432373047,13,,,"{'Type': 'start', 'Data_Type': 'Synthetical', 'Protocol_name': 'ABGv5-0ppb-6RH-75ccm-Anthony-Q425', 'Trial_Details': {'RH': 0, 'group': 35, 'detail': 'N/A', 'trialnum': 16, 'TrialName': '6rh', 'identifier': 'ckUf6', 'Concentration': 0}, 'Experiment_Rig': 'DA3'}",,2026-01-18 23:48:29.296,"{'cid': 'c04d07ee-94c6-44df-ad3c-f46614593299', 'uuid': 'c7aee882-f5a7-43f1-bd32-45d89285d4a7', 'annotationId': 'bed29bbe-8d3a-4751-96da-ec41fc138f11', 'name': 'AmbientSamplingRFC', 'description': 'AmbientSamplingRFC', 'labels': 'AmbientSamplingRFC', 'metadata': {'Length': 30, 'Progress': 0, 'startTime': 1768780097534, 'Notification': 'Event AmbientSamplingRFC Started.'}, 'createdAt': '2026-01-18T23:48:17.774Z', 'createdBy': '5c7b5d9f-c171-4004-a182-4277ffd4c9eb'}",29.82,20.03,1600.0,1599.72,21470060.0,1100.0,1099.18,24020116.0,0.0,562276.17,14.04,32.6,1009.78,1400.0,1399.12,22450138.0,0.0,0.0,22040109.0,2900.0,2900.35,22340093.0
0000000027-4125-asu-nz,0000000018-3024-oms-nz,AmbientSamplingRFC,bed29bbe-8d3a-4751-96da-ec41fc138f11,8431e6bd-5d3e-4c11-b2cc-504dddc0c609,1263.1610107421875,481307.78125,198173.0625,8102.2431640625,7116.49462890625,25908.2109375,182741.34375,176053.65625,233172.828125,68980.8515625,124056.4609375,18610.0859375,272788.4375,5752.48583984375,18980.107421875,36922.0625,254562.828125,51875.7109375,189532.65625,19415.884765625,6893.59716796875,13165.0908203125,25874.93359375,45514.9140625,2880276.5,366529.0625,1396085.0,3509314.0,11167419,5532.86669921875,66947.9453125,135672048,61002532,20903.775390625,85875.703125,202339.25,672762.0,4298.35693359375,2761807.25,1115894.875,62665.03515625,484164.4375,21039.51953125,821340.625,692.3345336914062,422443.375,439217.71875,235440.65625,922638.6875,69425.2109375,77144.4140625,17170.40234375,4137.2724609375,273572.125,14873.5751953125,141735.625,31141.3046875,401553.53125,1099234.5,58433.02734375,7247.2744140625,122090.9453125,13537.6298828125,602649.5625,16162,33.970699310302734,35.582420349121094,0,0,0,0,0,0,0,0,0,0,0,1,0,0,0,0,0,0,0,False,UNKNOWN,0,0,0,0,194605365,24484,0,37.52074432373047,13,,,"{'Type': 'start', 'Data_Type': 'Synthetical', 'Protocol_name': 'ABGv5-0ppb-6RH-75ccm-Anthony-Q425', 'Trial_Details': {'RH': 0, 'group': 35, 'detail': 'N/A', 'trialnum': 16, 'TrialName': '6rh', 'identifier': 'ckUf6', 'Concentration': 0}, 'Experiment_Rig': 'DA3'}",,2026-01-18 23:48:29.596,"{'cid': 'c04d07ee-94c6-44df-ad3c-f46614593299', 'uuid': 'c7aee882-f5a7-43f1-bd32-45d89285d4a7', 'annotationId': 'bed29bbe-8d3a-4751-96da-ec41fc138f11', 'name': 'AmbientSamplingRFC', 'description': 'AmbientSamplingRFC', 'labels': 'AmbientSamplingRFC', 'metadata': {'Length': 30, 'Progress': 0, 'startTime': 1768780097534, 'Notification': 'Event AmbientSamplingRFC Started.'}, 'createdAt': '2026-01-18T23:48:17.774Z', 'createdBy': '5c7b5d9f-c171-4004-a182-4277ffd4c9eb'}",29.82,20.01,1600.0,1599.69,21470060.0,1100.0,1099.4,24020116.0,0.0,563478.55,14.03,32.59,1009.79,1400.0,1398.94,22450138.0,0.0,0.0,22040109.0,2900.0,2901.51,22340093.0
0000000027-4125-asu-nz,0000000018-3024-oms-nz,AmbientSamplingRFC,bed29bbe-8d3a-4751-96da-ec41fc138f11,8431e6bd-5d3e-4c11-b2cc-504dddc0c609,1262.8370361328125,481608.0,198218.53125,8102.9765625,7116.31494140625,25907.837890625,182732.515625,176074.75,233084.0625,68988.3203125,124068.5,18609.017578125,272952.6875,5763.76806640625,18977.34765625,36927.97265625,254709.21875,51872.63671875,189521.90625,19416.1875,6893.28515625,13174.78515625,25877.20703125,45514.47265625,2883873.0,367264.1875,1396653.125,3512244.0,11169565,5532.326171875,65972.484375,135783392,61449456,20905.2421875,85874.1640625,202344.78125,672826.8125,4300.2177734375,2759626.75,1115925.0,62674.26171875,484130.1875,21040.787109375,820916.0625,692.3401489257812,422088.46875,438700.5,235419.78125,921165.0,69409.4453125,77125.046875,17171.404296875,4134.6826171875,274255.5,14855.7529296875,142240.671875,31136.373046875,401341.1875,1098439.25,58433.98046875,7247.36474609375,122134.1640625,13533.134765625,602792.25,16463,33.890113830566406,35.582420349121094,0,0,0,0,0,0,0,0,0,0,0,1,0,0,0,0,0,0,0,False,UNKNOWN,0,0,0,0,194605365,24484,0,37.52074432373047,13,,,"{'Type': 'start', 'Data_Type': 'Synthetical', 'Protocol_name': 'ABGv5-0ppb-6RH-75ccm-Anthony-Q425', 'Trial_Details': {'RH': 0, 'group': 35, 'detail': 'N/A', 'trialnum': 16, 'TrialName': '6rh', 'identifier': 'ckUf6', 'Concentration': 0}, 'Experiment_Rig': 'DA3'}",,2026-01-18 23:48:29.896,"{'cid': 'c04d07ee-94c6-44df-ad3c-f46614593299', 'uuid': 'c7aee882-f5a7-43f1-bd32-45d89285d4a7', 'annotationId': 'bed29bbe-8d3a-4751-96da-ec41fc138f11', 'name': 'AmbientSamplingRFC', 'description': 'AmbientSamplingRFC', 'labels': 'AmbientSamplingRFC', 'metadata': {'Length': 30, 'Progress': 0, 'startTime': 1768780097534, 'Notification': 'Event AmbientSamplingRFC Started.'}, 'createdAt': '2026-01-18T23:48:17.774Z', 'createdBy': '5c7b5d9f-c171-4004-a182-4277ffd4c9eb'}",29.81,19.98,1600.0,1599.74,21470060.0,1100.0,1099.61,24020116.0,0.0,564680.94,14.03,32.59,1009.8,1400.0,1399.32,22450138.0,0.0,0.0,22040109.0,2900.0,2900.25,22340093.0
0000000027-4125-asu-nz,0000000018-3024-oms-nz,AmbientSamplingRFC,bed29bbe-8d3a-4751-96da-ec41fc138f11,8431e6bd-5d3e-4c11-b2cc-504dddc0c609,1260.8416748046875,481121.21875,198247.171875,8103.06884765625,7116.44970703125,25910.556640625,182812.078125,176070.78125,232715.75,69076.046875,124096.390625,18609.708984375,272898.8125,5759.611328125,18979.0390625,36931.015625,254519.875,51889.70703125,188905.125,19422.34375,6893.01416015625,13189.4697265625,25876.85546875,45521.30859375,2887614.0,367039.0,1397590.75,3515426.5,11180652,5532.337890625,66415.9921875,136620640,61792828,20896.990234375,85866.9375,202305.859375,672752.5625,4299.46630859375,2753579.25,1113469.75,62670.70703125,484388.15625,21039.73828125,820095.4375,692.6302490234375,422425.59375,439467.90625,235439.0625,920118.5,69428.9296875,77164.578125,17174.427734375,4131.728515625,274354.09375,14877.3125,140712.1875,31128.265625,401234.34375,1097607.0,58427.234375,7247.61669921875,122134.53125,13543.0810546875,603486.0,16764,33.970699310302734,35.743595123291016,0,0,0,0,0,0,0,0,0,0,0,1,0,0,0,0,0,0,0,False,UNKNOWN,0,0,0,0,194605365,24484,0,37.52074432373047,13,,,"{'Type': 'start', 'Data_Type': 'Synthetical', 'Protocol_name': 'ABGv5-0ppb-6RH-75ccm-Anthony-Q425', 'Trial_Details': {'RH': 0, 'group': 35, 'detail': 'N/A', 'trialnum': 16, 'TrialName': '6rh', 'identifier': 'ckUf6', 'Concentration': 0}, 'Experiment_Rig': 'DA3'}",,2026-01-18 23:48:30.196,"{'cid': 'c04d07ee-94c6-44df-ad3c-f46614593299', 'uuid': 'c7aee882-f5a7-43f1-bd32-45d89285d4a7', 'annotationId': 'bed29bbe-8d3a-4751-96da-ec41fc138f11', 'name': 'AmbientSamplingRFC', 'description': 'AmbientSamplingRFC', 'labels': 'AmbientSamplingRFC', 'metadata': {'Length': 30, 'Progress': 0, 'startTime': 1768780097534, 'Notification': 'Event AmbientSamplingRFC Started.'}, 'createdAt': '2026-01-18T23:48:17.774Z', 'createdBy': '5c7b5d9f-c171-4004-a182-4277ffd4c9eb'}",29.81,19.95,1600.0,1599.78,21470060.0,1100.0,1099.83,24020116.0,0.0,564200.28,14.03,32.59,1009.79,1400.0,1399.7,22450138.0,0.0,0.0,22040109.0,2900.0,2898.99,22340093.0
0000000027-4125-asu-nz,0000000018-3024-oms-nz,AmbientSamplingRFC,bed29bbe-8d3a-4751-96da-ec41fc138f11,8431e6bd-5d3e-4c11-b2cc-504dddc0c609,1262.4537353515625,481156.71875,198316.1875,8103.40283203125,7116.546875,25912.845703125,182853.515625,176118.46875,233035.46875,69070.4140625,124090.8125,18610.603515625,272253.8125,5750.9248046875,18979.31640625,36959.6875,254673.359375,51879.0546875,188575.59375,19424.8046875,6892.94287109375,13180.4990234375,25874.55859375,45513.9296875,2890844.25,367484.59375,1396803.0,3517494.25,11200407,5532.8447265625,66137.546875,138236784,61871296,20901.720703125,85888.171875,202283.484375,672343.875,4298.19873046875,2748017.0,1113118.75,62676.51171875,484668.6875,21040.203125,820860.5625,692.2548217773438,422811.5,440109.125,235472.78125,919396.0,69423.828125,77141.359375,17173.375,4135.38330078125,274044.1875,14861.2607421875,141881.65625,31126.9765625,400939.90625,1096212.625,58427.09375,7247.51416015625,122184.265625,13539.642578125,601835.9375,17066,33.80952835083008,35.66300582885742,0,0,0,0,0,0,0,0,0,0,0,1,0,0,0,0,0,0,0,False,UNKNOWN,0,0,0,0,194605365,24484,0,37.52074432373047,13,,,"{'Type': 'start', 'Data_Type': 'Synthetical', 'Protocol_name': 'ABGv5-0ppb-6RH-75ccm-Anthony-Q425', 'Trial_Details': {'RH': 0, 'group': 35, 'detail': 'N/A', 'trialnum': 16, 'TrialName': '6rh', 'identifier': 'ckUf6', 'Concentration': 0}, 'Experiment_Rig': 'DA3'}",,2026-01-18 23:48:30.498,"{'cid': 'c04d07ee-94c6-44df-ad3c-f46614593299', 'uuid': 'c7aee882-f5a7-43f1-bd32-45d89285d4a7', 'annotationId': 'bed29bbe-8d3a-4751-96da-ec41fc138f11', 'name': 'AmbientSamplingRFC', 'description': 'AmbientSamplingRFC', 'labels': 'AmbientSamplingRFC', 'metadata': {'Length': 30, 'Progress': 0, 'startTime': 1768780097534, 'Notification': 'Event AmbientSamplingRFC Started.'}, 'createdAt': '2026-01-18T23:48:17.774Z', 'createdBy': '5c7b5d9f-c171-4004-a182-4277ffd4c9eb'}",29.81,19.94,1600.0,1599.83,21470060.0,1100.0,1100.04,24020116.0,0.0,563191.13,14.03,32.59,1009.79,1400.0,1400.08,22450138.0,0.0,0.0,22040109.0,2900.0,2897.72,22340093.0
0000000027-4125-asu-nz,0000000018-3024-oms-nz,AmbientSamplingRFC,bed29bbe-8d3a-4751-96da-ec41fc138f11,8431e6bd-5d3e-4c11-b2cc-504dddc0c609,1263.172607421875,482034.625,198374.890625,8102.810546875,7116.8486328125,25917.21484375,182838.53125,176164.828125,233140.203125,68992.2265625,124101.6015625,18611.716796875,273335.71875,5757.62451171875,18981.302734375,36935.21484375,254749.296875,51876.55859375,188325.59375,19425.09375,6893.2021484375,13176.880859375,25873.13671875,45516.87109375,2895110.75,367377.03125,1398394.875,3519798.5,11219321,5531.9208984375,67090.5234375,139836528,61756600,20899.45703125,85862.65625,202278.828125,672062.0,4297.81201171875,2742834.0,1113316.75,62683.81640625,484610.21875,21043.55859375,821172.625,691.201416015625,423090.9375,440146.71875,235554.34375,919175.875,69388.296875,77152.953125,17179.470703125,4140.97900390625,274189.78125,14839.8486328125,140445.53125,31126.248046875,401001.21875,1095176.5,58418.25,7247.71240234375,122174.421875,13536.521484375,600923.1875,17367,33.970699310302734,35.66300582885742,0,0,0,0,0,0,0,0,0,0,0,1,0,0,0,0,0,0,0,False,UNKNOWN,0,0,0,0,194605365,24484,0,37.52074432373047,13,,,"{'Type': 'start', 'Data_Type': 'Synthetical', 'Protocol_name': 'ABGv5-0ppb-6RH-75ccm-Anthony-Q425', 'Trial_Details': {'RH': 0, 'group': 35, 'detail': 'N/A', 'trialnum': 16, 'TrialName': '6rh', 'identifier': 'ckUf6', 'Concentration': 0}, 'Experiment_Rig': 'DA3'}",,2026-01-18 23:48:30.799,"{'cid': 'c04d07ee-94c6-44df-ad3c-f46614593299', 'uuid': 'c7aee882-f5a7-43f1-bd32-45d89285d4a7', 'annotationId': 'bed29bbe-8d3a-4751-96da-ec41fc138f11', 'name': 'AmbientSamplingRFC', 'description': 'AmbientSamplingRFC', 'labels': 'AmbientSamplingRFC', 'metadata': {'Length': 30, 'Progress': 0, 'startTime': 1768780097534, 'Notification': 'Event AmbientSamplingRFC Started.'}, 'createdAt': '2026-01-18T23:48:17.774Z', 'createdBy': '5c7b5d9f-c171-4004-a182-4277ffd4c9eb'}",29.81,19.97,1600.0,1600.04,21470060.0,1100.0,1100.2,24020116.0,0.0,562185.33,14.04,32.6,1009.78,1400.0,1399.71,22450138.0,0.0,0.0,22040109.0,2900.0,2898.48,22340093.0
0000000027-4125-asu-nz,0000000018-3024-oms-nz,AmbientSamplingRFC,bed29bbe-8d3a-4751-96da-ec41fc138f11,8431e6bd-5d3e-4c11-b2cc-504dddc0c609,1262.2470703125,481591.5625,198366.640625,8103.146484375,7116.5126953125,25918.5546875,182845.609375,176163.15625,233295.15625,69014.796875,124091.6640625,18611.626953125,272930.625,5745.48046875,18980.31640625,36926.6640625,254932.953125,51871.7421875,188605.359375,19422.64453125,6892.828125,13175.97265625,25872.359375,45512.0703125,2898129.5,367956.625,1399275.25,3520984.25,11234972,5532.1298828125,67214.8046875,141209056,61494304,20900.1875,85875.1328125,202229.53125,671875.9375,4297.73583984375,2739504.75,1113596.25,62697.5078125,485218.625,21041.669921875,821577.875,692.016845703125,423050.65625,440874.875,235620.359375,919609.375,69397.5078125,77138.2734375,17171.8125,4133.20751953125,273542.71875,14853.12890625,140263.640625,31125.576171875,401069.34375,1094716.0,58423.375,7247.0048828125,122011.1953125,13537.9482421875,601093.3125,17668,33.970699310302734,35.582420349121094,0,0,0,0,0,0,0,0,0,0,0,1,0,0,0,0,0,0,0,False,UNKNOWN,0,0,0,0,194605365,24484,0,37.52074432373047,13,,,"{'Type': 'start', 'Data_Type': 'Synthetical', 'Protocol_name': 'ABGv5-0ppb-6RH-75ccm-Anthony-Q425', 'Trial_Details': {'RH': 0, 'group': 35, 'detail': 'N/A', 'trialnum': 16, 'TrialName': '6rh', 'identifier': 'ckUf6', 'Concentration': 0}, 'Experiment_Rig': 'DA3'}",,2026-01-18 23:48:31.103,"{'cid': 'c04d07ee-94c6-44df-ad3c-f46614593299', 'uuid': 'c7aee882-f5a7-43f1-bd32-45d89285d4a7', 'annotationId': 'bed29bbe-8d3a-4751-96da-ec41fc138f11', 'name': 'AmbientSamplingRFC', 'description': 'AmbientSamplingRFC', 'labels': 'AmbientSamplingRFC', 'metadata': {'Length': 30, 'Progress': 0, 'startTime': 1768780097534, 'Notification': 'Event AmbientSamplingRFC Started.'}, 'createdAt': '2026-01-18T23:48:17.774Z', 'createdBy': '5c7b5d9f-c171-4004-a182-4277ffd4c9eb'}",29.82,20.0,1600.0,1600.28,21470060.0,1100.0,1100.34,24020116.0,0.0,561288.04,14.04,32.6,1009.77,1400.0,1399.13,22450138.0,0.0,0.0,22040109.0,2900.0,2899.84,22340093.0
0000000027-4125-asu-nz,0000000018-3024-oms-nz,AmbientSamplingRFC,bed29bbe-8d3a-4751-96da-ec41fc138f11,8431e6bd-5d3e-4c11-b2cc-504dddc0c609,1262.6197509765625,481806.125,198351.21875,8102.916015625,7116.671875,25917.90625,182868.34375,176190.609375,233459.5625,68950.453125,124086.8125,18611.505859375,273273.84375,5763.71826171875,18980.45703125,36917.46484375,254849.21875,51846.0078125,189748.5,19418.177734375,6893.28857421875,13184.765625,25872.966796875,45507.21484375,2898956.0,367863.8125,1401653.875,3521910.5,11245278,5532.171875,68696.03125,141965520,61114324,20903.28515625,85856.9921875,202243.328125,671833.125,4298.5224609375,2733932.75,1113193.75,62708.34375,484832.84375,21039.455078125,821754.375,691.5999755859375,422992.125,441006.46875,235643.71875,920362.25,69404.8515625,77156.7265625,17175.54296875,4140.84619140625,273552.71875,14845.8046875,140345.546875,31130.25390625,401144.21875,1094662.5,58421.8984375,7247.12841796875,122242.78125,13548.2060546875,601359.375,17969,34.05128479003906,35.743595123291016,0,0,0,0,0,0,0,0,0,0,0,1,0,0,0,0,0,0,0,False,UNKNOWN,0,0,0,0,194605365,24484,0,37.52074432373047,13,,,"{'Type': 'start', 'Data_Type': 'Synthetical', 'Protocol_name': 'ABGv5-0ppb-6RH-75ccm-Anthony-Q425', 'Trial_Details': {'RH': 0, 'group': 35, 'detail': 'N/A', 'trialnum': 16, 'TrialName': '6rh', 'identifier': 'ckUf6', 'Concentration': 0}, 'Experiment_Rig': 'DA3'}",,2026-01-18 23:48:31.403,"{'cid': 'c04d07ee-94c6-44df-ad3c-f46614593299', 'uuid': 'c7aee882-f5a7-43f1-bd32-45d89285d4a7', 'annotationId': 'bed29bbe-8d3a-4751-96da-ec41fc138f11', 'name': 'AmbientSamplingRFC', 'description': 'AmbientSamplingRFC', 'labels': 'AmbientSamplingRFC', 'metadata': {'Length': 30, 'Progress': 0, 'startTime': 1768780097534, 'Notification': 'Event AmbientSamplingRFC Started.'}, 'createdAt': '2026-01-18T23:48:17.774Z', 'createdBy': '5c7b5d9f-c171-4004-a182-4277ffd4c9eb'}",29.82,20.02,1600.0,1600.52,21470060.0,1100.0,1100.49,24020116.0,0.0,561767.35,14.04,32.6,1009.77,1400.0,1398.55,22450138.0,0.0,0.0,22040109.0,2900.0,2901.17,22340093.0
0000000027-4125-asu-nz,0000000018-3024-oms-nz,AmbientSamplingRFC,bed29bbe-8d3a-4751-96da-ec41fc138f11,8431e6bd-5d3e-4c11-b2cc-504dddc0c609,1262.562744140625,481908.8125,198356.375,8103.26171875,7116.43701171875,25918.310546875,182868.90625,176191.0625,233097.546875,68901.7265625,124064.3046875,18611.3828125,271613.84375,5769.4443359375,18978.8359375,36922.10546875,254529.09375,51859.625,188811.890625,19418.92578125,6892.9453125,13181.6015625,25870.212890625,45503.3671875,2896180.75,368167.4375,1400235.375,3521075.25,11247771,5532.7890625,68618.1640625,142270624,60655640,20903.751953125,85853.3515625,202266.359375,671781.6875,4297.98291015625,2729293.0,1112828.75,62708.62109375,484888.59375,21040.857421875,821400.3125,691.3922119140625,422715.625,440799.9375,235627.71875,921327.25,69418.8984375,77138.2109375,17176.619140625,4135.8076171875,273530.375,14853.3974609375,139787.453125,31129.1640625,401167.53125,1094813.5,58418.78515625,7247.49169921875,122263.4765625,13542.9775390625,600883.6875,18270,33.890113830566406,35.501834869384766,0,0,0,0,0,0,0,0,0,0,0,1,0,0,0,0,0,0,0,False,UNKNOWN,0,0,0,0,194605365,24484,0,37.52074432373047,13,,,"{'Type': 'start', 'Data_Type': 'Synthetical', 'Protocol_name': 'ABGv5-0ppb-6RH-75ccm-Anthony-Q425', 'Trial_Details': {'RH': 0, 'group': 35, 'detail': 'N/A', 'trialnum': 16, 'TrialName': '6rh', 'identifier': 'ckUf6', 'Concentration': 0}, 'Experiment_Rig': 'DA3'}",,2026-01-18 23:48:31.703,"{'cid': 'c04d07ee-94c6-44df-ad3c-f46614593299', 'uuid': 'c7aee882-f5a7-43f1-bd32-45d89285d4a7', 'annotationId': 'bed29bbe-8d3a-4751-96da-ec41fc138f11', 'name': 'AmbientSamplingRFC', 'description': 'AmbientSamplingRFC', 'labels': 'AmbientSamplingRFC', 'metadata': {'Length': 30, 'Progress': 0, 'startTime': 1768780097534, 'Notification': 'Event AmbientSamplingRFC Started.'}, 'createdAt': '2026-01-18T23:48:17.774Z', 'createdBy': '5c7b5d9f-c171-4004-a182-4277ffd4c9eb'}",29.82,20.02,1600.0,1600.68,21470060.0,1100.0,1100.65,24020116.0,0.0,562246.66,14.03,32.59,1009.76,1400.0,1398.53,22450138.0,0.0,0.0,22040109.0,2900.0,2901.69,22340093.0
0000000027-4125-asu-nz,0000000018-3024-oms-nz,AmbientSamplingRFC,bed29bbe-8d3a-4751-96da-ec41fc138f11,8431e6bd-5d3e-4c11-b2cc-504dddc0c609,1263.643310546875,481472.53125,198364.0625,8103.58056640625,7116.4013671875,25916.19140625,182861.75,176203.078125,233173.6875,68962.546875,124041.1875,18608.224609375,271147.9375,5757.85986328125,18980.072265625,36902.5859375,254532.296875,51848.14453125,188850.171875,19422.48828125,6892.77099609375,13181.1943359375,25868.693359375,45501.5859375,2890819.0,368261.40625,1400058.625,3518354.5,11240492,5532.47705078125,67761.921875,141803072,60210952,20901.84765625,85866.6796875,202310.703125,671718.3125,4296.72412109375,2724585.5,1112857.75,62707.375,485290.0,21041.66796875,821816.375,691.9700927734375,422749.84375,441174.65625,235638.28125,923042.3125,69434.734375,77151.6484375,17177.1171875,4143.29638671875,273431.4375,14832.9580078125,139918.0,31132.6328125,401232.46875,1095402.875,58432.14453125,7247.7255859375,122144.59375,13541.48828125,600797.25,18571,33.970699310302734,35.743595123291016,0,0,0,0,0,0,0,0,0,0,0,1,0,0,0,0,0,0,0,False,UNKNOWN,0,0,0,0,194605365,24484,0,37.52074432373047,13,,,"{'Type': 'start', 'Data_Type': 'Synthetical', 'Protocol_name': 'ABGv5-0ppb-6RH-75ccm-Anthony-Q425', 'Trial_Details': {'RH': 0, 'group': 35, 'detail': 'N/A', 'trialnum': 16, 'TrialName': '6rh', 'identifier': 'ckUf6', 'Concentration': 0}, 'Experiment_Rig': 'DA3'}",,2026-01-18 23:48:32.004,"{'cid': 'c04d07ee-94c6-44df-ad3c-f46614593299', 'uuid': 'c7aee882-f5a7-43f1-bd32-45d89285d4a7', 'annotationId': 'bed29bbe-8d3a-4751-96da-ec41fc138f11', 'name': 'AmbientSamplingRFC', 'description': 'AmbientSamplingRFC', 'labels': 'AmbientSamplingRFC', 'metadata': {'Length': 30, 'Progress': 0, 'startTime': 1768780097534, 'Notification': 'Event AmbientSamplingRFC Started.'}, 'createdAt': '2026-01-18T23:48:17.774Z', 'createdBy': '5c7b5d9f-c171-4004-a182-4277ffd4c9eb'}",29.82,20.02,1600.0,1600.75,21470060.0,1100.0,1100.84,24020116.0,0.0,562727.58,14.03,32.59,1009.76,1400.0,1399.17,22450138.0,0.0,0.0,22040109.0,2900.0,2901.17,22340093.0
0000000027-4125-asu-nz,0000000018-3024-oms-nz,AmbientSamplingRFC,bed29bbe-8d3a-4751-96da-ec41fc138f11,8431e6bd-5d3e-4c11-b2cc-504dddc0c609,1262.8233642578125,481161.6875,198319.453125,8102.49267578125,7116.3564453125,25915.158203125,182876.6875,176162.453125,233232.21875,68908.671875,124038.0078125,18609.87109375,271679.75,5751.40234375,18977.677734375,36906.1875,254733.59375,51865.16796875,188814.0625,19418.451171875,6892.38720703125,13182.5712890625,25867.349609375,45507.37109375,2887098.5,365098.4375,1400003.75,3516398.25,11230179,5531.89697265625,68306.09375,140951232,59862464,20902.71875,85860.5390625,202360.71875,671709.75,4297.806640625,2719948.25,1112660.875,62710.00390625,485077.28125,21036.30859375,822279.0,691.8912353515625,422949.3125,440253.84375,235631.28125,923951.3125,69446.5859375,77141.5390625,17175.015625,4145.96142578125,273733.75,14865.46484375,140067.046875,31137.896484375,401596.59375,1096628.25,58438.0625,7247.84326171875,122037.0859375,13535.392578125,598961.5625,18872,34.05128479003906,35.743595123291016,0,0,0,0,0,0,0,0,0,0,0,1,0,0,0,0,0,0,0,False,UNKNOWN,0,0,0,0,194605365,24484,0,37.52074432373047,13,,,"{'Type': 'start', 'Data_Type': 'Synthetical', 'Protocol_name': 'ABGv5-0ppb-6RH-75ccm-Anthony-Q425', 'Trial_Details': {'RH': 0, 'group': 35, 'detail': 'N/A', 'trialnum': 16, 'TrialName': '6rh', 'identifier': 'ckUf6', 'Concentration': 0}, 'Experiment_Rig': 'DA3'}",,2026-01-18 23:48:32.304,"{'cid': 'c04d07ee-94c6-44df-ad3c-f46614593299', 'uuid': 'c7aee882-f5a7-43f1-bd32-45d89285d4a7', 'annotationId': 'bed29bbe-8d3a-4751-96da-ec41fc138f11', 'name': 'AmbientSamplingRFC', 'description': 'AmbientSamplingRFC', 'labels': 'AmbientSamplingRFC', 'metadata': {'Length': 30, 'Progress': 0, 'startTime': 1768780097534, 'Notification': 'Event AmbientSamplingRFC Started.'}, 'createdAt': '2026-01-18T23:48:17.774Z', 'createdBy': '5c7b5d9f-c171-4004-a182-4277ffd4c9eb'}",29.82,20.02,1600.0,1600.82,21470060.0,1100.0,1101.03,24020116.0,0.0,563127.96,14.03,32.59,1009.76,1400.0,1399.82,22450138.0,0.0,0.01,22040109.0,2900.0,2900.64,22340093.0
0000000027-4125-asu-nz,0000000018-3024-oms-nz,AmbientSamplingRFC,bed29bbe-8d3a-4751-96da-ec41fc138f11,8431e6bd-5d3e-4c11-b2cc-504dddc0c609,1261.753173828125,480982.40625,198300.4375,8102.732421875,7116.125,25915.38671875,182780.046875,176150.484375,233054.515625,68982.21875,124012.9375,18610.48046875,271683.34375,5758.1748046875,18978.3671875,36897.36328125,254461.890625,51867.234375,188620.28125,19420.30078125,6892.4794921875,13169.634765625,25867.58203125,45507.94140625,2883686.25,367331.46875,1400039.125,3514716.0,11216571,5531.97802734375,67296.03125,139804256,59665828,20905.791015625,85860.828125,202444.546875,671919.8125,4299.4443359375,2717112.25,1113266.875,62699.49609375,485139.03125,21041.728515625,822125.3125,692.3367919921875,423177.0,440445.4375,235635.0,924660.8125,69465.625,77118.21875,17177.208984375,4138.640625,273890.59375,14888.013671875,140288.859375,31136.849609375,401771.40625,1097548.125,58438.68359375,7247.6767578125,122106.90625,13540.4931640625,599579.0,19173,33.80952835083008,35.582420349121094,0,0,0,0,0,0,0,0,0,0,0,1,0,0,0,0,0,0,0,False,UNKNOWN,0,0,0,0,194605365,24484,0,37.52074432373047,13,,,"{'Type': 'start', 'Data_Type': 'Synthetical', 'Protocol_name': 'ABGv5-0ppb-6RH-75ccm-Anthony-Q425', 'Trial_Details': {'RH': 0, 'group': 35, 'detail': 'N/A', 'trialnum': 16, 'TrialName': '6rh', 'identifier': 'ckUf6', 'Concentration': 0}, 'Experiment_Rig': 'DA3'}",,2026-01-18 23:48:32.609,"{'cid': 'c04d07ee-94c6-44df-ad3c-f46614593299', 'uuid': 'c7aee882-f5a7-43f1-bd32-45d89285d4a7', 'annotationId': 'bed29bbe-8d3a-4751-96da-ec41fc138f11', 'name': 'AmbientSamplingRFC', 'description': 'AmbientSamplingRFC', 'labels': 'AmbientSamplingRFC', 'metadata': {'Length': 30, 'Progress': 0, 'startTime': 1768780097534, 'Notification': 'Event AmbientSamplingRFC Started.'}, 'createdAt': '2026-01-18T23:48:17.774Z', 'createdBy': '5c7b5d9f-c171-4004-a182-4277ffd4c9eb'}",29.82,20.01,1600.0,1600.85,21470060.0,1100.0,1101.12,24020116.0,0.0,563250.5,14.03,32.59,1009.76,1400.0,1400.38,22450138.0,0.0,0.01,22040109.0,2900.0,2900.01,22340093.0
0000000027-4125-asu-nz,0000000018-3024-oms-nz,AmbientSamplingRFC,bed29bbe-8d3a-4751-96da-ec41fc138f11,8431e6bd-5d3e-4c11-b2cc-504dddc0c609,1262.363525390625,481079.71875,198276.953125,8102.8671875,7116.2919921875,25913.58984375,182677.078125,176097.890625,232835.40625,68979.6328125,124017.3125,18610.306640625,270837.1875,5734.568359375,18978.361328125,36913.375,254959.015625,51853.40625,188128.328125,19422.419921875,6892.5888671875,13175.1064453125,25867.0390625,45504.90625,2880822.5,367716.15625,1400646.875,3511771.75,11197909,5531.7060546875,66508.703125,138267168,59625856,20906.798828125,85857.0859375,202456.21875,672217.375,4299.22705078125,2718252.0,1113362.375,62690.234375,485324.71875,21043.390625,821633.6875,692.8230590820312,423008.53125,440781.96875,235631.484375,925062.0625,69447.046875,77098.6796875,17185.46484375,4140.88916015625,273929.125,14856.37109375,140957.4375,31145.46484375,401708.03125,1098682.375,58441.234375,7247.71728515625,122149.71875,13539.0576171875,600729.75,19474,33.970699310302734,35.501834869384766,0,0,0,0,0,0,0,0,0,0,0,1,0,0,0,0,0,0,0,False,UNKNOWN,0,0,0,0,194605365,24484,0,37.52074432373047,13,,,"{'Type': 'start', 'Data_Type': 'Synthetical', 'Protocol_name': 'ABGv5-0ppb-6RH-75ccm-Anthony-Q425', 'Trial_Details': {'RH': 0, 'group': 35, 'detail': 'N/A', 'trialnum': 16, 'TrialName': '6rh', 'identifier': 'ckUf6', 'Concentration': 0}, 'Experiment_Rig': 'DA3'}",,2026-01-18 23:48:32.906,"{'cid': 'c04d07ee-94c6-44df-ad3c-f46614593299', 'uuid': 'c7aee882-f5a7-43f1-bd32-45d89285d4a7', 'annotationId': 'bed29bbe-8d3a-4751-96da-ec41fc138f11', 'name': 'AmbientSamplingRFC', 'description': 'AmbientSamplingRFC', 'labels': 'AmbientSamplingRFC', 'metadata': {'Length': 30, 'Progress': 0, 'startTime': 1768780097534, 'Notification': 'Event AmbientSamplingRFC Started.'}, 'createdAt': '2026-01-18T23:48:17.774Z', 'createdBy': '5c7b5d9f-c171-4004-a182-4277ffd4c9eb'}",29.82,20.0,1600.0,1600.64,21470060.0,1100.0,1100.5,24020116.0,0.0,563369.84,14.03,32.59,1009.77,1400.0,1400.19,22450138.0,0.0,0.02,22040109.0,2900.0,2898.38,22340093.0
0000000027-4125-asu-nz,0000000018-3024-oms-nz,AmbientSamplingRFC,bed29bbe-8d3a-4751-96da-ec41fc138f11,8431e6bd-5d3e-4c11-b2cc-504dddc0c609,1262.8720703125,480893.53125,198211.453125,8103.3154296875,7116.52734375,25911.81640625,182630.140625,176078.859375,232865.484375,68945.0234375,124008.90625,18611.126953125,271585.59375,5757.619140625,18977.265625,36900.6015625,254888.609375,51856.984375,188278.9375,19418.29296875,6892.6298828125,13178.0576171875,25866.779296875,45512.234375,2878158.5,367284.53125,1403280.5,3509537.5,11180032,5531.7978515625,65492.6171875,136811984,59771840,20905.2578125,85845.1875,202452.59375,672454.0625,4299.7021484375,2716647.75,1115236.75,62683.83984375,485007.8125,21042.95703125,821734.0,693.5830688476562,422787.0,439899.25,235551.625,925455.3125,69479.59375,77111.765625,17174.859375,4130.55224609375,273424.65625,14863.1201171875,142095.71875,31146.142578125,401861.84375,1099169.25,58441.9375,7247.2822265625,122090.7578125,13542.1650390625,601308.6875,19775,33.890113830566406,35.582420349121094,0,0,0,0,0,0,0,0,0,0,0,1,0,0,0,0,0,0,0,False,UNKNOWN,0,0,0,0,194605365,24484,0,37.52074432373047,13,,,"{'Type': 'start', 'Data_Type': 'Synthetical', 'Protocol_name': 'ABGv5-0ppb-6RH-75ccm-Anthony-Q425', 'Trial_Details': {'RH': 0, 'group': 35, 'detail': 'N/A', 'trialnum': 16, 'TrialName': '6rh', 'identifier': 'ckUf6', 'Concentration': 0}, 'Experiment_Rig': 'DA3'}",,2026-01-18 23:48:33.208,"{'cid': 'c04d07ee-94c6-44df-ad3c-f46614593299', 'uuid': 'c7aee882-f5a7-43f1-bd32-45d89285d4a7', 'annotationId': 'bed29bbe-8d3a-4751-96da-ec41fc138f11', 'name': 'AmbientSamplingRFC', 'description': 'AmbientSamplingRFC', 'labels': 'AmbientSamplingRFC', 'metadata': {'Length': 30, 'Progress': 0, 'startTime': 1768780097534, 'Notification': 'Event AmbientSamplingRFC Started.'}, 'createdAt': '2026-01-18T23:48:17.774Z', 'createdBy': '5c7b5d9f-c171-4004-a182-4277ffd4c9eb'}",29.83,19.98,1600.0,1600.42,21470060.0,1100.0,1099.88,24020116.0,0.0,563491.18,14.03,32.59,1009.77,1400.0,1400.0,22450138.0,0.0,0.03,22040109.0,2900.0,2896.73,22340093.0
0000000027-4125-asu-nz,0000000018-3024-oms-nz,AmbientSamplingRFC,bed29bbe-8d3a-4751-96da-ec41fc138f11,8431e6bd-5d3e-4c11-b2cc-504dddc0c609,1262.911376953125,480560.0625,198191.015625,8102.8818359375,7116.11328125,25910.92578125,182741.5,176078.703125,232945.515625,69043.3203125,124009.09375,18610.990234375,272669.84375,5747.93408203125,18979.0078125,36907.00390625,255039.625,51866.203125,188377.046875,19418.658203125,6892.5966796875,13174.5556640625,25870.970703125,45509.3515625,2875699.0,366820.1875,1402084.25,3507270.75,11167095,5531.3251953125,66800.4609375,135686768,60066520,20903.759765625,85879.8828125,202465.65625,672678.5,4298.30078125,2717346.0,1114791.625,62677.765625,484475.84375,21042.763671875,821495.75,692.7412719726562,423146.8125,439819.96875,235491.828125,924985.4375,69443.1484375,77087.984375,17171.140625,4142.97412109375,274218.03125,14843.078125,141534.171875,31147.8046875,401834.90625,1099504.25,58442.90234375,7247.74462890625,122065.875,13540.240234375,601306.4375,20076,33.80952835083008,35.582420349121094,0,0,0,0,0,0,0,0,0,0,0,1,0,0,0,0,0,0,0,False,UNKNOWN,0,0,0,0,194605365,24484,0,37.52074432373047,13,,,"{'Type': 'start', 'Data_Type': 'Synthetical', 'Protocol_name': 'ABGv5-0ppb-6RH-75ccm-Anthony-Q425', 'Trial_Details': {'RH': 0, 'group': 35, 'detail': 'N/A', 'trialnum': 16, 'TrialName': '6rh', 'identifier': 'ckUf6', 'Concentration': 0}, 'Experiment_Rig': 'DA3'}",,2026-01-18 23:48:33.509,"{'cid': 'c04d07ee-94c6-44df-ad3c-f46614593299', 'uuid': 'c7aee882-f5a7-43f1-bd32-45d89285d4a7', 'annotationId': 'bed29bbe-8d3a-4751-96da-ec41fc138f11', 'name': 'AmbientSamplingRFC', 'description': 'AmbientSamplingRFC', 'labels': 'AmbientSamplingRFC', 'metadata': {'Length': 30, 'Progress': 0, 'startTime': 1768780097534, 'Notification': 'Event AmbientSamplingRFC Started.'}, 'createdAt': '2026-01-18T23:48:17.774Z', 'createdBy': '5c7b5d9f-c171-4004-a182-4277ffd4c9eb'}",29.83,19.97,1600.0,1600.2,21470060.0,1100.0,1099.26,24020116.0,0.0,563566.31,14.03,32.59,1009.77,1400.0,1399.81,22450138.0,0.0,0.04,22040109.0,2900.0,2895.08,22340093.0
0000000027-4125-asu-nz,0000000018-3024-oms-nz,AmbientSamplingRFC,bed29bbe-8d3a-4751-96da-ec41fc138f11,8431e6bd-5d3e-4c11-b2cc-504dddc0c609,1262.5025634765625,480735.25,198214.265625,8103.11572265625,7116.66845703125,25910.98828125,182606.859375,176062.03125,233251.171875,69031.0234375,124019.2421875,18610.787109375,270916.71875,5747.3486328125,18976.30859375,36920.140625,254997.25,51861.8828125,188472.5,19421.98828125,6892.978515625,13167.474609375,25868.90234375,45516.9609375,2873954.0,364916.1875,1401256.125,3505967.5,11157382,5531.9111328125,68010.375,134921280,60463300,20907.466796875,85851.1796875,202431.625,672723.75,4298.7216796875,2721851.5,1114681.5,62670.26171875,484397.03125,21039.83203125,820516.0,692.5999145507812,422683.65625,440008.15625,235450.171875,924229.375,69479.34375,77116.3125,17178.583984375,4147.33544921875,274527.1875,14865.2939453125,141728.0625,31143.85546875,401803.9375,1099882.625,58443.77734375,7247.5419921875,122234.6796875,13541.8046875,602054.6875,20377,33.970699310302734,35.582420349121094,0,0,0,0,0,0,0,0,0,0,0,1,0,0,0,0,0,0,0,False,UNKNOWN,0,0,0,0,194605365,24484,0,37.52074432373047,13,,,"{'Type': 'start', 'Data_Type': 'Synthetical', 'Protocol_name': 'ABGv5-0ppb-6RH-75ccm-Anthony-Q425', 'Trial_Details': {'RH': 0, 'group': 35, 'detail': 'N/A', 'trialnum': 16, 'TrialName': '6rh', 'identifier': 'ckUf6', 'Concentration': 0}, 'Experiment_Rig': 'DA3'}",,2026-01-18 23:48:33.810,"{'cid': 'c04d07ee-94c6-44df-ad3c-f46614593299', 'uuid': 'c7aee882-f5a7-43f1-bd32-45d89285d4a7', 'annotationId': 'bed29bbe-8d3a-4751-96da-ec41fc138f11', 'name': 'AmbientSamplingRFC', 'description': 'AmbientSamplingRFC', 'labels': 'AmbientSamplingRFC', 'metadata': {'Length': 30, 'Progress': 0, 'startTime': 1768780097534, 'Notification': 'Event AmbientSamplingRFC Started.'}, 'createdAt': '2026-01-18T23:48:17.774Z', 'createdBy': '5c7b5d9f-c171-4004-a182-4277ffd4c9eb'}",29.82,19.98,1600.0,1600.07,21470060.0,1100.0,1099.38,24020116.0,0.0,563566.31,14.03,32.59,1009.79,1400.0,1399.76,22450138.0,0.0,0.04,22040109.0,2900.0,2895.74,22340093.0
0000000027-4125-asu-nz,0000000018-3024-oms-nz,AmbientSamplingRFC,bed29bbe-8d3a-4751-96da-ec41fc138f11,8431e6bd-5d3e-4c11-b2cc-504dddc0c609,1263.3204345703125,480580.53125,198190.375,8102.55126953125,7116.6396484375,25910.17578125,182723.53125,176055.390625,233191.875,69048.8359375,124052.5390625,18611.322265625,270305.625,5758.3271484375,18977.990234375,36928.79296875,255012.078125,51860.61328125,189324.109375,19411.89453125,6892.751953125,13172.771484375,25871.189453125,45522.2265625,2876457.25,364670.8125,1401874.25,3507256.75,11153554,5531.83544921875,68043.484375,134699408,60934252,20906.806640625,85858.7109375,202422.71875,672767.75,4298.248046875,2724385.75,1117726.875,62668.5625,484662.8125,21041.423828125,820785.25,692.1812133789062,422653.09375,439632.125,235435.71875,922813.5,69461.9921875,77108.140625,17176.958984375,4146.87890625,274320.5,14874.978515625,141161.484375,31137.361328125,401796.28125,1099899.5,58450.2578125,7247.44482421875,122180.1640625,13538.1484375,601435.1875,20678,33.890113830566406,35.66300582885742,0,0,0,0,0,0,0,0,0,0,0,1,0,0,0,0,0,0,0,False,UNKNOWN,0,0,0,0,194610398,24484,0,38.19364929199219,13,,,"{'Type': 'start', 'Data_Type': 'Synthetical', 'Protocol_name': 'ABGv5-0ppb-6RH-75ccm-Anthony-Q425', 'Trial_Details': {'RH': 0, 'group': 35, 'detail': 'N/A', 'trialnum': 16, 'TrialName': '6rh', 'identifier': 'ckUf6', 'Concentration': 0}, 'Experiment_Rig': 'DA3'}",,2026-01-18 23:48:34.111,"{'cid': 'c04d07ee-94c6-44df-ad3c-f46614593299', 'uuid': 'c7aee882-f5a7-43f1-bd32-45d89285d4a7', 'annotationId': 'bed29bbe-8d3a-4751-96da-ec41fc138f11', 'name': 'AmbientSamplingRFC', 'description': 'AmbientSamplingRFC', 'labels': 'AmbientSamplingRFC', 'metadata': {'Length': 30, 'Progress': 0, 'startTime': 1768780097534, 'Notification': 'Event AmbientSamplingRFC Started.'}, 'createdAt': '2026-01-18T23:48:17.774Z', 'createdBy': '5c7b5d9f-c171-4004-a182-4277ffd4c9eb'}",29.81,19.98,1600.0,1599.95,21470060.0,1100.0,1099.71,24020116.0,0.0,563566.31,14.02,32.59,1009.8,1400.0,1399.76,22450138.0,0.0,0.03,22040109.0,2900.0,2897.24,22340093.0
0000000027-4125-asu-nz,0000000018-3024-oms-nz,AmbientSamplingRFC,bed29bbe-8d3a-4751-96da-ec41fc138f11,8431e6bd-5d3e-4c11-b2cc-504dddc0c609,1260.3026123046875,480502.84375,198203.140625,8103.07763671875,7117.28515625,25911.06640625,182706.625,176077.75,233747.453125,68992.421875,124081.3984375,18611.12890625,272141.5625,5750.4658203125,18977.830078125,36930.22265625,254908.53125,51865.16015625,188061.78125,19423.98046875,6892.51025390625,13172.5048828125,25872.49609375,45520.48828125,2880751.75,366837.34375,1402156.75,3511331.5,11163124,5532.35400390625,68160.75,135224272,61401660,20904.79296875,85890.921875,202400.59375,672932.5625,4298.9541015625,2726719.75,1117365.375,62669.265625,484571.5,21040.1171875,820337.5625,692.1531372070312,422747.125,440079.65625,235447.484375,921214.25,69410.578125,77093.9921875,17176.240234375,4141.9150390625,274067.96875,14871.18359375,141234.5625,31133.8046875,401459.78125,1099189.125,58448.6953125,7247.91845703125,122067.2578125,13541.8681640625,599860.5625,20979,33.970699310302734,35.743595123291016,0,0,0,0,0,0,0,0,0,0,0,1,0,0,0,0,0,0,0,False,UNKNOWN,0,0,0,0,194610398,24484,0,38.19364929199219,13,,,"{'Type': 'start', 'Data_Type': 'Synthetical', 'Protocol_name': 'ABGv5-0ppb-6RH-75ccm-Anthony-Q425', 'Trial_Details': {'RH': 0, 'group': 35, 'detail': 'N/A', 'trialnum': 16, 'TrialName': '6rh', 'identifier': 'ckUf6', 'Concentration': 0}, 'Experiment_Rig': 'DA3'}",,2026-01-18 23:48:34.411,"{'cid': 'c04d07ee-94c6-44df-ad3c-f46614593299', 'uuid': 'c7aee882-f5a7-43f1-bd32-45d89285d4a7', 'annotationId': 'bed29bbe-8d3a-4751-96da-ec41fc138f11', 'name': 'AmbientSamplingRFC', 'description': 'AmbientSamplingRFC', 'labels': 'AmbientSamplingRFC', 'metadata': {'Length': 30, 'Progress': 0, 'startTime': 1768780097534, 'Notification': 'Event AmbientSamplingRFC Started.'}, 'createdAt': '2026-01-18T23:48:17.774Z', 'createdBy': '5c7b5d9f-c171-4004-a182-4277ffd4c9eb'}",29.8,19.99,1600.0,1599.83,21470060.0,1100.0,1100.05,24020116.0,0.0,563566.31,14.02,32.59,1009.81,1400.0,1399.76,22450138.0,0.0,0.02,22040109.0,2900.0,2898.74,22340093.0
0000000027-4125-asu-nz,0000000018-3024-oms-nz,AmbientSamplingRFC,bed29bbe-8d3a-4751-96da-ec41fc138f11,8431e6bd-5d3e-4c11-b2cc-504dddc0c609,1261.8997802734375,480768.96875,198257.546875,8102.7548828125,7117.1318359375,25910.541015625,182690.421875,176087.4375,233417.53125,68886.5390625,124093.1484375,18611.572265625,272262.3125,5755.416015625,18978.7734375,36920.40625,255036.40625,51882.96875,188283.640625,19415.568359375,6892.943359375,13177.166015625,25874.08984375,45526.36328125,2885286.5,367873.46875,1400555.375,3514781.0,11171358,5532.0966796875,66891.4765625,135949008,61781224,20902.3984375,85856.3515625,202408.546875,672886.125,4298.45556640625,2731384.0,1115666.25,62667.0078125,484361.03125,21040.333984375,820042.0625,692.2710571289062,422462.6875,440329.15625,235430.40625,920374.5,69417.3671875,77104.9453125,17171.90234375,4131.82177734375,274059.59375,14839.12109375,141168.21875,31130.060546875,401317.96875,1098271.75,58437.19921875,7247.76708984375,122190.2109375,13548.2939453125,601070.125,21280,33.890113830566406,35.582420349121094,0,0,0,0,0,0,0,0,0,0,0,1,0,0,0,0,0,0,0,False,UNKNOWN,0,0,0,0,194610398,24484,0,38.19364929199219,13,,,"{'Type': 'start', 'Data_Type': 'Synthetical', 'Protocol_name': 'ABGv5-0ppb-6RH-75ccm-Anthony-Q425', 'Trial_Details': {'RH': 0, 'group': 35, 'detail': 'N/A', 'trialnum': 16, 'TrialName': '6rh', 'identifier': 'ckUf6', 'Concentration': 0}, 'Experiment_Rig': 'DA3'}",,2026-01-18 23:48:34.715,"{'cid': 'c04d07ee-94c6-44df-ad3c-f46614593299', 'uuid': 'c7aee882-f5a7-43f1-bd32-45d89285d4a7', 'annotationId': 'bed29bbe-8d3a-4751-96da-ec41fc138f11', 'name': 'AmbientSamplingRFC', 'description': 'AmbientSamplingRFC', 'labels': 'AmbientSamplingRFC', 'metadata': {'Length': 30, 'Progress': 0, 'startTime': 1768780097534, 'Notification': 'Event AmbientSamplingRFC Started.'}, 'createdAt': '2026-01-18T23:48:17.774Z', 'createdBy': '5c7b5d9f-c171-4004-a182-4277ffd4c9eb'}",29.8,19.98,1600.0,1599.74,21470060.0,1100.0,1100.24,24020116.0,0.0,563762.39,14.01,32.59,1009.81,1400.0,1399.58,22450138.0,0.0,0.01,22040109.0,2900.0,2899.84,22340093.0
0000000027-4125-asu-nz,0000000018-3024-oms-nz,AmbientSamplingRFC,bed29bbe-8d3a-4751-96da-ec41fc138f11,8431e6bd-5d3e-4c11-b2cc-504dddc0c609,1262.7513427734375,481188.53125,198273.9375,8102.73046875,7116.447265625,25911.64453125,182655.734375,176102.609375,233236.6875,68850.7265625,124072.2890625,18612.0390625,272968.1875,5772.8828125,18979.8125,36917.3515625,254862.28125,51892.73828125,188470.84375,19425.8828125,6892.39306640625,13181.8876953125,25875.478515625,45523.1796875,2887871.75,368293.5,1400828.875,3516857.0,11184620,5532.47509765625,67029.9921875,136953504,62051496,20901.146484375,85852.7578125,202335.234375,672747.4375,4298.494140625,2733199.5,1115773.375,62663.9921875,484726.65625,21040.484375,819037.6875,692.5322875976562,422755.875,440197.5,235457.546875,919681.125,69434.3828125,77100.3125,17173.328125,4141.86767578125,273564.03125,14857.123046875,141157.4375,31126.38671875,401262.5625,1096917.75,58432.51953125,7247.7705078125,122138.7734375,13521.8349609375,601330.75,21581,33.970699310302734,35.66300582885742,0,0,0,0,0,0,0,0,0,0,0,1,0,0,0,0,0,0,0,False,UNKNOWN,0,0,0,0,194610398,24484,0,38.19364929199219,13,,,"{'Type': 'start', 'Data_Type': 'Synthetical', 'Protocol_name': 'ABGv5-0ppb-6RH-75ccm-Anthony-Q425', 'Trial_Details': {'RH': 0, 'group': 35, 'detail': 'N/A', 'trialnum': 16, 'TrialName': '6rh', 'identifier': 'ckUf6', 'Concentration': 0}, 'Experiment_Rig': 'DA3'}",,2026-01-18 23:48:35.013,"{'cid': 'c04d07ee-94c6-44df-ad3c-f46614593299', 'uuid': 'c7aee882-f5a7-43f1-bd32-45d89285d4a7', 'annotationId': 'bed29bbe-8d3a-4751-96da-ec41fc138f11', 'name': 'AmbientSamplingRFC', 'description': 'AmbientSamplingRFC', 'labels': 'AmbientSamplingRFC', 'metadata': {'Length': 30, 'Progress': 0, 'startTime': 1768780097534, 'Notification': 'Event AmbientSamplingRFC Started.'}, 'createdAt': '2026-01-18T23:48:17.774Z', 'createdBy': '5c7b5d9f-c171-4004-a182-4277ffd4c9eb'}",29.81,19.97,1600.0,1599.69,21470060.0,1100.0,1100.24,24020116.0,0.0,564123.08,14.0,32.59,1009.8,1400.0,1399.13,22450138.0,0.0,0.01,22040109.0,2900.0,2900.24,22340093.0
0000000027-4125-asu-nz,0000000018-3024-oms-nz,AmbientSamplingRFC,bed29bbe-8d3a-4751-96da-ec41fc138f11,8431e6bd-5d3e-4c11-b2cc-504dddc0c609,1261.500244140625,481363.0625,198343.265625,8102.83056640625,7116.38818359375,25913.408203125,182815.515625,176189.421875,233520.5,68899.5859375,124074.6484375,18612.248046875,272057.8125,5766.833984375,18978.091796875,36924.89453125,255177.375,51875.76953125,189285.4375,19422.79296875,6892.5595703125,13170.4775390625,25872.642578125,45524.76171875,2890695.75,368029.90625,1399388.0,3518469.0,11203886,5533.66015625,66935.6640625,138484912,62134916,20899.833984375,85853.0234375,202295.640625,672389.75,4297.30859375,2729030.75,1111251.75,62679.7265625,484602.53125,21042.533203125,819734.9375,692.5153198242188,423114.625,439839.75,235486.046875,919492.125,69433.65625,77117.5703125,17170.216796875,4133.46630859375,273695.8125,14853.6982421875,140924.484375,31127.474609375,401036.5,1095723.375,58430.3125,7247.26611328125,122107.0859375,13526.958984375,599247.25,21884,33.890113830566406,35.42124938964844,0,0,0,0,0,0,0,0,0,0,0,1,0,0,0,0,0,0,0,False,UNKNOWN,0,0,0,0,194610398,24484,0,38.19364929199219,13,,,"{'Type': 'start', 'Data_Type': 'Synthetical', 'Protocol_name': 'ABGv5-0ppb-6RH-75ccm-Anthony-Q425', 'Trial_Details': {'RH': 0, 'group': 35, 'detail': 'N/A', 'trialnum': 16, 'TrialName': '6rh', 'identifier': 'ckUf6', 'Concentration': 0}, 'Experiment_Rig': 'DA3'}",,2026-01-18 23:48:35.317,"{'cid': 'c04d07ee-94c6-44df-ad3c-f46614593299', 'uuid': 'c7aee882-f5a7-43f1-bd32-45d89285d4a7', 'annotationId': 'bed29bbe-8d3a-4751-96da-ec41fc138f11', 'name': 'AmbientSamplingRFC', 'description': 'AmbientSamplingRFC', 'labels': 'AmbientSamplingRFC', 'metadata': {'Length': 30, 'Progress': 0, 'startTime': 1768780097534, 'Notification': 'Event AmbientSamplingRFC Started.'}, 'createdAt': '2026-01-18T23:48:17.774Z', 'createdBy': '5c7b5d9f-c171-4004-a182-4277ffd4c9eb'}",29.81,19.96,1600.0,1599.64,21470060.0,1100.0,1100.24,24020116.0,0.0,564491.03,13.98,32.59,1009.79,1400.0,1398.67,22450138.0,0.0,0.01,22040109.0,2900.0,2900.65,22340093.0
0000000027-4125-asu-nz,0000000018-3024-oms-nz,AmbientSamplingRFC,bed29bbe-8d3a-4751-96da-ec41fc138f11,8431e6bd-5d3e-4c11-b2cc-504dddc0c609,1262.2376708984375,481442.6875,198345.34375,8103.20849609375,7116.06689453125,25914.6328125,182689.375,176175.875,233639.328125,68872.8359375,124083.8671875,18611.673828125,272481.09375,5770.9443359375,18980.296875,36911.5234375,254843.265625,51855.85546875,188620.046875,19420.806640625,6892.54345703125,13178.732421875,25873.1015625,45518.69921875,2894135.75,368998.6875,1397555.125,3520680.0,11224568,5533.40869140625,67402.2109375,140164720,62027668,20900.87109375,85852.9609375,202298.546875,672183.0625,4297.25830078125,2727647.25,1111291.0,62688.91796875,484523.28125,21043.72265625,820253.4375,692.4244995117188,423506.84375,439867.75,235505.46875,919235.0625,69424.28125,77112.0703125,17180.09375,4131.85693359375,273563.875,14852.9736328125,140343.46875,31123.69140625,401011.1875,1095019.25,58421.67578125,7247.2177734375,122008.4296875,13532.767578125,599865.5625,22183,33.970699310302734,35.582420349121094,0,0,0,0,0,0,0,0,0,0,0,1,0,0,0,0,0,0,0,False,UNKNOWN,0,0,0,0,194610398,24484,0,38.19364929199219,13,,,"{'Type': 'start', 'Data_Type': 'Synthetical', 'Protocol_name': 'ABGv5-0ppb-6RH-75ccm-Anthony-Q425', 'Trial_Details': {'RH': 0, 'group': 35, 'detail': 'N/A', 'trialnum': 16, 'TrialName': '6rh', 'identifier': 'ckUf6', 'Concentration': 0}, 'Experiment_Rig': 'DA3'}",,2026-01-18 23:48:35.620,"{'cid': 'c04d07ee-94c6-44df-ad3c-f46614593299', 'uuid': 'c7aee882-f5a7-43f1-bd32-45d89285d4a7', 'annotationId': 'bed29bbe-8d3a-4751-96da-ec41fc138f11', 'name': 'AmbientSamplingRFC', 'description': 'AmbientSamplingRFC', 'labels': 'AmbientSamplingRFC', 'metadata': {'Length': 30, 'Progress': 0, 'startTime': 1768780097534, 'Notification': 'Event AmbientSamplingRFC Started.'}, 'createdAt': '2026-01-18T23:48:17.774Z', 'createdBy': '5c7b5d9f-c171-4004-a182-4277ffd4c9eb'}",29.82,19.96,1600.0,1599.61,21470060.0,1100.0,1100.22,24020116.0,0.0,564857.78,13.96,32.59,1009.78,1400.0,1398.24,22450138.0,0.0,0.0,22040109.0,2900.0,2900.96,22340093.0
0000000027-4125-asu-nz,0000000018-3024-oms-nz,AmbientSamplingRFC,bed29bbe-8d3a-4751-96da-ec41fc138f11,8431e6bd-5d3e-4c11-b2cc-504dddc0c609,1262.5086669921875,481797.5,198366.203125,8103.3017578125,7116.53369140625,25914.556640625,182724.171875,176197.953125,232824.5625,68871.8359375,124090.765625,18612.490234375,272076.46875,5760.81201171875,18978.810546875,36910.30078125,254660.203125,51863.609375,188733.640625,19411.46875,6892.6884765625,13176.6572265625,25872.865234375,45513.1015625,2898121.25,367948.375,1400205.75,3522506.75,11241916,5532.64599609375,67930.46875,141577040,61752416,20902.9609375,85840.40625,202303.09375,672093.125,4297.1767578125,2727433.5,1109967.625,62695.6328125,484997.125,21043.736328125,821096.6875,691.9783935546875,423313.15625,440292.59375,235573.125,919773.125,69408.375,77133.078125,17182.869140625,4133.41796875,274260.84375,14852.7451171875,140853.09375,31124.404296875,400981.625,1094696.125,58424.5546875,7247.81396484375,121940.671875,13535.8818359375,599552.75,22484,33.890113830566406,35.582420349121094,0,0,0,0,0,0,0,0,0,0,0,1,0,0,0,0,0,0,0,False,UNKNOWN,0,0,0,0,194610398,24484,0,38.19364929199219,13,,,"{'Type': 'start', 'Data_Type': 'Synthetical', 'Protocol_name': 'ABGv5-0ppb-6RH-75ccm-Anthony-Q425', 'Trial_Details': {'RH': 0, 'group': 35, 'detail': 'N/A', 'trialnum': 16, 'TrialName': '6rh', 'identifier': 'ckUf6', 'Concentration': 0}, 'Experiment_Rig': 'DA3'}",,2026-01-18 23:48:35.921,"{'cid': 'c04d07ee-94c6-44df-ad3c-f46614593299', 'uuid': 'c7aee882-f5a7-43f1-bd32-45d89285d4a7', 'annotationId': 'bed29bbe-8d3a-4751-96da-ec41fc138f11', 'name': 'AmbientSamplingRFC', 'description': 'AmbientSamplingRFC', 'labels': 'AmbientSamplingRFC', 'metadata': {'Length': 30, 'Progress': 0, 'startTime': 1768780097534, 'Notification': 'Event AmbientSamplingRFC Started.'}, 'createdAt': '2026-01-18T23:48:17.774Z', 'createdBy': '5c7b5d9f-c171-4004-a182-4277ffd4c9eb'}",29.83,19.96,1600.0,1599.71,21470060.0,1100.0,1100.03,24020116.0,0.0,564255.81,13.96,32.59,1009.79,1400.0,1398.27,22450138.0,0.0,0.02,22040109.0,2900.0,2899.19,22340093.0
0000000027-4125-asu-nz,0000000018-3024-oms-nz,AmbientSamplingRFC,bed29bbe-8d3a-4751-96da-ec41fc138f11,8431e6bd-5d3e-4c11-b2cc-504dddc0c609,1262.566650390625,481599.46875,198373.359375,8102.919921875,7116.95556640625,25914.59765625,182708.03125,176187.59375,232918.484375,68825.7578125,124073.359375,18612.841796875,271195.375,5750.5185546875,18976.869140625,36909.21875,254378.53125,51846.77734375,188203.78125,19412.435546875,6892.6025390625,13174.5107421875,25870.501953125,45505.28125,2896031.75,368670.28125,1395693.875,3521837.5,11245567,5533.3935546875,68537.109375,142076640,61228356,20901.52734375,85829.7578125,202265.234375,672056.6875,4298.39990234375,2727747.75,1112445.125,62701.6484375,484898.5625,21042.43359375,821786.125,692.5526123046875,423117.25,440624.28125,235587.8125,921354.5625,69456.15625,77171.1328125,17171.27734375,4133.18359375,273974.03125,14865.0419921875,141867.734375,31123.966796875,400896.21875,1094046.625,58417.48828125,7247.16015625,121861.1875,13523.990234375,599823.875,22786,33.890113830566406,35.582420349121094,0,0,0,0,0,0,0,0,0,0,0,1,0,0,0,0,0,0,0,False,UNKNOWN,0,0,0,0,194610398,24484,0,38.19364929199219,13,,,"{'Type': 'start', 'Data_Type': 'Synthetical', 'Protocol_name': 'ABGv5-0ppb-6RH-75ccm-Anthony-Q425', 'Trial_Details': {'RH': 0, 'group': 35, 'detail': 'N/A', 'trialnum': 16, 'TrialName': '6rh', 'identifier': 'ckUf6', 'Concentration': 0}, 'Experiment_Rig': 'DA3'}",,2026-01-18 23:48:36.220,"{'cid': 'c04d07ee-94c6-44df-ad3c-f46614593299', 'uuid': 'c7aee882-f5a7-43f1-bd32-45d89285d4a7', 'annotationId': 'bed29bbe-8d3a-4751-96da-ec41fc138f11', 'name': 'AmbientSamplingRFC', 'description': 'AmbientSamplingRFC', 'labels': 'AmbientSamplingRFC', 'metadata': {'Length': 30, 'Progress': 0, 'startTime': 1768780097534, 'Notification': 'Event AmbientSamplingRFC Started.'}, 'createdAt': '2026-01-18T23:48:17.774Z', 'createdBy': '5c7b5d9f-c171-4004-a182-4277ffd4c9eb'}",29.84,19.97,1600.0,1599.8,21470060.0,1100.0,1099.84,24020116.0,0.0,563254.89,13.96,32.59,1009.8,1400.0,1398.29,22450138.0,0.0,0.03,22040109.0,2900.0,2897.44,22340093.0
0000000027-4125-asu-nz,0000000018-3024-oms-nz,AmbientSamplingRFC,bed29bbe-8d3a-4751-96da-ec41fc138f11,8431e6bd-5d3e-4c11-b2cc-504dddc0c609,1263.8695068359375,481210.03125,198379.90625,8103.1376953125,7116.77587890625,25916.580078125,182821.78125,176171.1875,233305.90625,68835.140625,124066.4609375,18611.251953125,271082.625,5765.2451171875,18976.0390625,36908.7890625,254560.421875,51855.36328125,187756.796875,19421.564453125,6892.66748046875,13169.970703125,25866.33203125,45499.6015625,2894342.25,367813.3125,1393980.5,3521196.25,11247240,5533.0478515625,67788.4609375,142461824,60772112,20903.87890625,85856.578125,202284.59375,672021.25,4298.005859375,2728316.0,1112669.25,62700.72265625,484388.4375,21042.017578125,822151.75,691.8214111328125,423527.53125,440464.78125,235583.328125,922388.1875,69439.1015625,77166.734375,17172.41796875,4126.31298828125,273976.40625,14861.8896484375,142061.40625,31126.587890625,401115.03125,1094275.5,58420.8125,7247.23291015625,121897.984375,13530.8251953125,600350.8125,23086,33.890113830566406,35.582420349121094,0,0,0,0,0,0,0,0,0,0,0,1,0,0,0,0,0,0,0,False,UNKNOWN,0,0,0,0,194610398,24484,0,38.19364929199219,13,,,"{'Type': 'start', 'Data_Type': 'Synthetical', 'Protocol_name': 'ABGv5-0ppb-6RH-75ccm-Anthony-Q425', 'Trial_Details': {'RH': 0, 'group': 35, 'detail': 'N/A', 'trialnum': 16, 'TrialName': '6rh', 'identifier': 'ckUf6', 'Concentration': 0}, 'Experiment_Rig': 'DA3'}",,2026-01-18 23:48:36.519,"{'cid': 'c04d07ee-94c6-44df-ad3c-f46614593299', 'uuid': 'c7aee882-f5a7-43f1-bd32-45d89285d4a7', 'annotationId': 'bed29bbe-8d3a-4751-96da-ec41fc138f11', 'name': 'AmbientSamplingRFC', 'description': 'AmbientSamplingRFC', 'labels': 'AmbientSamplingRFC', 'metadata': {'Length': 30, 'Progress': 0, 'startTime': 1768780097534, 'Notification': 'Event AmbientSamplingRFC Started.'}, 'createdAt': '2026-01-18T23:48:17.774Z', 'createdBy': '5c7b5d9f-c171-4004-a182-4277ffd4c9eb'}",29.85,19.97,1600.0,1599.89,21470060.0,1100.0,1099.65,24020116.0,0.0,562253.96,13.95,32.59,1009.81,1400.0,1398.31,22450138.0,0.0,0.04,22040109.0,2900.0,2895.68,22340093.0
0000000027-4125-asu-nz,0000000018-3024-oms-nz,AmbientSamplingRFC,bed29bbe-8d3a-4751-96da-ec41fc138f11,8431e6bd-5d3e-4c11-b2cc-504dddc0c609,1262.899658203125,481197.5625,198361.234375,8103.40185546875,7116.720703125,25915.5390625,182779.3125,176178.59375,233076.640625,68930.921875,124059.5703125,18611.6015625,271995.28125,5761.787109375,18974.642578125,36904.61328125,254509.90625,51856.86328125,188458.953125,19425.076171875,6892.68701171875,13177.3984375,25867.17578125,45504.7890625,2888869.0,366716.0625,1396078.25,3518511.25,11242325,5532.52099609375,67967.6015625,142056000,60316456,20906.919921875,85853.109375,202280.828125,671987.5,4297.5283203125,2731972.25,1113941.25,62706.49609375,484655.34375,21039.478515625,821963.25,692.1405639648438,423635.78125,440734.71875,235593.296875,923648.625,69436.25,77161.8046875,17173.755859375,4133.1865234375,274250.59375,14840.552734375,141691.359375,31126.552734375,401201.15625,1094639.5,58435.9765625,7247.25146484375,121997.7265625,13526.3076171875,600788.8125,23387,33.890113830566406,35.66300582885742,0,0,0,0,0,0,0,0,0,0,0,1,0,0,0,0,0,0,0,False,UNKNOWN,0,0,0,0,194610398,24484,0,38.19364929199219,13,,,"{'Type': 'start', 'Data_Type': 'Synthetical', 'Protocol_name': 'ABGv5-0ppb-6RH-75ccm-Anthony-Q425', 'Trial_Details': {'RH': 0, 'group': 35, 'detail': 'N/A', 'trialnum': 16, 'TrialName': '6rh', 'identifier': 'ckUf6', 'Concentration': 0}, 'Experiment_Rig': 'DA3'}",,2026-01-18 23:48:36.822,"{'cid': 'c04d07ee-94c6-44df-ad3c-f46614593299', 'uuid': 'c7aee882-f5a7-43f1-bd32-45d89285d4a7', 'annotationId': 'bed29bbe-8d3a-4751-96da-ec41fc138f11', 'name': 'AmbientSamplingRFC', 'description': 'AmbientSamplingRFC', 'labels': 'AmbientSamplingRFC', 'metadata': {'Length': 30, 'Progress': 0, 'startTime': 1768780097534, 'Notification': 'Event AmbientSamplingRFC Started.'}, 'createdAt': '2026-01-18T23:48:17.774Z', 'createdBy': '5c7b5d9f-c171-4004-a182-4277ffd4c9eb'}",29.84,19.97,1600.0,1599.92,21470060.0,1100.0,1099.81,24020116.0,0.0,561262.97,13.95,32.59,1009.82,1400.0,1398.62,22450138.0,0.0,0.04,22040109.0,2900.0,2895.6,22340093.0
0000000027-4125-asu-nz,0000000018-3024-oms-nz,AmbientSamplingRFC,bed29bbe-8d3a-4751-96da-ec41fc138f11,8431e6bd-5d3e-4c11-b2cc-504dddc0c609,1261.7017822265625,480793.90625,198322.375,8102.32421875,7116.4423828125,25915.1484375,182708.9375,176178.75,233141.65625,68809.765625,124039.2890625,18612.107421875,271177.8125,5768.59912109375,18975.97265625,36903.26953125,254059.75,51872.2421875,188407.484375,19417.478515625,6892.765625,13171.6025390625,25866.931640625,45501.1484375,2884982.5,364938.84375,1396422.0,3516639.5,11231695,5532.87255859375,69117.375,141236512,59963692,20908.23828125,85834.5859375,202318.953125,671968.0625,4299.01611328125,2735277.75,1112248.875,62711.625,484679.40625,21042.1875,822618.875,691.9760131835938,423295.9375,440764.1875,235586.640625,924405.0625,69470.4921875,77163.234375,17184.982421875,4133.8251953125,273940.78125,14857.34375,141480.703125,31130.3203125,401416.59375,1095449.375,58445.44140625,7247.40283203125,122198.9609375,13529.1787109375,599222.4375,23688,33.970699310302734,35.66300582885742,0,0,0,0,0,0,0,0,0,0,0,1,0,0,0,0,0,0,0,False,UNKNOWN,0,0,0,0,194610398,24484,0,38.19364929199219,13,,,"{'Type': 'start', 'Data_Type': 'Synthetical', 'Protocol_name': 'ABGv5-0ppb-6RH-75ccm-Anthony-Q425', 'Trial_Details': {'RH': 0, 'group': 35, 'detail': 'N/A', 'trialnum': 16, 'TrialName': '6rh', 'identifier': 'ckUf6', 'Concentration': 0}, 'Experiment_Rig': 'DA3'}",,2026-01-18 23:48:37.121,"{'cid': 'c04d07ee-94c6-44df-ad3c-f46614593299', 'uuid': 'c7aee882-f5a7-43f1-bd32-45d89285d4a7', 'annotationId': 'bed29bbe-8d3a-4751-96da-ec41fc138f11', 'name': 'AmbientSamplingRFC', 'description': 'AmbientSamplingRFC', 'labels': 'AmbientSamplingRFC', 'metadata': {'Length': 30, 'Progress': 0, 'startTime': 1768780097534, 'Notification': 'Event AmbientSamplingRFC Started.'}, 'createdAt': '2026-01-18T23:48:17.774Z', 'createdBy': '5c7b5d9f-c171-4004-a182-4277ffd4c9eb'}",29.83,19.97,1600.0,1599.92,21470060.0,1100.0,1100.09,24020116.0,0.0,562586.63,13.95,32.59,1009.81,1400.0,1399.05,22450138.0,0.0,0.02,22040109.0,2900.0,2896.28,22340093.0
0000000027-4125-asu-nz,0000000018-3024-oms-nz,AmbientSamplingRFC,bed29bbe-8d3a-4751-96da-ec41fc138f11,8431e6bd-5d3e-4c11-b2cc-504dddc0c609,1263.200927734375,480570.375,198254.96875,8102.54296875,7116.578125,25913.107421875,182671.328125,176144.4375,233111.453125,68912.1484375,124020.109375,18611.81640625,271593.25,5752.30322265625,18974.935546875,36906.43359375,254133.625,51872.80859375,188542.15625,19421.513671875,6892.34716796875,13168.427734375,25866.82421875,45501.28125,2881917.75,365259.75,1394873.125,3514973.5,11216714,5532.71044921875,69353.7578125,139943584,59734828,20905.44921875,85861.8828125,202416.4375,672067.75,4298.560546875,2737435.75,1111636.625,62705.56640625,484453.4375,21042.03515625,823525.4375,693.2373046875,423256.15625,440391.03125,235590.40625,925018.4375,69455.40625,77200.2578125,17175.72265625,4131.42724609375,274183.03125,14865.3876953125,141448.765625,31134.23828125,401633.59375,1096863.0,58454.0234375,7247.57177734375,122161.484375,13537.689453125,600560.0,23989,33.80952835083008,35.582420349121094,0,0,0,0,0,0,0,0,0,0,0,1,0,0,0,0,0,0,0,False,UNKNOWN,0,0,0,0,194610398,24484,0,38.19364929199219,13,,,"{'Type': 'start', 'Data_Type': 'Synthetical', 'Protocol_name': 'ABGv5-0ppb-6RH-75ccm-Anthony-Q425', 'Trial_Details': {'RH': 0, 'group': 35, 'detail': 'N/A', 'trialnum': 16, 'TrialName': '6rh', 'identifier': 'ckUf6', 'Concentration': 0}, 'Experiment_Rig': 'DA3'}",,2026-01-18 23:48:37.422,"{'cid': 'c04d07ee-94c6-44df-ad3c-f46614593299', 'uuid': 'c7aee882-f5a7-43f1-bd32-45d89285d4a7', 'annotationId': 'bed29bbe-8d3a-4751-96da-ec41fc138f11', 'name': 'AmbientSamplingRFC', 'description': 'AmbientSamplingRFC', 'labels': 'AmbientSamplingRFC', 'metadata': {'Length': 30, 'Progress': 0, 'startTime': 1768780097534, 'Notification': 'Event AmbientSamplingRFC Started.'}, 'createdAt': '2026-01-18T23:48:17.774Z', 'createdBy': '5c7b5d9f-c171-4004-a182-4277ffd4c9eb'}",29.82,19.97,1600.0,1599.92,21470060.0,1100.0,1100.38,24020116.0,0.0,563919.15,13.95,32.59,1009.79,1400.0,1399.48,22450138.0,0.0,0.01,22040109.0,2900.0,2896.98,22340093.0
0000000027-4125-asu-nz,0000000018-3024-oms-nz,AmbientSamplingRFC,bed29bbe-8d3a-4751-96da-ec41fc138f11,8431e6bd-5d3e-4c11-b2cc-504dddc0c609,1262.518798828125,481419.125,198200.375,8102.65087890625,7116.474609375,25911.333984375,182604.34375,176099.5,233065.921875,68865.875,124009.1171875,18612.08984375,271475.03125,5758.3701171875,18975.216796875,36907.0625,254486.984375,51857.453125,188711.078125,19427.46875,6892.47802734375,13166.251953125,25867.0390625,45501.65625,2879653.5,364328.875,1392893.75,3513061.75,11201808,5532.74560546875,69789.1484375,138683712,59677204,20907.482421875,85830.984375,202399.46875,672322.4375,4298.72705078125,2741430.0,1110282.125,62691.52734375,484652.75,21042.015625,822915.9375,692.6048583984375,423089.78125,440395.03125,235541.578125,925526.0,69463.7265625,77204.3046875,17174.802734375,4130.94140625,273031.0625,14874.498046875,141280.6875,31137.734375,401667.25,1097777.25,58444.58203125,7247.646484375,122318.421875,13525.791015625,601294.375,24290,33.80952835083008,35.66300582885742,0,0,0,0,0,0,0,0,0,0,0,1,0,0,0,0,0,0,0,False,UNKNOWN,0,0,0,0,194610398,24484,0,38.19364929199219,13,,,"{'Type': 'start', 'Data_Type': 'Synthetical', 'Protocol_name': 'ABGv5-0ppb-6RH-75ccm-Anthony-Q425', 'Trial_Details': {'RH': 0, 'group': 35, 'detail': 'N/A', 'trialnum': 16, 'TrialName': '6rh', 'identifier': 'ckUf6', 'Concentration': 0}, 'Experiment_Rig': 'DA3'}",,2026-01-18 23:48:37.723,"{'cid': 'c04d07ee-94c6-44df-ad3c-f46614593299', 'uuid': 'c7aee882-f5a7-43f1-bd32-45d89285d4a7', 'annotationId': 'bed29bbe-8d3a-4751-96da-ec41fc138f11', 'name': 'AmbientSamplingRFC', 'description': 'AmbientSamplingRFC', 'labels': 'AmbientSamplingRFC', 'metadata': {'Length': 30, 'Progress': 0, 'startTime': 1768780097534, 'Notification': 'Event AmbientSamplingRFC Started.'}, 'createdAt': '2026-01-18T23:48:17.774Z', 'createdBy': '5c7b5d9f-c171-4004-a182-4277ffd4c9eb'}",29.82,19.97,1600.0,1599.78,21470060.0,1100.0,1100.5,24020116.0,0.0,565251.67,13.95,32.59,1009.78,1400.0,1399.76,22450138.0,0.0,0.0,22040109.0,2900.0,2897.31,22340093.0
0000000027-4125-asu-nz,0000000018-3024-oms-nz,AmbientSamplingRFC,bed29bbe-8d3a-4751-96da-ec41fc138f11,8431e6bd-5d3e-4c11-b2cc-504dddc0c609,1262.7315673828125,481094.0625,198164.234375,8103.0166015625,7116.62451171875,25909.419921875,182626.140625,176095.15625,233321.640625,68961.6640625,124017.953125,18609.39453125,271407.28125,5752.15869140625,18976.015625,36897.45703125,254293.390625,51883.203125,188618.28125,19427.181640625,6892.38623046875,13176.45703125,25867.79296875,45502.25,2877255.75,363947.15625,1394120.875,3511180.5,11184120,5532.083984375,68916.8671875,137195120,59813532,20908.259765625,85862.671875,202431.28125,672591.8125,4299.3359375,2744676.25,1110923.125,62684.05859375,484560.09375,21043.04296875,821677.1875,692.9495239257812,423083.96875,440354.8125,235496.96875,925548.625,69437.0546875,77164.390625,17177.619140625,4138.572265625,273676.90625,14887.7421875,141808.109375,31136.650390625,401826.1875,1098300.875,58450.703125,7247.24072265625,122411.9765625,13522.064453125,602200.3125,24591,33.970699310302734,35.743595123291016,0,0,0,0,0,0,0,0,0,0,0,1,0,0,0,0,0,0,0,False,UNKNOWN,0,0,0,0,194610398,24484,0,38.19364929199219,13,,,"{'Type': 'start', 'Data_Type': 'Synthetical', 'Protocol_name': 'ABGv5-0ppb-6RH-75ccm-Anthony-Q425', 'Trial_Details': {'RH': 0, 'group': 35, 'detail': 'N/A', 'trialnum': 16, 'TrialName': '6rh', 'identifier': 'ckUf6', 'Concentration': 0}, 'Experiment_Rig': 'DA3'}",,2026-01-18 23:48:38.023,"{'cid': 'c04d07ee-94c6-44df-ad3c-f46614593299', 'uuid': 'c7aee882-f5a7-43f1-bd32-45d89285d4a7', 'annotationId': 'bed29bbe-8d3a-4751-96da-ec41fc138f11', 'name': 'AmbientSamplingRFC', 'description': 'AmbientSamplingRFC', 'labels': 'AmbientSamplingRFC', 'metadata': {'Length': 30, 'Progress': 0, 'startTime': 1768780097534, 'Notification': 'Event AmbientSamplingRFC Started.'}, 'createdAt': '2026-01-18T23:48:17.774Z', 'createdBy': '5c7b5d9f-c171-4004-a182-4277ffd4c9eb'}",29.82,19.97,1600.0,1599.42,21470060.0,1100.0,1100.33,24020116.0,0.0,566219.99,13.95,32.59,1009.77,1400.0,1399.76,22450138.0,0.0,0.0,22040109.0,2900.0,2896.9,22340093.0
0000000027-4125-asu-nz,0000000018-3024-oms-nz,AmbientSamplingRFC,bed29bbe-8d3a-4751-96da-ec41fc138f11,8431e6bd-5d3e-4c11-b2cc-504dddc0c609,1265.505126953125,480797.78125,198160.828125,8102.7861328125,7116.24267578125,25909.79296875,182580.375,176053.21875,233352.375,69011.890625,124033.984375,18611.95703125,271164.03125,5766.48486328125,18974.7734375,36897.6484375,254904.015625,51875.7890625,188436.90625,19429.84765625,6892.6591796875,13166.8330078125,25871.2109375,45512.796875,2876171.75,365059.78125,1394954.875,3509630.0,11174984,5531.7734375,69229.5703125,136298928,60220208,20906.302734375,85853.9453125,202411.15625,672761.625,4299.3017578125,2747729.5,1109279.25,62673.671875,484076.4375,21041.09765625,820270.3125,692.1564331054688,423159.75,439599.8125,235442.609375,924755.75,69432.21875,77135.671875,17175.546875,4145.92138671875,274394.125,14866.693359375,141759.640625,31137.134765625,401770.84375,1097923.75,58457.140625,7247.26318359375,122201.4453125,13526.7958984375,602271.875,24893,34.05128479003906,35.582420349121094,0,0,0,0,0,0,0,0,0,0,0,1,0,0,0,0,0,0,0,False,UNKNOWN,0,0,0,0,194610398,24484,0,38.19364929199219,13,,,"{'Type': 'start', 'Data_Type': 'Synthetical', 'Protocol_name': 'ABGv5-0ppb-6RH-75ccm-Anthony-Q425', 'Trial_Details': {'RH': 0, 'group': 35, 'detail': 'N/A', 'trialnum': 16, 'TrialName': '6rh', 'identifier': 'ckUf6', 'Concentration': 0}, 'Experiment_Rig': 'DA3'}",,2026-01-18 23:48:38.326,"{'cid': 'c04d07ee-94c6-44df-ad3c-f46614593299', 'uuid': 'c7aee882-f5a7-43f1-bd32-45d89285d4a7', 'annotationId': 'bed29bbe-8d3a-4751-96da-ec41fc138f11', 'name': 'AmbientSamplingRFC', 'description': 'AmbientSamplingRFC', 'labels': 'AmbientSamplingRFC', 'metadata': {'Length': 30, 'Progress': 0, 'startTime': 1768780097534, 'Notification': 'Event AmbientSamplingRFC Started.'}, 'createdAt': '2026-01-18T23:48:17.774Z', 'createdBy': '5c7b5d9f-c171-4004-a182-4277ffd4c9eb'}",29.82,19.97,1600.0,1599.07,21470060.0,1100.0,1100.16,24020116.0,0.0,565242.03,13.95,32.59,1009.76,1400.0,1399.76,22450138.0,0.0,0.0,22040109.0,2900.0,2896.49,22340093.0
0000000027-4125-asu-nz,0000000018-3024-oms-nz,AmbientSamplingRFC,bed29bbe-8d3a-4751-96da-ec41fc138f11,8431e6bd-5d3e-4c11-b2cc-504dddc0c609,1263.6573486328125,480329.09375,198153.109375,8102.57861328125,7116.2138671875,25909.923828125,182677.359375,176075.296875,233469.515625,69000.3515625,124042.8359375,18611.2265625,271082.5,5753.41943359375,18975.158203125,36891.8515625,255154.03125,51877.6484375,189464.015625,19445.154296875,6892.65966796875,13164.5224609375,25871.095703125,45521.09765625,2875364.0,364075.40625,1394451.625,3508040.25,11163527,5532.08642578125,68576.0703125,135396256,60602780,20912.560546875,85864.5078125,202374.171875,672859.875,4299.46435546875,2748850.0,1108910.875,62674.1484375,483970.9375,21041.564453125,820366.75,692.8809204101562,422847.125,439751.375,235415.171875,923931.25,69405.4921875,77136.515625,17176.9375,4127.837890625,274550.03125,14861.4501953125,142880.4375,31138.578125,401616.71875,1098561.125,58442.640625,7247.994140625,122271.9296875,13524.259765625,601160.375,25193,33.890113830566406,35.66300582885742,0,0,0,0,0,0,0,0,0,0,0,1,0,0,0,0,0,0,0,False,UNKNOWN,0,0,0,0,194610398,24484,0,38.19364929199219,13,,,"{'Type': 'start', 'Data_Type': 'Synthetical', 'Protocol_name': 'ABGv5-0ppb-6RH-75ccm-Anthony-Q425', 'Trial_Details': {'RH': 0, 'group': 35, 'detail': 'N/A', 'trialnum': 16, 'TrialName': '6rh', 'identifier': 'ckUf6', 'Concentration': 0}, 'Experiment_Rig': 'DA3'}",,2026-01-18 23:48:38.628,"{'cid': 'c04d07ee-94c6-44df-ad3c-f46614593299', 'uuid': 'c7aee882-f5a7-43f1-bd32-45d89285d4a7', 'annotationId': 'bed29bbe-8d3a-4751-96da-ec41fc138f11', 'name': 'AmbientSamplingRFC', 'description': 'AmbientSamplingRFC', 'labels': 'AmbientSamplingRFC', 'metadata': {'Length': 30, 'Progress': 0, 'startTime': 1768780097534, 'Notification': 'Event AmbientSamplingRFC Started.'}, 'createdAt': '2026-01-18T23:48:17.774Z', 'createdBy': '5c7b5d9f-c171-4004-a182-4277ffd4c9eb'}",29.82,19.97,1600.0,1598.73,21470060.0,1100.0,1100.01,24020116.0,0.0,564267.3,13.96,32.59,1009.76,1400.0,1399.76,22450138.0,0.0,0.0,22040109.0,2900.0,2896.09,22340093.0
0000000027-4125-asu-nz,0000000018-3024-oms-nz,AmbientSamplingRFC,bed29bbe-8d3a-4751-96da-ec41fc138f11,8431e6bd-5d3e-4c11-b2cc-504dddc0c609,1264.5377197265625,480162.4375,198197.703125,8102.912109375,7116.26806640625,25908.66015625,182662.28125,176084.46875,233409.59375,68960.9609375,124057.9375,18611.42578125,271667.09375,5743.6748046875,18978.798828125,36901.953125,255242.53125,51889.32421875,188493.421875,19419.43359375,6892.81884765625,13167.41796875,25871.94140625,45521.20703125,2877264.0,363088.1875,1395950.0,3509017.75,11161900,5531.58544921875,68396.0,135157632,61070576,20910.96484375,85863.921875,202364.46875,672921.5,4298.30029296875,2748089.5,1107367.0,62667.09375,484171.78125,21042.146484375,819762.9375,692.8431396484375,422582.0,439797.96875,235441.6875,922870.1875,69418.3203125,77118.6484375,17177.830078125,4131.978515625,274660.59375,14851.658203125,141956.859375,31142.9296875,401412.40625,1098799.125,58434.98828125,7246.533203125,122153.3984375,13535.6162109375,601985.8125,25494,33.80952835083008,35.42124938964844,0,0,0,0,0,0,0,0,0,0,0,1,0,0,0,0,0,0,0,False,UNKNOWN,0,0,0,0,194615413,24484,0,36.9862060546875,13,,,"{'Type': 'start', 'Data_Type': 'Synthetical', 'Protocol_name': 'ABGv5-0ppb-6RH-75ccm-Anthony-Q425', 'Trial_Details': {'RH': 0, 'group': 35, 'detail': 'N/A', 'trialnum': 16, 'TrialName': '6rh', 'identifier': 'ckUf6', 'Concentration': 0}, 'Experiment_Rig': 'DA3'}",,2026-01-18 23:48:38.932,"{'cid': 'c04d07ee-94c6-44df-ad3c-f46614593299', 'uuid': 'c7aee882-f5a7-43f1-bd32-45d89285d4a7', 'annotationId': 'bed29bbe-8d3a-4751-96da-ec41fc138f11', 'name': 'AmbientSamplingRFC', 'description': 'AmbientSamplingRFC', 'labels': 'AmbientSamplingRFC', 'metadata': {'Length': 30, 'Progress': 0, 'startTime': 1768780097534, 'Notification': 'Event AmbientSamplingRFC Started.'}, 'createdAt': '2026-01-18T23:48:17.774Z', 'createdBy': '5c7b5d9f-c171-4004-a182-4277ffd4c9eb'}",29.82,19.96,1600.0,1598.89,21470060.0,1100.0,1100.52,24020116.0,0.0,563286.12,13.96,32.59,1009.75,1400.0,1400.27,22450138.0,0.0,0.02,22040109.0,2900.0,2897.48,22340093.0
0000000027-4125-asu-nz,0000000018-3024-oms-nz,AmbientSamplingRFC,bed29bbe-8d3a-4751-96da-ec41fc138f11,8431e6bd-5d3e-4c11-b2cc-504dddc0c609,1265.0267333984375,480257.1875,198232.0,8102.90673828125,7116.69970703125,25910.98046875,182737.578125,176111.765625,233503.53125,68993.265625,124093.25,18611.572265625,271292.09375,5743.32080078125,18978.701171875,36916.78515625,255083.03125,51892.23828125,189237.296875,19431.6953125,6893.3447265625,13170.8583984375,25872.1015625,45522.7890625,2880695.25,364379.5,1398173.875,3511763.5,11172177,5531.60546875,67804.75,135965152,61480936,20910.416015625,85842.6875,202309.28125,672938.6875,4299.919921875,2748026.75,1108278.875,62662.84765625,483794.15625,21040.54296875,819547.1875,692.2267456054688,422391.28125,439867.59375,235408.90625,922034.5625,69429.3515625,77117.0390625,17177.61328125,4133.20458984375,274389.625,14843.2783203125,141749.9375,31138.703125,401395.8125,1098200.625,58429.05078125,7247.271484375,122052.71875,13526.4755859375,602396.5625,25796,33.80952835083008,35.582420349121094,0,0,0,0,0,0,0,0,0,0,0,1,0,0,0,0,0,0,0,False,UNKNOWN,0,0,0,0,194615413,24484,0,36.9862060546875,13,,,"{'Type': 'start', 'Data_Type': 'Synthetical', 'Protocol_name': 'ABGv5-0ppb-6RH-75ccm-Anthony-Q425', 'Trial_Details': {'RH': 0, 'group': 35, 'detail': 'N/A', 'trialnum': 16, 'TrialName': '6rh', 'identifier': 'ckUf6', 'Concentration': 0}, 'Experiment_Rig': 'DA3'}",,2026-01-18 23:48:39.229,"{'cid': 'c04d07ee-94c6-44df-ad3c-f46614593299', 'uuid': 'c7aee882-f5a7-43f1-bd32-45d89285d4a7', 'annotationId': 'bed29bbe-8d3a-4751-96da-ec41fc138f11', 'name': 'AmbientSamplingRFC', 'description': 'AmbientSamplingRFC', 'labels': 'AmbientSamplingRFC', 'metadata': {'Length': 30, 'Progress': 0, 'startTime': 1768780097534, 'Notification': 'Event AmbientSamplingRFC Started.'}, 'createdAt': '2026-01-18T23:48:17.774Z', 'createdBy': '5c7b5d9f-c171-4004-a182-4277ffd4c9eb'}",29.83,19.95,1600.0,1599.06,21470060.0,1100.0,1101.01,24020116.0,0.0,563064.84,13.96,32.59,1009.75,1400.0,1400.76,22450138.0,0.0,0.04,22040109.0,2900.0,2898.87,22340093.0
0000000027-4125-asu-nz,0000000018-3024-oms-nz,AmbientSamplingRFC,bed29bbe-8d3a-4751-96da-ec41fc138f11,8431e6bd-5d3e-4c11-b2cc-504dddc0c609,1263.519287109375,480598.84375,198265.390625,8102.72265625,7116.81591796875,25911.142578125,182768.078125,176102.984375,233331.234375,68841.0703125,124082.359375,18611.14453125,272084.90625,5754.98974609375,18979.244140625,36915.90234375,255031.109375,51891.9765625,188981.1875,19427.634765625,6893.28173828125,13177.2490234375,25873.62890625,45529.6953125,2883440.5,363708.09375,1396776.0,3514508.0,11182182,5531.8427734375,68522.9921875,136752384,61859928,20913.408203125,85844.796875,202317.546875,672918.4375,4299.1748046875,2744973.5,1107827.875,62661.98046875,483785.09375,21042.744140625,819847.375,692.8024291992188,422698.25,440086.6875,235429.765625,921133.625,69428.328125,77140.15625,17179.51953125,4142.49609375,273927.78125,14869.8203125,141708.8125,31130.083984375,401100.71875,1097327.0,58427.859375,7247.603515625,122102.1328125,13519.283203125,602413.4375,26096,33.80952835083008,35.582420349121094,0,0,0,0,0,0,0,0,0,0,0,1,0,0,0,0,0,0,0,False,UNKNOWN,0,0,0,0,194615413,24484,0,36.9862060546875,13,,,"{'Type': 'start', 'Data_Type': 'Synthetical', 'Protocol_name': 'ABGv5-0ppb-6RH-75ccm-Anthony-Q425', 'Trial_Details': {'RH': 0, 'group': 35, 'detail': 'N/A', 'trialnum': 16, 'TrialName': '6rh', 'identifier': 'ckUf6', 'Concentration': 0}, 'Experiment_Rig': 'DA3'}",,2026-01-18 23:48:39.529,"{'cid': 'c04d07ee-94c6-44df-ad3c-f46614593299', 'uuid': 'c7aee882-f5a7-43f1-bd32-45d89285d4a7', 'annotationId': 'bed29bbe-8d3a-4751-96da-ec41fc138f11', 'name': 'AmbientSamplingRFC', 'description': 'AmbientSamplingRFC', 'labels': 'AmbientSamplingRFC', 'metadata': {'Length': 30, 'Progress': 0, 'startTime': 1768780097534, 'Notification': 'Event AmbientSamplingRFC Started.'}, 'createdAt': '2026-01-18T23:48:17.774Z', 'createdBy': '5c7b5d9f-c171-4004-a182-4277ffd4c9eb'}",29.83,19.94,1600.0,1599.23,21470060.0,1100.0,1101.51,24020116.0,0.0,564400.7,13.96,32.59,1009.77,1400.0,1401.26,22450138.0,0.0,0.06,22040109.0,2900.0,2900.28,22340093.0
0000000027-4125-asu-nz,0000000018-3024-oms-nz,AmbientSamplingRFC,bed29bbe-8d3a-4751-96da-ec41fc138f11,8431e6bd-5d3e-4c11-b2cc-504dddc0c609,1263.7427978515625,481219.375,198281.390625,8103.30810546875,7116.62060546875,25910.642578125,182808.890625,176153.546875,233806.796875,68835.9453125,124095.765625,18612.490234375,273390.375,5742.60693359375,18977.724609375,36904.92578125,255050.9375,51902.12109375,188975.25,19427.75390625,6893.07763671875,13179.103515625,25875.4609375,45527.0625,2886417.5,363428.9375,1397242.25,3516861.75,11197261,5531.12451171875,68348.5234375,138007216,62123480,20913.58984375,85841.0390625,202306.84375,672719.4375,4299.2861328125,2740909.25,1106680.375,62661.671875,483913.75,21042.6015625,819045.9375,692.3763427734375,422435.9375,440084.78125,235388.0,920304.1875,69390.1796875,77118.0,17176.59765625,4146.10205078125,273970.03125,14880.26171875,142042.0,31128.322265625,401040.375,1096099.125,58419.56640625,7247.66796875,122117.9140625,13529.4560546875,601369.0,26397,33.970699310302734,35.582420349121094,0,0,0,0,0,0,0,0,0,0,0,1,0,0,0,0,0,0,0,False,UNKNOWN,0,0,0,0,194615413,24484,0,36.9862060546875,13,,,"{'Type': 'start', 'Data_Type': 'Synthetical', 'Protocol_name': 'ABGv5-0ppb-6RH-75ccm-Anthony-Q425', 'Trial_Details': {'RH': 0, 'group': 35, 'detail': 'N/A', 'trialnum': 16, 'TrialName': '6rh', 'identifier': 'ckUf6', 'Concentration': 0}, 'Experiment_Rig': 'DA3'}",,2026-01-18 23:48:39.830,"{'cid': 'c04d07ee-94c6-44df-ad3c-f46614593299', 'uuid': 'c7aee882-f5a7-43f1-bd32-45d89285d4a7', 'annotationId': 'bed29bbe-8d3a-4751-96da-ec41fc138f11', 'name': 'AmbientSamplingRFC', 'description': 'AmbientSamplingRFC', 'labels': 'AmbientSamplingRFC', 'metadata': {'Length': 30, 'Progress': 0, 'startTime': 1768780097534, 'Notification': 'Event AmbientSamplingRFC Started.'}, 'createdAt': '2026-01-18T23:48:17.774Z', 'createdBy': '5c7b5d9f-c171-4004-a182-4277ffd4c9eb'}",29.83,19.94,1600.0,1599.38,21470060.0,1100.0,1101.27,24020116.0,0.0,565741.02,13.97,32.59,1009.78,1400.0,1401.07,22450138.0,0.0,0.06,22040109.0,2900.0,2900.82,22340093.0
0000000027-4125-asu-nz,0000000018-3024-oms-nz,AmbientSamplingRFC,bed29bbe-8d3a-4751-96da-ec41fc138f11,8431e6bd-5d3e-4c11-b2cc-504dddc0c609,1263.627685546875,481753.125,198296.4375,8103.03857421875,7116.95361328125,25914.55078125,182802.625,176175.328125,233493.328125,68788.9453125,124105.0234375,18612.087890625,273635.125,5769.740234375,18977.53515625,36914.45703125,255180.140625,51887.71484375,189807.421875,19428.59375,6893.13720703125,13174.42578125,25873.328125,45524.0625,2889828.0,364990.21875,1397242.25,3518929.75,11215671,5532.4853515625,67459.296875,139484272,62207856,20907.17578125,85832.4375,202265.953125,672359.0625,4298.4814453125,2740819.75,1106847.375,62668.4296875,484256.78125,21041.041015625,819700.6875,693.2395629882812,422684.8125,440266.21875,235460.1875,919770.6875,69422.1640625,77123.3984375,17178.7734375,4144.78759765625,274136.4375,14872.470703125,141848.171875,31126.71875,400979.4375,1095233.0,58417.3125,7247.90869140625,122010.15625,13531.30859375,599194.375,26698,33.970699310302734,35.66300582885742,0,0,0,0,0,0,0,0,0,0,0,1,0,0,0,0,0,0,0,False,UNKNOWN,0,0,0,0,194615413,24484,0,36.9862060546875,13,,,"{'Type': 'start', 'Data_Type': 'Synthetical', 'Protocol_name': 'ABGv5-0ppb-6RH-75ccm-Anthony-Q425', 'Trial_Details': {'RH': 0, 'group': 35, 'detail': 'N/A', 'trialnum': 16, 'TrialName': '6rh', 'identifier': 'ckUf6', 'Concentration': 0}, 'Experiment_Rig': 'DA3'}",,2026-01-18 23:48:40.131,"{'cid': 'c04d07ee-94c6-44df-ad3c-f46614593299', 'uuid': 'c7aee882-f5a7-43f1-bd32-45d89285d4a7', 'annotationId': 'bed29bbe-8d3a-4751-96da-ec41fc138f11', 'name': 'AmbientSamplingRFC', 'description': 'AmbientSamplingRFC', 'labels': 'AmbientSamplingRFC', 'metadata': {'Length': 30, 'Progress': 0, 'startTime': 1768780097534, 'Notification': 'Event AmbientSamplingRFC Started.'}, 'createdAt': '2026-01-18T23:48:17.774Z', 'createdBy': '5c7b5d9f-c171-4004-a182-4277ffd4c9eb'}",29.83,19.95,1600.0,1599.52,21470060.0,1100.0,1100.64,24020116.0,0.0,567081.33,13.97,32.59,1009.79,1400.0,1400.5,22450138.0,0.0,0.03,22040109.0,2900.0,2900.84,22340093.0
0000000027-4125-asu-nz,0000000018-3024-oms-nz,AmbientSamplingRFC,bed29bbe-8d3a-4751-96da-ec41fc138f11,8431e6bd-5d3e-4c11-b2cc-504dddc0c609,1262.8841552734375,481754.25,198329.53125,8103.625,7116.2841796875,25914.8359375,182761.234375,176188.0625,233537.84375,68828.40625,124103.640625,18612.39453125,271948.34375,5779.98388671875,18976.603515625,36914.4296875,254877.140625,51886.05859375,189575.890625,19421.5703125,6892.861328125,13174.4853515625,25872.126953125,45523.6328125,2893237.25,362803.875,1398103.875,3520783.75,11233780,5532.50830078125,68315.0078125,140875872,62085324,20910.42578125,85839.5546875,202279.234375,672126.25,4298.02880859375,2737748.25,1106389.625,62685.59765625,484706.03125,21043.19140625,820940.4375,693.5327758789062,422914.6875,440466.15625,235510.734375,919393.0,69427.046875,77137.046875,17172.841796875,4140.03662109375,274165.5,14870.9013671875,141783.140625,31121.2265625,400901.65625,1094420.625,58428.26171875,7247.54150390625,122047.125,13529.23828125,599827.6875,26999,33.890113830566406,35.582420349121094,0,0,0,0,0,0,0,0,0,0,0,1,0,0,0,0,0,0,0,False,UNKNOWN,0,0,0,0,194615413,24484,0,36.9862060546875,13,,,"{'Type': 'start', 'Data_Type': 'Synthetical', 'Protocol_name': 'ABGv5-0ppb-6RH-75ccm-Anthony-Q425', 'Trial_Details': {'RH': 0, 'group': 35, 'detail': 'N/A', 'trialnum': 16, 'TrialName': '6rh', 'identifier': 'ckUf6', 'Concentration': 0}, 'Experiment_Rig': 'DA3'}",,2026-01-18 23:48:40.432,"{'cid': 'c04d07ee-94c6-44df-ad3c-f46614593299', 'uuid': 'c7aee882-f5a7-43f1-bd32-45d89285d4a7', 'annotationId': 'bed29bbe-8d3a-4751-96da-ec41fc138f11', 'name': 'AmbientSamplingRFC', 'description': 'AmbientSamplingRFC', 'labels': 'AmbientSamplingRFC', 'metadata': {'Length': 30, 'Progress': 0, 'startTime': 1768780097534, 'Notification': 'Event AmbientSamplingRFC Started.'}, 'createdAt': '2026-01-18T23:48:17.774Z', 'createdBy': '5c7b5d9f-c171-4004-a182-4277ffd4c9eb'}",29.83,19.95,1600.0,1599.66,21470060.0,1100.0,1100.02,24020116.0,0.0,567843.29,13.98,32.59,1009.8,1400.0,1399.93,22450138.0,0.0,0.01,22040109.0,2900.0,2900.86,22340093.0
0000000027-4125-asu-nz,0000000018-3024-oms-nz,AmbientSamplingRFC,bed29bbe-8d3a-4751-96da-ec41fc138f11,8431e6bd-5d3e-4c11-b2cc-504dddc0c609,1262.9051513671875,481622.84375,198345.890625,8103.25634765625,7116.48046875,25916.8359375,182766.03125,176201.953125,233977.4375,68880.6875,124116.3828125,18611.662109375,271433.03125,5779.96923828125,18975.9609375,36905.7109375,254857.046875,51877.84375,189603.90625,19432.841796875,6893.115234375,13184.4794921875,25869.73828125,45524.0859375,2896918.75,363295.28125,1397663.875,3522431.25,11243955,5532.03271484375,68539.859375,142013424,61807888,20911.478515625,85841.4921875,202314.59375,671971.25,4298.36181640625,2737144.5,1107192.75,62691.78515625,484831.71875,21045.484375,822286.5,693.0751342773438,422907.875,441583.34375,235563.34375,919919.6875,69445.5,77119.125,17175.291015625,4132.453125,273858.65625,14870.033203125,141286.53125,31122.09765625,400891.53125,1094098.875,58434.63671875,7247.29833984375,122143.140625,13533.4326171875,599977.5625,27300,33.970699310302734,35.66300582885742,0,0,0,0,0,0,0,0,0,0,0,1,0,0,0,0,0,0,0,False,UNKNOWN,0,0,0,0,194615413,24484,0,36.9862060546875,13,,,"{'Type': 'start', 'Data_Type': 'Synthetical', 'Protocol_name': 'ABGv5-0ppb-6RH-75ccm-Anthony-Q425', 'Trial_Details': {'RH': 0, 'group': 35, 'detail': 'N/A', 'trialnum': 16, 'TrialName': '6rh', 'identifier': 'ckUf6', 'Concentration': 0}, 'Experiment_Rig': 'DA3'}",,2026-01-18 23:48:40.733,"{'cid': 'c04d07ee-94c6-44df-ad3c-f46614593299', 'uuid': 'c7aee882-f5a7-43f1-bd32-45d89285d4a7', 'annotationId': 'bed29bbe-8d3a-4751-96da-ec41fc138f11', 'name': 'AmbientSamplingRFC', 'description': 'AmbientSamplingRFC', 'labels': 'AmbientSamplingRFC', 'metadata': {'Length': 30, 'Progress': 0, 'startTime': 1768780097534, 'Notification': 'Event AmbientSamplingRFC Started.'}, 'createdAt': '2026-01-18T23:48:17.774Z', 'createdBy': '5c7b5d9f-c171-4004-a182-4277ffd4c9eb'}",29.82,19.95,1600.0,1599.64,21470060.0,1100.0,1099.55,24020116.0,0.0,567966.25,13.99,32.59,1009.8,1400.0,1399.49,22450138.0,0.0,0.0,22040109.0,2900.0,2900.74,22340093.0
0000000027-4125-asu-nz,0000000018-3024-oms-nz,AmbientSamplingRFC,bed29bbe-8d3a-4751-96da-ec41fc138f11,8431e6bd-5d3e-4c11-b2cc-504dddc0c609,1264.518310546875,481711.90625,198348.34375,8103.11865234375,7116.58935546875,25914.099609375,182742.421875,176214.046875,233601.953125,68898.359375,124090.46875,18611.74609375,269992.75,5787.12060546875,18977.49609375,36902.63671875,254865.40625,51872.70703125,189370.984375,19419.357421875,6892.921875,13182.33984375,25869.58984375,45512.73828125,2897908.5,363943.0,1396601.125,3523474.0,11255376,5531.6484375,68768.90625,142933472,61376532,20907.876953125,85852.7578125,202287.109375,671860.1875,4298.01416015625,2733723.25,1108150.5,62704.6875,484794.65625,21043.96875,823325.1875,692.7445068359375,422966.34375,441471.875,235579.9375,920786.0625,69399.8125,77145.203125,17171.904296875,4137.93212890625,273872.96875,14870.4365234375,142050.59375,31126.32421875,400967.84375,1093944.25,58435.91796875,7247.79736328125,122153.8984375,13529.6796875,599670.25,27601,33.80952835083008,35.743595123291016,0,0,0,0,0,0,0,0,0,0,0,1,0,0,0,0,0,0,0,False,UNKNOWN,0,0,0,0,194615413,24484,0,36.9862060546875,13,,,"{'Type': 'start', 'Data_Type': 'Synthetical', 'Protocol_name': 'ABGv5-0ppb-6RH-75ccm-Anthony-Q425', 'Trial_Details': {'RH': 0, 'group': 35, 'detail': 'N/A', 'trialnum': 16, 'TrialName': '6rh', 'identifier': 'ckUf6', 'Concentration': 0}, 'Experiment_Rig': 'DA3'}",,2026-01-18 23:48:41.035,"{'cid': 'c04d07ee-94c6-44df-ad3c-f46614593299', 'uuid': 'c7aee882-f5a7-43f1-bd32-45d89285d4a7', 'annotationId': 'bed29bbe-8d3a-4751-96da-ec41fc138f11', 'name': 'AmbientSamplingRFC', 'description': 'AmbientSamplingRFC', 'labels': 'AmbientSamplingRFC', 'metadata': {'Length': 30, 'Progress': 0, 'startTime': 1768780097534, 'Notification': 'Event AmbientSamplingRFC Started.'}, 'createdAt': '2026-01-18T23:48:17.774Z', 'createdBy': '5c7b5d9f-c171-4004-a182-4277ffd4c9eb'}",29.82,19.94,1600.0,1599.28,21470060.0,1100.0,1099.41,24020116.0,0.0,568089.61,14.01,32.6,1009.8,1400.0,1399.37,22450138.0,0.0,0.0,22040109.0,2900.0,2900.24,22340093.0
0000000027-4125-asu-nz,0000000018-3024-oms-nz,AmbientSamplingRFC,bed29bbe-8d3a-4751-96da-ec41fc138f11,8431e6bd-5d3e-4c11-b2cc-504dddc0c609,1263.954345703125,482126.8125,198351.6875,8103.06982421875,7116.46630859375,25915.9296875,182770.234375,176179.703125,233581.0,68868.3828125,124088.625,18610.8359375,271347.71875,5781.3388671875,18978.150390625,36901.0,254555.5625,51877.765625,189344.90625,19421.5,6893.19970703125,13176.0576171875,25865.759765625,45503.765625,2894671.5,365850.3125,1395466.125,3521841.25,11257386,5532.4482421875,68566.375,143121616,60852484,20909.744140625,85852.890625,202253.609375,671844.5,4298.04150390625,2732002.75,1108087.125,62705.83984375,484955.5,21043.701171875,824143.75,693.213623046875,423134.03125,441435.46875,235618.015625,921984.4375,69406.078125,77138.59375,17173.66796875,4136.8564453125,273658.375,14878.298828125,141996.15625,31126.97265625,401265.0,1094402.0,58440.9375,7247.88720703125,122149.125,13525.9541015625,598219.375,27902,33.970699310302734,35.743595123291016,0,0,0,0,0,0,0,0,0,0,0,1,0,0,0,0,0,0,0,False,UNKNOWN,0,0,0,0,194615413,24484,0,36.9862060546875,13,,,"{'Type': 'start', 'Data_Type': 'Synthetical', 'Protocol_name': 'ABGv5-0ppb-6RH-75ccm-Anthony-Q425', 'Trial_Details': {'RH': 0, 'group': 35, 'detail': 'N/A', 'trialnum': 16, 'TrialName': '6rh', 'identifier': 'ckUf6', 'Concentration': 0}, 'Experiment_Rig': 'DA3'}",,2026-01-18 23:48:41.336,"{'cid': 'c04d07ee-94c6-44df-ad3c-f46614593299', 'uuid': 'c7aee882-f5a7-43f1-bd32-45d89285d4a7', 'annotationId': 'bed29bbe-8d3a-4751-96da-ec41fc138f11', 'name': 'AmbientSamplingRFC', 'description': 'AmbientSamplingRFC', 'labels': 'AmbientSamplingRFC', 'metadata': {'Length': 30, 'Progress': 0, 'startTime': 1768780097534, 'Notification': 'Event AmbientSamplingRFC Started.'}, 'createdAt': '2026-01-18T23:48:17.774Z', 'createdBy': '5c7b5d9f-c171-4004-a182-4277ffd4c9eb'}",29.81,19.94,1600.0,1598.92,21470060.0,1100.0,1099.27,24020116.0,0.0,568212.57,14.02,32.6,1009.8,1400.0,1399.25,22450138.0,0.0,0.0,22040109.0,2900.0,2899.74,22340093.0
0000000027-4125-asu-nz,0000000018-3024-oms-nz,AmbientSamplingRFC,bed29bbe-8d3a-4751-96da-ec41fc138f11,8431e6bd-5d3e-4c11-b2cc-504dddc0c609,1264.607177734375,481427.71875,198370.15625,8103.02197265625,7116.62451171875,25915.544921875,182700.828125,176204.203125,233643.390625,68841.3125,124064.609375,18610.353515625,271082.75,5793.765625,18978.318359375,36903.09765625,254435.546875,51867.4609375,188853.578125,19415.830078125,6893.22998046875,13175.771484375,25866.318359375,45499.78515625,2889083.25,366673.25,1392017.25,3519241.5,11253898,5532.4921875,68945.609375,142706864,60357788,20911.728515625,85831.5546875,202289.4375,671850.4375,4298.330078125,2732740.25,1107238.625,62707.48828125,484744.34375,21044.83984375,825015.75,693.8411254882812,423064.03125,440787.9375,235600.640625,923211.5,69420.734375,77135.5234375,17172.66796875,4138.30810546875,273849.6875,14890.716796875,142150.171875,31128.58203125,401335.84375,1094786.375,58447.1328125,7247.54150390625,122194.7109375,13523.392578125,597605.4375,28203,33.970699310302734,35.66300582885742,0,0,0,0,0,0,0,0,0,0,0,1,0,0,0,0,0,0,0,False,UNKNOWN,0,0,0,0,194615413,24484,0,36.9862060546875,13,,,"{'Type': 'start', 'Data_Type': 'Synthetical', 'Protocol_name': 'ABGv5-0ppb-6RH-75ccm-Anthony-Q425', 'Trial_Details': {'RH': 0, 'group': 35, 'detail': 'N/A', 'trialnum': 16, 'TrialName': '6rh', 'identifier': 'ckUf6', 'Concentration': 0}, 'Experiment_Rig': 'DA3'}",,2026-01-18 23:48:41.638,"{'cid': 'c04d07ee-94c6-44df-ad3c-f46614593299', 'uuid': 'c7aee882-f5a7-43f1-bd32-45d89285d4a7', 'annotationId': 'bed29bbe-8d3a-4751-96da-ec41fc138f11', 'name': 'AmbientSamplingRFC', 'description': 'AmbientSamplingRFC', 'labels': 'AmbientSamplingRFC', 'metadata': {'Length': 30, 'Progress': 0, 'startTime': 1768780097534, 'Notification': 'Event AmbientSamplingRFC Started.'}, 'createdAt': '2026-01-18T23:48:17.774Z', 'createdBy': '5c7b5d9f-c171-4004-a182-4277ffd4c9eb'}",29.81,19.95,1600.0,1598.56,21470060.0,1100.0,1099.12,24020116.0,0.0,568669.05,14.03,32.6,1009.79,1400.0,1399.13,22450138.0,0.0,0.0,22040109.0,2900.0,2899.23,22340093.0
0000000027-4125-asu-nz,0000000018-3024-oms-nz,AmbientSamplingRFC,bed29bbe-8d3a-4751-96da-ec41fc138f11,8431e6bd-5d3e-4c11-b2cc-504dddc0c609,1264.44873046875,481001.9375,198320.578125,8103.13330078125,7116.63330078125,25912.6328125,182669.265625,176152.890625,233396.75,68916.0,124049.125,18609.990234375,272244.34375,5779.69140625,18977.22265625,36911.6875,254348.703125,51872.40234375,188661.78125,19421.388671875,6893.50732421875,13175.3720703125,25865.3828125,45503.1015625,2885311.75,367068.875,1388740.625,3517522.25,11243007,5532.89404296875,69076.1875,141724864,59995336,20907.234375,85848.125,202298.71875,671857.1875,4298.2255859375,2731451.5,1108128.0,62706.984375,484870.53125,21042.947265625,824938.875,693.8524780273438,423172.25,440477.28125,235598.421875,924080.1875,69428.375,77141.734375,17178.38671875,4132.44140625,273802.40625,14875.5166015625,142019.515625,31130.796875,401446.59375,1096172.75,58444.08203125,7248.03662109375,122137.3203125,13526.306640625,598371.25,28504,33.970699310302734,35.582420349121094,0,0,0,0,0,0,0,0,0,0,0,1,0,0,0,0,0,0,0,False,UNKNOWN,0,0,0,0,194615413,24484,0,36.9862060546875,13,,,"{'Type': 'start', 'Data_Type': 'Synthetical', 'Protocol_name': 'ABGv5-0ppb-6RH-75ccm-Anthony-Q425', 'Trial_Details': {'RH': 0, 'group': 35, 'detail': 'N/A', 'trialnum': 16, 'TrialName': '6rh', 'identifier': 'ckUf6', 'Concentration': 0}, 'Experiment_Rig': 'DA3'}",,2026-01-18 23:48:41.944,"{'cid': 'c04d07ee-94c6-44df-ad3c-f46614593299', 'uuid': 'c7aee882-f5a7-43f1-bd32-45d89285d4a7', 'annotationId': 'bed29bbe-8d3a-4751-96da-ec41fc138f11', 'name': 'AmbientSamplingRFC', 'description': 'AmbientSamplingRFC', 'labels': 'AmbientSamplingRFC', 'metadata': {'Length': 30, 'Progress': 0, 'startTime': 1768780097534, 'Notification': 'Event AmbientSamplingRFC Started.'}, 'createdAt': '2026-01-18T23:48:17.774Z', 'createdBy': '5c7b5d9f-c171-4004-a182-4277ffd4c9eb'}",29.81,19.97,1600.0,1598.73,21470060.0,1100.0,1099.47,24020116.0,0.0,569324.96,14.03,32.6,1009.79,1400.0,1399.24,22450138.0,0.0,0.0,22040109.0,2900.0,2900.27,22340093.0
0000000027-4125-asu-nz,0000000018-3024-oms-nz,AmbientSamplingRFC,bed29bbe-8d3a-4751-96da-ec41fc138f11,8431e6bd-5d3e-4c11-b2cc-504dddc0c609,1264.0084228515625,480987.5625,198259.78125,8103.1572265625,7116.70361328125,25913.23046875,182743.921875,176141.921875,233095.234375,68885.484375,124042.3046875,18609.787109375,272641.21875,5775.79931640625,18978.369140625,36910.01953125,254122.421875,51869.6015625,189128.453125,19420.056640625,6893.37841796875,13175.474609375,25864.791015625,45497.703125,2882662.5,366681.03125,1390459.0,3515534.75,11230575,5532.90771484375,69408.03125,140502752,59761272,20910.462890625,85834.3125,202369.640625,672050.0,4299.32666015625,2730482.5,1109442.375,62705.09765625,485195.71875,21042.15234375,824937.0625,693.8626708984375,423153.84375,441018.6875,235579.75,924937.875,69437.875,77103.53125,17176.052734375,4134.005859375,273531.34375,14891.2529296875,141717.90625,31133.583984375,401512.90625,1097669.125,58445.8828125,7248.154296875,122128.84375,13524.7001953125,597617.875,28805,33.970699310302734,35.582420349121094,0,0,0,0,0,0,0,0,0,0,0,1,0,0,0,0,0,0,0,False,UNKNOWN,0,0,0,0,194615413,24484,0,36.9862060546875,13,,,"{'Type': 'start', 'Data_Type': 'Synthetical', 'Protocol_name': 'ABGv5-0ppb-6RH-75ccm-Anthony-Q425', 'Trial_Details': {'RH': 0, 'group': 35, 'detail': 'N/A', 'trialnum': 16, 'TrialName': '6rh', 'identifier': 'ckUf6', 'Concentration': 0}, 'Experiment_Rig': 'DA3'}",,2026-01-18 23:48:42.241,"{'cid': 'c04d07ee-94c6-44df-ad3c-f46614593299', 'uuid': 'c7aee882-f5a7-43f1-bd32-45d89285d4a7', 'annotationId': 'bed29bbe-8d3a-4751-96da-ec41fc138f11', 'name': 'AmbientSamplingRFC', 'description': 'AmbientSamplingRFC', 'labels': 'AmbientSamplingRFC', 'metadata': {'Length': 30, 'Progress': 0, 'startTime': 1768780097534, 'Notification': 'Event AmbientSamplingRFC Started.'}, 'createdAt': '2026-01-18T23:48:17.774Z', 'createdBy': '5c7b5d9f-c171-4004-a182-4277ffd4c9eb'}",29.82,19.99,1600.0,1598.89,21470060.0,1100.0,1099.83,24020116.0,0.0,569961.58,14.03,32.59,1009.78,1400.0,1399.35,22450138.0,0.0,0.0,22040109.0,2900.0,2901.37,22340093.0
0000000027-4125-asu-nz,0000000018-3024-oms-nz,AmbientSamplingRFC,bed29bbe-8d3a-4751-96da-ec41fc138f11,8431e6bd-5d3e-4c11-b2cc-504dddc0c609,1264.41162109375,481617.0625,198231.09375,8102.93359375,7116.353515625,25910.400390625,182658.59375,176128.03125,233217.234375,68852.015625,124030.3515625,18610.8359375,271627.65625,5756.14892578125,18979.98046875,36905.8984375,254308.21875,51876.48046875,188490.234375,19435.83203125,6892.9453125,13174.638671875,25864.46484375,45498.0859375,2879766.5,366745.90625,1393879.0,3513468.5,11213131,5532.5634765625,68249.1640625,139052752,59716564,20906.515625,85847.6796875,202388.59375,672432.3125,4298.7109375,2731613.5,1111136.375,62693.7734375,485155.6875,21039.513671875,823711.9375,693.23876953125,423228.9375,440639.875,235557.0,925317.4375,69408.390625,77111.0859375,17183.1953125,4132.6962890625,272412.75,14869.0048828125,141783.21875,31135.42578125,401486.34375,1098548.375,58443.2734375,7247.76611328125,122182.0625,13526.087890625,596940.375,29106,34.05128479003906,35.743595123291016,0,0,0,0,0,0,0,0,0,0,0,1,0,0,0,0,0,0,0,False,UNKNOWN,0,0,0,0,194615413,24484,0,36.9862060546875,13,,,"{'Type': 'start', 'Data_Type': 'Synthetical', 'Protocol_name': 'ABGv5-0ppb-6RH-75ccm-Anthony-Q425', 'Trial_Details': {'RH': 0, 'group': 35, 'detail': 'N/A', 'trialnum': 16, 'TrialName': '6rh', 'identifier': 'ckUf6', 'Concentration': 0}, 'Experiment_Rig': 'DA3'}",,2026-01-18 23:48:42.540,"{'cid': 'c04d07ee-94c6-44df-ad3c-f46614593299', 'uuid': 'c7aee882-f5a7-43f1-bd32-45d89285d4a7', 'annotationId': 'bed29bbe-8d3a-4751-96da-ec41fc138f11', 'name': 'AmbientSamplingRFC', 'description': 'AmbientSamplingRFC', 'labels': 'AmbientSamplingRFC', 'metadata': {'Length': 30, 'Progress': 0, 'startTime': 1768780097534, 'Notification': 'Event AmbientSamplingRFC Started.'}, 'createdAt': '2026-01-18T23:48:17.774Z', 'createdBy': '5c7b5d9f-c171-4004-a182-4277ffd4c9eb'}",29.82,20.0,1600.0,1599.06,21470060.0,1100.0,1100.18,24020116.0,0.0,570602.49,14.03,32.59,1009.77,1400.0,1399.47,22450138.0,0.0,0.0,22040109.0,2900.0,2902.49,22340093.0
0000000027-4125-asu-nz,0000000018-3024-oms-nz,AmbientSamplingRFC,bed29bbe-8d3a-4751-96da-ec41fc138f11,8431e6bd-5d3e-4c11-b2cc-504dddc0c609,1265.2039794921875,480694.0625,198210.09375,8102.54345703125,7115.76123046875,25908.580078125,182681.828125,176091.046875,232977.3125,68930.0390625,124046.9375,18611.978515625,271154.75,5782.92919921875,18980.763671875,36906.67578125,254151.484375,51879.55078125,188771.265625,19423.8828125,6892.556640625,13178.466796875,25866.97265625,45503.15625,2877061.0,366812.78125,1392439.625,3511192.5,11195672,5532.009765625,68712.5234375,137515056,59870200,20908.775390625,85866.7109375,202372.890625,672667.6875,4298.8525390625,2730859.75,1109833.875,62676.875,484908.625,21041.509765625,822797.25,693.7149047851562,423167.9375,440453.78125,235485.171875,925463.3125,69384.203125,77126.0859375,17181.44140625,4134.34814453125,274193.84375,14863.2587890625,141157.15625,31135.013671875,401507.71875,1098612.625,58450.578125,7247.3984375,122267.5,13535.1220703125,596567.125,29407,33.970699310302734,35.743595123291016,0,0,0,0,0,0,0,0,0,0,0,1,0,0,0,0,0,0,0,False,UNKNOWN,0,0,0,0,194615413,24484,0,36.9862060546875,13,,,"{'Type': 'start', 'Data_Type': 'Synthetical', 'Protocol_name': 'ABGv5-0ppb-6RH-75ccm-Anthony-Q425', 'Trial_Details': {'RH': 0, 'group': 35, 'detail': 'N/A', 'trialnum': 16, 'TrialName': '6rh', 'identifier': 'ckUf6', 'Concentration': 0}, 'Experiment_Rig': 'DA3'}",,2026-01-18 23:48:42.843,"{'cid': 'c04d07ee-94c6-44df-ad3c-f46614593299', 'uuid': 'c7aee882-f5a7-43f1-bd32-45d89285d4a7', 'annotationId': 'bed29bbe-8d3a-4751-96da-ec41fc138f11', 'name': 'AmbientSamplingRFC', 'description': 'AmbientSamplingRFC', 'labels': 'AmbientSamplingRFC', 'metadata': {'Length': 30, 'Progress': 0, 'startTime': 1768780097534, 'Notification': 'Event AmbientSamplingRFC Started.'}, 'createdAt': '2026-01-18T23:48:17.774Z', 'createdBy': '5c7b5d9f-c171-4004-a182-4277ffd4c9eb'}",29.82,19.98,1600.0,1599.14,21470060.0,1100.0,1100.25,24020116.0,0.0,570157.93,14.03,32.59,1009.77,1400.0,1399.69,22450138.0,0.0,0.0,22040109.0,2900.0,2902.16,22340093.0
0000000027-4125-asu-nz,0000000018-3024-oms-nz,AmbientSamplingRFC,bed29bbe-8d3a-4751-96da-ec41fc138f11,8431e6bd-5d3e-4c11-b2cc-504dddc0c609,1264.40625,480644.375,198190.03125,8102.86572265625,7116.13720703125,25907.814453125,182759.5,176070.125,232774.1875,68885.5859375,124045.4453125,18610.9765625,272938.0,5769.12744140625,18980.283203125,36911.05078125,254917.453125,51877.61328125,188649.78125,19434.11328125,6893.0908203125,13166.6572265625,25869.794921875,45508.19921875,2874320.25,367079.15625,1391832.375,3509103.25,11183444,5532.421875,69755.8984375,136440336,60162912,20910.189453125,85857.6015625,202372.90625,672847.625,4299.2333984375,2731655.25,1108243.25,62673.33203125,484804.59375,21044.990234375,822940.75,693.0245361328125,422968.25,440793.0,235456.375,924546.4375,69398.4375,77120.484375,17179.0078125,4137.71728515625,274771.4375,14863.1240234375,141597.40625,31137.298828125,401451.90625,1099174.375,58453.40625,7247.59619140625,122213.4609375,13521.1845703125,596603.5625,29708,33.890113830566406,35.582420349121094,0,0,0,0,0,0,0,0,0,0,0,1,0,0,0,0,0,0,0,False,UNKNOWN,0,0,0,0,194615413,24484,0,36.9862060546875,13,,,"{'Type': 'start', 'Data_Type': 'Synthetical', 'Protocol_name': 'ABGv5-0ppb-6RH-75ccm-Anthony-Q425', 'Trial_Details': {'RH': 0, 'group': 35, 'detail': 'N/A', 'trialnum': 16, 'TrialName': '6rh', 'identifier': 'ckUf6', 'Concentration': 0}, 'Experiment_Rig': 'DA3'}",,2026-01-18 23:48:43.142,"{'cid': 'c04d07ee-94c6-44df-ad3c-f46614593299', 'uuid': 'c7aee882-f5a7-43f1-bd32-45d89285d4a7', 'annotationId': 'bed29bbe-8d3a-4751-96da-ec41fc138f11', 'name': 'AmbientSamplingRFC', 'description': 'AmbientSamplingRFC', 'labels': 'AmbientSamplingRFC', 'metadata': {'Length': 30, 'Progress': 0, 'startTime': 1768780097534, 'Notification': 'Event AmbientSamplingRFC Started.'}, 'createdAt': '2026-01-18T23:48:17.774Z', 'createdBy': '5c7b5d9f-c171-4004-a182-4277ffd4c9eb'}",29.82,19.96,1600.0,1599.16,21470060.0,1100.0,1100.13,24020116.0,0.0,569666.94,14.03,32.59,1009.76,1400.0,1399.98,22450138.0,0.0,0.01,22040109.0,2900.0,2900.81,22340093.0
0000000027-4125-asu-nz,0000000018-3024-oms-nz,AmbientSamplingRFC,bed29bbe-8d3a-4751-96da-ec41fc138f11,8431e6bd-5d3e-4c11-b2cc-504dddc0c609,1265.05908203125,480812.15625,198160.0,8102.71728515625,7116.54736328125,25908.8515625,182738.609375,176057.390625,232931.046875,68818.28125,124054.0234375,18612.455078125,273325.875,5759.953125,18980.8125,36906.640625,254893.421875,51885.80078125,189681.09375,19422.755859375,6893.53662109375,13180.4970703125,25872.7734375,45511.609375,2872836.25,366812.90625,1393798.875,3508182.5,11173277,5532.3369140625,68843.5859375,135602800,60580872,20908.451171875,85833.90625,202358.609375,672911.125,4299.126953125,2735277.75,1108576.0,62673.4296875,484249.9375,21042.21875,822186.0,693.3394775390625,422983.65625,440546.46875,235441.140625,923782.125,69401.8515625,77090.2421875,17180.65625,4138.56494140625,274671.65625,14869.859375,142190.734375,31138.947265625,401451.40625,1099421.375,58455.57421875,7247.16357421875,122120.109375,13522.2041015625,596549.3125,30009,33.970699310302734,35.743595123291016,0,0,0,0,0,0,0,0,0,0,0,1,0,0,0,0,0,0,0,False,UNKNOWN,0,0,0,0,194615413,24484,0,36.9862060546875,13,,,"{'Type': 'start', 'Data_Type': 'Synthetical', 'Protocol_name': 'ABGv5-0ppb-6RH-75ccm-Anthony-Q425', 'Trial_Details': {'RH': 0, 'group': 35, 'detail': 'N/A', 'trialnum': 16, 'TrialName': '6rh', 'identifier': 'ckUf6', 'Concentration': 0}, 'Experiment_Rig': 'DA3'}",,2026-01-18 23:48:43.445,"{'cid': 'c04d07ee-94c6-44df-ad3c-f46614593299', 'uuid': 'c7aee882-f5a7-43f1-bd32-45d89285d4a7', 'annotationId': 'bed29bbe-8d3a-4751-96da-ec41fc138f11', 'name': 'AmbientSamplingRFC', 'description': 'AmbientSamplingRFC', 'labels': 'AmbientSamplingRFC', 'metadata': {'Length': 30, 'Progress': 0, 'startTime': 1768780097534, 'Notification': 'Event AmbientSamplingRFC Started.'}, 'createdAt': '2026-01-18T23:48:17.774Z', 'createdBy': '5c7b5d9f-c171-4004-a182-4277ffd4c9eb'}",29.82,19.95,1600.0,1599.18,21470060.0,1100.0,1100.01,24020116.0,0.0,569169.38,14.03,32.59,1009.75,1400.0,1400.27,22450138.0,0.0,0.02,22040109.0,2900.0,2899.44,22340093.0
0000000027-4125-asu-nz,0000000018-3024-oms-nz,AmbientSamplingRFC,bed29bbe-8d3a-4751-96da-ec41fc138f11,8431e6bd-5d3e-4c11-b2cc-504dddc0c609,1265.1923828125,480502.46875,198178.96875,8102.68603515625,7116.0205078125,25908.4375,182818.609375,176034.015625,233175.109375,68859.9140625,124073.171875,18611.560546875,273586.71875,5760.44775390625,18981.466796875,36913.5390625,255055.046875,51899.0703125,187838.296875,19424.037109375,6893.62646484375,13182.8330078125,25871.998046875,45510.69921875,2875188.5,364122.25,1400159.625,3509373.75,11170313,5531.8017578125,68481.203125,135337472,61070224,20912.44140625,85838.5,202366.1875,672932.3125,4298.94189453125,2739167.75,1108776.5,62671.16796875,484023.84375,21040.287109375,821465.875,692.9578857421875,422737.40625,440617.3125,235426.0625,922348.9375,69362.1015625,77068.0703125,17178.201171875,4149.73681640625,274650.96875,14878.9619140625,142128.921875,31138.619140625,401511.46875,1098828.75,58452.56640625,7247.6767578125,122339.75,13524.95703125,596508.375,30310,33.80952835083008,35.743595123291016,0,0,0,0,0,0,0,0,0,0,0,1,0,0,0,0,0,0,0,False,UNKNOWN,0,0,0,0,194615413,24484,0,36.9862060546875,13,,,"{'Type': 'start', 'Data_Type': 'Synthetical', 'Protocol_name': 'ABGv5-0ppb-6RH-75ccm-Anthony-Q425', 'Trial_Details': {'RH': 0, 'group': 35, 'detail': 'N/A', 'trialnum': 16, 'TrialName': '6rh', 'identifier': 'ckUf6', 'Concentration': 0}, 'Experiment_Rig': 'DA3'}",,2026-01-18 23:48:43.747,"{'cid': 'c04d07ee-94c6-44df-ad3c-f46614593299', 'uuid': 'c7aee882-f5a7-43f1-bd32-45d89285d4a7', 'annotationId': 'bed29bbe-8d3a-4751-96da-ec41fc138f11', 'name': 'AmbientSamplingRFC', 'description': 'AmbientSamplingRFC', 'labels': 'AmbientSamplingRFC', 'metadata': {'Length': 30, 'Progress': 0, 'startTime': 1768780097534, 'Notification': 'Event AmbientSamplingRFC Started.'}, 'createdAt': '2026-01-18T23:48:17.774Z', 'createdBy': '5c7b5d9f-c171-4004-a182-4277ffd4c9eb'}",29.82,19.94,1600.0,1599.29,21470060.0,1100.0,1099.9,24020116.0,0.0,568730.94,14.03,32.59,1009.75,1400.0,1400.53,22450138.0,0.0,0.03,22040109.0,2900.0,2898.4,22340093.0
0000000027-4125-asu-nz,0000000018-3024-oms-nz,AmbientSamplingRFC,bed29bbe-8d3a-4751-96da-ec41fc138f11,8431e6bd-5d3e-4c11-b2cc-504dddc0c609,1264.41259765625,480482.0,198207.75,8102.82275390625,7116.70751953125,25908.490234375,182711.359375,176052.78125,233298.953125,68860.703125,124098.0390625,18611.02734375,272128.25,5772.9482421875,18982.080078125,36917.640625,255490.0,51887.5234375,188135.984375,19431.013671875,6893.47265625,13189.9111328125,25872.2578125,45515.4921875,2879004.25,363481.6875,1400965.75,3512654.5,11177584,5532.2294921875,67573.34375,135757552,61540428,20913.64453125,85837.8671875,202363.796875,673031.4375,4299.380859375,2747299.0,1108422.75,62668.84765625,484215.03125,21041.607421875,820621.4375,693.1463623046875,422934.8125,440511.90625,235388.609375,920885.125,69380.0078125,77087.3203125,17180.904296875,4144.6552734375,274528.25,14879.75,141094.953125,31135.291015625,401303.53125,1098270.125,58442.21875,7248.29248046875,122286.0078125,13522.66796875,597161.75,30611,33.970699310302734,35.66300582885742,0,0,0,0,0,0,0,0,0,0,0,1,0,0,0,0,0,0,0,False,UNKNOWN,0,0,0,0,194620416,24484,0,37.51442337036133,13,,,"{'Type': 'start', 'Data_Type': 'Synthetical', 'Protocol_name': 'ABGv5-0ppb-6RH-75ccm-Anthony-Q425', 'Trial_Details': {'RH': 0, 'group': 35, 'detail': 'N/A', 'trialnum': 16, 'TrialName': '6rh', 'identifier': 'ckUf6', 'Concentration': 0}, 'Experiment_Rig': 'DA3'}",,2026-01-18 23:48:44.046,"{'cid': 'c04d07ee-94c6-44df-ad3c-f46614593299', 'uuid': 'c7aee882-f5a7-43f1-bd32-45d89285d4a7', 'annotationId': 'bed29bbe-8d3a-4751-96da-ec41fc138f11', 'name': 'AmbientSamplingRFC', 'description': 'AmbientSamplingRFC', 'labels': 'AmbientSamplingRFC', 'metadata': {'Length': 30, 'Progress': 0, 'startTime': 1768780097534, 'Notification': 'Event AmbientSamplingRFC Started.'}, 'createdAt': '2026-01-18T23:48:17.774Z', 'createdBy': '5c7b5d9f-c171-4004-a182-4277ffd4c9eb'}",29.82,19.95,1600.0,1599.57,21470060.0,1100.0,1099.83,24020116.0,0.0,568730.94,14.03,32.59,1009.76,1400.0,1400.75,22450138.0,0.0,0.04,22040109.0,2900.0,2898.4,22340093.0
0000000027-4125-asu-nz,0000000018-3024-oms-nz,AmbientSamplingRFC,bed29bbe-8d3a-4751-96da-ec41fc138f11,8431e6bd-5d3e-4c11-b2cc-504dddc0c609,1263.4019775390625,480842.4375,198224.9375,8102.86865234375,7116.6171875,25910.9296875,182657.953125,176065.890625,233224.828125,68936.7109375,124105.3828125,18611.34765625,271335.78125,5768.142578125,18980.4765625,36913.90625,255353.421875,51894.5859375,188895.0,19423.2734375,6893.23193359375,13182.537109375,25872.685546875,45520.03515625,2882050.5,365742.15625,1401773.5,3515774.25,11190646,5533.3369140625,67862.8515625,136631424,61898480,20908.4375,85833.9609375,202367.515625,672943.75,4300.52197265625,2747544.0,1109427.625,62670.37890625,484130.75,21042.4453125,820530.4375,692.8787231445312,422756.78125,440121.75,235413.5,919848.0625,69398.4296875,77098.5546875,17176.57421875,4130.32275390625,274593.34375,14873.0205078125,140975.140625,31128.943359375,401078.75,1096994.5,58434.21875,7247.52294921875,122394.25,13525.5693359375,596989.125,30912,33.970699310302734,35.582420349121094,0,0,0,0,0,0,0,0,0,0,0,1,0,0,0,0,0,0,0,False,UNKNOWN,0,0,0,0,194620416,24484,0,37.51442337036133,13,,,"{'Type': 'start', 'Data_Type': 'Synthetical', 'Protocol_name': 'ABGv5-0ppb-6RH-75ccm-Anthony-Q425', 'Trial_Details': {'RH': 0, 'group': 35, 'detail': 'N/A', 'trialnum': 16, 'TrialName': '6rh', 'identifier': 'ckUf6', 'Concentration': 0}, 'Experiment_Rig': 'DA3'}",,2026-01-18 23:48:44.347,"{'cid': 'c04d07ee-94c6-44df-ad3c-f46614593299', 'uuid': 'c7aee882-f5a7-43f1-bd32-45d89285d4a7', 'annotationId': 'bed29bbe-8d3a-4751-96da-ec41fc138f11', 'name': 'AmbientSamplingRFC', 'description': 'AmbientSamplingRFC', 'labels': 'AmbientSamplingRFC', 'metadata': {'Length': 30, 'Progress': 0, 'startTime': 1768780097534, 'Notification': 'Event AmbientSamplingRFC Started.'}, 'createdAt': '2026-01-18T23:48:17.774Z', 'createdBy': '5c7b5d9f-c171-4004-a182-4277ffd4c9eb'}",29.83,19.96,1600.0,1599.86,21470060.0,1100.0,1099.76,24020116.0,0.0,568730.94,14.03,32.59,1009.76,1400.0,1400.96,22450138.0,0.0,0.05,22040109.0,2900.0,2898.4,22340093.0
0000000027-4125-asu-nz,0000000018-3024-oms-nz,AmbientSamplingRFC,bed29bbe-8d3a-4751-96da-ec41fc138f11,8431e6bd-5d3e-4c11-b2cc-504dddc0c609,1263.08203125,480710.375,198227.46875,8102.6142578125,7116.81982421875,25913.095703125,182729.96875,176097.390625,233234.03125,68941.5625,124129.53125,18611.59765625,271713.5625,5766.5830078125,18980.568359375,36907.671875,255461.59375,51901.5625,189009.578125,19431.83984375,6893.85791015625,13185.8779296875,25876.259765625,45521.18359375,2885422.5,367205.90625,1407797.875,3517514.75,11206115,5533.31787109375,67594.2265625,137809712,62117200,20909.220703125,85825.671875,202323.96875,672628.4375,4300.0029296875,2745802.5,1108776.375,62671.859375,484325.21875,21042.892578125,819951.3125,693.490478515625,422706.5625,440397.125,235430.578125,919073.0,69398.515625,77126.03125,17175.03125,4132.40087890625,274425.53125,14884.8310546875,141770.0625,31128.404296875,400921.6875,1096229.25,58428.01171875,7247.68359375,122444.7578125,13521.4130859375,596390.9375,31213,33.890113830566406,35.582420349121094,0,0,0,0,0,0,0,0,0,0,0,1,0,0,0,0,0,0,0,False,UNKNOWN,0,0,0,0,194620416,24484,0,37.51442337036133,13,,,"{'Type': 'start', 'Data_Type': 'Synthetical', 'Protocol_name': 'ABGv5-0ppb-6RH-75ccm-Anthony-Q425', 'Trial_Details': {'RH': 0, 'group': 35, 'detail': 'N/A', 'trialnum': 16, 'TrialName': '6rh', 'identifier': 'ckUf6', 'Concentration': 0}, 'Experiment_Rig': 'DA3'}",,2026-01-18 23:48:44.647,"{'cid': 'c04d07ee-94c6-44df-ad3c-f46614593299', 'uuid': 'c7aee882-f5a7-43f1-bd32-45d89285d4a7', 'annotationId': 'bed29bbe-8d3a-4751-96da-ec41fc138f11', 'name': 'AmbientSamplingRFC', 'description': 'AmbientSamplingRFC', 'labels': 'AmbientSamplingRFC', 'metadata': {'Length': 30, 'Progress': 0, 'startTime': 1768780097534, 'Notification': 'Event AmbientSamplingRFC Started.'}, 'createdAt': '2026-01-18T23:48:17.774Z', 'createdBy': '5c7b5d9f-c171-4004-a182-4277ffd4c9eb'}",29.83,19.96,1600.0,1600.14,21470060.0,1100.0,1099.69,24020116.0,0.0,568730.94,14.03,32.59,1009.77,1400.0,1401.18,22450138.0,0.0,0.06,22040109.0,2900.0,2898.4,22340093.0
0000000027-4125-asu-nz,0000000018-3024-oms-nz,AmbientSamplingRFC,bed29bbe-8d3a-4751-96da-ec41fc138f11,8431e6bd-5d3e-4c11-b2cc-504dddc0c609,1264.744873046875,481083.3125,198284.8125,8103.0986328125,7116.9345703125,25916.138671875,182774.578125,176140.265625,233286.71875,68934.6328125,124122.1875,18612.376953125,272917.625,5761.7763671875,18979.712890625,36904.1484375,255188.203125,51897.62109375,188546.53125,19425.50390625,6893.34814453125,13173.2705078125,25875.533203125,45520.1484375,2888404.5,366582.9375,1405642.625,3519316.25,11226778,5533.6142578125,67820.546875,139406784,62146408,20903.705078125,85843.375,202314.453125,672278.8125,4300.9580078125,2744796.75,1108027.5,62678.7421875,484494.3125,21041.37109375,821228.75,692.8141479492188,422261.46875,440276.78125,235456.96875,918782.25,69385.3125,77116.4453125,17176.451171875,4134.68115234375,274539.71875,14866.33203125,141427.5625,31130.673828125,401097.875,1095508.375,58424.87890625,7247.3388671875,122333.5625,13528.3876953125,595795.125,31514,33.890113830566406,35.743595123291016,0,0,0,0,0,0,0,0,0,0,0,1,0,0,0,0,0,0,0,False,UNKNOWN,0,0,0,0,194620416,24484,0,37.51442337036133,13,,,"{'Type': 'start', 'Data_Type': 'Synthetical', 'Protocol_name': 'ABGv5-0ppb-6RH-75ccm-Anthony-Q425', 'Trial_Details': {'RH': 0, 'group': 35, 'detail': 'N/A', 'trialnum': 16, 'TrialName': '6rh', 'identifier': 'ckUf6', 'Concentration': 0}, 'Experiment_Rig': 'DA3'}",,2026-01-18 23:48:44.953,"{'cid': 'c04d07ee-94c6-44df-ad3c-f46614593299', 'uuid': 'c7aee882-f5a7-43f1-bd32-45d89285d4a7', 'annotationId': 'bed29bbe-8d3a-4751-96da-ec41fc138f11', 'name': 'AmbientSamplingRFC', 'description': 'AmbientSamplingRFC', 'labels': 'AmbientSamplingRFC', 'metadata': {'Length': 30, 'Progress': 0, 'startTime': 1768780097534, 'Notification': 'Event AmbientSamplingRFC Started.'}, 'createdAt': '2026-01-18T23:48:17.774Z', 'createdBy': '5c7b5d9f-c171-4004-a182-4277ffd4c9eb'}",29.83,19.96,1600.0,1600.11,21470060.0,1100.0,1099.57,24020116.0,0.0,568764.93,14.03,32.59,1009.77,1400.0,1400.94,22450138.0,0.0,0.05,22040109.0,2900.0,2898.78,22340093.0
0000000027-4125-asu-nz,0000000018-3024-oms-nz,AmbientSamplingRFC,bed29bbe-8d3a-4751-96da-ec41fc138f11,8431e6bd-5d3e-4c11-b2cc-504dddc0c609,1264.1522216796875,481139.40625,198323.96875,8102.87158203125,7116.43896484375,25916.814453125,182750.03125,176155.609375,233391.921875,68930.0859375,124124.921875,18612.076171875,272838.5625,5758.35986328125,18980.064453125,36904.91796875,255824.046875,51893.52734375,188322.234375,19421.1796875,6893.29248046875,13169.408203125,25872.9765625,45512.49609375,2891826.75,368124.5625,1409617.5,3521240.25,11243504,5532.763671875,69556.40625,140890496,61981252,20907.5546875,85847.4921875,202344.46875,672105.1875,4299.81982421875,2746777.25,1107217.25,62691.15234375,485056.71875,21042.271484375,823115.5625,693.2723999023438,422707.46875,440300.46875,235485.3125,918749.375,69402.8359375,77104.953125,17181.3515625,4134.6640625,274138.6875,14865.978515625,141713.015625,31128.478515625,401051.375,1094905.625,58424.984375,7247.39990234375,122101.890625,13531.7421875,595705.4375,31815,33.80952835083008,35.743595123291016,0,0,0,0,0,0,0,0,0,0,0,1,0,0,0,0,0,0,0,False,UNKNOWN,0,0,0,0,194620416,24484,0,37.51442337036133,13,,,"{'Type': 'start', 'Data_Type': 'Synthetical', 'Protocol_name': 'ABGv5-0ppb-6RH-75ccm-Anthony-Q425', 'Trial_Details': {'RH': 0, 'group': 35, 'detail': 'N/A', 'trialnum': 16, 'TrialName': '6rh', 'identifier': 'ckUf6', 'Concentration': 0}, 'Experiment_Rig': 'DA3'}",,2026-01-18 23:48:45.249,"{'cid': 'c04d07ee-94c6-44df-ad3c-f46614593299', 'uuid': 'c7aee882-f5a7-43f1-bd32-45d89285d4a7', 'annotationId': 'bed29bbe-8d3a-4751-96da-ec41fc138f11', 'name': 'AmbientSamplingRFC', 'description': 'AmbientSamplingRFC', 'labels': 'AmbientSamplingRFC', 'metadata': {'Length': 30, 'Progress': 0, 'startTime': 1768780097534, 'Notification': 'Event AmbientSamplingRFC Started.'}, 'createdAt': '2026-01-18T23:48:17.774Z', 'createdBy': '5c7b5d9f-c171-4004-a182-4277ffd4c9eb'}",29.82,19.96,1600.0,1600.07,21470060.0,1100.0,1099.45,24020116.0,0.0,568886.14,14.03,32.59,1009.77,1400.0,1400.66,22450138.0,0.0,0.04,22040109.0,2900.0,2899.21,22340093.0
0000000027-4125-asu-nz,0000000018-3024-oms-nz,AmbientSamplingRFC,bed29bbe-8d3a-4751-96da-ec41fc138f11,8431e6bd-5d3e-4c11-b2cc-504dddc0c609,1263.7274169921875,481647.5,198368.125,8102.7431640625,7116.79638671875,25917.380859375,182742.0625,176186.578125,233285.46875,68990.5859375,124117.3828125,18611.119140625,271998.03125,5752.80712890625,18978.021484375,36904.37890625,255138.09375,51900.546875,189237.421875,19432.76953125,6893.33544921875,13182.599609375,25870.28125,45508.8125,2895340.25,367840.375,1412981.625,3521999.5,11256042,5533.01611328125,69716.390625,142072752,61647836,20908.142578125,85861.0234375,202290.96875,671960.375,4298.853515625,2743986.5,1106924.625,62700.42578125,485057.15625,21041.787109375,824291.375,693.0906372070312,423060.1875,440358.0625,235537.765625,919520.3125,69408.6484375,77112.734375,17182.962890625,4134.9501953125,274097.9375,14882.6572265625,141729.15625,31131.16015625,401024.15625,1094412.375,58428.73046875,7247.4638671875,122213.96875,13531.4130859375,595642.6875,32116,33.890113830566406,35.743595123291016,0,0,0,0,0,0,0,0,0,0,0,1,0,0,0,0,0,0,0,False,UNKNOWN,0,0,0,0,194620416,24484,0,37.51442337036133,13,,,"{'Type': 'start', 'Data_Type': 'Synthetical', 'Protocol_name': 'ABGv5-0ppb-6RH-75ccm-Anthony-Q425', 'Trial_Details': {'RH': 0, 'group': 35, 'detail': 'N/A', 'trialnum': 16, 'TrialName': '6rh', 'identifier': 'ckUf6', 'Concentration': 0}, 'Experiment_Rig': 'DA3'}",,2026-01-18 23:48:45.550,"{'cid': 'c04d07ee-94c6-44df-ad3c-f46614593299', 'uuid': 'c7aee882-f5a7-43f1-bd32-45d89285d4a7', 'annotationId': 'bed29bbe-8d3a-4751-96da-ec41fc138f11', 'name': 'AmbientSamplingRFC', 'description': 'AmbientSamplingRFC', 'labels': 'AmbientSamplingRFC', 'metadata': {'Length': 30, 'Progress': 0, 'startTime': 1768780097534, 'Notification': 'Event AmbientSamplingRFC Started.'}, 'createdAt': '2026-01-18T23:48:17.774Z', 'createdBy': '5c7b5d9f-c171-4004-a182-4277ffd4c9eb'}",29.82,19.96,1600.0,1600.02,21470060.0,1100.0,1099.33,24020116.0,0.0,569009.39,14.03,32.59,1009.78,1400.0,1400.37,22450138.0,0.0,0.03,22040109.0,2900.0,2899.64,22340093.0
0000000027-4125-asu-nz,0000000018-3024-oms-nz,AmbientSamplingRFC,bed29bbe-8d3a-4751-96da-ec41fc138f11,8431e6bd-5d3e-4c11-b2cc-504dddc0c609,1264.133544921875,481844.1875,198340.46875,8103.1357421875,7116.6279296875,25917.4765625,182761.765625,176185.4375,233197.671875,69006.9296875,124109.078125,18611.740234375,272388.375,5746.5966796875,18977.181640625,36925.30859375,255022.484375,51905.01953125,189611.296875,19434.302734375,6893.1044921875,13178.9794921875,25869.509765625,45503.23046875,2896283.5,367117.4375,1411193.25,3523049.0,11262714,5532.46875,69366.609375,142892304,61201032,20910.07421875,85847.2734375,202291.96875,671847.75,4298.93212890625,2742681.75,1106278.625,62701.4765625,485150.8125,21044.31640625,824848.125,693.2318115234375,423360.78125,440837.34375,235592.515625,920364.3125,69428.359375,77126.859375,17180.865234375,4138.884765625,274191.03125,14865.59765625,141524.765625,31132.3828125,400970.03125,1094556.625,58426.640625,7247.8271484375,122217.7265625,13527.140625,596377.4375,32417,33.970699310302734,35.66300582885742,0,0,0,0,0,0,0,0,0,0,0,1,0,0,0,0,0,0,0,False,UNKNOWN,0,0,0,0,194620416,24484,0,37.51442337036133,13,,,"{'Type': 'start', 'Data_Type': 'Synthetical', 'Protocol_name': 'ABGv5-0ppb-6RH-75ccm-Anthony-Q425', 'Trial_Details': {'RH': 0, 'group': 35, 'detail': 'N/A', 'trialnum': 16, 'TrialName': '6rh', 'identifier': 'ckUf6', 'Concentration': 0}, 'Experiment_Rig': 'DA3'}",,2026-01-18 23:48:45.851,"{'cid': 'c04d07ee-94c6-44df-ad3c-f46614593299', 'uuid': 'c7aee882-f5a7-43f1-bd32-45d89285d4a7', 'annotationId': 'bed29bbe-8d3a-4751-96da-ec41fc138f11', 'name': 'AmbientSamplingRFC', 'description': 'AmbientSamplingRFC', 'labels': 'AmbientSamplingRFC', 'metadata': {'Length': 30, 'Progress': 0, 'startTime': 1768780097534, 'Notification': 'Event AmbientSamplingRFC Started.'}, 'createdAt': '2026-01-18T23:48:17.774Z', 'createdBy': '5c7b5d9f-c171-4004-a182-4277ffd4c9eb'}",29.82,19.97,1600.0,1600.07,21470060.0,1100.0,1099.51,24020116.0,0.0,569132.65,14.03,32.59,1009.78,1400.0,1400.28,22450138.0,0.0,0.02,22040109.0,2900.0,2900.05,22340093.0
0000000027-4125-asu-nz,0000000018-3024-oms-nz,AmbientSamplingRFC,bed29bbe-8d3a-4751-96da-ec41fc138f11,8431e6bd-5d3e-4c11-b2cc-504dddc0c609,1262.5821533203125,481183.25,198355.75,8102.517578125,7116.85888671875,25917.3359375,182844.640625,176157.0625,233854.15625,68929.078125,124080.515625,18611.71875,271653.96875,5756.95263671875,18977.8828125,36912.82421875,254657.046875,51890.94140625,189449.421875,19438.501953125,6893.416015625,13178.9072265625,25865.451171875,45501.03125,2894172.25,367130.96875,1406817.375,3522223.75,11263558,5532.81201171875,67908.28125,143040240,60672244,20908.7890625,85863.2109375,202291.875,671889.625,4298.9287109375,2743582.75,1106540.5,62699.62109375,485171.5625,21044.650390625,824521.8125,693.5693359375,423660.1875,440769.71875,235607.625,921739.6875,69440.3046875,77144.6796875,17175.888671875,4136.78955078125,274195.875,14870.087890625,142010.046875,31136.623046875,401028.8125,1095616.625,58423.31640625,7248.02978515625,122349.71875,13523.5576171875,596437.3125,32718,33.890113830566406,35.66300582885742,0,0,0,0,0,0,0,0,0,0,0,1,0,0,0,0,0,0,0,False,UNKNOWN,0,0,0,0,194620416,24484,0,37.51442337036133,13,,,"{'Type': 'start', 'Data_Type': 'Synthetical', 'Protocol_name': 'ABGv5-0ppb-6RH-75ccm-Anthony-Q425', 'Trial_Details': {'RH': 0, 'group': 35, 'detail': 'N/A', 'trialnum': 16, 'TrialName': '6rh', 'identifier': 'ckUf6', 'Concentration': 0}, 'Experiment_Rig': 'DA3'}",,2026-01-18 23:48:46.153,"{'cid': 'c04d07ee-94c6-44df-ad3c-f46614593299', 'uuid': 'c7aee882-f5a7-43f1-bd32-45d89285d4a7', 'annotationId': 'bed29bbe-8d3a-4751-96da-ec41fc138f11', 'name': 'AmbientSamplingRFC', 'description': 'AmbientSamplingRFC', 'labels': 'AmbientSamplingRFC', 'metadata': {'Length': 30, 'Progress': 0, 'startTime': 1768780097534, 'Notification': 'Event AmbientSamplingRFC Started.'}, 'createdAt': '2026-01-18T23:48:17.774Z', 'createdBy': '5c7b5d9f-c171-4004-a182-4277ffd4c9eb'}",29.81,19.98,1600.0,1600.19,21470060.0,1100.0,1099.92,24020116.0,0.0,569102.66,14.03,32.59,1009.78,1400.0,1400.35,22450138.0,0.0,0.02,22040109.0,2900.0,2900.46,22340093.0
0000000027-4125-asu-nz,0000000018-3024-oms-nz,AmbientSamplingRFC,bed29bbe-8d3a-4751-96da-ec41fc138f11,8431e6bd-5d3e-4c11-b2cc-504dddc0c609,1262.5833740234375,481268.3125,198359.109375,8103.3857421875,7116.56884765625,25915.888671875,182784.21875,176166.515625,233580.15625,68933.5703125,124076.078125,18611.326171875,271614.25,5774.3896484375,18979.521484375,36905.515625,254272.90625,51871.39453125,189917.65625,19429.548828125,6893.28173828125,13169.9501953125,25865.990234375,45499.69921875,2888812.5,364722.125,1406512.25,3519427.25,11257594,5533.3662109375,68106.2890625,142452112,60234704,20909.80859375,85878.140625,202311.15625,671892.25,4299.80078125,2742763.25,1104619.25,62703.98046875,485220.34375,21042.52734375,824828.25,692.909423828125,422973.96875,440655.75,235616.84375,923083.4375,69443.6953125,77176.4765625,17176.220703125,4133.8134765625,272539.21875,14905.388671875,141244.875,31138.109375,401152.84375,1096634.125,58425.046875,7247.8984375,122391.1796875,13530.1904296875,596512.125,33019,33.970699310302734,35.743595123291016,0,0,0,0,0,0,0,0,0,0,0,1,0,0,0,0,0,0,0,False,UNKNOWN,0,0,0,0,194620416,24484,0,37.51442337036133,13,,,"{'Type': 'start', 'Data_Type': 'Synthetical', 'Protocol_name': 'ABGv5-0ppb-6RH-75ccm-Anthony-Q425', 'Trial_Details': {'RH': 0, 'group': 35, 'detail': 'N/A', 'trialnum': 16, 'TrialName': '6rh', 'identifier': 'ckUf6', 'Concentration': 0}, 'Experiment_Rig': 'DA3'}",,2026-01-18 23:48:46.453,"{'cid': 'c04d07ee-94c6-44df-ad3c-f46614593299', 'uuid': 'c7aee882-f5a7-43f1-bd32-45d89285d4a7', 'annotationId': 'bed29bbe-8d3a-4751-96da-ec41fc138f11', 'name': 'AmbientSamplingRFC', 'description': 'AmbientSamplingRFC', 'labels': 'AmbientSamplingRFC', 'metadata': {'Length': 30, 'Progress': 0, 'startTime': 1768780097534, 'Notification': 'Event AmbientSamplingRFC Started.'}, 'createdAt': '2026-01-18T23:48:17.774Z', 'createdBy': '5c7b5d9f-c171-4004-a182-4277ffd4c9eb'}",29.81,19.99,1600.0,1600.31,21470060.0,1100.0,1100.32,24020116.0,0.0,568856.74,14.03,32.59,1009.79,1400.0,1400.42,22450138.0,0.0,0.02,22040109.0,2900.0,2900.86,22340093.0
0000000027-4125-asu-nz,0000000018-3024-oms-nz,AmbientSamplingRFC,bed29bbe-8d3a-4751-96da-ec41fc138f11,8431e6bd-5d3e-4c11-b2cc-504dddc0c609,1264.493408203125,480589.4375,198337.484375,8102.4072265625,7116.45703125,25913.984375,182735.984375,176155.03125,233265.359375,68948.1640625,124058.6171875,18609.734375,271527.71875,5743.90283203125,18977.87890625,36912.03125,254080.671875,51869.6015625,188794.703125,19428.603515625,6893.04833984375,13171.6181640625,25865.689453125,45494.80859375,2885318.75,364148.46875,1402226.875,3516998.0,11247276,5533.0888671875,68146.171875,141484944,59907132,20913.076171875,85861.8203125,202295.78125,671919.6875,4300.49755859375,2742935.5,1104713.5,62701.86328125,484744.5,21045.66796875,824650.75,692.5278930664062,423166.03125,440172.625,235612.375,923903.25,69449.1328125,77175.421875,17178.068359375,4141.1650390625,273984.375,14864.0263671875,141144.90625,31139.24609375,401565.5,1098015.5,58434.10546875,7248.05712890625,122319.015625,13527.4453125,596528.75,33320,33.890113830566406,35.743595123291016,0,0,0,0,0,0,0,0,0,0,0,1,0,0,0,0,0,0,0,False,UNKNOWN,0,0,0,0,194620416,24484,0,37.51442337036133,13,,,"{'Type': 'start', 'Data_Type': 'Synthetical', 'Protocol_name': 'ABGv5-0ppb-6RH-75ccm-Anthony-Q425', 'Trial_Details': {'RH': 0, 'group': 35, 'detail': 'N/A', 'trialnum': 16, 'TrialName': '6rh', 'identifier': 'ckUf6', 'Concentration': 0}, 'Experiment_Rig': 'DA3'}",,2026-01-18 23:48:46.754,"{'cid': 'c04d07ee-94c6-44df-ad3c-f46614593299', 'uuid': 'c7aee882-f5a7-43f1-bd32-45d89285d4a7', 'annotationId': 'bed29bbe-8d3a-4751-96da-ec41fc138f11', 'name': 'AmbientSamplingRFC', 'description': 'AmbientSamplingRFC', 'labels': 'AmbientSamplingRFC', 'metadata': {'Length': 30, 'Progress': 0, 'startTime': 1768780097534, 'Notification': 'Event AmbientSamplingRFC Started.'}, 'createdAt': '2026-01-18T23:48:17.774Z', 'createdBy': '5c7b5d9f-c171-4004-a182-4277ffd4c9eb'}",29.81,19.99,1600.0,1600.41,21470060.0,1100.0,1100.67,24020116.0,0.0,568609.99,14.04,32.59,1009.79,1400.0,1400.47,22450138.0,0.0,0.03,22040109.0,2900.0,2901.22,22340093.0
0000000027-4125-asu-nz,0000000018-3024-oms-nz,AmbientSamplingRFC,bed29bbe-8d3a-4751-96da-ec41fc138f11,8431e6bd-5d3e-4c11-b2cc-504dddc0c609,1264.2991943359375,481183.53125,198287.265625,8102.95166015625,7116.2353515625,25912.73828125,182665.09375,176114.125,233335.75,69002.953125,124057.6484375,18609.65234375,271461.90625,5748.08251953125,18979.869140625,36908.37890625,254531.84375,51872.70703125,188490.515625,19430.28515625,6893.14599609375,13176.064453125,25865.015625,45495.34765625,2882338.25,362330.4375,1400579.75,3514822.75,11231438,5533.265625,68917.1328125,140242512,59707812,20913.58984375,85873.3984375,202358.8125,672088.375,4300.88916015625,2739421.25,1104965.5,62710.48828125,484949.53125,21046.1328125,824586.1875,692.9196166992188,423043.625,440372.90625,235584.0625,924692.1875,69457.2890625,77155.6328125,17175.4296875,4127.73291015625,274401.75,14897.201171875,141336.515625,31144.607421875,401386.34375,1099175.375,58434.38671875,7247.8916015625,122396.9921875,13525.1435546875,596952.5,33621,34.05128479003906,35.582420349121094,0,0,0,0,0,0,0,0,0,0,0,1,0,0,0,0,0,0,0,False,UNKNOWN,0,0,0,0,194620416,24484,0,37.51442337036133,13,,,"{'Type': 'start', 'Data_Type': 'Synthetical', 'Protocol_name': 'ABGv5-0ppb-6RH-75ccm-Anthony-Q425', 'Trial_Details': {'RH': 0, 'group': 35, 'detail': 'N/A', 'trialnum': 16, 'TrialName': '6rh', 'identifier': 'ckUf6', 'Concentration': 0}, 'Experiment_Rig': 'DA3'}",,2026-01-18 23:48:47.055,"{'cid': 'c04d07ee-94c6-44df-ad3c-f46614593299', 'uuid': 'c7aee882-f5a7-43f1-bd32-45d89285d4a7', 'annotationId': 'bed29bbe-8d3a-4751-96da-ec41fc138f11', 'name': 'AmbientSamplingRFC', 'description': 'AmbientSamplingRFC', 'labels': 'AmbientSamplingRFC', 'metadata': {'Length': 30, 'Progress': 0, 'startTime': 1768780097534, 'Notification': 'Event AmbientSamplingRFC Started.'}, 'createdAt': '2026-01-18T23:48:17.774Z', 'createdBy': '5c7b5d9f-c171-4004-a182-4277ffd4c9eb'}",29.81,19.99,1600.0,1600.46,21470060.0,1100.0,1100.81,24020116.0,0.0,568363.25,14.04,32.59,1009.8,1400.0,1400.42,22450138.0,0.0,0.04,22040109.0,2900.0,2901.31,22340093.0
0000000027-4125-asu-nz,0000000018-3024-oms-nz,AmbientSamplingRFC,bed29bbe-8d3a-4751-96da-ec41fc138f11,8431e6bd-5d3e-4c11-b2cc-504dddc0c609,1263.154541015625,481288.1875,198255.15625,8102.3359375,7116.65771484375,25910.306640625,182626.96875,176088.828125,233241.71875,68970.2734375,124043.1640625,18608.7109375,271974.125,5745.2724609375,18980.05078125,36905.25390625,255286.40625,51869.30859375,188710.515625,19438.494140625,6893.5517578125,13167.6279296875,25865.6953125,45503.20703125,2879602.0,365095.84375,1397229.375,3512591.5,11213123,5532.42919921875,68345.1640625,138723280,59703740,20908.21484375,85881.46875,202426.5,672384.9375,4299.18505859375,2737550.5,1106752.875,62696.1640625,484481.5625,21045.978515625,823776.8125,692.8095092773438,422956.71875,440568.40625,235546.421875,925060.375,69432.0625,77174.5703125,17174.18359375,4132.748046875,274497.375,14873.91015625,141529.828125,31147.935546875,401539.53125,1099593.0,58440.97265625,7247.75244140625,122346.078125,13525.85546875,596765.875,33922,34.05128479003906,35.66300582885742,0,0,0,0,0,0,0,0,0,0,0,1,0,0,0,0,0,0,0,False,UNKNOWN,0,0,0,0,194620416,24484,0,37.51442337036133,13,,,"{'Type': 'start', 'Data_Type': 'Synthetical', 'Protocol_name': 'ABGv5-0ppb-6RH-75ccm-Anthony-Q425', 'Trial_Details': {'RH': 0, 'group': 35, 'detail': 'N/A', 'trialnum': 16, 'TrialName': '6rh', 'identifier': 'ckUf6', 'Concentration': 0}, 'Experiment_Rig': 'DA3'}",,2026-01-18 23:48:47.356,"{'cid': 'c04d07ee-94c6-44df-ad3c-f46614593299', 'uuid': 'c7aee882-f5a7-43f1-bd32-45d89285d4a7', 'annotationId': 'bed29bbe-8d3a-4751-96da-ec41fc138f11', 'name': 'AmbientSamplingRFC', 'description': 'AmbientSamplingRFC', 'labels': 'AmbientSamplingRFC', 'metadata': {'Length': 30, 'Progress': 0, 'startTime': 1768780097534, 'Notification': 'Event AmbientSamplingRFC Started.'}, 'createdAt': '2026-01-18T23:48:17.774Z', 'createdBy': '5c7b5d9f-c171-4004-a182-4277ffd4c9eb'}",29.81,19.99,1600.0,1600.51,21470060.0,1100.0,1100.96,24020116.0,0.0,568111.01,14.04,32.59,1009.8,1400.0,1400.38,22450138.0,0.0,0.04,22040109.0,2900.0,2901.41,22340093.0
0000000027-4125-asu-nz,0000000018-3024-oms-nz,AmbientSamplingRFC,bed29bbe-8d3a-4751-96da-ec41fc138f11,8431e6bd-5d3e-4c11-b2cc-504dddc0c609,1263.5640869140625,480251.46875,198239.03125,8102.70166015625,7116.14501953125,25909.80859375,182601.671875,176066.078125,233055.5,68957.4609375,124047.5859375,18610.197265625,271433.46875,5760.28564453125,18979.748046875,36897.32421875,254781.796875,51883.88671875,187944.109375,19432.294921875,6893.65966796875,13176.3828125,25868.2421875,45504.83984375,2876721.25,361517.6875,1397608.0,3510222.75,11197017,5532.13671875,68767.75,137408400,59864044,20906.787109375,85874.6015625,202419.09375,672578.375,4299.95849609375,2735956.25,1108942.0,62681.8046875,484240.53125,21045.58203125,823030.5625,694.1824340820312,422912.59375,440454.71875,235483.671875,925348.5,69428.296875,77177.1875,17178.34375,4135.61474609375,272768.59375,14871.5830078125,141530.546875,31144.392578125,401560.25,1099584.0,58441.0234375,7248.20654296875,122357.5234375,13518.17578125,597462.6875,34223,33.970699310302734,35.743595123291016,0,0,0,0,0,0,0,0,0,0,0,1,0,0,0,0,0,0,0,False,UNKNOWN,0,0,0,0,194620416,24484,0,37.51442337036133,13,,,"{'Type': 'start', 'Data_Type': 'Synthetical', 'Protocol_name': 'ABGv5-0ppb-6RH-75ccm-Anthony-Q425', 'Trial_Details': {'RH': 0, 'group': 35, 'detail': 'N/A', 'trialnum': 16, 'TrialName': '6rh', 'identifier': 'ckUf6', 'Concentration': 0}, 'Experiment_Rig': 'DA3'}",,2026-01-18 23:48:47.658,"{'cid': 'c04d07ee-94c6-44df-ad3c-f46614593299', 'uuid': 'c7aee882-f5a7-43f1-bd32-45d89285d4a7', 'annotationId': 'bed29bbe-8d3a-4751-96da-ec41fc138f11', 'name': 'AmbientSamplingRFC', 'description': 'AmbientSamplingRFC', 'labels': 'AmbientSamplingRFC', 'metadata': {'Length': 30, 'Progress': 0, 'startTime': 1768780097534, 'Notification': 'Event AmbientSamplingRFC Started.'}, 'createdAt': '2026-01-18T23:48:17.774Z', 'createdBy': '5c7b5d9f-c171-4004-a182-4277ffd4c9eb'}",29.81,19.98,1600.0,1600.56,21470060.0,1100.0,1101.1,24020116.0,0.0,567853.81,14.04,32.59,1009.8,1400.0,1400.33,22450138.0,0.0,0.05,22040109.0,2900.0,2901.5,22340093.0
0000000027-4125-asu-nz,0000000018-3024-oms-nz,AmbientSamplingRFC,bed29bbe-8d3a-4751-96da-ec41fc138f11,8431e6bd-5d3e-4c11-b2cc-504dddc0c609,1263.159912109375,480678.09375,198208.265625,8102.67578125,7116.3173828125,25908.076171875,182677.734375,176064.921875,232993.046875,68944.59375,124059.6171875,18610.98828125,270407.78125,5753.7939453125,18979.12890625,36902.78515625,254558.09375,51897.5,189714.171875,19441.08203125,6892.91455078125,13166.45703125,25869.0234375,45503.734375,2874877.75,364491.4375,1398906.0,3508218.25,11182261,5532.60693359375,68101.3203125,136248448,60187884,20908.62109375,85868.4609375,202405.640625,672693.125,4300.19287109375,2735320.75,1107416.875,62676.5078125,484422.34375,21043.064453125,823068.6875,693.2898559570312,422673.46875,440200.0,235419.671875,924567.0,69430.3125,77163.6796875,17175.865234375,4134.48486328125,272305.3125,14860.861328125,141239.671875,31143.810546875,401577.1875,1099807.875,58445.453125,7248.01123046875,122378.1484375,13531.6513671875,600143.125,34524,33.80952835083008,35.66300582885742,0,0,0,0,0,0,0,0,0,0,0,1,0,0,0,0,0,0,0,False,UNKNOWN,0,0,0,0,194620416,24484,0,37.51442337036133,13,,,"{'Type': 'start', 'Data_Type': 'Synthetical', 'Protocol_name': 'ABGv5-0ppb-6RH-75ccm-Anthony-Q425', 'Trial_Details': {'RH': 0, 'group': 35, 'detail': 'N/A', 'trialnum': 16, 'TrialName': '6rh', 'identifier': 'ckUf6', 'Concentration': 0}, 'Experiment_Rig': 'DA3'}",,2026-01-18 23:48:47.963,"{'cid': 'c04d07ee-94c6-44df-ad3c-f46614593299', 'uuid': 'c7aee882-f5a7-43f1-bd32-45d89285d4a7', 'annotationId': 'bed29bbe-8d3a-4751-96da-ec41fc138f11', 'name': 'AmbientSamplingRFC', 'description': 'AmbientSamplingRFC', 'labels': 'AmbientSamplingRFC', 'metadata': {'Length': 30, 'Progress': 0, 'startTime': 1768780097534, 'Notification': 'Event AmbientSamplingRFC Started.'}, 'createdAt': '2026-01-18T23:48:17.774Z', 'createdBy': '5c7b5d9f-c171-4004-a182-4277ffd4c9eb'}",29.81,19.96,1600.0,1600.47,21470060.0,1100.0,1100.76,24020116.0,0.0,567594.05,14.04,32.59,1009.8,1400.0,1400.16,22450138.0,0.0,0.04,22040109.0,2900.0,2901.04,22340093.0
0000000027-4125-asu-nz,0000000018-3024-oms-nz,AmbientSamplingRFC,bed29bbe-8d3a-4751-96da-ec41fc138f11,8431e6bd-5d3e-4c11-b2cc-504dddc0c609,1263.298583984375,480163.5625,198210.921875,8102.71630859375,7115.80078125,25907.326171875,182620.234375,176043.40625,233224.84375,68836.0078125,124076.9375,18608.81640625,270774.09375,5756.7470703125,18982.5,36904.40234375,254822.96875,51895.8203125,189168.484375,19438.6875,6893.42724609375,13175.90234375,25870.859375,45512.05078125,2874285.0,365868.28125,1399531.75,3507470.75,11170948,5532.767578125,68896.7890625,135546352,60605112,20909.40234375,85878.1953125,202412.671875,672760.25,4300.14697265625,2737952.25,1107552.0,62670.16015625,484612.84375,21044.5546875,821800.3125,693.223876953125,422809.03125,440038.625,235408.71875,923648.625,69419.2734375,77122.828125,17179.384765625,4142.25,273878.25,14854.5576171875,139627.28125,31145.25,401452.125,1099553.5,58441.3046875,7248.166015625,122476.9921875,13535.7900390625,600668.375,34825,33.970699310302734,35.743595123291016,0,0,0,0,0,0,0,0,0,0,0,1,0,0,0,0,0,0,0,False,UNKNOWN,0,0,0,0,194620416,24484,0,37.51442337036133,13,,,"{'Type': 'start', 'Data_Type': 'Synthetical', 'Protocol_name': 'ABGv5-0ppb-6RH-75ccm-Anthony-Q425', 'Trial_Details': {'RH': 0, 'group': 35, 'detail': 'N/A', 'trialnum': 16, 'TrialName': '6rh', 'identifier': 'ckUf6', 'Concentration': 0}, 'Experiment_Rig': 'DA3'}",,2026-01-18 23:48:48.259,"{'cid': 'c04d07ee-94c6-44df-ad3c-f46614593299', 'uuid': 'c7aee882-f5a7-43f1-bd32-45d89285d4a7', 'annotationId': 'bed29bbe-8d3a-4751-96da-ec41fc138f11', 'name': 'AmbientSamplingRFC', 'description': 'AmbientSamplingRFC', 'labels': 'AmbientSamplingRFC', 'metadata': {'Length': 30, 'Progress': 0, 'startTime': 1768780097534, 'Notification': 'Event AmbientSamplingRFC Started.'}, 'createdAt': '2026-01-18T23:48:17.774Z', 'createdBy': '5c7b5d9f-c171-4004-a182-4277ffd4c9eb'}",29.82,19.94,1600.0,1600.38,21470060.0,1100.0,1100.36,24020116.0,0.0,567341.96,14.04,32.59,1009.8,1400.0,1399.97,22450138.0,0.0,0.03,22040109.0,2900.0,2900.48,22340093.0
0000000027-4125-asu-nz,0000000018-3024-oms-nz,AmbientSamplingRFC,bed29bbe-8d3a-4751-96da-ec41fc138f11,8431e6bd-5d3e-4c11-b2cc-504dddc0c609,1262.0780029296875,480204.875,198202.890625,8102.8515625,7115.5546875,25907.447265625,182657.53125,176049.71875,233389.6875,68836.2578125,124092.421875,18609.02734375,272519.9375,5743.201171875,18982.146484375,36897.5,255151.3125,51901.3984375,189219.546875,19441.80078125,6893.26025390625,13172.4150390625,25872.84765625,45513.46875,2876819.25,362090.96875,1402391.625,3508498.25,11169077,5532.4326171875,70344.9609375,135396368,61085264,20907.146484375,85868.84375,202407.984375,672767.5625,4300.6337890625,2741004.0,1109355.75,62661.578125,484385.59375,21043.96484375,821227.3125,693.2567138671875,422598.75,440065.71875,235396.40625,922606.5,69422.96875,77127.046875,17177.23828125,4144.54541015625,272621.0,14876.0888671875,140185.515625,31143.859375,401219.1875,1098988.75,58439.0,7248.27392578125,122408.046875,13524.1591796875,599958.25,35126,33.890113830566406,35.66300582885742,0,0,0,0,0,0,0,0,0,0,0,1,0,0,0,0,0,0,0,False,UNKNOWN,0,0,0,0,194620416,24484,0,37.51442337036133,13,,,"{'Type': 'start', 'Data_Type': 'Synthetical', 'Protocol_name': 'ABGv5-0ppb-6RH-75ccm-Anthony-Q425', 'Trial_Details': {'RH': 0, 'group': 35, 'detail': 'N/A', 'trialnum': 16, 'TrialName': '6rh', 'identifier': 'ckUf6', 'Concentration': 0}, 'Experiment_Rig': 'DA3'}",,2026-01-18 23:48:48.560,"{'cid': 'c04d07ee-94c6-44df-ad3c-f46614593299', 'uuid': 'c7aee882-f5a7-43f1-bd32-45d89285d4a7', 'annotationId': 'bed29bbe-8d3a-4751-96da-ec41fc138f11', 'name': 'AmbientSamplingRFC', 'description': 'AmbientSamplingRFC', 'labels': 'AmbientSamplingRFC', 'metadata': {'Length': 30, 'Progress': 0, 'startTime': 1768780097534, 'Notification': 'Event AmbientSamplingRFC Started.'}, 'createdAt': '2026-01-18T23:48:17.774Z', 'createdBy': '5c7b5d9f-c171-4004-a182-4277ffd4c9eb'}",29.82,19.91,1600.0,1600.28,21470060.0,1100.0,1099.96,24020116.0,0.0,568297.85,14.04,32.59,1009.79,1400.0,1399.78,22450138.0,0.0,0.01,22040109.0,2900.0,2899.9,22340093.0
0000000027-4125-asu-nz,0000000018-3024-oms-nz,AmbientSamplingRFC,bed29bbe-8d3a-4751-96da-ec41fc138f11,8431e6bd-5d3e-4c11-b2cc-504dddc0c609,1262.886474609375,480650.1875,198234.875,8102.86572265625,7115.7880859375,25907.830078125,182671.546875,176064.4375,233395.9375,68863.6640625,124124.6484375,18610.556640625,271841.15625,5742.22607421875,18979.26953125,36897.9765625,254858.0625,51899.2109375,189546.453125,19434.20703125,6893.04931640625,13166.162109375,25874.298828125,45518.76953125,2881106.25,361382.75,1402635.25,3511665.25,11177723,5532.34228515625,68972.765625,135834768,61526600,20906.736328125,85866.78125,202316.640625,672844.9375,4299.4453125,2743637.5,1109275.125,62663.78125,483834.96875,21042.328125,820372.0,692.8794555664062,422555.21875,440195.1875,235411.734375,921321.625,69410.234375,77105.90625,17182.896484375,4134.640625,272205.71875,14842.3115234375,139377.828125,31141.564453125,401348.40625,1098055.125,58434.42578125,7248.22216796875,122358.5859375,13531.2255859375,600330.875,35427,33.970699310302734,35.66300582885742,0,0,0,0,0,0,0,0,0,0,0,1,0,0,0,0,0,0,0,False,UNKNOWN,0,0,0,0,194620416,24484,0,37.51442337036133,13,,,"{'Type': 'start', 'Data_Type': 'Synthetical', 'Protocol_name': 'ABGv5-0ppb-6RH-75ccm-Anthony-Q425', 'Trial_Details': {'RH': 0, 'group': 35, 'detail': 'N/A', 'trialnum': 16, 'TrialName': '6rh', 'identifier': 'ckUf6', 'Concentration': 0}, 'Experiment_Rig': 'DA3'}",,2026-01-18 23:48:48.861,"{'cid': 'c04d07ee-94c6-44df-ad3c-f46614593299', 'uuid': 'c7aee882-f5a7-43f1-bd32-45d89285d4a7', 'annotationId': 'bed29bbe-8d3a-4751-96da-ec41fc138f11', 'name': 'AmbientSamplingRFC', 'description': 'AmbientSamplingRFC', 'labels': 'AmbientSamplingRFC', 'metadata': {'Length': 30, 'Progress': 0, 'startTime': 1768780097534, 'Notification': 'Event AmbientSamplingRFC Started.'}, 'createdAt': '2026-01-18T23:48:17.774Z', 'createdBy': '5c7b5d9f-c171-4004-a182-4277ffd4c9eb'}",29.82,19.9,1600.0,1600.3,21470060.0,1100.0,1099.77,24020116.0,0.0,569408.11,14.04,32.59,1009.78,1400.0,1399.63,22450138.0,0.0,0.01,22040109.0,2900.0,2899.15,22340093.0
0000000027-4125-asu-nz,0000000018-3024-oms-nz,AmbientSamplingRFC,bed29bbe-8d3a-4751-96da-ec41fc138f11,8431e6bd-5d3e-4c11-b2cc-504dddc0c609,1262.2376708984375,480558.25,198271.28125,8102.4296875,7115.81005859375,25911.212890625,182781.96875,176100.265625,233524.53125,68890.4140625,124116.0859375,18609.099609375,272324.5,5740.25390625,18979.16796875,36904.67578125,254980.46875,51887.8828125,188946.21875,19436.21484375,6893.07470703125,13173.5751953125,25872.5546875,45523.9765625,2884838.5,360734.5,1405975.125,3514580.75,11189346,5531.923828125,68928.8828125,136807744,61887864,20906.81640625,85863.8671875,202250.125,672858.125,4298.95947265625,2749589.75,1110219.125,62667.6328125,484122.65625,21045.26953125,820301.125,692.463134765625,423013.84375,439823.6875,235438.734375,920403.8125,69417.9453125,77109.71875,17169.408203125,4145.59619140625,273465.78125,14829.7666015625,139408.90625,31138.759765625,401110.96875,1097150.375,58435.41796875,7248.09326171875,122230.7578125,13522.509765625,599140.25,35728,33.80952835083008,35.66300582885742,0,0,0,0,0,0,0,0,0,0,0,1,0,0,0,0,0,0,0,False,UNKNOWN,0,0,0,0,194625448,24484,0,38.20302963256836,13,,,"{'Type': 'start', 'Data_Type': 'Synthetical', 'Protocol_name': 'ABGv5-0ppb-6RH-75ccm-Anthony-Q425', 'Trial_Details': {'RH': 0, 'group': 35, 'detail': 'N/A', 'trialnum': 16, 'TrialName': '6rh', 'identifier': 'ckUf6', 'Concentration': 0}, 'Experiment_Rig': 'DA3'}",,2026-01-18 23:48:49.164,"{'cid': 'c04d07ee-94c6-44df-ad3c-f46614593299', 'uuid': 'c7aee882-f5a7-43f1-bd32-45d89285d4a7', 'annotationId': 'bed29bbe-8d3a-4751-96da-ec41fc138f11', 'name': 'AmbientSamplingRFC', 'description': 'AmbientSamplingRFC', 'labels': 'AmbientSamplingRFC', 'metadata': {'Length': 30, 'Progress': 0, 'startTime': 1768780097534, 'Notification': 'Event AmbientSamplingRFC Started.'}, 'createdAt': '2026-01-18T23:48:17.774Z', 'createdBy': '5c7b5d9f-c171-4004-a182-4277ffd4c9eb'}",29.83,19.9,1600.0,1600.42,21470060.0,1100.0,1099.8,24020116.0,0.0,570525.75,14.04,32.59,1009.77,1400.0,1399.54,22450138.0,0.0,0.01,22040109.0,2900.0,2898.19,22340093.0
0000000027-4125-asu-nz,0000000018-3024-oms-nz,BreathSampleCollection,bed29bbe-8d3a-4751-96da-ec41fc138f11,8431e6bd-5d3e-4c11-b2cc-504dddc0c609,1263.9390869140625,481450.03125,198348.640625,8102.5283203125,7116.15966796875,25914.7265625,182748.625,176151.96875,233411.40625,68933.1484375,124114.5234375,18609.791015625,273395.53125,5743.7900390625,18981.298828125,36911.6953125,254883.625,51883.8984375,187939.875,19430.857421875,6893.1806640625,13170.76171875,25871.5,45522.98046875,2888422.0,361432.0,1404771.25,3516682.5,11211957,5532.861328125,69351.703125,138582160,61675776,20906.140625,85864.6484375,202267.0,672463.125,4299.31884765625,2749543.25,1109802.625,62696.09375,484057.28125,21045.11328125,821068.5625,692.573486328125,422758.78125,439642.28125,235525.28125,920099.375,69430.09375,77135.9140625,17166.466796875,4137.873046875,273617.25,14855.330078125,140046.03125,31135.001953125,400916.71875,1095859.75,58432.734375,7247.9482421875,122494.921875,13519.421875,599329.6875,36030,33.80952835083008,35.66300582885742,0,0,0,0,0,0,0,0,0,0,0,1,0,0,0,0,0,0,0,False,UNKNOWN,0,0,0,0,194625448,24484,0,38.20302963256836,13,,,"{'Type': 'start', 'Data_Type': 'Synthetical', 'Protocol_name': 'ABGv5-0ppb-6RH-75ccm-Anthony-Q425', 'Trial_Details': {'RH': 0, 'group': 35, 'detail': 'N/A', 'trialnum': 16, 'TrialName': '6rh', 'identifier': 'ckUf6', 'Concentration': 0}, 'Experiment_Rig': 'DA3'}",,2026-01-18 23:48:49.466,"{'cid': 'c04d07ee-94c6-44df-ad3c-f46614593299', 'uuid': '74f70dd7-5c4f-4b46-876f-39420e955c74', 'annotationId': 'bed29bbe-8d3a-4751-96da-ec41fc138f11', 'name': 'BreathSampleCollection', 'description': 'BreathSampleCollection', 'labels': 'BreathSampleCollection', 'metadata': {'Length': 7, 'Progress': 29, 'startTime': 1768780128948, 'Notification': 'Event BreathSampleCollection Started.'}, 'createdAt': '2026-01-18T23:48:49.192Z', 'createdBy': '5c7b5d9f-c171-4004-a182-4277ffd4c9eb'}",29.83,19.89,1600.0,1600.54,21470060.0,1100.0,1099.82,24020116.0,0.0,571547.76,14.04,32.59,1009.76,1400.0,1399.44,22450138.0,0.0,0.02,22040109.0,2900.0,2897.23,22340093.0
0000000027-4125-asu-nz,0000000018-3024-oms-nz,BreathSampleCollection,bed29bbe-8d3a-4751-96da-ec41fc138f11,8431e6bd-5d3e-4c11-b2cc-504dddc0c609,1262.293701171875,481312.5625,198368.09375,8102.73046875,7116.11865234375,25916.060546875,182794.78125,176172.90625,233405.90625,68905.53125,124122.34375,18610.15234375,272780.6875,5734.61376953125,18980.271484375,36921.15234375,254787.84375,51878.89453125,188581.453125,19426.26953125,6893.3662109375,13158.17578125,25870.9609375,45515.92578125,2891613.75,360213.375,1404767.75,3517839.0,11231325,5532.6875,69022.140625,140183584,61738780,20908.19140625,85860.8046875,202252.078125,672204.3125,4298.6728515625,2749028.25,1110107.125,62687.9453125,484247.125,21045.783203125,820478.5,692.86474609375,423247.65625,440065.96875,235489.578125,919713.6875,69413.5390625,77135.625,17167.796875,4143.7978515625,273502.25,14851.197265625,139294.96875,31132.724609375,400785.15625,1095055.625,58423.484375,7248.0078125,122348.6796875,13517.54296875,600229.3125,36330,33.890113830566406,35.66300582885742,0,0,0,0,0,0,0,0,0,0,0,1,0,0,0,0,0,0,0,False,UNKNOWN,0,0,0,0,194625448,24484,0,38.20302963256836,13,,,"{'Type': 'start', 'Data_Type': 'Synthetical', 'Protocol_name': 'ABGv5-0ppb-6RH-75ccm-Anthony-Q425', 'Trial_Details': {'RH': 0, 'group': 35, 'detail': 'N/A', 'trialnum': 16, 'TrialName': '6rh', 'identifier': 'ckUf6', 'Concentration': 0}, 'Experiment_Rig': 'DA3'}",,2026-01-18 23:48:49.766,"{'cid': 'c04d07ee-94c6-44df-ad3c-f46614593299', 'uuid': '74f70dd7-5c4f-4b46-876f-39420e955c74', 'annotationId': 'bed29bbe-8d3a-4751-96da-ec41fc138f11', 'name': 'BreathSampleCollection', 'description': 'BreathSampleCollection', 'labels': 'BreathSampleCollection', 'metadata': {'Length': 7, 'Progress': 29, 'startTime': 1768780128948, 'Notification': 'Event BreathSampleCollection Started.'}, 'createdAt': '2026-01-18T23:48:49.192Z', 'createdBy': '5c7b5d9f-c171-4004-a182-4277ffd4c9eb'}",29.83,19.9,1600.0,1600.63,21470060.0,1100.0,1099.85,24020116.0,0.0,570684.17,14.04,32.59,1009.77,1400.0,1399.34,22450138.0,0.0,0.02,22040109.0,2900.0,2896.67,22340093.0
0000000027-4125-asu-nz,0000000018-3024-oms-nz,BreathSampleCollection,bed29bbe-8d3a-4751-96da-ec41fc138f11,8431e6bd-5d3e-4c11-b2cc-504dddc0c609,1262.290283203125,481280.09375,198413.71875,8103.02734375,7116.21875,25915.908203125,182822.4375,176204.453125,233534.53125,68890.0625,124129.984375,18609.509765625,273691.6875,5749.88720703125,18978.337890625,36911.02734375,254860.28125,51875.3359375,189552.171875,19434.970703125,6892.6220703125,13167.974609375,25868.650390625,45515.75,2895703.25,360105.46875,1402078.625,3518879.5,11250430,5532.45947265625,69354.546875,141656736,61586916,20908.525390625,85849.4140625,202270.71875,672095.0,4298.62841796875,2749192.0,1108398.875,62689.5078125,484388.9375,21045.369140625,822499.75,692.7689819335938,422926.4375,440114.84375,235544.53125,919327.6875,69426.0859375,77098.8828125,17162.7421875,4141.81689453125,273544.59375,14872.98828125,139246.125,31131.4375,400832.0,1094570.125,58414.20703125,7248.07373046875,122376.390625,13523.9384765625,600647.875,36631,34.05128479003906,35.743595123291016,0,0,0,0,0,0,0,0,0,0,0,1,0,0,0,0,0,0,0,False,UNKNOWN,0,0,0,0,194625448,24484,0,38.20302963256836,13,,,"{'Type': 'start', 'Data_Type': 'Synthetical', 'Protocol_name': 'ABGv5-0ppb-6RH-75ccm-Anthony-Q425', 'Trial_Details': {'RH': 0, 'group': 35, 'detail': 'N/A', 'trialnum': 16, 'TrialName': '6rh', 'identifier': 'ckUf6', 'Concentration': 0}, 'Experiment_Rig': 'DA3'}",,2026-01-18 23:48:50.065,"{'cid': 'c04d07ee-94c6-44df-ad3c-f46614593299', 'uuid': '74f70dd7-5c4f-4b46-876f-39420e955c74', 'annotationId': 'bed29bbe-8d3a-4751-96da-ec41fc138f11', 'name': 'BreathSampleCollection', 'description': 'BreathSampleCollection', 'labels': 'BreathSampleCollection', 'metadata': {'Length': 7, 'Progress': 29, 'startTime': 1768780128948, 'Notification': 'Event BreathSampleCollection Started.'}, 'createdAt': '2026-01-18T23:48:49.192Z', 'createdBy': '5c7b5d9f-c171-4004-a182-4277ffd4c9eb'}",29.83,19.92,1600.0,1600.58,21470060.0,1100.0,1099.9,24020116.0,0.0,569823.47,14.05,32.59,1009.77,1400.0,1399.22,22450138.0,0.0,0.02,22040109.0,2900.0,2898.73,22340093.0
0000000027-4125-asu-nz,0000000018-3024-oms-nz,BreathSampleCollection,bed29bbe-8d3a-4751-96da-ec41fc138f11,8431e6bd-5d3e-4c11-b2cc-504dddc0c609,1261.9652099609375,481441.3125,198387.390625,8102.9619140625,7116.4208984375,25916.302734375,182895.390625,176222.890625,233627.65625,68907.890625,124122.796875,18610.3671875,271531.09375,5764.02294921875,18979.251953125,36923.5546875,255167.0625,51884.01171875,188957.734375,19436.64453125,6892.51171875,13162.9482421875,25866.705078125,45508.88671875,2900128.75,360724.5,1398525.5,3520538.75,11263399,5532.97265625,69830.8359375,142677872,61305360,20910.3125,85852.578125,202221.734375,671992.625,4299.900390625,2753205.0,1107982.0,62705.83984375,484367.9375,21045.130859375,823730.8125,692.401611328125,423026.28125,440506.1875,235605.53125,919992.0,69436.28125,77098.0625,17173.048828125,4145.4677734375,272622.6875,14842.859375,139680.390625,31131.541015625,400972.84375,1094763.25,58421.27734375,7247.84326171875,122359.546875,13528.01171875,600736.4375,36932,33.970699310302734,35.66300582885742,0,0,0,0,0,0,0,0,0,0,0,1,0,0,0,0,0,0,0,False,UNKNOWN,0,0,0,0,194625448,24484,0,38.20302963256836,13,,,"{'Type': 'start', 'Data_Type': 'Synthetical', 'Protocol_name': 'ABGv5-0ppb-6RH-75ccm-Anthony-Q425', 'Trial_Details': {'RH': 0, 'group': 35, 'detail': 'N/A', 'trialnum': 16, 'TrialName': '6rh', 'identifier': 'ckUf6', 'Concentration': 0}, 'Experiment_Rig': 'DA3'}",,2026-01-18 23:48:50.366,"{'cid': 'c04d07ee-94c6-44df-ad3c-f46614593299', 'uuid': '74f70dd7-5c4f-4b46-876f-39420e955c74', 'annotationId': 'bed29bbe-8d3a-4751-96da-ec41fc138f11', 'name': 'BreathSampleCollection', 'description': 'BreathSampleCollection', 'labels': 'BreathSampleCollection', 'metadata': {'Length': 7, 'Progress': 29, 'startTime': 1768780128948, 'Notification': 'Event BreathSampleCollection Started.'}, 'createdAt': '2026-01-18T23:48:49.192Z', 'createdBy': '5c7b5d9f-c171-4004-a182-4277ffd4c9eb'}",29.83,19.94,1600.0,1600.54,21470060.0,1100.0,1099.94,24020116.0,0.0,568957.0,14.05,32.59,1009.78,1400.0,1399.1,22450138.0,0.0,0.01,22040109.0,2900.0,2900.81,22340093.0
0000000027-4125-asu-nz,0000000018-3024-oms-nz,BreathSampleCollection,bed29bbe-8d3a-4751-96da-ec41fc138f11,8431e6bd-5d3e-4c11-b2cc-504dddc0c609,1262.555908203125,481841.0,198376.9375,8103.0263671875,7116.68017578125,25915.9921875,182872.671875,176218.515625,233101.03125,68992.0625,124105.21875,18609.265625,272707.40625,5749.14404296875,18975.451171875,36909.3046875,254990.390625,51886.30859375,189643.875,19429.109375,6892.51611328125,13169.193359375,25866.927734375,45508.76171875,2901539.25,360744.84375,1402671.75,3522505.25,11272271,5532.791015625,69812.4140625,143829648,60873128,20903.439453125,85859.9765625,202212.484375,671937.375,4299.68408203125,2753719.0,1104213.75,62714.31640625,484324.25,21045.373046875,823742.9375,692.85595703125,423000.34375,441034.84375,235599.375,920545.75,69422.8828125,77094.4609375,17164.01171875,4127.3251953125,271892.21875,14871.5107421875,138934.1875,31132.615234375,400963.15625,1094347.25,58422.81640625,7247.85498046875,122368.359375,13528.150390625,599774.8125,37233,33.890113830566406,35.501834869384766,0,0,0,0,0,0,0,0,0,0,0,1,0,0,0,0,0,0,0,False,UNKNOWN,0,0,0,0,194625448,24484,0,38.20302963256836,13,,,"{'Type': 'start', 'Data_Type': 'Synthetical', 'Protocol_name': 'ABGv5-0ppb-6RH-75ccm-Anthony-Q425', 'Trial_Details': {'RH': 0, 'group': 35, 'detail': 'N/A', 'trialnum': 16, 'TrialName': '6rh', 'identifier': 'ckUf6', 'Concentration': 0}, 'Experiment_Rig': 'DA3'}",,2026-01-18 23:48:50.667,"{'cid': 'c04d07ee-94c6-44df-ad3c-f46614593299', 'uuid': '74f70dd7-5c4f-4b46-876f-39420e955c74', 'annotationId': 'bed29bbe-8d3a-4751-96da-ec41fc138f11', 'name': 'BreathSampleCollection', 'description': 'BreathSampleCollection', 'labels': 'BreathSampleCollection', 'metadata': {'Length': 7, 'Progress': 29, 'startTime': 1768780128948, 'Notification': 'Event BreathSampleCollection Started.'}, 'createdAt': '2026-01-18T23:48:49.192Z', 'createdBy': '5c7b5d9f-c171-4004-a182-4277ffd4c9eb'}",29.83,19.95,1600.0,1600.49,21470060.0,1100.0,1099.99,24020116.0,0.0,568376.66,14.05,32.59,1009.78,1400.0,1398.99,22450138.0,0.0,0.01,22040109.0,2900.0,2902.88,22340093.0
0000000027-4125-asu-nz,0000000018-3024-oms-nz,BreathSampleCollection,bed29bbe-8d3a-4751-96da-ec41fc138f11,8431e6bd-5d3e-4c11-b2cc-504dddc0c609,1262.885498046875,481698.28125,198377.671875,8102.5107421875,7117.251953125,25916.271484375,182792.5,176197.609375,233403.9375,68931.1328125,124107.3046875,18608.341796875,273204.65625,5734.0,18977.751953125,36916.98828125,255148.390625,51880.9453125,189969.046875,19436.814453125,6893.099609375,13169.7705078125,25865.349609375,45503.88671875,2897234.25,361628.78125,1405359.5,3520394.25,11272532,5531.74072265625,69083.4296875,143901536,60412960,20901.609375,85856.5625,202208.59375,671966.6875,4299.79052734375,2751113.25,1103090.0,62718.55859375,484609.75,21044.26953125,824425.9375,692.16796875,423219.40625,440731.25,235617.90625,921745.6875,69442.609375,77115.9140625,17170.6953125,4143.93310546875,272349.78125,14882.375,141453.0625,31131.560546875,401256.40625,1094539.75,58427.12109375,7247.6142578125,122281.8125,13535.1240234375,600297.4375,37534,33.80952835083008,35.582420349121094,0,0,0,0,0,0,0,0,0,0,0,1,0,0,0,0,0,0,0,False,UNKNOWN,0,0,0,0,194625448,24484,0,38.20302963256836,13,,,"{'Type': 'start', 'Data_Type': 'Synthetical', 'Protocol_name': 'ABGv5-0ppb-6RH-75ccm-Anthony-Q425', 'Trial_Details': {'RH': 0, 'group': 35, 'detail': 'N/A', 'trialnum': 16, 'TrialName': '6rh', 'identifier': 'ckUf6', 'Concentration': 0}, 'Experiment_Rig': 'DA3'}",,2026-01-18 23:48:50.968,"{'cid': 'c04d07ee-94c6-44df-ad3c-f46614593299', 'uuid': '74f70dd7-5c4f-4b46-876f-39420e955c74', 'annotationId': 'bed29bbe-8d3a-4751-96da-ec41fc138f11', 'name': 'BreathSampleCollection', 'description': 'BreathSampleCollection', 'labels': 'BreathSampleCollection', 'metadata': {'Length': 7, 'Progress': 29, 'startTime': 1768780128948, 'Notification': 'Event BreathSampleCollection Started.'}, 'createdAt': '2026-01-18T23:48:49.192Z', 'createdBy': '5c7b5d9f-c171-4004-a182-4277ffd4c9eb'}",29.82,19.94,1600.0,1600.38,21470060.0,1100.0,1100.0,24020116.0,0.0,568995.06,14.05,32.59,1009.77,1400.0,1399.39,22450138.0,0.0,0.01,22040109.0,2900.0,2902.81,22340093.0
0000000027-4125-asu-nz,0000000018-3024-oms-nz,BreathSampleCollection,bed29bbe-8d3a-4751-96da-ec41fc138f11,8431e6bd-5d3e-4c11-b2cc-504dddc0c609,1263.00927734375,481853.375,198352.625,8102.86181640625,7116.8916015625,25915.44921875,182736.9375,176189.0,233541.390625,68887.5625,124084.34375,18610.55078125,271716.59375,5757.0078125,18977.6484375,36911.4140625,254812.125,51885.12890625,188476.828125,19423.71875,6892.91357421875,13176.025390625,25868.732421875,45501.83984375,2891892.25,361365.3125,1405450.25,3517637.25,11264989,5532.20751953125,66985.234375,143152336,59971352,20908.333984375,85861.2890625,202244.59375,671933.25,4298.6787109375,2750062.25,1102410.875,62711.91796875,484237.1875,21045.869140625,824507.0625,692.6717529296875,423537.4375,440356.78125,235634.921875,923200.5625,69449.5390625,77097.0859375,17164.654296875,4147.36474609375,272055.84375,14859.38671875,141080.9375,31132.173828125,401419.9375,1095036.75,58427.5546875,7247.740234375,122209.796875,13529.76171875,599141.625,37835,33.80952835083008,35.66300582885742,0,0,0,0,0,0,0,0,0,0,0,1,0,0,0,0,0,0,0,False,UNKNOWN,0,0,0,0,194625448,24484,0,38.20302963256836,13,,,"{'Type': 'start', 'Data_Type': 'Synthetical', 'Protocol_name': 'ABGv5-0ppb-6RH-75ccm-Anthony-Q425', 'Trial_Details': {'RH': 0, 'group': 35, 'detail': 'N/A', 'trialnum': 16, 'TrialName': '6rh', 'identifier': 'ckUf6', 'Concentration': 0}, 'Experiment_Rig': 'DA3'}",,2026-01-18 23:48:51.270,"{'cid': 'c04d07ee-94c6-44df-ad3c-f46614593299', 'uuid': '74f70dd7-5c4f-4b46-876f-39420e955c74', 'annotationId': 'bed29bbe-8d3a-4751-96da-ec41fc138f11', 'name': 'BreathSampleCollection', 'description': 'BreathSampleCollection', 'labels': 'BreathSampleCollection', 'metadata': {'Length': 7, 'Progress': 29, 'startTime': 1768780128948, 'Notification': 'Event BreathSampleCollection Started.'}, 'createdAt': '2026-01-18T23:48:49.192Z', 'createdBy': '5c7b5d9f-c171-4004-a182-4277ffd4c9eb'}",29.82,19.93,1600.0,1600.26,21470060.0,1100.0,1100.0,24020116.0,0.0,569615.52,14.05,32.59,1009.77,1400.0,1399.95,22450138.0,0.0,0.0,22040109.0,2900.0,2902.09,22340093.0
0000000027-4125-asu-nz,0000000018-3024-oms-nz,BreathSampleCollection,bed29bbe-8d3a-4751-96da-ec41fc138f11,8431e6bd-5d3e-4c11-b2cc-504dddc0c609,1263.3463134765625,481178.0,198321.53125,8102.71435546875,7117.458984375,25913.970703125,182784.125,176142.1875,233690.625,68844.328125,124069.1171875,18609.962890625,272050.53125,5746.275390625,18978.69140625,36897.359375,254887.859375,51874.91015625,187648.40625,19423.1875,6892.48388671875,13173.27734375,25867.888671875,45502.04296875,2888745.75,361019.125,1401558.25,3516009.75,11253649,5532.46337890625,67101.09375,142068784,59673720,20906.546875,85858.2578125,202235.609375,672002.3125,4298.08447265625,2752237.5,1102185.375,62709.83984375,484283.6875,21044.943359375,824709.0,692.4012451171875,423471.9375,440792.59375,235625.296875,923896.8125,69451.7109375,77130.2421875,17167.896484375,4145.7001953125,273604.6875,14877.720703125,141698.921875,31136.6953125,401582.8125,1096167.375,58435.46484375,7247.4501953125,122235.1328125,13534.3857421875,599731.0625,38136,33.970699310302734,35.824180603027344,0,0,0,0,0,0,0,0,0,0,0,1,0,0,0,0,0,0,0,False,UNKNOWN,0,0,0,0,194625448,24484,0,38.20302963256836,13,,,"{'Type': 'start', 'Data_Type': 'Synthetical', 'Protocol_name': 'ABGv5-0ppb-6RH-75ccm-Anthony-Q425', 'Trial_Details': {'RH': 0, 'group': 35, 'detail': 'N/A', 'trialnum': 16, 'TrialName': '6rh', 'identifier': 'ckUf6', 'Concentration': 0}, 'Experiment_Rig': 'DA3'}",,2026-01-18 23:48:51.570,"{'cid': 'c04d07ee-94c6-44df-ad3c-f46614593299', 'uuid': '74f70dd7-5c4f-4b46-876f-39420e955c74', 'annotationId': 'bed29bbe-8d3a-4751-96da-ec41fc138f11', 'name': 'BreathSampleCollection', 'description': 'BreathSampleCollection', 'labels': 'BreathSampleCollection', 'metadata': {'Length': 7, 'Progress': 29, 'startTime': 1768780128948, 'Notification': 'Event BreathSampleCollection Started.'}, 'createdAt': '2026-01-18T23:48:49.192Z', 'createdBy': '5c7b5d9f-c171-4004-a182-4277ffd4c9eb'}",29.81,19.92,1600.0,1600.14,21470060.0,1100.0,1100.0,24020116.0,0.0,570231.87,14.05,32.59,1009.76,1400.0,1400.49,22450138.0,0.0,0.0,22040109.0,2900.0,2901.38,22340093.0
0000000027-4125-asu-nz,0000000018-3024-oms-nz,BreathSampleCollection,bed29bbe-8d3a-4751-96da-ec41fc138f11,8431e6bd-5d3e-4c11-b2cc-504dddc0c609,1264.302001953125,480943.875,198295.859375,8102.880859375,7116.77685546875,25912.4453125,182765.265625,176123.765625,233243.6875,68851.34375,124086.6640625,18608.970703125,273443.3125,5738.0439453125,18979.638671875,36898.65625,254853.296875,51873.1015625,188341.203125,19432.611328125,6892.9375,13172.0185546875,25866.955078125,45501.4140625,2884986.5,361321.53125,1399167.75,3513919.75,11234536,5531.611328125,67075.1328125,140449200,59524376,20900.888671875,85843.5234375,202362.5625,672315.9375,4299.66796875,2754556.75,1103316.0,62700.8359375,484279.59375,21043.59375,823747.5,692.3681030273438,422972.625,440155.96875,235607.140625,924301.5625,69435.3671875,77164.4375,17171.26171875,4149.97509765625,273075.46875,14889.6201171875,141884.84375,31139.900390625,401466.75,1097434.625,58432.859375,7247.42041015625,122276.7578125,13543.603515625,600326.1875,38437,34.05128479003906,35.66300582885742,0,0,0,0,0,0,0,0,0,0,0,1,0,0,0,0,0,0,0,False,UNKNOWN,0,0,0,0,194625448,24484,0,38.20302963256836,13,,,"{'Type': 'start', 'Data_Type': 'Synthetical', 'Protocol_name': 'ABGv5-0ppb-6RH-75ccm-Anthony-Q425', 'Trial_Details': {'RH': 0, 'group': 35, 'detail': 'N/A', 'trialnum': 16, 'TrialName': '6rh', 'identifier': 'ckUf6', 'Concentration': 0}, 'Experiment_Rig': 'DA3'}",,2026-01-18 23:48:51.871,"{'cid': 'c04d07ee-94c6-44df-ad3c-f46614593299', 'uuid': '74f70dd7-5c4f-4b46-876f-39420e955c74', 'annotationId': 'bed29bbe-8d3a-4751-96da-ec41fc138f11', 'name': 'BreathSampleCollection', 'description': 'BreathSampleCollection', 'labels': 'BreathSampleCollection', 'metadata': {'Length': 7, 'Progress': 29, 'startTime': 1768780128948, 'Notification': 'Event BreathSampleCollection Started.'}, 'createdAt': '2026-01-18T23:48:49.192Z', 'createdBy': '5c7b5d9f-c171-4004-a182-4277ffd4c9eb'}",29.82,19.91,1600.0,1600.0,21470060.0,1100.0,1099.96,24020116.0,0.0,570328.38,14.05,32.59,1009.76,1400.0,1400.65,22450138.0,0.0,0.0,22040109.0,2900.0,2900.8,22340093.0
0000000027-4125-asu-nz,0000000018-3024-oms-nz,BreathSampleCollection,bed29bbe-8d3a-4751-96da-ec41fc138f11,8431e6bd-5d3e-4c11-b2cc-504dddc0c609,1263.796142578125,480364.3125,198271.484375,8102.955078125,7116.62109375,25910.470703125,182684.234375,176109.65625,233382.515625,68839.1328125,124078.9375,18610.16796875,272841.21875,5750.92578125,18979.53515625,36898.62890625,254547.328125,51872.96875,188087.75,19428.779296875,6893.34521484375,13182.4267578125,25869.265625,45504.8359375,2882393.25,360070.09375,1396625.25,3511723.5,11215478,5532.61181640625,67429.53125,138917088,59595224,20906.345703125,85873.0078125,202386.015625,672535.8125,4300.37939453125,2757300.5,1106521.5,62693.1953125,483820.0625,21045.169921875,822180.0625,692.4840698242188,422824.71875,440226.40625,235526.734375,924592.8125,69442.453125,77133.015625,17169.8828125,4150.34326171875,273917.0,14879.501953125,141744.65625,31143.53125,401466.5,1098105.0,58439.37890625,7248.0439453125,122229.6796875,13529.361328125,601430.9375,38740,33.970699310302734,35.66300582885742,0,0,0,0,0,0,0,0,0,0,0,1,0,0,0,0,0,0,0,False,UNKNOWN,0,0,0,0,194625448,24484,0,38.20302963256836,13,,,"{'Type': 'start', 'Data_Type': 'Synthetical', 'Protocol_name': 'ABGv5-0ppb-6RH-75ccm-Anthony-Q425', 'Trial_Details': {'RH': 0, 'group': 35, 'detail': 'N/A', 'trialnum': 16, 'TrialName': '6rh', 'identifier': 'ckUf6', 'Concentration': 0}, 'Experiment_Rig': 'DA3'}",,2026-01-18 23:48:52.174,"{'cid': 'c04d07ee-94c6-44df-ad3c-f46614593299', 'uuid': '74f70dd7-5c4f-4b46-876f-39420e955c74', 'annotationId': 'bed29bbe-8d3a-4751-96da-ec41fc138f11', 'name': 'BreathSampleCollection', 'description': 'BreathSampleCollection', 'labels': 'BreathSampleCollection', 'metadata': {'Length': 7, 'Progress': 29, 'startTime': 1768780128948, 'Notification': 'Event BreathSampleCollection Started.'}, 'createdAt': '2026-01-18T23:48:49.192Z', 'createdBy': '5c7b5d9f-c171-4004-a182-4277ffd4c9eb'}",29.82,19.91,1600.0,1599.83,21470060.0,1100.0,1099.86,24020116.0,0.0,569459.06,14.05,32.59,1009.77,1400.0,1400.32,22450138.0,0.0,0.01,22040109.0,2900.0,2900.42,22340093.0
0000000027-4125-asu-nz,0000000018-3024-oms-nz,BreathSampleCollection,bed29bbe-8d3a-4751-96da-ec41fc138f11,8431e6bd-5d3e-4c11-b2cc-504dddc0c609,1264.0279541015625,480169.40625,198232.0625,8103.01318359375,7116.423828125,25909.849609375,182759.859375,176072.703125,233129.234375,68849.390625,124082.0859375,18609.5859375,270930.125,5759.00927734375,18977.140625,36894.9375,254698.59375,51876.19921875,188815.375,19438.923828125,6893.287109375,13173.2978515625,25872.048828125,45514.765625,2880446.25,360085.21875,1400391.75,3510024.5,11196867,5532.94580078125,67705.015625,137396528,59795376,20903.564453125,85871.609375,202370.875,672726.3125,4298.9677734375,2758126.75,1106427.25,62684.84765625,483861.4375,21043.158203125,821875.0625,693.0137939453125,422921.5625,439580.8125,235486.453125,924686.8125,69450.546875,77156.5703125,17172.546875,4147.0517578125,274719.34375,14863.09765625,141626.453125,31141.962890625,401613.71875,1098708.0,58444.28125,7247.556640625,122209.21875,13527.7099609375,601750.3125,39039,33.970699310302734,35.582420349121094,0,0,0,0,0,0,0,0,0,0,0,1,0,0,0,0,0,0,0,False,UNKNOWN,0,0,0,0,194625448,24484,0,38.20302963256836,13,,,"{'Type': 'start', 'Data_Type': 'Synthetical', 'Protocol_name': 'ABGv5-0ppb-6RH-75ccm-Anthony-Q425', 'Trial_Details': {'RH': 0, 'group': 35, 'detail': 'N/A', 'trialnum': 16, 'TrialName': '6rh', 'identifier': 'ckUf6', 'Concentration': 0}, 'Experiment_Rig': 'DA3'}",,2026-01-18 23:48:52.474,"{'cid': 'c04d07ee-94c6-44df-ad3c-f46614593299', 'uuid': '74f70dd7-5c4f-4b46-876f-39420e955c74', 'annotationId': 'bed29bbe-8d3a-4751-96da-ec41fc138f11', 'name': 'BreathSampleCollection', 'description': 'BreathSampleCollection', 'labels': 'BreathSampleCollection', 'metadata': {'Length': 7, 'Progress': 29, 'startTime': 1768780128948, 'Notification': 'Event BreathSampleCollection Started.'}, 'createdAt': '2026-01-18T23:48:49.192Z', 'createdBy': '5c7b5d9f-c171-4004-a182-4277ffd4c9eb'}",29.83,19.9,1600.0,1599.66,21470060.0,1100.0,1099.76,24020116.0,0.0,568598.34,14.05,32.59,1009.77,1400.0,1399.98,22450138.0,0.0,0.01,22040109.0,2900.0,2900.03,22340093.0
0000000027-4125-asu-nz,0000000018-3024-oms-nz,BreathSampleCollection,bed29bbe-8d3a-4751-96da-ec41fc138f11,8431e6bd-5d3e-4c11-b2cc-504dddc0c609,1261.9530029296875,480238.0,198195.59375,8102.91015625,7116.39501953125,25910.337890625,182812.21875,176051.8125,233546.203125,68887.25,124059.609375,18610.70703125,271541.0625,5751.771484375,18980.744140625,36892.55078125,255104.75,51886.2265625,188680.984375,19434.296875,6893.34033203125,13174.05078125,25874.298828125,45514.75,2878098.0,360022.03125,1402543.125,3507548.0,11185795,5533.0146484375,68510.6015625,136378896,60160132,20909.0859375,85861.859375,202395.578125,672810.0,4299.833984375,2763278.25,1107821.125,62677.3046875,483953.9375,21044.45703125,822138.6875,692.1369018554688,422917.375,440035.53125,235442.5625,923921.5625,69437.90625,77151.9296875,17170.330078125,4140.10595703125,274878.375,14856.265625,140806.59375,31140.220703125,401522.0625,1099426.875,58446.79296875,7247.8173828125,121943.0,13532.134765625,602444.9375,39340,33.80952835083008,35.66300582885742,0,0,0,0,0,0,0,0,0,0,0,1,0,0,0,0,0,0,0,False,UNKNOWN,0,0,0,0,194625448,24484,0,38.20302963256836,13,,,"{'Type': 'start', 'Data_Type': 'Synthetical', 'Protocol_name': 'ABGv5-0ppb-6RH-75ccm-Anthony-Q425', 'Trial_Details': {'RH': 0, 'group': 35, 'detail': 'N/A', 'trialnum': 16, 'TrialName': '6rh', 'identifier': 'ckUf6', 'Concentration': 0}, 'Experiment_Rig': 'DA3'}",,2026-01-18 23:48:52.778,"{'cid': 'c04d07ee-94c6-44df-ad3c-f46614593299', 'uuid': '74f70dd7-5c4f-4b46-876f-39420e955c74', 'annotationId': 'bed29bbe-8d3a-4751-96da-ec41fc138f11', 'name': 'BreathSampleCollection', 'description': 'BreathSampleCollection', 'labels': 'BreathSampleCollection', 'metadata': {'Length': 7, 'Progress': 29, 'startTime': 1768780128948, 'Notification': 'Event BreathSampleCollection Started.'}, 'createdAt': '2026-01-18T23:48:49.192Z', 'createdBy': '5c7b5d9f-c171-4004-a182-4277ffd4c9eb'}",29.83,19.9,1600.0,1599.49,21470060.0,1100.0,1099.71,24020116.0,0.0,567726.14,14.05,32.59,1009.78,1400.0,1399.71,22450138.0,0.0,0.02,22040109.0,2900.0,2899.72,22340093.0
0000000027-4125-asu-nz,0000000018-3024-oms-nz,BreathSampleCollection,bed29bbe-8d3a-4751-96da-ec41fc138f11,8431e6bd-5d3e-4c11-b2cc-504dddc0c609,1264.068603515625,479843.5625,198191.171875,8102.8427734375,7116.01220703125,25910.494140625,182797.796875,176046.6875,233247.234375,68831.1484375,124080.015625,18610.00390625,271094.90625,5767.001953125,18980.0078125,36900.9140625,254684.25,51898.1796875,188836.625,19434.66796875,6893.07568359375,13173.4130859375,25873.787109375,45513.546875,2878601.75,359525.90625,1403942.0,3507948.5,11181080,5533.5380859375,69412.8203125,135917216,60598520,20903.890625,85857.203125,202386.453125,672912.375,4298.154296875,2769635.25,1108004.375,62668.203125,483968.6875,21042.703125,822144.0,692.7030639648438,422900.59375,440136.53125,235452.15625,922912.375,69421.59375,77186.4453125,17171.724609375,4134.935546875,274537.53125,14856.4052734375,141540.1875,31137.6640625,401601.875,1099518.25,58431.125,7247.9267578125,122236.0,13530.3486328125,601964.5625,39641,33.890113830566406,35.582420349121094,0,0,0,0,0,0,0,0,0,0,0,1,0,0,0,0,0,0,0,False,UNKNOWN,0,0,0,0,194625448,24484,0,38.20302963256836,13,,,"{'Type': 'start', 'Data_Type': 'Synthetical', 'Protocol_name': 'ABGv5-0ppb-6RH-75ccm-Anthony-Q425', 'Trial_Details': {'RH': 0, 'group': 35, 'detail': 'N/A', 'trialnum': 16, 'TrialName': '6rh', 'identifier': 'ckUf6', 'Concentration': 0}, 'Experiment_Rig': 'DA3'}",,2026-01-18 23:48:53.076,"{'cid': 'c04d07ee-94c6-44df-ad3c-f46614593299', 'uuid': '74f70dd7-5c4f-4b46-876f-39420e955c74', 'annotationId': 'bed29bbe-8d3a-4751-96da-ec41fc138f11', 'name': 'BreathSampleCollection', 'description': 'BreathSampleCollection', 'labels': 'BreathSampleCollection', 'metadata': {'Length': 7, 'Progress': 29, 'startTime': 1768780128948, 'Notification': 'Event BreathSampleCollection Started.'}, 'createdAt': '2026-01-18T23:48:49.192Z', 'createdBy': '5c7b5d9f-c171-4004-a182-4277ffd4c9eb'}",29.83,19.9,1600.0,1599.25,21470060.0,1100.0,1099.97,24020116.0,0.0,567945.78,14.05,32.59,1009.78,1400.0,1399.97,22450138.0,0.0,0.02,22040109.0,2900.0,2900.14,22340093.0
0000000027-4125-asu-nz,0000000018-3024-oms-nz,BreathSampleCollection,bed29bbe-8d3a-4751-96da-ec41fc138f11,8431e6bd-5d3e-4c11-b2cc-504dddc0c609,1265.3529052734375,479869.78125,198202.09375,8102.626953125,7115.87451171875,25909.8203125,182769.78125,176041.28125,233121.53125,68728.0078125,124106.1171875,18609.486328125,271353.125,5760.37353515625,18980.875,36891.66796875,254913.8125,51901.6328125,188749.640625,19434.037109375,6893.17333984375,13176.3525390625,25873.296875,45507.57421875,2881835.5,359815.46875,1405368.875,3511178.5,11183701,5532.4453125,69813.640625,136085328,61069120,20902.955078125,85871.609375,202385.46875,673001.0625,4298.8828125,2770090.5,1107517.5,62666.86328125,483694.78125,21043.81640625,821308.375,692.9568481445312,422804.03125,440078.40625,235440.546875,921372.0625,69423.53125,77192.6171875,17169.134765625,4130.248046875,274629.25,14856.2578125,141713.65625,31133.966796875,401214.28125,1098879.5,58431.21875,7247.4921875,122127.421875,13529.7744140625,600175.0625,39942,33.970699310302734,35.582420349121094,0,0,0,0,0,0,0,0,0,0,0,1,0,0,0,0,0,0,0,False,UNKNOWN,0,0,0,0,194625448,24484,0,38.20302963256836,13,,,"{'Type': 'start', 'Data_Type': 'Synthetical', 'Protocol_name': 'ABGv5-0ppb-6RH-75ccm-Anthony-Q425', 'Trial_Details': {'RH': 0, 'group': 35, 'detail': 'N/A', 'trialnum': 16, 'TrialName': '6rh', 'identifier': 'ckUf6', 'Concentration': 0}, 'Experiment_Rig': 'DA3'}",,2026-01-18 23:48:53.377,"{'cid': 'c04d07ee-94c6-44df-ad3c-f46614593299', 'uuid': '74f70dd7-5c4f-4b46-876f-39420e955c74', 'annotationId': 'bed29bbe-8d3a-4751-96da-ec41fc138f11', 'name': 'BreathSampleCollection', 'description': 'BreathSampleCollection', 'labels': 'BreathSampleCollection', 'metadata': {'Length': 7, 'Progress': 29, 'startTime': 1768780128948, 'Notification': 'Event BreathSampleCollection Started.'}, 'createdAt': '2026-01-18T23:48:49.192Z', 'createdBy': '5c7b5d9f-c171-4004-a182-4277ffd4c9eb'}",29.83,19.89,1600.0,1599.01,21470060.0,1100.0,1100.23,24020116.0,0.0,569182.57,14.05,32.59,1009.79,1400.0,1400.23,22450138.0,0.0,0.03,22040109.0,2900.0,2900.57,22340093.0
0000000027-4125-asu-nz,0000000018-3024-oms-nz,BreathSampleCollection,bed29bbe-8d3a-4751-96da-ec41fc138f11,8431e6bd-5d3e-4c11-b2cc-504dddc0c609,1265.060302734375,480250.5625,198276.625,8102.98486328125,7116.35986328125,25912.060546875,182821.71875,176083.34375,233357.625,68864.28125,124123.7890625,18610.2109375,271572.4375,5779.8515625,18981.640625,36901.1328125,254939.15625,51903.2734375,188772.328125,19442.560546875,6893.04345703125,13171.98828125,25875.52734375,45519.83203125,2884962.75,360322.03125,1400501.125,3514424.0,11195283,5533.2421875,68249.0625,136968400,61480584,20905.78515625,85869.75,202324.296875,673107.25,4298.86572265625,2772149.75,1106084.625,62667.33984375,483446.3125,21043.173828125,819282.625,692.1998291015625,422890.8125,440065.34375,235441.015625,920318.5625,69403.6640625,77179.078125,17170.34765625,4132.28466796875,274698.0625,14875.466796875,141791.015625,31127.775390625,401204.40625,1097651.625,58426.3515625,7247.1689453125,122098.484375,13532.0498046875,599475.0625,40243,33.970699310302734,35.582420349121094,0,0,0,0,0,0,0,0,0,0,0,1,0,0,0,0,0,0,0,False,UNKNOWN,0,0,0,0,194625448,24484,0,38.20302963256836,13,,,"{'Type': 'start', 'Data_Type': 'Synthetical', 'Protocol_name': 'ABGv5-0ppb-6RH-75ccm-Anthony-Q425', 'Trial_Details': {'RH': 0, 'group': 35, 'detail': 'N/A', 'trialnum': 16, 'TrialName': '6rh', 'identifier': 'ckUf6', 'Concentration': 0}, 'Experiment_Rig': 'DA3'}",,2026-01-18 23:48:53.680,"{'cid': 'c04d07ee-94c6-44df-ad3c-f46614593299', 'uuid': '74f70dd7-5c4f-4b46-876f-39420e955c74', 'annotationId': 'bed29bbe-8d3a-4751-96da-ec41fc138f11', 'name': 'BreathSampleCollection', 'description': 'BreathSampleCollection', 'labels': 'BreathSampleCollection', 'metadata': {'Length': 7, 'Progress': 29, 'startTime': 1768780128948, 'Notification': 'Event BreathSampleCollection Started.'}, 'createdAt': '2026-01-18T23:48:49.192Z', 'createdBy': '5c7b5d9f-c171-4004-a182-4277ffd4c9eb'}",29.83,19.89,1600.0,1598.77,21470060.0,1100.0,1100.5,24020116.0,0.0,570427.59,14.05,32.59,1009.79,1400.0,1400.49,22450138.0,0.0,0.03,22040109.0,2900.0,2901.0,22340093.0
0000000027-4125-asu-nz,0000000018-3024-oms-nz,BreathSampleCollection,bed29bbe-8d3a-4751-96da-ec41fc138f11,8431e6bd-5d3e-4c11-b2cc-504dddc0c609,1264.30859375,480164.25,198309.796875,8102.5693359375,7116.24609375,25913.84375,182750.453125,176113.890625,233373.265625,68789.03125,124145.4375,18609.671875,272540.53125,5758.10986328125,18981.671875,36910.8515625,255064.984375,51900.78515625,188745.875,19438.537109375,6892.98828125,13172.0126953125,25877.251953125,45519.09765625,2887683.5,360994.0,1398261.25,3516379.0,11210594,5533.03076171875,67889.28125,138155200,61813436,20904.5625,85861.6640625,202332.875,672965.8125,4299.69140625,2772819.0,1107351.5,62668.54296875,483897.25,21046.17578125,819520.3125,691.9136352539062,422961.09375,440170.875,235427.46875,919326.5625,69399.7265625,77164.140625,17170.5078125,4140.4892578125,274547.375,14860.3095703125,142281.109375,31120.3984375,401034.59375,1096784.625,58422.296875,7247.44189453125,122078.109375,13535.7724609375,597998.1875,40544,33.890113830566406,35.743595123291016,0,0,0,0,0,0,0,0,0,0,0,1,0,0,0,0,0,0,0,False,UNKNOWN,0,0,0,0,194630463,24484,0,36.977386474609375,13,,,"{'Type': 'start', 'Data_Type': 'Synthetical', 'Protocol_name': 'ABGv5-0ppb-6RH-75ccm-Anthony-Q425', 'Trial_Details': {'RH': 0, 'group': 35, 'detail': 'N/A', 'trialnum': 16, 'TrialName': '6rh', 'identifier': 'ckUf6', 'Concentration': 0}, 'Experiment_Rig': 'DA3'}",,2026-01-18 23:48:53.978,"{'cid': 'c04d07ee-94c6-44df-ad3c-f46614593299', 'uuid': '74f70dd7-5c4f-4b46-876f-39420e955c74', 'annotationId': 'bed29bbe-8d3a-4751-96da-ec41fc138f11', 'name': 'BreathSampleCollection', 'description': 'BreathSampleCollection', 'labels': 'BreathSampleCollection', 'metadata': {'Length': 7, 'Progress': 29, 'startTime': 1768780128948, 'Notification': 'Event BreathSampleCollection Started.'}, 'createdAt': '2026-01-18T23:48:49.192Z', 'createdBy': '5c7b5d9f-c171-4004-a182-4277ffd4c9eb'}",29.83,19.9,1600.0,1599.11,21470060.0,1100.0,1100.6,24020116.0,0.0,571652.06,14.05,32.59,1009.8,1400.0,1400.47,22450138.0,0.0,0.03,22040109.0,2900.0,2900.85,22340093.0
0000000027-4125-asu-nz,0000000018-3024-oms-nz,BreathSampleCollection,bed29bbe-8d3a-4751-96da-ec41fc138f11,8431e6bd-5d3e-4c11-b2cc-504dddc0c609,1263.8153076171875,481564.8125,198397.546875,8102.9931640625,7115.74755859375,25915.4296875,182873.015625,176162.640625,233359.046875,68817.578125,124163.7578125,18610.333984375,273080.4375,5766.24951171875,18977.95703125,36916.3125,254919.1875,51897.890625,189317.265625,19435.79296875,6892.9169921875,13172.4755859375,25875.732421875,45523.68359375,2893895.0,359378.96875,1399045.5,3520193.0,11246984,5532.9208984375,68263.25,141065024,61877632,20909.484375,85849.046875,202293.28125,672325.9375,4300.951171875,2770614.0,1105553.125,62691.47265625,484472.5,21045.06640625,820617.75,691.5752563476562,422787.0,440582.9375,235519.796875,918308.625,69397.453125,77146.4296875,17172.234375,4136.7607421875,274179.28125,14844.0146484375,140842.765625,31127.203125,401144.78125,1095190.5,58423.84765625,7247.59765625,122028.1015625,13523.1923828125,598233.5625,41146,33.970699310302734,35.66300582885742,0,0,0,0,0,0,0,0,0,0,0,1,0,0,0,0,0,0,0,False,UNKNOWN,0,0,0,0,194630463,24484,0,36.977386474609375,13,,,"{'Type': 'start', 'Data_Type': 'Synthetical', 'Protocol_name': 'ABGv5-0ppb-6RH-75ccm-Anthony-Q425', 'Trial_Details': {'RH': 0, 'group': 35, 'detail': 'N/A', 'trialnum': 16, 'TrialName': '6rh', 'identifier': 'ckUf6', 'Concentration': 0}, 'Experiment_Rig': 'DA3'}",,2026-01-18 23:48:54.580,"{'cid': 'c04d07ee-94c6-44df-ad3c-f46614593299', 'uuid': '74f70dd7-5c4f-4b46-876f-39420e955c74', 'annotationId': 'bed29bbe-8d3a-4751-96da-ec41fc138f11', 'name': 'BreathSampleCollection', 'description': 'BreathSampleCollection', 'labels': 'BreathSampleCollection', 'metadata': {'Length': 7, 'Progress': 29, 'startTime': 1768780128948, 'Notification': 'Event BreathSampleCollection Started.'}, 'createdAt': '2026-01-18T23:48:49.192Z', 'createdBy': '5c7b5d9f-c171-4004-a182-4277ffd4c9eb'}",29.82,19.92,1600.0,1600.11,21470060.0,1100.0,1100.69,24020116.0,0.0,569277.0,14.01,32.59,1009.8,1400.0,1400.23,22450138.0,0.0,0.01,22040109.0,2900.0,2900.08,22340093.0
0000000027-4125-asu-nz,0000000018-3024-oms-nz,BreathSampleCollection,bed29bbe-8d3a-4751-96da-ec41fc138f11,8431e6bd-5d3e-4c11-b2cc-504dddc0c609,1264.05419921875,481387.625,198416.15625,8103.10107421875,7116.28857421875,25917.041015625,182815.671875,176172.734375,233452.671875,68770.0859375,124168.4765625,18611.240234375,273599.375,5757.95361328125,18982.41015625,36927.27734375,255170.578125,51860.3203125,190099.4375,19433.197265625,6893.0703125,13176.8955078125,25873.041015625,45520.53515625,2897558.25,356364.53125,1399635.625,3521211.25,11263251,5532.85107421875,68291.6953125,142460096,61625300,20913.365234375,85833.8203125,202271.25,672128.0,4299.80029296875,2769513.25,1107529.5,62702.875,484550.1875,21043.88671875,821342.9375,691.2828369140625,423315.375,440599.5,235569.21875,918272.75,69391.3515625,77159.765625,17173.37109375,4136.4599609375,274364.21875,14867.375,141959.203125,31121.93359375,401197.28125,1094493.75,58405.53515625,7247.6220703125,122107.8125,13526.01171875,598926.6875,41447,33.890113830566406,35.743595123291016,0,0,0,0,0,0,0,0,0,0,0,1,0,0,0,0,0,0,0,False,UNKNOWN,0,0,0,0,194630463,24484,0,36.977386474609375,13,,,"{'Type': 'start', 'Data_Type': 'Synthetical', 'Protocol_name': 'ABGv5-0ppb-6RH-75ccm-Anthony-Q425', 'Trial_Details': {'RH': 0, 'group': 35, 'detail': 'N/A', 'trialnum': 16, 'TrialName': '6rh', 'identifier': 'ckUf6', 'Concentration': 0}, 'Experiment_Rig': 'DA3'}",,2026-01-18 23:48:54.882,"{'cid': 'c04d07ee-94c6-44df-ad3c-f46614593299', 'uuid': '74f70dd7-5c4f-4b46-876f-39420e955c74', 'annotationId': 'bed29bbe-8d3a-4751-96da-ec41fc138f11', 'name': 'BreathSampleCollection', 'description': 'BreathSampleCollection', 'labels': 'BreathSampleCollection', 'metadata': {'Length': 7, 'Progress': 29, 'startTime': 1768780128948, 'Notification': 'Event BreathSampleCollection Started.'}, 'createdAt': '2026-01-18T23:48:49.192Z', 'createdBy': '5c7b5d9f-c171-4004-a182-4277ffd4c9eb'}",29.82,19.92,1600.0,1600.31,21470060.0,1100.0,1100.63,24020116.0,0.0,567595.16,13.99,32.59,1009.8,1400.0,1400.07,22450138.0,0.0,0.0,22040109.0,2900.0,2900.06,22340093.0
0000000027-4125-asu-nz,0000000018-3024-oms-nz,BreathSampleCollection,bed29bbe-8d3a-4751-96da-ec41fc138f11,8431e6bd-5d3e-4c11-b2cc-504dddc0c609,1264.713134765625,481596.65625,198413.65625,8103.095703125,7116.7685546875,25917.703125,182874.40625,176195.484375,233588.671875,68706.453125,124142.078125,18608.94140625,272293.9375,5731.5283203125,18981.625,36928.99609375,254736.859375,51840.765625,189790.765625,19433.8984375,6892.7275390625,13165.6396484375,25872.49609375,45515.7265625,2900027.0,357123.21875,1399987.875,3522281.75,11274254,5531.84814453125,68046.359375,143513760,61245292,20907.2890625,85828.7265625,202245.09375,672052.75,4299.10205078125,2765145.25,1107749.125,62709.953125,484781.84375,21044.46484375,822405.8125,691.6312255859375,423018.0625,440982.34375,235578.328125,919203.25,69397.328125,77162.6328125,17173.13671875,4138.40673828125,274570.8125,14851.2451171875,141636.421875,31130.26953125,401068.53125,1094280.125,58417.7265625,7247.833984375,122104.4765625,13524.2060546875,599901.6875,41748,33.80952835083008,35.743595123291016,0,0,0,0,0,0,0,0,0,0,0,1,0,0,0,0,0,0,0,False,UNKNOWN,0,0,0,0,194630463,24484,0,36.977386474609375,13,,,"{'Type': 'start', 'Data_Type': 'Synthetical', 'Protocol_name': 'ABGv5-0ppb-6RH-75ccm-Anthony-Q425', 'Trial_Details': {'RH': 0, 'group': 35, 'detail': 'N/A', 'trialnum': 16, 'TrialName': '6rh', 'identifier': 'ckUf6', 'Concentration': 0}, 'Experiment_Rig': 'DA3'}",,2026-01-18 23:48:55.183,"{'cid': 'c04d07ee-94c6-44df-ad3c-f46614593299', 'uuid': '74f70dd7-5c4f-4b46-876f-39420e955c74', 'annotationId': 'bed29bbe-8d3a-4751-96da-ec41fc138f11', 'name': 'BreathSampleCollection', 'description': 'BreathSampleCollection', 'labels': 'BreathSampleCollection', 'metadata': {'Length': 7, 'Progress': 29, 'startTime': 1768780128948, 'Notification': 'Event BreathSampleCollection Started.'}, 'createdAt': '2026-01-18T23:48:49.192Z', 'createdBy': '5c7b5d9f-c171-4004-a182-4277ffd4c9eb'}",29.83,19.91,1600.0,1600.09,21470060.0,1100.0,1100.42,24020116.0,0.0,565918.9,13.97,32.59,1009.8,1400.0,1399.83,22450138.0,0.0,0.0,22040109.0,2900.0,2900.66,22340093.0
0000000027-4125-asu-nz,0000000018-3024-oms-nz,BreathSampleCollection,bed29bbe-8d3a-4751-96da-ec41fc138f11,8431e6bd-5d3e-4c11-b2cc-504dddc0c609,1263.321533203125,481085.53125,198417.796875,8102.970703125,7116.5341796875,25917.96484375,182927.640625,176201.515625,233554.765625,68798.9453125,124104.8125,18608.8671875,271587.3125,5738.513671875,18979.673828125,36904.94140625,254566.21875,51864.67578125,189705.59375,19434.013671875,6892.75341796875,13159.521484375,25870.05859375,45517.6171875,2897267.0,360690.875,1396709.75,3521795.25,11278794,5532.1923828125,68670.8359375,143884688,60765656,20910.806640625,85840.7734375,202255.71875,671963.25,4299.51904296875,2768010.75,1108689.0,62716.97265625,484609.6875,21043.26953125,823572.1875,691.8818969726562,423241.65625,440907.0,235605.53125,920505.6875,69443.28125,77192.15625,17172.486328125,4127.24462890625,274349.4375,14868.3359375,140843.9375,31129.630859375,401088.8125,1094021.0,58406.82421875,7247.6416015625,121896.78125,13525.4599609375,599238.125,42049,33.890113830566406,35.743595123291016,0,0,0,0,0,0,0,0,0,0,0,1,0,0,0,0,0,0,0,False,UNKNOWN,0,0,0,0,194630463,24484,0,36.977386474609375,13,,,"{'Type': 'start', 'Data_Type': 'Synthetical', 'Protocol_name': 'ABGv5-0ppb-6RH-75ccm-Anthony-Q425', 'Trial_Details': {'RH': 0, 'group': 35, 'detail': 'N/A', 'trialnum': 16, 'TrialName': '6rh', 'identifier': 'ckUf6', 'Concentration': 0}, 'Experiment_Rig': 'DA3'}",,2026-01-18 23:48:55.484,"{'cid': 'c04d07ee-94c6-44df-ad3c-f46614593299', 'uuid': '74f70dd7-5c4f-4b46-876f-39420e955c74', 'annotationId': 'bed29bbe-8d3a-4751-96da-ec41fc138f11', 'name': 'BreathSampleCollection', 'description': 'BreathSampleCollection', 'labels': 'BreathSampleCollection', 'metadata': {'Length': 7, 'Progress': 29, 'startTime': 1768780128948, 'Notification': 'Event BreathSampleCollection Started.'}, 'createdAt': '2026-01-18T23:48:49.192Z', 'createdBy': '5c7b5d9f-c171-4004-a182-4277ffd4c9eb'}",29.84,19.91,1600.0,1599.88,21470060.0,1100.0,1100.2,24020116.0,0.0,567120.54,13.97,32.59,1009.79,1400.0,1399.59,22450138.0,0.0,0.0,22040109.0,2900.0,2901.25,22340093.0
0000000027-4125-asu-nz,0000000018-3024-oms-nz,BreathSampleCollection,bed29bbe-8d3a-4751-96da-ec41fc138f11,8431e6bd-5d3e-4c11-b2cc-504dddc0c609,1262.984619140625,480566.34375,198410.46875,8103.1083984375,7116.49560546875,25915.33984375,182955.90625,176164.359375,233619.921875,68720.46875,124094.125,18608.7890625,272482.09375,5730.955078125,18978.18359375,36913.0390625,254307.203125,51862.87890625,190431.15625,19436.99609375,6892.94140625,13180.4921875,25868.24609375,45513.70703125,2891755.5,358679.5,1395074.625,3519509.75,11274307,5532.712890625,68514.4453125,143534896,60300508,20906.892578125,85842.296875,202251.890625,671943.5,4298.955078125,2756346.25,1110247.375,62714.4921875,484416.25,21043.60546875,823331.5625,692.3004150390625,423053.375,440942.0,235592.484375,922072.4375,69416.28125,77177.828125,17173.591796875,4138.90673828125,274424.15625,14877.2939453125,141798.234375,31129.0859375,401238.59375,1094538.375,58414.5546875,7247.634765625,121855.34375,13525.3310546875,600268.6875,42350,33.970699310302734,35.582420349121094,0,0,0,0,0,0,0,0,0,0,0,1,0,0,0,0,0,0,0,False,UNKNOWN,0,0,0,0,194630463,24484,0,36.977386474609375,13,,,"{'Type': 'start', 'Data_Type': 'Synthetical', 'Protocol_name': 'ABGv5-0ppb-6RH-75ccm-Anthony-Q425', 'Trial_Details': {'RH': 0, 'group': 35, 'detail': 'N/A', 'trialnum': 16, 'TrialName': '6rh', 'identifier': 'ckUf6', 'Concentration': 0}, 'Experiment_Rig': 'DA3'}",,2026-01-18 23:48:55.791,"{'cid': 'c04d07ee-94c6-44df-ad3c-f46614593299', 'uuid': '74f70dd7-5c4f-4b46-876f-39420e955c74', 'annotationId': 'bed29bbe-8d3a-4751-96da-ec41fc138f11', 'name': 'BreathSampleCollection', 'description': 'BreathSampleCollection', 'labels': 'BreathSampleCollection', 'metadata': {'Length': 7, 'Progress': 29, 'startTime': 1768780128948, 'Notification': 'Event BreathSampleCollection Started.'}, 'createdAt': '2026-01-18T23:48:49.192Z', 'createdBy': '5c7b5d9f-c171-4004-a182-4277ffd4c9eb'}",29.84,19.91,1600.0,1599.69,21470060.0,1100.0,1100.02,24020116.0,0.0,568375.69,13.98,32.59,1009.77,1400.0,1399.36,22450138.0,0.0,0.0,22040109.0,2900.0,2901.79,22340093.0
0000000027-4125-asu-nz,0000000018-3024-oms-nz,BreathSampleCollection,bed29bbe-8d3a-4751-96da-ec41fc138f11,8431e6bd-5d3e-4c11-b2cc-504dddc0c609,1264.0577392578125,480662.40625,198347.109375,8102.6767578125,7116.48828125,25914.513671875,182840.03125,176146.53125,233373.8125,68753.359375,124072.9453125,18608.6171875,272519.3125,5742.80419921875,18980.056640625,36914.3125,254246.78125,51877.73046875,189263.796875,19432.884765625,6892.95751953125,13183.828125,25866.533203125,45515.5625,2886650.25,358367.65625,1394028.125,3517620.75,11265342,5532.294921875,67408.2421875,142742448,59940596,20905.203125,85853.8046875,202282.953125,671944.125,4298.115234375,2753969.75,1110867.875,62722.25390625,484446.1875,21046.44921875,822999.875,691.6874389648438,423098.84375,441265.90625,235604.1875,923144.0,69398.7578125,77171.796875,17169.0859375,4140.7001953125,274697.0625,14877.58984375,141052.578125,31134.2265625,401385.3125,1095953.75,58425.625,7248.03369140625,121900.796875,13524.0361328125,601479.3125,42651,33.970699310302734,35.66300582885742,0,0,0,0,0,0,0,0,0,0,0,1,0,0,0,0,0,0,0,False,UNKNOWN,0,0,0,0,194630463,24484,0,36.977386474609375,13,,,"{'Type': 'start', 'Data_Type': 'Synthetical', 'Protocol_name': 'ABGv5-0ppb-6RH-75ccm-Anthony-Q425', 'Trial_Details': {'RH': 0, 'group': 35, 'detail': 'N/A', 'trialnum': 16, 'TrialName': '6rh', 'identifier': 'ckUf6', 'Concentration': 0}, 'Experiment_Rig': 'DA3'}",,2026-01-18 23:48:56.089,"{'cid': 'c04d07ee-94c6-44df-ad3c-f46614593299', 'uuid': '74f70dd7-5c4f-4b46-876f-39420e955c74', 'annotationId': 'bed29bbe-8d3a-4751-96da-ec41fc138f11', 'name': 'BreathSampleCollection', 'description': 'BreathSampleCollection', 'labels': 'BreathSampleCollection', 'metadata': {'Length': 7, 'Progress': 29, 'startTime': 1768780128948, 'Notification': 'Event BreathSampleCollection Started.'}, 'createdAt': '2026-01-18T23:48:49.192Z', 'createdBy': '5c7b5d9f-c171-4004-a182-4277ffd4c9eb'}",29.84,19.9,1600.0,1599.81,21470060.0,1100.0,1100.31,24020116.0,0.0,569594.04,13.98,32.59,1009.76,1400.0,1399.44,22450138.0,0.0,0.0,22040109.0,2900.0,2900.37,22340093.0
0000000027-4125-asu-nz,0000000018-3024-oms-nz,BreathSampleCollection,bed29bbe-8d3a-4751-96da-ec41fc138f11,8431e6bd-5d3e-4c11-b2cc-504dddc0c609,1264.171630859375,480502.9375,198305.03125,8102.73388671875,7116.3046875,25911.673828125,182804.546875,176148.71875,233221.625,68760.8984375,124060.34375,18608.060546875,272367.875,5744.240234375,18978.03515625,36918.9296875,254203.4375,51866.484375,189440.546875,19433.52734375,6893.49365234375,13183.8408203125,25869.443359375,45514.32421875,2882527.75,359581.15625,1393606.375,3515771.75,11249268,5533.5185546875,67045.5,141403120,59696240,20907.984375,85847.921875,202337.3125,672016.5625,4298.49609375,2752670.75,1111398.875,62714.7265625,484992.875,21045.34375,822896.0625,692.0887451171875,423075.0625,441179.75,235569.875,923917.875,69432.640625,77130.6875,17173.05859375,4140.98388671875,274061.375,14860.912109375,141118.453125,31139.626953125,401371.1875,1097020.0,58434.55859375,7247.6162109375,122088.7265625,13532.2734375,601084.125,42952,33.890113830566406,35.582420349121094,0,0,0,0,0,0,0,0,0,0,0,1,0,0,0,0,0,0,0,False,UNKNOWN,0,0,0,0,194630463,24484,0,36.977386474609375,13,,,"{'Type': 'start', 'Data_Type': 'Synthetical', 'Protocol_name': 'ABGv5-0ppb-6RH-75ccm-Anthony-Q425', 'Trial_Details': {'RH': 0, 'group': 35, 'detail': 'N/A', 'trialnum': 16, 'TrialName': '6rh', 'identifier': 'ckUf6', 'Concentration': 0}, 'Experiment_Rig': 'DA3'}",,2026-01-18 23:48:56.390,"{'cid': 'c04d07ee-94c6-44df-ad3c-f46614593299', 'uuid': '74f70dd7-5c4f-4b46-876f-39420e955c74', 'annotationId': 'bed29bbe-8d3a-4751-96da-ec41fc138f11', 'name': 'BreathSampleCollection', 'description': 'BreathSampleCollection', 'labels': 'BreathSampleCollection', 'metadata': {'Length': 7, 'Progress': 29, 'startTime': 1768780128948, 'Notification': 'Event BreathSampleCollection Started.'}, 'createdAt': '2026-01-18T23:48:49.192Z', 'createdBy': '5c7b5d9f-c171-4004-a182-4277ffd4c9eb'}",29.83,19.89,1600.0,1599.93,21470060.0,1100.0,1100.59,24020116.0,0.0,570555.52,13.98,32.59,1009.75,1400.0,1399.51,22450138.0,0.0,0.0,22040109.0,2900.0,2898.94,22340093.0
0000000027-4125-asu-nz,0000000018-3024-oms-nz,BreathSampleCollection,bed29bbe-8d3a-4751-96da-ec41fc138f11,8431e6bd-5d3e-4c11-b2cc-504dddc0c609,1264.6441650390625,480174.6875,198286.59375,8102.63818359375,7116.8310546875,25909.453125,182718.890625,176116.234375,233338.578125,68798.6875,124055.0546875,18608.78515625,272722.15625,5751.64453125,18978.748046875,36908.2109375,254210.359375,51871.01171875,188594.0,19435.265625,6893.427734375,13166.810546875,25870.37890625,45510.8828125,2879440.0,357838.46875,1393612.125,3513401.75,11228446,5532.7646484375,68411.859375,139761664,59645948,20914.580078125,85857.6953125,202336.546875,672299.0,4298.1337890625,2756464.75,1109803.125,62701.90625,484765.15625,21045.048828125,823410.125,691.9927978515625,422994.9375,441066.78125,235518.171875,924467.0,69460.46875,77162.25,17176.974609375,4138.82373046875,274237.875,14868.322265625,140995.6875,31145.3671875,401605.46875,1098113.5,58430.76171875,7248.66162109375,122063.4453125,13526.8447265625,600866.0,43253,33.970699310302734,35.743595123291016,0,0,0,0,0,0,0,0,0,0,0,1,0,0,0,0,0,0,0,False,UNKNOWN,0,0,0,0,194630463,24484,0,36.977386474609375,13,,,"{'Type': 'start', 'Data_Type': 'Synthetical', 'Protocol_name': 'ABGv5-0ppb-6RH-75ccm-Anthony-Q425', 'Trial_Details': {'RH': 0, 'group': 35, 'detail': 'N/A', 'trialnum': 16, 'TrialName': '6rh', 'identifier': 'ckUf6', 'Concentration': 0}, 'Experiment_Rig': 'DA3'}",,2026-01-18 23:48:56.690,"{'cid': 'c04d07ee-94c6-44df-ad3c-f46614593299', 'uuid': '74f70dd7-5c4f-4b46-876f-39420e955c74', 'annotationId': 'bed29bbe-8d3a-4751-96da-ec41fc138f11', 'name': 'BreathSampleCollection', 'description': 'BreathSampleCollection', 'labels': 'BreathSampleCollection', 'metadata': {'Length': 7, 'Progress': 29, 'startTime': 1768780128948, 'Notification': 'Event BreathSampleCollection Started.'}, 'createdAt': '2026-01-18T23:48:49.192Z', 'createdBy': '5c7b5d9f-c171-4004-a182-4277ffd4c9eb'}",29.83,19.88,1600.0,1600.05,21470060.0,1100.0,1100.88,24020116.0,0.0,570064.16,13.98,32.59,1009.76,1400.0,1399.58,22450138.0,0.0,0.0,22040109.0,2900.0,2897.52,22340093.0
0000000027-4125-asu-nz,0000000018-3024-oms-nz,BreathSampleCollection,bed29bbe-8d3a-4751-96da-ec41fc138f11,8431e6bd-5d3e-4c11-b2cc-504dddc0c609,1263.7767333984375,480071.9375,198222.53125,8102.45947265625,7116.69482421875,25908.5390625,182724.40625,176102.765625,233363.859375,68765.875,124064.984375,18608.806640625,272528.625,5765.98486328125,18983.134765625,36913.98046875,254381.125,51871.51953125,188386.90625,19436.095703125,6893.173828125,13164.1591796875,25870.84765625,45515.80078125,2876117.0,357062.25,1390988.125,3510830.0,11209502,5532.00341796875,69054.0703125,138184432,59772700,20910.435546875,85852.65625,202317.8125,672525.5,4298.18798828125,2755977.75,1110346.5,62692.55859375,484294.5625,21045.6640625,823562.4375,692.4160766601562,422718.0,441112.65625,235501.5,924804.0625,69415.1015625,77119.9140625,17173.095703125,4134.07763671875,274214.6875,14851.7294921875,141321.890625,31142.4140625,401397.375,1098581.125,58436.22265625,7248.44677734375,122059.0703125,13533.4453125,600813.0,43554,34.05128479003906,35.582420349121094,0,0,0,0,0,0,0,0,0,0,0,1,0,0,0,0,0,0,0,False,UNKNOWN,0,0,0,0,194630463,24484,0,36.977386474609375,13,,,"{'Type': 'start', 'Data_Type': 'Synthetical', 'Protocol_name': 'ABGv5-0ppb-6RH-75ccm-Anthony-Q425', 'Trial_Details': {'RH': 0, 'group': 35, 'detail': 'N/A', 'trialnum': 16, 'TrialName': '6rh', 'identifier': 'ckUf6', 'Concentration': 0}, 'Experiment_Rig': 'DA3'}",,2026-01-18 23:48:56.991,"{'cid': 'c04d07ee-94c6-44df-ad3c-f46614593299', 'uuid': '74f70dd7-5c4f-4b46-876f-39420e955c74', 'annotationId': 'bed29bbe-8d3a-4751-96da-ec41fc138f11', 'name': 'BreathSampleCollection', 'description': 'BreathSampleCollection', 'labels': 'BreathSampleCollection', 'metadata': {'Length': 7, 'Progress': 29, 'startTime': 1768780128948, 'Notification': 'Event BreathSampleCollection Started.'}, 'createdAt': '2026-01-18T23:48:49.192Z', 'createdBy': '5c7b5d9f-c171-4004-a182-4277ffd4c9eb'}",29.83,19.9,1600.0,1599.98,21470060.0,1100.0,1100.81,24020116.0,0.0,569571.16,13.97,32.59,1009.78,1400.0,1400.03,22450138.0,0.0,0.0,22040109.0,2900.0,2897.63,22340093.0
0000000027-4125-asu-nz,0000000018-3024-oms-nz,BreathSampleCollection,bed29bbe-8d3a-4751-96da-ec41fc138f11,8431e6bd-5d3e-4c11-b2cc-504dddc0c609,1266.4918212890625,480269.96875,198230.53125,8102.51953125,7116.3857421875,25907.865234375,182689.625,176091.984375,233277.828125,68845.6015625,124073.5859375,18609.4453125,272458.46875,5738.28564453125,18978.072265625,36905.83203125,254368.15625,51882.70703125,188048.25,19434.330078125,6892.60205078125,13158.142578125,25872.486328125,45512.48828125,2874935.5,358521.09375,1390117.875,3508682.25,11195823,5532.107421875,67609.375,136837664,60058352,20907.65625,85886.984375,202344.0625,672730.3125,4298.1484375,2752910.0,1110422.25,62674.48046875,484215.34375,21046.548828125,822606.125,692.3378295898438,422947.03125,440334.03125,235416.125,924549.3125,69407.859375,77130.5390625,17178.404296875,4137.96728515625,274462.09375,14863.7353515625,141934.8125,31142.779296875,401552.4375,1099306.875,58429.43359375,7247.70361328125,122015.5,13534.8037109375,601552.9375,43855,33.890113830566406,35.582420349121094,0,0,0,0,0,0,0,0,0,0,0,1,0,0,0,0,0,0,0,False,UNKNOWN,0,0,0,0,194630463,24484,0,36.977386474609375,13,,,"{'Type': 'start', 'Data_Type': 'Synthetical', 'Protocol_name': 'ABGv5-0ppb-6RH-75ccm-Anthony-Q425', 'Trial_Details': {'RH': 0, 'group': 35, 'detail': 'N/A', 'trialnum': 16, 'TrialName': '6rh', 'identifier': 'ckUf6', 'Concentration': 0}, 'Experiment_Rig': 'DA3'}",,2026-01-18 23:48:57.297,"{'cid': 'c04d07ee-94c6-44df-ad3c-f46614593299', 'uuid': '74f70dd7-5c4f-4b46-876f-39420e955c74', 'annotationId': 'bed29bbe-8d3a-4751-96da-ec41fc138f11', 'name': 'BreathSampleCollection', 'description': 'BreathSampleCollection', 'labels': 'BreathSampleCollection', 'metadata': {'Length': 7, 'Progress': 29, 'startTime': 1768780128948, 'Notification': 'Event BreathSampleCollection Started.'}, 'createdAt': '2026-01-18T23:48:49.192Z', 'createdBy': '5c7b5d9f-c171-4004-a182-4277ffd4c9eb'}",29.83,19.92,1600.0,1599.83,21470060.0,1100.0,1100.59,24020116.0,0.0,569069.98,13.97,32.59,1009.79,1400.0,1400.66,22450138.0,0.0,0.01,22040109.0,2900.0,2898.53,22340093.0
0000000027-4125-asu-nz,0000000018-3024-oms-nz,FeNOWindow,bed29bbe-8d3a-4751-96da-ec41fc138f11,8431e6bd-5d3e-4c11-b2cc-504dddc0c609,1264.1927490234375,480323.46875,198222.921875,8102.57666015625,7116.490234375,25906.783203125,182663.859375,176072.03125,232879.96875,68947.0546875,124096.9296875,18607.0859375,273620.0625,5746.17822265625,18981.23828125,36903.68359375,254471.375,51875.54296875,187960.109375,19435.4375,6892.95068359375,13172.80859375,25874.134765625,45519.015625,2873436.25,358613.03125,1392056.375,3507687.25,11189456,5531.83447265625,67092.3828125,136090112,60435828,20909.3671875,85902.1953125,202315.453125,672851.375,4297.7919921875,2748585.25,1109494.125,62672.58984375,484061.5625,21042.37109375,821289.0,691.9266357421875,422723.1875,440112.875,235428.671875,923881.5,69414.7109375,77138.03125,17176.9765625,4139.16015625,274115.21875,14852.3994140625,141709.015625,31145.537109375,401439.0,1099399.625,58440.28125,7247.8271484375,122171.984375,13531.1474609375,600959.6875,44156,33.80952835083008,35.582420349121094,0,0,0,0,0,0,0,0,0,0,0,1,0,0,0,0,0,0,0,False,UNKNOWN,0,0,0,0,194630463,24484,0,36.977386474609375,13,,,"{'Type': 'start', 'Data_Type': 'Synthetical', 'Protocol_name': 'ABGv5-0ppb-6RH-75ccm-Anthony-Q425', 'Trial_Details': {'RH': 0, 'group': 35, 'detail': 'N/A', 'trialnum': 16, 'TrialName': '6rh', 'identifier': 'ckUf6', 'Concentration': 0}, 'Experiment_Rig': 'DA3'}",,2026-01-18 23:48:57.596,"{'cid': 'c04d07ee-94c6-44df-ad3c-f46614593299', 'uuid': 'e17abd4c-88d6-4abf-9f73-c5f82d0a8e80', 'annotationId': 'bed29bbe-8d3a-4751-96da-ec41fc138f11', 'name': 'FeNOWindow', 'description': 'FeNOWindow', 'labels': 'FeNOWindow', 'metadata': {'Length': 3, 'Progress': 36, 'startTime': 1768780137271, 'Notification': 'Event FeNOWindow Started.'}, 'createdAt': '2026-01-18T23:48:57.515Z', 'createdBy': '5c7b5d9f-c171-4004-a182-4277ffd4c9eb'}",29.83,19.94,1600.0,1599.69,21470060.0,1100.0,1100.37,24020116.0,0.0,568958.13,13.97,32.59,1009.8,1400.0,1401.28,22450138.0,0.0,0.01,22040109.0,2900.0,2899.41,22340093.0
0000000027-4125-asu-nz,0000000018-3024-oms-nz,FeNOWindow,bed29bbe-8d3a-4751-96da-ec41fc138f11,8431e6bd-5d3e-4c11-b2cc-504dddc0c609,1262.8626708984375,480438.625,198221.90625,8102.916015625,7116.8125,25908.5625,182822.78125,176123.765625,233395.9375,68919.0546875,124123.2734375,18608.919921875,272961.09375,5746.87353515625,18982.22265625,36912.76171875,254690.1875,51904.08203125,188567.171875,19429.306640625,6893.2998046875,13175.9453125,25880.634765625,45520.16015625,2876219.75,359398.78125,1391248.75,3509125.75,11191221,5533.2060546875,67322.328125,136268848,60939460,20912.5,85920.3046875,202314.609375,672928.1875,4297.47265625,2745129.25,1111103.0,62668.8671875,484008.65625,21045.458984375,821043.625,692.2877807617188,422895.0,440017.59375,235457.484375,922994.8125,69432.34375,77130.4453125,17171.8671875,4141.67041015625,273864.59375,14860.37890625,141423.5,31146.767578125,401471.9375,1098866.5,58430.1484375,7247.8310546875,121945.890625,13529.322265625,601620.25,44457,33.890113830566406,35.743595123291016,0,0,0,0,0,0,0,0,0,0,0,1,0,0,0,0,0,0,0,False,UNKNOWN,0,0,0,0,194630463,24484,0,36.977386474609375,13,,,"{'Type': 'start', 'Data_Type': 'Synthetical', 'Protocol_name': 'ABGv5-0ppb-6RH-75ccm-Anthony-Q425', 'Trial_Details': {'RH': 0, 'group': 35, 'detail': 'N/A', 'trialnum': 16, 'TrialName': '6rh', 'identifier': 'ckUf6', 'Concentration': 0}, 'Experiment_Rig': 'DA3'}",,2026-01-18 23:48:57.892,"{'cid': 'c04d07ee-94c6-44df-ad3c-f46614593299', 'uuid': 'e17abd4c-88d6-4abf-9f73-c5f82d0a8e80', 'annotationId': 'bed29bbe-8d3a-4751-96da-ec41fc138f11', 'name': 'FeNOWindow', 'description': 'FeNOWindow', 'labels': 'FeNOWindow', 'metadata': {'Length': 3, 'Progress': 36, 'startTime': 1768780137271, 'Notification': 'Event FeNOWindow Started.'}, 'createdAt': '2026-01-18T23:48:57.515Z', 'createdBy': '5c7b5d9f-c171-4004-a182-4277ffd4c9eb'}",29.83,19.94,1600.0,1599.65,21470060.0,1100.0,1100.27,24020116.0,0.0,569689.08,13.97,32.59,1009.78,1400.0,1401.39,22450138.0,0.0,0.02,22040109.0,2900.0,2899.89,22340093.0
0000000027-4125-asu-nz,0000000018-3024-oms-nz,FeNOWindow,bed29bbe-8d3a-4751-96da-ec41fc138f11,8431e6bd-5d3e-4c11-b2cc-504dddc0c609,1264.1234130859375,481228.25,198288.390625,8103.44091796875,7117.46630859375,25910.17578125,182925.5,176238.28125,233342.90625,68958.6796875,124231.7421875,18608.55078125,273004.6875,5749.80419921875,18989.341796875,36914.4140625,255375.578125,51916.18359375,188593.28125,19454.140625,6893.64990234375,13162.72265625,25900.677734375,45536.57421875,2879990.0,359411.46875,1392582.125,3512304.75,11196220,5534.0068359375,67553.5390625,136610560,61401320,20921.341796875,85924.515625,202333.40625,673100.3125,4299.51611328125,2742122.5,1111636.125,62681.90625,484548.375,21052.955078125,821047.375,692.0164184570312,423783.6875,440187.21875,235568.015625,921643.8125,69455.234375,77142.7890625,17175.501953125,4134.5283203125,272435.84375,14874.3701171875,141285.09375,31168.96484375,401670.375,1098322.125,58428.75390625,7248.11962890625,122097.71875,13527.6181640625,601612.9375,44758,33.970699310302734,35.743595123291016,0,0,0,0,0,0,0,0,0,0,0,1,0,0,0,0,0,0,0,False,UNKNOWN,0,0,0,0,194630463,24484,0,36.977386474609375,13,,,"{'Type': 'start', 'Data_Type': 'Synthetical', 'Protocol_name': 'ABGv5-0ppb-6RH-75ccm-Anthony-Q425', 'Trial_Details': {'RH': 0, 'group': 35, 'detail': 'N/A', 'trialnum': 16, 'TrialName': '6rh', 'identifier': 'ckUf6', 'Concentration': 0}, 'Experiment_Rig': 'DA3'}",,2026-01-18 23:48:58.193,"{'cid': 'c04d07ee-94c6-44df-ad3c-f46614593299', 'uuid': 'e17abd4c-88d6-4abf-9f73-c5f82d0a8e80', 'annotationId': 'bed29bbe-8d3a-4751-96da-ec41fc138f11', 'name': 'FeNOWindow', 'description': 'FeNOWindow', 'labels': 'FeNOWindow', 'metadata': {'Length': 3, 'Progress': 36, 'startTime': 1768780137271, 'Notification': 'Event FeNOWindow Started.'}, 'createdAt': '2026-01-18T23:48:57.515Z', 'createdBy': '5c7b5d9f-c171-4004-a182-4277ffd4c9eb'}",29.82,19.93,1600.0,1599.76,21470060.0,1100.0,1100.37,24020116.0,0.0,570432.37,13.98,32.59,1009.76,1400.0,1400.53,22450138.0,0.0,0.02,22040109.0,2900.0,2899.53,22340093.0
0000000027-4125-asu-nz,0000000018-3024-oms-nz,FeNOWindow,bed29bbe-8d3a-4751-96da-ec41fc138f11,8431e6bd-5d3e-4c11-b2cc-504dddc0c609,1263.3968505859375,481511.75,198360.46875,8103.5224609375,7117.33837890625,25915.283203125,182824.078125,176318.5,233505.828125,69022.65625,124326.7890625,18610.896484375,272677.4375,5753.51513671875,18992.330078125,36938.0546875,255501.96875,51937.28125,189654.265625,19451.453125,6893.837890625,13179.9873046875,25913.16796875,45539.234375,2882603.75,359276.75,1393458.625,3515142.25,11205943,5535.52392578125,67467.765625,137336832,61745432,20920.498046875,85929.140625,202242.5625,673016.625,4299.98876953125,2743650.0,1110751.125,62691.921875,484918.34375,21056.546875,820416.5625,692.2388305664062,423638.96875,440059.09375,235624.359375,921288.8125,69446.359375,77141.3125,17184.16015625,4143.62841796875,273772.1875,14864.767578125,141446.6875,31179.34765625,401421.78125,1097216.25,58428.9140625,7248.177734375,121987.953125,13536.203125,600115.1875,45059,33.970699310302734,35.66300582885742,0,0,0,0,0,0,0,0,0,0,0,1,0,0,0,0,0,0,0,False,UNKNOWN,0,0,0,0,194630463,24484,0,36.977386474609375,13,,,"{'Type': 'start', 'Data_Type': 'Synthetical', 'Protocol_name': 'ABGv5-0ppb-6RH-75ccm-Anthony-Q425', 'Trial_Details': {'RH': 0, 'group': 35, 'detail': 'N/A', 'trialnum': 16, 'TrialName': '6rh', 'identifier': 'ckUf6', 'Concentration': 0}, 'Experiment_Rig': 'DA3'}",,2026-01-18 23:48:58.495,"{'cid': 'c04d07ee-94c6-44df-ad3c-f46614593299', 'uuid': 'e17abd4c-88d6-4abf-9f73-c5f82d0a8e80', 'annotationId': 'bed29bbe-8d3a-4751-96da-ec41fc138f11', 'name': 'FeNOWindow', 'description': 'FeNOWindow', 'labels': 'FeNOWindow', 'metadata': {'Length': 3, 'Progress': 36, 'startTime': 1768780137271, 'Notification': 'Event FeNOWindow Started.'}, 'createdAt': '2026-01-18T23:48:57.515Z', 'createdBy': '5c7b5d9f-c171-4004-a182-4277ffd4c9eb'}",29.81,19.92,1600.0,1599.88,21470060.0,1100.0,1100.47,24020116.0,0.0,571178.14,13.98,32.59,1009.75,1400.0,1399.67,22450138.0,0.0,0.02,22040109.0,2900.0,2899.17,22340093.0
0000000027-4125-asu-nz,0000000018-3024-oms-nz,FeNOWindow,bed29bbe-8d3a-4751-96da-ec41fc138f11,8431e6bd-5d3e-4c11-b2cc-504dddc0c609,1264.508056640625,481280.65625,198414.890625,8104.224609375,7117.25830078125,25917.345703125,182845.515625,176356.703125,233509.1875,68876.03125,124365.7265625,18609.0859375,272453.59375,5756.4951171875,18993.77734375,36948.875,255367.328125,51931.56640625,188927.53125,19461.705078125,6893.39501953125,13177.296875,25919.57421875,45540.48046875,2886876.5,359720.6875,1393014.5,3517510.5,11219814,5535.87255859375,68270.1796875,138445680,61928792,20924.2890625,85910.40625,202222.6875,672803.125,4300.05078125,2739229.25,1110422.125,62701.28515625,485166.125,21059.412109375,820548.6875,692.2933959960938,423873.5625,440714.59375,235667.328125,920993.875,69447.6953125,77152.7109375,17184.505859375,4141.572265625,273981.5625,14888.0634765625,142571.28125,31185.30859375,401261.625,1095928.0,58423.51953125,7248.45361328125,122209.9296875,13529.8525390625,599791.375,45360,33.80952835083008,35.582420349121094,0,0,0,0,0,0,0,0,0,0,0,1,0,0,0,0,0,0,0,False,UNKNOWN,0,0,0,0,194630463,24484,0,36.977386474609375,13,,,"{'Type': 'start', 'Data_Type': 'Synthetical', 'Protocol_name': 'ABGv5-0ppb-6RH-75ccm-Anthony-Q425', 'Trial_Details': {'RH': 0, 'group': 35, 'detail': 'N/A', 'trialnum': 16, 'TrialName': '6rh', 'identifier': 'ckUf6', 'Concentration': 0}, 'Experiment_Rig': 'DA3'}",,2026-01-18 23:48:58.796,"{'cid': 'c04d07ee-94c6-44df-ad3c-f46614593299', 'uuid': 'e17abd4c-88d6-4abf-9f73-c5f82d0a8e80', 'annotationId': 'bed29bbe-8d3a-4751-96da-ec41fc138f11', 'name': 'FeNOWindow', 'description': 'FeNOWindow', 'labels': 'FeNOWindow', 'metadata': {'Length': 3, 'Progress': 36, 'startTime': 1768780137271, 'Notification': 'Event FeNOWindow Started.'}, 'createdAt': '2026-01-18T23:48:57.515Z', 'createdBy': '5c7b5d9f-c171-4004-a182-4277ffd4c9eb'}",29.81,19.93,1600.0,1599.99,21470060.0,1100.0,1100.56,24020116.0,0.0,571588.06,13.99,32.59,1009.76,1400.0,1398.81,22450138.0,0.0,0.02,22040109.0,2900.0,2898.81,22340093.0
0000000027-4125-asu-nz,0000000018-3024-oms-nz,FeNOWindow,bed29bbe-8d3a-4751-96da-ec41fc138f11,8431e6bd-5d3e-4c11-b2cc-504dddc0c609,1264.762451171875,482141.84375,198451.65625,8104.13916015625,7117.86328125,25920.16796875,183002.359375,176415.8125,233551.5,68974.6171875,124397.484375,18610.158203125,271764.125,5758.05908203125,18995.47265625,36938.46875,255191.921875,51928.8828125,189473.015625,19456.67578125,6893.173828125,13162.0810546875,25924.81640625,45542.515625,2890313.5,356305.4375,1389209.375,3519276.5,11237003,5535.90185546875,68017.4375,139915120,61925084,20924.2734375,85903.75,202217.359375,672516.0,4299.93359375,2736666.5,1111980.125,62707.3046875,485123.25,21058.341796875,820776.875,692.6215209960938,424253.0,440431.59375,235736.984375,920747.75,69486.609375,77173.3203125,17188.3359375,4142.97119140625,274309.28125,14882.1162109375,142161.28125,31189.646484375,401284.0625,1094918.625,58416.6875,7248.15771484375,122017.0234375,13535.9189453125,599635.5625,45661,33.890113830566406,35.582420349121094,0,0,0,0,0,0,0,0,0,0,0,1,0,0,0,0,0,0,0,False,UNKNOWN,0,0,0,0,194635466,24484,0,37.53459548950195,13,,,"{'Type': 'start', 'Data_Type': 'Synthetical', 'Protocol_name': 'ABGv5-0ppb-6RH-75ccm-Anthony-Q425', 'Trial_Details': {'RH': 0, 'group': 35, 'detail': 'N/A', 'trialnum': 16, 'TrialName': '6rh', 'identifier': 'ckUf6', 'Concentration': 0}, 'Experiment_Rig': 'DA3'}",,2026-01-18 23:48:59.096,"{'cid': 'c04d07ee-94c6-44df-ad3c-f46614593299', 'uuid': 'e17abd4c-88d6-4abf-9f73-c5f82d0a8e80', 'annotationId': 'bed29bbe-8d3a-4751-96da-ec41fc138f11', 'name': 'FeNOWindow', 'description': 'FeNOWindow', 'labels': 'FeNOWindow', 'metadata': {'Length': 3, 'Progress': 36, 'startTime': 1768780137271, 'Notification': 'Event FeNOWindow Started.'}, 'createdAt': '2026-01-18T23:48:57.515Z', 'createdBy': '5c7b5d9f-c171-4004-a182-4277ffd4c9eb'}",29.82,19.95,1600.0,1599.8,21470060.0,1100.0,1100.34,24020116.0,0.0,571588.06,14.02,32.59,1009.82,1400.0,1399.2,22450138.0,0.0,0.03,22040109.0,2900.0,2900.05,22340093.0
0000000027-4125-asu-nz,0000000018-3024-oms-nz,FeNOWindow,bed29bbe-8d3a-4751-96da-ec41fc138f11,8431e6bd-5d3e-4c11-b2cc-504dddc0c609,1264.24072265625,481861.53125,198495.5,8104.72119140625,7117.08349609375,25922.07421875,182965.59375,176486.15625,233850.09375,68909.7890625,124405.75,18609.7578125,271529.59375,5761.3076171875,18998.6796875,36930.34765625,255227.34375,51929.46875,189273.984375,19461.1171875,6893.478515625,13175.658203125,25924.9296875,45533.890625,2894241.25,355756.84375,1389231.25,3520971.5,11254832,5537.35888671875,68519.640625,141415936,61750024,20925.251953125,85899.2890625,202240.609375,672332.6875,4301.38427734375,2733355.25,1112372.375,62725.578125,485333.6875,21060.193359375,820348.4375,692.3336791992188,424604.21875,440556.46875,235820.8125,920696.9375,69470.140625,77168.4140625,17186.568359375,4136.62060546875,272971.5625,14891.1943359375,143341.96875,31197.384765625,401093.875,1094460.625,58414.6875,7248.4453125,122059.3359375,13540.3408203125,600463.5,45962,33.970699310302734,35.66300582885742,0,0,0,0,0,0,0,0,0,0,0,1,0,0,0,0,0,0,0,False,UNKNOWN,0,0,0,0,194635466,24484,0,37.53459548950195,13,,,"{'Type': 'start', 'Data_Type': 'Synthetical', 'Protocol_name': 'ABGv5-0ppb-6RH-75ccm-Anthony-Q425', 'Trial_Details': {'RH': 0, 'group': 35, 'detail': 'N/A', 'trialnum': 16, 'TrialName': '6rh', 'identifier': 'ckUf6', 'Concentration': 0}, 'Experiment_Rig': 'DA3'}",,2026-01-18 23:48:59.397,"{'cid': 'c04d07ee-94c6-44df-ad3c-f46614593299', 'uuid': 'e17abd4c-88d6-4abf-9f73-c5f82d0a8e80', 'annotationId': 'bed29bbe-8d3a-4751-96da-ec41fc138f11', 'name': 'FeNOWindow', 'description': 'FeNOWindow', 'labels': 'FeNOWindow', 'metadata': {'Length': 3, 'Progress': 36, 'startTime': 1768780137271, 'Notification': 'Event FeNOWindow Started.'}, 'createdAt': '2026-01-18T23:48:57.515Z', 'createdBy': '5c7b5d9f-c171-4004-a182-4277ffd4c9eb'}",29.82,19.98,1600.0,1599.61,21470060.0,1100.0,1100.13,24020116.0,0.0,571588.06,14.04,32.59,1009.87,1400.0,1399.61,22450138.0,0.0,0.05,22040109.0,2900.0,2901.33,22340093.0
0000000027-4125-asu-nz,0000000018-3024-oms-nz,FeNOWindow,bed29bbe-8d3a-4751-96da-ec41fc138f11,8431e6bd-5d3e-4c11-b2cc-504dddc0c609,1264.0069580078125,482005.125,198498.609375,8104.466796875,7117.03955078125,25923.166015625,183023.890625,176502.875,233340.3125,69003.6796875,124425.125,18610.0859375,272542.4375,5760.048828125,18998.599609375,36927.125,254688.765625,51929.26953125,189250.125,19444.07421875,6893.5048828125,13168.138671875,25928.42578125,45528.546875,2898788.25,357502.4375,1388899.25,3522626.25,11269408,5537.35302734375,67656.5234375,142632464,61374280,20924.15625,85915.2265625,202207.09375,672204.3125,4302.23828125,2728568.25,1111388.0,62732.625,485657.0625,21062.150390625,820936.25,692.5167846679688,424374.25,440575.46875,235901.515625,921506.9375,69482.5625,77190.25,17185.673828125,4151.03173828125,272771.625,14855.0048828125,142247.109375,31201.68359375,401253.03125,1093975.25,58412.85546875,7248.75830078125,122002.2578125,13532.513671875,601402.25,46263,33.970699310302734,35.743595123291016,0,0,0,0,0,0,0,0,0,0,0,1,0,0,0,0,0,0,0,False,UNKNOWN,0,0,0,0,194635466,24484,0,37.53459548950195,13,,,"{'Type': 'start', 'Data_Type': 'Synthetical', 'Protocol_name': 'ABGv5-0ppb-6RH-75ccm-Anthony-Q425', 'Trial_Details': {'RH': 0, 'group': 35, 'detail': 'N/A', 'trialnum': 16, 'TrialName': '6rh', 'identifier': 'ckUf6', 'Concentration': 0}, 'Experiment_Rig': 'DA3'}",,2026-01-18 23:48:59.700,"{'cid': 'c04d07ee-94c6-44df-ad3c-f46614593299', 'uuid': 'e17abd4c-88d6-4abf-9f73-c5f82d0a8e80', 'annotationId': 'bed29bbe-8d3a-4751-96da-ec41fc138f11', 'name': 'FeNOWindow', 'description': 'FeNOWindow', 'labels': 'FeNOWindow', 'metadata': {'Length': 3, 'Progress': 36, 'startTime': 1768780137271, 'Notification': 'Event FeNOWindow Started.'}, 'createdAt': '2026-01-18T23:48:57.515Z', 'createdBy': '5c7b5d9f-c171-4004-a182-4277ffd4c9eb'}",29.83,20.0,1600.0,1599.42,21470060.0,1100.0,1099.91,24020116.0,0.0,571588.06,14.07,32.59,1009.93,1400.0,1400.02,22450138.0,0.0,0.07,22040109.0,2900.0,2902.63,22340093.0
0000000027-4125-asu-nz,0000000018-3024-oms-nz,FeNOWindow,bed29bbe-8d3a-4751-96da-ec41fc138f11,8431e6bd-5d3e-4c11-b2cc-504dddc0c609,1264.934814453125,482210.03125,198481.796875,8104.99560546875,7117.2451171875,25923.404296875,182960.390625,176515.59375,233266.046875,68982.390625,124384.328125,18607.892578125,272689.1875,5747.509765625,18996.447265625,36915.67578125,254479.265625,51920.82421875,189723.640625,19460.240234375,6893.07080078125,13162.6328125,25928.81640625,45526.12890625,2893292.25,359985.3125,1387744.875,3520273.0,11267233,5537.30078125,67548.234375,142597696,60889100,20926.19140625,85914.5859375,202167.53125,672382.25,4301.337890625,2731612.0,1110901.875,62733.19140625,485740.09375,21063.212890625,820562.75,692.48095703125,424472.15625,441136.65625,235918.546875,922374.5,69516.3828125,77183.6484375,17186.46875,4139.75634765625,272720.78125,14875.302734375,142053.25,31201.439453125,401269.625,1094052.125,58425.02734375,7249.03125,121958.125,13541.9462890625,601481.75,46566,34.131874084472656,35.743595123291016,0,0,0,0,0,0,0,0,0,0,0,1,0,0,0,0,0,0,0,False,UNKNOWN,0,0,0,0,194635466,24484,0,37.53459548950195,13,,,"{'Type': 'start', 'Data_Type': 'Synthetical', 'Protocol_name': 'ABGv5-0ppb-6RH-75ccm-Anthony-Q425', 'Trial_Details': {'RH': 0, 'group': 35, 'detail': 'N/A', 'trialnum': 16, 'TrialName': '6rh', 'identifier': 'ckUf6', 'Concentration': 0}, 'Experiment_Rig': 'DA3'}",,2026-01-18 23:49:00.001,"{'cid': 'c04d07ee-94c6-44df-ad3c-f46614593299', 'uuid': 'e17abd4c-88d6-4abf-9f73-c5f82d0a8e80', 'annotationId': 'bed29bbe-8d3a-4751-96da-ec41fc138f11', 'name': 'FeNOWindow', 'description': 'FeNOWindow', 'labels': 'FeNOWindow', 'metadata': {'Length': 3, 'Progress': 36, 'startTime': 1768780137271, 'Notification': 'Event FeNOWindow Started.'}, 'createdAt': '2026-01-18T23:48:57.515Z', 'createdBy': '5c7b5d9f-c171-4004-a182-4277ffd4c9eb'}",29.83,20.0,1600.0,1599.03,21470060.0,1100.0,1099.97,24020116.0,0.0,571191.62,14.11,32.59,1009.95,1400.0,1400.07,22450138.0,0.0,0.07,22040109.0,2900.0,2902.87,22340093.0
0000000027-4125-asu-nz,0000000018-3024-oms-nz,FeNOWindow,bed29bbe-8d3a-4751-96da-ec41fc138f11,8431e6bd-5d3e-4c11-b2cc-504dddc0c609,1264.3804931640625,481838.40625,198503.3125,8104.61865234375,7117.75439453125,25924.2421875,182976.796875,176531.921875,233726.828125,68950.65625,124397.6484375,18610.884765625,274309.125,5756.77734375,19000.25390625,36920.7109375,254574.109375,51931.99609375,190057.8125,19452.126953125,6893.32861328125,13159.423828125,25930.2578125,45526.07421875,2890522.0,359471.40625,1390759.875,3519614.0,11267910,5537.26806640625,68034.6171875,142684912,60366096,20928.7890625,85911.5390625,202197.296875,672337.875,4300.07861328125,2729141.0,1110094.0,62742.28125,485827.59375,21062.888671875,821163.9375,692.8153076171875,424927.125,441045.8125,235964.578125,923777.5,69523.1875,77186.5625,17187.232421875,4137.8740234375,272334.28125,14820.978515625,141948.359375,31209.08203125,401395.28125,1094842.875,58425.484375,7248.8896484375,121975.1796875,13538.861328125,600590.25,46865,33.970699310302734,35.66300582885742,0,0,0,0,0,0,0,0,0,0,0,1,0,0,0,0,0,0,0,False,UNKNOWN,0,0,0,0,194635466,24484,0,37.53459548950195,13,,,"{'Type': 'start', 'Data_Type': 'Synthetical', 'Protocol_name': 'ABGv5-0ppb-6RH-75ccm-Anthony-Q425', 'Trial_Details': {'RH': 0, 'group': 35, 'detail': 'N/A', 'trialnum': 16, 'TrialName': '6rh', 'identifier': 'ckUf6', 'Concentration': 0}, 'Experiment_Rig': 'DA3'}",,2026-01-18 23:49:00.300,"{'cid': 'c04d07ee-94c6-44df-ad3c-f46614593299', 'uuid': 'e17abd4c-88d6-4abf-9f73-c5f82d0a8e80', 'annotationId': 'bed29bbe-8d3a-4751-96da-ec41fc138f11', 'name': 'FeNOWindow', 'description': 'FeNOWindow', 'labels': 'FeNOWindow', 'metadata': {'Length': 3, 'Progress': 36, 'startTime': 1768780137271, 'Notification': 'Event FeNOWindow Started.'}, 'createdAt': '2026-01-18T23:48:57.515Z', 'createdBy': '5c7b5d9f-c171-4004-a182-4277ffd4c9eb'}",29.84,19.99,1600.0,1598.56,21470060.0,1100.0,1100.16,24020116.0,0.0,570547.41,14.17,32.59,1009.95,1400.0,1399.93,22450138.0,0.0,0.05,22040109.0,2900.0,2902.46,22340093.0
0000000027-4125-asu-nz,0000000018-3024-oms-nz,FeNOWindow,bed29bbe-8d3a-4751-96da-ec41fc138f11,8431e6bd-5d3e-4c11-b2cc-504dddc0c609,1266.4127197265625,482510.84375,198470.46875,8104.67236328125,7117.4287109375,25923.201171875,182903.09375,176522.296875,233993.09375,69008.0859375,124404.6484375,18609.02734375,274197.78125,5741.0146484375,18999.810546875,36915.0625,254662.15625,51917.37890625,190167.546875,19460.935546875,6893.1591796875,13183.8896484375,25933.029296875,45528.26953125,2886193.5,357453.0,1387187.875,3517876.25,11262000,5539.18701171875,67433.9921875,142123344,59891804,20934.666015625,85919.2109375,202246.015625,672337.3125,4301.96337890625,2729372.0,1109832.125,62750.00390625,485381.1875,21062.376953125,820741.0625,693.0105590820312,424625.21875,440672.6875,235976.859375,925109.25,69550.265625,77193.734375,17189.15625,4141.15869140625,272444.53125,14859.4619140625,141216.28125,31215.068359375,401602.9375,1095635.625,58432.63671875,7248.7587890625,122058.703125,13539.3369140625,600143.6875,47166,33.890113830566406,35.743595123291016,0,0,0,0,0,0,0,0,0,0,0,1,0,0,0,0,0,0,0,False,UNKNOWN,0,0,0,0,194635466,24484,0,37.53459548950195,13,,,"{'Type': 'start', 'Data_Type': 'Synthetical', 'Protocol_name': 'ABGv5-0ppb-6RH-75ccm-Anthony-Q425', 'Trial_Details': {'RH': 0, 'group': 35, 'detail': 'N/A', 'trialnum': 16, 'TrialName': '6rh', 'identifier': 'ckUf6', 'Concentration': 0}, 'Experiment_Rig': 'DA3'}",,2026-01-18 23:49:00.601,"{'cid': 'c04d07ee-94c6-44df-ad3c-f46614593299', 'uuid': 'e17abd4c-88d6-4abf-9f73-c5f82d0a8e80', 'annotationId': 'bed29bbe-8d3a-4751-96da-ec41fc138f11', 'name': 'FeNOWindow', 'description': 'FeNOWindow', 'labels': 'FeNOWindow', 'metadata': {'Length': 3, 'Progress': 36, 'startTime': 1768780137271, 'Notification': 'Event FeNOWindow Started.'}, 'createdAt': '2026-01-18T23:48:57.515Z', 'createdBy': '5c7b5d9f-c171-4004-a182-4277ffd4c9eb'}",29.84,19.99,1600.0,1598.08,21470060.0,1100.0,1100.35,24020116.0,0.0,569898.89,14.23,32.59,1009.95,1400.0,1399.78,22450138.0,0.0,0.04,22040109.0,2900.0,2902.06,22340093.0
0000000027-4125-asu-nz,0000000018-3024-oms-nz,FeNOWindow,bed29bbe-8d3a-4751-96da-ec41fc138f11,8431e6bd-5d3e-4c11-b2cc-504dddc0c609,1265.6285400390625,482209.4375,198434.734375,8104.72021484375,7117.4111328125,25922.25390625,182997.6875,176504.53125,233575.9375,69053.515625,124396.6953125,18612.134765625,273238.3125,5742.849609375,18999.587890625,36918.12890625,254495.453125,51916.9453125,189720.65625,19459.294921875,6893.40185546875,13162.9716796875,25932.607421875,45533.6484375,2882543.0,359692.5625,1386347.25,3516553.75,11248577,5538.3076171875,67501.125,140950064,59538708,20933.306640625,85925.09375,202251.40625,672269.0625,4302.06787109375,2730111.0,1108913.875,62746.57421875,485317.28125,21061.349609375,821643.125,692.3152465820312,424391.875,441163.875,235964.296875,926048.25,69534.671875,77215.1796875,17190.70703125,4140.767578125,273869.125,14869.55078125,141791.875,31221.720703125,401692.09375,1096887.875,58428.2578125,7248.94921875,122083.125,13541.3837890625,601127.75,47467,33.890113830566406,35.582420349121094,0,0,0,0,0,0,0,0,0,0,0,1,0,0,0,0,0,0,0,False,UNKNOWN,0,0,0,0,194635466,24484,0,37.53459548950195,13,,,"{'Type': 'start', 'Data_Type': 'Synthetical', 'Protocol_name': 'ABGv5-0ppb-6RH-75ccm-Anthony-Q425', 'Trial_Details': {'RH': 0, 'group': 35, 'detail': 'N/A', 'trialnum': 16, 'TrialName': '6rh', 'identifier': 'ckUf6', 'Concentration': 0}, 'Experiment_Rig': 'DA3'}",,2026-01-18 23:49:00.902,"{'cid': 'c04d07ee-94c6-44df-ad3c-f46614593299', 'uuid': 'e17abd4c-88d6-4abf-9f73-c5f82d0a8e80', 'annotationId': 'bed29bbe-8d3a-4751-96da-ec41fc138f11', 'name': 'FeNOWindow', 'description': 'FeNOWindow', 'labels': 'FeNOWindow', 'metadata': {'Length': 3, 'Progress': 36, 'startTime': 1768780137271, 'Notification': 'Event FeNOWindow Started.'}, 'createdAt': '2026-01-18T23:48:57.515Z', 'createdBy': '5c7b5d9f-c171-4004-a182-4277ffd4c9eb'}",29.84,20.0,1600.0,1598.05,21470060.0,1100.0,1100.47,24020116.0,0.0,569250.38,14.29,32.59,1009.95,1400.0,1399.68,22450138.0,0.0,0.03,22040109.0,2900.0,2901.63,22340093.0
0000000027-4125-asu-nz,0000000018-3024-oms-nz,FeNOWindow,bed29bbe-8d3a-4751-96da-ec41fc138f11,8431e6bd-5d3e-4c11-b2cc-504dddc0c609,1264.812255859375,481818.375,198360.140625,8104.82080078125,7117.134765625,25922.66796875,182958.375,176470.296875,233643.859375,68950.90625,124406.078125,18607.89453125,274300.8125,5749.40283203125,19000.982421875,36918.796875,255189.578125,51926.671875,189726.765625,19465.205078125,6893.39501953125,13154.6865234375,25934.9609375,45532.45703125,2879592.25,359257.28125,1384275.5,3515417.75,11229846,5538.25439453125,67312.03125,139350816,59338768,20929.568359375,85913.1875,202314.703125,672467.375,4302.1494140625,2735339.75,1109119.875,62741.02734375,485421.375,21059.6484375,822636.5,692.193359375,424389.9375,441357.71875,235945.875,926747.3125,69554.90625,77185.5234375,17185.98046875,4138.7978515625,274242.625,14878.814453125,142118.625,31224.26953125,401762.0625,1098034.5,58432.47265625,7248.4921875,122033.6796875,13536.7451171875,602239.8125,47768,33.890113830566406,35.743595123291016,0,0,0,0,0,0,0,0,0,0,0,1,0,0,0,0,0,0,0,False,UNKNOWN,0,0,0,0,194635466,24484,0,37.53459548950195,13,,,"{'Type': 'start', 'Data_Type': 'Synthetical', 'Protocol_name': 'ABGv5-0ppb-6RH-75ccm-Anthony-Q425', 'Trial_Details': {'RH': 0, 'group': 35, 'detail': 'N/A', 'trialnum': 16, 'TrialName': '6rh', 'identifier': 'ckUf6', 'Concentration': 0}, 'Experiment_Rig': 'DA3'}",,2026-01-18 23:49:01.203,"{'cid': 'c04d07ee-94c6-44df-ad3c-f46614593299', 'uuid': 'e17abd4c-88d6-4abf-9f73-c5f82d0a8e80', 'annotationId': 'bed29bbe-8d3a-4751-96da-ec41fc138f11', 'name': 'FeNOWindow', 'description': 'FeNOWindow', 'labels': 'FeNOWindow', 'metadata': {'Length': 3, 'Progress': 36, 'startTime': 1768780137271, 'Notification': 'Event FeNOWindow Started.'}, 'createdAt': '2026-01-18T23:48:57.515Z', 'createdBy': '5c7b5d9f-c171-4004-a182-4277ffd4c9eb'}",29.84,20.02,1600.0,1598.93,21470060.0,1100.0,1100.42,24020116.0,0.0,569666.49,14.33,32.59,1009.95,1400.0,1399.68,22450138.0,0.0,0.02,22040109.0,2900.0,2901.16,22340093.0
0000000027-4125-asu-nz,0000000018-3024-oms-nz,FeNOWindow,bed29bbe-8d3a-4751-96da-ec41fc138f11,8431e6bd-5d3e-4c11-b2cc-504dddc0c609,1263.8033447265625,481346.90625,198376.015625,8105.33203125,7117.54150390625,25920.056640625,182989.6875,176446.8125,233589.15625,68974.1171875,124417.8984375,18608.64453125,274218.875,5758.43994140625,19001.384765625,36921.61328125,254937.796875,51936.71484375,189526.875,19465.345703125,6893.24658203125,13167.8115234375,25938.00390625,45532.54296875,2877161.25,358961.5,1382341.75,3513640.75,11210368,5538.599609375,67553.1484375,137713824,59256420,20932.080078125,85946.4140625,202322.5,672718.0,4302.71533203125,2738149.75,1110566.375,62729.6328125,485222.375,21061.732421875,822219.6875,692.6747436523438,424298.625,440978.4375,235911.296875,927387.0,69542.1484375,77157.0703125,17185.75390625,4140.53857421875,274190.34375,14864.0693359375,142709.71875,31229.86328125,401745.5,1098866.75,58436.61328125,7249.380859375,122078.1484375,13529.509765625,601986.75,48069,33.890113830566406,35.66300582885742,0,0,0,0,0,0,0,0,0,0,0,1,0,0,0,0,0,0,0,False,UNKNOWN,0,0,0,0,194635466,24484,0,37.53459548950195,13,,,"{'Type': 'start', 'Data_Type': 'Synthetical', 'Protocol_name': 'ABGv5-0ppb-6RH-75ccm-Anthony-Q425', 'Trial_Details': {'RH': 0, 'group': 35, 'detail': 'N/A', 'trialnum': 16, 'TrialName': '6rh', 'identifier': 'ckUf6', 'Concentration': 0}, 'Experiment_Rig': 'DA3'}",,2026-01-18 23:49:01.505,"{'cid': 'c04d07ee-94c6-44df-ad3c-f46614593299', 'uuid': 'e17abd4c-88d6-4abf-9f73-c5f82d0a8e80', 'annotationId': 'bed29bbe-8d3a-4751-96da-ec41fc138f11', 'name': 'FeNOWindow', 'description': 'FeNOWindow', 'labels': 'FeNOWindow', 'metadata': {'Length': 3, 'Progress': 36, 'startTime': 1768780137271, 'Notification': 'Event FeNOWindow Started.'}, 'createdAt': '2026-01-18T23:48:57.515Z', 'createdBy': '5c7b5d9f-c171-4004-a182-4277ffd4c9eb'}",29.84,20.04,1600.0,1599.82,21470060.0,1100.0,1100.37,24020116.0,0.0,570164.1,14.37,32.59,1009.95,1400.0,1399.68,22450138.0,0.0,0.01,22040109.0,2900.0,2900.68,22340093.0
0000000027-4125-asu-nz,0000000018-3024-oms-nz,FeNOWindow,bed29bbe-8d3a-4751-96da-ec41fc138f11,8431e6bd-5d3e-4c11-b2cc-504dddc0c609,1264.2100830078125,480998.21875,198338.59375,8104.8369140625,7117.14697265625,25918.966796875,183022.546875,176426.15625,233523.625,69010.3125,124420.8203125,18607.515625,272980.34375,5765.97998046875,19002.17578125,36932.38671875,254712.96875,51957.71484375,189794.640625,19475.564453125,6893.56103515625,13169.091796875,25942.24609375,45543.25390625,2876034.5,360947.15625,1383258.875,3512022.75,11197371,5538.25927734375,69141.875,136457696,59560824,20928.763671875,85931.8515625,202317.8125,672939.3125,4302.75244140625,2744064.0,1110929.75,62714.1640625,484972.625,21059.41796875,821813.375,692.7083129882812,424041.84375,440635.625,235822.75,927152.5625,69516.0390625,77171.5234375,17185.630859375,4134.353515625,274357.71875,14877.4052734375,141990.953125,31231.41796875,401861.46875,1099439.125,58429.57421875,7249.38525390625,122156.5703125,13540.302734375,602548.4375,48371,33.970699310302734,35.66300582885742,0,0,0,0,0,0,0,0,0,0,0,1,0,0,0,0,0,0,0,False,UNKNOWN,0,0,0,0,194635466,24484,0,37.53459548950195,13,,,"{'Type': 'start', 'Data_Type': 'Synthetical', 'Protocol_name': 'ABGv5-0ppb-6RH-75ccm-Anthony-Q425', 'Trial_Details': {'RH': 0, 'group': 35, 'detail': 'N/A', 'trialnum': 16, 'TrialName': '6rh', 'identifier': 'ckUf6', 'Concentration': 0}, 'Experiment_Rig': 'DA3'}",,2026-01-18 23:49:01.807,"{'cid': 'c04d07ee-94c6-44df-ad3c-f46614593299', 'uuid': 'e17abd4c-88d6-4abf-9f73-c5f82d0a8e80', 'annotationId': 'bed29bbe-8d3a-4751-96da-ec41fc138f11', 'name': 'FeNOWindow', 'description': 'FeNOWindow', 'labels': 'FeNOWindow', 'metadata': {'Length': 3, 'Progress': 36, 'startTime': 1768780137271, 'Notification': 'Event FeNOWindow Started.'}, 'createdAt': '2026-01-18T23:48:57.515Z', 'createdBy': '5c7b5d9f-c171-4004-a182-4277ffd4c9eb'}",29.84,20.06,1600.0,1600.71,21470060.0,1100.0,1100.32,24020116.0,0.0,570661.7,14.41,32.59,1009.95,1400.0,1399.68,22450138.0,0.0,0.0,22040109.0,2900.0,2900.2,22340093.0
0000000027-4125-asu-nz,0000000018-3024-oms-nz,FeNOMeasurement,bed29bbe-8d3a-4751-96da-ec41fc138f11,8431e6bd-5d3e-4c11-b2cc-504dddc0c609,1263.373291015625,480739.6875,198336.078125,8105.08154296875,7117.689453125,25917.171875,182936.171875,176426.296875,233609.765625,68992.3671875,124435.2109375,18608.41796875,273359.5,5778.46240234375,19001.90625,36923.3359375,254999.1875,51943.73828125,190402.0625,19465.9921875,6893.466796875,13158.4814453125,25942.736328125,45540.625,2875931.5,359392.75,1382009.25,3511901.0,11192186,5538.34716796875,68984.921875,135951056,59920332,20927.83984375,85938.8046875,202371.375,673057.625,4303.572265625,2748072.25,1111383.5,62705.6796875,484801.59375,21060.154296875,821044.3125,692.1389770507812,423777.15625,440803.46875,235807.015625,926398.125,69487.9609375,77137.234375,17187.728515625,4130.91943359375,273053.3125,14846.66796875,141057.515625,31229.16796875,401897.90625,1099936.875,58435.09375,7248.9560546875,122154.4140625,13540.1611328125,602668.5,48672,33.970699310302734,35.501834869384766,0,0,0,0,0,0,0,0,0,0,0,1,0,0,0,0,0,0,0,False,UNKNOWN,0,0,0,0,194635466,24484,0,37.53459548950195,13,,,"{'Type': 'start', 'Data_Type': 'Synthetical', 'Protocol_name': 'ABGv5-0ppb-6RH-75ccm-Anthony-Q425', 'Trial_Details': {'RH': 0, 'group': 35, 'detail': 'N/A', 'trialnum': 16, 'TrialName': '6rh', 'identifier': 'ckUf6', 'Concentration': 0}, 'Experiment_Rig': 'DA3'}",,2026-01-18 23:49:02.109,"{'cid': 'c04d07ee-94c6-44df-ad3c-f46614593299', 'uuid': '69f71364-92bd-4c57-8ce2-98cc5f66d828', 'annotationId': 'bed29bbe-8d3a-4751-96da-ec41fc138f11', 'name': 'FeNOMeasurement', 'description': 'FeNOMeasurement', 'labels': 'FeNOMeasurement', 'metadata': {'Length': 30, 'Progress': 39, 'startTime': 1768780141606, 'Notification': 'Event FeNOMeasurement Started.'}, 'createdAt': '2026-01-18T23:49:01.850Z', 'createdBy': '5c7b5d9f-c171-4004-a182-4277ffd4c9eb'}",29.84,20.07,1600.0,1600.79,21470060.0,1100.0,1100.3,24020116.0,0.0,571134.68,14.45,32.59,1009.94,1400.0,1399.57,22450138.0,0.0,0.01,22040109.0,2900.0,2899.92,22340093.0
0000000027-4125-asu-nz,0000000018-3024-oms-nz,FeNOMeasurement,bed29bbe-8d3a-4751-96da-ec41fc138f11,8431e6bd-5d3e-4c11-b2cc-504dddc0c609,1263.4959716796875,481360.90625,198349.046875,8104.79638671875,7117.5830078125,25917.6484375,182782.0625,176419.515625,233929.515625,68995.2578125,124439.140625,18609.939453125,273127.8125,5778.0556640625,19002.66015625,36923.1953125,255098.21875,51953.19140625,190056.234375,19465.74609375,6893.904296875,13166.2939453125,25942.478515625,45540.0859375,2879352.25,358739.65625,1382463.25,3514225.75,11192476,5538.3310546875,68840.171875,135860592,60417932,20919.736328125,85966.515625,202338.59375,673102.0,4303.34619140625,2750070.0,1114213.25,62703.234375,484523.8125,21064.205078125,819877.0,692.4741821289062,423898.46875,441017.6875,235787.015625,925457.1875,69479.6640625,77153.2734375,17185.802734375,4138.87353515625,272827.65625,14858.8564453125,141526.390625,31223.833984375,401391.1875,1099284.5,58437.71875,7248.97705078125,122109.03125,13537.9326171875,603134.5625,48973,33.970699310302734,35.743595123291016,0,0,0,0,0,0,0,0,0,0,0,1,0,0,0,0,0,0,0,False,UNKNOWN,0,0,0,0,194635466,24484,0,37.53459548950195,13,,,"{'Type': 'start', 'Data_Type': 'Synthetical', 'Protocol_name': 'ABGv5-0ppb-6RH-75ccm-Anthony-Q425', 'Trial_Details': {'RH': 0, 'group': 35, 'detail': 'N/A', 'trialnum': 16, 'TrialName': '6rh', 'identifier': 'ckUf6', 'Concentration': 0}, 'Experiment_Rig': 'DA3'}",,2026-01-18 23:49:02.408,"{'cid': 'c04d07ee-94c6-44df-ad3c-f46614593299', 'uuid': '69f71364-92bd-4c57-8ce2-98cc5f66d828', 'annotationId': 'bed29bbe-8d3a-4751-96da-ec41fc138f11', 'name': 'FeNOMeasurement', 'description': 'FeNOMeasurement', 'labels': 'FeNOMeasurement', 'metadata': {'Length': 30, 'Progress': 39, 'startTime': 1768780141606, 'Notification': 'Event FeNOMeasurement Started.'}, 'createdAt': '2026-01-18T23:49:01.850Z', 'createdBy': '5c7b5d9f-c171-4004-a182-4277ffd4c9eb'}",29.84,20.09,1600.0,1600.86,21470060.0,1100.0,1100.27,24020116.0,0.0,571381.82,14.48,32.59,1009.88,1400.0,1399.45,22450138.0,0.0,0.02,22040109.0,2900.0,2899.66,22340093.0
0000000027-4125-asu-nz,0000000018-3024-oms-nz,FeNOMeasurement,bed29bbe-8d3a-4751-96da-ec41fc138f11,8431e6bd-5d3e-4c11-b2cc-504dddc0c609,1263.2335205078125,481084.90625,198344.0,8104.982421875,7117.4853515625,25916.376953125,182859.890625,176412.515625,233994.765625,68982.7421875,124470.1953125,18609.53515625,273640.90625,5784.84814453125,19001.505859375,36927.34375,255363.671875,51947.09375,189131.390625,19465.16796875,6893.69921875,13177.35546875,25942.275390625,45538.890625,2882768.75,360540.9375,1384360.125,3517181.25,11200271,5537.64453125,69425.0078125,136332848,60881852,20918.099609375,85968.390625,202291.15625,673155.6875,4302.30517578125,2755759.0,1112115.75,62705.05078125,484469.125,21063.837890625,819448.6875,692.3013305664062,423869.90625,440864.5,235759.59375,924158.3125,69505.265625,77139.59375,17188.59765625,4133.9306640625,273904.1875,14864.90234375,142826.96875,31218.779296875,401468.09375,1098710.75,58418.13671875,7248.5888671875,122151.21875,13541.537109375,602898.5625,49274,34.05128479003906,35.743595123291016,0,0,0,0,0,0,0,0,0,0,0,1,0,0,0,0,0,0,0,False,UNKNOWN,0,0,0,0,194635466,24484,0,37.53459548950195,13,,,"{'Type': 'start', 'Data_Type': 'Synthetical', 'Protocol_name': 'ABGv5-0ppb-6RH-75ccm-Anthony-Q425', 'Trial_Details': {'RH': 0, 'group': 35, 'detail': 'N/A', 'trialnum': 16, 'TrialName': '6rh', 'identifier': 'ckUf6', 'Concentration': 0}, 'Experiment_Rig': 'DA3'}",,2026-01-18 23:49:02.710,"{'cid': 'c04d07ee-94c6-44df-ad3c-f46614593299', 'uuid': '69f71364-92bd-4c57-8ce2-98cc5f66d828', 'annotationId': 'bed29bbe-8d3a-4751-96da-ec41fc138f11', 'name': 'FeNOMeasurement', 'description': 'FeNOMeasurement', 'labels': 'FeNOMeasurement', 'metadata': {'Length': 30, 'Progress': 39, 'startTime': 1768780141606, 'Notification': 'Event FeNOMeasurement Started.'}, 'createdAt': '2026-01-18T23:49:01.850Z', 'createdBy': '5c7b5d9f-c171-4004-a182-4277ffd4c9eb'}",29.84,20.11,1600.0,1600.93,21470060.0,1100.0,1100.25,24020116.0,0.0,571631.45,14.5,32.58,1009.82,1400.0,1399.33,22450138.0,0.0,0.02,22040109.0,2900.0,2899.39,22340093.0
0000000027-4125-asu-nz,0000000018-3024-oms-nz,FeNOMeasurement,bed29bbe-8d3a-4751-96da-ec41fc138f11,8431e6bd-5d3e-4c11-b2cc-504dddc0c609,1265.6583251953125,481127.5,198336.9375,8104.5185546875,7117.15087890625,25918.4453125,182987.28125,176416.296875,234062.546875,68975.5703125,124457.0390625,18609.271484375,273370.6875,5778.9755859375,19001.779296875,36944.08984375,254978.125,51963.08984375,188941.59375,19463.896484375,6893.05419921875,13158.3095703125,25940.498046875,45536.12890625,2886474.25,358547.53125,1383799.875,3519518.0,11211281,5537.0537109375,68775.1484375,137230448,61234488,20921.34765625,85922.6328125,202269.8125,673044.0625,4302.2138671875,2755213.75,1108631.875,62704.98828125,484890.3125,21062.11328125,819490.75,692.415771484375,424048.9375,440863.09375,235776.875,923244.125,69487.7421875,77105.6953125,17186.390625,4134.62060546875,274315.4375,14860.8447265625,142274.265625,31212.67578125,401615.71875,1097423.125,58413.2265625,7249.255859375,122181.796875,13536.9716796875,601035.5625,49575,33.890113830566406,35.824180603027344,0,0,0,0,0,0,0,0,0,0,0,1,0,0,0,0,0,0,0,False,UNKNOWN,0,0,0,0,194635466,24484,0,37.53459548950195,13,,,"{'Type': 'start', 'Data_Type': 'Synthetical', 'Protocol_name': 'ABGv5-0ppb-6RH-75ccm-Anthony-Q425', 'Trial_Details': {'RH': 0, 'group': 35, 'detail': 'N/A', 'trialnum': 16, 'TrialName': '6rh', 'identifier': 'ckUf6', 'Concentration': 0}, 'Experiment_Rig': 'DA3'}",,2026-01-18 23:49:03.011,"{'cid': 'c04d07ee-94c6-44df-ad3c-f46614593299', 'uuid': '69f71364-92bd-4c57-8ce2-98cc5f66d828', 'annotationId': 'bed29bbe-8d3a-4751-96da-ec41fc138f11', 'name': 'FeNOMeasurement', 'description': 'FeNOMeasurement', 'labels': 'FeNOMeasurement', 'metadata': {'Length': 30, 'Progress': 39, 'startTime': 1768780141606, 'Notification': 'Event FeNOMeasurement Started.'}, 'createdAt': '2026-01-18T23:49:01.850Z', 'createdBy': '5c7b5d9f-c171-4004-a182-4277ffd4c9eb'}",29.83,20.13,1600.0,1600.78,21470060.0,1100.0,1100.49,24020116.0,0.0,571880.25,14.53,32.58,1009.76,1400.0,1399.52,22450138.0,0.0,0.02,22040109.0,2900.0,2899.86,22340093.0
0000000027-4125-asu-nz,0000000018-3024-oms-nz,FeNOMeasurement,bed29bbe-8d3a-4751-96da-ec41fc138f11,8431e6bd-5d3e-4c11-b2cc-504dddc0c609,1265.2135009765625,481682.0625,198357.96875,8104.8857421875,7117.72314453125,25917.95703125,182983.921875,176421.765625,233972.359375,68932.8828125,124451.109375,18609.396484375,272774.125,5757.0888671875,19003.8046875,36940.3671875,255195.140625,51954.6328125,188993.546875,19446.328125,6893.142578125,13152.134765625,25938.59375,45533.2578125,2890335.5,360283.46875,1384395.75,3521796.25,11225255,5536.94921875,68898.78125,138346000,61448496,20920.322265625,85900.4765625,202255.75,672764.875,4303.58935546875,2760079.5,1108577.0,62710.25,484724.28125,21062.263671875,819555.75,692.36865234375,423931.5625,441170.125,235784.4375,922363.5,69478.90625,77123.1328125,17182.291015625,4134.05517578125,274341.125,14869.3505859375,141882.34375,31204.646484375,401205.96875,1095992.875,58411.09765625,7248.8125,122188.2109375,13527.3525390625,599836.5,49876,33.890113830566406,35.66300582885742,0,0,0,0,0,0,0,0,0,0,0,1,0,0,0,0,0,0,0,False,UNKNOWN,0,0,0,0,194635466,24484,0,37.53459548950195,13,,,"{'Type': 'start', 'Data_Type': 'Synthetical', 'Protocol_name': 'ABGv5-0ppb-6RH-75ccm-Anthony-Q425', 'Trial_Details': {'RH': 0, 'group': 35, 'detail': 'N/A', 'trialnum': 16, 'TrialName': '6rh', 'identifier': 'ckUf6', 'Concentration': 0}, 'Experiment_Rig': 'DA3'}",,2026-01-18 23:49:03.312,"{'cid': 'c04d07ee-94c6-44df-ad3c-f46614593299', 'uuid': '69f71364-92bd-4c57-8ce2-98cc5f66d828', 'annotationId': 'bed29bbe-8d3a-4751-96da-ec41fc138f11', 'name': 'FeNOMeasurement', 'description': 'FeNOMeasurement', 'labels': 'FeNOMeasurement', 'metadata': {'Length': 30, 'Progress': 39, 'startTime': 1768780141606, 'Notification': 'Event FeNOMeasurement Started.'}, 'createdAt': '2026-01-18T23:49:01.850Z', 'createdBy': '5c7b5d9f-c171-4004-a182-4277ffd4c9eb'}",29.83,20.15,1600.0,1600.49,21470060.0,1100.0,1100.89,24020116.0,0.0,572098.13,14.55,32.58,1009.71,1400.0,1399.93,22450138.0,0.0,0.02,22040109.0,2900.0,2900.89,22340093.0
0000000027-4125-asu-nz,0000000018-3024-oms-nz,FeNOMeasurement,bed29bbe-8d3a-4751-96da-ec41fc138f11,8431e6bd-5d3e-4c11-b2cc-504dddc0c609,1265.1387939453125,482088.21875,198422.53125,8105.08203125,7117.650390625,25920.40234375,183011.984375,176439.84375,233900.8125,69025.4921875,124443.375,18608.880859375,275323.375,5776.76220703125,19001.8125,36936.16796875,255198.03125,51939.08203125,189402.765625,19454.787109375,6893.357421875,13162.916015625,25934.150390625,45537.734375,2893176.75,360737.5,1385312.0,3523195.0,11244307,5536.90185546875,68226.5546875,139929136,61463528,20924.64453125,85869.171875,202215.703125,672495.25,4303.51171875,2760978.0,1102596.625,62721.80859375,484393.46875,21061.697265625,819822.75,692.3228759765625,423775.0625,441158.6875,235824.65625,921758.125,69468.578125,77096.4140625,17181.732421875,4130.75732421875,274483.0,14881.0537109375,141281.140625,31205.826171875,401038.125,1095788.125,58409.23046875,7249.00439453125,122143.0390625,13537.8134765625,600980.25,50177,33.970699310302734,35.66300582885742,0,0,0,0,0,0,0,0,0,0,0,1,0,0,0,0,0,0,0,False,UNKNOWN,0,0,0,0,194635466,24484,0,37.53459548950195,13,,,"{'Type': 'start', 'Data_Type': 'Synthetical', 'Protocol_name': 'ABGv5-0ppb-6RH-75ccm-Anthony-Q425', 'Trial_Details': {'RH': 0, 'group': 35, 'detail': 'N/A', 'trialnum': 16, 'TrialName': '6rh', 'identifier': 'ckUf6', 'Concentration': 0}, 'Experiment_Rig': 'DA3'}",,2026-01-18 23:49:03.613,"{'cid': 'c04d07ee-94c6-44df-ad3c-f46614593299', 'uuid': '69f71364-92bd-4c57-8ce2-98cc5f66d828', 'annotationId': 'bed29bbe-8d3a-4751-96da-ec41fc138f11', 'name': 'FeNOMeasurement', 'description': 'FeNOMeasurement', 'labels': 'FeNOMeasurement', 'metadata': {'Length': 30, 'Progress': 39, 'startTime': 1768780141606, 'Notification': 'Event FeNOMeasurement Started.'}, 'createdAt': '2026-01-18T23:49:01.850Z', 'createdBy': '5c7b5d9f-c171-4004-a182-4277ffd4c9eb'}",29.82,20.17,1600.0,1600.2,21470060.0,1100.0,1101.3,24020116.0,0.0,572222.83,14.56,32.58,1009.73,1400.0,1400.33,22450138.0,0.0,0.01,22040109.0,2900.0,2901.92,22340093.0
0000000027-4125-asu-nz,0000000018-3024-oms-nz,FeNOMeasurement,bed29bbe-8d3a-4751-96da-ec41fc138f11,8431e6bd-5d3e-4c11-b2cc-504dddc0c609,1265.208740234375,481863.96875,198445.734375,8104.60986328125,7117.5927734375,25920.677734375,182927.34375,176459.515625,234355.40625,68960.1875,124431.3515625,18609.55859375,273193.625,5763.265625,18999.974609375,36939.44140625,254648.640625,51937.99609375,189851.671875,19453.54296875,6893.36962890625,13172.9326171875,25929.921875,45538.39453125,2897258.0,359926.78125,1388251.875,3524821.0,11259370,5536.3583984375,67567.578125,141237376,61286200,20921.912109375,85866.0546875,202225.796875,672314.4375,4300.8662109375,2760203.5,1099982.125,62727.81640625,485042.46875,21057.52734375,820487.25,693.5798950195312,424017.1875,441126.8125,235857.625,921683.0,69474.8046875,77088.984375,17182.529296875,4132.61083984375,274560.6875,14870.724609375,142573.71875,31202.689453125,401060.5,1094925.875,58408.6015625,7248.869140625,122046.984375,13528.00390625,601022.625,50478,33.970699310302734,35.66300582885742,0,0,0,0,0,0,0,0,0,0,0,1,0,0,0,0,0,0,0,False,UNKNOWN,0,0,0,0,194635466,24484,0,37.53459548950195,13,,,"{'Type': 'start', 'Data_Type': 'Synthetical', 'Protocol_name': 'ABGv5-0ppb-6RH-75ccm-Anthony-Q425', 'Trial_Details': {'RH': 0, 'group': 35, 'detail': 'N/A', 'trialnum': 16, 'TrialName': '6rh', 'identifier': 'ckUf6', 'Concentration': 0}, 'Experiment_Rig': 'DA3'}",,2026-01-18 23:49:03.913,"{'cid': 'c04d07ee-94c6-44df-ad3c-f46614593299', 'uuid': '69f71364-92bd-4c57-8ce2-98cc5f66d828', 'annotationId': 'bed29bbe-8d3a-4751-96da-ec41fc138f11', 'name': 'FeNOMeasurement', 'description': 'FeNOMeasurement', 'labels': 'FeNOMeasurement', 'metadata': {'Length': 30, 'Progress': 39, 'startTime': 1768780141606, 'Notification': 'Event FeNOMeasurement Started.'}, 'createdAt': '2026-01-18T23:49:01.850Z', 'createdBy': '5c7b5d9f-c171-4004-a182-4277ffd4c9eb'}",29.82,20.19,1600.0,1600.09,21470060.0,1100.0,1101.54,24020116.0,0.0,572347.12,14.57,32.58,1009.75,1400.0,1400.67,22450138.0,0.0,0.02,22040109.0,2900.0,2902.51,22340093.0
0000000027-4125-asu-nz,0000000018-3024-oms-nz,FeNOMeasurement,bed29bbe-8d3a-4751-96da-ec41fc138f11,8431e6bd-5d3e-4c11-b2cc-504dddc0c609,1264.8856201171875,482507.125,198470.6875,8104.69384765625,7117.9423828125,25921.609375,183034.515625,176449.15625,234681.15625,68923.765625,124390.6640625,18609.755859375,273377.09375,5754.119140625,18998.546875,36931.65234375,254941.5625,51909.64453125,189016.9375,19457.03125,6892.9755859375,13160.474609375,25926.12890625,45528.56640625,2896208.25,359603.25,1386605.875,3525265.5,11264216,5536.060546875,67439.0625,141738848,60827672,20920.333984375,85861.328125,202174.0,672146.5,4301.12890625,2762955.25,1103296.5,62739.640625,485146.8125,21058.9140625,821287.0,692.7003784179688,424344.59375,441122.375,235899.3125,922656.5625,69445.4765625,77139.953125,17182.76171875,4136.62890625,274457.0625,14861.2666015625,142085.828125,31201.099609375,401067.78125,1095007.625,58416.09375,7248.9619140625,122068.0390625,13534.4208984375,601483.3125,50780,33.80952835083008,35.66300582885742,0,0,0,0,0,0,0,0,0,0,0,1,0,0,0,0,0,0,0,False,UNKNOWN,0,0,0,0,194640499,24484,0,38.190059661865234,13,,,"{'Type': 'start', 'Data_Type': 'Synthetical', 'Protocol_name': 'ABGv5-0ppb-6RH-75ccm-Anthony-Q425', 'Trial_Details': {'RH': 0, 'group': 35, 'detail': 'N/A', 'trialnum': 16, 'TrialName': '6rh', 'identifier': 'ckUf6', 'Concentration': 0}, 'Experiment_Rig': 'DA3'}",,2026-01-18 23:49:04.215,"{'cid': 'c04d07ee-94c6-44df-ad3c-f46614593299', 'uuid': '69f71364-92bd-4c57-8ce2-98cc5f66d828', 'annotationId': 'bed29bbe-8d3a-4751-96da-ec41fc138f11', 'name': 'FeNOMeasurement', 'description': 'FeNOMeasurement', 'labels': 'FeNOMeasurement', 'metadata': {'Length': 30, 'Progress': 39, 'startTime': 1768780141606, 'Notification': 'Event FeNOMeasurement Started.'}, 'createdAt': '2026-01-18T23:49:01.850Z', 'createdBy': '5c7b5d9f-c171-4004-a182-4277ffd4c9eb'}",29.83,20.2,1600.0,1600.43,21470060.0,1100.0,1101.3,24020116.0,0.0,572472.24,14.58,32.58,1009.76,1400.0,1400.82,22450138.0,0.0,0.08,22040109.0,2900.0,2901.5,22340093.0
0000000027-4125-asu-nz,0000000018-3024-oms-nz,FeNOMeasurement,bed29bbe-8d3a-4751-96da-ec41fc138f11,8431e6bd-5d3e-4c11-b2cc-504dddc0c609,1265.02734375,482165.875,198460.0,8104.4326171875,7116.79833984375,25921.392578125,183040.71875,176450.046875,234113.1875,69011.1953125,124380.1328125,18610.12890625,273292.46875,5771.45166015625,18999.431640625,36923.70703125,254418.78125,51908.1953125,190277.390625,19457.7734375,6893.380859375,13154.71484375,25923.671875,45524.94140625,2892454.25,359570.375,1388394.5,3523736.5,11262904,5536.4228515625,67356.6953125,141767312,60316040,20920.60546875,85874.828125,202167.03125,672059.4375,4301.84130859375,2759376.5,1107178.25,62735.05859375,485004.9375,21057.591796875,822115.1875,692.4276123046875,424318.65625,442028.71875,235898.015625,923827.8125,69478.6328125,77150.015625,17182.6484375,4133.51123046875,274691.71875,14875.1337890625,142012.171875,31202.859375,401337.28125,1095611.5,58420.47265625,7248.78857421875,122013.640625,13535.294921875,599539.0625,51081,33.970699310302734,35.743595123291016,0,0,0,0,0,0,0,0,0,0,0,1,0,0,0,0,0,0,0,False,UNKNOWN,0,0,0,0,194640499,24484,0,38.190059661865234,13,,,"{'Type': 'start', 'Data_Type': 'Synthetical', 'Protocol_name': 'ABGv5-0ppb-6RH-75ccm-Anthony-Q425', 'Trial_Details': {'RH': 0, 'group': 35, 'detail': 'N/A', 'trialnum': 16, 'TrialName': '6rh', 'identifier': 'ckUf6', 'Concentration': 0}, 'Experiment_Rig': 'DA3'}",,2026-01-18 23:49:04.516,"{'cid': 'c04d07ee-94c6-44df-ad3c-f46614593299', 'uuid': '69f71364-92bd-4c57-8ce2-98cc5f66d828', 'annotationId': 'bed29bbe-8d3a-4751-96da-ec41fc138f11', 'name': 'FeNOMeasurement', 'description': 'FeNOMeasurement', 'labels': 'FeNOMeasurement', 'metadata': {'Length': 30, 'Progress': 39, 'startTime': 1768780141606, 'Notification': 'Event FeNOMeasurement Started.'}, 'createdAt': '2026-01-18T23:49:01.850Z', 'createdBy': '5c7b5d9f-c171-4004-a182-4277ffd4c9eb'}",29.84,20.21,1600.0,1600.76,21470060.0,1100.0,1101.06,24020116.0,0.0,572748.36,14.59,32.58,1009.77,1400.0,1400.96,22450138.0,0.0,0.14,22040109.0,2900.0,2900.5,22340093.0
0000000027-4125-asu-nz,0000000018-3024-oms-nz,FeNOMeasurement,bed29bbe-8d3a-4751-96da-ec41fc138f11,8431e6bd-5d3e-4c11-b2cc-504dddc0c609,1265.707275390625,481752.4375,198455.046875,8103.89794921875,7117.33642578125,25920.8046875,182946.046875,176427.609375,234110.90625,69046.5078125,124361.71875,18609.736328125,273385.625,5771.01123046875,18999.630859375,36916.11328125,254527.765625,51906.4375,190550.015625,19458.03125,6893.0693359375,13161.64453125,25922.583984375,45525.48046875,2888035.0,361771.28125,1386681.25,3521744.0,11254818,5535.58544921875,67478.46875,141156272,59861840,20919.796875,85866.7578125,202147.859375,671996.9375,4300.14501953125,2752843.0,1105953.625,62731.87890625,485100.6875,21060.244140625,822673.875,692.5108032226562,424473.53125,442170.65625,235901.40625,925200.25,69493.4140625,77115.4921875,17183.8828125,4137.13671875,274488.4375,14875.9404296875,142159.828125,31202.193359375,401457.125,1096044.875,58423.76953125,7248.74072265625,122147.6640625,13537.99609375,598259.8125,51382,33.890113830566406,35.582420349121094,0,0,0,0,0,0,0,0,0,0,0,1,0,0,0,0,0,0,0,False,UNKNOWN,0,0,0,0,194640499,24484,0,38.190059661865234,13,,,"{'Type': 'start', 'Data_Type': 'Synthetical', 'Protocol_name': 'ABGv5-0ppb-6RH-75ccm-Anthony-Q425', 'Trial_Details': {'RH': 0, 'group': 35, 'detail': 'N/A', 'trialnum': 16, 'TrialName': '6rh', 'identifier': 'ckUf6', 'Concentration': 0}, 'Experiment_Rig': 'DA3'}",,2026-01-18 23:49:04.818,"{'cid': 'c04d07ee-94c6-44df-ad3c-f46614593299', 'uuid': '69f71364-92bd-4c57-8ce2-98cc5f66d828', 'annotationId': 'bed29bbe-8d3a-4751-96da-ec41fc138f11', 'name': 'FeNOMeasurement', 'description': 'FeNOMeasurement', 'labels': 'FeNOMeasurement', 'metadata': {'Length': 30, 'Progress': 39, 'startTime': 1768780141606, 'Notification': 'Event FeNOMeasurement Started.'}, 'createdAt': '2026-01-18T23:49:01.850Z', 'createdBy': '5c7b5d9f-c171-4004-a182-4277ffd4c9eb'}",29.85,20.22,1600.0,1601.1,21470060.0,1100.0,1100.82,24020116.0,0.0,573251.41,14.58,32.58,1009.76,1400.0,1401.11,22450138.0,0.0,0.19,22040109.0,2900.0,2899.49,22340093.0
0000000027-4125-asu-nz,0000000018-3024-oms-nz,FeNOMeasurement,bed29bbe-8d3a-4751-96da-ec41fc138f11,8431e6bd-5d3e-4c11-b2cc-504dddc0c609,1264.7066650390625,481685.40625,198420.203125,8104.19677734375,7117.62646484375,25919.953125,182961.296875,176411.0,233830.8125,68969.8359375,124334.3203125,18608.619140625,274251.90625,5781.5546875,18999.21484375,36906.9765625,254245.25,51909.39453125,189632.171875,19458.150390625,6892.93798828125,13155.583984375,25921.421875,45523.4375,2882911.0,360330.03125,1385659.875,3519578.25,11240406,5535.13427734375,68065.8984375,140021824,59536764,20922.462890625,85868.0703125,202160.78125,672023.0,4301.18359375,2751521.25,1107656.25,62741.00390625,485368.3125,21058.90234375,822325.0,692.34765625,424180.125,441176.78125,235897.0,926199.0,69484.5859375,77152.84375,17182.921875,4136.96484375,274291.125,14880.17578125,142588.625,31204.884765625,401687.46875,1096888.875,58438.4375,7248.5341796875,122071.8515625,13538.9873046875,599947.625,51683,33.80952835083008,35.66300582885742,0,0,0,0,0,0,0,0,0,0,0,1,0,0,0,0,0,0,0,False,UNKNOWN,0,0,0,0,194640499,24484,0,38.190059661865234,13,,,"{'Type': 'start', 'Data_Type': 'Synthetical', 'Protocol_name': 'ABGv5-0ppb-6RH-75ccm-Anthony-Q425', 'Trial_Details': {'RH': 0, 'group': 35, 'detail': 'N/A', 'trialnum': 16, 'TrialName': '6rh', 'identifier': 'ckUf6', 'Concentration': 0}, 'Experiment_Rig': 'DA3'}",,2026-01-18 23:49:05.118,"{'cid': 'c04d07ee-94c6-44df-ad3c-f46614593299', 'uuid': '69f71364-92bd-4c57-8ce2-98cc5f66d828', 'annotationId': 'bed29bbe-8d3a-4751-96da-ec41fc138f11', 'name': 'FeNOMeasurement', 'description': 'FeNOMeasurement', 'labels': 'FeNOMeasurement', 'metadata': {'Length': 30, 'Progress': 39, 'startTime': 1768780141606, 'Notification': 'Event FeNOMeasurement Started.'}, 'createdAt': '2026-01-18T23:49:01.850Z', 'createdBy': '5c7b5d9f-c171-4004-a182-4277ffd4c9eb'}",29.84,20.21,1600.0,1600.92,21470060.0,1100.0,1100.41,24020116.0,0.0,573751.13,14.58,32.58,1009.75,1400.0,1400.44,22450138.0,0.0,0.15,22040109.0,2900.0,2898.51,22340093.0
0000000027-4125-asu-nz,0000000018-3024-oms-nz,FeNOMeasurement,bed29bbe-8d3a-4751-96da-ec41fc138f11,8431e6bd-5d3e-4c11-b2cc-504dddc0c609,1265.9541015625,481373.5625,198389.6875,8104.45166015625,7116.6748046875,25918.58203125,182924.140625,176371.5,233777.1875,68954.9921875,124304.875,18610.40625,274546.1875,5753.6162109375,18999.45703125,36918.97265625,254298.59375,51932.22265625,188604.359375,19466.689453125,6892.6767578125,13166.2783203125,25920.599609375,45530.14453125,2879706.5,358561.03125,1387297.0,3518500.75,11224061,5536.48583984375,68713.40625,138703200,59375252,20922.44140625,85899.9765625,202203.65625,672305.9375,4300.41259765625,2753414.5,1110550.875,62730.1328125,485151.25,21057.951171875,822237.75,691.9948120117188,423993.96875,441067.875,235856.203125,926439.375,69481.8046875,77130.421875,17186.6484375,4133.6259765625,272479.625,14868.8837890625,142468.53125,31209.900390625,401603.65625,1098022.0,58440.3046875,7248.8154296875,122078.46875,13528.62109375,599936.8125,51984,33.890113830566406,35.582420349121094,0,0,0,0,0,0,0,0,0,0,0,1,0,0,0,0,0,0,0,False,UNKNOWN,0,0,0,0,194640499,24484,0,38.190059661865234,13,,,"{'Type': 'start', 'Data_Type': 'Synthetical', 'Protocol_name': 'ABGv5-0ppb-6RH-75ccm-Anthony-Q425', 'Trial_Details': {'RH': 0, 'group': 35, 'detail': 'N/A', 'trialnum': 16, 'TrialName': '6rh', 'identifier': 'ckUf6', 'Concentration': 0}, 'Experiment_Rig': 'DA3'}",,2026-01-18 23:49:05.419,"{'cid': 'c04d07ee-94c6-44df-ad3c-f46614593299', 'uuid': '69f71364-92bd-4c57-8ce2-98cc5f66d828', 'annotationId': 'bed29bbe-8d3a-4751-96da-ec41fc138f11', 'name': 'FeNOMeasurement', 'description': 'FeNOMeasurement', 'labels': 'FeNOMeasurement', 'metadata': {'Length': 30, 'Progress': 39, 'startTime': 1768780141606, 'Notification': 'Event FeNOMeasurement Started.'}, 'createdAt': '2026-01-18T23:49:01.850Z', 'createdBy': '5c7b5d9f-c171-4004-a182-4277ffd4c9eb'}",29.84,20.2,1600.0,1600.7,21470060.0,1100.0,1099.98,24020116.0,0.0,574252.52,14.57,32.58,1009.73,1400.0,1399.67,22450138.0,0.0,0.1,22040109.0,2900.0,2897.53,22340093.0
0000000027-4125-asu-nz,0000000018-3024-oms-nz,FeNOMeasurement,bed29bbe-8d3a-4751-96da-ec41fc138f11,8431e6bd-5d3e-4c11-b2cc-504dddc0c609,1264.211181640625,481140.46875,198342.75,8103.953125,7117.033203125,25916.4296875,182958.921875,176314.46875,234087.140625,68906.8125,124301.21875,18611.005859375,273377.90625,5761.85595703125,19001.015625,36915.66015625,254293.796875,51923.21484375,188994.28125,19454.779296875,6892.25537109375,13161.8056640625,25917.634765625,45531.90625,2877307.0,358441.03125,1386304.75,3516241.25,11206534,5536.9140625,66983.4375,137223120,59407052,20918.203125,85892.109375,202239.9375,672525.0625,4300.2919921875,2756095.5,1111084.125,62712.41796875,485043.625,21059.666015625,821576.9375,691.4300537109375,423920.96875,440916.53125,235836.890625,926807.6875,69483.9921875,77128.296875,17185.060546875,4128.14208984375,273677.5625,14878.044921875,142679.234375,31208.6640625,401555.78125,1098783.75,58451.93359375,7248.173828125,122081.71875,13539.876953125,601304.875,52285,33.970699310302734,35.743595123291016,0,0,0,0,0,0,0,0,0,0,0,1,0,0,0,0,0,0,0,False,UNKNOWN,0,0,0,0,194640499,24484,0,38.190059661865234,13,,,"{'Type': 'start', 'Data_Type': 'Synthetical', 'Protocol_name': 'ABGv5-0ppb-6RH-75ccm-Anthony-Q425', 'Trial_Details': {'RH': 0, 'group': 35, 'detail': 'N/A', 'trialnum': 16, 'TrialName': '6rh', 'identifier': 'ckUf6', 'Concentration': 0}, 'Experiment_Rig': 'DA3'}",,2026-01-18 23:49:05.721,"{'cid': 'c04d07ee-94c6-44df-ad3c-f46614593299', 'uuid': '69f71364-92bd-4c57-8ce2-98cc5f66d828', 'annotationId': 'bed29bbe-8d3a-4751-96da-ec41fc138f11', 'name': 'FeNOMeasurement', 'description': 'FeNOMeasurement', 'labels': 'FeNOMeasurement', 'metadata': {'Length': 30, 'Progress': 39, 'startTime': 1768780141606, 'Notification': 'Event FeNOMeasurement Started.'}, 'createdAt': '2026-01-18T23:49:01.850Z', 'createdBy': '5c7b5d9f-c171-4004-a182-4277ffd4c9eb'}",29.83,20.19,1600.0,1600.49,21470060.0,1100.0,1099.55,24020116.0,0.0,573889.17,14.56,32.58,1009.73,1400.0,1398.91,22450138.0,0.0,0.05,22040109.0,2900.0,2896.55,22340093.0
0000000027-4125-asu-nz,0000000018-3024-oms-nz,FeNOMeasurement,bed29bbe-8d3a-4751-96da-ec41fc138f11,8431e6bd-5d3e-4c11-b2cc-504dddc0c609,1263.4959716796875,481034.125,198348.109375,8103.59521484375,7116.7578125,25912.9765625,182877.28125,176266.984375,233946.515625,69003.78125,124291.265625,18610.44921875,273602.5,5757.0625,18997.982421875,36908.6015625,254570.296875,51924.25390625,189129.375,19459.263671875,6893.267578125,13170.2587890625,25918.28125,45531.953125,2875251.25,358055.46875,1387581.0,3514118.75,11188378,5536.373046875,67337.96875,135763248,59561916,20920.708984375,85918.515625,202262.78125,672739.5625,4301.00537109375,2758865.75,1113248.0,62702.30859375,484455.625,21050.939453125,821747.8125,692.1865234375,423599.28125,440628.96875,235759.65625,926927.9375,69442.4375,77158.9765625,17181.59765625,4133.267578125,274296.65625,14878.7080078125,141983.328125,31206.380859375,401525.3125,1099414.75,58437.79296875,7248.169921875,122201.96875,13539.5546875,602334.125,52586,33.970699310302734,35.66300582885742,0,0,0,0,0,0,0,0,0,0,0,1,0,0,0,0,0,0,0,False,UNKNOWN,0,0,0,0,194640499,24484,0,38.190059661865234,13,,,"{'Type': 'start', 'Data_Type': 'Synthetical', 'Protocol_name': 'ABGv5-0ppb-6RH-75ccm-Anthony-Q425', 'Trial_Details': {'RH': 0, 'group': 35, 'detail': 'N/A', 'trialnum': 16, 'TrialName': '6rh', 'identifier': 'ckUf6', 'Concentration': 0}, 'Experiment_Rig': 'DA3'}",,2026-01-18 23:49:06.022,"{'cid': 'c04d07ee-94c6-44df-ad3c-f46614593299', 'uuid': '69f71364-92bd-4c57-8ce2-98cc5f66d828', 'annotationId': 'bed29bbe-8d3a-4751-96da-ec41fc138f11', 'name': 'FeNOMeasurement', 'description': 'FeNOMeasurement', 'labels': 'FeNOMeasurement', 'metadata': {'Length': 30, 'Progress': 39, 'startTime': 1768780141606, 'Notification': 'Event FeNOMeasurement Started.'}, 'createdAt': '2026-01-18T23:49:01.850Z', 'createdBy': '5c7b5d9f-c171-4004-a182-4277ffd4c9eb'}",29.83,20.21,1600.0,1600.37,21470060.0,1100.0,1099.44,24020116.0,0.0,572847.45,14.55,32.58,1009.74,1400.0,1398.51,22450138.0,0.0,0.03,22040109.0,2900.0,2896.67,22340093.0
0000000027-4125-asu-nz,0000000018-3024-oms-nz,FeNOMeasurement,bed29bbe-8d3a-4751-96da-ec41fc138f11,8431e6bd-5d3e-4c11-b2cc-504dddc0c609,1265.1116943359375,481022.3125,198308.796875,8104.32958984375,7116.884765625,25912.595703125,182879.78125,176257.9375,234019.5,68966.546875,124296.8203125,18608.435546875,275178.84375,5752.1533203125,18994.6328125,36913.45703125,254729.40625,51941.984375,189610.75,19450.6796875,6893.0615234375,13165.083984375,25921.634765625,45537.3984375,2874721.0,360701.59375,1388164.125,3512388.5,11174947,5536.4638671875,67309.1796875,134734272,59898368,20917.697265625,85867.4765625,202245.671875,672954.5625,4300.50634765625,2759699.25,1114276.625,62694.6640625,484679.03125,21052.193359375,820584.9375,692.2825317382812,423499.4375,440407.0,235726.21875,926114.25,69465.6875,77123.7578125,17179.78515625,4128.6708984375,274260.75,14866.6826171875,142442.78125,31204.865234375,401425.375,1099622.125,58440.14453125,7248.3740234375,122132.578125,13529.1064453125,602872.5625,52887,33.890113830566406,35.743595123291016,0,0,0,0,0,0,0,0,0,0,0,1,0,0,0,0,0,0,0,False,UNKNOWN,0,0,0,0,194640499,24484,0,38.190059661865234,13,,,"{'Type': 'start', 'Data_Type': 'Synthetical', 'Protocol_name': 'ABGv5-0ppb-6RH-75ccm-Anthony-Q425', 'Trial_Details': {'RH': 0, 'group': 35, 'detail': 'N/A', 'trialnum': 16, 'TrialName': '6rh', 'identifier': 'ckUf6', 'Concentration': 0}, 'Experiment_Rig': 'DA3'}",,2026-01-18 23:49:06.323,"{'cid': 'c04d07ee-94c6-44df-ad3c-f46614593299', 'uuid': '69f71364-92bd-4c57-8ce2-98cc5f66d828', 'annotationId': 'bed29bbe-8d3a-4751-96da-ec41fc138f11', 'name': 'FeNOMeasurement', 'description': 'FeNOMeasurement', 'labels': 'FeNOMeasurement', 'metadata': {'Length': 30, 'Progress': 39, 'startTime': 1768780141606, 'Notification': 'Event FeNOMeasurement Started.'}, 'createdAt': '2026-01-18T23:49:01.850Z', 'createdBy': '5c7b5d9f-c171-4004-a182-4277ffd4c9eb'}",29.84,20.23,1600.0,1600.32,21470060.0,1100.0,1099.58,24020116.0,0.0,571805.73,14.54,32.59,1009.75,1400.0,1398.41,22450138.0,0.0,0.05,22040109.0,2900.0,2897.82,22340093.0
0000000027-4125-asu-nz,0000000018-3024-oms-nz,FeNOMeasurement,bed29bbe-8d3a-4751-96da-ec41fc138f11,8431e6bd-5d3e-4c11-b2cc-504dddc0c609,1263.0703125,480813.375,198271.375,8103.783203125,7117.11865234375,25912.771484375,182841.390625,176235.21875,234214.421875,68927.265625,124305.65625,18609.638671875,275136.21875,5790.2412109375,18995.162109375,36913.9453125,254717.640625,51930.5234375,189275.09375,19455.38671875,6893.001953125,13178.19921875,25921.552734375,45536.1953125,2874993.0,361767.96875,1386900.125,3512307.75,11167859,5535.9599609375,67899.15625,134198552,60331168,20915.443359375,85851.6953125,202232.90625,673036.625,4301.31396484375,2761814.0,1116602.125,62691.75,484712.5,21052.611328125,819713.5625,692.6325073242188,423499.4375,440112.875,235678.21875,925111.375,69471.3515625,77122.4296875,17183.48828125,4129.5009765625,274244.34375,14864.1796875,142560.9375,31201.833984375,401282.46875,1099546.375,58436.359375,7249.00244140625,122209.46875,13528.7626953125,602907.875,53188,33.970699310302734,35.582420349121094,0,0,0,0,0,0,0,0,0,0,0,1,0,0,0,0,0,0,0,False,UNKNOWN,0,0,0,0,194640499,24484,0,38.190059661865234,13,,,"{'Type': 'start', 'Data_Type': 'Synthetical', 'Protocol_name': 'ABGv5-0ppb-6RH-75ccm-Anthony-Q425', 'Trial_Details': {'RH': 0, 'group': 35, 'detail': 'N/A', 'trialnum': 16, 'TrialName': '6rh', 'identifier': 'ckUf6', 'Concentration': 0}, 'Experiment_Rig': 'DA3'}",,2026-01-18 23:49:06.624,"{'cid': 'c04d07ee-94c6-44df-ad3c-f46614593299', 'uuid': '69f71364-92bd-4c57-8ce2-98cc5f66d828', 'annotationId': 'bed29bbe-8d3a-4751-96da-ec41fc138f11', 'name': 'FeNOMeasurement', 'description': 'FeNOMeasurement', 'labels': 'FeNOMeasurement', 'metadata': {'Length': 30, 'Progress': 39, 'startTime': 1768780141606, 'Notification': 'Event FeNOMeasurement Started.'}, 'createdAt': '2026-01-18T23:49:01.850Z', 'createdBy': '5c7b5d9f-c171-4004-a182-4277ffd4c9eb'}",29.84,20.26,1600.0,1600.28,21470060.0,1100.0,1099.73,24020116.0,0.0,570764.01,14.53,32.59,1009.76,1400.0,1398.32,22450138.0,0.0,0.06,22040109.0,2900.0,2898.96,22340093.0
0000000027-4125-asu-nz,0000000018-3024-oms-nz,FeNOMeasurement,bed29bbe-8d3a-4751-96da-ec41fc138f11,8431e6bd-5d3e-4c11-b2cc-504dddc0c609,1263.901611328125,481218.5625,198357.96875,8104.02197265625,7117.06201171875,25915.7421875,182935.171875,176277.140625,234299.6875,68943.9765625,124336.875,18608.388671875,274960.6875,5793.7099609375,18993.84765625,36931.69140625,254913.328125,51921.0,190410.40625,19453.9609375,6893.10693359375,13164.65625,25921.677734375,45539.671875,2879088.25,364288.625,1390933.75,3515331.25,11185333,5536.08642578125,67941.8671875,135743440,61276840,20919.03125,85876.859375,202238.78125,672820.5625,4300.68603515625,2762091.5,1116027.875,62688.63671875,484120.5625,21055.5,819611.9375,692.4968872070312,423582.0625,440449.75,235672.0625,923878.25,69452.296875,77122.9765625,17181.15234375,4140.21435546875,274317.75,14835.625,142147.875,31198.150390625,401149.125,1098414.625,58433.15625,7248.654296875,122217.265625,13536.5693359375,601732.5,53491,33.970699310302734,35.66300582885742,0,0,0,0,0,0,0,0,0,0,0,1,0,0,0,0,0,0,0,False,UNKNOWN,0,0,0,0,194640499,24484,0,38.190059661865234,13,,,"{'Type': 'start', 'Data_Type': 'Synthetical', 'Protocol_name': 'ABGv5-0ppb-6RH-75ccm-Anthony-Q425', 'Trial_Details': {'RH': 0, 'group': 35, 'detail': 'N/A', 'trialnum': 16, 'TrialName': '6rh', 'identifier': 'ckUf6', 'Concentration': 0}, 'Experiment_Rig': 'DA3'}",,2026-01-18 23:49:06.927,"{'cid': 'c04d07ee-94c6-44df-ad3c-f46614593299', 'uuid': '69f71364-92bd-4c57-8ce2-98cc5f66d828', 'annotationId': 'bed29bbe-8d3a-4751-96da-ec41fc138f11', 'name': 'FeNOMeasurement', 'description': 'FeNOMeasurement', 'labels': 'FeNOMeasurement', 'metadata': {'Length': 30, 'Progress': 39, 'startTime': 1768780141606, 'Notification': 'Event FeNOMeasurement Started.'}, 'createdAt': '2026-01-18T23:49:01.850Z', 'createdBy': '5c7b5d9f-c171-4004-a182-4277ffd4c9eb'}",29.84,20.27,1600.0,1600.22,21470060.0,1100.0,1099.8,24020116.0,0.0,571177.74,14.52,32.59,1009.77,1400.0,1398.33,22450138.0,0.0,0.07,22040109.0,2900.0,2900.16,22340093.0
0000000027-4125-asu-nz,0000000018-3024-oms-nz,FeNOMeasurement,bed29bbe-8d3a-4751-96da-ec41fc138f11,8431e6bd-5d3e-4c11-b2cc-504dddc0c609,1264.3468017578125,481260.21875,198354.703125,8104.19873046875,7117.0556640625,25914.818359375,182929.46875,176245.625,233994.484375,68970.0078125,124338.09375,18609.197265625,273796.15625,5783.0107421875,19000.54296875,36921.390625,254320.171875,51910.625,189676.125,19459.693359375,6893.4033203125,13161.3125,25922.056640625,45544.17578125,2882645.25,363696.46875,1393221.75,3518486.5,11192335,5535.73291015625,68235.21875,136311600,61680688,20917.296875,85857.203125,202258.0625,672954.4375,4300.11279296875,2764865.5,1115927.875,62688.625,484252.84375,21057.396484375,819604.1875,691.9454956054688,423458.5625,440712.875,235664.625,922692.3125,69442.2578125,77088.203125,17176.78125,4134.0615234375,274222.21875,14844.6728515625,141356.734375,31192.43359375,401167.09375,1097647.25,58428.375,7247.81884765625,122206.6875,13535.1005859375,602587.3125,53790,33.80952835083008,35.582420349121094,0,0,0,0,0,0,0,0,0,0,0,1,0,0,0,0,0,0,0,False,UNKNOWN,0,0,0,0,194640499,24484,0,38.190059661865234,13,,,"{'Type': 'start', 'Data_Type': 'Synthetical', 'Protocol_name': 'ABGv5-0ppb-6RH-75ccm-Anthony-Q425', 'Trial_Details': {'RH': 0, 'group': 35, 'detail': 'N/A', 'trialnum': 16, 'TrialName': '6rh', 'identifier': 'ckUf6', 'Concentration': 0}, 'Experiment_Rig': 'DA3'}",,2026-01-18 23:49:07.229,"{'cid': 'c04d07ee-94c6-44df-ad3c-f46614593299', 'uuid': '69f71364-92bd-4c57-8ce2-98cc5f66d828', 'annotationId': 'bed29bbe-8d3a-4751-96da-ec41fc138f11', 'name': 'FeNOMeasurement', 'description': 'FeNOMeasurement', 'labels': 'FeNOMeasurement', 'metadata': {'Length': 30, 'Progress': 39, 'startTime': 1768780141606, 'Notification': 'Event FeNOMeasurement Started.'}, 'createdAt': '2026-01-18T23:49:01.850Z', 'createdBy': '5c7b5d9f-c171-4004-a182-4277ffd4c9eb'}",29.84,20.28,1600.0,1600.12,21470060.0,1100.0,1099.64,24020116.0,0.0,571799.11,14.52,32.59,1009.79,1400.0,1398.76,22450138.0,0.0,0.05,22040109.0,2900.0,2901.52,22340093.0
0000000027-4125-asu-nz,0000000018-3024-oms-nz,FeNOMeasurement,bed29bbe-8d3a-4751-96da-ec41fc138f11,8431e6bd-5d3e-4c11-b2cc-504dddc0c609,1265.21240234375,481374.5,198385.703125,8103.98291015625,7116.84765625,25915.744140625,182914.0,176298.6875,234043.546875,68935.6640625,124344.7890625,18608.572265625,273631.25,5785.0087890625,18997.900390625,36927.58203125,254779.890625,51921.05859375,189857.203125,19468.27734375,6892.89013671875,13189.25,25919.341796875,45542.8828125,2885966.5,361480.40625,1392591.375,3520760.25,11202494,5535.8994140625,69263.8671875,137182096,61979700,20915.634765625,85811.3203125,202233.703125,672835.5625,4302.15380859375,2766806.25,1114580.75,62687.1640625,484164.96875,21056.537109375,819788.8125,692.812744140625,423491.5625,440778.03125,235661.53125,922126.875,69434.1875,77068.5390625,17179.08984375,4145.76953125,273790.0,14858.16015625,140450.421875,31185.404296875,401309.0625,1096854.875,58427.609375,7247.62060546875,122386.9453125,13538.1953125,602829.0625,54091,34.05128479003906,35.743595123291016,0,0,0,0,0,0,0,0,0,0,0,1,0,0,0,0,0,0,0,False,UNKNOWN,0,0,0,0,194640499,24484,0,38.190059661865234,13,,,"{'Type': 'start', 'Data_Type': 'Synthetical', 'Protocol_name': 'ABGv5-0ppb-6RH-75ccm-Anthony-Q425', 'Trial_Details': {'RH': 0, 'group': 35, 'detail': 'N/A', 'trialnum': 16, 'TrialName': '6rh', 'identifier': 'ckUf6', 'Concentration': 0}, 'Experiment_Rig': 'DA3'}",,2026-01-18 23:49:07.529,"{'cid': 'c04d07ee-94c6-44df-ad3c-f46614593299', 'uuid': '69f71364-92bd-4c57-8ce2-98cc5f66d828', 'annotationId': 'bed29bbe-8d3a-4751-96da-ec41fc138f11', 'name': 'FeNOMeasurement', 'description': 'FeNOMeasurement', 'labels': 'FeNOMeasurement', 'metadata': {'Length': 30, 'Progress': 39, 'startTime': 1768780141606, 'Notification': 'Event FeNOMeasurement Started.'}, 'createdAt': '2026-01-18T23:49:01.850Z', 'createdBy': '5c7b5d9f-c171-4004-a182-4277ffd4c9eb'}",29.84,20.29,1600.0,1600.03,21470060.0,1100.0,1099.47,24020116.0,0.0,572416.36,14.51,32.59,1009.8,1400.0,1399.19,22450138.0,0.0,0.04,22040109.0,2900.0,2902.88,22340093.0
0000000027-4125-asu-nz,0000000018-3024-oms-nz,FeNOMeasurement,bed29bbe-8d3a-4751-96da-ec41fc138f11,8431e6bd-5d3e-4c11-b2cc-504dddc0c609,1264.61376953125,481649.15625,198404.34375,8103.89697265625,7117.4951171875,25919.58984375,182970.65625,176320.921875,234111.828125,68944.3359375,124361.71875,18611.005859375,272690.75,5776.48681640625,18999.140625,36930.90234375,255157.296875,51935.91796875,190589.921875,19458.3671875,6893.619140625,13163.6396484375,25917.828125,45545.84375,2889779.25,359392.65625,1390744.0,3522135.5,11219258,5535.46533203125,68595.609375,138542688,62117888,20912.185546875,85863.640625,202196.6875,672478.625,4301.37841796875,2764495.5,1111389.25,62699.12109375,484413.375,21054.380859375,820688.125,691.8815307617188,423526.46875,440656.75,235736.421875,921616.1875,69436.140625,77122.0234375,17176.953125,4134.716796875,273808.8125,14879.6328125,140870.265625,31186.56640625,400966.3125,1095954.875,58427.296875,7247.85888671875,122120.765625,13532.294921875,602829.0,54392,33.80952835083008,35.582420349121094,0,0,0,0,0,0,0,0,0,0,0,1,0,0,0,0,0,0,0,False,UNKNOWN,0,0,0,0,194640499,24484,0,38.190059661865234,13,,,"{'Type': 'start', 'Data_Type': 'Synthetical', 'Protocol_name': 'ABGv5-0ppb-6RH-75ccm-Anthony-Q425', 'Trial_Details': {'RH': 0, 'group': 35, 'detail': 'N/A', 'trialnum': 16, 'TrialName': '6rh', 'identifier': 'ckUf6', 'Concentration': 0}, 'Experiment_Rig': 'DA3'}",,2026-01-18 23:49:07.829,"{'cid': 'c04d07ee-94c6-44df-ad3c-f46614593299', 'uuid': '69f71364-92bd-4c57-8ce2-98cc5f66d828', 'annotationId': 'bed29bbe-8d3a-4751-96da-ec41fc138f11', 'name': 'FeNOMeasurement', 'description': 'FeNOMeasurement', 'labels': 'FeNOMeasurement', 'metadata': {'Length': 30, 'Progress': 39, 'startTime': 1768780141606, 'Notification': 'Event FeNOMeasurement Started.'}, 'createdAt': '2026-01-18T23:49:01.850Z', 'createdBy': '5c7b5d9f-c171-4004-a182-4277ffd4c9eb'}",29.84,20.3,1600.0,1599.93,21470060.0,1100.0,1099.3,24020116.0,0.0,573031.18,14.5,32.59,1009.82,1400.0,1399.61,22450138.0,0.0,0.02,22040109.0,2900.0,2904.24,22340093.0
0000000027-4125-asu-nz,0000000018-3024-oms-nz,FeNOMeasurement,bed29bbe-8d3a-4751-96da-ec41fc138f11,8431e6bd-5d3e-4c11-b2cc-504dddc0c609,1264.4892578125,481566.53125,198454.015625,8104.03466796875,7117.58447265625,25921.5,182930.171875,176333.21875,234225.890625,68952.765625,124350.859375,18609.548828125,272874.15625,5755.8388671875,18998.37109375,36923.48828125,255305.03125,51930.546875,190013.390625,19458.5546875,6893.3134765625,13169.9736328125,25918.11328125,45540.6796875,2893438.25,358643.96875,1391160.25,3524503.75,11235721,5535.2490234375,68038.125,139940960,62021896,20914.607421875,85835.984375,202203.578125,672300.4375,4302.22314453125,2755536.5,1108239.125,62706.89453125,484563.8125,21056.65234375,821164.0,692.5467529296875,423979.0,440477.5,235765.125,921081.0,69432.0390625,77095.21875,17174.630859375,4145.22216796875,273723.6875,14857.0361328125,140757.3125,31183.63671875,400795.375,1094874.0,58421.68359375,7247.69873046875,122020.6953125,13532.056640625,601230.8125,54693,33.80952835083008,35.582420349121094,0,0,0,0,0,0,0,0,0,0,0,1,0,0,0,0,0,0,0,False,UNKNOWN,0,0,0,0,194640499,24484,0,38.190059661865234,13,,,"{'Type': 'start', 'Data_Type': 'Synthetical', 'Protocol_name': 'ABGv5-0ppb-6RH-75ccm-Anthony-Q425', 'Trial_Details': {'RH': 0, 'group': 35, 'detail': 'N/A', 'trialnum': 16, 'TrialName': '6rh', 'identifier': 'ckUf6', 'Concentration': 0}, 'Experiment_Rig': 'DA3'}",,2026-01-18 23:49:08.129,"{'cid': 'c04d07ee-94c6-44df-ad3c-f46614593299', 'uuid': '69f71364-92bd-4c57-8ce2-98cc5f66d828', 'annotationId': 'bed29bbe-8d3a-4751-96da-ec41fc138f11', 'name': 'FeNOMeasurement', 'description': 'FeNOMeasurement', 'labels': 'FeNOMeasurement', 'metadata': {'Length': 30, 'Progress': 39, 'startTime': 1768780141606, 'Notification': 'Event FeNOMeasurement Started.'}, 'createdAt': '2026-01-18T23:49:01.850Z', 'createdBy': '5c7b5d9f-c171-4004-a182-4277ffd4c9eb'}",29.84,20.31,1600.0,1600.09,21470060.0,1100.0,1099.26,24020116.0,0.0,573405.63,14.49,32.59,1009.81,1400.0,1399.98,22450138.0,0.0,0.01,22040109.0,2900.0,2903.11,22340093.0
0000000027-4125-asu-nz,0000000018-3024-oms-nz,FeNOMeasurement,bed29bbe-8d3a-4751-96da-ec41fc138f11,8431e6bd-5d3e-4c11-b2cc-504dddc0c609,1264.1231689453125,482337.03125,198484.4375,8104.00390625,7117.34521484375,25921.08203125,183005.3125,176360.3125,234215.96875,68911.96875,124347.3203125,18610.048828125,274242.03125,5778.0986328125,18997.0859375,36927.64453125,255192.15625,51927.74609375,190039.640625,19446.603515625,6892.802734375,13167.330078125,25916.72265625,45531.32421875,2897419.75,359456.71875,1389314.125,3526428.75,11251030,5535.47802734375,66778.1875,141244800,61783756,20911.0,85846.671875,202206.796875,672147.625,4301.8935546875,2750110.75,1109443.125,62719.0546875,485073.1875,21057.583984375,821826.0,692.73583984375,423855.25,440356.53125,235802.359375,921254.6875,69427.2265625,77104.2109375,17179.82421875,4138.26513671875,274059.1875,14912.40625,140651.921875,31184.05078125,400915.90625,1094331.0,58417.3515625,7247.9111328125,122042.390625,13537.419921875,600893.5625,54994,33.80952835083008,35.66300582885742,0,0,0,0,0,0,0,0,0,0,0,1,0,0,0,0,0,0,0,False,UNKNOWN,0,0,0,0,194640499,24484,0,38.190059661865234,13,,,"{'Type': 'start', 'Data_Type': 'Synthetical', 'Protocol_name': 'ABGv5-0ppb-6RH-75ccm-Anthony-Q425', 'Trial_Details': {'RH': 0, 'group': 35, 'detail': 'N/A', 'trialnum': 16, 'TrialName': '6rh', 'identifier': 'ckUf6', 'Concentration': 0}, 'Experiment_Rig': 'DA3'}",,2026-01-18 23:49:08.430,"{'cid': 'c04d07ee-94c6-44df-ad3c-f46614593299', 'uuid': '69f71364-92bd-4c57-8ce2-98cc5f66d828', 'annotationId': 'bed29bbe-8d3a-4751-96da-ec41fc138f11', 'name': 'FeNOMeasurement', 'description': 'FeNOMeasurement', 'labels': 'FeNOMeasurement', 'metadata': {'Length': 30, 'Progress': 39, 'startTime': 1768780141606, 'Notification': 'Event FeNOMeasurement Started.'}, 'createdAt': '2026-01-18T23:49:01.850Z', 'createdBy': '5c7b5d9f-c171-4004-a182-4277ffd4c9eb'}",29.85,20.33,1600.0,1600.28,21470060.0,1100.0,1099.24,24020116.0,0.0,573781.33,14.48,32.58,1009.79,1400.0,1400.34,22450138.0,0.0,0.01,22040109.0,2900.0,2901.44,22340093.0
0000000027-4125-asu-nz,0000000018-3024-oms-nz,FeNOMeasurement,bed29bbe-8d3a-4751-96da-ec41fc138f11,8431e6bd-5d3e-4c11-b2cc-504dddc0c609,1264.69970703125,482029.25,198485.34375,8104.2373046875,7117.41650390625,25922.95703125,183037.28125,176380.890625,234082.40625,68941.9296875,124358.4765625,18608.953125,274819.125,5796.84326171875,18997.181640625,36924.09375,255594.328125,51917.09375,189876.71875,19443.1953125,6892.97314453125,13167.009765625,25910.833984375,45525.37109375,2900861.75,359561.875,1387803.5,3527912.0,11261160,5536.486328125,68124.796875,142258992,61386280,20911.123046875,85863.3984375,202186.6875,672012.875,4300.80078125,2745798.25,1112548.375,62729.84765625,484934.9375,21057.078125,821857.125,693.0868530273438,424036.15625,440936.09375,235857.171875,921942.25,69439.796875,77106.90625,17179.73046875,4138.70947265625,273917.3125,14879.279296875,140907.078125,31176.173828125,401266.0,1094411.625,58414.19140625,7247.99169921875,122146.234375,13531.154296875,600147.75,55295,33.890113830566406,35.66300582885742,0,0,0,0,0,0,0,0,0,0,0,1,0,0,0,0,0,0,0,False,UNKNOWN,0,0,0,0,194640499,24484,0,38.190059661865234,13,,,"{'Type': 'start', 'Data_Type': 'Synthetical', 'Protocol_name': 'ABGv5-0ppb-6RH-75ccm-Anthony-Q425', 'Trial_Details': {'RH': 0, 'group': 35, 'detail': 'N/A', 'trialnum': 16, 'TrialName': '6rh', 'identifier': 'ckUf6', 'Concentration': 0}, 'Experiment_Rig': 'DA3'}",,2026-01-18 23:49:08.732,"{'cid': 'c04d07ee-94c6-44df-ad3c-f46614593299', 'uuid': '69f71364-92bd-4c57-8ce2-98cc5f66d828', 'annotationId': 'bed29bbe-8d3a-4751-96da-ec41fc138f11', 'name': 'FeNOMeasurement', 'description': 'FeNOMeasurement', 'labels': 'FeNOMeasurement', 'metadata': {'Length': 30, 'Progress': 39, 'startTime': 1768780141606, 'Notification': 'Event FeNOMeasurement Started.'}, 'createdAt': '2026-01-18T23:49:01.850Z', 'createdBy': '5c7b5d9f-c171-4004-a182-4277ffd4c9eb'}",29.85,20.34,1600.0,1600.47,21470060.0,1100.0,1099.21,24020116.0,0.0,574158.27,14.48,32.58,1009.78,1400.0,1400.7,22450138.0,0.0,0.0,22040109.0,2900.0,2899.77,22340093.0
0000000027-4125-asu-nz,0000000018-3024-oms-nz,FeNOMeasurement,bed29bbe-8d3a-4751-96da-ec41fc138f11,8431e6bd-5d3e-4c11-b2cc-504dddc0c609,1265.142822265625,482005.59375,198477.171875,8104.32666015625,7117.5478515625,25922.29296875,182934.0625,176366.296875,234160.421875,68847.203125,124331.59375,18608.833984375,274839.65625,5770.58935546875,18999.345703125,36928.6171875,255137.609375,51890.6640625,189989.09375,19444.58984375,6892.8818359375,13168.6318359375,25909.640625,45520.6875,2899987.0,360093.34375,1389008.5,3528125.25,11263268,5535.40087890625,68521.7890625,142695520,60891076,20916.876953125,85892.5078125,202202.15625,671946.3125,4300.294921875,2739022.0,1109668.375,62732.26171875,485471.6875,21055.1953125,821974.5,692.8946533203125,424049.84375,440892.21875,235846.0,923056.9375,69446.5,77096.0625,17173.90234375,4137.51171875,273841.4375,14856.361328125,140508.546875,31180.375,401127.96875,1094825.5,58421.22265625,7247.77880859375,122080.8828125,13540.9755859375,600481.625,55596,33.970699310302734,35.582420349121094,0,0,0,0,0,0,0,0,0,0,0,1,0,0,0,0,0,0,0,False,UNKNOWN,0,0,0,0,194645515,24484,0,36.96461486816406,13,,,"{'Type': 'start', 'Data_Type': 'Synthetical', 'Protocol_name': 'ABGv5-0ppb-6RH-75ccm-Anthony-Q425', 'Trial_Details': {'RH': 0, 'group': 35, 'detail': 'N/A', 'trialnum': 16, 'TrialName': '6rh', 'identifier': 'ckUf6', 'Concentration': 0}, 'Experiment_Rig': 'DA3'}",,2026-01-18 23:49:09.032,"{'cid': 'c04d07ee-94c6-44df-ad3c-f46614593299', 'uuid': '69f71364-92bd-4c57-8ce2-98cc5f66d828', 'annotationId': 'bed29bbe-8d3a-4751-96da-ec41fc138f11', 'name': 'FeNOMeasurement', 'description': 'FeNOMeasurement', 'labels': 'FeNOMeasurement', 'metadata': {'Length': 30, 'Progress': 39, 'startTime': 1768780141606, 'Notification': 'Event FeNOMeasurement Started.'}, 'createdAt': '2026-01-18T23:49:01.850Z', 'createdBy': '5c7b5d9f-c171-4004-a182-4277ffd4c9eb'}",29.85,20.35,1600.0,1600.22,21470060.0,1100.0,1099.14,24020116.0,0.0,574241.16,14.47,32.58,1009.77,1400.0,1400.64,22450138.0,0.0,0.01,22040109.0,2900.0,2898.82,22340093.0
0000000027-4125-asu-nz,0000000018-3024-oms-nz,FeNOMeasurement,bed29bbe-8d3a-4751-96da-ec41fc138f11,8431e6bd-5d3e-4c11-b2cc-504dddc0c609,1264.6068115234375,481503.15625,198482.96875,8104.236328125,7117.30615234375,25921.115234375,182925.5625,176362.53125,233763.9375,68989.828125,124305.0,18608.515625,273368.0,5763.46923828125,18997.357421875,36925.609375,255062.5625,51900.671875,190175.765625,19435.78125,6892.49951171875,13168.4443359375,25908.693359375,45518.62890625,2895273.25,358781.59375,1390417.75,3526424.75,11259701,5535.8544921875,68715.3359375,142578016,60389212,20912.849609375,85906.2890625,202227.1875,671928.25,4300.76025390625,2736050.75,1108718.875,62735.92578125,485239.96875,21052.189453125,821972.9375,693.3280029296875,423861.40625,440734.78125,235830.96875,924428.25,69451.578125,77152.84375,17181.94140625,4133.708984375,274086.28125,14880.1259765625,140730.640625,31180.89453125,401610.21875,1095832.375,58438.515625,7247.6298828125,122135.4140625,13544.6298828125,601319.8125,55897,33.970699310302734,35.66300582885742,0,0,0,0,0,0,0,0,0,0,0,1,0,0,0,0,0,0,0,False,UNKNOWN,0,0,0,0,194645515,24484,0,36.96461486816406,13,,,"{'Type': 'start', 'Data_Type': 'Synthetical', 'Protocol_name': 'ABGv5-0ppb-6RH-75ccm-Anthony-Q425', 'Trial_Details': {'RH': 0, 'group': 35, 'detail': 'N/A', 'trialnum': 16, 'TrialName': '6rh', 'identifier': 'ckUf6', 'Concentration': 0}, 'Experiment_Rig': 'DA3'}",,2026-01-18 23:49:09.333,"{'cid': 'c04d07ee-94c6-44df-ad3c-f46614593299', 'uuid': '69f71364-92bd-4c57-8ce2-98cc5f66d828', 'annotationId': 'bed29bbe-8d3a-4751-96da-ec41fc138f11', 'name': 'FeNOMeasurement', 'description': 'FeNOMeasurement', 'labels': 'FeNOMeasurement', 'metadata': {'Length': 30, 'Progress': 39, 'startTime': 1768780141606, 'Notification': 'Event FeNOMeasurement Started.'}, 'createdAt': '2026-01-18T23:49:01.850Z', 'createdBy': '5c7b5d9f-c171-4004-a182-4277ffd4c9eb'}",29.84,20.36,1600.0,1599.57,21470060.0,1100.0,1099.02,24020116.0,0.0,572749.64,14.46,32.58,1009.77,1400.0,1400.17,22450138.0,0.0,0.03,22040109.0,2900.0,2898.71,22340093.0
0000000027-4125-asu-nz,0000000018-3024-oms-nz,FeNOMeasurement,bed29bbe-8d3a-4751-96da-ec41fc138f11,8431e6bd-5d3e-4c11-b2cc-504dddc0c609,1265.649169921875,481357.0,198461.859375,8103.5244140625,7116.8173828125,25921.490234375,182890.421875,176330.53125,233761.984375,68973.234375,124281.2265625,18609.587890625,273542.65625,5790.45947265625,18995.12109375,36919.71484375,255236.15625,51898.0546875,189926.75,19439.677734375,6893.3056640625,13175.2548828125,25909.275390625,45515.48828125,2889816.25,355696.28125,1391500.25,3523675.25,11248708,5536.22802734375,68912.0390625,141911520,59966840,20917.4921875,85917.046875,202226.015625,671872.625,4302.18017578125,2735526.25,1110163.375,62730.21875,485104.90625,21051.96875,822619.125,693.200927734375,423912.28125,440703.78125,235829.546875,925403.8125,69461.2734375,77157.90625,17174.490234375,4131.830078125,273747.53125,14884.7626953125,141002.921875,31186.27734375,401774.5625,1096930.625,58445.328125,7247.8876953125,122113.7265625,13531.880859375,602170.25,56198,33.890113830566406,35.66300582885742,0,0,0,0,0,0,0,0,0,0,0,1,0,0,0,0,0,0,0,False,UNKNOWN,0,0,0,0,194645515,24484,0,36.96461486816406,13,,,"{'Type': 'start', 'Data_Type': 'Synthetical', 'Protocol_name': 'ABGv5-0ppb-6RH-75ccm-Anthony-Q425', 'Trial_Details': {'RH': 0, 'group': 35, 'detail': 'N/A', 'trialnum': 16, 'TrialName': '6rh', 'identifier': 'ckUf6', 'Concentration': 0}, 'Experiment_Rig': 'DA3'}",,2026-01-18 23:49:09.635,"{'cid': 'c04d07ee-94c6-44df-ad3c-f46614593299', 'uuid': '69f71364-92bd-4c57-8ce2-98cc5f66d828', 'annotationId': 'bed29bbe-8d3a-4751-96da-ec41fc138f11', 'name': 'FeNOMeasurement', 'description': 'FeNOMeasurement', 'labels': 'FeNOMeasurement', 'metadata': {'Length': 30, 'Progress': 39, 'startTime': 1768780141606, 'Notification': 'Event FeNOMeasurement Started.'}, 'createdAt': '2026-01-18T23:49:01.850Z', 'createdBy': '5c7b5d9f-c171-4004-a182-4277ffd4c9eb'}",29.84,20.37,1600.0,1598.92,21470060.0,1100.0,1098.9,24020116.0,0.0,571253.16,14.45,32.59,1009.78,1400.0,1399.69,22450138.0,0.0,0.05,22040109.0,2900.0,2898.59,22340093.0
0000000027-4125-asu-nz,0000000018-3024-oms-nz,FeNOMeasurement,bed29bbe-8d3a-4751-96da-ec41fc138f11,8431e6bd-5d3e-4c11-b2cc-504dddc0c609,1263.8680419921875,481255.15625,198438.734375,8103.52490234375,7116.45361328125,25919.669921875,182862.390625,176306.265625,233539.8125,68955.140625,124268.734375,18609.205078125,272555.65625,5782.80517578125,18994.376953125,36913.6796875,255125.328125,51889.4609375,190514.703125,19436.970703125,6893.27880859375,13185.5634765625,25908.65234375,45518.17578125,2886828.75,356653.75,1390612.625,3521662.75,11231625,5536.95556640625,69008.4140625,140495392,59683972,20912.521484375,85888.4140625,202207.703125,672017.125,4300.025390625,2734587.25,1111668.125,62727.3203125,485057.3125,21049.490234375,822595.1875,693.0552978515625,424035.25,440862.9375,235797.28125,925825.5,69410.6796875,77141.0859375,17175.45703125,4133.6376953125,273880.34375,14886.6103515625,140482.34375,31192.09375,401669.6875,1097740.125,58444.33984375,7248.26806640625,121913.8828125,13537.9990234375,602718.8125,56499,33.970699310302734,35.743595123291016,0,0,0,0,0,0,0,0,0,0,0,1,0,0,0,0,0,0,0,False,UNKNOWN,0,0,0,0,194645515,24484,0,36.96461486816406,13,,,"{'Type': 'start', 'Data_Type': 'Synthetical', 'Protocol_name': 'ABGv5-0ppb-6RH-75ccm-Anthony-Q425', 'Trial_Details': {'RH': 0, 'group': 35, 'detail': 'N/A', 'trialnum': 16, 'TrialName': '6rh', 'identifier': 'ckUf6', 'Concentration': 0}, 'Experiment_Rig': 'DA3'}",,2026-01-18 23:49:09.943,"{'cid': 'c04d07ee-94c6-44df-ad3c-f46614593299', 'uuid': '69f71364-92bd-4c57-8ce2-98cc5f66d828', 'annotationId': 'bed29bbe-8d3a-4751-96da-ec41fc138f11', 'name': 'FeNOMeasurement', 'description': 'FeNOMeasurement', 'labels': 'FeNOMeasurement', 'metadata': {'Length': 30, 'Progress': 39, 'startTime': 1768780141606, 'Notification': 'Event FeNOMeasurement Started.'}, 'createdAt': '2026-01-18T23:49:01.850Z', 'createdBy': '5c7b5d9f-c171-4004-a182-4277ffd4c9eb'}",29.84,20.37,1600.0,1598.55,21470060.0,1100.0,1098.86,24020116.0,0.0,569726.94,14.45,32.59,1009.78,1400.0,1399.32,22450138.0,0.0,0.07,22040109.0,2900.0,2898.52,22340093.0
0000000027-4125-asu-nz,0000000018-3024-oms-nz,FeNOMeasurement,bed29bbe-8d3a-4751-96da-ec41fc138f11,8431e6bd-5d3e-4c11-b2cc-504dddc0c609,1266.4151611328125,481423.75,198413.359375,8104.03564453125,7115.83935546875,25918.46875,182794.328125,176272.15625,233275.078125,68840.4296875,124275.4140625,18608.451171875,273053.625,5805.619140625,18994.86328125,36908.5,255180.9375,51892.76171875,190149.75,19431.96484375,6892.90283203125,13170.2001953125,25910.853515625,45523.9375,2884064.5,360905.78125,1391090.125,3519831.25,11212821,5536.271484375,68097.0625,138946176,59563376,20916.158203125,85856.8046875,202306.578125,672358.9375,4301.42626953125,2736880.25,1111172.5,62717.484375,485154.625,21047.787109375,822380.4375,693.3198852539062,423948.25,440709.6875,235762.546875,926064.0,69409.4921875,77143.0703125,17176.62109375,4143.91259765625,274092.6875,14904.6953125,139974.78125,31193.837890625,401718.125,1098412.875,58436.5234375,7248.26220703125,122011.734375,13533.712890625,602805.5,56800,33.80952835083008,35.582420349121094,0,0,0,0,0,0,0,0,0,0,0,1,0,0,0,0,0,0,0,False,UNKNOWN,0,0,0,0,194645515,24484,0,36.96461486816406,13,,,"{'Type': 'start', 'Data_Type': 'Synthetical', 'Protocol_name': 'ABGv5-0ppb-6RH-75ccm-Anthony-Q425', 'Trial_Details': {'RH': 0, 'group': 35, 'detail': 'N/A', 'trialnum': 16, 'TrialName': '6rh', 'identifier': 'ckUf6', 'Concentration': 0}, 'Experiment_Rig': 'DA3'}",,2026-01-18 23:49:10.238,"{'cid': 'c04d07ee-94c6-44df-ad3c-f46614593299', 'uuid': '69f71364-92bd-4c57-8ce2-98cc5f66d828', 'annotationId': 'bed29bbe-8d3a-4751-96da-ec41fc138f11', 'name': 'FeNOMeasurement', 'description': 'FeNOMeasurement', 'labels': 'FeNOMeasurement', 'metadata': {'Length': 30, 'Progress': 39, 'startTime': 1768780141606, 'Notification': 'Event FeNOMeasurement Started.'}, 'createdAt': '2026-01-18T23:49:01.850Z', 'createdBy': '5c7b5d9f-c171-4004-a182-4277ffd4c9eb'}",29.84,20.36,1600.0,1599.25,21470060.0,1100.0,1099.16,24020116.0,0.0,568891.97,14.44,32.59,1009.78,1400.0,1399.55,22450138.0,0.0,0.05,22040109.0,2900.0,2898.8,22340093.0
0000000027-4125-asu-nz,0000000018-3024-oms-nz,FeNOMeasurement,bed29bbe-8d3a-4751-96da-ec41fc138f11,8431e6bd-5d3e-4c11-b2cc-504dddc0c609,1264.85498046875,480994.9375,198378.390625,8103.22705078125,7116.25927734375,25918.009765625,182862.140625,176247.4375,233235.546875,68922.6640625,124285.6640625,18609.27734375,273247.53125,5781.99365234375,18996.212890625,36916.73828125,255053.203125,51891.296875,190626.0625,19435.41015625,6893.046875,13178.35546875,25910.822265625,45525.4921875,2881776.5,363820.59375,1391071.25,3517994.0,11196270,5535.86962890625,68432.03125,137805696,59649844,20917.880859375,85863.75,202264.40625,672530.6875,4299.56884765625,2738284.5,1113389.625,62715.4296875,484713.0625,21050.265625,821960.0625,693.0261840820312,423672.6875,440392.15625,235705.359375,926132.9375,69407.046875,77130.3828125,17171.486328125,4131.548828125,274278.75,14887.763671875,140409.046875,31193.17578125,401583.25,1099129.375,58443.58203125,7248.888671875,122030.2109375,13531.42578125,602528.5625,57101,33.890113830566406,35.66300582885742,0,0,0,0,0,0,0,0,0,0,0,1,0,0,0,0,0,0,0,False,UNKNOWN,0,0,0,0,194645515,24484,0,36.96461486816406,13,,,"{'Type': 'start', 'Data_Type': 'Synthetical', 'Protocol_name': 'ABGv5-0ppb-6RH-75ccm-Anthony-Q425', 'Trial_Details': {'RH': 0, 'group': 35, 'detail': 'N/A', 'trialnum': 16, 'TrialName': '6rh', 'identifier': 'ckUf6', 'Concentration': 0}, 'Experiment_Rig': 'DA3'}",,2026-01-18 23:49:10.538,"{'cid': 'c04d07ee-94c6-44df-ad3c-f46614593299', 'uuid': '69f71364-92bd-4c57-8ce2-98cc5f66d828', 'annotationId': 'bed29bbe-8d3a-4751-96da-ec41fc138f11', 'name': 'FeNOMeasurement', 'description': 'FeNOMeasurement', 'labels': 'FeNOMeasurement', 'metadata': {'Length': 30, 'Progress': 39, 'startTime': 1768780141606, 'Notification': 'Event FeNOMeasurement Started.'}, 'createdAt': '2026-01-18T23:49:01.850Z', 'createdBy': '5c7b5d9f-c171-4004-a182-4277ffd4c9eb'}",29.84,20.36,1600.0,1599.96,21470060.0,1100.0,1099.47,24020116.0,0.0,569405.91,14.43,32.59,1009.78,1400.0,1399.79,22450138.0,0.0,0.04,22040109.0,2900.0,2899.09,22340093.0
0000000027-4125-asu-nz,0000000018-3024-oms-nz,FeNOMeasurement,bed29bbe-8d3a-4751-96da-ec41fc138f11,8431e6bd-5d3e-4c11-b2cc-504dddc0c609,1264.373779296875,480648.09375,198354.921875,8103.513671875,7116.037109375,25917.302734375,182861.6875,176237.578125,233124.796875,68951.1171875,124270.75,18608.017578125,274593.03125,5769.96142578125,18994.9140625,36921.69921875,254859.28125,51901.42578125,191420.609375,19442.755859375,6893.1123046875,13194.1513671875,25912.822265625,45525.21875,2880825.0,358569.65625,1392416.25,3516329.75,11184498,5536.33740234375,68278.859375,136840560,59839168,20917.44140625,85869.78125,202258.4375,672635.4375,4299.60107421875,2739623.25,1112352.375,62715.6328125,484417.34375,21052.5390625,821811.875,692.7359008789062,423857.21875,440780.03125,235672.109375,925709.3125,69400.859375,77164.6484375,17178.20703125,4130.88330078125,274291.65625,14921.3681640625,140334.015625,31191.3515625,401505.9375,1099168.875,58445.46484375,7247.97021484375,122158.9921875,13532.4169921875,603033.5,57402,33.970699310302734,35.66300582885742,0,0,0,0,0,0,0,0,0,0,0,1,0,0,0,0,0,0,0,False,UNKNOWN,0,0,0,0,194645515,24484,0,36.96461486816406,13,,,"{'Type': 'start', 'Data_Type': 'Synthetical', 'Protocol_name': 'ABGv5-0ppb-6RH-75ccm-Anthony-Q425', 'Trial_Details': {'RH': 0, 'group': 35, 'detail': 'N/A', 'trialnum': 16, 'TrialName': '6rh', 'identifier': 'ckUf6', 'Concentration': 0}, 'Experiment_Rig': 'DA3'}",,2026-01-18 23:49:10.841,"{'cid': 'c04d07ee-94c6-44df-ad3c-f46614593299', 'uuid': '69f71364-92bd-4c57-8ce2-98cc5f66d828', 'annotationId': 'bed29bbe-8d3a-4751-96da-ec41fc138f11', 'name': 'FeNOMeasurement', 'description': 'FeNOMeasurement', 'labels': 'FeNOMeasurement', 'metadata': {'Length': 30, 'Progress': 39, 'startTime': 1768780141606, 'Notification': 'Event FeNOMeasurement Started.'}, 'createdAt': '2026-01-18T23:49:01.850Z', 'createdBy': '5c7b5d9f-c171-4004-a182-4277ffd4c9eb'}",29.84,20.35,1600.0,1600.69,21470060.0,1100.0,1099.78,24020116.0,0.0,569924.98,14.43,32.58,1009.79,1400.0,1400.03,22450138.0,0.0,0.02,22040109.0,2900.0,2899.37,22340093.0
0000000027-4125-asu-nz,0000000018-3024-oms-nz,FeNOMeasurement,bed29bbe-8d3a-4751-96da-ec41fc138f11,8431e6bd-5d3e-4c11-b2cc-504dddc0c609,1264.91064453125,481538.59375,198338.765625,8103.34375,7116.84423828125,25917.408203125,182836.703125,176252.484375,233359.765625,68960.484375,124290.703125,18611.31640625,274503.5625,5785.90966796875,18993.728515625,36924.87890625,254949.828125,51891.0,190197.203125,19439.45703125,6893.345703125,13173.537109375,25913.583984375,45524.58984375,2880831.0,363027.46875,1395597.375,3514954.75,11178386,5536.10107421875,68740.2578125,136241408,60107732,20918.994140625,85904.9765625,202262.609375,672604.0,4300.4697265625,2742490.25,1113369.875,62701.4453125,484742.4375,21056.115234375,821671.8125,692.599609375,423587.40625,440124.5625,235622.3125,925227.0,69414.3359375,77133.2109375,17179.572265625,4133.7431640625,274139.25,14900.9228515625,139904.375,31191.55859375,401352.9375,1099023.375,58449.13671875,7248.46533203125,122154.484375,13530.30078125,602362.8125,57703,33.970699310302734,35.66300582885742,0,0,0,0,0,0,0,0,0,0,0,1,0,0,0,0,0,0,0,False,UNKNOWN,0,0,0,0,194645515,24484,0,36.96461486816406,13,,,"{'Type': 'start', 'Data_Type': 'Synthetical', 'Protocol_name': 'ABGv5-0ppb-6RH-75ccm-Anthony-Q425', 'Trial_Details': {'RH': 0, 'group': 35, 'detail': 'N/A', 'trialnum': 16, 'TrialName': '6rh', 'identifier': 'ckUf6', 'Concentration': 0}, 'Experiment_Rig': 'DA3'}",,2026-01-18 23:49:11.139,"{'cid': 'c04d07ee-94c6-44df-ad3c-f46614593299', 'uuid': '69f71364-92bd-4c57-8ce2-98cc5f66d828', 'annotationId': 'bed29bbe-8d3a-4751-96da-ec41fc138f11', 'name': 'FeNOMeasurement', 'description': 'FeNOMeasurement', 'labels': 'FeNOMeasurement', 'metadata': {'Length': 30, 'Progress': 39, 'startTime': 1768780141606, 'Notification': 'Event FeNOMeasurement Started.'}, 'createdAt': '2026-01-18T23:49:01.850Z', 'createdBy': '5c7b5d9f-c171-4004-a182-4277ffd4c9eb'}",29.85,20.36,1600.0,1600.78,21470060.0,1100.0,1099.63,24020116.0,0.0,570435.49,14.42,32.58,1009.79,1400.0,1399.74,22450138.0,0.0,0.02,22040109.0,2900.0,2899.66,22340093.0
0000000027-4125-asu-nz,0000000018-3024-oms-nz,FeNOMeasurement,bed29bbe-8d3a-4751-96da-ec41fc138f11,8431e6bd-5d3e-4c11-b2cc-504dddc0c609,1264.723388671875,481056.5625,198320.515625,8103.31005859375,7116.7314453125,25915.095703125,182815.5625,176244.609375,233625.984375,68939.3984375,124304.75,18609.53125,273142.71875,5823.919921875,18995.0078125,36924.31640625,254872.328125,51894.88671875,189377.359375,19437.1953125,6893.0869140625,13177.5185546875,25912.61328125,45526.24609375,2882177.0,362173.96875,1391773.0,3516036.75,11177847,5535.42724609375,68594.3359375,136073584,60468300,20915.935546875,85873.9765625,202314.546875,672642.375,4300.04736328125,2746126.75,1113410.125,62693.296875,484659.15625,21055.064453125,821758.0625,692.4509887695312,423905.21875,440638.96875,235648.828125,924296.5625,69359.9609375,77121.578125,17172.84765625,4125.70751953125,274066.75,14875.880859375,140344.671875,31189.3046875,401589.40625,1098603.75,58444.26171875,7248.361328125,122033.15625,13535.86328125,603228.125,58004,34.05128479003906,35.66300582885742,0,0,0,0,0,0,0,0,0,0,0,1,0,0,0,0,0,0,0,False,UNKNOWN,0,0,0,0,194645515,24484,0,36.96461486816406,13,,,"{'Type': 'start', 'Data_Type': 'Synthetical', 'Protocol_name': 'ABGv5-0ppb-6RH-75ccm-Anthony-Q425', 'Trial_Details': {'RH': 0, 'group': 35, 'detail': 'N/A', 'trialnum': 16, 'TrialName': '6rh', 'identifier': 'ckUf6', 'Concentration': 0}, 'Experiment_Rig': 'DA3'}",,2026-01-18 23:49:11.442,"{'cid': 'c04d07ee-94c6-44df-ad3c-f46614593299', 'uuid': '69f71364-92bd-4c57-8ce2-98cc5f66d828', 'annotationId': 'bed29bbe-8d3a-4751-96da-ec41fc138f11', 'name': 'FeNOMeasurement', 'description': 'FeNOMeasurement', 'labels': 'FeNOMeasurement', 'metadata': {'Length': 30, 'Progress': 39, 'startTime': 1768780141606, 'Notification': 'Event FeNOMeasurement Started.'}, 'createdAt': '2026-01-18T23:49:01.850Z', 'createdBy': '5c7b5d9f-c171-4004-a182-4277ffd4c9eb'}",29.85,20.37,1600.0,1600.76,21470060.0,1100.0,1099.36,24020116.0,0.0,570477.61,14.42,32.58,1009.78,1400.0,1399.31,22450138.0,0.0,0.02,22040109.0,2900.0,2899.95,22340093.0
0000000027-4125-asu-nz,0000000018-3024-oms-nz,FeNOMeasurement,bed29bbe-8d3a-4751-96da-ec41fc138f11,8431e6bd-5d3e-4c11-b2cc-504dddc0c609,1265.50732421875,480817.875,198340.078125,8104.27001953125,7116.41259765625,25916.12109375,182805.53125,176239.5,233661.9375,68919.8046875,124306.140625,18609.62109375,271597.3125,5785.97509765625,18995.4453125,36925.0625,255184.046875,51907.35546875,188623.21875,19439.58203125,6893.03271484375,13167.19921875,25913.294921875,45525.9609375,2884654.5,362505.96875,1390366.625,3517513.5,11181440,5534.88720703125,67719.53125,136176048,60825612,20913.6171875,85870.203125,202307.4375,672710.5625,4300.9755859375,2750660.0,1114995.0,62696.2109375,484482.75,21053.83203125,821334.3125,692.3517456054688,423549.5,440328.03125,235637.40625,923093.375,69331.75,77092.53125,17178.255859375,4131.49609375,273899.90625,14886.6669921875,140473.5,31189.7734375,401311.03125,1097777.25,58430.125,7248.287109375,122283.4453125,13530.755859375,603755.75,58305,33.890113830566406,35.582420349121094,0,0,0,0,0,0,0,0,0,0,0,1,0,0,0,0,0,0,0,False,UNKNOWN,0,0,0,0,194645515,24484,0,36.96461486816406,13,,,"{'Type': 'start', 'Data_Type': 'Synthetical', 'Protocol_name': 'ABGv5-0ppb-6RH-75ccm-Anthony-Q425', 'Trial_Details': {'RH': 0, 'group': 35, 'detail': 'N/A', 'trialnum': 16, 'TrialName': '6rh', 'identifier': 'ckUf6', 'Concentration': 0}, 'Experiment_Rig': 'DA3'}",,2026-01-18 23:49:11.742,"{'cid': 'c04d07ee-94c6-44df-ad3c-f46614593299', 'uuid': '69f71364-92bd-4c57-8ce2-98cc5f66d828', 'annotationId': 'bed29bbe-8d3a-4751-96da-ec41fc138f11', 'name': 'FeNOMeasurement', 'description': 'FeNOMeasurement', 'labels': 'FeNOMeasurement', 'metadata': {'Length': 30, 'Progress': 39, 'startTime': 1768780141606, 'Notification': 'Event FeNOMeasurement Started.'}, 'createdAt': '2026-01-18T23:49:01.850Z', 'createdBy': '5c7b5d9f-c171-4004-a182-4277ffd4c9eb'}",29.86,20.38,1600.0,1600.73,21470060.0,1100.0,1099.1,24020116.0,0.0,570230.46,14.41,32.58,1009.77,1400.0,1398.88,22450138.0,0.0,0.02,22040109.0,2900.0,2900.23,22340093.0
0000000027-4125-asu-nz,0000000018-3024-oms-nz,FeNOMeasurement,bed29bbe-8d3a-4751-96da-ec41fc138f11,8431e6bd-5d3e-4c11-b2cc-504dddc0c609,1264.7930908203125,480843.3125,198361.140625,8103.755859375,7116.99365234375,25915.828125,182912.890625,176249.421875,233455.28125,69031.3671875,124296.578125,18608.767578125,271444.125,5814.62841796875,18996.931640625,36934.1328125,254960.890625,51911.50390625,189947.0625,19439.521484375,6892.84912109375,13170.7080078125,25910.96484375,45530.12109375,2886774.25,361130.9375,1391860.875,3519460.5,11191200,5534.58203125,68197.203125,136778896,61115756,20918.80859375,85891.078125,202334.234375,672769.8125,4300.18701171875,2750907.0,1113812.625,62688.48046875,484566.78125,21053.0,821529.4375,692.8246459960938,423574.71875,440487.875,235655.5625,922311.0625,69345.625,77086.3203125,17174.65625,4126.18896484375,274170.15625,14897.58984375,140013.1875,31180.978515625,401428.03125,1097183.75,58423.15625,7248.60986328125,122261.515625,13526.845703125,603998.9375,58606,34.05128479003906,35.66300582885742,0,0,0,0,0,0,0,0,0,0,0,1,0,0,0,0,0,0,0,False,UNKNOWN,0,0,0,0,194645515,24484,0,36.96461486816406,13,,,"{'Type': 'start', 'Data_Type': 'Synthetical', 'Protocol_name': 'ABGv5-0ppb-6RH-75ccm-Anthony-Q425', 'Trial_Details': {'RH': 0, 'group': 35, 'detail': 'N/A', 'trialnum': 16, 'TrialName': '6rh', 'identifier': 'ckUf6', 'Concentration': 0}, 'Experiment_Rig': 'DA3'}",,2026-01-18 23:49:12.044,"{'cid': 'c04d07ee-94c6-44df-ad3c-f46614593299', 'uuid': '69f71364-92bd-4c57-8ce2-98cc5f66d828', 'annotationId': 'bed29bbe-8d3a-4751-96da-ec41fc138f11', 'name': 'FeNOMeasurement', 'description': 'FeNOMeasurement', 'labels': 'FeNOMeasurement', 'metadata': {'Length': 30, 'Progress': 39, 'startTime': 1768780141606, 'Notification': 'Event FeNOMeasurement Started.'}, 'createdAt': '2026-01-18T23:49:01.850Z', 'createdBy': '5c7b5d9f-c171-4004-a182-4277ffd4c9eb'}",29.86,20.39,1600.0,1600.8,21470060.0,1100.0,1099.19,24020116.0,0.0,569981.65,14.41,32.58,1009.76,1400.0,1398.64,22450138.0,0.0,0.02,22040109.0,2900.0,2900.24,22340093.0
0000000027-4125-asu-nz,0000000018-3024-oms-nz,FeNOMeasurement,bed29bbe-8d3a-4751-96da-ec41fc138f11,8431e6bd-5d3e-4c11-b2cc-504dddc0c609,1263.6544189453125,481332.53125,198380.0625,8103.9453125,7117.47998046875,25917.083984375,182922.03125,176277.359375,233732.625,68994.640625,124323.140625,18609.0234375,271409.625,5798.880859375,18996.2421875,36934.59765625,254675.5625,51900.62109375,190573.28125,19433.509765625,6893.3583984375,13179.7353515625,25912.017578125,45530.28515625,2889054.0,361865.03125,1395614.125,3521121.5,11200702,5534.712890625,66267.296875,137467424,61325976,20916.94140625,85887.1796875,202341.15625,672654.75,4299.30810546875,2750395.0,1113676.75,62693.73828125,484894.125,21055.08984375,822099.0625,692.529296875,423692.75,440189.28125,235641.953125,921961.1875,69360.6953125,77059.578125,17177.71875,4139.69677734375,274152.9375,14877.447265625,139638.703125,31173.560546875,401391.84375,1096476.625,58418.58203125,7248.0517578125,122221.21875,13530.1240234375,603454.8125,58907,33.970699310302734,35.66300582885742,0,0,0,0,0,0,0,0,0,0,0,1,0,0,0,0,0,0,0,False,UNKNOWN,0,0,0,0,194645515,24484,0,36.96461486816406,13,,,"{'Type': 'start', 'Data_Type': 'Synthetical', 'Protocol_name': 'ABGv5-0ppb-6RH-75ccm-Anthony-Q425', 'Trial_Details': {'RH': 0, 'group': 35, 'detail': 'N/A', 'trialnum': 16, 'TrialName': '6rh', 'identifier': 'ckUf6', 'Concentration': 0}, 'Experiment_Rig': 'DA3'}",,2026-01-18 23:49:12.344,"{'cid': 'c04d07ee-94c6-44df-ad3c-f46614593299', 'uuid': '69f71364-92bd-4c57-8ce2-98cc5f66d828', 'annotationId': 'bed29bbe-8d3a-4751-96da-ec41fc138f11', 'name': 'FeNOMeasurement', 'description': 'FeNOMeasurement', 'labels': 'FeNOMeasurement', 'metadata': {'Length': 30, 'Progress': 39, 'startTime': 1768780141606, 'Notification': 'Event FeNOMeasurement Started.'}, 'createdAt': '2026-01-18T23:49:01.850Z', 'createdBy': '5c7b5d9f-c171-4004-a182-4277ffd4c9eb'}",29.85,20.4,1600.0,1600.97,21470060.0,1100.0,1099.69,24020116.0,0.0,569734.49,14.4,32.58,1009.75,1400.0,1398.64,22450138.0,0.0,0.01,22040109.0,2900.0,2899.86,22340093.0
0000000027-4125-asu-nz,0000000018-3024-oms-nz,FeNOMeasurement,bed29bbe-8d3a-4751-96da-ec41fc138f11,8431e6bd-5d3e-4c11-b2cc-504dddc0c609,1264.8961181640625,481565.625,198366.875,8104.12060546875,7116.9287109375,25918.56640625,182976.515625,176310.625,233792.78125,69006.671875,124323.2578125,18610.60546875,273171.75,5799.990234375,18999.21484375,36942.59375,254752.09375,51893.5078125,189950.640625,19432.6953125,6893.41845703125,13160.3076171875,25913.640625,45524.46875,2891770.0,361843.71875,1390309.75,3522186.25,11213646,5535.2685546875,66504.1328125,138562848,61396732,20916.8984375,85882.375,202322.9375,672359.25,4300.96826171875,2747990.75,1113129.625,62703.6015625,485479.25,21053.068359375,821342.625,692.3557739257812,423786.59375,440559.5625,235673.765625,921482.5,69364.0078125,77069.3515625,17177.876953125,4138.59716796875,274178.65625,14882.0244140625,140195.734375,31176.53125,401267.625,1096151.875,58410.05859375,7248.1064453125,122229.1796875,13533.048828125,601326.8125,59208,33.970699310302734,35.66300582885742,0,0,0,0,0,0,0,0,0,0,0,1,0,0,0,0,0,0,0,False,UNKNOWN,0,0,0,0,194645515,24484,0,36.96461486816406,13,,,"{'Type': 'start', 'Data_Type': 'Synthetical', 'Protocol_name': 'ABGv5-0ppb-6RH-75ccm-Anthony-Q425', 'Trial_Details': {'RH': 0, 'group': 35, 'detail': 'N/A', 'trialnum': 16, 'TrialName': '6rh', 'identifier': 'ckUf6', 'Concentration': 0}, 'Experiment_Rig': 'DA3'}",,2026-01-18 23:49:12.645,"{'cid': 'c04d07ee-94c6-44df-ad3c-f46614593299', 'uuid': '69f71364-92bd-4c57-8ce2-98cc5f66d828', 'annotationId': 'bed29bbe-8d3a-4751-96da-ec41fc138f11', 'name': 'FeNOMeasurement', 'description': 'FeNOMeasurement', 'labels': 'FeNOMeasurement', 'metadata': {'Length': 30, 'Progress': 39, 'startTime': 1768780141606, 'Notification': 'Event FeNOMeasurement Started.'}, 'createdAt': '2026-01-18T23:49:01.850Z', 'createdBy': '5c7b5d9f-c171-4004-a182-4277ffd4c9eb'}",29.84,20.41,1600.0,1601.14,21470060.0,1100.0,1100.19,24020116.0,0.0,569776.83,14.4,32.58,1009.76,1400.0,1398.64,22450138.0,0.0,0.01,22040109.0,2900.0,2899.48,22340093.0
0000000027-4125-asu-nz,0000000018-3024-oms-nz,FeNOMeasurement,bed29bbe-8d3a-4751-96da-ec41fc138f11,8431e6bd-5d3e-4c11-b2cc-504dddc0c609,1264.70361328125,481343.84375,198411.0625,8104.1826171875,7116.93994140625,25920.388671875,182945.640625,176309.984375,233435.25,68936.1015625,124333.1328125,18610.154296875,273211.5625,5798.177734375,18997.52734375,36942.80859375,255001.09375,51895.55859375,189553.078125,19445.69921875,6893.09228515625,13178.43359375,25909.84375,45532.83203125,2894047.5,362305.84375,1388472.5,3523518.5,11226279,5535.05712890625,66922.375,139529168,61319796,20915.365234375,85894.2734375,202279.921875,672222.125,4300.71826171875,2747229.0,1112999.25,62704.1875,485152.59375,21054.564453125,820865.3125,692.700439453125,423565.09375,440946.8125,235689.0,921248.9375,69440.671875,77088.515625,17174.984375,4136.66259765625,274299.65625,14866.8955078125,139454.8125,31176.271484375,401378.4375,1095783.5,58422.2421875,7248.0732421875,122258.1171875,13541.123046875,602034.4375,59509,33.970699310302734,35.42124938964844,0,0,0,0,0,0,0,0,0,0,0,1,0,0,0,0,0,0,0,False,UNKNOWN,0,0,0,0,194645515,24484,0,36.96461486816406,13,,,"{'Type': 'start', 'Data_Type': 'Synthetical', 'Protocol_name': 'ABGv5-0ppb-6RH-75ccm-Anthony-Q425', 'Trial_Details': {'RH': 0, 'group': 35, 'detail': 'N/A', 'trialnum': 16, 'TrialName': '6rh', 'identifier': 'ckUf6', 'Concentration': 0}, 'Experiment_Rig': 'DA3'}",,2026-01-18 23:49:12.955,"{'cid': 'c04d07ee-94c6-44df-ad3c-f46614593299', 'uuid': '69f71364-92bd-4c57-8ce2-98cc5f66d828', 'annotationId': 'bed29bbe-8d3a-4751-96da-ec41fc138f11', 'name': 'FeNOMeasurement', 'description': 'FeNOMeasurement', 'labels': 'FeNOMeasurement', 'metadata': {'Length': 30, 'Progress': 39, 'startTime': 1768780141606, 'Notification': 'Event FeNOMeasurement Started.'}, 'createdAt': '2026-01-18T23:49:01.850Z', 'createdBy': '5c7b5d9f-c171-4004-a182-4277ffd4c9eb'}",29.84,20.41,1600.0,1601.19,21470060.0,1100.0,1100.63,24020116.0,0.0,569904.41,14.4,32.58,1009.77,1400.0,1398.65,22450138.0,0.0,0.0,22040109.0,2900.0,2899.13,22340093.0
0000000027-4125-asu-nz,0000000018-3024-oms-nz,FeNOMeasurement,bed29bbe-8d3a-4751-96da-ec41fc138f11,8431e6bd-5d3e-4c11-b2cc-504dddc0c609,1263.677001953125,481351.5625,198422.0,8103.7802734375,7116.673828125,25919.470703125,182912.3125,176327.84375,234111.40625,68972.2421875,124325.4765625,18609.66015625,273003.6875,5799.2060546875,18996.56640625,36934.24609375,254972.90625,51908.56640625,190495.578125,19436.869140625,6892.6572265625,13177.845703125,25908.28515625,45526.80078125,2897092.0,362926.28125,1385908.375,3524750.5,11238854,5535.60693359375,68211.3515625,140441872,61089960,20913.00390625,85886.296875,202246.453125,672064.4375,4300.2958984375,2741455.5,1114268.125,62721.5078125,485187.625,21054.33203125,821745.1875,692.6058349609375,423517.8125,440849.40625,235736.125,921478.8125,69425.734375,77082.8671875,17172.51953125,4137.130859375,274186.5625,14888.6572265625,141946.875,31175.65234375,401108.84375,1095719.875,58425.91015625,7248.13720703125,122086.515625,13541.37109375,602727.125,59810,33.970699310302734,35.743595123291016,0,0,0,0,0,0,0,0,0,0,0,1,0,0,0,0,0,0,0,False,UNKNOWN,0,0,0,0,194645515,24484,0,36.96461486816406,13,,,"{'Type': 'start', 'Data_Type': 'Synthetical', 'Protocol_name': 'ABGv5-0ppb-6RH-75ccm-Anthony-Q425', 'Trial_Details': {'RH': 0, 'group': 35, 'detail': 'N/A', 'trialnum': 16, 'TrialName': '6rh', 'identifier': 'ckUf6', 'Concentration': 0}, 'Experiment_Rig': 'DA3'}",,2026-01-18 23:49:13.247,"{'cid': 'c04d07ee-94c6-44df-ad3c-f46614593299', 'uuid': '69f71364-92bd-4c57-8ce2-98cc5f66d828', 'annotationId': 'bed29bbe-8d3a-4751-96da-ec41fc138f11', 'name': 'FeNOMeasurement', 'description': 'FeNOMeasurement', 'labels': 'FeNOMeasurement', 'metadata': {'Length': 30, 'Progress': 39, 'startTime': 1768780141606, 'Notification': 'Event FeNOMeasurement Started.'}, 'createdAt': '2026-01-18T23:49:01.850Z', 'createdBy': '5c7b5d9f-c171-4004-a182-4277ffd4c9eb'}",29.84,20.4,1600.0,1600.68,21470060.0,1100.0,1100.56,24020116.0,0.0,570024.59,14.39,32.59,1009.78,1400.0,1398.77,22450138.0,0.0,0.01,22040109.0,2900.0,2899.22,22340093.0
0000000027-4125-asu-nz,0000000018-3024-oms-nz,FeNOMeasurement,bed29bbe-8d3a-4751-96da-ec41fc138f11,8431e6bd-5d3e-4c11-b2cc-504dddc0c609,1264.6890869140625,481091.34375,198433.5,8104.27685546875,7117.35498046875,25919.36328125,182935.78125,176320.84375,233975.3125,68955.015625,124311.8203125,18609.666015625,273627.71875,5777.20458984375,18995.265625,36921.046875,255110.71875,51909.28125,190257.4375,19435.884765625,6892.97802734375,13179.9306640625,25906.435546875,45526.65625,2898039.5,362452.15625,1386615.875,3524958.75,11247247,5534.99658203125,67978.3828125,141021408,60813800,20914.1953125,85883.125,202207.90625,671988.5625,4298.4404296875,2741487.5,1113585.625,62720.078125,485419.6875,21052.7578125,823169.625,692.8273315429688,423882.0625,440537.21875,235748.296875,922156.75,69434.625,77089.34375,17176.767578125,4137.03369140625,273528.875,14892.6376953125,142257.25,31172.576171875,401057.71875,1095503.0,58418.7734375,7248.55224609375,122042.4140625,13535.751953125,601213.6875,60111,33.890113830566406,35.582420349121094,0,0,0,0,0,0,0,0,0,0,0,1,0,0,0,0,0,0,0,False,UNKNOWN,0,0,0,0,194645515,24484,0,36.96461486816406,13,,,"{'Type': 'start', 'Data_Type': 'Synthetical', 'Protocol_name': 'ABGv5-0ppb-6RH-75ccm-Anthony-Q425', 'Trial_Details': {'RH': 0, 'group': 35, 'detail': 'N/A', 'trialnum': 16, 'TrialName': '6rh', 'identifier': 'ckUf6', 'Concentration': 0}, 'Experiment_Rig': 'DA3'}",,2026-01-18 23:49:13.549,"{'cid': 'c04d07ee-94c6-44df-ad3c-f46614593299', 'uuid': '69f71364-92bd-4c57-8ce2-98cc5f66d828', 'annotationId': 'bed29bbe-8d3a-4751-96da-ec41fc138f11', 'name': 'FeNOMeasurement', 'description': 'FeNOMeasurement', 'labels': 'FeNOMeasurement', 'metadata': {'Length': 30, 'Progress': 39, 'startTime': 1768780141606, 'Notification': 'Event FeNOMeasurement Started.'}, 'createdAt': '2026-01-18T23:49:01.850Z', 'createdBy': '5c7b5d9f-c171-4004-a182-4277ffd4c9eb'}",29.84,20.39,1600.0,1600.16,21470060.0,1100.0,1100.49,24020116.0,0.0,570148.87,14.39,32.59,1009.79,1400.0,1398.89,22450138.0,0.0,0.01,22040109.0,2900.0,2899.32,22340093.0
0000000027-4125-asu-nz,0000000018-3024-oms-nz,FeNOMeasurement,bed29bbe-8d3a-4751-96da-ec41fc138f11,8431e6bd-5d3e-4c11-b2cc-504dddc0c609,1264.536376953125,481213.375,198376.40625,8104.017578125,7117.09423828125,25919.94921875,182868.59375,176310.546875,233741.234375,69010.8984375,124293.6484375,18611.50390625,273342.59375,5800.07373046875,18996.330078125,36920.59765625,255244.328125,51903.875,190375.5,19432.4921875,6893.2080078125,13173.37109375,25905.841796875,45527.98046875,2895557.0,358899.125,1388089.5,3523801.25,11250012,5535.31005859375,67682.984375,141264176,60470912,20912.8828125,85888.6171875,202217.125,671990.4375,4300.08935546875,2740647.0,1113387.75,62719.4921875,485176.9375,21050.3984375,823898.9375,693.3060913085938,423868.375,440669.8125,235750.765625,923175.5,69443.6640625,77080.1328125,17179.720703125,4145.01416015625,272393.53125,14875.646484375,140543.171875,31173.775390625,401354.65625,1095458.25,58429.32421875,7248.41796875,122120.3671875,13544.736328125,601677.0,60412,34.05128479003906,35.743595123291016,0,0,0,0,0,0,0,0,0,0,0,1,0,0,0,0,0,0,0,False,UNKNOWN,0,0,0,0,194645515,24484,0,36.96461486816406,13,,,"{'Type': 'start', 'Data_Type': 'Synthetical', 'Protocol_name': 'ABGv5-0ppb-6RH-75ccm-Anthony-Q425', 'Trial_Details': {'RH': 0, 'group': 35, 'detail': 'N/A', 'trialnum': 16, 'TrialName': '6rh', 'identifier': 'ckUf6', 'Concentration': 0}, 'Experiment_Rig': 'DA3'}",,2026-01-18 23:49:13.852,"{'cid': 'c04d07ee-94c6-44df-ad3c-f46614593299', 'uuid': '69f71364-92bd-4c57-8ce2-98cc5f66d828', 'annotationId': 'bed29bbe-8d3a-4751-96da-ec41fc138f11', 'name': 'FeNOMeasurement', 'description': 'FeNOMeasurement', 'labels': 'FeNOMeasurement', 'metadata': {'Length': 30, 'Progress': 39, 'startTime': 1768780141606, 'Notification': 'Event FeNOMeasurement Started.'}, 'createdAt': '2026-01-18T23:49:01.850Z', 'createdBy': '5c7b5d9f-c171-4004-a182-4277ffd4c9eb'}",29.84,20.38,1600.0,1599.63,21470060.0,1100.0,1100.42,24020116.0,0.0,571101.44,14.39,32.59,1009.79,1400.0,1399.01,22450138.0,0.0,0.02,22040109.0,2900.0,2899.41,22340093.0
0000000027-4125-asu-nz,0000000018-3024-oms-nz,FeNOMeasurement,bed29bbe-8d3a-4751-96da-ec41fc138f11,8431e6bd-5d3e-4c11-b2cc-504dddc0c609,1265.6541748046875,481639.65625,198387.140625,8103.7734375,7117.0205078125,25920.64453125,182929.21875,176309.078125,233961.015625,69006.765625,124272.25,18609.06640625,273351.78125,5793.42724609375,18995.74609375,36913.56640625,254676.078125,51913.69140625,190550.828125,19431.845703125,6892.78076171875,13166.8515625,25904.13671875,45515.26171875,2891955.0,356931.21875,1389288.75,3522536.5,11249756,5535.3271484375,67133.15625,141157968,60133508,20912.892578125,85904.7421875,202231.3125,671966.0625,4300.41064453125,2735530.5,1114661.75,62727.25,485606.875,21053.08984375,824095.875,693.0260620117188,423887.40625,440768.34375,235778.78125,924285.75,69465.9140625,77089.3828125,17178.201171875,4142.18017578125,272362.34375,14893.3037109375,139889.703125,31176.650390625,401502.28125,1096217.25,58438.59375,7248.09423828125,122185.15625,13539.0146484375,602624.8125,60713,34.05128479003906,35.582420349121094,0,0,0,0,0,0,0,0,0,0,0,1,0,0,0,0,0,0,0,False,UNKNOWN,0,0,0,0,194650518,24484,0,37.53135681152344,13,,,"{'Type': 'start', 'Data_Type': 'Synthetical', 'Protocol_name': 'ABGv5-0ppb-6RH-75ccm-Anthony-Q425', 'Trial_Details': {'RH': 0, 'group': 35, 'detail': 'N/A', 'trialnum': 16, 'TrialName': '6rh', 'identifier': 'ckUf6', 'Concentration': 0}, 'Experiment_Rig': 'DA3'}",,2026-01-18 23:49:14.150,"{'cid': 'c04d07ee-94c6-44df-ad3c-f46614593299', 'uuid': '69f71364-92bd-4c57-8ce2-98cc5f66d828', 'annotationId': 'bed29bbe-8d3a-4751-96da-ec41fc138f11', 'name': 'FeNOMeasurement', 'description': 'FeNOMeasurement', 'labels': 'FeNOMeasurement', 'metadata': {'Length': 30, 'Progress': 39, 'startTime': 1768780141606, 'Notification': 'Event FeNOMeasurement Started.'}, 'createdAt': '2026-01-18T23:49:01.850Z', 'createdBy': '5c7b5d9f-c171-4004-a182-4277ffd4c9eb'}",29.85,20.4,1600.0,1599.33,21470060.0,1100.0,1100.17,24020116.0,0.0,572086.69,14.38,32.59,1009.78,1400.0,1399.08,22450138.0,0.0,0.03,22040109.0,2900.0,2899.97,22340093.0
0000000027-4125-asu-nz,0000000018-3024-oms-nz,FeNOMeasurement,bed29bbe-8d3a-4751-96da-ec41fc138f11,8431e6bd-5d3e-4c11-b2cc-504dddc0c609,1265.112060546875,481211.90625,198372.25,8103.5888671875,7116.67822265625,25919.568359375,182901.09375,176277.40625,234102.171875,68927.4296875,124258.265625,18608.84375,273129.90625,5782.68115234375,18996.544921875,36914.578125,254896.734375,51895.55859375,190687.03125,19435.16015625,6892.6904296875,13171.0908203125,25903.91015625,45521.359375,2888375.5,358605.375,1387124.0,3520775.25,11242114,5534.75634765625,67332.5625,140551024,59888980,20916.673828125,85884.7734375,202286.765625,671935.5,4302.34423828125,2732965.75,1114791.0,62728.75,485104.65625,21056.462890625,823506.625,693.0870361328125,424112.90625,440363.125,235753.78125,924920.75,69487.875,77103.171875,17177.888671875,4144.76708984375,272192.46875,14881.984375,139295.15625,31179.2109375,401603.875,1097150.625,58434.92578125,7248.07275390625,122101.59375,13540.0751953125,601346.375,61014,34.05128479003906,35.66300582885742,0,0,0,0,0,0,0,0,0,0,0,1,0,0,0,0,0,0,0,False,UNKNOWN,0,0,0,0,194650518,24484,0,37.53135681152344,13,,,"{'Type': 'start', 'Data_Type': 'Synthetical', 'Protocol_name': 'ABGv5-0ppb-6RH-75ccm-Anthony-Q425', 'Trial_Details': {'RH': 0, 'group': 35, 'detail': 'N/A', 'trialnum': 16, 'TrialName': '6rh', 'identifier': 'ckUf6', 'Concentration': 0}, 'Experiment_Rig': 'DA3'}",,2026-01-18 23:49:14.451,"{'cid': 'c04d07ee-94c6-44df-ad3c-f46614593299', 'uuid': '69f71364-92bd-4c57-8ce2-98cc5f66d828', 'annotationId': 'bed29bbe-8d3a-4751-96da-ec41fc138f11', 'name': 'FeNOMeasurement', 'description': 'FeNOMeasurement', 'labels': 'FeNOMeasurement', 'metadata': {'Length': 30, 'Progress': 39, 'startTime': 1768780141606, 'Notification': 'Event FeNOMeasurement Started.'}, 'createdAt': '2026-01-18T23:49:01.850Z', 'createdBy': '5c7b5d9f-c171-4004-a182-4277ffd4c9eb'}",29.85,20.41,1600.0,1599.09,21470060.0,1100.0,1099.86,24020116.0,0.0,573081.86,14.38,32.59,1009.77,1400.0,1399.12,22450138.0,0.0,0.03,22040109.0,2900.0,2900.71,22340093.0
0000000027-4125-asu-nz,0000000018-3024-oms-nz,FeNOMeasurement,bed29bbe-8d3a-4751-96da-ec41fc138f11,8431e6bd-5d3e-4c11-b2cc-504dddc0c609,1265.65966796875,481617.9375,198329.703125,8103.55615234375,7116.958984375,25918.734375,182891.015625,176250.375,233988.078125,69020.359375,124234.03125,18609.623046875,273140.46875,5786.71435546875,18997.69140625,36917.77734375,255077.953125,51894.90234375,190309.9375,19437.865234375,6892.94775390625,13176.60546875,25902.896484375,45522.234375,2885851.5,360133.78125,1386521.75,3519087.75,11231633,5534.736328125,68180.8515625,139693872,59734152,20913.806640625,85885.2734375,202294.375,671975.9375,4301.0576171875,2731160.5,1115909.875,62728.921875,484851.15625,21053.95703125,823971.3125,692.9957885742188,423960.4375,440154.9375,235770.671875,925523.9375,69486.0078125,77089.734375,17181.826171875,4138.3955078125,273462.3125,14864.1279296875,139276.40625,31181.16015625,401447.5,1098063.375,58429.23046875,7248.76904296875,122063.8359375,13538.1103515625,602147.875,61315,33.970699310302734,35.66300582885742,0,0,0,0,0,0,0,0,0,0,0,1,0,0,0,0,0,0,0,False,UNKNOWN,0,0,0,0,194650518,24484,0,37.53135681152344,13,,,"{'Type': 'start', 'Data_Type': 'Synthetical', 'Protocol_name': 'ABGv5-0ppb-6RH-75ccm-Anthony-Q425', 'Trial_Details': {'RH': 0, 'group': 35, 'detail': 'N/A', 'trialnum': 16, 'TrialName': '6rh', 'identifier': 'ckUf6', 'Concentration': 0}, 'Experiment_Rig': 'DA3'}",,2026-01-18 23:49:14.755,"{'cid': 'c04d07ee-94c6-44df-ad3c-f46614593299', 'uuid': '69f71364-92bd-4c57-8ce2-98cc5f66d828', 'annotationId': 'bed29bbe-8d3a-4751-96da-ec41fc138f11', 'name': 'FeNOMeasurement', 'description': 'FeNOMeasurement', 'labels': 'FeNOMeasurement', 'metadata': {'Length': 30, 'Progress': 39, 'startTime': 1768780141606, 'Notification': 'Event FeNOMeasurement Started.'}, 'createdAt': '2026-01-18T23:49:01.850Z', 'createdBy': '5c7b5d9f-c171-4004-a182-4277ffd4c9eb'}",29.86,20.43,1600.0,1598.85,21470060.0,1100.0,1099.54,24020116.0,0.0,573942.84,14.38,32.59,1009.77,1400.0,1399.17,22450138.0,0.0,0.03,22040109.0,2900.0,2901.46,22340093.0
0000000027-4125-asu-nz,0000000018-3024-oms-nz,FeNOMeasurement,bed29bbe-8d3a-4751-96da-ec41fc138f11,8431e6bd-5d3e-4c11-b2cc-504dddc0c609,1264.46337890625,481087.6875,198303.203125,8103.59130859375,7116.6064453125,25918.2578125,182844.65625,176256.4375,233659.578125,68976.8984375,124226.2734375,18608.630859375,273267.71875,5786.1806640625,18998.056640625,36924.98046875,254950.6875,51891.375,190023.21875,19423.189453125,6892.81884765625,13180.7099609375,25905.611328125,45517.7890625,2883840.25,361302.125,1386784.875,3517620.25,11219327,5534.45751953125,69013.2109375,138626464,59715816,20914.361328125,85899.8828125,202304.765625,672173.125,4299.7001953125,2729354.5,1112574.5,62725.22265625,484843.5,21050.583984375,823782.5,692.566650390625,423832.9375,440710.9375,235706.8125,925802.0625,69509.9140625,77131.4609375,17174.220703125,4141.009765625,273866.8125,14856.5654296875,141575.984375,31182.607421875,401756.84375,1098429.5,58441.8046875,7248.2890625,122224.7578125,13532.7587890625,603071.375,61616,33.890113830566406,35.582420349121094,0,0,0,0,0,0,0,0,0,0,0,1,0,0,0,0,0,0,0,False,UNKNOWN,0,0,0,0,194650518,24484,0,37.53135681152344,13,,,"{'Type': 'start', 'Data_Type': 'Synthetical', 'Protocol_name': 'ABGv5-0ppb-6RH-75ccm-Anthony-Q425', 'Trial_Details': {'RH': 0, 'group': 35, 'detail': 'N/A', 'trialnum': 16, 'TrialName': '6rh', 'identifier': 'ckUf6', 'Concentration': 0}, 'Experiment_Rig': 'DA3'}",,2026-01-18 23:49:15.053,"{'cid': 'c04d07ee-94c6-44df-ad3c-f46614593299', 'uuid': '69f71364-92bd-4c57-8ce2-98cc5f66d828', 'annotationId': 'bed29bbe-8d3a-4751-96da-ec41fc138f11', 'name': 'FeNOMeasurement', 'description': 'FeNOMeasurement', 'labels': 'FeNOMeasurement', 'metadata': {'Length': 30, 'Progress': 39, 'startTime': 1768780141606, 'Notification': 'Event FeNOMeasurement Started.'}, 'createdAt': '2026-01-18T23:49:01.850Z', 'createdBy': '5c7b5d9f-c171-4004-a182-4277ffd4c9eb'}",29.86,20.42,1600.0,1598.81,21470060.0,1100.0,1099.48,24020116.0,0.0,573447.28,14.37,32.59,1009.77,1400.0,1399.36,22450138.0,0.0,0.03,22040109.0,2900.0,2901.83,22340093.0
0000000027-4125-asu-nz,0000000018-3024-oms-nz,FeNOMeasurement,bed29bbe-8d3a-4751-96da-ec41fc138f11,8431e6bd-5d3e-4c11-b2cc-504dddc0c609,1263.24560546875,481370.53125,198278.25,8103.287109375,7116.77587890625,25917.091796875,182756.265625,176232.5,234022.234375,68905.40625,124238.625,18610.126953125,272821.5625,5795.693359375,18997.267578125,36926.71484375,254996.9375,51886.78515625,189790.265625,19436.5703125,6893.19873046875,13176.1328125,25905.21875,45521.6328125,2881872.0,361802.0,1386484.125,3516067.5,11208200,5534.8662109375,69093.5078125,137732112,59819112,20913.67578125,85912.359375,202332.046875,672379.875,4299.90625,2729093.75,1111918.5,62723.0390625,484584.09375,21050.939453125,823077.625,692.830078125,423533.6875,440307.65625,235704.390625,925958.5625,69498.3125,77118.2578125,17174.900390625,4141.94921875,274035.71875,14897.00390625,141249.4375,31185.51171875,401804.875,1099038.625,58438.20703125,7248.20556640625,122398.3984375,13551.63671875,603569.0625,61917,33.890113830566406,35.582420349121094,0,0,0,0,0,0,0,0,0,0,0,1,0,0,0,0,0,0,0,False,UNKNOWN,0,0,0,0,194650518,24484,0,37.53135681152344,13,,,"{'Type': 'start', 'Data_Type': 'Synthetical', 'Protocol_name': 'ABGv5-0ppb-6RH-75ccm-Anthony-Q425', 'Trial_Details': {'RH': 0, 'group': 35, 'detail': 'N/A', 'trialnum': 16, 'TrialName': '6rh', 'identifier': 'ckUf6', 'Concentration': 0}, 'Experiment_Rig': 'DA3'}",,2026-01-18 23:49:15.356,"{'cid': 'c04d07ee-94c6-44df-ad3c-f46614593299', 'uuid': '69f71364-92bd-4c57-8ce2-98cc5f66d828', 'annotationId': 'bed29bbe-8d3a-4751-96da-ec41fc138f11', 'name': 'FeNOMeasurement', 'description': 'FeNOMeasurement', 'labels': 'FeNOMeasurement', 'metadata': {'Length': 30, 'Progress': 39, 'startTime': 1768780141606, 'Notification': 'Event FeNOMeasurement Started.'}, 'createdAt': '2026-01-18T23:49:01.850Z', 'createdBy': '5c7b5d9f-c171-4004-a182-4277ffd4c9eb'}",29.86,20.41,1600.0,1599.03,21470060.0,1100.0,1099.8,24020116.0,0.0,572943.42,14.37,32.59,1009.77,1400.0,1399.77,22450138.0,0.0,0.02,22040109.0,2900.0,2901.59,22340093.0
0000000027-4125-asu-nz,0000000018-3024-oms-nz,FeNOMeasurement,bed29bbe-8d3a-4751-96da-ec41fc138f11,8431e6bd-5d3e-4c11-b2cc-504dddc0c609,1264.712646484375,480769.875,198281.75,8103.9150390625,7116.29638671875,25917.3359375,182728.125,176186.171875,234017.890625,68877.9609375,124235.2578125,18609.32421875,273849.0,5792.12451171875,18996.01171875,36925.140625,255142.375,51890.234375,189261.59375,19439.970703125,6892.57080078125,13165.7080078125,25907.984375,45523.5078125,2880376.25,360813.90625,1386265.5,3514480.5,11197991,5535.34521484375,68996.90625,136834960,60033800,20914.716796875,85912.1640625,202350.71875,672578.75,4300.19091796875,2727456.5,1110601.875,62712.7578125,484864.1875,21053.79296875,822409.1875,693.2726440429688,423572.34375,440810.5,235675.53125,925350.125,69501.8125,77088.3984375,17174.228515625,4141.08642578125,273845.5,14877.150390625,140941.375,31183.41015625,401786.8125,1099173.5,58437.47265625,7249.0029296875,122345.59375,13538.1953125,602958.1875,62218,33.890113830566406,35.743595123291016,0,0,0,0,0,0,0,0,0,0,0,1,0,0,0,0,0,0,0,False,UNKNOWN,0,0,0,0,194650518,24484,0,37.53135681152344,13,,,"{'Type': 'start', 'Data_Type': 'Synthetical', 'Protocol_name': 'ABGv5-0ppb-6RH-75ccm-Anthony-Q425', 'Trial_Details': {'RH': 0, 'group': 35, 'detail': 'N/A', 'trialnum': 16, 'TrialName': '6rh', 'identifier': 'ckUf6', 'Concentration': 0}, 'Experiment_Rig': 'DA3'}",,2026-01-18 23:49:15.656,"{'cid': 'c04d07ee-94c6-44df-ad3c-f46614593299', 'uuid': '69f71364-92bd-4c57-8ce2-98cc5f66d828', 'annotationId': 'bed29bbe-8d3a-4751-96da-ec41fc138f11', 'name': 'FeNOMeasurement', 'description': 'FeNOMeasurement', 'labels': 'FeNOMeasurement', 'metadata': {'Length': 30, 'Progress': 39, 'startTime': 1768780141606, 'Notification': 'Event FeNOMeasurement Started.'}, 'createdAt': '2026-01-18T23:49:01.850Z', 'createdBy': '5c7b5d9f-c171-4004-a182-4277ffd4c9eb'}",29.85,20.4,1600.0,1599.24,21470060.0,1100.0,1100.11,24020116.0,0.0,572444.54,14.36,32.59,1009.77,1400.0,1400.17,22450138.0,0.0,0.01,22040109.0,2900.0,2901.36,22340093.0
0000000027-4125-asu-nz,0000000018-3024-oms-nz,FeNOMeasurement,bed29bbe-8d3a-4751-96da-ec41fc138f11,8431e6bd-5d3e-4c11-b2cc-504dddc0c609,1265.304931640625,480565.78125,198295.8125,8103.59228515625,7116.6337890625,25917.01953125,182786.09375,176176.921875,233900.1875,68945.5078125,124233.125,18608.66015625,273385.0625,5769.4208984375,18996.92578125,36930.75,255076.078125,51912.765625,190681.90625,19432.853515625,6893.1142578125,13163.208984375,25907.685546875,45524.6171875,2879645.5,361396.90625,1386206.5,3513414.75,11192310,5535.107421875,69938.90625,136259296,60326964,20912.73046875,85916.453125,202321.578125,672642.125,4299.72314453125,2727357.75,1110037.25,62708.765625,484345.78125,21050.18359375,821190.4375,693.8072509765625,423835.8125,441309.0625,235624.265625,924960.6875,69473.328125,77086.9296875,17180.0,4138.54736328125,273993.0,14864.3056640625,140789.421875,31184.822265625,401673.65625,1099189.625,58443.703125,7248.12841796875,122225.890625,13543.8232421875,602897.8125,62519,33.890113830566406,35.501834869384766,0,0,0,0,0,0,0,0,0,0,0,1,0,0,0,0,0,0,0,False,UNKNOWN,0,0,0,0,194650518,24484,0,37.53135681152344,13,,,"{'Type': 'start', 'Data_Type': 'Synthetical', 'Protocol_name': 'ABGv5-0ppb-6RH-75ccm-Anthony-Q425', 'Trial_Details': {'RH': 0, 'group': 35, 'detail': 'N/A', 'trialnum': 16, 'TrialName': '6rh', 'identifier': 'ckUf6', 'Concentration': 0}, 'Experiment_Rig': 'DA3'}",,2026-01-18 23:49:15.964,"{'cid': 'c04d07ee-94c6-44df-ad3c-f46614593299', 'uuid': '69f71364-92bd-4c57-8ce2-98cc5f66d828', 'annotationId': 'bed29bbe-8d3a-4751-96da-ec41fc138f11', 'name': 'FeNOMeasurement', 'description': 'FeNOMeasurement', 'labels': 'FeNOMeasurement', 'metadata': {'Length': 30, 'Progress': 39, 'startTime': 1768780141606, 'Notification': 'Event FeNOMeasurement Started.'}, 'createdAt': '2026-01-18T23:49:01.850Z', 'createdBy': '5c7b5d9f-c171-4004-a182-4277ffd4c9eb'}",29.85,20.39,1600.0,1599.48,21470060.0,1100.0,1100.37,24020116.0,0.0,571933.14,14.36,32.59,1009.77,1400.0,1400.55,22450138.0,0.0,0.0,22040109.0,2900.0,2901.11,22340093.0
0000000027-4125-asu-nz,0000000018-3024-oms-nz,FeNOMeasurement,bed29bbe-8d3a-4751-96da-ec41fc138f11,8431e6bd-5d3e-4c11-b2cc-504dddc0c609,1265.1427001953125,480310.09375,198301.453125,8103.5703125,7116.92529296875,25917.1875,182811.5625,176199.703125,234256.0,68946.984375,124241.9140625,18610.2578125,273452.3125,5779.60595703125,18995.400390625,36928.7265625,254723.453125,51924.9375,189607.984375,19430.998046875,6893.74072265625,13173.0244140625,25910.275390625,45523.53515625,2880981.75,361559.59375,1386594.875,3514227.25,11191037,5533.92822265625,70181.59375,136032720,60662392,20915.193359375,85886.8515625,202303.671875,672707.3125,4299.34375,2727261.5,1108513.75,62705.51171875,484373.46875,21051.68359375,821029.0,693.9423828125,423503.5,441180.84375,235622.9375,924005.125,69470.265625,77047.6484375,17176.140625,4139.73291015625,273908.8125,14879.861328125,141076.703125,31184.322265625,401647.21875,1098801.5,58433.93359375,7248.041015625,122054.5546875,13537.6064453125,601683.8125,62820,33.890113830566406,35.501834869384766,0,0,0,0,0,0,0,0,0,0,0,1,0,0,0,0,0,0,0,False,UNKNOWN,0,0,0,0,194650518,24484,0,37.53135681152344,13,,,"{'Type': 'start', 'Data_Type': 'Synthetical', 'Protocol_name': 'ABGv5-0ppb-6RH-75ccm-Anthony-Q425', 'Trial_Details': {'RH': 0, 'group': 35, 'detail': 'N/A', 'trialnum': 16, 'TrialName': '6rh', 'identifier': 'ckUf6', 'Concentration': 0}, 'Experiment_Rig': 'DA3'}",,2026-01-18 23:49:16.256,"{'cid': 'c04d07ee-94c6-44df-ad3c-f46614593299', 'uuid': '69f71364-92bd-4c57-8ce2-98cc5f66d828', 'annotationId': 'bed29bbe-8d3a-4751-96da-ec41fc138f11', 'name': 'FeNOMeasurement', 'description': 'FeNOMeasurement', 'labels': 'FeNOMeasurement', 'metadata': {'Length': 30, 'Progress': 39, 'startTime': 1768780141606, 'Notification': 'Event FeNOMeasurement Started.'}, 'createdAt': '2026-01-18T23:49:01.850Z', 'createdBy': '5c7b5d9f-c171-4004-a182-4277ffd4c9eb'}",29.85,20.39,1600.0,1599.83,21470060.0,1100.0,1100.0,24020116.0,0.0,571450.39,14.36,32.59,1009.76,1400.0,1400.41,22450138.0,0.0,0.02,22040109.0,2900.0,2900.95,22340093.0
0000000027-4125-asu-nz,0000000018-3024-oms-nz,FeNOMeasurement,bed29bbe-8d3a-4751-96da-ec41fc138f11,8431e6bd-5d3e-4c11-b2cc-504dddc0c609,1266.470947265625,480418.21875,198306.265625,8103.87841796875,7117.3017578125,25917.1015625,182858.34375,176227.453125,234088.28125,68897.84375,124258.9609375,18609.02734375,273735.96875,5785.83935546875,18994.56640625,36931.3203125,254903.125,51914.92578125,190010.78125,19443.8046875,6893.4501953125,13165.486328125,25908.0859375,45525.0703125,2883514.5,358590.03125,1392769.0,3516587.25,11196886,5534.2783203125,68873.96875,136290128,61002056,20913.22265625,85883.34375,202332.46875,672736.75,4299.62109375,2728736.75,1108752.5,62701.99609375,484461.9375,21049.783203125,819935.4375,692.6349487304688,423957.0625,440416.53125,235630.390625,923020.75,69454.4453125,77067.078125,17176.298828125,4135.3955078125,273927.9375,14896.259765625,141654.234375,31178.0234375,401549.625,1098350.0,58431.1796875,7248.02197265625,122113.8359375,13543.240234375,601791.25,63121,33.970699310302734,35.66300582885742,0,0,0,0,0,0,0,0,0,0,0,1,0,0,0,0,0,0,0,False,UNKNOWN,0,0,0,0,194650518,24484,0,37.53135681152344,13,,,"{'Type': 'start', 'Data_Type': 'Synthetical', 'Protocol_name': 'ABGv5-0ppb-6RH-75ccm-Anthony-Q425', 'Trial_Details': {'RH': 0, 'group': 35, 'detail': 'N/A', 'trialnum': 16, 'TrialName': '6rh', 'identifier': 'ckUf6', 'Concentration': 0}, 'Experiment_Rig': 'DA3'}",,2026-01-18 23:49:16.558,"{'cid': 'c04d07ee-94c6-44df-ad3c-f46614593299', 'uuid': '69f71364-92bd-4c57-8ce2-98cc5f66d828', 'annotationId': 'bed29bbe-8d3a-4751-96da-ec41fc138f11', 'name': 'FeNOMeasurement', 'description': 'FeNOMeasurement', 'labels': 'FeNOMeasurement', 'metadata': {'Length': 30, 'Progress': 39, 'startTime': 1768780141606, 'Notification': 'Event FeNOMeasurement Started.'}, 'createdAt': '2026-01-18T23:49:01.850Z', 'createdBy': '5c7b5d9f-c171-4004-a182-4277ffd4c9eb'}",29.85,20.38,1600.0,1600.19,21470060.0,1100.0,1099.62,24020116.0,0.0,570951.1,14.35,32.59,1009.76,1400.0,1400.27,22450138.0,0.0,0.04,22040109.0,2900.0,2900.78,22340093.0
0000000027-4125-asu-nz,0000000018-3024-oms-nz,FeNOMeasurement,bed29bbe-8d3a-4751-96da-ec41fc138f11,8431e6bd-5d3e-4c11-b2cc-504dddc0c609,1265.2818603515625,480648.21875,198348.1875,8103.9423828125,7116.7529296875,25918.798828125,182855.296875,176239.421875,234030.34375,69059.90625,124263.3359375,18608.990234375,274047.46875,5773.8203125,18995.998046875,36935.109375,255719.734375,51916.8203125,190255.921875,19441.24609375,6893.3154296875,13156.6103515625,25908.19921875,45525.5078125,2885418.25,357958.25,1390963.0,3518359.0,11209923,5534.02294921875,69370.2421875,137154704,61170996,20911.533203125,85882.1484375,202312.515625,672546.625,4299.8818359375,2726815.75,1107014.875,62701.62890625,484225.375,21048.71484375,819903.25,693.3955078125,423644.40625,440582.40625,235664.890625,922376.625,69490.9140625,77071.7421875,17171.775390625,4142.12451171875,273676.78125,14902.63671875,141936.46875,31168.291015625,401588.0625,1097012.25,58434.26171875,7248.51953125,122068.8125,13539.8212890625,601222.25,63423,34.05128479003906,35.66300582885742,0,0,0,0,0,0,0,0,0,0,0,1,0,0,0,0,0,0,0,False,UNKNOWN,0,0,0,0,194650518,24484,0,37.53135681152344,13,,,"{'Type': 'start', 'Data_Type': 'Synthetical', 'Protocol_name': 'ABGv5-0ppb-6RH-75ccm-Anthony-Q425', 'Trial_Details': {'RH': 0, 'group': 35, 'detail': 'N/A', 'trialnum': 16, 'TrialName': '6rh', 'identifier': 'ckUf6', 'Concentration': 0}, 'Experiment_Rig': 'DA3'}",,2026-01-18 23:49:16.860,"{'cid': 'c04d07ee-94c6-44df-ad3c-f46614593299', 'uuid': '69f71364-92bd-4c57-8ce2-98cc5f66d828', 'annotationId': 'bed29bbe-8d3a-4751-96da-ec41fc138f11', 'name': 'FeNOMeasurement', 'description': 'FeNOMeasurement', 'labels': 'FeNOMeasurement', 'metadata': {'Length': 30, 'Progress': 39, 'startTime': 1768780141606, 'Notification': 'Event FeNOMeasurement Started.'}, 'createdAt': '2026-01-18T23:49:01.850Z', 'createdBy': '5c7b5d9f-c171-4004-a182-4277ffd4c9eb'}",29.85,20.38,1600.0,1600.55,21470060.0,1100.0,1099.23,24020116.0,0.0,570451.81,14.35,32.59,1009.75,1400.0,1400.12,22450138.0,0.0,0.05,22040109.0,2900.0,2900.62,22340093.0
0000000027-4125-asu-nz,0000000018-3024-oms-nz,FeNOMeasurement,bed29bbe-8d3a-4751-96da-ec41fc138f11,8431e6bd-5d3e-4c11-b2cc-504dddc0c609,1264.350830078125,481426.34375,198360.84375,8103.7294921875,7116.89990234375,25919.529296875,182833.5625,176240.46875,234171.109375,68990.53125,124259.484375,18609.3515625,273743.1875,5760.3359375,18995.51953125,36938.60546875,254955.390625,51910.07421875,189830.125,19435.697265625,6893.4072265625,13153.4990234375,25905.888671875,45524.91796875,2887937.75,358129.96875,1393462.375,3519340.5,11223294,5535.1923828125,68966.75,138168176,61222988,20911.92578125,85870.34375,202329.46875,672345.8125,4299.9013671875,2723598.5,1109406.625,62712.9921875,484571.59375,21051.619140625,821411.125,693.60791015625,423707.0,440576.21875,235668.875,921904.5625,69489.8515625,77079.984375,17172.412109375,4143.30810546875,273932.28125,14883.1865234375,142323.25,31164.4765625,401467.9375,1096160.875,58432.84765625,7248.50537109375,122249.375,13540.5849609375,601351.0625,63724,33.890113830566406,35.501834869384766,0,0,0,0,0,0,0,0,0,0,0,1,0,0,0,0,0,0,0,False,UNKNOWN,0,0,0,0,194650518,24484,0,37.53135681152344,13,,,"{'Type': 'start', 'Data_Type': 'Synthetical', 'Protocol_name': 'ABGv5-0ppb-6RH-75ccm-Anthony-Q425', 'Trial_Details': {'RH': 0, 'group': 35, 'detail': 'N/A', 'trialnum': 16, 'TrialName': '6rh', 'identifier': 'ckUf6', 'Concentration': 0}, 'Experiment_Rig': 'DA3'}",,2026-01-18 23:49:17.162,"{'cid': 'c04d07ee-94c6-44df-ad3c-f46614593299', 'uuid': '69f71364-92bd-4c57-8ce2-98cc5f66d828', 'annotationId': 'bed29bbe-8d3a-4751-96da-ec41fc138f11', 'name': 'FeNOMeasurement', 'description': 'FeNOMeasurement', 'labels': 'FeNOMeasurement', 'metadata': {'Length': 30, 'Progress': 39, 'startTime': 1768780141606, 'Notification': 'Event FeNOMeasurement Started.'}, 'createdAt': '2026-01-18T23:49:01.850Z', 'createdBy': '5c7b5d9f-c171-4004-a182-4277ffd4c9eb'}",29.84,20.37,1600.0,1600.29,21470060.0,1100.0,1099.41,24020116.0,0.0,570474.93,14.35,32.59,1009.75,1400.0,1400.33,22450138.0,0.0,0.05,22040109.0,2900.0,2900.5,22340093.0
0000000027-4125-asu-nz,0000000018-3024-oms-nz,FeNOMeasurement,bed29bbe-8d3a-4751-96da-ec41fc138f11,8431e6bd-5d3e-4c11-b2cc-504dddc0c609,1265.135498046875,481292.28125,198398.34375,8103.671875,7116.80908203125,25921.171875,182859.046875,176286.609375,233702.46875,68916.5703125,124274.6953125,18609.029296875,273580.625,5766.99658203125,18995.046875,36931.1328125,254770.5,51913.58203125,188747.640625,19439.484375,6893.85791015625,13157.3828125,25905.9453125,45519.22265625,2891231.75,356786.40625,1391502.0,3520525.75,11237776,5534.9462890625,68339.1328125,139220192,61144980,20910.845703125,85886.453125,202251.703125,672214.0,4301.15625,2716739.25,1107605.875,62722.765625,484683.03125,21052.947265625,821782.0625,694.0093383789062,423585.84375,440751.46875,235682.265625,921565.375,69476.5234375,77094.21875,17173.275390625,4140.5126953125,274210.34375,14880.826171875,141778.25,31165.90625,401341.90625,1095492.125,58425.05859375,7248.48681640625,122102.453125,13539.1875,600429.375,64025,34.05128479003906,35.66300582885742,0,0,0,0,0,0,0,0,0,0,0,1,0,0,0,0,0,0,0,False,UNKNOWN,0,0,0,0,194650518,24484,0,37.53135681152344,13,,,"{'Type': 'start', 'Data_Type': 'Synthetical', 'Protocol_name': 'ABGv5-0ppb-6RH-75ccm-Anthony-Q425', 'Trial_Details': {'RH': 0, 'group': 35, 'detail': 'N/A', 'trialnum': 16, 'TrialName': '6rh', 'identifier': 'ckUf6', 'Concentration': 0}, 'Experiment_Rig': 'DA3'}",,2026-01-18 23:49:17.462,"{'cid': 'c04d07ee-94c6-44df-ad3c-f46614593299', 'uuid': '69f71364-92bd-4c57-8ce2-98cc5f66d828', 'annotationId': 'bed29bbe-8d3a-4751-96da-ec41fc138f11', 'name': 'FeNOMeasurement', 'description': 'FeNOMeasurement', 'labels': 'FeNOMeasurement', 'metadata': {'Length': 30, 'Progress': 39, 'startTime': 1768780141606, 'Notification': 'Event FeNOMeasurement Started.'}, 'createdAt': '2026-01-18T23:49:01.850Z', 'createdBy': '5c7b5d9f-c171-4004-a182-4277ffd4c9eb'}",29.83,20.37,1600.0,1599.81,21470060.0,1100.0,1099.81,24020116.0,0.0,571253.14,14.35,32.59,1009.75,1400.0,1400.69,22450138.0,0.0,0.04,22040109.0,2900.0,2900.4,22340093.0
0000000027-4125-asu-nz,0000000018-3024-oms-nz,FeNOMeasurement,bed29bbe-8d3a-4751-96da-ec41fc138f11,8431e6bd-5d3e-4c11-b2cc-504dddc0c609,1264.814697265625,481806.71875,198415.015625,8103.2109375,7116.57421875,25920.26953125,182928.359375,176311.515625,233909.875,68869.21875,124290.40625,18608.9609375,272993.03125,5775.4453125,18996.521484375,36945.8828125,254492.140625,51910.37109375,189318.75,19444.291015625,6893.11376953125,13167.3896484375,25906.291015625,45520.56640625,2894816.5,357050.40625,1392761.875,3521493.0,11249528,5534.376953125,68982.1640625,140132384,60947896,20910.92578125,85866.640625,202248.234375,672087.6875,4300.12353515625,2717428.25,1107221.25,62735.59765625,484810.5,21054.55078125,821611.0625,693.3826293945312,424024.8125,441238.40625,235727.578125,921973.75,69460.65625,77121.015625,17180.736328125,4144.07861328125,274122.5625,14871.654296875,141773.59375,31166.771484375,401487.21875,1095156.0,58426.03515625,7247.88623046875,121926.0546875,13539.44140625,600687.375,64326,33.890113830566406,35.582420349121094,0,0,0,0,0,0,0,0,0,0,0,1,0,0,0,0,0,0,0,False,UNKNOWN,0,0,0,0,194650518,24484,0,37.53135681152344,13,,,"{'Type': 'start', 'Data_Type': 'Synthetical', 'Protocol_name': 'ABGv5-0ppb-6RH-75ccm-Anthony-Q425', 'Trial_Details': {'RH': 0, 'group': 35, 'detail': 'N/A', 'trialnum': 16, 'TrialName': '6rh', 'identifier': 'ckUf6', 'Concentration': 0}, 'Experiment_Rig': 'DA3'}",,2026-01-18 23:49:17.763,"{'cid': 'c04d07ee-94c6-44df-ad3c-f46614593299', 'uuid': '69f71364-92bd-4c57-8ce2-98cc5f66d828', 'annotationId': 'bed29bbe-8d3a-4751-96da-ec41fc138f11', 'name': 'FeNOMeasurement', 'description': 'FeNOMeasurement', 'labels': 'FeNOMeasurement', 'metadata': {'Length': 30, 'Progress': 39, 'startTime': 1768780141606, 'Notification': 'Event FeNOMeasurement Started.'}, 'createdAt': '2026-01-18T23:49:01.850Z', 'createdBy': '5c7b5d9f-c171-4004-a182-4277ffd4c9eb'}",29.82,20.36,1600.0,1599.33,21470060.0,1100.0,1100.22,24020116.0,0.0,572033.93,14.34,32.59,1009.75,1400.0,1401.05,22450138.0,0.0,0.03,22040109.0,2900.0,2900.31,22340093.0
0000000027-4125-asu-nz,0000000018-3024-oms-nz,FeNOMeasurement,bed29bbe-8d3a-4751-96da-ec41fc138f11,8431e6bd-5d3e-4c11-b2cc-504dddc0c609,1264.614501953125,481895.875,198398.09375,8103.4248046875,7117.1240234375,25919.78515625,183029.515625,176302.4375,233873.515625,68836.1796875,124264.3125,18608.84375,273333.65625,5777.72607421875,18995.57421875,36938.35546875,255002.0625,51906.578125,190520.203125,19434.314453125,6893.1083984375,13160.6220703125,25904.810546875,45505.78125,2895436.5,357321.15625,1393284.5,3522295.25,11256691,5535.1357421875,68710.4140625,140712112,60652652,20911.51171875,85876.59375,202249.359375,672060.0625,4300.36083984375,2717537.0,1107870.75,62728.68359375,485064.96875,21053.57421875,822105.1875,693.74072265625,423964.0625,441111.21875,235738.828125,922246.5625,69464.234375,77099.40625,17175.52734375,4148.99560546875,274078.71875,14870.4716796875,142096.828125,31174.224609375,401357.46875,1094694.125,58422.7265625,7248.15234375,121945.703125,13540.0869140625,599671.75,64627,33.970699310302734,35.66300582885742,0,0,0,0,0,0,0,0,0,0,0,1,0,0,0,0,0,0,0,False,UNKNOWN,0,0,0,0,194650518,24484,0,37.53135681152344,13,,,"{'Type': 'start', 'Data_Type': 'Synthetical', 'Protocol_name': 'ABGv5-0ppb-6RH-75ccm-Anthony-Q425', 'Trial_Details': {'RH': 0, 'group': 35, 'detail': 'N/A', 'trialnum': 16, 'TrialName': '6rh', 'identifier': 'ckUf6', 'Concentration': 0}, 'Experiment_Rig': 'DA3'}",,2026-01-18 23:49:18.064,"{'cid': 'c04d07ee-94c6-44df-ad3c-f46614593299', 'uuid': '69f71364-92bd-4c57-8ce2-98cc5f66d828', 'annotationId': 'bed29bbe-8d3a-4751-96da-ec41fc138f11', 'name': 'FeNOMeasurement', 'description': 'FeNOMeasurement', 'labels': 'FeNOMeasurement', 'metadata': {'Length': 30, 'Progress': 39, 'startTime': 1768780141606, 'Notification': 'Event FeNOMeasurement Started.'}, 'createdAt': '2026-01-18T23:49:01.850Z', 'createdBy': '5c7b5d9f-c171-4004-a182-4277ffd4c9eb'}",29.81,20.36,1600.0,1599.12,21470060.0,1100.0,1100.47,24020116.0,0.0,572814.73,14.34,32.59,1009.75,1400.0,1401.17,22450138.0,0.0,0.02,22040109.0,2900.0,2900.08,22340093.0
0000000027-4125-asu-nz,0000000018-3024-oms-nz,FeNOMeasurement,bed29bbe-8d3a-4751-96da-ec41fc138f11,8431e6bd-5d3e-4c11-b2cc-504dddc0c609,1264.90087890625,481165.03125,198407.375,8103.50830078125,7116.97802734375,25918.662109375,182944.828125,176309.3125,233475.59375,68847.5546875,124247.6015625,18611.5546875,271999.65625,5785.6767578125,18995.01953125,36925.51953125,254825.09375,51899.1953125,189806.921875,19430.037109375,6892.75146484375,13153.9169921875,25903.013671875,45509.41796875,2893470.75,357124.125,1392362.875,3521427.75,11256981,5534.1552734375,68882.7421875,140830512,60310084,20913.91796875,85874.671875,202192.515625,672006.0,4301.5751953125,2712139.5,1109010.625,62721.1171875,485177.0,21053.0546875,822540.8125,692.9676513671875,424046.03125,440822.40625,235754.484375,923185.625,69489.125,77104.765625,17175.998046875,4135.63916015625,274032.03125,14890.95703125,142054.109375,31173.134765625,401242.21875,1094971.75,58434.515625,7248.50732421875,122121.9296875,13543.95703125,599817.25,64928,33.80952835083008,35.66300582885742,0,0,0,0,0,0,0,0,0,0,0,1,0,0,0,0,0,0,0,False,UNKNOWN,0,0,0,0,194650518,24484,0,37.53135681152344,13,,,"{'Type': 'start', 'Data_Type': 'Synthetical', 'Protocol_name': 'ABGv5-0ppb-6RH-75ccm-Anthony-Q425', 'Trial_Details': {'RH': 0, 'group': 35, 'detail': 'N/A', 'trialnum': 16, 'TrialName': '6rh', 'identifier': 'ckUf6', 'Concentration': 0}, 'Experiment_Rig': 'DA3'}",,2026-01-18 23:49:18.365,"{'cid': 'c04d07ee-94c6-44df-ad3c-f46614593299', 'uuid': '69f71364-92bd-4c57-8ce2-98cc5f66d828', 'annotationId': 'bed29bbe-8d3a-4751-96da-ec41fc138f11', 'name': 'FeNOMeasurement', 'description': 'FeNOMeasurement', 'labels': 'FeNOMeasurement', 'metadata': {'Length': 30, 'Progress': 39, 'startTime': 1768780141606, 'Notification': 'Event FeNOMeasurement Started.'}, 'createdAt': '2026-01-18T23:49:01.850Z', 'createdBy': '5c7b5d9f-c171-4004-a182-4277ffd4c9eb'}",29.81,20.36,1600.0,1599.34,21470060.0,1100.0,1100.45,24020116.0,0.0,572395.49,14.34,32.59,1009.75,1400.0,1400.86,22450138.0,0.0,0.01,22040109.0,2900.0,2899.58,22340093.0
0000000027-4125-asu-nz,0000000018-3024-oms-nz,FeNOMeasurement,bed29bbe-8d3a-4751-96da-ec41fc138f11,8431e6bd-5d3e-4c11-b2cc-504dddc0c609,1264.8558349609375,480909.21875,198420.96875,8103.84619140625,7116.755859375,25919.642578125,182989.6875,176305.609375,233363.40625,68929.9453125,124238.515625,18609.7890625,271474.9375,5779.39453125,18996.072265625,36923.2265625,254592.796875,51899.90234375,190918.390625,19440.337890625,6893.42236328125,13160.666015625,25901.853515625,45506.265625,2889858.25,356465.1875,1393553.875,3519975.25,11252611,5534.197265625,68549.84375,140567600,60012604,20911.798828125,85876.7265625,202266.5,671984.875,4300.7529296875,2712529.0,1108897.125,62730.74609375,485145.53125,21053.109375,823234.8125,693.4835815429688,424015.4375,441028.78125,235762.1875,924073.125,69452.5390625,77094.578125,17178.494140625,4138.93798828125,274166.28125,14892.3125,141698.96875,31172.3671875,401655.0,1095507.375,58447.9921875,7248.287109375,122106.6328125,13549.439453125,599430.8125,65229,33.890113830566406,35.582420349121094,0,0,0,0,0,0,0,0,0,0,0,1,0,0,0,0,0,0,0,False,UNKNOWN,0,0,0,0,194650518,24484,0,37.53135681152344,13,,,"{'Type': 'start', 'Data_Type': 'Synthetical', 'Protocol_name': 'ABGv5-0ppb-6RH-75ccm-Anthony-Q425', 'Trial_Details': {'RH': 0, 'group': 35, 'detail': 'N/A', 'trialnum': 16, 'TrialName': '6rh', 'identifier': 'ckUf6', 'Concentration': 0}, 'Experiment_Rig': 'DA3'}",,2026-01-18 23:49:18.666,"{'cid': 'c04d07ee-94c6-44df-ad3c-f46614593299', 'uuid': '69f71364-92bd-4c57-8ce2-98cc5f66d828', 'annotationId': 'bed29bbe-8d3a-4751-96da-ec41fc138f11', 'name': 'FeNOMeasurement', 'description': 'FeNOMeasurement', 'labels': 'FeNOMeasurement', 'metadata': {'Length': 30, 'Progress': 39, 'startTime': 1768780141606, 'Notification': 'Event FeNOMeasurement Started.'}, 'createdAt': '2026-01-18T23:49:01.850Z', 'createdBy': '5c7b5d9f-c171-4004-a182-4277ffd4c9eb'}",29.82,20.36,1600.0,1599.55,21470060.0,1100.0,1100.42,24020116.0,0.0,571526.92,14.34,32.59,1009.76,1400.0,1400.55,22450138.0,0.0,0.01,22040109.0,2900.0,2899.08,22340093.0
0000000027-4125-asu-nz,0000000018-3024-oms-nz,FeNOMeasurement,bed29bbe-8d3a-4751-96da-ec41fc138f11,8431e6bd-5d3e-4c11-b2cc-504dddc0c609,1265.6195068359375,481378.875,198380.859375,8104.18310546875,7116.98388671875,25919.375,182844.4375,176278.703125,233407.421875,68916.328125,124216.140625,18609.865234375,273945.46875,5794.2236328125,18995.365234375,36919.734375,254605.21875,51902.6875,190913.28125,19436.544921875,6893.48779296875,13157.7685546875,25902.41796875,45510.15234375,2887438.0,356552.03125,1398305.625,3518874.0,11245034,5534.01513671875,67872.0625,140043216,59801048,20914.4140625,85848.1640625,202265.6875,672052.8125,4300.2568359375,2713683.0,1108765.375,62725.94921875,485161.125,21054.205078125,823250.25,694.3322143554688,423838.1875,441618.90625,235757.546875,924615.8125,69460.3828125,77101.6171875,17177.703125,4137.71630859375,274359.5,14874.2607421875,141970.765625,31174.4453125,401627.625,1096488.375,58447.3671875,7248.8408203125,122184.6953125,13546.4833984375,600728.75,65530,33.970699310302734,35.743595123291016,0,0,0,0,0,0,0,0,0,0,0,1,0,0,0,0,0,0,0,False,UNKNOWN,0,0,0,0,194650518,24484,0,37.53135681152344,13,,,"{'Type': 'start', 'Data_Type': 'Synthetical', 'Protocol_name': 'ABGv5-0ppb-6RH-75ccm-Anthony-Q425', 'Trial_Details': {'RH': 0, 'group': 35, 'detail': 'N/A', 'trialnum': 16, 'TrialName': '6rh', 'identifier': 'ckUf6', 'Concentration': 0}, 'Experiment_Rig': 'DA3'}",,2026-01-18 23:49:18.975,"{'cid': 'c04d07ee-94c6-44df-ad3c-f46614593299', 'uuid': '69f71364-92bd-4c57-8ce2-98cc5f66d828', 'annotationId': 'bed29bbe-8d3a-4751-96da-ec41fc138f11', 'name': 'FeNOMeasurement', 'description': 'FeNOMeasurement', 'labels': 'FeNOMeasurement', 'metadata': {'Length': 30, 'Progress': 39, 'startTime': 1768780141606, 'Notification': 'Event FeNOMeasurement Started.'}, 'createdAt': '2026-01-18T23:49:01.850Z', 'createdBy': '5c7b5d9f-c171-4004-a182-4277ffd4c9eb'}",29.82,20.36,1600.0,1599.78,21470060.0,1100.0,1100.39,24020116.0,0.0,570635.26,14.33,32.58,1009.76,1400.0,1400.24,22450138.0,0.0,0.0,22040109.0,2900.0,2898.57,22340093.0
0000000027-4125-asu-nz,0000000018-3024-oms-nz,FeNOMeasurement,bed29bbe-8d3a-4751-96da-ec41fc138f11,8431e6bd-5d3e-4c11-b2cc-504dddc0c609,1265.681640625,481159.03125,198384.015625,8103.486328125,7117.66796875,25919.958984375,182876.390625,176273.109375,233247.828125,68919.375,124211.0625,18609.291015625,271632.46875,5797.2666015625,18992.91015625,36924.65234375,254158.28125,51895.05859375,190653.1875,19435.421875,6893.01318359375,13155.0107421875,25904.443359375,45510.9453125,2884912.0,356942.375,1398289.25,3517448.0,11233171,5534.01806640625,67390.1015625,139121168,59692796,20911.3828125,85882.125,202319.171875,672229.1875,4300.013671875,2717159.5,1108611.0,62731.1484375,485127.0625,21053.837890625,823245.5625,693.4508056640625,423672.625,440875.5625,235745.765625,925029.0625,69446.1328125,77079.4453125,17179.017578125,4141.1796875,274200.75,14880.34375,141142.96875,31177.755859375,401680.75,1097732.25,58447.3984375,7248.5478515625,122328.1953125,13539.6064453125,599952.75,65831,33.890113830566406,35.582420349121094,0,0,0,0,0,0,0,0,0,0,0,1,0,0,0,0,0,0,0,False,UNKNOWN,0,0,0,0,194655551,24484,0,38.19660949707031,13,,,"{'Type': 'start', 'Data_Type': 'Synthetical', 'Protocol_name': 'ABGv5-0ppb-6RH-75ccm-Anthony-Q425', 'Trial_Details': {'RH': 0, 'group': 35, 'detail': 'N/A', 'trialnum': 16, 'TrialName': '6rh', 'identifier': 'ckUf6', 'Concentration': 0}, 'Experiment_Rig': 'DA3'}",,2026-01-18 23:49:19.268,"{'cid': 'c04d07ee-94c6-44df-ad3c-f46614593299', 'uuid': '69f71364-92bd-4c57-8ce2-98cc5f66d828', 'annotationId': 'bed29bbe-8d3a-4751-96da-ec41fc138f11', 'name': 'FeNOMeasurement', 'description': 'FeNOMeasurement', 'labels': 'FeNOMeasurement', 'metadata': {'Length': 30, 'Progress': 39, 'startTime': 1768780141606, 'Notification': 'Event FeNOMeasurement Started.'}, 'createdAt': '2026-01-18T23:49:01.850Z', 'createdBy': '5c7b5d9f-c171-4004-a182-4277ffd4c9eb'}",29.82,20.38,1600.0,1600.08,21470060.0,1100.0,1100.14,24020116.0,0.0,569789.77,14.33,32.58,1009.77,1400.0,1400.12,22450138.0,0.0,0.02,22040109.0,2900.0,2900.03,22340093.0
0000000027-4125-asu-nz,0000000018-3024-oms-nz,FeNOMeasurement,bed29bbe-8d3a-4751-96da-ec41fc138f11,8431e6bd-5d3e-4c11-b2cc-504dddc0c609,1266.843994140625,481631.1875,198346.09375,8104.158203125,7117.0390625,25920.185546875,182863.140625,176250.328125,233289.1875,68889.328125,124203.359375,18609.0,272329.25,5787.6171875,18994.640625,36927.359375,253751.296875,51902.19921875,191195.703125,19429.33984375,6893.3125,13146.6416015625,25901.931640625,45513.33203125,2883007.25,357005.5625,1401432.25,3515910.0,11220918,5535.1259765625,68380.140625,138222336,59728388,20914.48828125,85874.875,202313.640625,672461.5,4299.28125,2719384.5,1108232.125,62716.85546875,484705.59375,21054.03125,823049.625,693.259765625,423821.6875,440845.71875,235699.5625,925324.5625,69437.5234375,77089.953125,17178.470703125,4141.97900390625,274332.9375,14897.212890625,141529.578125,31182.0390625,401510.46875,1098559.625,58448.23046875,7248.4326171875,122162.4765625,13544.05078125,599912.0625,66132,33.890113830566406,35.743595123291016,0,0,0,0,0,0,0,0,0,0,0,1,0,0,0,0,0,0,0,False,UNKNOWN,0,0,0,0,194655551,24484,0,38.19660949707031,13,,,"{'Type': 'start', 'Data_Type': 'Synthetical', 'Protocol_name': 'ABGv5-0ppb-6RH-75ccm-Anthony-Q425', 'Trial_Details': {'RH': 0, 'group': 35, 'detail': 'N/A', 'trialnum': 16, 'TrialName': '6rh', 'identifier': 'ckUf6', 'Concentration': 0}, 'Experiment_Rig': 'DA3'}",,2026-01-18 23:49:19.569,"{'cid': 'c04d07ee-94c6-44df-ad3c-f46614593299', 'uuid': '69f71364-92bd-4c57-8ce2-98cc5f66d828', 'annotationId': 'bed29bbe-8d3a-4751-96da-ec41fc138f11', 'name': 'FeNOMeasurement', 'description': 'FeNOMeasurement', 'labels': 'FeNOMeasurement', 'metadata': {'Length': 30, 'Progress': 39, 'startTime': 1768780141606, 'Notification': 'Event FeNOMeasurement Started.'}, 'createdAt': '2026-01-18T23:49:01.850Z', 'createdBy': '5c7b5d9f-c171-4004-a182-4277ffd4c9eb'}",29.83,20.39,1600.0,1600.39,21470060.0,1100.0,1099.87,24020116.0,0.0,570330.63,14.33,32.58,1009.78,1400.0,1400.0,22450138.0,0.0,0.04,22040109.0,2900.0,2901.56,22340093.0
0000000027-4125-asu-nz,0000000018-3024-oms-nz,FeNOMeasurement,bed29bbe-8d3a-4751-96da-ec41fc138f11,8431e6bd-5d3e-4c11-b2cc-504dddc0c609,1265.141357421875,481270.96875,198302.875,8104.14111328125,7116.65283203125,25916.576171875,182902.125,176217.1875,233674.546875,68924.3671875,124232.265625,18608.59765625,271718.5,5791.96728515625,18994.21875,36921.1015625,254562.765625,51897.734375,190219.8125,19431.486328125,6893.36279296875,13156.55078125,25903.427734375,45517.76171875,2881480.75,357756.4375,1402897.125,3514363.25,11207072,5535.57275390625,68953.1328125,137159040,59875852,20911.994140625,85885.484375,202308.34375,672557.6875,4298.84814453125,2721148.5,1106609.75,62713.07421875,484552.65625,21051.666015625,822201.6875,693.9411010742188,423491.0,440448.03125,235680.703125,925548.625,69446.7890625,77120.3125,17179.322265625,4144.78857421875,274015.5625,14878.0,142010.0625,31179.21875,401832.6875,1099122.5,58446.30078125,7248.32080078125,122060.7734375,13535.177734375,600062.0,66433,33.890113830566406,35.582420349121094,0,0,0,0,0,0,0,0,0,0,0,1,0,0,0,0,0,0,0,False,UNKNOWN,0,0,0,0,194655551,24484,0,38.19660949707031,13,,,"{'Type': 'start', 'Data_Type': 'Synthetical', 'Protocol_name': 'ABGv5-0ppb-6RH-75ccm-Anthony-Q425', 'Trial_Details': {'RH': 0, 'group': 35, 'detail': 'N/A', 'trialnum': 16, 'TrialName': '6rh', 'identifier': 'ckUf6', 'Concentration': 0}, 'Experiment_Rig': 'DA3'}",,2026-01-18 23:49:19.870,"{'cid': 'c04d07ee-94c6-44df-ad3c-f46614593299', 'uuid': '69f71364-92bd-4c57-8ce2-98cc5f66d828', 'annotationId': 'bed29bbe-8d3a-4751-96da-ec41fc138f11', 'name': 'FeNOMeasurement', 'description': 'FeNOMeasurement', 'labels': 'FeNOMeasurement', 'metadata': {'Length': 30, 'Progress': 39, 'startTime': 1768780141606, 'Notification': 'Event FeNOMeasurement Started.'}, 'createdAt': '2026-01-18T23:49:01.850Z', 'createdBy': '5c7b5d9f-c171-4004-a182-4277ffd4c9eb'}",29.83,20.41,1600.0,1600.7,21470060.0,1100.0,1099.61,24020116.0,0.0,571075.13,14.33,32.58,1009.78,1400.0,1399.88,22450138.0,0.0,0.06,22040109.0,2900.0,2903.09,22340093.0
0000000027-4125-asu-nz,0000000018-3024-oms-nz,FeNOMeasurement,bed29bbe-8d3a-4751-96da-ec41fc138f11,8431e6bd-5d3e-4c11-b2cc-504dddc0c609,1265.3240966796875,481486.40625,198306.40625,8103.337890625,7117.05908203125,25915.234375,182893.9375,176188.171875,233588.84375,68967.390625,124225.8046875,18610.080078125,271147.0625,5760.21435546875,18992.79296875,36928.6015625,254825.875,51897.22265625,190114.875,19435.201171875,6893.40234375,13159.494140625,25904.5390625,45518.02734375,2880549.75,357302.9375,1398536.875,3512790.0,11198307,5535.51611328125,68926.4375,136438992,60138520,20908.9140625,85902.7421875,202345.078125,672630.1875,4298.8564453125,2718517.0,1108047.25,62701.0625,484189.28125,21054.365234375,821642.9375,692.4296875,423780.34375,440315.96875,235658.734375,925047.9375,69452.3671875,77086.8359375,17175.94921875,4144.02685546875,274000.125,14875.3955078125,141616.875,31180.6953125,401737.65625,1099467.75,58447.37109375,7248.38623046875,122056.6484375,13538.3642578125,601411.3125,66734,33.890113830566406,35.66300582885742,0,0,0,0,0,0,0,0,0,0,0,1,0,0,0,0,0,0,0,False,UNKNOWN,0,0,0,0,194655551,24484,0,38.19660949707031,13,,,"{'Type': 'start', 'Data_Type': 'Synthetical', 'Protocol_name': 'ABGv5-0ppb-6RH-75ccm-Anthony-Q425', 'Trial_Details': {'RH': 0, 'group': 35, 'detail': 'N/A', 'trialnum': 16, 'TrialName': '6rh', 'identifier': 'ckUf6', 'Concentration': 0}, 'Experiment_Rig': 'DA3'}",,2026-01-18 23:49:20.171,"{'cid': 'c04d07ee-94c6-44df-ad3c-f46614593299', 'uuid': '69f71364-92bd-4c57-8ce2-98cc5f66d828', 'annotationId': 'bed29bbe-8d3a-4751-96da-ec41fc138f11', 'name': 'FeNOMeasurement', 'description': 'FeNOMeasurement', 'labels': 'FeNOMeasurement', 'metadata': {'Length': 30, 'Progress': 39, 'startTime': 1768780141606, 'Notification': 'Event FeNOMeasurement Started.'}, 'createdAt': '2026-01-18T23:49:01.850Z', 'createdBy': '5c7b5d9f-c171-4004-a182-4277ffd4c9eb'}",29.83,20.4,1600.0,1600.61,21470060.0,1100.0,1099.57,24020116.0,0.0,571819.63,14.32,32.59,1009.79,1400.0,1399.86,22450138.0,0.0,0.05,22040109.0,2900.0,2903.29,22340093.0
0000000027-4125-asu-nz,0000000018-3024-oms-nz,FeNOMeasurement,bed29bbe-8d3a-4751-96da-ec41fc138f11,8431e6bd-5d3e-4c11-b2cc-504dddc0c609,1264.9066162109375,481645.0625,198301.015625,8103.54638671875,7116.76025390625,25916.228515625,182847.21875,176197.609375,233341.53125,68927.078125,124247.0859375,18609.908203125,272058.21875,5786.69775390625,18992.5703125,36923.96875,254693.25,51905.609375,189695.0625,19437.2421875,6893.14599609375,13164.4443359375,25904.177734375,45520.734375,2880696.25,357478.25,1394058.0,3512812.0,11191558,5535.19189453125,68305.484375,135925120,60466536,20909.33984375,85883.609375,202317.78125,672689.75,4298.3994140625,2717806.0,1108136.0,62699.4375,484445.71875,21053.40234375,821040.125,692.55078125,423719.0625,440560.8125,235614.515625,924214.0,69419.0625,77109.34375,17171.580078125,4130.69140625,274039.9375,14864.8203125,141156.921875,31181.666015625,401604.03125,1099441.25,58448.25390625,7248.0244140625,122062.7578125,13540.892578125,600241.0625,67035,33.890113830566406,35.582420349121094,0,0,0,0,0,0,0,0,0,0,0,1,0,0,0,0,0,0,0,False,UNKNOWN,0,0,0,0,194655551,24484,0,38.19660949707031,13,,,"{'Type': 'start', 'Data_Type': 'Synthetical', 'Protocol_name': 'ABGv5-0ppb-6RH-75ccm-Anthony-Q425', 'Trial_Details': {'RH': 0, 'group': 35, 'detail': 'N/A', 'trialnum': 16, 'TrialName': '6rh', 'identifier': 'ckUf6', 'Concentration': 0}, 'Experiment_Rig': 'DA3'}",,2026-01-18 23:49:20.475,"{'cid': 'c04d07ee-94c6-44df-ad3c-f46614593299', 'uuid': '69f71364-92bd-4c57-8ce2-98cc5f66d828', 'annotationId': 'bed29bbe-8d3a-4751-96da-ec41fc138f11', 'name': 'FeNOMeasurement', 'description': 'FeNOMeasurement', 'labels': 'FeNOMeasurement', 'metadata': {'Length': 30, 'Progress': 39, 'startTime': 1768780141606, 'Notification': 'Event FeNOMeasurement Started.'}, 'createdAt': '2026-01-18T23:49:01.850Z', 'createdBy': '5c7b5d9f-c171-4004-a182-4277ffd4c9eb'}",29.84,20.38,1600.0,1600.32,21470060.0,1100.0,1099.64,24020116.0,0.0,572522.1,14.32,32.59,1009.8,1400.0,1399.88,22450138.0,0.0,0.03,22040109.0,2900.0,2902.64,22340093.0
0000000027-4125-asu-nz,0000000018-3024-oms-nz,FeNOMeasurement,bed29bbe-8d3a-4751-96da-ec41fc138f11,8431e6bd-5d3e-4c11-b2cc-504dddc0c609,1265.452392578125,481241.75,198308.46875,8103.91064453125,7117.0263671875,25916.73828125,182814.28125,176210.21875,233527.234375,68917.5546875,124252.0234375,18610.912109375,272789.9375,5759.103515625,18994.072265625,36917.62109375,254818.65625,51909.19140625,188974.90625,19436.6875,6893.14501953125,13157.2265625,25906.640625,45522.11328125,2883586.5,356873.40625,1394784.5,3515029.25,11192762,5535.73388671875,68228.4765625,135978000,60824836,20911.021484375,85887.703125,202337.21875,672700.625,4299.2822265625,2717036.5,1108275.0,62700.00390625,484197.65625,21050.48828125,820618.125,693.0328979492188,423609.59375,440578.9375,235600.734375,923221.875,69453.453125,77097.0703125,17174.755859375,4138.77783203125,274159.5,14893.8251953125,142159.921875,31175.396484375,401613.53125,1098708.25,58440.6953125,7247.80322265625,122037.4140625,13543.6923828125,601640.0,67336,33.970699310302734,35.582420349121094,0,0,0,0,0,0,0,0,0,0,0,1,0,0,0,0,0,0,0,False,UNKNOWN,0,0,0,0,194655551,24484,0,38.19660949707031,13,,,"{'Type': 'start', 'Data_Type': 'Synthetical', 'Protocol_name': 'ABGv5-0ppb-6RH-75ccm-Anthony-Q425', 'Trial_Details': {'RH': 0, 'group': 35, 'detail': 'N/A', 'trialnum': 16, 'TrialName': '6rh', 'identifier': 'ckUf6', 'Concentration': 0}, 'Experiment_Rig': 'DA3'}",,2026-01-18 23:49:20.773,"{'cid': 'c04d07ee-94c6-44df-ad3c-f46614593299', 'uuid': '69f71364-92bd-4c57-8ce2-98cc5f66d828', 'annotationId': 'bed29bbe-8d3a-4751-96da-ec41fc138f11', 'name': 'FeNOMeasurement', 'description': 'FeNOMeasurement', 'labels': 'FeNOMeasurement', 'metadata': {'Length': 30, 'Progress': 39, 'startTime': 1768780141606, 'Notification': 'Event FeNOMeasurement Started.'}, 'createdAt': '2026-01-18T23:49:01.850Z', 'createdBy': '5c7b5d9f-c171-4004-a182-4277ffd4c9eb'}",29.84,20.37,1600.0,1600.03,21470060.0,1100.0,1099.71,24020116.0,0.0,571785.65,14.32,32.59,1009.79,1400.0,1399.9,22450138.0,0.0,0.01,22040109.0,2900.0,2902.0,22340093.0
0000000027-4125-asu-nz,0000000018-3024-oms-nz,FeNOMeasurement,bed29bbe-8d3a-4751-96da-ec41fc138f11,8431e6bd-5d3e-4c11-b2cc-504dddc0c609,1265.5374755859375,481194.4375,198319.375,8103.76171875,7116.734375,25916.4921875,182740.625,176220.484375,233326.5,68913.7265625,124266.359375,18611.251953125,273279.15625,5779.50830078125,18993.580078125,36909.4921875,254526.875,51920.97265625,189025.34375,19436.1796875,6893.265625,13160.4052734375,25907.65625,45516.3125,2886563.0,356089.0,1394354.125,3517339.75,11197674,5535.3017578125,68177.5390625,136405520,61160312,20911.404296875,85879.28125,202288.203125,672830.8125,4298.9755859375,2721464.0,1109374.125,62703.89453125,484033.4375,21052.736328125,820055.8125,693.5220947265625,423857.6875,440221.34375,235613.921875,922167.75,69428.8828125,77089.78125,17180.05859375,4145.3359375,273714.21875,14867.072265625,142059.484375,31170.7265625,401806.34375,1098444.5,58442.8125,7247.6337890625,122128.75,13547.4228515625,602576.75,67637,33.890113830566406,35.501834869384766,0,0,0,0,0,0,0,0,0,0,0,1,0,0,0,0,0,0,0,False,UNKNOWN,0,0,0,0,194655551,24484,0,38.19660949707031,13,,,"{'Type': 'start', 'Data_Type': 'Synthetical', 'Protocol_name': 'ABGv5-0ppb-6RH-75ccm-Anthony-Q425', 'Trial_Details': {'RH': 0, 'group': 35, 'detail': 'N/A', 'trialnum': 16, 'TrialName': '6rh', 'identifier': 'ckUf6', 'Concentration': 0}, 'Experiment_Rig': 'DA3'}",,2026-01-18 23:49:21.075,"{'cid': 'c04d07ee-94c6-44df-ad3c-f46614593299', 'uuid': '69f71364-92bd-4c57-8ce2-98cc5f66d828', 'annotationId': 'bed29bbe-8d3a-4751-96da-ec41fc138f11', 'name': 'FeNOMeasurement', 'description': 'FeNOMeasurement', 'labels': 'FeNOMeasurement', 'metadata': {'Length': 30, 'Progress': 39, 'startTime': 1768780141606, 'Notification': 'Event FeNOMeasurement Started.'}, 'createdAt': '2026-01-18T23:49:01.850Z', 'createdBy': '5c7b5d9f-c171-4004-a182-4277ffd4c9eb'}",29.84,20.37,1600.0,1599.9,21470060.0,1100.0,1099.79,24020116.0,0.0,571039.33,14.32,32.59,1009.79,1400.0,1399.99,22450138.0,0.0,0.0,22040109.0,2900.0,2901.71,22340093.0
0000000027-4125-asu-nz,0000000018-3024-oms-nz,FeNOMeasurement,bed29bbe-8d3a-4751-96da-ec41fc138f11,8431e6bd-5d3e-4c11-b2cc-504dddc0c609,1265.4051513671875,481210.625,198387.59375,8103.62939453125,7117.15771484375,25917.013671875,182732.0625,176222.21875,233378.984375,68869.375,124276.03125,18611.0546875,273135.75,5745.7314453125,18995.833984375,36921.08203125,254761.8125,51918.12109375,189657.984375,19435.751953125,6893.529296875,13153.791015625,25906.0078125,45525.88671875,2888987.25,358906.09375,1390300.875,3519362.75,11206186,5535.2587890625,68302.9609375,137089360,61409248,20910.75390625,85866.3984375,202269.25,672744.5625,4299.578125,2723525.25,1111151.625,62707.13671875,484371.4375,21053.603515625,820324.0,692.5316162109375,423715.5,440306.53125,235600.234375,921553.8125,69433.6796875,77079.171875,17177.677734375,4128.70263671875,273627.28125,14897.4501953125,139922.53125,31172.548828125,401817.71875,1097563.375,58447.1171875,7247.779296875,122104.0,13529.6083984375,602189.5625,67938,33.890113830566406,35.34066390991211,0,0,0,0,0,0,0,0,0,0,0,1,0,0,0,0,0,0,0,False,UNKNOWN,0,0,0,0,194655551,24484,0,38.19660949707031,13,,,"{'Type': 'start', 'Data_Type': 'Synthetical', 'Protocol_name': 'ABGv5-0ppb-6RH-75ccm-Anthony-Q425', 'Trial_Details': {'RH': 0, 'group': 35, 'detail': 'N/A', 'trialnum': 16, 'TrialName': '6rh', 'identifier': 'ckUf6', 'Concentration': 0}, 'Experiment_Rig': 'DA3'}",,2026-01-18 23:49:21.375,"{'cid': 'c04d07ee-94c6-44df-ad3c-f46614593299', 'uuid': '69f71364-92bd-4c57-8ce2-98cc5f66d828', 'annotationId': 'bed29bbe-8d3a-4751-96da-ec41fc138f11', 'name': 'FeNOMeasurement', 'description': 'FeNOMeasurement', 'labels': 'FeNOMeasurement', 'metadata': {'Length': 30, 'Progress': 39, 'startTime': 1768780141606, 'Notification': 'Event FeNOMeasurement Started.'}, 'createdAt': '2026-01-18T23:49:01.850Z', 'createdBy': '5c7b5d9f-c171-4004-a182-4277ffd4c9eb'}",29.84,20.38,1600.0,1600.06,21470060.0,1100.0,1099.88,24020116.0,0.0,570297.94,14.32,32.59,1009.78,1400.0,1400.23,22450138.0,0.0,0.0,22040109.0,2900.0,2902.45,22340093.0
0000000027-4125-asu-nz,0000000018-3024-oms-nz,FeNOMeasurement,bed29bbe-8d3a-4751-96da-ec41fc138f11,8431e6bd-5d3e-4c11-b2cc-504dddc0c609,1265.193359375,481002.625,198390.625,8103.6591796875,7117.17431640625,25918.263671875,182954.078125,176240.90625,233559.375,68873.8671875,124270.390625,18610.525390625,271877.96875,5756.3974609375,18995.716796875,36924.0234375,254689.9375,51897.03515625,189706.390625,19437.384765625,6893.7158203125,13159.2490234375,25905.20703125,45521.16796875,2891691.75,357714.6875,1390095.25,3520451.0,11215557,5535.0625,68725.15625,137943424,61546988,20913.87109375,85844.3046875,202306.078125,672484.4375,4299.833984375,2724060.5,1110957.375,62700.5859375,484304.90625,21050.26953125,820354.625,692.4822387695312,423710.53125,440331.3125,235666.234375,921208.75,69419.4375,77103.015625,17175.822265625,4137.7568359375,273531.9375,14876.9794921875,141142.0,31168.04296875,401358.78125,1096798.0,58437.94921875,7248.30908203125,122116.5390625,13536.177734375,602418.9375,68239,33.970699310302734,35.66300582885742,0,0,0,0,0,0,0,0,0,0,0,1,0,0,0,0,0,0,0,False,UNKNOWN,0,0,0,0,194655551,24484,0,38.19660949707031,13,,,"{'Type': 'start', 'Data_Type': 'Synthetical', 'Protocol_name': 'ABGv5-0ppb-6RH-75ccm-Anthony-Q425', 'Trial_Details': {'RH': 0, 'group': 35, 'detail': 'N/A', 'trialnum': 16, 'TrialName': '6rh', 'identifier': 'ckUf6', 'Concentration': 0}, 'Experiment_Rig': 'DA3'}",,2026-01-18 23:49:21.677,"{'cid': 'c04d07ee-94c6-44df-ad3c-f46614593299', 'uuid': '69f71364-92bd-4c57-8ce2-98cc5f66d828', 'annotationId': 'bed29bbe-8d3a-4751-96da-ec41fc138f11', 'name': 'FeNOMeasurement', 'description': 'FeNOMeasurement', 'labels': 'FeNOMeasurement', 'metadata': {'Length': 30, 'Progress': 39, 'startTime': 1768780141606, 'Notification': 'Event FeNOMeasurement Started.'}, 'createdAt': '2026-01-18T23:49:01.850Z', 'createdBy': '5c7b5d9f-c171-4004-a182-4277ffd4c9eb'}",29.84,20.39,1600.0,1600.23,21470060.0,1100.0,1099.98,24020116.0,0.0,569724.78,14.32,32.59,1009.78,1400.0,1400.47,22450138.0,0.0,0.0,22040109.0,2900.0,2903.2,22340093.0
0000000027-4125-asu-nz,0000000018-3024-oms-nz,FeNOMeasurement,bed29bbe-8d3a-4751-96da-ec41fc138f11,8431e6bd-5d3e-4c11-b2cc-504dddc0c609,1265.51220703125,481947.1875,198433.265625,8103.41259765625,7117.1982421875,25920.4453125,182981.734375,176270.515625,233113.140625,68794.484375,124278.59375,18612.11328125,272640.21875,5763.55224609375,18995.822265625,36920.9765625,254918.0,51899.46875,190660.78125,19435.470703125,6893.34375,13149.353515625,25901.755859375,45523.796875,2897364.75,358834.46875,1395293.125,3522120.75,11240060,5535.46435546875,67343.21875,140049984,61388464,20916.650390625,85867.7734375,202264.578125,672191.625,4299.220703125,2718634.5,1107376.625,62710.61328125,484304.53125,21049.361328125,820724.75,693.6773681640625,423859.65625,440418.0625,235705.609375,920785.4375,69414.46875,77121.3203125,17175.453125,4134.314453125,273298.25,14889.2626953125,142070.15625,31170.0703125,401184.375,1095735.5,58426.21484375,7248.0048828125,122257.2109375,13523.7626953125,601938.9375,68841,33.890113830566406,35.582420349121094,0,0,0,0,0,0,0,0,0,0,0,1,0,0,0,0,0,0,0,False,UNKNOWN,0,0,0,0,194655551,24484,0,38.19660949707031,13,,,"{'Type': 'start', 'Data_Type': 'Synthetical', 'Protocol_name': 'ABGv5-0ppb-6RH-75ccm-Anthony-Q425', 'Trial_Details': {'RH': 0, 'group': 35, 'detail': 'N/A', 'trialnum': 16, 'TrialName': '6rh', 'identifier': 'ckUf6', 'Concentration': 0}, 'Experiment_Rig': 'DA3'}",,2026-01-18 23:49:22.279,"{'cid': 'c04d07ee-94c6-44df-ad3c-f46614593299', 'uuid': '69f71364-92bd-4c57-8ce2-98cc5f66d828', 'annotationId': 'bed29bbe-8d3a-4751-96da-ec41fc138f11', 'name': 'FeNOMeasurement', 'description': 'FeNOMeasurement', 'labels': 'FeNOMeasurement', 'metadata': {'Length': 30, 'Progress': 39, 'startTime': 1768780141606, 'Notification': 'Event FeNOMeasurement Started.'}, 'createdAt': '2026-01-18T23:49:01.850Z', 'createdBy': '5c7b5d9f-c171-4004-a182-4277ffd4c9eb'}",29.84,20.39,1600.0,1600.05,21470060.0,1100.0,1100.31,24020116.0,0.0,570241.76,14.31,32.59,1009.77,1400.0,1401.1,22450138.0,0.0,0.01,22040109.0,2900.0,2903.24,22340093.0
0000000027-4125-asu-nz,0000000018-3024-oms-nz,FeNOMeasurement,bed29bbe-8d3a-4751-96da-ec41fc138f11,8431e6bd-5d3e-4c11-b2cc-504dddc0c609,1267.0501708984375,482013.125,198442.75,8103.05224609375,7117.1669921875,25921.03515625,182901.1875,176271.140625,233145.515625,68813.9296875,124271.5390625,18609.81640625,273688.4375,5752.1982421875,18994.20703125,36931.89453125,254931.640625,51897.52734375,188811.34375,19435.08984375,6893.818359375,13149.982421875,25899.541015625,45525.96484375,2899516.0,357904.53125,1393889.25,3522576.0,11247334,5534.83447265625,67044.7734375,140738752,61130296,20913.72265625,85859.7421875,202256.015625,672143.6875,4300.0244140625,2716112.25,1108012.25,62720.57421875,484476.125,21052.47265625,820679.8125,694.0101928710938,424036.6875,440989.5,235727.453125,921450.875,69407.6796875,77125.2734375,17168.677734375,4140.591796875,273841.15625,14882.80859375,141619.1875,31170.609375,401176.03125,1095414.125,58435.5234375,7248.1796875,122110.75,13526.740234375,601831.9375,69142,33.970699310302734,35.66300582885742,0,0,0,0,0,0,0,0,0,0,0,1,0,0,0,0,0,0,0,False,UNKNOWN,0,0,0,0,194655551,24484,0,38.19660949707031,13,,,"{'Type': 'start', 'Data_Type': 'Synthetical', 'Protocol_name': 'ABGv5-0ppb-6RH-75ccm-Anthony-Q425', 'Trial_Details': {'RH': 0, 'group': 35, 'detail': 'N/A', 'trialnum': 16, 'TrialName': '6rh', 'identifier': 'ckUf6', 'Concentration': 0}, 'Experiment_Rig': 'DA3'}",,2026-01-18 23:49:22.580,"{'cid': 'c04d07ee-94c6-44df-ad3c-f46614593299', 'uuid': '69f71364-92bd-4c57-8ce2-98cc5f66d828', 'annotationId': 'bed29bbe-8d3a-4751-96da-ec41fc138f11', 'name': 'FeNOMeasurement', 'description': 'FeNOMeasurement', 'labels': 'FeNOMeasurement', 'metadata': {'Length': 30, 'Progress': 39, 'startTime': 1768780141606, 'Notification': 'Event FeNOMeasurement Started.'}, 'createdAt': '2026-01-18T23:49:01.850Z', 'createdBy': '5c7b5d9f-c171-4004-a182-4277ffd4c9eb'}",29.85,20.39,1600.0,1599.69,21470060.0,1100.0,1100.55,24020116.0,0.0,570500.25,14.31,32.59,1009.76,1400.0,1401.51,22450138.0,0.0,0.01,22040109.0,2900.0,2902.4,22340093.0
0000000027-4125-asu-nz,0000000018-3024-oms-nz,FeNOMeasurement,bed29bbe-8d3a-4751-96da-ec41fc138f11,8431e6bd-5d3e-4c11-b2cc-504dddc0c609,1266.815673828125,481689.125,198458.75,8103.79541015625,7117.4384765625,25921.3359375,182910.21875,176258.515625,233464.1875,68891.90625,124248.453125,18610.568359375,272965.59375,5759.814453125,18994.318359375,36931.54296875,254093.796875,51897.109375,189173.03125,19432.39453125,6893.619140625,13141.2646484375,25898.8984375,45518.93359375,2898497.25,358118.21875,1392828.5,3522519.25,11250716,5535.240234375,66901.859375,141185888,60801720,20920.6484375,85877.8984375,202246.765625,672117.625,4300.14501953125,2716229.0,1109591.25,62720.6640625,484740.03125,21052.75390625,820630.75,693.1749267578125,424135.9375,440506.375,235740.640625,922336.75,69447.15625,77101.7578125,17175.296875,4144.4697265625,272476.6875,14905.0068359375,142234.546875,31169.255859375,401531.9375,1095591.875,58432.859375,7248.07373046875,122142.03125,13530.5556640625,601101.1875,69443,33.890113830566406,35.743595123291016,0,0,0,0,0,0,0,0,0,0,0,1,0,0,0,0,0,0,0,False,UNKNOWN,0,0,0,0,194655551,24484,0,38.19660949707031,13,,,"{'Type': 'start', 'Data_Type': 'Synthetical', 'Protocol_name': 'ABGv5-0ppb-6RH-75ccm-Anthony-Q425', 'Trial_Details': {'RH': 0, 'group': 35, 'detail': 'N/A', 'trialnum': 16, 'TrialName': '6rh', 'identifier': 'ckUf6', 'Concentration': 0}, 'Experiment_Rig': 'DA3'}",,2026-01-18 23:49:22.881,"{'cid': 'c04d07ee-94c6-44df-ad3c-f46614593299', 'uuid': '69f71364-92bd-4c57-8ce2-98cc5f66d828', 'annotationId': 'bed29bbe-8d3a-4751-96da-ec41fc138f11', 'name': 'FeNOMeasurement', 'description': 'FeNOMeasurement', 'labels': 'FeNOMeasurement', 'metadata': {'Length': 30, 'Progress': 39, 'startTime': 1768780141606, 'Notification': 'Event FeNOMeasurement Started.'}, 'createdAt': '2026-01-18T23:49:01.850Z', 'createdBy': '5c7b5d9f-c171-4004-a182-4277ffd4c9eb'}",29.85,20.38,1600.0,1599.33,21470060.0,1100.0,1100.79,24020116.0,0.0,570875.51,14.31,32.59,1009.77,1400.0,1401.92,22450138.0,0.0,0.02,22040109.0,2900.0,2901.57,22340093.0
0000000027-4125-asu-nz,0000000018-3024-oms-nz,FeNOMeasurement,bed29bbe-8d3a-4751-96da-ec41fc138f11,8431e6bd-5d3e-4c11-b2cc-504dddc0c609,1266.0009765625,481592.84375,198420.796875,8103.3017578125,7117.611328125,25922.1796875,182861.875,176238.765625,233330.734375,68883.9375,124232.1171875,18609.27734375,271652.5625,5769.341796875,18993.35546875,36929.93359375,254831.0,51890.73046875,189818.0625,19432.123046875,6893.845703125,13157.396484375,25898.734375,45514.02734375,2896444.5,355647.3125,1392026.375,3522222.25,11250240,5534.84619140625,67858.0,141338144,60436044,20919.271484375,85876.5390625,202260.28125,672070.0625,4300.23291015625,2714044.25,1107869.5,62725.71875,484624.6875,21051.2890625,820595.0,693.763427734375,423389.15625,440728.375,235733.15625,923471.8125,69449.375,77103.0703125,17175.82421875,4149.615234375,273566.53125,14891.0400390625,142705.125,31170.87109375,401513.90625,1095859.625,58432.2265625,7248.091796875,121955.0234375,13529.734375,600376.875,69745,33.890113830566406,35.582420349121094,0,0,0,0,0,0,0,0,0,0,0,1,0,0,0,0,0,0,0,False,UNKNOWN,0,0,0,0,194655551,24484,0,38.19660949707031,13,,,"{'Type': 'start', 'Data_Type': 'Synthetical', 'Protocol_name': 'ABGv5-0ppb-6RH-75ccm-Anthony-Q425', 'Trial_Details': {'RH': 0, 'group': 35, 'detail': 'N/A', 'trialnum': 16, 'TrialName': '6rh', 'identifier': 'ckUf6', 'Concentration': 0}, 'Experiment_Rig': 'DA3'}",,2026-01-18 23:49:23.184,"{'cid': 'c04d07ee-94c6-44df-ad3c-f46614593299', 'uuid': '69f71364-92bd-4c57-8ce2-98cc5f66d828', 'annotationId': 'bed29bbe-8d3a-4751-96da-ec41fc138f11', 'name': 'FeNOMeasurement', 'description': 'FeNOMeasurement', 'labels': 'FeNOMeasurement', 'metadata': {'Length': 30, 'Progress': 39, 'startTime': 1768780141606, 'Notification': 'Event FeNOMeasurement Started.'}, 'createdAt': '2026-01-18T23:49:01.850Z', 'createdBy': '5c7b5d9f-c171-4004-a182-4277ffd4c9eb'}",29.85,20.37,1600.0,1599.48,21470060.0,1100.0,1100.79,24020116.0,0.0,571376.4,14.31,32.59,1009.78,1400.0,1401.69,22450138.0,0.0,0.02,22040109.0,2900.0,2900.79,22340093.0
0000000027-4125-asu-nz,0000000018-3024-oms-nz,FeNOMeasurement,bed29bbe-8d3a-4751-96da-ec41fc138f11,8431e6bd-5d3e-4c11-b2cc-504dddc0c609,1265.568603515625,481997.8125,198395.75,8103.1328125,7116.76416015625,25922.11328125,182989.625,176249.015625,232886.34375,68845.7578125,124216.9140625,18608.5078125,272539.90625,5774.6796875,18993.6640625,36928.8515625,254735.6875,51888.13671875,188821.375,19426.259765625,6893.4208984375,13160.771484375,25898.837890625,45510.0078125,2893637.0,354628.8125,1391052.125,3521168.5,11248808,5534.0126953125,68236.3515625,141015312,60138780,20918.1015625,85871.5,202318.09375,672035.5625,4300.2958984375,2715304.25,1104492.375,62720.609375,484504.21875,21048.34375,821423.0,692.6497192382812,423521.125,440262.5,235736.625,924218.1875,69441.4140625,77092.546875,17172.203125,4145.73095703125,272439.90625,14886.9169921875,142345.296875,31173.052734375,401646.0,1096320.5,58429.140625,7248.06298828125,121943.78125,13530.0625,600454.6875,70045,33.890113830566406,35.582420349121094,0,0,0,0,0,0,0,0,0,0,0,1,0,0,0,0,0,0,0,False,UNKNOWN,0,0,0,0,194655551,24484,0,38.19660949707031,13,,,"{'Type': 'start', 'Data_Type': 'Synthetical', 'Protocol_name': 'ABGv5-0ppb-6RH-75ccm-Anthony-Q425', 'Trial_Details': {'RH': 0, 'group': 35, 'detail': 'N/A', 'trialnum': 16, 'TrialName': '6rh', 'identifier': 'ckUf6', 'Concentration': 0}, 'Experiment_Rig': 'DA3'}",,2026-01-18 23:49:23.484,"{'cid': 'c04d07ee-94c6-44df-ad3c-f46614593299', 'uuid': '69f71364-92bd-4c57-8ce2-98cc5f66d828', 'annotationId': 'bed29bbe-8d3a-4751-96da-ec41fc138f11', 'name': 'FeNOMeasurement', 'description': 'FeNOMeasurement', 'labels': 'FeNOMeasurement', 'metadata': {'Length': 30, 'Progress': 39, 'startTime': 1768780141606, 'Notification': 'Event FeNOMeasurement Started.'}, 'createdAt': '2026-01-18T23:49:01.850Z', 'createdBy': '5c7b5d9f-c171-4004-a182-4277ffd4c9eb'}",29.84,20.35,1600.0,1599.91,21470060.0,1100.0,1100.65,24020116.0,0.0,571872.34,14.3,32.59,1009.79,1400.0,1401.05,22450138.0,0.0,0.02,22040109.0,2900.0,2900.08,22340093.0
0000000027-4125-asu-nz,0000000018-3024-oms-nz,FeNOMeasurement,bed29bbe-8d3a-4751-96da-ec41fc138f11,8431e6bd-5d3e-4c11-b2cc-504dddc0c609,1266.932373046875,481883.375,198391.109375,8103.2158203125,7117.044921875,25920.95703125,182946.515625,176206.140625,232966.78125,68915.1015625,124239.265625,18610.46484375,272654.1875,5764.47802734375,18992.009765625,36928.1640625,254692.5,51885.23046875,188228.046875,19430.640625,6894.13232421875,13153.4580078125,25900.650390625,45513.74609375,2890337.0,355505.0625,1391378.875,3519767.25,11240946,5535.18310546875,69246.8671875,140475696,59927904,20918.4296875,85878.8515625,202374.53125,672147.75,4300.14892578125,2720449.5,1106428.0,62731.09765625,484663.15625,21053.11328125,821270.875,692.776123046875,423238.8125,440247.3125,235718.125,924638.125,69452.390625,77079.8515625,17171.603515625,4148.8837890625,272020.5,14892.6796875,142284.171875,31174.5703125,401584.0625,1097003.375,58445.0078125,7247.98046875,121872.6171875,13529.1337890625,601341.125,70346,33.890113830566406,35.743595123291016,0,0,0,0,0,0,0,0,0,0,0,1,0,0,0,0,0,0,0,False,UNKNOWN,0,0,0,0,194655551,24484,0,38.19660949707031,13,,,"{'Type': 'start', 'Data_Type': 'Synthetical', 'Protocol_name': 'ABGv5-0ppb-6RH-75ccm-Anthony-Q425', 'Trial_Details': {'RH': 0, 'group': 35, 'detail': 'N/A', 'trialnum': 16, 'TrialName': '6rh', 'identifier': 'ckUf6', 'Concentration': 0}, 'Experiment_Rig': 'DA3'}",,2026-01-18 23:49:23.786,"{'cid': 'c04d07ee-94c6-44df-ad3c-f46614593299', 'uuid': '69f71364-92bd-4c57-8ce2-98cc5f66d828', 'annotationId': 'bed29bbe-8d3a-4751-96da-ec41fc138f11', 'name': 'FeNOMeasurement', 'description': 'FeNOMeasurement', 'labels': 'FeNOMeasurement', 'metadata': {'Length': 30, 'Progress': 39, 'startTime': 1768780141606, 'Notification': 'Event FeNOMeasurement Started.'}, 'createdAt': '2026-01-18T23:49:01.850Z', 'createdBy': '5c7b5d9f-c171-4004-a182-4277ffd4c9eb'}",29.84,20.34,1600.0,1600.34,21470060.0,1100.0,1100.51,24020116.0,0.0,572371.58,14.3,32.59,1009.8,1400.0,1400.4,22450138.0,0.0,0.02,22040109.0,2900.0,2899.36,22340093.0
0000000027-4125-asu-nz,0000000018-3024-oms-nz,FeNOMeasurement,bed29bbe-8d3a-4751-96da-ec41fc138f11,8431e6bd-5d3e-4c11-b2cc-504dddc0c609,1265.86865234375,481443.0625,198367.21875,8103.056640625,7117.212890625,25919.482421875,182944.359375,176199.4375,233149.625,68904.5859375,124223.8125,18608.822265625,271301.09375,5766.8154296875,18992.744140625,36920.34765625,254900.546875,51882.25390625,188346.046875,19439.591796875,6893.68310546875,13158.1748046875,25900.509765625,45511.828125,2887906.75,355406.40625,1394332.25,3518179.0,11226296,5534.93603515625,68444.5234375,139345232,59842252,20918.306640625,85879.734375,202401.921875,672359.5,4299.1513671875,2728591.0,1108548.5,62716.453125,484181.21875,21051.845703125,820179.8125,692.6445922851562,423347.8125,440575.875,235695.140625,924910.5625,69481.7421875,77107.6875,17176.18359375,4140.46630859375,273904.625,14901.2470703125,142037.71875,31173.931640625,401638.3125,1097920.5,58452.171875,7247.8818359375,121951.671875,13531.7041015625,602673.0,70647,33.970699310302734,35.582420349121094,0,0,0,0,0,0,0,0,0,0,0,1,0,0,0,0,0,0,0,False,UNKNOWN,0,0,0,0,194660566,24484,0,37.003326416015625,13,,,"{'Type': 'start', 'Data_Type': 'Synthetical', 'Protocol_name': 'ABGv5-0ppb-6RH-75ccm-Anthony-Q425', 'Trial_Details': {'RH': 0, 'group': 35, 'detail': 'N/A', 'trialnum': 16, 'TrialName': '6rh', 'identifier': 'ckUf6', 'Concentration': 0}, 'Experiment_Rig': 'DA3'}",,2026-01-18 23:49:24.084,"{'cid': 'c04d07ee-94c6-44df-ad3c-f46614593299', 'uuid': '69f71364-92bd-4c57-8ce2-98cc5f66d828', 'annotationId': 'bed29bbe-8d3a-4751-96da-ec41fc138f11', 'name': 'FeNOMeasurement', 'description': 'FeNOMeasurement', 'labels': 'FeNOMeasurement', 'metadata': {'Length': 30, 'Progress': 39, 'startTime': 1768780141606, 'Notification': 'Event FeNOMeasurement Started.'}, 'createdAt': '2026-01-18T23:49:01.850Z', 'createdBy': '5c7b5d9f-c171-4004-a182-4277ffd4c9eb'}",29.84,20.33,1600.0,1600.51,21470060.0,1100.0,1100.4,24020116.0,0.0,572150.04,14.3,32.59,1009.8,1400.0,1399.99,22450138.0,0.0,0.02,22040109.0,2900.0,2899.05,22340093.0
0000000027-4125-asu-nz,0000000018-3024-oms-nz,FeNOMeasurement,bed29bbe-8d3a-4751-96da-ec41fc138f11,8431e6bd-5d3e-4c11-b2cc-504dddc0c609,1265.7633056640625,481114.46875,198370.78125,8103.16259765625,7117.26171875,25918.00390625,182844.296875,176198.78125,233101.171875,68859.484375,124222.6015625,18608.748046875,271465.90625,5763.548828125,18993.478515625,36927.19140625,254825.234375,51899.6171875,188083.65625,19438.826171875,6893.15087890625,13156.35546875,25902.095703125,45516.9296875,2886132.5,355067.0625,1393880.5,3516785.75,11217022,5535.29345703125,67258.5234375,138673856,59895796,20917.189453125,85875.3046875,202383.1875,672440.875,4299.6455078125,2729202.5,1108199.25,62712.02734375,484238.53125,21050.787109375,820380.25,692.6790771484375,423565.34375,440345.4375,235657.359375,925231.5625,69459.8125,77117.1171875,17174.271484375,4138.828125,274090.375,14896.2412109375,140686.671875,31176.609375,401995.03125,1098669.625,58453.3203125,7248.0966796875,121918.8359375,13528.8369140625,603369.8125,70948,33.890113830566406,35.66300582885742,0,0,0,0,0,0,0,0,0,0,0,1,0,0,0,0,0,0,0,False,UNKNOWN,0,0,0,0,194660566,24484,0,37.003326416015625,13,,,"{'Type': 'start', 'Data_Type': 'Synthetical', 'Protocol_name': 'ABGv5-0ppb-6RH-75ccm-Anthony-Q425', 'Trial_Details': {'RH': 0, 'group': 35, 'detail': 'N/A', 'trialnum': 16, 'TrialName': '6rh', 'identifier': 'ckUf6', 'Concentration': 0}, 'Experiment_Rig': 'DA3'}",,2026-01-18 23:49:24.388,"{'cid': 'c04d07ee-94c6-44df-ad3c-f46614593299', 'uuid': '69f71364-92bd-4c57-8ce2-98cc5f66d828', 'annotationId': 'bed29bbe-8d3a-4751-96da-ec41fc138f11', 'name': 'FeNOMeasurement', 'description': 'FeNOMeasurement', 'labels': 'FeNOMeasurement', 'metadata': {'Length': 30, 'Progress': 39, 'startTime': 1768780141606, 'Notification': 'Event FeNOMeasurement Started.'}, 'createdAt': '2026-01-18T23:49:01.850Z', 'createdBy': '5c7b5d9f-c171-4004-a182-4277ffd4c9eb'}",29.84,20.33,1600.0,1600.05,21470060.0,1100.0,1100.4,24020116.0,0.0,571521.83,14.3,32.59,1009.79,1400.0,1400.28,22450138.0,0.0,0.02,22040109.0,2900.0,2900.28,22340093.0
0000000027-4125-asu-nz,0000000018-3024-oms-nz,FeNOMeasurement,bed29bbe-8d3a-4751-96da-ec41fc138f11,8431e6bd-5d3e-4c11-b2cc-504dddc0c609,1265.5833740234375,480966.28125,198359.234375,8102.90771484375,7116.3896484375,25917.8671875,182909.1875,176189.4375,233174.6875,68974.5234375,124214.625,18610.04296875,271129.59375,5774.22607421875,18994.333984375,36927.1953125,255007.21875,51906.9609375,188430.515625,19426.87109375,6893.36669921875,13162.0546875,25902.64453125,45521.17578125,2884549.0,355819.90625,1395041.75,3515055.5,11202482,5534.59130859375,67988.328125,137620352,60058608,20918.166015625,85873.59375,202329.734375,672550.125,4301.17138671875,2732356.0,1110943.75,62702.76171875,484538.96875,21050.853515625,819896.9375,693.32568359375,423449.8125,440171.25,235612.328125,925407.6875,69465.171875,77156.921875,17177.69921875,4135.01123046875,274193.15625,14916.3623046875,140399.171875,31176.451171875,402100.8125,1099302.5,58447.27734375,7248.568359375,122097.71875,13527.2587890625,603729.0625,71249,33.970699310302734,35.582420349121094,0,0,0,0,0,0,0,0,0,0,0,1,0,0,0,0,0,0,0,False,UNKNOWN,0,0,0,0,194660566,24484,0,37.003326416015625,13,,,"{'Type': 'start', 'Data_Type': 'Synthetical', 'Protocol_name': 'ABGv5-0ppb-6RH-75ccm-Anthony-Q425', 'Trial_Details': {'RH': 0, 'group': 35, 'detail': 'N/A', 'trialnum': 16, 'TrialName': '6rh', 'identifier': 'ckUf6', 'Concentration': 0}, 'Experiment_Rig': 'DA3'}",,2026-01-18 23:49:24.688,"{'cid': 'c04d07ee-94c6-44df-ad3c-f46614593299', 'uuid': '69f71364-92bd-4c57-8ce2-98cc5f66d828', 'annotationId': 'bed29bbe-8d3a-4751-96da-ec41fc138f11', 'name': 'FeNOMeasurement', 'description': 'FeNOMeasurement', 'labels': 'FeNOMeasurement', 'metadata': {'Length': 30, 'Progress': 39, 'startTime': 1768780141606, 'Notification': 'Event FeNOMeasurement Started.'}, 'createdAt': '2026-01-18T23:49:01.850Z', 'createdBy': '5c7b5d9f-c171-4004-a182-4277ffd4c9eb'}",29.84,20.34,1600.0,1599.6,21470060.0,1100.0,1100.4,24020116.0,0.0,570901.88,14.31,32.58,1009.78,1400.0,1400.56,22450138.0,0.0,0.03,22040109.0,2900.0,2901.5,22340093.0
0000000027-4125-asu-nz,0000000018-3024-oms-nz,FeNOMeasurement,bed29bbe-8d3a-4751-96da-ec41fc138f11,8431e6bd-5d3e-4c11-b2cc-504dddc0c609,1264.315673828125,481613.8125,198361.640625,8102.880859375,7116.673828125,25915.958984375,182869.90625,176183.0625,233201.296875,68968.390625,124224.1015625,18611.416015625,272065.0625,5770.3681640625,18993.666015625,36924.5390625,255048.53125,51905.99609375,188606.09375,19424.435546875,6893.361328125,13150.9326171875,25902.35546875,45515.35546875,2883609.0,355544.53125,1393598.75,3513700.0,11198331,5534.97607421875,66903.3984375,137275840,60318068,20918.6484375,85871.125,202321.484375,672579.625,4299.83251953125,2734253.5,1110111.75,62699.390625,484314.625,21048.984375,818642.6875,693.7973022460938,423337.21875,440497.9375,235642.84375,924952.5,69457.1640625,77133.1484375,17174.603515625,4126.92236328125,273949.15625,14920.5224609375,139841.671875,31175.857421875,402130.65625,1099624.0,58429.83203125,7248.021484375,122091.2578125,13539.408203125,603961.125,71550,33.80952835083008,35.66300582885742,0,0,0,0,0,0,0,0,0,0,0,1,0,0,0,0,0,0,0,False,UNKNOWN,0,0,0,0,194660566,24484,0,37.003326416015625,13,,,"{'Type': 'start', 'Data_Type': 'Synthetical', 'Protocol_name': 'ABGv5-0ppb-6RH-75ccm-Anthony-Q425', 'Trial_Details': {'RH': 0, 'group': 35, 'detail': 'N/A', 'trialnum': 16, 'TrialName': '6rh', 'identifier': 'ckUf6', 'Concentration': 0}, 'Experiment_Rig': 'DA3'}",,2026-01-18 23:49:24.990,"{'cid': 'c04d07ee-94c6-44df-ad3c-f46614593299', 'uuid': '69f71364-92bd-4c57-8ce2-98cc5f66d828', 'annotationId': 'bed29bbe-8d3a-4751-96da-ec41fc138f11', 'name': 'FeNOMeasurement', 'description': 'FeNOMeasurement', 'labels': 'FeNOMeasurement', 'metadata': {'Length': 30, 'Progress': 39, 'startTime': 1768780141606, 'Notification': 'Event FeNOMeasurement Started.'}, 'createdAt': '2026-01-18T23:49:01.850Z', 'createdBy': '5c7b5d9f-c171-4004-a182-4277ffd4c9eb'}",29.84,20.34,1600.0,1599.15,21470060.0,1100.0,1100.4,24020116.0,0.0,570277.79,14.31,32.58,1009.77,1400.0,1400.85,22450138.0,0.0,0.03,22040109.0,2900.0,2902.72,22340093.0
0000000027-4125-asu-nz,0000000018-3024-oms-nz,FeNOMeasurement,bed29bbe-8d3a-4751-96da-ec41fc138f11,8431e6bd-5d3e-4c11-b2cc-504dddc0c609,1266.002685546875,480910.34375,198347.109375,8103.1728515625,7116.77734375,25915.990234375,182965.734375,176173.96875,233289.90625,68971.75,124241.8984375,18610.5625,272579.84375,5759.1513671875,18988.173828125,36921.7890625,254100.5625,51905.72265625,188803.484375,19431.208984375,6893.91845703125,13155.8125,25902.1015625,45520.1328125,2884186.5,356204.1875,1392593.5,3514215.75,11196735,5535.232421875,68130.78125,137070176,60655220,20911.720703125,85858.5625,202321.984375,672597.125,4298.9228515625,2734265.25,1109860.125,62692.70703125,484251.84375,21048.703125,818506.75,694.1041870117188,423209.375,439981.375,235583.96875,924004.875,69458.234375,77113.2109375,17182.373046875,4143.63427734375,273795.8125,14921.857421875,140195.015625,31177.220703125,401833.0,1099751.625,58432.84765625,7248.18896484375,122207.078125,13538.109375,604019.9375,71851,33.970699310302734,35.501834869384766,0,0,0,0,0,0,0,0,0,0,0,1,0,0,0,0,0,0,0,False,UNKNOWN,0,0,0,0,194660566,24484,0,37.003326416015625,13,,,"{'Type': 'start', 'Data_Type': 'Synthetical', 'Protocol_name': 'ABGv5-0ppb-6RH-75ccm-Anthony-Q425', 'Trial_Details': {'RH': 0, 'group': 35, 'detail': 'N/A', 'trialnum': 16, 'TrialName': '6rh', 'identifier': 'ckUf6', 'Concentration': 0}, 'Experiment_Rig': 'DA3'}",,2026-01-18 23:49:25.289,"{'cid': 'c04d07ee-94c6-44df-ad3c-f46614593299', 'uuid': '69f71364-92bd-4c57-8ce2-98cc5f66d828', 'annotationId': 'bed29bbe-8d3a-4751-96da-ec41fc138f11', 'name': 'FeNOMeasurement', 'description': 'FeNOMeasurement', 'labels': 'FeNOMeasurement', 'metadata': {'Length': 30, 'Progress': 39, 'startTime': 1768780141606, 'Notification': 'Event FeNOMeasurement Started.'}, 'createdAt': '2026-01-18T23:49:01.850Z', 'createdBy': '5c7b5d9f-c171-4004-a182-4277ffd4c9eb'}",29.84,20.33,1600.0,1599.41,21470060.0,1100.0,1100.55,24020116.0,0.0,570353.93,14.31,32.58,1009.77,1400.0,1400.47,22450138.0,0.0,0.03,22040109.0,2900.0,2902.41,22340093.0
0000000027-4125-asu-nz,0000000018-3024-oms-nz,FeNOMeasurement,bed29bbe-8d3a-4751-96da-ec41fc138f11,8431e6bd-5d3e-4c11-b2cc-504dddc0c609,1264.38671875,480965.71875,198339.671875,8103.13623046875,7117.13330078125,25915.99609375,182907.015625,176199.96875,233263.28125,68940.390625,124254.515625,18611.45703125,272483.0,5783.796875,18992.064453125,36919.0546875,254283.3125,51903.76171875,188857.375,19435.533203125,6893.48876953125,13155.5029296875,25900.689453125,45519.99609375,2886323.25,354225.625,1396385.625,3516546.25,11202613,5533.76611328125,67926.5234375,137494992,61004672,20912.53125,85872.4453125,202333.421875,672625.375,4298.14599609375,2739289.0,1110084.75,62691.5078125,484260.40625,21047.634765625,819274.4375,693.4381103515625,423312.5625,440582.3125,235594.828125,922972.625,69442.265625,77096.734375,17176.662109375,4143.826171875,273615.5625,14893.7119140625,141212.390625,31175.330078125,401745.5625,1099157.375,58440.16015625,7248.24609375,121970.390625,13538.6630859375,603041.0625,72152,33.890113830566406,35.743595123291016,0,0,0,0,0,0,0,0,0,0,0,1,0,0,0,0,0,0,0,False,UNKNOWN,0,0,0,0,194660566,24484,0,37.003326416015625,13,,,"{'Type': 'start', 'Data_Type': 'Synthetical', 'Protocol_name': 'ABGv5-0ppb-6RH-75ccm-Anthony-Q425', 'Trial_Details': {'RH': 0, 'group': 35, 'detail': 'N/A', 'trialnum': 16, 'TrialName': '6rh', 'identifier': 'ckUf6', 'Concentration': 0}, 'Experiment_Rig': 'DA3'}",,2026-01-18 23:49:25.590,"{'cid': 'c04d07ee-94c6-44df-ad3c-f46614593299', 'uuid': '69f71364-92bd-4c57-8ce2-98cc5f66d828', 'annotationId': 'bed29bbe-8d3a-4751-96da-ec41fc138f11', 'name': 'FeNOMeasurement', 'description': 'FeNOMeasurement', 'labels': 'FeNOMeasurement', 'metadata': {'Length': 30, 'Progress': 39, 'startTime': 1768780141606, 'Notification': 'Event FeNOMeasurement Started.'}, 'createdAt': '2026-01-18T23:49:01.850Z', 'createdBy': '5c7b5d9f-c171-4004-a182-4277ffd4c9eb'}",29.83,20.33,1600.0,1599.72,21470060.0,1100.0,1100.72,24020116.0,0.0,570602.34,14.31,32.58,1009.77,1400.0,1400.02,22450138.0,0.0,0.04,22040109.0,2900.0,2901.86,22340093.0
0000000027-4125-asu-nz,0000000018-3024-oms-nz,FeNOMeasurement,bed29bbe-8d3a-4751-96da-ec41fc138f11,8431e6bd-5d3e-4c11-b2cc-504dddc0c609,1264.80908203125,480844.25,198333.4375,8102.67138671875,7117.77197265625,25916.716796875,182936.34375,176198.109375,232863.265625,68904.96875,124263.7265625,18610.783203125,273367.59375,5762.92626953125,18993.11328125,36925.66015625,254812.21875,51912.93359375,188736.171875,19424.609375,6893.10888671875,13157.7353515625,25900.904296875,45526.1640625,2888291.0,355724.0625,1396081.375,3518799.5,11209468,5533.93359375,68624.1171875,137938784,61309596,20914.44921875,85881.7109375,202281.421875,672732.0625,4297.48974609375,2744089.0,1108137.0,62690.6796875,484585.625,21044.90234375,818313.75,693.34326171875,423517.5,440292.5,235604.578125,922042.8125,69477.28125,77102.8203125,17175.62109375,4136.7763671875,273526.96875,14897.5517578125,141412.0,31169.923828125,401650.375,1098547.5,58429.8984375,7248.23486328125,122013.3046875,13531.86328125,603313.5625,72453,33.890113830566406,35.824180603027344,0,0,0,0,0,0,0,0,0,0,0,1,0,0,0,0,0,0,0,False,UNKNOWN,0,0,0,0,194660566,24484,0,37.003326416015625,13,,,"{'Type': 'start', 'Data_Type': 'Synthetical', 'Protocol_name': 'ABGv5-0ppb-6RH-75ccm-Anthony-Q425', 'Trial_Details': {'RH': 0, 'group': 35, 'detail': 'N/A', 'trialnum': 16, 'TrialName': '6rh', 'identifier': 'ckUf6', 'Concentration': 0}, 'Experiment_Rig': 'DA3'}",,2026-01-18 23:49:25.891,"{'cid': 'c04d07ee-94c6-44df-ad3c-f46614593299', 'uuid': '69f71364-92bd-4c57-8ce2-98cc5f66d828', 'annotationId': 'bed29bbe-8d3a-4751-96da-ec41fc138f11', 'name': 'FeNOMeasurement', 'description': 'FeNOMeasurement', 'labels': 'FeNOMeasurement', 'metadata': {'Length': 30, 'Progress': 39, 'startTime': 1768780141606, 'Notification': 'Event FeNOMeasurement Started.'}, 'createdAt': '2026-01-18T23:49:01.850Z', 'createdBy': '5c7b5d9f-c171-4004-a182-4277ffd4c9eb'}",29.83,20.32,1600.0,1600.03,21470060.0,1100.0,1100.88,24020116.0,0.0,570850.75,14.3,32.59,1009.77,1400.0,1399.57,22450138.0,0.0,0.05,22040109.0,2900.0,2901.31,22340093.0
0000000027-4125-asu-nz,0000000018-3024-oms-nz,FeNOMeasurement,bed29bbe-8d3a-4751-96da-ec41fc138f11,8431e6bd-5d3e-4c11-b2cc-504dddc0c609,1264.9320068359375,481036.125,198359.625,8102.97509765625,7116.75341796875,25916.99609375,183030.25,176226.453125,232909.609375,68959.3828125,124266.328125,18610.62109375,273382.5625,5783.4013671875,18991.0703125,36924.7421875,254730.34375,51910.51171875,190059.109375,19430.3203125,6893.15283203125,13159.0927734375,25902.15234375,45528.125,2889591.25,355479.21875,1394588.375,3520548.25,11223662,5534.37060546875,68216.1484375,139095008,61540956,20910.720703125,85862.0859375,202252.671875,672674.3125,4299.86767578125,2745560.75,1107039.625,62691.42578125,484194.46875,21042.525390625,819166.75,694.0750732421875,423253.0625,440230.90625,235598.84375,921640.125,69457.0703125,77142.671875,17176.998046875,4137.6455078125,273775.46875,14910.171875,140525.9375,31172.53515625,401569.90625,1097823.875,58424.39453125,7248.76904296875,121993.765625,13530.1123046875,603057.5625,72754,33.890113830566406,35.66300582885742,0,0,0,0,0,0,0,0,0,0,0,1,0,0,0,0,0,0,0,False,UNKNOWN,0,0,0,0,194660566,24484,0,37.003326416015625,13,,,"{'Type': 'start', 'Data_Type': 'Synthetical', 'Protocol_name': 'ABGv5-0ppb-6RH-75ccm-Anthony-Q425', 'Trial_Details': {'RH': 0, 'group': 35, 'detail': 'N/A', 'trialnum': 16, 'TrialName': '6rh', 'identifier': 'ckUf6', 'Concentration': 0}, 'Experiment_Rig': 'DA3'}",,2026-01-18 23:49:26.192,"{'cid': 'c04d07ee-94c6-44df-ad3c-f46614593299', 'uuid': '69f71364-92bd-4c57-8ce2-98cc5f66d828', 'annotationId': 'bed29bbe-8d3a-4751-96da-ec41fc138f11', 'name': 'FeNOMeasurement', 'description': 'FeNOMeasurement', 'labels': 'FeNOMeasurement', 'metadata': {'Length': 30, 'Progress': 39, 'startTime': 1768780141606, 'Notification': 'Event FeNOMeasurement Started.'}, 'createdAt': '2026-01-18T23:49:01.850Z', 'createdBy': '5c7b5d9f-c171-4004-a182-4277ffd4c9eb'}",29.83,20.32,1600.0,1600.19,21470060.0,1100.0,1100.8,24020116.0,0.0,571099.15,14.3,32.59,1009.77,1400.0,1399.41,22450138.0,0.0,0.04,22040109.0,2900.0,2901.06,22340093.0
0000000027-4125-asu-nz,0000000018-3024-oms-nz,FeNOMeasurement,bed29bbe-8d3a-4751-96da-ec41fc138f11,8431e6bd-5d3e-4c11-b2cc-504dddc0c609,1266.0330810546875,481586.59375,198402.046875,8103.10595703125,7117.4228515625,25918.7734375,183018.328125,176256.3125,232977.34375,68871.296875,124263.546875,18610.982421875,273565.90625,5788.5791015625,18992.447265625,36930.4375,254952.28125,51898.44921875,190198.953125,19425.080078125,6893.359375,13155.328125,25901.669921875,45520.27734375,2892339.0,355715.59375,1394424.375,3521874.25,11233044,5534.1201171875,67252.78125,139849632,61646628,20916.208984375,85889.0703125,202247.671875,672401.75,4299.63525390625,2747310.0,1106365.625,62695.2890625,484227.71875,21046.701171875,819877.5625,693.933837890625,423204.5625,440608.65625,235631.296875,921407.0,69452.5078125,77124.1640625,17177.666015625,4142.02197265625,273898.375,14919.0009765625,140896.578125,31167.708984375,401255.0,1097219.5,58412.7734375,7248.34033203125,122053.2265625,13540.8369140625,602853.9375,73055,33.80952835083008,35.66300582885742,0,0,0,0,0,0,0,0,0,0,0,1,0,0,0,0,0,0,0,False,UNKNOWN,0,0,0,0,194660566,24484,0,37.003326416015625,13,,,"{'Type': 'start', 'Data_Type': 'Synthetical', 'Protocol_name': 'ABGv5-0ppb-6RH-75ccm-Anthony-Q425', 'Trial_Details': {'RH': 0, 'group': 35, 'detail': 'N/A', 'trialnum': 16, 'TrialName': '6rh', 'identifier': 'ckUf6', 'Concentration': 0}, 'Experiment_Rig': 'DA3'}",,2026-01-18 23:49:26.493,"{'cid': 'c04d07ee-94c6-44df-ad3c-f46614593299', 'uuid': '69f71364-92bd-4c57-8ce2-98cc5f66d828', 'annotationId': 'bed29bbe-8d3a-4751-96da-ec41fc138f11', 'name': 'FeNOMeasurement', 'description': 'FeNOMeasurement', 'labels': 'FeNOMeasurement', 'metadata': {'Length': 30, 'Progress': 39, 'startTime': 1768780141606, 'Notification': 'Event FeNOMeasurement Started.'}, 'createdAt': '2026-01-18T23:49:01.850Z', 'createdBy': '5c7b5d9f-c171-4004-a182-4277ffd4c9eb'}",29.83,20.32,1600.0,1600.24,21470060.0,1100.0,1100.52,24020116.0,0.0,570873.43,14.3,32.59,1009.77,1400.0,1399.51,22450138.0,0.0,0.03,22040109.0,2900.0,2901.11,22340093.0
0000000027-4125-asu-nz,0000000018-3024-oms-nz,FeNOMeasurement,bed29bbe-8d3a-4751-96da-ec41fc138f11,8431e6bd-5d3e-4c11-b2cc-504dddc0c609,1266.456787109375,482613.5625,198429.828125,8103.2548828125,7117.5009765625,25919.669921875,182995.296875,176277.625,232890.296875,68941.3125,124262.1875,18611.505859375,271877.0,5781.01806640625,18991.44921875,36926.6328125,255069.6875,51909.76171875,189163.46875,19426.822265625,6893.39501953125,13168.6279296875,25901.388671875,45521.28515625,2894351.25,356209.34375,1397351.5,3523228.5,11246778,5534.3056640625,68361.2265625,140965712,61602040,20910.189453125,85884.234375,202288.84375,672244.875,4299.759765625,2747941.5,1104103.0,62703.5859375,484481.375,21046.765625,819782.9375,693.6084594726562,423238.53125,440060.1875,235616.25,921282.9375,69458.515625,77101.5625,17175.896484375,4132.84521484375,273888.75,14917.5166015625,140337.6875,31164.931640625,401527.78125,1096826.375,58418.703125,7248.359375,121981.9296875,13550.232421875,600989.3125,73356,33.80952835083008,35.582420349121094,0,0,0,0,0,0,0,0,0,0,0,1,0,0,0,0,0,0,0,False,UNKNOWN,0,0,0,0,194660566,24484,0,37.003326416015625,13,,,"{'Type': 'start', 'Data_Type': 'Synthetical', 'Protocol_name': 'ABGv5-0ppb-6RH-75ccm-Anthony-Q425', 'Trial_Details': {'RH': 0, 'group': 35, 'detail': 'N/A', 'trialnum': 16, 'TrialName': '6rh', 'identifier': 'ckUf6', 'Concentration': 0}, 'Experiment_Rig': 'DA3'}",,2026-01-18 23:49:26.794,"{'cid': 'c04d07ee-94c6-44df-ad3c-f46614593299', 'uuid': '69f71364-92bd-4c57-8ce2-98cc5f66d828', 'annotationId': 'bed29bbe-8d3a-4751-96da-ec41fc138f11', 'name': 'FeNOMeasurement', 'description': 'FeNOMeasurement', 'labels': 'FeNOMeasurement', 'metadata': {'Length': 30, 'Progress': 39, 'startTime': 1768780141606, 'Notification': 'Event FeNOMeasurement Started.'}, 'createdAt': '2026-01-18T23:49:01.850Z', 'createdBy': '5c7b5d9f-c171-4004-a182-4277ffd4c9eb'}",29.84,20.33,1600.0,1600.28,21470060.0,1100.0,1100.23,24020116.0,0.0,570626.31,14.29,32.59,1009.78,1400.0,1399.6,22450138.0,0.0,0.02,22040109.0,2900.0,2901.16,22340093.0
0000000027-4125-asu-nz,0000000018-3024-oms-nz,FeNOMeasurement,bed29bbe-8d3a-4751-96da-ec41fc138f11,8431e6bd-5d3e-4c11-b2cc-504dddc0c609,1267.2132568359375,482057.4375,198448.59375,8103.04296875,7117.80908203125,25920.51953125,183000.609375,176278.90625,233002.46875,68869.9921875,124283.1015625,18610.072265625,272122.15625,5779.72900390625,18989.23046875,36932.5234375,254712.71875,51898.3359375,189813.25,19428.265625,6893.4638671875,13157.1826171875,25900.33984375,45525.03125,2896861.75,355529.34375,1398393.0,3524015.5,11256738,5533.98193359375,68933.78125,141733392,61439896,20910.78515625,85894.0859375,202251.34375,672098.25,4299.23388671875,2751135.0,1105226.75,62718.671875,484411.34375,21045.400390625,820306.6875,693.1348266601562,423246.28125,440487.53125,235671.0,921515.75,69469.78125,77115.4609375,17168.560546875,4136.18017578125,273607.53125,14865.9970703125,140933.796875,31163.875,401062.0625,1096572.625,58424.6640625,7248.71923828125,122070.296875,13540.9443359375,600872.1875,73657,33.970699310302734,35.66300582885742,0,0,0,0,0,0,0,0,0,0,0,1,0,0,0,0,0,0,0,False,UNKNOWN,0,0,0,0,194660566,24484,0,37.003326416015625,13,,,"{'Type': 'start', 'Data_Type': 'Synthetical', 'Protocol_name': 'ABGv5-0ppb-6RH-75ccm-Anthony-Q425', 'Trial_Details': {'RH': 0, 'group': 35, 'detail': 'N/A', 'trialnum': 16, 'TrialName': '6rh', 'identifier': 'ckUf6', 'Concentration': 0}, 'Experiment_Rig': 'DA3'}",,2026-01-18 23:49:27.096,"{'cid': 'c04d07ee-94c6-44df-ad3c-f46614593299', 'uuid': '69f71364-92bd-4c57-8ce2-98cc5f66d828', 'annotationId': 'bed29bbe-8d3a-4751-96da-ec41fc138f11', 'name': 'FeNOMeasurement', 'description': 'FeNOMeasurement', 'labels': 'FeNOMeasurement', 'metadata': {'Length': 30, 'Progress': 39, 'startTime': 1768780141606, 'Notification': 'Event FeNOMeasurement Started.'}, 'createdAt': '2026-01-18T23:49:01.850Z', 'createdBy': '5c7b5d9f-c171-4004-a182-4277ffd4c9eb'}",29.84,20.33,1600.0,1600.33,21470060.0,1100.0,1100.04,24020116.0,0.0,570378.36,14.29,32.59,1009.78,1400.0,1399.71,22450138.0,0.0,0.0,22040109.0,2900.0,2901.1,22340093.0
0000000027-4125-asu-nz,0000000018-3024-oms-nz,FeNOMeasurement,bed29bbe-8d3a-4751-96da-ec41fc138f11,8431e6bd-5d3e-4c11-b2cc-504dddc0c609,1264.8896484375,481760.03125,198476.53125,8103.2099609375,7118.20654296875,25921.6484375,183035.234375,176305.171875,233122.34375,68806.1640625,124259.0703125,18609.982421875,273357.4375,5762.201171875,18990.75,36935.40625,254299.859375,51879.234375,189382.96875,19431.634765625,6893.1826171875,13151.4404296875,25897.642578125,45517.3125,2897802.5,355250.21875,1399562.0,3524378.0,11261139,5534.33642578125,67702.859375,142147088,61152040,20909.857421875,85887.9140625,202249.84375,672001.1875,4298.81396484375,2749632.25,1106321.5,62726.09375,484719.03125,21044.3515625,819977.1875,693.6051635742188,423207.375,441054.4375,235712.0,922213.9375,69464.4609375,77127.2578125,17168.892578125,4138.65283203125,273644.28125,14883.52734375,140930.0,31165.8984375,401368.375,1096215.25,58436.3984375,7248.337890625,122040.9765625,13542.3125,601508.4375,73958,33.80952835083008,35.66300582885742,0,0,0,0,0,0,0,0,0,0,0,1,0,0,0,0,0,0,0,False,UNKNOWN,0,0,0,0,194660566,24484,0,37.003326416015625,13,,,"{'Type': 'start', 'Data_Type': 'Synthetical', 'Protocol_name': 'ABGv5-0ppb-6RH-75ccm-Anthony-Q425', 'Trial_Details': {'RH': 0, 'group': 35, 'detail': 'N/A', 'trialnum': 16, 'TrialName': '6rh', 'identifier': 'ckUf6', 'Concentration': 0}, 'Experiment_Rig': 'DA3'}",,2026-01-18 23:49:27.399,"{'cid': 'c04d07ee-94c6-44df-ad3c-f46614593299', 'uuid': '69f71364-92bd-4c57-8ce2-98cc5f66d828', 'annotationId': 'bed29bbe-8d3a-4751-96da-ec41fc138f11', 'name': 'FeNOMeasurement', 'description': 'FeNOMeasurement', 'labels': 'FeNOMeasurement', 'metadata': {'Length': 30, 'Progress': 39, 'startTime': 1768780141606, 'Notification': 'Event FeNOMeasurement Started.'}, 'createdAt': '2026-01-18T23:49:01.850Z', 'createdBy': '5c7b5d9f-c171-4004-a182-4277ffd4c9eb'}",29.84,20.34,1600.0,1600.38,21470060.0,1100.0,1100.26,24020116.0,0.0,570073.69,14.29,32.59,1009.78,1400.0,1399.88,22450138.0,0.0,0.01,22040109.0,2900.0,2900.48,22340093.0
0000000027-4125-asu-nz,0000000018-3024-oms-nz,FeNOMeasurement,bed29bbe-8d3a-4751-96da-ec41fc138f11,8431e6bd-5d3e-4c11-b2cc-504dddc0c609,1266.993896484375,481669.28125,198484.53125,8103.296875,7117.21044921875,25921.416015625,182952.5625,176274.984375,233195.8125,68883.5703125,124253.109375,18610.1875,272423.46875,5759.36328125,18995.427734375,36938.08203125,254107.8125,51884.0,190718.453125,19430.4453125,6893.1279296875,13154.232421875,25897.765625,45508.1484375,2896804.5,356329.5,1396894.75,3523913.25,11262661,5534.8359375,69480.1328125,142297008,60786368,20909.875,85880.96875,202280.859375,672017.125,4298.23583984375,2749600.5,1105928.5,62723.12890625,485114.28125,21043.31640625,820722.875,693.5396728515625,423599.71875,439951.625,235720.6875,922925.25,69494.3671875,77146.96875,17172.494140625,4147.8076171875,273909.3125,14892.7890625,141306.921875,31167.986328125,401131.90625,1096232.75,58438.671875,7248.71044921875,122071.2265625,13537.5673828125,600324.125,74259,33.890113830566406,35.582420349121094,0,0,0,0,0,0,0,0,0,0,0,1,0,0,0,0,0,0,0,False,UNKNOWN,0,0,0,0,194660566,24484,0,37.003326416015625,13,,,"{'Type': 'start', 'Data_Type': 'Synthetical', 'Protocol_name': 'ABGv5-0ppb-6RH-75ccm-Anthony-Q425', 'Trial_Details': {'RH': 0, 'group': 35, 'detail': 'N/A', 'trialnum': 16, 'TrialName': '6rh', 'identifier': 'ckUf6', 'Concentration': 0}, 'Experiment_Rig': 'DA3'}",,2026-01-18 23:49:27.697,"{'cid': 'c04d07ee-94c6-44df-ad3c-f46614593299', 'uuid': '69f71364-92bd-4c57-8ce2-98cc5f66d828', 'annotationId': 'bed29bbe-8d3a-4751-96da-ec41fc138f11', 'name': 'FeNOMeasurement', 'description': 'FeNOMeasurement', 'labels': 'FeNOMeasurement', 'metadata': {'Length': 30, 'Progress': 39, 'startTime': 1768780141606, 'Notification': 'Event FeNOMeasurement Started.'}, 'createdAt': '2026-01-18T23:49:01.850Z', 'createdBy': '5c7b5d9f-c171-4004-a182-4277ffd4c9eb'}",29.85,20.34,1600.0,1600.43,21470060.0,1100.0,1100.47,24020116.0,0.0,569308.4,14.29,32.59,1009.79,1400.0,1400.05,22450138.0,0.0,0.01,22040109.0,2900.0,2899.86,22340093.0
0000000027-4125-asu-nz,0000000018-3024-oms-nz,FeNOMeasurement,bed29bbe-8d3a-4751-96da-ec41fc138f11,8431e6bd-5d3e-4c11-b2cc-504dddc0c609,1264.4432373046875,481802.0,198439.5,8103.27001953125,7117.1552734375,25921.66015625,182906.234375,176292.1875,233037.25,68896.0234375,124240.328125,18609.287109375,271330.96875,5768.259765625,18992.89453125,36928.96875,255187.9375,51885.4609375,189054.234375,19429.880859375,6893.16162109375,13157.078125,25897.142578125,45517.31640625,2893023.5,354743.34375,1392690.125,3522700.75,11258864,5535.02392578125,68256.828125,141960736,60410660,20917.734375,85856.1328125,202249.359375,672060.5625,4298.44189453125,2751762.25,1106593.0,62716.11328125,485233.78125,21047.30859375,820869.0,693.4598999023438,423519.09375,440351.8125,235695.953125,924000.5625,69490.0390625,77135.484375,17177.201171875,4141.59619140625,274190.125,14897.427734375,141501.59375,31168.783203125,401197.8125,1096618.25,58445.75,7248.755859375,121880.4921875,13548.7021484375,601253.0625,74560,33.890113830566406,35.582420349121094,0,0,0,0,0,0,0,0,0,0,0,1,0,0,0,0,0,0,0,False,UNKNOWN,0,0,0,0,194660566,24484,0,37.003326416015625,13,,,"{'Type': 'start', 'Data_Type': 'Synthetical', 'Protocol_name': 'ABGv5-0ppb-6RH-75ccm-Anthony-Q425', 'Trial_Details': {'RH': 0, 'group': 35, 'detail': 'N/A', 'trialnum': 16, 'TrialName': '6rh', 'identifier': 'ckUf6', 'Concentration': 0}, 'Experiment_Rig': 'DA3'}",,2026-01-18 23:49:27.998,"{'cid': 'c04d07ee-94c6-44df-ad3c-f46614593299', 'uuid': '69f71364-92bd-4c57-8ce2-98cc5f66d828', 'annotationId': 'bed29bbe-8d3a-4751-96da-ec41fc138f11', 'name': 'FeNOMeasurement', 'description': 'FeNOMeasurement', 'labels': 'FeNOMeasurement', 'metadata': {'Length': 30, 'Progress': 39, 'startTime': 1768780141606, 'Notification': 'Event FeNOMeasurement Started.'}, 'createdAt': '2026-01-18T23:49:01.850Z', 'createdBy': '5c7b5d9f-c171-4004-a182-4277ffd4c9eb'}",29.85,20.35,1600.0,1600.47,21470060.0,1100.0,1100.69,24020116.0,0.0,568535.41,14.28,32.59,1009.8,1400.0,1400.21,22450138.0,0.0,0.01,22040109.0,2900.0,2899.24,22340093.0
0000000027-4125-asu-nz,0000000018-3024-oms-nz,FeNOMeasurement,bed29bbe-8d3a-4751-96da-ec41fc138f11,8431e6bd-5d3e-4c11-b2cc-504dddc0c609,1265.9571533203125,481642.4375,198419.859375,8103.486328125,7117.46044921875,25919.087890625,182959.359375,176289.578125,232954.03125,68820.2734375,124224.0078125,18608.890625,270669.28125,5775.45361328125,18988.921875,36933.078125,255266.234375,51897.51953125,189636.1875,19427.564453125,6893.22412109375,13154.76171875,25896.685546875,45513.1875,2889264.5,354229.71875,1391843.0,3520813.5,11250917,5533.9775390625,67853.4609375,141464688,60097588,20912.4765625,85891.4765625,202332.515625,672027.9375,4300.11962890625,2751565.5,1104796.25,62711.75,485087.3125,21048.404296875,821202.5,694.137451171875,423504.9375,440148.3125,235718.28125,924695.8125,69473.515625,77147.7734375,17177.1640625,4137.5283203125,274027.5625,14879.662109375,141696.296875,31173.30078125,401531.5,1097203.375,58441.609375,7248.2705078125,121984.375,13535.4716796875,601815.0,74861,33.970699310302734,35.743595123291016,0,0,0,0,0,0,0,0,0,0,0,1,0,0,0,0,0,0,0,False,UNKNOWN,0,0,0,0,194660566,24484,0,37.003326416015625,13,,,"{'Type': 'start', 'Data_Type': 'Synthetical', 'Protocol_name': 'ABGv5-0ppb-6RH-75ccm-Anthony-Q425', 'Trial_Details': {'RH': 0, 'group': 35, 'detail': 'N/A', 'trialnum': 16, 'TrialName': '6rh', 'identifier': 'ckUf6', 'Concentration': 0}, 'Experiment_Rig': 'DA3'}",,2026-01-18 23:49:28.300,"{'cid': 'c04d07ee-94c6-44df-ad3c-f46614593299', 'uuid': '69f71364-92bd-4c57-8ce2-98cc5f66d828', 'annotationId': 'bed29bbe-8d3a-4751-96da-ec41fc138f11', 'name': 'FeNOMeasurement', 'description': 'FeNOMeasurement', 'labels': 'FeNOMeasurement', 'metadata': {'Length': 30, 'Progress': 39, 'startTime': 1768780141606, 'Notification': 'Event FeNOMeasurement Started.'}, 'createdAt': '2026-01-18T23:49:01.850Z', 'createdBy': '5c7b5d9f-c171-4004-a182-4277ffd4c9eb'}",29.85,20.35,1600.0,1600.42,21470060.0,1100.0,1100.29,24020116.0,0.0,567759.85,14.28,32.59,1009.81,1400.0,1400.0,22450138.0,0.0,0.02,22040109.0,2900.0,2899.31,22340093.0
0000000027-4125-asu-nz,0000000018-3024-oms-nz,FeNOMeasurement,bed29bbe-8d3a-4751-96da-ec41fc138f11,8431e6bd-5d3e-4c11-b2cc-504dddc0c609,1265.5079345703125,481972.25,198389.515625,8103.6630859375,7117.28515625,25918.912109375,182883.65625,176261.609375,232926.109375,68837.4140625,124229.796875,18609.279296875,271708.84375,5771.95361328125,18993.107421875,36923.72265625,254981.46875,51893.578125,189265.234375,19443.087890625,6892.9833984375,13163.3701171875,25896.5546875,45513.046875,2887208.75,353924.46875,1393074.75,3519328.25,11240247,5534.0810546875,67811.4453125,140595968,59876412,20911.353515625,85899.265625,202349.328125,672076.6875,4299.8056640625,2752623.25,1105092.125,62720.91796875,484792.3125,21050.0625,821545.75,693.6384887695312,423669.15625,439993.71875,235693.40625,925123.5625,69464.03125,77131.40625,17179.40625,4136.15625,274346.34375,14917.6171875,141624.109375,31175.96875,401738.40625,1097991.125,58444.125,7248.97216796875,121978.375,13538.30078125,602292.0,75162,33.970699310302734,35.582420349121094,0,0,0,0,0,0,0,0,0,0,0,1,0,0,0,0,0,0,0,False,UNKNOWN,0,0,0,0,194660566,24484,0,37.003326416015625,13,,,"{'Type': 'start', 'Data_Type': 'Synthetical', 'Protocol_name': 'ABGv5-0ppb-6RH-75ccm-Anthony-Q425', 'Trial_Details': {'RH': 0, 'group': 35, 'detail': 'N/A', 'trialnum': 16, 'TrialName': '6rh', 'identifier': 'ckUf6', 'Concentration': 0}, 'Experiment_Rig': 'DA3'}",,2026-01-18 23:49:28.602,"{'cid': 'c04d07ee-94c6-44df-ad3c-f46614593299', 'uuid': '69f71364-92bd-4c57-8ce2-98cc5f66d828', 'annotationId': 'bed29bbe-8d3a-4751-96da-ec41fc138f11', 'name': 'FeNOMeasurement', 'description': 'FeNOMeasurement', 'labels': 'FeNOMeasurement', 'metadata': {'Length': 30, 'Progress': 39, 'startTime': 1768780141606, 'Notification': 'Event FeNOMeasurement Started.'}, 'createdAt': '2026-01-18T23:49:01.850Z', 'createdBy': '5c7b5d9f-c171-4004-a182-4277ffd4c9eb'}",29.84,20.35,1600.0,1600.34,21470060.0,1100.0,1099.79,24020116.0,0.0,567785.55,14.29,32.59,1009.81,1400.0,1399.71,22450138.0,0.0,0.03,22040109.0,2900.0,2899.55,22340093.0
0000000027-4125-asu-nz,0000000018-3024-oms-nz,FeNOMeasurement,bed29bbe-8d3a-4751-96da-ec41fc138f11,8431e6bd-5d3e-4c11-b2cc-504dddc0c609,1265.5992431640625,481856.5,198311.65625,8102.9677734375,7117.30615234375,25918.009765625,182895.09375,176236.625,233514.46875,68823.8125,124216.140625,18608.4453125,270772.34375,5771.14892578125,18995.30078125,36922.21484375,255085.25,51898.06640625,189337.15625,19442.4609375,6893.03076171875,13157.21484375,25896.96875,45515.34765625,2885627.5,354803.71875,1391964.625,3518240.5,11225792,5534.82421875,67236.484375,139503632,59794224,20914.662109375,85903.4609375,202344.75,672277.4375,4298.72607421875,2751007.5,1105557.5,62707.9609375,484488.6875,21048.576171875,819960.375,693.1445922851562,423504.3125,440557.15625,235676.359375,925440.625,69485.90625,77164.9609375,17174.96875,4144.3876953125,274160.0625,14906.7880859375,140900.28125,31182.29296875,401788.34375,1098512.0,58451.98046875,7248.76904296875,122067.4375,13535.6572265625,602920.5625,75463,34.05128479003906,35.743595123291016,0,0,0,0,0,0,0,0,0,0,0,1,0,0,0,0,0,0,0,False,UNKNOWN,0,0,0,0,194660566,24484,0,37.003326416015625,13,,,"{'Type': 'start', 'Data_Type': 'Synthetical', 'Protocol_name': 'ABGv5-0ppb-6RH-75ccm-Anthony-Q425', 'Trial_Details': {'RH': 0, 'group': 35, 'detail': 'N/A', 'trialnum': 16, 'TrialName': '6rh', 'identifier': 'ckUf6', 'Concentration': 0}, 'Experiment_Rig': 'DA3'}",,2026-01-18 23:49:28.901,"{'cid': 'c04d07ee-94c6-44df-ad3c-f46614593299', 'uuid': '69f71364-92bd-4c57-8ce2-98cc5f66d828', 'annotationId': 'bed29bbe-8d3a-4751-96da-ec41fc138f11', 'name': 'FeNOMeasurement', 'description': 'FeNOMeasurement', 'labels': 'FeNOMeasurement', 'metadata': {'Length': 30, 'Progress': 39, 'startTime': 1768780141606, 'Notification': 'Event FeNOMeasurement Started.'}, 'createdAt': '2026-01-18T23:49:01.850Z', 'createdBy': '5c7b5d9f-c171-4004-a182-4277ffd4c9eb'}",29.84,20.35,1600.0,1600.27,21470060.0,1100.0,1099.29,24020116.0,0.0,568889.38,14.31,32.59,1009.8,1400.0,1399.43,22450138.0,0.0,0.04,22040109.0,2900.0,2899.79,22340093.0
0000000027-4125-asu-nz,0000000018-3024-oms-nz,FeNOMeasurement,bed29bbe-8d3a-4751-96da-ec41fc138f11,8431e6bd-5d3e-4c11-b2cc-504dddc0c609,1265.2156982421875,481022.9375,198292.140625,8103.52685546875,7117.3505859375,25917.52734375,182875.390625,176239.890625,233418.96875,68771.609375,124218.859375,18608.5078125,271028.8125,5788.080078125,18992.09765625,36923.37890625,254831.75,51895.0234375,189254.609375,19426.740234375,6893.197265625,13166.76171875,25898.00390625,45510.8984375,2884016.25,354005.375,1392096.125,3517215.0,11210209,5534.88427734375,67394.984375,138379616,59849612,20917.169921875,85895.8515625,202326.203125,672375.625,4298.37060546875,2752960.0,1108003.125,62704.82421875,484491.21875,21050.01171875,820392.3125,693.3131713867188,423319.46875,440060.28125,235681.078125,925590.25,69490.203125,77155.9453125,17173.46875,4146.0458984375,274173.4375,14887.5,141221.796875,31181.193359375,401520.25,1098710.875,58449.36328125,7248.4384765625,122307.3515625,13536.810546875,603416.6875,75764,33.970699310302734,35.66300582885742,0,0,0,0,0,0,0,0,0,0,0,1,0,0,0,0,0,0,0,False,UNKNOWN,0,0,0,0,194665569,24484,0,37.545711517333984,13,,,"{'Type': 'start', 'Data_Type': 'Synthetical', 'Protocol_name': 'ABGv5-0ppb-6RH-75ccm-Anthony-Q425', 'Trial_Details': {'RH': 0, 'group': 35, 'detail': 'N/A', 'trialnum': 16, 'TrialName': '6rh', 'identifier': 'ckUf6', 'Concentration': 0}, 'Experiment_Rig': 'DA3'}",,2026-01-18 23:49:29.202,"{'cid': 'c04d07ee-94c6-44df-ad3c-f46614593299', 'uuid': '69f71364-92bd-4c57-8ce2-98cc5f66d828', 'annotationId': 'bed29bbe-8d3a-4751-96da-ec41fc138f11', 'name': 'FeNOMeasurement', 'description': 'FeNOMeasurement', 'labels': 'FeNOMeasurement', 'metadata': {'Length': 30, 'Progress': 39, 'startTime': 1768780141606, 'Notification': 'Event FeNOMeasurement Started.'}, 'createdAt': '2026-01-18T23:49:01.850Z', 'createdBy': '5c7b5d9f-c171-4004-a182-4277ffd4c9eb'}",29.84,20.34,1600.0,1600.15,21470060.0,1100.0,1099.24,24020116.0,0.0,570000.6,14.32,32.59,1009.79,1400.0,1399.63,22450138.0,0.0,0.05,22040109.0,2900.0,2899.96,22340093.0
0000000027-4125-asu-nz,0000000018-3024-oms-nz,FeNOMeasurement,bed29bbe-8d3a-4751-96da-ec41fc138f11,8431e6bd-5d3e-4c11-b2cc-504dddc0c609,1265.322265625,481209.75,198304.359375,8103.15869140625,7117.2978515625,25917.080078125,182892.65625,176215.796875,233243.125,68811.8046875,124213.1015625,18609.8203125,272323.0625,5765.15869140625,18995.056640625,36923.5546875,254727.953125,51895.16015625,189314.796875,19425.212890625,6893.39990234375,13149.9091796875,25897.228515625,45517.4140625,2882838.75,353029.28125,1393633.25,3516060.0,11197760,5535.50341796875,66588.28125,137379792,60028900,20914.62109375,85877.578125,202336.578125,672540.6875,4299.095703125,2754474.5,1109770.375,62693.8359375,484503.5,21047.73046875,820192.875,693.3036499023438,423111.40625,439749.0625,235666.6875,925410.3125,69480.328125,77158.734375,17170.583984375,4138.67578125,274119.40625,14891.34765625,140696.515625,31178.453125,401799.90625,1098958.875,58455.65625,7248.654296875,122207.4375,13537.9970703125,603752.25,76065,33.970699310302734,35.66300582885742,0,0,0,0,0,0,0,0,0,0,0,1,0,0,0,0,0,0,0,False,UNKNOWN,0,0,0,0,194665569,24484,0,37.545711517333984,13,,,"{'Type': 'start', 'Data_Type': 'Synthetical', 'Protocol_name': 'ABGv5-0ppb-6RH-75ccm-Anthony-Q425', 'Trial_Details': {'RH': 0, 'group': 35, 'detail': 'N/A', 'trialnum': 16, 'TrialName': '6rh', 'identifier': 'ckUf6', 'Concentration': 0}, 'Experiment_Rig': 'DA3'}",,2026-01-18 23:49:29.503,"{'cid': 'c04d07ee-94c6-44df-ad3c-f46614593299', 'uuid': '69f71364-92bd-4c57-8ce2-98cc5f66d828', 'annotationId': 'bed29bbe-8d3a-4751-96da-ec41fc138f11', 'name': 'FeNOMeasurement', 'description': 'FeNOMeasurement', 'labels': 'FeNOMeasurement', 'metadata': {'Length': 30, 'Progress': 39, 'startTime': 1768780141606, 'Notification': 'Event FeNOMeasurement Started.'}, 'createdAt': '2026-01-18T23:49:01.850Z', 'createdBy': '5c7b5d9f-c171-4004-a182-4277ffd4c9eb'}",29.84,20.33,1600.0,1599.98,21470060.0,1100.0,1099.65,24020116.0,0.0,571111.82,14.34,32.59,1009.78,1400.0,1400.35,22450138.0,0.0,0.07,22040109.0,2900.0,2900.06,22340093.0
0000000027-4125-asu-nz,0000000018-3024-oms-nz,FeNOMeasurement,bed29bbe-8d3a-4751-96da-ec41fc138f11,8431e6bd-5d3e-4c11-b2cc-504dddc0c609,1265.693115234375,480880.84375,198311.125,8102.833984375,7117.18994140625,25916.173828125,182858.484375,176197.65625,233052.484375,68856.1484375,124210.015625,18610.36328125,272828.875,5771.5498046875,18993.755859375,36920.40234375,255163.59375,51893.2109375,189475.28125,19434.6171875,6893.27197265625,13163.259765625,25899.904296875,45515.15625,2882079.75,354737.75,1396611.0,3514492.75,11189755,5534.6328125,67460.4765625,136710336,60300804,20912.822265625,85907.359375,202328.015625,672649.5625,4299.6142578125,2755034.75,1111010.875,62690.37109375,484495.40625,21048.267578125,819807.3125,693.374267578125,423262.40625,439701.59375,235645.4375,924734.0625,69463.3984375,77115.265625,17172.08203125,4139.212890625,274081.21875,14900.609375,140701.015625,31177.884765625,401577.03125,1099291.375,58450.453125,7248.19921875,122282.515625,13544.208984375,603734.125,76366,33.890113830566406,35.582420349121094,0,0,0,0,0,0,0,0,0,0,0,1,0,0,0,0,0,0,0,False,UNKNOWN,0,0,0,0,194665569,24484,0,37.545711517333984,13,,,"{'Type': 'start', 'Data_Type': 'Synthetical', 'Protocol_name': 'ABGv5-0ppb-6RH-75ccm-Anthony-Q425', 'Trial_Details': {'RH': 0, 'group': 35, 'detail': 'N/A', 'trialnum': 16, 'TrialName': '6rh', 'identifier': 'ckUf6', 'Concentration': 0}, 'Experiment_Rig': 'DA3'}",,2026-01-18 23:49:29.804,"{'cid': 'c04d07ee-94c6-44df-ad3c-f46614593299', 'uuid': '69f71364-92bd-4c57-8ce2-98cc5f66d828', 'annotationId': 'bed29bbe-8d3a-4751-96da-ec41fc138f11', 'name': 'FeNOMeasurement', 'description': 'FeNOMeasurement', 'labels': 'FeNOMeasurement', 'metadata': {'Length': 30, 'Progress': 39, 'startTime': 1768780141606, 'Notification': 'Event FeNOMeasurement Started.'}, 'createdAt': '2026-01-18T23:49:01.850Z', 'createdBy': '5c7b5d9f-c171-4004-a182-4277ffd4c9eb'}",29.84,20.32,1600.0,1599.82,21470060.0,1100.0,1100.05,24020116.0,0.0,571023.17,14.35,32.59,1009.78,1400.0,1401.06,22450138.0,0.0,0.08,22040109.0,2900.0,2900.15,22340093.0
0000000027-4125-asu-nz,0000000018-3024-oms-nz,FeNOMeasurement,bed29bbe-8d3a-4751-96da-ec41fc138f11,8431e6bd-5d3e-4c11-b2cc-504dddc0c609,1266.291748046875,481356.4375,198305.890625,8103.0244140625,7117.40185546875,25915.11328125,182871.8125,176178.296875,233109.40625,68807.0625,124225.2578125,18608.640625,272693.125,5758.69091796875,18992.8359375,36919.59375,255218.125,51897.1015625,189392.265625,19424.44140625,6893.48828125,13154.7724609375,25901.732421875,45521.83984375,2883872.0,357208.375,1394483.25,3514765.25,11184767,5534.421875,66566.765625,136507584,60679208,20913.62890625,85883.4453125,202350.328125,672688.8125,4297.89404296875,2756197.25,1110347.75,62690.54296875,484428.40625,21048.8203125,819477.3125,692.8306274414062,423526.5625,440273.34375,235627.625,923242.6875,69450.1875,77114.3984375,17173.935546875,4143.69873046875,274087.78125,14865.1767578125,140905.5625,31170.109375,401293.8125,1098530.875,58435.1484375,7248.0302734375,122189.40625,13538.5732421875,603367.0,76668,33.80952835083008,35.743595123291016,0,0,0,0,0,0,0,0,0,0,0,1,0,0,0,0,0,0,0,False,UNKNOWN,0,0,0,0,194665569,24484,0,37.545711517333984,13,,,"{'Type': 'start', 'Data_Type': 'Synthetical', 'Protocol_name': 'ABGv5-0ppb-6RH-75ccm-Anthony-Q425', 'Trial_Details': {'RH': 0, 'group': 35, 'detail': 'N/A', 'trialnum': 16, 'TrialName': '6rh', 'identifier': 'ckUf6', 'Concentration': 0}, 'Experiment_Rig': 'DA3'}",,2026-01-18 23:49:30.109,"{'cid': 'c04d07ee-94c6-44df-ad3c-f46614593299', 'uuid': '69f71364-92bd-4c57-8ce2-98cc5f66d828', 'annotationId': 'bed29bbe-8d3a-4751-96da-ec41fc138f11', 'name': 'FeNOMeasurement', 'description': 'FeNOMeasurement', 'labels': 'FeNOMeasurement', 'metadata': {'Length': 30, 'Progress': 39, 'startTime': 1768780141606, 'Notification': 'Event FeNOMeasurement Started.'}, 'createdAt': '2026-01-18T23:49:01.850Z', 'createdBy': '5c7b5d9f-c171-4004-a182-4277ffd4c9eb'}",29.84,20.31,1600.0,1599.69,21470060.0,1100.0,1100.36,24020116.0,0.0,570021.47,14.35,32.59,1009.77,1400.0,1401.61,22450138.0,0.0,0.09,22040109.0,2900.0,2900.3,22340093.0
0000000027-4125-asu-nz,0000000018-3024-oms-nz,FeNOMeasurement,bed29bbe-8d3a-4751-96da-ec41fc138f11,8431e6bd-5d3e-4c11-b2cc-504dddc0c609,1266.57763671875,480849.84375,198314.015625,8103.205078125,7117.05078125,25915.7421875,182778.328125,176181.296875,233019.046875,68910.7109375,124228.2734375,18608.916015625,271397.28125,5753.90576171875,18993.5078125,36922.0,254963.875,51900.91015625,189972.5625,19433.7734375,6893.66796875,13156.435546875,25901.818359375,45527.78125,2886393.0,354833.09375,1393701.125,3517016.25,11187663,5534.65283203125,67446.109375,136859104,61028580,20915.119140625,85885.140625,202336.734375,672728.3125,4299.6064453125,2755966.25,1109820.625,62682.1640625,484307.78125,21048.572265625,818502.0625,692.6237182617188,423401.0625,440394.40625,235617.25,922301.0625,69451.5078125,77099.96875,17173.138671875,4141.92138671875,273726.09375,14868.1875,140860.171875,31172.716796875,401557.3125,1098280.875,58434.046875,7248.86669921875,122415.734375,13544.75,601687.4375,76968,33.890113830566406,35.66300582885742,0,0,0,0,0,0,0,0,0,0,0,1,0,0,0,0,0,0,0,False,UNKNOWN,0,0,0,0,194665569,24484,0,37.545711517333984,13,,,"{'Type': 'start', 'Data_Type': 'Synthetical', 'Protocol_name': 'ABGv5-0ppb-6RH-75ccm-Anthony-Q425', 'Trial_Details': {'RH': 0, 'group': 35, 'detail': 'N/A', 'trialnum': 16, 'TrialName': '6rh', 'identifier': 'ckUf6', 'Concentration': 0}, 'Experiment_Rig': 'DA3'}",,2026-01-18 23:49:30.408,"{'cid': 'c04d07ee-94c6-44df-ad3c-f46614593299', 'uuid': '69f71364-92bd-4c57-8ce2-98cc5f66d828', 'annotationId': 'bed29bbe-8d3a-4751-96da-ec41fc138f11', 'name': 'FeNOMeasurement', 'description': 'FeNOMeasurement', 'labels': 'FeNOMeasurement', 'metadata': {'Length': 30, 'Progress': 39, 'startTime': 1768780141606, 'Notification': 'Event FeNOMeasurement Started.'}, 'createdAt': '2026-01-18T23:49:01.850Z', 'createdBy': '5c7b5d9f-c171-4004-a182-4277ffd4c9eb'}",29.84,20.31,1600.0,1599.76,21470060.0,1100.0,1100.1,24020116.0,0.0,569039.47,14.35,32.59,1009.77,1400.0,1401.19,22450138.0,0.0,0.06,22040109.0,2900.0,2900.77,22340093.0
0000000027-4125-asu-nz,0000000018-3024-oms-nz,FeNOMeasurement,bed29bbe-8d3a-4751-96da-ec41fc138f11,8431e6bd-5d3e-4c11-b2cc-504dddc0c609,1266.154296875,480707.40625,198321.921875,8102.83837890625,7117.3818359375,25915.8046875,182890.828125,176204.421875,232823.4375,68905.0703125,124228.0703125,18611.158203125,272383.53125,5761.88818359375,18991.990234375,36931.078125,254381.28125,51906.4375,189245.28125,19435.537109375,6893.482421875,13155.3818359375,25898.78125,45521.96484375,2888541.25,355638.71875,1395894.0,3518872.75,11194112,5534.72802734375,67922.625,137305984,61329332,20912.177734375,85892.78125,202293.390625,672761.375,4300.31201171875,2755341.25,1108218.25,62680.74609375,484572.65625,21050.7890625,818512.8125,693.2205810546875,423615.40625,440297.875,235607.453125,921702.625,69456.8515625,77103.6171875,17172.583984375,4134.04296875,273865.96875,14880.3486328125,140837.4375,31166.6015625,401868.71875,1097459.5,58427.625,7247.6494140625,122358.453125,13535.6962890625,600556.1875,77269,33.970699310302734,35.824180603027344,0,0,0,0,0,0,0,0,0,0,0,1,0,0,0,0,0,0,0,False,UNKNOWN,0,0,0,0,194665569,24484,0,37.545711517333984,13,,,"{'Type': 'start', 'Data_Type': 'Synthetical', 'Protocol_name': 'ABGv5-0ppb-6RH-75ccm-Anthony-Q425', 'Trial_Details': {'RH': 0, 'group': 35, 'detail': 'N/A', 'trialnum': 16, 'TrialName': '6rh', 'identifier': 'ckUf6', 'Concentration': 0}, 'Experiment_Rig': 'DA3'}",,2026-01-18 23:49:30.708,"{'cid': 'c04d07ee-94c6-44df-ad3c-f46614593299', 'uuid': '69f71364-92bd-4c57-8ce2-98cc5f66d828', 'annotationId': 'bed29bbe-8d3a-4751-96da-ec41fc138f11', 'name': 'FeNOMeasurement', 'description': 'FeNOMeasurement', 'labels': 'FeNOMeasurement', 'metadata': {'Length': 30, 'Progress': 39, 'startTime': 1768780141606, 'Notification': 'Event FeNOMeasurement Started.'}, 'createdAt': '2026-01-18T23:49:01.850Z', 'createdBy': '5c7b5d9f-c171-4004-a182-4277ffd4c9eb'}",29.84,20.31,1600.0,1599.84,21470060.0,1100.0,1099.84,24020116.0,0.0,568054.19,14.35,32.59,1009.76,1400.0,1400.76,22450138.0,0.0,0.04,22040109.0,2900.0,2901.25,22340093.0
0000000027-4125-asu-nz,0000000018-3024-oms-nz,FeNOMeasurement,bed29bbe-8d3a-4751-96da-ec41fc138f11,8431e6bd-5d3e-4c11-b2cc-504dddc0c609,1266.392822265625,480914.9375,198359.125,8103.27392578125,7117.20361328125,25916.123046875,182888.8125,176227.984375,233107.5625,68864.6171875,124248.65625,18610.06640625,272730.65625,5764.23583984375,18991.8671875,36934.29296875,254522.296875,51884.6796875,189499.9375,19434.470703125,6893.00537109375,13164.3798828125,25898.78125,45524.0625,2890296.25,354370.21875,1394705.75,3520197.25,11201488,5535.3583984375,68621.3515625,137883264,61549272,20909.16015625,85878.7578125,202252.9375,672630.0625,4299.97900390625,2758172.5,1107059.5,62683.77734375,484535.96875,21046.052734375,818711.6875,692.8659057617188,423708.28125,440718.5,235616.84375,921116.9375,69456.6171875,77090.7265625,17173.361328125,4136.1767578125,273903.6875,14904.916015625,142080.25,31160.8046875,401721.71875,1096921.75,58425.0390625,7248.21484375,122279.8359375,13528.564453125,601305.5625,77570,33.890113830566406,35.501834869384766,0,0,0,0,0,0,0,0,0,0,0,1,0,0,0,0,0,0,0,False,UNKNOWN,0,0,0,0,194665569,24484,0,37.545711517333984,13,,,"{'Type': 'start', 'Data_Type': 'Synthetical', 'Protocol_name': 'ABGv5-0ppb-6RH-75ccm-Anthony-Q425', 'Trial_Details': {'RH': 0, 'group': 35, 'detail': 'N/A', 'trialnum': 16, 'TrialName': '6rh', 'identifier': 'ckUf6', 'Concentration': 0}, 'Experiment_Rig': 'DA3'}",,2026-01-18 23:49:31.008,"{'cid': 'c04d07ee-94c6-44df-ad3c-f46614593299', 'uuid': '69f71364-92bd-4c57-8ce2-98cc5f66d828', 'annotationId': 'bed29bbe-8d3a-4751-96da-ec41fc138f11', 'name': 'FeNOMeasurement', 'description': 'FeNOMeasurement', 'labels': 'FeNOMeasurement', 'metadata': {'Length': 30, 'Progress': 39, 'startTime': 1768780141606, 'Notification': 'Event FeNOMeasurement Started.'}, 'createdAt': '2026-01-18T23:49:01.850Z', 'createdBy': '5c7b5d9f-c171-4004-a182-4277ffd4c9eb'}",29.84,20.31,1600.0,1599.91,21470060.0,1100.0,1099.57,24020116.0,0.0,568321.42,14.35,32.59,1009.77,1400.0,1400.33,22450138.0,0.0,0.01,22040109.0,2900.0,2901.72,22340093.0
0000000027-4125-asu-nz,0000000018-3024-oms-nz,FeNOMeasurement,bed29bbe-8d3a-4751-96da-ec41fc138f11,8431e6bd-5d3e-4c11-b2cc-504dddc0c609,1266.99755859375,481614.5,198413.921875,8103.1484375,7116.98388671875,25918.990234375,182916.515625,176249.296875,232935.578125,68912.640625,124261.3203125,18610.681640625,273708.8125,5733.96923828125,18993.447265625,36946.1875,254378.359375,51889.3046875,189846.421875,19438.025390625,6893.14599609375,13158.13671875,25900.56640625,45521.69921875,2892237.0,352412.4375,1393948.125,3521318.5,11214620,5534.48388671875,68213.3359375,138852800,61634344,20906.9609375,85878.7265625,202255.078125,672311.5,4299.216796875,2753273.0,1106151.375,62694.484375,484824.65625,21048.30078125,818051.6875,692.693115234375,423369.5625,441009.625,235592.359375,920705.1875,69459.7421875,77128.53125,17177.095703125,4141.23193359375,273942.0625,14873.220703125,142434.296875,31161.00390625,401670.375,1096515.5,58419.67578125,7248.10791015625,122279.7890625,13526.2568359375,601122.9375,77871,33.970699310302734,35.743595123291016,0,0,0,0,0,0,0,0,0,0,0,1,0,0,0,0,0,0,0,False,UNKNOWN,0,0,0,0,194665569,24484,0,37.545711517333984,13,,,"{'Type': 'start', 'Data_Type': 'Synthetical', 'Protocol_name': 'ABGv5-0ppb-6RH-75ccm-Anthony-Q425', 'Trial_Details': {'RH': 0, 'group': 35, 'detail': 'N/A', 'trialnum': 16, 'TrialName': '6rh', 'identifier': 'ckUf6', 'Concentration': 0}, 'Experiment_Rig': 'DA3'}",,2026-01-18 23:49:31.310,"{'cid': 'c04d07ee-94c6-44df-ad3c-f46614593299', 'uuid': '69f71364-92bd-4c57-8ce2-98cc5f66d828', 'annotationId': 'bed29bbe-8d3a-4751-96da-ec41fc138f11', 'name': 'FeNOMeasurement', 'description': 'FeNOMeasurement', 'labels': 'FeNOMeasurement', 'metadata': {'Length': 30, 'Progress': 39, 'startTime': 1768780141606, 'Notification': 'Event FeNOMeasurement Started.'}, 'createdAt': '2026-01-18T23:49:01.850Z', 'createdBy': '5c7b5d9f-c171-4004-a182-4277ffd4c9eb'}",29.84,20.3,1600.0,1600.1,21470060.0,1100.0,1099.69,24020116.0,0.0,569064.71,14.34,32.59,1009.78,1400.0,1400.11,22450138.0,0.0,0.0,22040109.0,2900.0,2901.06,22340093.0
0000000027-4125-asu-nz,0000000018-3024-oms-nz,FeNOMeasurement,bed29bbe-8d3a-4751-96da-ec41fc138f11,8431e6bd-5d3e-4c11-b2cc-504dddc0c609,1264.68603515625,481624.59375,198392.515625,8102.90771484375,7117.01416015625,25919.654296875,182862.0,176256.890625,232806.25,68945.359375,124273.578125,18609.97265625,273980.03125,5736.60546875,18992.490234375,36932.15234375,254987.625,51887.51171875,188881.6875,19427.27734375,6892.98828125,13156.5751953125,25901.22265625,45523.34375,2894673.75,354782.34375,1395083.75,3522366.25,11224318,5534.3115234375,67689.7734375,139699168,61583484,20910.646484375,85881.8984375,202262.09375,672119.1875,4298.978515625,2752611.75,1107360.75,62700.60546875,485143.0,21051.27734375,818371.125,691.945556640625,423569.53125,440625.75,235644.15625,920440.9375,69474.6015625,77102.4765625,17176.962890625,4138.0478515625,273959.28125,14905.466796875,142646.546875,31159.734375,401394.46875,1096155.5,58432.109375,7248.2294921875,122463.1328125,13526.2177734375,601951.25,78172,33.970699310302734,35.582420349121094,0,0,0,0,0,0,0,0,0,0,0,1,0,0,0,0,0,0,0,False,UNKNOWN,0,0,0,0,194665569,24484,0,37.545711517333984,13,,,"{'Type': 'start', 'Data_Type': 'Synthetical', 'Protocol_name': 'ABGv5-0ppb-6RH-75ccm-Anthony-Q425', 'Trial_Details': {'RH': 0, 'group': 35, 'detail': 'N/A', 'trialnum': 16, 'TrialName': '6rh', 'identifier': 'ckUf6', 'Concentration': 0}, 'Experiment_Rig': 'DA3'}",,2026-01-18 23:49:31.611,"{'cid': 'c04d07ee-94c6-44df-ad3c-f46614593299', 'uuid': '69f71364-92bd-4c57-8ce2-98cc5f66d828', 'annotationId': 'bed29bbe-8d3a-4751-96da-ec41fc138f11', 'name': 'FeNOMeasurement', 'description': 'FeNOMeasurement', 'labels': 'FeNOMeasurement', 'metadata': {'Length': 30, 'Progress': 39, 'startTime': 1768780141606, 'Notification': 'Event FeNOMeasurement Started.'}, 'createdAt': '2026-01-18T23:49:01.850Z', 'createdBy': '5c7b5d9f-c171-4004-a182-4277ffd4c9eb'}",29.85,20.3,1600.0,1600.31,21470060.0,1100.0,1099.91,24020116.0,0.0,569805.53,14.34,32.59,1009.79,1400.0,1399.94,22450138.0,0.0,0.01,22040109.0,2900.0,2900.04,22340093.0
0000000027-4125-asu-nz,0000000018-3024-oms-nz,FeNOMeasurement,bed29bbe-8d3a-4751-96da-ec41fc138f11,8431e6bd-5d3e-4c11-b2cc-504dddc0c609,1265.7572021484375,480971.75,198416.140625,8103.5673828125,7117.79248046875,25919.3203125,182797.4375,176290.515625,233027.859375,68894.109375,124279.59375,18609.3359375,272550.375,5722.4345703125,18991.85546875,36922.13671875,254870.984375,51896.9296875,189652.140625,19425.53125,6893.24951171875,13159.796875,25898.376953125,45517.3359375,2897879.25,358882.8125,1395123.375,3523216.75,11235155,5534.48681640625,68276.4296875,140562464,61421644,20910.4375,85866.2890625,202240.6875,671967.0,4299.60693359375,2748425.0,1107973.0,62708.5078125,484784.59375,21050.57421875,819507.9375,692.3529052734375,423656.3125,440593.15625,235666.15625,920325.5625,69472.171875,77098.890625,17172.091796875,4141.88427734375,274063.625,14893.6474609375,142765.8125,31157.8515625,401189.09375,1095922.75,58426.96484375,7248.107421875,122401.1875,13530.7490234375,601344.5625,78473,34.05128479003906,35.824180603027344,0,0,0,0,0,0,0,0,0,0,0,1,0,0,0,0,0,0,0,False,UNKNOWN,0,0,0,0,194665569,24484,0,37.545711517333984,13,,,"{'Type': 'start', 'Data_Type': 'Synthetical', 'Protocol_name': 'ABGv5-0ppb-6RH-75ccm-Anthony-Q425', 'Trial_Details': {'RH': 0, 'group': 35, 'detail': 'N/A', 'trialnum': 16, 'TrialName': '6rh', 'identifier': 'ckUf6', 'Concentration': 0}, 'Experiment_Rig': 'DA3'}",,2026-01-18 23:49:31.913,"{'cid': 'c04d07ee-94c6-44df-ad3c-f46614593299', 'uuid': '69f71364-92bd-4c57-8ce2-98cc5f66d828', 'annotationId': 'bed29bbe-8d3a-4751-96da-ec41fc138f11', 'name': 'FeNOMeasurement', 'description': 'FeNOMeasurement', 'labels': 'FeNOMeasurement', 'metadata': {'Length': 30, 'Progress': 39, 'startTime': 1768780141606, 'Notification': 'Event FeNOMeasurement Started.'}, 'createdAt': '2026-01-18T23:49:01.850Z', 'createdBy': '5c7b5d9f-c171-4004-a182-4277ffd4c9eb'}",29.85,20.29,1600.0,1600.53,21470060.0,1100.0,1100.12,24020116.0,0.0,570548.82,14.33,32.59,1009.8,1400.0,1399.77,22450138.0,0.0,0.02,22040109.0,2900.0,2899.01,22340093.0
0000000027-4125-asu-nz,0000000018-3024-oms-nz,FeNOMeasurement,bed29bbe-8d3a-4751-96da-ec41fc138f11,8431e6bd-5d3e-4c11-b2cc-504dddc0c609,1264.9765625,481090.4375,198411.21875,8103.28125,7117.400390625,25919.595703125,182960.09375,176286.78125,232901.953125,68962.9453125,124251.5234375,18610.00390625,273699.3125,5734.4599609375,18994.626953125,36935.0625,255002.1875,51886.25390625,187833.125,19424.771484375,6893.09814453125,13153.501953125,25896.314453125,45516.60546875,2898920.25,358840.6875,1395155.25,3523768.75,11239533,5534.47021484375,66969.375,140890384,61153928,20913.462890625,85862.3359375,202193.78125,671876.25,4300.60205078125,2748686.25,1110702.875,62715.01953125,484909.6875,21048.689453125,820041.5625,692.1697998046875,423824.9375,440513.5,235729.234375,920941.8125,69467.7265625,77060.2890625,17173.171875,4138.4931640625,274107.5,14892.06640625,142547.703125,31154.107421875,401429.21875,1095785.75,58430.921875,7247.99853515625,122372.3046875,13532.7080078125,600592.4375,78774,33.890113830566406,35.582420349121094,0,0,0,0,0,0,0,0,0,0,0,1,0,0,0,0,0,0,0,False,UNKNOWN,0,0,0,0,194665569,24484,0,37.545711517333984,13,,,"{'Type': 'start', 'Data_Type': 'Synthetical', 'Protocol_name': 'ABGv5-0ppb-6RH-75ccm-Anthony-Q425', 'Trial_Details': {'RH': 0, 'group': 35, 'detail': 'N/A', 'trialnum': 16, 'TrialName': '6rh', 'identifier': 'ckUf6', 'Concentration': 0}, 'Experiment_Rig': 'DA3'}",,2026-01-18 23:49:32.212,"{'cid': 'c04d07ee-94c6-44df-ad3c-f46614593299', 'uuid': '69f71364-92bd-4c57-8ce2-98cc5f66d828', 'annotationId': 'bed29bbe-8d3a-4751-96da-ec41fc138f11', 'name': 'FeNOMeasurement', 'description': 'FeNOMeasurement', 'labels': 'FeNOMeasurement', 'metadata': {'Length': 30, 'Progress': 39, 'startTime': 1768780141606, 'Notification': 'Event FeNOMeasurement Started.'}, 'createdAt': '2026-01-18T23:49:01.850Z', 'createdBy': '5c7b5d9f-c171-4004-a182-4277ffd4c9eb'}",29.85,20.29,1600.0,1600.39,21470060.0,1100.0,1100.37,24020116.0,0.0,569657.44,14.33,32.59,1009.8,1400.0,1399.87,22450138.0,0.0,0.02,22040109.0,2900.0,2898.42,22340093.0
0000000027-4125-asu-nz,0000000018-3024-oms-nz,FeNOMeasurement,bed29bbe-8d3a-4751-96da-ec41fc138f11,8431e6bd-5d3e-4c11-b2cc-504dddc0c609,1266.4642333984375,481578.21875,198417.9375,8103.177734375,7117.08251953125,25919.634765625,182929.5,176277.375,232906.15625,68919.734375,124238.703125,18607.88671875,272957.9375,5735.669921875,18990.234375,36939.484375,254914.09375,51862.3125,189173.8125,19427.82421875,6892.966796875,13155.70703125,25894.1015625,45511.69921875,2899044.5,359222.96875,1395454.625,3524488.5,11247137,5534.2109375,68372.4609375,141356576,60831056,20913.111328125,85871.5234375,202190.015625,671852.5,4300.751953125,2746869.0,1111206.5,62713.765625,484888.75,21050.111328125,820494.0,692.8922119140625,423992.78125,441051.90625,235706.046875,921808.9375,69459.5859375,77081.9609375,17177.7109375,4148.0380859375,273941.40625,14877.013671875,142920.859375,31155.2265625,401292.40625,1095599.25,58427.08203125,7247.533203125,122298.625,13522.3974609375,600314.5,79075,33.970699310302734,35.501834869384766,0,0,0,0,0,0,0,0,0,0,0,1,0,0,0,0,0,0,0,False,UNKNOWN,0,0,0,0,194665569,24484,0,37.545711517333984,13,,,"{'Type': 'start', 'Data_Type': 'Synthetical', 'Protocol_name': 'ABGv5-0ppb-6RH-75ccm-Anthony-Q425', 'Trial_Details': {'RH': 0, 'group': 35, 'detail': 'N/A', 'trialnum': 16, 'TrialName': '6rh', 'identifier': 'ckUf6', 'Concentration': 0}, 'Experiment_Rig': 'DA3'}",,2026-01-18 23:49:32.513,"{'cid': 'c04d07ee-94c6-44df-ad3c-f46614593299', 'uuid': '69f71364-92bd-4c57-8ce2-98cc5f66d828', 'annotationId': 'bed29bbe-8d3a-4751-96da-ec41fc138f11', 'name': 'FeNOMeasurement', 'description': 'FeNOMeasurement', 'labels': 'FeNOMeasurement', 'metadata': {'Length': 30, 'Progress': 39, 'startTime': 1768780141606, 'Notification': 'Event FeNOMeasurement Started.'}, 'createdAt': '2026-01-18T23:49:01.850Z', 'createdBy': '5c7b5d9f-c171-4004-a182-4277ffd4c9eb'}",29.84,20.29,1600.0,1599.86,21470060.0,1100.0,1100.65,24020116.0,0.0,568549.93,14.33,32.59,1009.8,1400.0,1400.3,22450138.0,0.0,0.02,22040109.0,2900.0,2898.47,22340093.0
0000000027-4125-asu-nz,0000000018-3024-oms-nz,FeNOMeasurement,bed29bbe-8d3a-4751-96da-ec41fc138f11,8431e6bd-5d3e-4c11-b2cc-504dddc0c609,1267.2618408203125,481814.09375,198421.1875,8104.001953125,7116.888671875,25918.326171875,182955.84375,176293.96875,232738.140625,68954.609375,124243.90625,18607.892578125,274455.21875,5748.046875,18992.259765625,36925.80078125,255376.65625,51868.140625,188959.53125,19426.478515625,6892.91552734375,13164.5302734375,25893.447265625,45511.546875,2894703.5,362458.125,1392248.375,3522641.75,11244016,5534.03955078125,67551.96875,141224416,60474440,20913.193359375,85877.4921875,202217.9375,671887.4375,4298.7333984375,2746980.0,1113663.0,62719.01171875,485047.625,21050.904296875,821395.0625,693.2210083007812,423930.5625,440274.28125,235703.65625,922832.625,69463.0234375,77105.078125,17178.40625,4150.7548828125,274148.8125,14880.431640625,142910.6875,31158.474609375,401210.25,1095704.375,58439.5,7248.10205078125,122279.4921875,13538.9697265625,601943.0625,79376,33.970699310302734,35.743595123291016,0,0,0,0,0,0,0,0,0,0,0,1,0,0,0,0,0,0,0,False,UNKNOWN,0,0,0,0,194665569,24484,0,37.545711517333984,13,,,"{'Type': 'start', 'Data_Type': 'Synthetical', 'Protocol_name': 'ABGv5-0ppb-6RH-75ccm-Anthony-Q425', 'Trial_Details': {'RH': 0, 'group': 35, 'detail': 'N/A', 'trialnum': 16, 'TrialName': '6rh', 'identifier': 'ckUf6', 'Concentration': 0}, 'Experiment_Rig': 'DA3'}",,2026-01-18 23:49:32.814,"{'cid': 'c04d07ee-94c6-44df-ad3c-f46614593299', 'uuid': '69f71364-92bd-4c57-8ce2-98cc5f66d828', 'annotationId': 'bed29bbe-8d3a-4751-96da-ec41fc138f11', 'name': 'FeNOMeasurement', 'description': 'FeNOMeasurement', 'labels': 'FeNOMeasurement', 'metadata': {'Length': 30, 'Progress': 39, 'startTime': 1768780141606, 'Notification': 'Event FeNOMeasurement Started.'}, 'createdAt': '2026-01-18T23:49:01.850Z', 'createdBy': '5c7b5d9f-c171-4004-a182-4277ffd4c9eb'}",29.83,20.3,1600.0,1599.34,21470060.0,1100.0,1100.94,24020116.0,0.0,567442.41,14.33,32.59,1009.79,1400.0,1400.73,22450138.0,0.0,0.01,22040109.0,2900.0,2898.51,22340093.0
0000000027-4125-asu-nz,0000000018-3024-oms-nz,FeNOMeasurement,bed29bbe-8d3a-4751-96da-ec41fc138f11,8431e6bd-5d3e-4c11-b2cc-504dddc0c609,1266.4434814453125,481202.28125,198402.421875,8103.90283203125,7116.6259765625,25918.427734375,183003.171875,176277.375,232732.765625,68952.046875,124226.40625,18609.8359375,274266.28125,5740.818359375,18993.142578125,36917.1796875,254835.96875,51857.26171875,189049.25,19420.642578125,6892.390625,13160.1298828125,25893.9921875,45504.69921875,2890901.25,364010.5625,1393229.75,3520937.0,11239232,5533.619140625,67683.078125,140858528,60154220,20914.3203125,85884.234375,202283.953125,671853.6875,4298.1044921875,2746207.5,1113979.375,62724.94140625,484767.78125,21048.931640625,821365.375,692.8924560546875,423503.875,440480.125,235688.15625,923558.25,69456.96875,77143.21875,17180.859375,4144.32421875,274392.90625,14887.7294921875,143368.8125,31162.283203125,401335.75,1096520.0,58441.97265625,7248.20556640625,122073.5546875,13536.408203125,602033.625,79677,33.970699310302734,35.66300582885742,0,0,0,0,0,0,0,0,0,0,0,1,0,0,0,0,0,0,0,False,UNKNOWN,0,0,0,0,194665569,24484,0,37.545711517333984,13,,,"{'Type': 'start', 'Data_Type': 'Synthetical', 'Protocol_name': 'ABGv5-0ppb-6RH-75ccm-Anthony-Q425', 'Trial_Details': {'RH': 0, 'group': 35, 'detail': 'N/A', 'trialnum': 16, 'TrialName': '6rh', 'identifier': 'ckUf6', 'Concentration': 0}, 'Experiment_Rig': 'DA3'}",,2026-01-18 23:49:33.123,"{'cid': 'c04d07ee-94c6-44df-ad3c-f46614593299', 'uuid': '69f71364-92bd-4c57-8ce2-98cc5f66d828', 'annotationId': 'bed29bbe-8d3a-4751-96da-ec41fc138f11', 'name': 'FeNOMeasurement', 'description': 'FeNOMeasurement', 'labels': 'FeNOMeasurement', 'metadata': {'Length': 30, 'Progress': 39, 'startTime': 1768780141606, 'Notification': 'Event FeNOMeasurement Started.'}, 'createdAt': '2026-01-18T23:49:01.850Z', 'createdBy': '5c7b5d9f-c171-4004-a182-4277ffd4c9eb'}",29.83,20.3,1600.0,1598.93,21470060.0,1100.0,1101.16,24020116.0,0.0,566364.07,14.33,32.59,1009.79,1400.0,1401.08,22450138.0,0.0,0.01,22040109.0,2900.0,2898.66,22340093.0
0000000027-4125-asu-nz,0000000018-3024-oms-nz,CleaningCycle,bed29bbe-8d3a-4751-96da-ec41fc138f11,8431e6bd-5d3e-4c11-b2cc-504dddc0c609,1266.227783203125,480886.5,198362.421875,8103.3115234375,7116.4482421875,25916.724609375,183037.953125,176243.25,232619.8125,68950.3046875,124222.1796875,18609.541015625,273438.09375,5757.486328125,18991.576171875,36915.1875,254736.046875,51859.1640625,189440.171875,19426.876953125,6892.21435546875,13160.9296875,25894.56640625,45508.0390625,2888682.25,365087.78125,1390567.375,3519483.75,11230577,5533.98193359375,67034.453125,140181472,59935280,20913.419921875,85902.1328125,202319.90625,671898.3125,4298.587890625,2750947.0,1114675.25,62716.48828125,484239.34375,21049.42578125,820955.375,692.757080078125,423459.375,440553.5625,235695.765625,924120.375,69478.4296875,77128.6953125,17177.26171875,4139.8515625,274355.1875,14882.8271484375,142226.84375,31162.89453125,401801.15625,1097712.125,58444.6953125,7248.26953125,122328.2421875,13526.232421875,603122.25,79978,33.970699310302734,35.743595123291016,0,0,0,0,0,0,0,0,0,0,0,1,0,0,0,0,0,0,0,False,UNKNOWN,0,0,0,0,194665569,24484,0,37.545711517333984,13,,,"{'Type': 'start', 'Data_Type': 'Synthetical', 'Protocol_name': 'ABGv5-0ppb-6RH-75ccm-Anthony-Q425', 'Trial_Details': {'RH': 0, 'group': 35, 'detail': 'N/A', 'trialnum': 16, 'TrialName': '6rh', 'identifier': 'ckUf6', 'Concentration': 0}, 'Experiment_Rig': 'DA3'}",,2026-01-18 23:49:33.416,"{'cid': 'c04d07ee-94c6-44df-ad3c-f46614593299', 'uuid': '625ab483-3e03-4d85-b791-9a2f2e4ee7e1', 'annotationId': 'bed29bbe-8d3a-4751-96da-ec41fc138f11', 'name': 'CleaningCycle', 'description': 'CleaningCycle', 'labels': 'CleaningCycle', 'metadata': {'Length': 30, 'Progress': 69, 'startTime': 1768780172963, 'Notification': 'Event CleaningCycle Started.'}, 'createdAt': '2026-01-18T23:49:33.249Z', 'createdBy': '5c7b5d9f-c171-4004-a182-4277ffd4c9eb'}",29.84,20.3,1600.0,1599.26,21470060.0,1100.0,1100.83,24020116.0,0.0,566240.03,14.33,32.59,1009.79,1400.0,1400.73,22450138.0,0.0,0.03,22040109.0,2900.0,2899.89,22340093.0
0000000027-4125-asu-nz,0000000018-3024-oms-nz,CleaningCycle,bed29bbe-8d3a-4751-96da-ec41fc138f11,8431e6bd-5d3e-4c11-b2cc-504dddc0c609,1266.788818359375,480739.53125,198358.578125,8103.08349609375,7116.7451171875,25915.4375,183007.34375,176253.53125,232923.890625,68923.90625,124197.828125,18610.150390625,273022.96875,5753.0634765625,18992.810546875,36925.046875,254901.265625,51861.88671875,189295.578125,19425.484375,6892.62451171875,13154.203125,25892.927734375,45511.3515625,2886815.0,364244.09375,1391608.125,3518065.0,11216847,5533.8330078125,68319.03125,139120576,59828788,20912.923828125,85893.7109375,202331.15625,672147.25,4298.7412109375,2753437.5,1117155.0,62715.13671875,483835.5,21049.369140625,820959.875,692.8656005859375,423811.25,440908.28125,235681.703125,924376.125,69487.859375,77101.6640625,17176.169921875,4128.50830078125,273858.75,14907.51953125,142407.78125,31169.322265625,401703.125,1099035.0,58446.484375,7247.765625,122249.2109375,13532.5654296875,604317.5,80279,33.80952835083008,35.582420349121094,0,0,0,0,0,0,0,0,0,0,0,1,0,0,0,0,0,0,0,False,UNKNOWN,0,0,0,0,194665569,24484,0,37.545711517333984,13,,,"{'Type': 'start', 'Data_Type': 'Synthetical', 'Protocol_name': 'ABGv5-0ppb-6RH-75ccm-Anthony-Q425', 'Trial_Details': {'RH': 0, 'group': 35, 'detail': 'N/A', 'trialnum': 16, 'TrialName': '6rh', 'identifier': 'ckUf6', 'Concentration': 0}, 'Experiment_Rig': 'DA3'}",,2026-01-18 23:49:33.718,"{'cid': 'c04d07ee-94c6-44df-ad3c-f46614593299', 'uuid': '625ab483-3e03-4d85-b791-9a2f2e4ee7e1', 'annotationId': 'bed29bbe-8d3a-4751-96da-ec41fc138f11', 'name': 'CleaningCycle', 'description': 'CleaningCycle', 'labels': 'CleaningCycle', 'metadata': {'Length': 30, 'Progress': 69, 'startTime': 1768780172963, 'Notification': 'Event CleaningCycle Started.'}, 'createdAt': '2026-01-18T23:49:33.249Z', 'createdBy': '5c7b5d9f-c171-4004-a182-4277ffd4c9eb'}",29.85,20.31,1600.0,1599.59,21470060.0,1100.0,1100.5,24020116.0,0.0,566112.17,14.33,32.59,1009.8,1400.0,1400.37,22450138.0,0.0,0.05,22040109.0,2900.0,2901.16,22340093.0
0000000027-4125-asu-nz,0000000018-3024-oms-nz,CleaningCycle,bed29bbe-8d3a-4751-96da-ec41fc138f11,8431e6bd-5d3e-4c11-b2cc-504dddc0c609,1266.7852783203125,481189.25,198284.0,8102.90283203125,7116.7724609375,25914.630859375,182921.234375,176210.453125,232957.671875,68907.0546875,124194.9296875,18610.197265625,272847.1875,5770.0849609375,18991.26953125,36924.73046875,254763.453125,51852.83984375,189329.453125,19431.06640625,6892.4794921875,13149.4775390625,25894.525390625,45514.93359375,2884748.0,362510.0,1394279.125,3516641.0,11205460,5533.97607421875,68667.671875,138215712,59875132,20914.255859375,85881.8984375,202299.90625,672319.5,4300.76708984375,2757601.75,1114778.625,62707.73828125,484107.96875,21046.193359375,820679.5625,692.9086303710938,423625.03125,440227.21875,235631.375,924550.9375,69462.2265625,77116.3203125,17181.2734375,4138.10546875,273975.90625,14897.78515625,142336.8125,31167.009765625,401818.75,1100131.875,58443.8984375,7248.3671875,122342.25,13534.490234375,604492.9375,80580,33.970699310302734,35.66300582885742,0,0,0,0,0,0,0,0,0,0,0,1,0,0,0,0,0,0,0,False,UNKNOWN,0,0,0,0,194665569,24484,0,37.545711517333984,13,,,"{'Type': 'start', 'Data_Type': 'Synthetical', 'Protocol_name': 'ABGv5-0ppb-6RH-75ccm-Anthony-Q425', 'Trial_Details': {'RH': 0, 'group': 35, 'detail': 'N/A', 'trialnum': 16, 'TrialName': '6rh', 'identifier': 'ckUf6', 'Concentration': 0}, 'Experiment_Rig': 'DA3'}",,2026-01-18 23:49:34.019,"{'cid': 'c04d07ee-94c6-44df-ad3c-f46614593299', 'uuid': '625ab483-3e03-4d85-b791-9a2f2e4ee7e1', 'annotationId': 'bed29bbe-8d3a-4751-96da-ec41fc138f11', 'name': 'CleaningCycle', 'description': 'CleaningCycle', 'labels': 'CleaningCycle', 'metadata': {'Length': 30, 'Progress': 69, 'startTime': 1768780172963, 'Notification': 'Event CleaningCycle Started.'}, 'createdAt': '2026-01-18T23:49:33.249Z', 'createdBy': '5c7b5d9f-c171-4004-a182-4277ffd4c9eb'}",29.86,20.31,1600.0,1599.93,21470060.0,1100.0,1100.17,24020116.0,0.0,565984.74,14.33,32.59,1009.8,1400.0,1400.01,22450138.0,0.0,0.06,22040109.0,2900.0,2902.43,22340093.0
0000000027-4125-asu-nz,0000000018-3024-oms-nz,CleaningCycle,bed29bbe-8d3a-4751-96da-ec41fc138f11,8431e6bd-5d3e-4c11-b2cc-504dddc0c609,1266.360595703125,481216.65625,198259.0625,8102.90771484375,7116.62060546875,25915.142578125,182874.734375,176197.953125,233080.0,68756.9296875,124199.5703125,18609.615234375,272973.0,5767.5390625,18988.544921875,36917.73828125,254904.765625,51855.8671875,188890.859375,19425.453125,6892.64111328125,13169.18359375,25894.43359375,45511.0625,2883472.75,363052.53125,1391143.5,3514861.5,11193652,5534.3818359375,68782.734375,137305472,60027092,20912.58203125,85872.796875,202284.265625,672438.5,4299.6259765625,2763171.75,1114517.25,62695.93359375,483712.1875,21049.546875,821360.5,693.23876953125,423306.5625,440585.75,235588.71875,924556.0,69465.8515625,77128.6875,17176.0,4146.19189453125,274167.125,14894.716796875,142394.90625,31168.666015625,401638.5,1100634.75,58437.484375,7248.39306640625,122464.6328125,13528.8916015625,604799.5,80881,34.05128479003906,35.743595123291016,0,0,0,0,0,0,0,0,0,0,0,1,0,0,0,0,0,0,0,False,UNKNOWN,0,0,0,0,194670601,24484,0,38.237674713134766,13,,,"{'Type': 'start', 'Data_Type': 'Synthetical', 'Protocol_name': 'ABGv5-0ppb-6RH-75ccm-Anthony-Q425', 'Trial_Details': {'RH': 0, 'group': 35, 'detail': 'N/A', 'trialnum': 16, 'TrialName': '6rh', 'identifier': 'ckUf6', 'Concentration': 0}, 'Experiment_Rig': 'DA3'}",,2026-01-18 23:49:34.319,"{'cid': 'c04d07ee-94c6-44df-ad3c-f46614593299', 'uuid': '625ab483-3e03-4d85-b791-9a2f2e4ee7e1', 'annotationId': 'bed29bbe-8d3a-4751-96da-ec41fc138f11', 'name': 'CleaningCycle', 'description': 'CleaningCycle', 'labels': 'CleaningCycle', 'metadata': {'Length': 30, 'Progress': 69, 'startTime': 1768780172963, 'Notification': 'Event CleaningCycle Started.'}, 'createdAt': '2026-01-18T23:49:33.249Z', 'createdBy': '5c7b5d9f-c171-4004-a182-4277ffd4c9eb'}",29.86,20.3,1600.0,1600.04,21470060.0,1100.0,1099.81,24020116.0,0.0,565859.72,14.33,32.59,1009.8,1400.0,1399.69,22450138.0,0.0,0.05,22040109.0,2900.0,2902.25,22340093.0
0000000027-4125-asu-nz,0000000018-3024-oms-nz,CleaningCycle,bed29bbe-8d3a-4751-96da-ec41fc138f11,8431e6bd-5d3e-4c11-b2cc-504dddc0c609,1267.196533203125,480677.1875,198249.109375,8102.9443359375,7116.4296875,25914.373046875,182883.5625,176214.53125,233146.90625,68768.09375,124188.6484375,18607.365234375,272377.9375,5754.861328125,18989.81640625,36921.7265625,254093.625,51874.078125,188415.34375,19436.56640625,6892.4892578125,13161.638671875,25894.052734375,45515.15625,2883367.75,363662.875,1390864.5,3513533.75,11184521,5533.109375,68852.671875,136629296,60283360,20908.529296875,85874.890625,202282.265625,672526.125,4298.68798828125,2766647.25,1115525.875,62695.24609375,483859.3125,21045.7890625,820596.375,693.545166015625,423265.46875,440757.40625,235573.703125,924070.0,69441.953125,77127.3125,17170.677734375,4138.70703125,274077.375,14887.900390625,141347.9375,31167.974609375,401677.75,1100805.25,58433.37109375,7248.17822265625,122415.5703125,13540.755859375,604994.8125,81182,33.80952835083008,35.66300582885742,0,0,0,0,0,0,0,0,0,0,0,1,0,0,0,0,0,0,0,False,UNKNOWN,0,0,0,0,194670601,24484,0,38.237674713134766,13,,,"{'Type': 'start', 'Data_Type': 'Synthetical', 'Protocol_name': 'ABGv5-0ppb-6RH-75ccm-Anthony-Q425', 'Trial_Details': {'RH': 0, 'group': 35, 'detail': 'N/A', 'trialnum': 16, 'TrialName': '6rh', 'identifier': 'ckUf6', 'Concentration': 0}, 'Experiment_Rig': 'DA3'}",,2026-01-18 23:49:34.621,"{'cid': 'c04d07ee-94c6-44df-ad3c-f46614593299', 'uuid': '625ab483-3e03-4d85-b791-9a2f2e4ee7e1', 'annotationId': 'bed29bbe-8d3a-4751-96da-ec41fc138f11', 'name': 'CleaningCycle', 'description': 'CleaningCycle', 'labels': 'CleaningCycle', 'metadata': {'Length': 30, 'Progress': 69, 'startTime': 1768780172963, 'Notification': 'Event CleaningCycle Started.'}, 'createdAt': '2026-01-18T23:49:33.249Z', 'createdBy': '5c7b5d9f-c171-4004-a182-4277ffd4c9eb'}",29.85,20.3,1600.0,1600.09,21470060.0,1100.0,1099.46,24020116.0,0.0,565737.58,14.33,32.59,1009.79,1400.0,1399.38,22450138.0,0.0,0.03,22040109.0,2900.0,2901.46,22340093.0
0000000027-4125-asu-nz,0000000018-3024-oms-nz,CleaningCycle,bed29bbe-8d3a-4751-96da-ec41fc138f11,8431e6bd-5d3e-4c11-b2cc-504dddc0c609,1266.43408203125,480401.125,198305.015625,8103.11669921875,7116.1083984375,25912.822265625,182916.75,176198.484375,233398.40625,68769.046875,124219.9921875,18608.57421875,271075.25,5763.2421875,18991.013671875,36923.59375,254645.53125,51873.60546875,188343.15625,19434.818359375,6893.27734375,13163.9638671875,25894.853515625,45521.11328125,2883629.0,364071.0,1393924.25,3513415.5,11178375,5533.271484375,68708.9765625,136220944,60618524,20906.0390625,85881.96875,202304.8125,672592.0625,4299.0673828125,2770499.25,1115651.75,62688.69140625,484281.90625,21046.154296875,820448.6875,692.7054443359375,423260.84375,440774.3125,235533.234375,923253.625,69427.78125,77101.09375,17176.017578125,4133.2001953125,273839.15625,14891.4384765625,142618.640625,31170.666015625,401632.78125,1100846.75,58429.015625,7248.27490234375,122121.8125,13536.7490234375,604739.1875,81483,33.890113830566406,35.743595123291016,0,0,0,0,0,0,0,0,0,0,0,1,0,0,0,0,0,0,0,False,UNKNOWN,0,0,0,0,194670601,24484,0,38.237674713134766,13,,,"{'Type': 'start', 'Data_Type': 'Synthetical', 'Protocol_name': 'ABGv5-0ppb-6RH-75ccm-Anthony-Q425', 'Trial_Details': {'RH': 0, 'group': 35, 'detail': 'N/A', 'trialnum': 16, 'TrialName': '6rh', 'identifier': 'ckUf6', 'Concentration': 0}, 'Experiment_Rig': 'DA3'}",,2026-01-18 23:49:34.922,"{'cid': 'c04d07ee-94c6-44df-ad3c-f46614593299', 'uuid': '625ab483-3e03-4d85-b791-9a2f2e4ee7e1', 'annotationId': 'bed29bbe-8d3a-4751-96da-ec41fc138f11', 'name': 'CleaningCycle', 'description': 'CleaningCycle', 'labels': 'CleaningCycle', 'metadata': {'Length': 30, 'Progress': 69, 'startTime': 1768780172963, 'Notification': 'Event CleaningCycle Started.'}, 'createdAt': '2026-01-18T23:49:33.249Z', 'createdBy': '5c7b5d9f-c171-4004-a182-4277ffd4c9eb'}",29.85,20.29,1600.0,1600.13,21470060.0,1100.0,1099.1,24020116.0,0.0,565615.84,14.32,32.59,1009.78,1400.0,1399.07,22450138.0,0.0,0.01,22040109.0,2900.0,2900.67,22340093.0
0000000027-4125-asu-nz,0000000018-3024-oms-nz,CleaningCycle,bed29bbe-8d3a-4751-96da-ec41fc138f11,8431e6bd-5d3e-4c11-b2cc-504dddc0c609,1267.172119140625,480629.96875,198285.09375,8103.63232421875,7116.07568359375,25914.982421875,182901.5625,176215.890625,233432.359375,68812.6328125,124210.4140625,18608.8828125,274028.625,5768.83935546875,18990.90625,36927.2421875,254846.90625,51886.90234375,189182.453125,19421.279296875,6892.29296875,13167.7783203125,25892.78515625,45517.3359375,2886509.5,364634.5625,1392547.75,3514739.75,11178571,5533.3916015625,68154.3984375,136205968,60977592,20909.43359375,85889.046875,202276.421875,672615.375,4299.07177734375,2773234.25,1113607.125,62682.91015625,484121.65625,21046.064453125,820725.875,693.3866577148438,423089.40625,440887.15625,235510.296875,922431.875,69410.1796875,77121.046875,17176.666015625,4132.685546875,274032.625,14892.84375,142351.546875,31166.595703125,401589.625,1100512.5,58431.10546875,7248.216796875,122183.8828125,13525.7412109375,604246.25,81784,33.970699310302734,35.66300582885742,0,0,0,0,0,0,0,0,0,0,0,1,0,0,0,0,0,0,0,False,UNKNOWN,0,0,0,0,194670601,24484,0,38.237674713134766,13,,,"{'Type': 'start', 'Data_Type': 'Synthetical', 'Protocol_name': 'ABGv5-0ppb-6RH-75ccm-Anthony-Q425', 'Trial_Details': {'RH': 0, 'group': 35, 'detail': 'N/A', 'trialnum': 16, 'TrialName': '6rh', 'identifier': 'ckUf6', 'Concentration': 0}, 'Experiment_Rig': 'DA3'}",,2026-01-18 23:49:35.224,"{'cid': 'c04d07ee-94c6-44df-ad3c-f46614593299', 'uuid': '625ab483-3e03-4d85-b791-9a2f2e4ee7e1', 'annotationId': 'bed29bbe-8d3a-4751-96da-ec41fc138f11', 'name': 'CleaningCycle', 'description': 'CleaningCycle', 'labels': 'CleaningCycle', 'metadata': {'Length': 30, 'Progress': 69, 'startTime': 1768780172963, 'Notification': 'Event CleaningCycle Started.'}, 'createdAt': '2026-01-18T23:49:33.249Z', 'createdBy': '5c7b5d9f-c171-4004-a182-4277ffd4c9eb'}",29.85,20.29,1600.0,1600.06,21470060.0,1100.0,1098.9,24020116.0,0.0,565493.7,14.32,32.59,1009.77,1400.0,1399.15,22450138.0,0.0,0.01,22040109.0,2900.0,2899.94,22340093.0
0000000027-4125-asu-nz,0000000018-3024-oms-nz,CleaningCycle,bed29bbe-8d3a-4751-96da-ec41fc138f11,8431e6bd-5d3e-4c11-b2cc-504dddc0c609,1267.13818359375,480441.65625,198257.96875,8103.3818359375,7116.22119140625,25914.84765625,182901.75,176207.859375,233012.84375,68778.625,124211.46875,18609.11328125,272358.71875,5780.14990234375,18988.5546875,36925.93359375,254719.90625,51903.2578125,189293.703125,19432.359375,6892.7705078125,13165.5537109375,25891.4765625,45519.0703125,2888799.25,364353.15625,1391679.25,3516508.0,11183443,5532.51025390625,68516.6875,136518224,61308356,20906.18359375,85866.7421875,202272.671875,672649.9375,4299.671875,2775321.5,1114209.5,62679.515625,484058.25,21046.041015625,821104.8125,692.8081665039062,423292.4375,440835.375,235513.8125,921542.25,69427.9453125,77110.3125,17173.578125,4138.263671875,274165.59375,14894.71875,142446.90625,31161.427734375,401450.8125,1099716.75,58439.18359375,7247.89599609375,122126.578125,13534.4140625,602671.8125,82085,33.970699310302734,35.743595123291016,0,0,0,0,0,0,0,0,0,0,0,1,0,0,0,0,0,0,0,False,UNKNOWN,0,0,0,0,194670601,24484,0,38.237674713134766,13,,,"{'Type': 'start', 'Data_Type': 'Synthetical', 'Protocol_name': 'ABGv5-0ppb-6RH-75ccm-Anthony-Q425', 'Trial_Details': {'RH': 0, 'group': 35, 'detail': 'N/A', 'trialnum': 16, 'TrialName': '6rh', 'identifier': 'ckUf6', 'Concentration': 0}, 'Experiment_Rig': 'DA3'}",,2026-01-18 23:49:35.524,"{'cid': 'c04d07ee-94c6-44df-ad3c-f46614593299', 'uuid': '625ab483-3e03-4d85-b791-9a2f2e4ee7e1', 'annotationId': 'bed29bbe-8d3a-4751-96da-ec41fc138f11', 'name': 'CleaningCycle', 'description': 'CleaningCycle', 'labels': 'CleaningCycle', 'metadata': {'Length': 30, 'Progress': 69, 'startTime': 1768780172963, 'Notification': 'Event CleaningCycle Started.'}, 'createdAt': '2026-01-18T23:49:33.249Z', 'createdBy': '5c7b5d9f-c171-4004-a182-4277ffd4c9eb'}",29.85,20.3,1600.0,1599.82,21470060.0,1100.0,1098.95,24020116.0,0.0,565189.97,14.32,32.59,1009.73,1400.0,1399.84,22450138.0,0.0,0.03,22040109.0,2900.0,2899.32,22340093.0
0000000027-4125-asu-nz,0000000018-3024-oms-nz,CleaningCycle,bed29bbe-8d3a-4751-96da-ec41fc138f11,8431e6bd-5d3e-4c11-b2cc-504dddc0c609,1268.0709228515625,480782.21875,198289.1875,8103.1884765625,7116.6630859375,25916.123046875,182843.953125,176203.671875,233019.734375,68846.9609375,124219.296875,18608.947265625,271213.59375,5772.1318359375,18991.544921875,36925.43359375,254955.15625,51906.96875,189027.015625,19423.912109375,6892.916015625,13168.427734375,25890.669921875,45517.95703125,2891373.75,358779.875,1396058.125,3518477.75,11191353,5532.654296875,69157.921875,137114032,61558004,20901.611328125,85872.0390625,202240.78125,672528.4375,4299.5830078125,2770194.5,1115737.5,62681.65234375,484105.0625,21048.51953125,821420.4375,693.1476440429688,423353.78125,440674.9375,235511.734375,920939.5,69437.546875,77113.2109375,17177.740234375,4136.46142578125,274263.75,14880.5947265625,142254.46875,31152.201171875,401225.4375,1099084.5,58428.39453125,7247.83203125,122303.0546875,13544.1875,602786.625,82386,33.970699310302734,35.743595123291016,0,0,0,0,0,0,0,0,0,0,0,1,0,0,0,0,0,0,0,False,UNKNOWN,0,0,0,0,194670601,24484,0,38.237674713134766,13,,,"{'Type': 'start', 'Data_Type': 'Synthetical', 'Protocol_name': 'ABGv5-0ppb-6RH-75ccm-Anthony-Q425', 'Trial_Details': {'RH': 0, 'group': 35, 'detail': 'N/A', 'trialnum': 16, 'TrialName': '6rh', 'identifier': 'ckUf6', 'Concentration': 0}, 'Experiment_Rig': 'DA3'}",,2026-01-18 23:49:35.826,"{'cid': 'c04d07ee-94c6-44df-ad3c-f46614593299', 'uuid': '625ab483-3e03-4d85-b791-9a2f2e4ee7e1', 'annotationId': 'bed29bbe-8d3a-4751-96da-ec41fc138f11', 'name': 'CleaningCycle', 'description': 'CleaningCycle', 'labels': 'CleaningCycle', 'metadata': {'Length': 30, 'Progress': 69, 'startTime': 1768780172963, 'Notification': 'Event CleaningCycle Started.'}, 'createdAt': '2026-01-18T23:49:33.249Z', 'createdBy': '5c7b5d9f-c171-4004-a182-4277ffd4c9eb'}",29.84,20.3,1600.0,1599.58,21470060.0,1100.0,1098.99,24020116.0,0.0,564703.03,14.31,32.59,1009.66,1400.0,1400.54,22450138.0,0.0,0.05,22040109.0,2900.0,2898.7,22340093.0
0000000027-4125-asu-nz,0000000018-3024-oms-nz,CleaningCycle,bed29bbe-8d3a-4751-96da-ec41fc138f11,8431e6bd-5d3e-4c11-b2cc-504dddc0c609,1266.6787109375,481030.5625,198330.171875,8103.734375,7116.623046875,25916.91015625,182873.859375,176198.71875,233179.609375,68939.0703125,124216.125,18609.193359375,271584.8125,5758.65869140625,18990.55078125,36928.8203125,254744.125,51898.35546875,189133.453125,19430.349609375,6892.8037109375,13149.4287109375,25889.32421875,45517.0703125,2892942.5,360449.46875,1393183.125,3519712.75,11204395,5532.39697265625,69359.625,138164528,61691448,20907.623046875,85847.125,202215.296875,672278.125,4298.20263671875,2774185.5,1116950.75,62686.515625,484428.03125,21050.412109375,820980.6875,692.84423828125,423193.125,441030.5,235537.296875,920570.25,69409.21875,77102.921875,17179.162109375,4133.3681640625,273986.0625,14862.1298828125,142867.359375,31152.802734375,401264.75,1098334.75,58421.58203125,7248.71337890625,122262.9921875,13540.677734375,602270.4375,82687,33.890113830566406,35.66300582885742,0,0,0,0,0,0,0,0,0,0,0,1,0,0,0,0,0,0,0,False,UNKNOWN,0,0,0,0,194670601,24484,0,38.237674713134766,13,,,"{'Type': 'start', 'Data_Type': 'Synthetical', 'Protocol_name': 'ABGv5-0ppb-6RH-75ccm-Anthony-Q425', 'Trial_Details': {'RH': 0, 'group': 35, 'detail': 'N/A', 'trialnum': 16, 'TrialName': '6rh', 'identifier': 'ckUf6', 'Concentration': 0}, 'Experiment_Rig': 'DA3'}",,2026-01-18 23:49:36.131,"{'cid': 'c04d07ee-94c6-44df-ad3c-f46614593299', 'uuid': '625ab483-3e03-4d85-b791-9a2f2e4ee7e1', 'annotationId': 'bed29bbe-8d3a-4751-96da-ec41fc138f11', 'name': 'CleaningCycle', 'description': 'CleaningCycle', 'labels': 'CleaningCycle', 'metadata': {'Length': 30, 'Progress': 69, 'startTime': 1768780172963, 'Notification': 'Event CleaningCycle Started.'}, 'createdAt': '2026-01-18T23:49:33.249Z', 'createdBy': '5c7b5d9f-c171-4004-a182-4277ffd4c9eb'}",29.84,20.31,1600.0,1599.43,21470060.0,1100.0,1099.07,24020116.0,0.0,564211.26,14.31,32.59,1009.59,1400.0,1401.17,22450138.0,0.0,0.08,22040109.0,2900.0,2898.09,22340093.0
0000000027-4125-asu-nz,0000000018-3024-oms-nz,CleaningCycle,bed29bbe-8d3a-4751-96da-ec41fc138f11,8431e6bd-5d3e-4c11-b2cc-504dddc0c609,1265.8455810546875,481228.125,198350.984375,8102.97705078125,7116.54052734375,25918.314453125,182952.734375,176235.390625,233360.75,68878.2109375,124195.78125,18608.515625,271837.9375,5769.87109375,18990.275390625,36911.7421875,254676.171875,51891.41796875,189041.921875,19436.84375,6892.77490234375,13152.61328125,25887.236328125,45519.06640625,2895055.5,361275.0,1390562.875,3521639.75,11218287,5532.0947265625,68605.3125,139251232,61678024,20906.94140625,85841.265625,202217.5625,672074.1875,4299.4384765625,2773293.0,1115124.75,62681.30078125,484309.8125,21049.537109375,820138.5,693.3848266601562,423355.96875,441097.53125,235553.546875,920383.6875,69398.875,77123.40625,17180.62890625,4129.66748046875,273918.9375,14864.7216796875,143842.1875,31157.517578125,401373.5625,1097602.75,58418.66796875,7248.09228515625,122430.6796875,13540.7919921875,602981.5625,82990,34.131874084472656,35.582420349121094,0,0,0,0,0,0,0,0,0,0,0,1,0,0,0,0,0,0,0,False,UNKNOWN,0,0,0,0,194670601,24484,0,38.237674713134766,13,,,"{'Type': 'start', 'Data_Type': 'Synthetical', 'Protocol_name': 'ABGv5-0ppb-6RH-75ccm-Anthony-Q425', 'Trial_Details': {'RH': 0, 'group': 35, 'detail': 'N/A', 'trialnum': 16, 'TrialName': '6rh', 'identifier': 'ckUf6', 'Concentration': 0}, 'Experiment_Rig': 'DA3'}",,2026-01-18 23:49:36.431,"{'cid': 'c04d07ee-94c6-44df-ad3c-f46614593299', 'uuid': '625ab483-3e03-4d85-b791-9a2f2e4ee7e1', 'annotationId': 'bed29bbe-8d3a-4751-96da-ec41fc138f11', 'name': 'CleaningCycle', 'description': 'CleaningCycle', 'labels': 'CleaningCycle', 'metadata': {'Length': 30, 'Progress': 69, 'startTime': 1768780172963, 'Notification': 'Event CleaningCycle Started.'}, 'createdAt': '2026-01-18T23:49:33.249Z', 'createdBy': '5c7b5d9f-c171-4004-a182-4277ffd4c9eb'}",29.84,20.3,1600.0,1600.14,21470060.0,1100.0,1099.52,24020116.0,0.0,563727.55,14.3,32.59,1009.52,1400.0,1400.6,22450138.0,0.0,0.06,22040109.0,2900.0,2898.66,22340093.0
0000000027-4125-asu-nz,0000000018-3024-oms-nz,CleaningCycle,bed29bbe-8d3a-4751-96da-ec41fc138f11,8431e6bd-5d3e-4c11-b2cc-504dddc0c609,1266.490478515625,480648.5625,198356.890625,8103.5830078125,7116.35595703125,25918.16796875,182817.09375,176240.59375,233320.453125,68838.4375,124191.3828125,18609.513671875,272244.75,5785.97705078125,18988.8125,36920.51953125,254619.125,51900.98828125,189062.625,19436.630859375,6892.7470703125,13168.5380859375,25888.34765625,45518.265625,2897953.5,361685.0,1387769.25,3522349.25,11230755,5532.12646484375,67838.390625,140326000,61543304,20907.876953125,85870.9609375,202200.25,671904.875,4299.44482421875,2776082.5,1114064.625,62690.26953125,484578.65625,21047.126953125,820703.6875,693.5030517578125,423260.5,440921.03125,235575.75,920305.8125,69407.5078125,77098.0703125,17174.45703125,4125.541015625,273963.4375,14850.091796875,143764.203125,31158.9921875,401284.46875,1096953.125,58429.50390625,7248.73974609375,122118.84375,13541.701171875,603349.0,83289,33.970699310302734,35.66300582885742,0,0,0,0,0,0,0,0,0,0,0,1,0,0,0,0,0,0,0,False,UNKNOWN,0,0,0,0,194670601,24484,0,38.237674713134766,13,,,"{'Type': 'start', 'Data_Type': 'Synthetical', 'Protocol_name': 'ABGv5-0ppb-6RH-75ccm-Anthony-Q425', 'Trial_Details': {'RH': 0, 'group': 35, 'detail': 'N/A', 'trialnum': 16, 'TrialName': '6rh', 'identifier': 'ckUf6', 'Concentration': 0}, 'Experiment_Rig': 'DA3'}",,2026-01-18 23:49:36.728,"{'cid': 'c04d07ee-94c6-44df-ad3c-f46614593299', 'uuid': '625ab483-3e03-4d85-b791-9a2f2e4ee7e1', 'annotationId': 'bed29bbe-8d3a-4751-96da-ec41fc138f11', 'name': 'CleaningCycle', 'description': 'CleaningCycle', 'labels': 'CleaningCycle', 'metadata': {'Length': 30, 'Progress': 69, 'startTime': 1768780172963, 'Notification': 'Event CleaningCycle Started.'}, 'createdAt': '2026-01-18T23:49:33.249Z', 'createdBy': '5c7b5d9f-c171-4004-a182-4277ffd4c9eb'}",29.83,20.29,1600.0,1600.85,21470060.0,1100.0,1099.97,24020116.0,0.0,563804.14,14.29,32.59,1009.51,1400.0,1400.03,22450138.0,0.0,0.04,22040109.0,2900.0,2899.23,22340093.0
0000000027-4125-asu-nz,0000000018-3024-oms-nz,CleaningCycle,bed29bbe-8d3a-4751-96da-ec41fc138f11,8431e6bd-5d3e-4c11-b2cc-504dddc0c609,1266.34130859375,480869.6875,198380.859375,8103.37890625,7116.84033203125,25917.345703125,182838.171875,176267.203125,233137.578125,68907.5625,124213.015625,18610.076171875,273138.34375,5778.63671875,18989.8359375,36917.25390625,254493.78125,51896.05859375,190167.71875,19436.4375,6892.2373046875,13143.7841796875,25884.7734375,45516.4140625,2899745.75,363495.03125,1390217.625,3522932.5,11239077,5533.03125,67221.6015625,140974400,61305980,20908.326171875,85883.03125,202236.53125,671883.75,4298.42431640625,2775048.0,1111703.5,62700.91015625,484446.8125,21050.029296875,821691.4375,693.9561767578125,423379.09375,440610.875,235630.578125,920682.6875,69410.875,77106.8984375,17174.32421875,4148.91943359375,272408.375,14868.244140625,143867.328125,31155.52734375,401383.125,1096253.5,58421.91015625,7248.01416015625,122034.0625,13543.4697265625,602052.75,83590,33.890113830566406,35.501834869384766,0,0,0,0,0,0,0,0,0,0,0,1,0,0,0,0,0,0,0,False,UNKNOWN,0,0,0,0,194670601,24484,0,38.237674713134766,13,,,"{'Type': 'start', 'Data_Type': 'Synthetical', 'Protocol_name': 'ABGv5-0ppb-6RH-75ccm-Anthony-Q425', 'Trial_Details': {'RH': 0, 'group': 35, 'detail': 'N/A', 'trialnum': 16, 'TrialName': '6rh', 'identifier': 'ckUf6', 'Concentration': 0}, 'Experiment_Rig': 'DA3'}",,2026-01-18 23:49:37.029,"{'cid': 'c04d07ee-94c6-44df-ad3c-f46614593299', 'uuid': '625ab483-3e03-4d85-b791-9a2f2e4ee7e1', 'annotationId': 'bed29bbe-8d3a-4751-96da-ec41fc138f11', 'name': 'CleaningCycle', 'description': 'CleaningCycle', 'labels': 'CleaningCycle', 'metadata': {'Length': 30, 'Progress': 69, 'startTime': 1768780172963, 'Notification': 'Event CleaningCycle Started.'}, 'createdAt': '2026-01-18T23:49:33.249Z', 'createdBy': '5c7b5d9f-c171-4004-a182-4277ffd4c9eb'}",29.83,20.28,1600.0,1601.56,21470060.0,1100.0,1100.42,24020116.0,0.0,564167.52,14.28,32.59,1009.51,1400.0,1399.46,22450138.0,0.0,0.03,22040109.0,2900.0,2899.8,22340093.0
0000000027-4125-asu-nz,0000000018-3024-oms-nz,CleaningCycle,bed29bbe-8d3a-4751-96da-ec41fc138f11,8431e6bd-5d3e-4c11-b2cc-504dddc0c609,1266.6822509765625,481448.03125,198384.734375,8103.59423828125,7116.7509765625,25916.62109375,182899.078125,176233.9375,233273.359375,68937.734375,124208.2109375,18611.181640625,273725.75,5764.64013671875,18989.4921875,36916.44140625,254348.1875,51905.328125,189436.25,19440.89453125,6892.287109375,13159.23828125,25886.439453125,45515.07421875,2898417.75,363844.21875,1394875.75,3523032.0,11242902,5532.6796875,68011.2578125,141328416,60979344,20906.908203125,85888.578125,202260.515625,671878.1875,4298.15576171875,2774669.5,1111169.125,62704.421875,484995.125,21050.5078125,821169.6875,693.7459716796875,423288.78125,440228.84375,235637.1875,921505.5625,69410.671875,77123.7109375,17176.025390625,4143.22412109375,272307.15625,14888.7177734375,142521.90625,31157.3984375,401328.625,1096106.875,58431.796875,7248.83251953125,122149.5234375,13537.552734375,601466.4375,83891,33.890113830566406,35.582420349121094,0,0,0,0,0,0,0,0,0,0,0,1,0,0,0,0,0,0,0,False,UNKNOWN,0,0,0,0,194670601,24484,0,38.237674713134766,13,,,"{'Type': 'start', 'Data_Type': 'Synthetical', 'Protocol_name': 'ABGv5-0ppb-6RH-75ccm-Anthony-Q425', 'Trial_Details': {'RH': 0, 'group': 35, 'detail': 'N/A', 'trialnum': 16, 'TrialName': '6rh', 'identifier': 'ckUf6', 'Concentration': 0}, 'Experiment_Rig': 'DA3'}",,2026-01-18 23:49:37.334,"{'cid': 'c04d07ee-94c6-44df-ad3c-f46614593299', 'uuid': '625ab483-3e03-4d85-b791-9a2f2e4ee7e1', 'annotationId': 'bed29bbe-8d3a-4751-96da-ec41fc138f11', 'name': 'CleaningCycle', 'description': 'CleaningCycle', 'labels': 'CleaningCycle', 'metadata': {'Length': 30, 'Progress': 69, 'startTime': 1768780172963, 'Notification': 'Event CleaningCycle Started.'}, 'createdAt': '2026-01-18T23:49:33.249Z', 'createdBy': '5c7b5d9f-c171-4004-a182-4277ffd4c9eb'}",29.83,20.29,1600.0,1601.03,21470060.0,1100.0,1100.43,24020116.0,0.0,564535.72,14.27,32.59,1009.52,1400.0,1399.45,22450138.0,0.0,0.02,22040109.0,2900.0,2900.08,22340093.0
0000000027-4125-asu-nz,0000000018-3024-oms-nz,CleaningCycle,bed29bbe-8d3a-4751-96da-ec41fc138f11,8431e6bd-5d3e-4c11-b2cc-504dddc0c609,1266.7760009765625,480895.46875,198419.65625,8103.5546875,7116.45947265625,25919.404296875,182940.75,176230.03125,233145.625,68895.625,124202.5703125,18609.1796875,273324.75,5776.2275390625,18988.146484375,36906.65625,255003.71875,51893.04296875,189567.484375,19428.103515625,6893.10009765625,13167.8359375,25885.53515625,45516.625,2894283.25,360428.09375,1398040.25,3521447.75,11243072,5533.609375,67225.125,141301312,60601140,20905.62109375,85882.171875,202211.90625,671850.875,4297.99072265625,2774446.5,1107463.25,62707.3984375,484748.6875,21050.55078125,820959.25,693.651123046875,423295.875,440955.9375,235623.453125,922546.875,69434.65625,77142.671875,17173.7109375,4134.77099609375,271737.03125,14897.0244140625,142924.890625,31158.775390625,401569.0,1096392.375,58424.4921875,7248.23193359375,122355.5078125,13544.013671875,601410.6875,84192,33.890113830566406,35.743595123291016,0,0,0,0,0,0,0,0,0,0,0,1,0,0,0,0,0,0,0,False,UNKNOWN,0,0,0,0,194670601,24484,0,38.237674713134766,13,,,"{'Type': 'start', 'Data_Type': 'Synthetical', 'Protocol_name': 'ABGv5-0ppb-6RH-75ccm-Anthony-Q425', 'Trial_Details': {'RH': 0, 'group': 35, 'detail': 'N/A', 'trialnum': 16, 'TrialName': '6rh', 'identifier': 'ckUf6', 'Concentration': 0}, 'Experiment_Rig': 'DA3'}",,2026-01-18 23:49:37.633,"{'cid': 'c04d07ee-94c6-44df-ad3c-f46614593299', 'uuid': '625ab483-3e03-4d85-b791-9a2f2e4ee7e1', 'annotationId': 'bed29bbe-8d3a-4751-96da-ec41fc138f11', 'name': 'CleaningCycle', 'description': 'CleaningCycle', 'labels': 'CleaningCycle', 'metadata': {'Length': 30, 'Progress': 69, 'startTime': 1768780172963, 'Notification': 'Event CleaningCycle Started.'}, 'createdAt': '2026-01-18T23:49:33.249Z', 'createdBy': '5c7b5d9f-c171-4004-a182-4277ffd4c9eb'}",29.84,20.3,1600.0,1600.06,21470060.0,1100.0,1100.24,24020116.0,0.0,564896.69,14.25,32.59,1009.53,1400.0,1399.68,22450138.0,0.0,0.01,22040109.0,2900.0,2900.2,22340093.0
0000000027-4125-asu-nz,0000000018-3024-oms-nz,CleaningCycle,bed29bbe-8d3a-4751-96da-ec41fc138f11,8431e6bd-5d3e-4c11-b2cc-504dddc0c609,1267.138671875,481022.59375,198359.484375,8103.7294921875,7116.7880859375,25917.611328125,182851.75,176227.9375,233334.34375,68914.921875,124183.2734375,18608.154296875,273441.53125,5766.1845703125,18989.798828125,36912.44921875,254858.640625,51863.9375,189382.5,19433.828125,6892.3701171875,13157.69921875,25887.62890625,45513.76953125,2890834.5,363508.4375,1392219.375,3520127.75,11236675,5533.73974609375,67305.40625,140765824,60280736,20909.5546875,85870.796875,202277.390625,671827.875,4298.8544921875,2774407.25,1106064.25,62715.1796875,484923.0625,21049.484375,820784.8125,693.0757446289062,423498.40625,441136.15625,235649.4375,923424.5625,69429.3515625,77130.1171875,17178.1484375,4132.35302734375,271958.3125,14863.4208984375,143169.015625,31165.775390625,401898.96875,1096624.25,58430.23046875,7248.5654296875,122246.1953125,13541.4580078125,600561.625,84493,33.970699310302734,35.66300582885742,0,0,0,0,0,0,0,0,0,0,0,1,0,0,0,0,0,0,0,False,UNKNOWN,0,0,0,0,194670601,24484,0,38.237674713134766,13,,,"{'Type': 'start', 'Data_Type': 'Synthetical', 'Protocol_name': 'ABGv5-0ppb-6RH-75ccm-Anthony-Q425', 'Trial_Details': {'RH': 0, 'group': 35, 'detail': 'N/A', 'trialnum': 16, 'TrialName': '6rh', 'identifier': 'ckUf6', 'Concentration': 0}, 'Experiment_Rig': 'DA3'}",,2026-01-18 23:49:37.932,"{'cid': 'c04d07ee-94c6-44df-ad3c-f46614593299', 'uuid': '625ab483-3e03-4d85-b791-9a2f2e4ee7e1', 'annotationId': 'bed29bbe-8d3a-4751-96da-ec41fc138f11', 'name': 'CleaningCycle', 'description': 'CleaningCycle', 'labels': 'CleaningCycle', 'metadata': {'Length': 30, 'Progress': 69, 'startTime': 1768780172963, 'Notification': 'Event CleaningCycle Started.'}, 'createdAt': '2026-01-18T23:49:33.249Z', 'createdBy': '5c7b5d9f-c171-4004-a182-4277ffd4c9eb'}",29.84,20.3,1600.0,1599.09,21470060.0,1100.0,1100.05,24020116.0,0.0,564672.84,14.25,32.59,1009.53,1400.0,1399.92,22450138.0,0.0,0.0,22040109.0,2900.0,2900.32,22340093.0
0000000027-4125-asu-nz,0000000018-3024-oms-nz,CleaningCycle,bed29bbe-8d3a-4751-96da-ec41fc138f11,8431e6bd-5d3e-4c11-b2cc-504dddc0c609,1266.2059326171875,480686.34375,198344.296875,8103.4970703125,7116.42138671875,25915.947265625,182865.875,176200.3125,232865.578125,68827.328125,124180.796875,18609.06640625,273245.84375,5763.06298828125,18988.072265625,36902.1015625,255007.125,51862.53125,188907.15625,19442.453125,6892.591796875,13177.8076171875,25886.42578125,45514.765625,2888359.25,357437.8125,1388860.125,3518587.0,11229210,5533.564453125,67747.5546875,140227344,60049860,20908.69140625,85863.9609375,202242.796875,671826.0625,4299.5087890625,2774922.0,1105330.625,62716.19921875,485001.1875,21050.078125,820016.75,692.7111206054688,423598.53125,440871.5625,235663.703125,923946.375,69414.859375,77147.8203125,17178.224609375,4142.96240234375,273554.28125,14864.9619140625,142401.328125,31164.94921875,401884.46875,1097589.75,58438.08203125,7248.1875,122278.15625,13543.9912109375,600166.0625,84794,33.890113830566406,35.743595123291016,0,0,0,0,0,0,0,0,0,0,0,1,0,0,0,0,0,0,0,False,UNKNOWN,0,0,0,0,194670601,24484,0,38.237674713134766,13,,,"{'Type': 'start', 'Data_Type': 'Synthetical', 'Protocol_name': 'ABGv5-0ppb-6RH-75ccm-Anthony-Q425', 'Trial_Details': {'RH': 0, 'group': 35, 'detail': 'N/A', 'trialnum': 16, 'TrialName': '6rh', 'identifier': 'ckUf6', 'Concentration': 0}, 'Experiment_Rig': 'DA3'}",,2026-01-18 23:49:38.233,"{'cid': 'c04d07ee-94c6-44df-ad3c-f46614593299', 'uuid': '625ab483-3e03-4d85-b791-9a2f2e4ee7e1', 'annotationId': 'bed29bbe-8d3a-4751-96da-ec41fc138f11', 'name': 'CleaningCycle', 'description': 'CleaningCycle', 'labels': 'CleaningCycle', 'metadata': {'Length': 30, 'Progress': 69, 'startTime': 1768780172963, 'Notification': 'Event CleaningCycle Started.'}, 'createdAt': '2026-01-18T23:49:33.249Z', 'createdBy': '5c7b5d9f-c171-4004-a182-4277ffd4c9eb'}",29.84,20.31,1600.0,1598.65,21470060.0,1100.0,1100.01,24020116.0,0.0,564308.84,14.25,32.59,1009.52,1400.0,1400.16,22450138.0,0.0,0.0,22040109.0,2900.0,2900.31,22340093.0
0000000027-4125-asu-nz,0000000018-3024-oms-nz,CleaningCycle,bed29bbe-8d3a-4751-96da-ec41fc138f11,8431e6bd-5d3e-4c11-b2cc-504dddc0c609,1265.904296875,480672.59375,198319.046875,8103.2802734375,7116.560546875,25914.650390625,182824.34375,176207.78125,232595.109375,68930.921875,124143.828125,18609.525390625,273434.125,5772.12939453125,18987.21484375,36902.8359375,254982.046875,51865.56640625,190060.984375,19430.09765625,6892.40771484375,13159.677734375,25886.658203125,45514.20703125,2886422.75,361966.3125,1390217.125,3517048.25,11219430,5533.2744140625,67041.8671875,139434688,59936468,20908.837890625,85900.21875,202374.59375,672056.8125,4298.39697265625,2774572.75,1106583.125,62708.890625,484899.125,21051.546875,820429.8125,693.2344360351562,423460.96875,441190.46875,235641.265625,924374.3125,69418.4453125,77117.3515625,17174.744140625,4129.701171875,273797.75,14900.021484375,142906.734375,31167.89453125,401873.3125,1097967.0,58447.24609375,7248.05517578125,122295.2578125,13548.44140625,599940.75,85095,33.890113830566406,35.743595123291016,0,0,0,0,0,0,0,0,0,0,0,1,0,0,0,0,0,0,0,False,UNKNOWN,0,0,0,0,194670601,24484,0,38.237674713134766,13,,,"{'Type': 'start', 'Data_Type': 'Synthetical', 'Protocol_name': 'ABGv5-0ppb-6RH-75ccm-Anthony-Q425', 'Trial_Details': {'RH': 0, 'group': 35, 'detail': 'N/A', 'trialnum': 16, 'TrialName': '6rh', 'identifier': 'ckUf6', 'Concentration': 0}, 'Experiment_Rig': 'DA3'}",,2026-01-18 23:49:38.534,"{'cid': 'c04d07ee-94c6-44df-ad3c-f46614593299', 'uuid': '625ab483-3e03-4d85-b791-9a2f2e4ee7e1', 'annotationId': 'bed29bbe-8d3a-4751-96da-ec41fc138f11', 'name': 'CleaningCycle', 'description': 'CleaningCycle', 'labels': 'CleaningCycle', 'metadata': {'Length': 30, 'Progress': 69, 'startTime': 1768780172963, 'Notification': 'Event CleaningCycle Started.'}, 'createdAt': '2026-01-18T23:49:33.249Z', 'createdBy': '5c7b5d9f-c171-4004-a182-4277ffd4c9eb'}",29.84,20.31,1600.0,1599.11,21470060.0,1100.0,1100.27,24020116.0,0.0,563944.83,14.25,32.59,1009.52,1400.0,1400.4,22450138.0,0.0,0.0,22040109.0,2900.0,2900.0,22340093.0
0000000027-4125-asu-nz,0000000018-3024-oms-nz,CleaningCycle,bed29bbe-8d3a-4751-96da-ec41fc138f11,8431e6bd-5d3e-4c11-b2cc-504dddc0c609,1265.636474609375,480694.375,198322.890625,8103.34814453125,7116.7529296875,25913.208984375,182859.359375,176191.15625,232545.65625,68865.71875,124182.03125,18607.720703125,272765.4375,5753.619140625,18990.0234375,36917.90625,255044.75,51872.72265625,189609.796875,19440.958984375,6892.68701171875,13157.3056640625,25887.74609375,45513.7265625,2884953.0,364006.875,1388122.75,3516275.25,11207478,5532.923828125,67534.4140625,138462832,59961216,20909.560546875,85897.0,202362.984375,672247.1875,4298.4541015625,2769568.0,1106499.875,62695.66015625,484970.5625,21048.998046875,820606.75,692.683837890625,423208.375,441327.96875,235620.375,924670.625,69432.3984375,77131.2734375,17176.765625,4135.662109375,273727.8125,14889.208984375,142767.09375,31168.759765625,401793.25,1098270.625,58436.1953125,7247.3095703125,122191.0,13542.60546875,600784.25,85396,33.970699310302734,35.501834869384766,0,0,0,0,0,0,0,0,0,0,0,1,0,0,0,0,0,0,0,False,UNKNOWN,0,0,0,0,194670601,24484,0,38.237674713134766,13,,,"{'Type': 'start', 'Data_Type': 'Synthetical', 'Protocol_name': 'ABGv5-0ppb-6RH-75ccm-Anthony-Q425', 'Trial_Details': {'RH': 0, 'group': 35, 'detail': 'N/A', 'trialnum': 16, 'TrialName': '6rh', 'identifier': 'ckUf6', 'Concentration': 0}, 'Experiment_Rig': 'DA3'}",,2026-01-18 23:49:38.835,"{'cid': 'c04d07ee-94c6-44df-ad3c-f46614593299', 'uuid': '625ab483-3e03-4d85-b791-9a2f2e4ee7e1', 'annotationId': 'bed29bbe-8d3a-4751-96da-ec41fc138f11', 'name': 'CleaningCycle', 'description': 'CleaningCycle', 'labels': 'CleaningCycle', 'metadata': {'Length': 30, 'Progress': 69, 'startTime': 1768780172963, 'Notification': 'Event CleaningCycle Started.'}, 'createdAt': '2026-01-18T23:49:33.249Z', 'createdBy': '5c7b5d9f-c171-4004-a182-4277ffd4c9eb'}",29.83,20.32,1600.0,1599.56,21470060.0,1100.0,1100.53,24020116.0,0.0,563580.82,14.25,32.59,1009.51,1400.0,1400.64,22450138.0,0.0,0.0,22040109.0,2900.0,2899.69,22340093.0
0000000027-4125-asu-nz,0000000018-3024-oms-nz,CleaningCycle,bed29bbe-8d3a-4751-96da-ec41fc138f11,8431e6bd-5d3e-4c11-b2cc-504dddc0c609,1264.794677734375,481302.59375,198330.390625,8103.111328125,7116.77197265625,25913.294921875,182975.96875,176191.265625,232817.84375,68811.859375,124184.8984375,18607.3359375,272394.78125,5767.62841796875,18991.78125,36907.859375,255181.625,51864.16015625,189415.546875,19435.212890625,6892.64111328125,13165.2607421875,25889.134765625,45517.2421875,2883597.5,357265.1875,1386380.75,3514675.75,11192096,5533.00244140625,67724.9453125,137327968,60096876,20911.306640625,85903.6171875,202314.6875,672430.3125,4299.13525390625,2768290.75,1106669.375,62691.5234375,484530.6875,21049.447265625,820608.125,693.063720703125,423290.78125,440915.4375,235582.375,924830.375,69450.4375,77109.984375,17181.40234375,4139.8623046875,273988.0,14873.2783203125,142651.875,31166.169921875,401625.90625,1098967.0,58432.8828125,7248.15380859375,122245.5859375,13529.5,601161.75,85697,34.05128479003906,35.66300582885742,0,0,0,0,0,0,0,0,0,0,0,1,0,0,0,0,0,0,0,False,UNKNOWN,0,0,0,0,194675616,24484,0,37.023712158203125,13,,,"{'Type': 'start', 'Data_Type': 'Synthetical', 'Protocol_name': 'ABGv5-0ppb-6RH-75ccm-Anthony-Q425', 'Trial_Details': {'RH': 0, 'group': 35, 'detail': 'N/A', 'trialnum': 16, 'TrialName': '6rh', 'identifier': 'ckUf6', 'Concentration': 0}, 'Experiment_Rig': 'DA3'}",,2026-01-18 23:49:39.138,"{'cid': 'c04d07ee-94c6-44df-ad3c-f46614593299', 'uuid': '625ab483-3e03-4d85-b791-9a2f2e4ee7e1', 'annotationId': 'bed29bbe-8d3a-4751-96da-ec41fc138f11', 'name': 'CleaningCycle', 'description': 'CleaningCycle', 'labels': 'CleaningCycle', 'metadata': {'Length': 30, 'Progress': 69, 'startTime': 1768780172963, 'Notification': 'Event CleaningCycle Started.'}, 'createdAt': '2026-01-18T23:49:33.249Z', 'createdBy': '5c7b5d9f-c171-4004-a182-4277ffd4c9eb'}",29.83,20.32,1600.0,1600.0,21470060.0,1100.0,1100.8,24020116.0,0.0,564180.35,14.26,32.59,1009.51,1400.0,1400.88,22450138.0,0.0,0.0,22040109.0,2900.0,2899.37,22340093.0
0000000027-4125-asu-nz,0000000018-3024-oms-nz,CleaningCycle,bed29bbe-8d3a-4751-96da-ec41fc138f11,8431e6bd-5d3e-4c11-b2cc-504dddc0c609,1265.544921875,481670.25,198316.296875,8103.2412109375,7116.8525390625,25912.162109375,182991.0,176158.28125,232996.15625,68894.6953125,124180.1015625,18608.0390625,271135.59375,5766.576171875,18989.03125,36920.21484375,254859.046875,51898.8359375,190564.65625,19425.888671875,6892.47412109375,13167.8154296875,25891.861328125,45521.26953125,2883264.5,355668.8125,1388324.0,3513427.0,11188031,5532.72119140625,67238.40625,136837104,60339064,20912.07421875,85901.265625,202343.671875,672499.875,4300.072265625,2772215.0,1108425.25,62680.7265625,484433.40625,21048.59765625,820437.0,692.9896240234375,423306.28125,440862.71875,235547.59375,924237.625,69454.9453125,77112.3984375,17172.716796875,4139.9140625,273724.28125,14893.177734375,142213.015625,31163.509765625,401629.625,1098979.75,58441.15625,7248.27587890625,122122.8515625,13531.791015625,600374.8125,85998,33.890113830566406,35.66300582885742,0,0,0,0,0,0,0,0,0,0,0,1,0,0,0,0,0,0,0,False,UNKNOWN,0,0,0,0,194675616,24484,0,37.023712158203125,13,,,"{'Type': 'start', 'Data_Type': 'Synthetical', 'Protocol_name': 'ABGv5-0ppb-6RH-75ccm-Anthony-Q425', 'Trial_Details': {'RH': 0, 'group': 35, 'detail': 'N/A', 'trialnum': 16, 'TrialName': '6rh', 'identifier': 'ckUf6', 'Concentration': 0}, 'Experiment_Rig': 'DA3'}",,2026-01-18 23:49:39.438,"{'cid': 'c04d07ee-94c6-44df-ad3c-f46614593299', 'uuid': '625ab483-3e03-4d85-b791-9a2f2e4ee7e1', 'annotationId': 'bed29bbe-8d3a-4751-96da-ec41fc138f11', 'name': 'CleaningCycle', 'description': 'CleaningCycle', 'labels': 'CleaningCycle', 'metadata': {'Length': 30, 'Progress': 69, 'startTime': 1768780172963, 'Notification': 'Event CleaningCycle Started.'}, 'createdAt': '2026-01-18T23:49:33.249Z', 'createdBy': '5c7b5d9f-c171-4004-a182-4277ffd4c9eb'}",29.83,20.32,1600.0,1600.1,21470060.0,1100.0,1100.42,24020116.0,0.0,564813.38,14.26,32.59,1009.51,1400.0,1400.82,22450138.0,0.0,0.0,22040109.0,2900.0,2898.77,22340093.0
0000000027-4125-asu-nz,0000000018-3024-oms-nz,CleaningCycle,bed29bbe-8d3a-4751-96da-ec41fc138f11,8431e6bd-5d3e-4c11-b2cc-504dddc0c609,1265.38037109375,480848.65625,198322.546875,8102.984375,7116.421875,25913.46484375,182893.953125,176164.65625,233102.21875,68992.546875,124198.921875,18608.5078125,271994.71875,5785.97021484375,18991.556640625,36931.578125,254784.5625,51897.27734375,190745.671875,19426.625,6892.140625,13167.2041015625,25894.203125,45521.8515625,2883698.0,356771.34375,1389760.125,3513366.5,11186017,5533.18603515625,66130.4921875,136579648,60654904,20905.525390625,85905.890625,202343.515625,672614.5625,4299.8427734375,2775215.5,1108308.75,62681.24609375,484257.9375,21049.66015625,819815.0625,692.9896850585938,423054.0625,440655.28125,235556.171875,923333.25,69416.5,77142.7265625,17173.919921875,4138.77880859375,273654.9375,14873.1728515625,142266.203125,31167.986328125,401639.40625,1098876.75,58434.15234375,7247.5869140625,122146.0546875,13533.0439453125,600205.25,86299,34.05128479003906,35.582420349121094,0,0,0,0,0,0,0,0,0,0,0,1,0,0,0,0,0,0,0,False,UNKNOWN,0,0,0,0,194675616,24484,0,37.023712158203125,13,,,"{'Type': 'start', 'Data_Type': 'Synthetical', 'Protocol_name': 'ABGv5-0ppb-6RH-75ccm-Anthony-Q425', 'Trial_Details': {'RH': 0, 'group': 35, 'detail': 'N/A', 'trialnum': 16, 'TrialName': '6rh', 'identifier': 'ckUf6', 'Concentration': 0}, 'Experiment_Rig': 'DA3'}",,2026-01-18 23:49:39.738,"{'cid': 'c04d07ee-94c6-44df-ad3c-f46614593299', 'uuid': '625ab483-3e03-4d85-b791-9a2f2e4ee7e1', 'annotationId': 'bed29bbe-8d3a-4751-96da-ec41fc138f11', 'name': 'CleaningCycle', 'description': 'CleaningCycle', 'labels': 'CleaningCycle', 'metadata': {'Length': 30, 'Progress': 69, 'startTime': 1768780172963, 'Notification': 'Event CleaningCycle Started.'}, 'createdAt': '2026-01-18T23:49:33.249Z', 'createdBy': '5c7b5d9f-c171-4004-a182-4277ffd4c9eb'}",29.84,20.31,1600.0,1600.19,21470060.0,1100.0,1100.04,24020116.0,0.0,565446.41,14.27,32.59,1009.51,1400.0,1400.76,22450138.0,0.0,0.0,22040109.0,2900.0,2898.15,22340093.0
0000000027-4125-asu-nz,0000000018-3024-oms-nz,CleaningCycle,bed29bbe-8d3a-4751-96da-ec41fc138f11,8431e6bd-5d3e-4c11-b2cc-504dddc0c609,1265.489013671875,480813.5,198317.4375,8103.49365234375,7116.544921875,25914.08203125,182819.765625,176148.40625,233124.65625,68972.859375,124211.796875,18608.3203125,273287.75,5776.04296875,18992.6328125,36920.74609375,254962.25,51904.55859375,190038.796875,19436.009765625,6892.314453125,13162.8896484375,25890.994140625,45518.84765625,2885312.5,360407.71875,1390455.25,3514531.75,11185515,5533.38623046875,68424.0078125,136392640,61012512,20912.9453125,85898.109375,202341.703125,672692.5,4300.6591796875,2774986.25,1109594.25,62678.32421875,484363.3125,21047.119140625,819607.0625,693.3031005859375,422916.5625,440396.84375,235563.84375,922468.125,69413.984375,77131.7421875,17177.43359375,4136.34619140625,273441.03125,14887.1611328125,142356.046875,31159.63671875,401558.84375,1098709.5,58434.57421875,7247.75,122162.84375,13539.234375,600471.125,86600,33.890113830566406,35.582420349121094,0,0,0,0,0,0,0,0,0,0,0,1,0,0,0,0,0,0,0,False,UNKNOWN,0,0,0,0,194675616,24484,0,37.023712158203125,13,,,"{'Type': 'start', 'Data_Type': 'Synthetical', 'Protocol_name': 'ABGv5-0ppb-6RH-75ccm-Anthony-Q425', 'Trial_Details': {'RH': 0, 'group': 35, 'detail': 'N/A', 'trialnum': 16, 'TrialName': '6rh', 'identifier': 'ckUf6', 'Concentration': 0}, 'Experiment_Rig': 'DA3'}",,2026-01-18 23:49:40.039,"{'cid': 'c04d07ee-94c6-44df-ad3c-f46614593299', 'uuid': '625ab483-3e03-4d85-b791-9a2f2e4ee7e1', 'annotationId': 'bed29bbe-8d3a-4751-96da-ec41fc138f11', 'name': 'CleaningCycle', 'description': 'CleaningCycle', 'labels': 'CleaningCycle', 'metadata': {'Length': 30, 'Progress': 69, 'startTime': 1768780172963, 'Notification': 'Event CleaningCycle Started.'}, 'createdAt': '2026-01-18T23:49:33.249Z', 'createdBy': '5c7b5d9f-c171-4004-a182-4277ffd4c9eb'}",29.84,20.31,1600.0,1600.29,21470060.0,1100.0,1099.66,24020116.0,0.0,565867.75,14.27,32.59,1009.51,1400.0,1400.7,22450138.0,0.0,0.0,22040109.0,2900.0,2897.53,22340093.0
0000000027-4125-asu-nz,0000000018-3024-oms-nz,CleaningCycle,bed29bbe-8d3a-4751-96da-ec41fc138f11,8431e6bd-5d3e-4c11-b2cc-504dddc0c609,1265.4068603515625,480732.71875,198353.34375,8103.30078125,7116.08837890625,25915.9140625,182734.640625,176187.84375,233212.234375,68905.1953125,124229.2890625,18610.388671875,273787.0625,5772.14501953125,18991.216796875,36926.71484375,254247.40625,51873.01171875,189529.25,19441.427734375,6892.154296875,13170.1044921875,25894.84765625,45514.59375,2887847.5,356952.21875,1391309.375,3516537.75,11194482,5534.2255859375,69330.3828125,137088624,61290108,20916.35546875,85887.78125,202305.3125,672649.75,4300.02734375,2777048.0,1109954.5,62685.3125,484068.8125,21046.736328125,819248.375,693.3920288085938,423203.0,440540.5625,235581.09375,922103.0,69398.7265625,77134.484375,17176.201171875,4147.67822265625,273522.625,14891.0478515625,142905.046875,31162.73046875,401321.84375,1098203.625,58431.40625,7247.94189453125,122075.8046875,13532.017578125,601040.125,86902,33.970699310302734,35.501834869384766,0,0,0,0,0,0,0,0,0,0,0,1,0,0,0,0,0,0,0,False,UNKNOWN,0,0,0,0,194675616,24484,0,37.023712158203125,13,,,"{'Type': 'start', 'Data_Type': 'Synthetical', 'Protocol_name': 'ABGv5-0ppb-6RH-75ccm-Anthony-Q425', 'Trial_Details': {'RH': 0, 'group': 35, 'detail': 'N/A', 'trialnum': 16, 'TrialName': '6rh', 'identifier': 'ckUf6', 'Concentration': 0}, 'Experiment_Rig': 'DA3'}",,2026-01-18 23:49:40.347,"{'cid': 'c04d07ee-94c6-44df-ad3c-f46614593299', 'uuid': '625ab483-3e03-4d85-b791-9a2f2e4ee7e1', 'annotationId': 'bed29bbe-8d3a-4751-96da-ec41fc138f11', 'name': 'CleaningCycle', 'description': 'CleaningCycle', 'labels': 'CleaningCycle', 'metadata': {'Length': 30, 'Progress': 69, 'startTime': 1768780172963, 'Notification': 'Event CleaningCycle Started.'}, 'createdAt': '2026-01-18T23:49:33.249Z', 'createdBy': '5c7b5d9f-c171-4004-a182-4277ffd4c9eb'}",29.84,20.3,1600.0,1599.99,21470060.0,1100.0,1099.6,24020116.0,0.0,565742.97,14.27,32.59,1009.52,1400.0,1400.64,22450138.0,0.0,0.01,22040109.0,2900.0,2897.81,22340093.0
0000000027-4125-asu-nz,0000000018-3024-oms-nz,CleaningCycle,bed29bbe-8d3a-4751-96da-ec41fc138f11,8431e6bd-5d3e-4c11-b2cc-504dddc0c609,1266.5880126953125,480849.9375,198358.421875,8103.13818359375,7116.75830078125,25915.32421875,182787.875,176200.578125,233061.84375,68963.3046875,124243.1484375,18608.11328125,272706.59375,5777.001953125,18989.90234375,36936.16015625,254926.15625,51890.77734375,189691.265625,19451.619140625,6892.45703125,13177.0400390625,25895.1484375,45519.609375,2889776.0,357915.46875,1392224.5,3518451.5,11202925,5534.13232421875,69210.453125,137816992,61529788,20912.640625,85858.7890625,202310.328125,672507.3125,4298.85302734375,2779157.75,1110652.5,62680.24609375,484618.65625,21050.3671875,819134.4375,693.0484008789062,423225.4375,440884.3125,235584.46875,921290.375,69390.4609375,77119.7734375,17175.2578125,4131.84033203125,272200.625,14876.3642578125,142847.3125,31162.029296875,401354.5,1097704.375,58431.7734375,7247.97119140625,122082.3046875,13528.0439453125,601113.5625,87202,33.890113830566406,35.501834869384766,0,0,0,0,0,0,0,0,0,0,0,1,0,0,0,0,0,0,0,False,UNKNOWN,0,0,0,0,194675616,24484,0,37.023712158203125,13,,,"{'Type': 'start', 'Data_Type': 'Synthetical', 'Protocol_name': 'ABGv5-0ppb-6RH-75ccm-Anthony-Q425', 'Trial_Details': {'RH': 0, 'group': 35, 'detail': 'N/A', 'trialnum': 16, 'TrialName': '6rh', 'identifier': 'ckUf6', 'Concentration': 0}, 'Experiment_Rig': 'DA3'}",,2026-01-18 23:49:40.643,"{'cid': 'c04d07ee-94c6-44df-ad3c-f46614593299', 'uuid': '625ab483-3e03-4d85-b791-9a2f2e4ee7e1', 'annotationId': 'bed29bbe-8d3a-4751-96da-ec41fc138f11', 'name': 'CleaningCycle', 'description': 'CleaningCycle', 'labels': 'CleaningCycle', 'metadata': {'Length': 30, 'Progress': 69, 'startTime': 1768780172963, 'Notification': 'Event CleaningCycle Started.'}, 'createdAt': '2026-01-18T23:49:33.249Z', 'createdBy': '5c7b5d9f-c171-4004-a182-4277ffd4c9eb'}",29.84,20.28,1600.0,1599.52,21470060.0,1100.0,1099.72,24020116.0,0.0,565623.05,14.27,32.58,1009.53,1400.0,1400.58,22450138.0,0.0,0.02,22040109.0,2900.0,2898.66,22340093.0
0000000027-4125-asu-nz,0000000018-3024-oms-nz,CleaningCycle,bed29bbe-8d3a-4751-96da-ec41fc138f11,8431e6bd-5d3e-4c11-b2cc-504dddc0c609,1266.4334716796875,480731.0,198380.6875,8103.20751953125,7116.46923828125,25915.533203125,182723.125,176206.296875,232809.546875,68969.21875,124256.5390625,18608.197265625,272584.9375,5778.146484375,18991.5625,36931.5078125,254784.390625,51888.31640625,189230.140625,19434.380859375,6892.1689453125,13177.75390625,25894.208984375,45508.24609375,2892101.5,357065.9375,1394066.5,3519731.5,11215312,5533.43701171875,68710.4921875,138730864,61668604,20915.884765625,85855.546875,202222.78125,672307.125,4298.71630859375,2781526.25,1111038.375,62685.4375,484306.15625,21049.322265625,819855.5,692.7959594726562,423174.90625,440683.1875,235614.015625,920881.875,69373.15625,77116.9765625,17174.728515625,4136.75830078125,273338.0,14875.5791015625,142763.8125,31158.068359375,401299.09375,1097094.0,58430.61328125,7248.2490234375,122068.6796875,13535.015625,600585.125,87503,33.970699310302734,35.66300582885742,0,0,0,0,0,0,0,0,0,0,0,1,0,0,0,0,0,0,0,False,UNKNOWN,0,0,0,0,194675616,24484,0,37.023712158203125,13,,,"{'Type': 'start', 'Data_Type': 'Synthetical', 'Protocol_name': 'ABGv5-0ppb-6RH-75ccm-Anthony-Q425', 'Trial_Details': {'RH': 0, 'group': 35, 'detail': 'N/A', 'trialnum': 16, 'TrialName': '6rh', 'identifier': 'ckUf6', 'Concentration': 0}, 'Experiment_Rig': 'DA3'}",,2026-01-18 23:49:40.948,"{'cid': 'c04d07ee-94c6-44df-ad3c-f46614593299', 'uuid': '625ab483-3e03-4d85-b791-9a2f2e4ee7e1', 'annotationId': 'bed29bbe-8d3a-4751-96da-ec41fc138f11', 'name': 'CleaningCycle', 'description': 'CleaningCycle', 'labels': 'CleaningCycle', 'metadata': {'Length': 30, 'Progress': 69, 'startTime': 1768780172963, 'Notification': 'Event CleaningCycle Started.'}, 'createdAt': '2026-01-18T23:49:33.249Z', 'createdBy': '5c7b5d9f-c171-4004-a182-4277ffd4c9eb'}",29.84,20.26,1600.0,1599.03,21470060.0,1100.0,1099.84,24020116.0,0.0,565499.48,14.27,32.58,1009.54,1400.0,1400.52,22450138.0,0.0,0.03,22040109.0,2900.0,2899.53,22340093.0
0000000027-4125-asu-nz,0000000018-3024-oms-nz,CleaningCycle,bed29bbe-8d3a-4751-96da-ec41fc138f11,8431e6bd-5d3e-4c11-b2cc-504dddc0c609,1266.8040771484375,481776.65625,198418.25,8104.06396484375,7117.4716796875,25916.95703125,182872.21875,176240.25,233333.15625,68964.3984375,124237.203125,18608.818359375,272801.09375,5768.4599609375,18990.998046875,36923.93359375,255138.796875,51875.1796875,189215.1875,19444.81640625,6892.2578125,13167.6494140625,25894.044921875,45510.11328125,2894545.5,356327.5,1395661.125,3521177.75,11225653,5533.88671875,70039.1640625,139607440,61658660,20918.75390625,85871.2890625,202202.796875,672137.4375,4297.9755859375,2778043.75,1112087.375,62693.90625,484768.0625,21049.29296875,819742.375,693.5446166992188,423285.90625,440760.21875,235612.875,920397.125,69388.140625,77111.5546875,17177.70703125,4141.1455078125,273896.65625,14888.8955078125,143545.859375,31160.44921875,401455.125,1096522.0,58422.125,7248.55078125,122146.796875,13537.021484375,600811.8125,87804,33.970699310302734,35.582420349121094,0,0,0,0,0,0,0,0,0,0,0,1,0,0,0,0,0,0,0,False,UNKNOWN,0,0,0,0,194675616,24484,0,37.023712158203125,13,,,"{'Type': 'start', 'Data_Type': 'Synthetical', 'Protocol_name': 'ABGv5-0ppb-6RH-75ccm-Anthony-Q425', 'Trial_Details': {'RH': 0, 'group': 35, 'detail': 'N/A', 'trialnum': 16, 'TrialName': '6rh', 'identifier': 'ckUf6', 'Concentration': 0}, 'Experiment_Rig': 'DA3'}",,2026-01-18 23:49:41.243,"{'cid': 'c04d07ee-94c6-44df-ad3c-f46614593299', 'uuid': '625ab483-3e03-4d85-b791-9a2f2e4ee7e1', 'annotationId': 'bed29bbe-8d3a-4751-96da-ec41fc138f11', 'name': 'CleaningCycle', 'description': 'CleaningCycle', 'labels': 'CleaningCycle', 'metadata': {'Length': 30, 'Progress': 69, 'startTime': 1768780172963, 'Notification': 'Event CleaningCycle Started.'}, 'createdAt': '2026-01-18T23:49:33.249Z', 'createdBy': '5c7b5d9f-c171-4004-a182-4277ffd4c9eb'}",29.84,20.25,1600.0,1598.81,21470060.0,1100.0,1099.98,24020116.0,0.0,565647.69,14.27,32.58,1009.54,1400.0,1400.45,22450138.0,0.0,0.04,22040109.0,2900.0,2899.87,22340093.0
0000000027-4125-asu-nz,0000000018-3024-oms-nz,CleaningCycle,bed29bbe-8d3a-4751-96da-ec41fc138f11,8431e6bd-5d3e-4c11-b2cc-504dddc0c609,1266.1009521484375,481112.0625,198439.015625,8104.31298828125,7116.78125,25917.0859375,182810.328125,176248.265625,233326.703125,68813.78125,124247.5390625,18608.396484375,272161.46875,5768.1650390625,18991.33203125,36917.9375,255078.84375,51892.51171875,189390.75,19437.57421875,6892.8935546875,13171.7021484375,25894.203125,45514.98046875,2897396.5,356995.34375,1395464.5,3522195.75,11238149,5533.9609375,68937.2578125,140464832,61519192,20910.9609375,85858.828125,202197.3125,671998.5625,4298.54443359375,2771542.25,1111093.375,62697.90625,485134.375,21052.46875,819235.75,693.3728637695312,423474.21875,441137.75,235637.046875,920549.3125,69397.25,77112.640625,17171.923828125,4143.42529296875,273811.25,14898.84765625,140893.796875,31162.22265625,401510.90625,1096023.0,58419.73828125,7247.916015625,122161.6875,13533.7294921875,600439.4375,88105,33.970699310302734,35.582420349121094,0,0,0,0,0,0,0,0,0,0,0,1,0,0,0,0,0,0,0,False,UNKNOWN,0,0,0,0,194675616,24484,0,37.023712158203125,13,,,"{'Type': 'start', 'Data_Type': 'Synthetical', 'Protocol_name': 'ABGv5-0ppb-6RH-75ccm-Anthony-Q425', 'Trial_Details': {'RH': 0, 'group': 35, 'detail': 'N/A', 'trialnum': 16, 'TrialName': '6rh', 'identifier': 'ckUf6', 'Concentration': 0}, 'Experiment_Rig': 'DA3'}",,2026-01-18 23:49:41.543,"{'cid': 'c04d07ee-94c6-44df-ad3c-f46614593299', 'uuid': '625ab483-3e03-4d85-b791-9a2f2e4ee7e1', 'annotationId': 'bed29bbe-8d3a-4751-96da-ec41fc138f11', 'name': 'CleaningCycle', 'description': 'CleaningCycle', 'labels': 'CleaningCycle', 'metadata': {'Length': 30, 'Progress': 69, 'startTime': 1768780172963, 'Notification': 'Event CleaningCycle Started.'}, 'createdAt': '2026-01-18T23:49:33.249Z', 'createdBy': '5c7b5d9f-c171-4004-a182-4277ffd4c9eb'}",29.84,20.26,1600.0,1599.1,21470060.0,1100.0,1100.2,24020116.0,0.0,566134.62,14.26,32.58,1009.53,1400.0,1400.33,22450138.0,0.0,0.06,22040109.0,2900.0,2898.68,22340093.0
0000000027-4125-asu-nz,0000000018-3024-oms-nz,CleaningCycle,bed29bbe-8d3a-4751-96da-ec41fc138f11,8431e6bd-5d3e-4c11-b2cc-504dddc0c609,1265.6314697265625,481181.5625,198442.859375,8103.64599609375,7116.4375,25917.833984375,182888.359375,176264.34375,233540.890625,68856.140625,124230.7890625,18610.10546875,271369.375,5765.51025390625,18987.767578125,36927.12890625,255109.78125,51887.58984375,188430.671875,19444.1015625,6892.84375,13169.349609375,25892.162109375,45502.78125,2899427.75,356031.59375,1395083.125,3523027.25,11247407,5533.69287109375,68489.1484375,141180368,61275716,20913.623046875,85885.96875,202243.15625,671919.875,4298.6357421875,2767228.5,1112066.625,62705.23828125,484968.9375,21051.822265625,819989.1875,692.8062744140625,423687.125,441220.84375,235681.703125,921059.9375,69408.75,77113.6796875,17168.064453125,4148.36328125,273489.21875,14904.47265625,140664.90625,31161.15625,401594.78125,1095863.25,58424.6328125,7248.38330078125,122119.28125,13540.578125,601160.4375,88406,33.890113830566406,35.501834869384766,0,0,0,0,0,0,0,0,0,0,0,1,0,0,0,0,0,0,0,False,UNKNOWN,0,0,0,0,194675616,24484,0,37.023712158203125,13,,,"{'Type': 'start', 'Data_Type': 'Synthetical', 'Protocol_name': 'ABGv5-0ppb-6RH-75ccm-Anthony-Q425', 'Trial_Details': {'RH': 0, 'group': 35, 'detail': 'N/A', 'trialnum': 16, 'TrialName': '6rh', 'identifier': 'ckUf6', 'Concentration': 0}, 'Experiment_Rig': 'DA3'}",,2026-01-18 23:49:41.845,"{'cid': 'c04d07ee-94c6-44df-ad3c-f46614593299', 'uuid': '625ab483-3e03-4d85-b791-9a2f2e4ee7e1', 'annotationId': 'bed29bbe-8d3a-4751-96da-ec41fc138f11', 'name': 'CleaningCycle', 'description': 'CleaningCycle', 'labels': 'CleaningCycle', 'metadata': {'Length': 30, 'Progress': 69, 'startTime': 1768780172963, 'Notification': 'Event CleaningCycle Started.'}, 'createdAt': '2026-01-18T23:49:33.249Z', 'createdBy': '5c7b5d9f-c171-4004-a182-4277ffd4c9eb'}",29.85,20.27,1600.0,1599.39,21470060.0,1100.0,1100.41,24020116.0,0.0,566624.8,14.24,32.59,1009.53,1400.0,1400.21,22450138.0,0.0,0.08,22040109.0,2900.0,2897.48,22340093.0
0000000027-4125-asu-nz,0000000018-3024-oms-nz,CleaningCycle,bed29bbe-8d3a-4751-96da-ec41fc138f11,8431e6bd-5d3e-4c11-b2cc-504dddc0c609,1266.458984375,480923.125,198438.984375,8104.26708984375,7116.19921875,25917.998046875,182919.734375,176263.671875,232979.65625,68934.4765625,124218.9140625,18609.162109375,271336.90625,5778.29736328125,18989.095703125,36917.71875,254672.90625,51901.39453125,187103.96875,19440.244140625,6892.40234375,13175.439453125,25891.935546875,45503.23828125,2898338.25,355353.34375,1395092.5,3523278.25,11252177,5533.5283203125,68439.2265625,141453968,60947140,20917.134765625,85863.6953125,202249.9375,671942.625,4297.66455078125,2764279.5,1114230.125,62708.9375,485014.5,21050.818359375,820999.1875,693.6260375976562,423624.0,441029.3125,235678.21875,921981.0,69427.2578125,77145.3125,17176.19921875,4135.966796875,273735.125,14893.716796875,140284.390625,31166.24609375,401584.8125,1095948.5,58419.82421875,7248.16455078125,122151.8515625,13530.6025390625,600289.8125,88707,33.890113830566406,35.582420349121094,0,0,0,0,0,0,0,0,0,0,0,1,0,0,0,0,0,0,0,False,UNKNOWN,0,0,0,0,194675616,24484,0,37.023712158203125,13,,,"{'Type': 'start', 'Data_Type': 'Synthetical', 'Protocol_name': 'ABGv5-0ppb-6RH-75ccm-Anthony-Q425', 'Trial_Details': {'RH': 0, 'group': 35, 'detail': 'N/A', 'trialnum': 16, 'TrialName': '6rh', 'identifier': 'ckUf6', 'Concentration': 0}, 'Experiment_Rig': 'DA3'}",,2026-01-18 23:49:42.147,"{'cid': 'c04d07ee-94c6-44df-ad3c-f46614593299', 'uuid': '625ab483-3e03-4d85-b791-9a2f2e4ee7e1', 'annotationId': 'bed29bbe-8d3a-4751-96da-ec41fc138f11', 'name': 'CleaningCycle', 'description': 'CleaningCycle', 'labels': 'CleaningCycle', 'metadata': {'Length': 30, 'Progress': 69, 'startTime': 1768780172963, 'Notification': 'Event CleaningCycle Started.'}, 'createdAt': '2026-01-18T23:49:33.249Z', 'createdBy': '5c7b5d9f-c171-4004-a182-4277ffd4c9eb'}",29.85,20.28,1600.0,1599.67,21470060.0,1100.0,1100.63,24020116.0,0.0,567114.98,14.23,32.59,1009.52,1400.0,1400.09,22450138.0,0.0,0.11,22040109.0,2900.0,2896.28,22340093.0
0000000027-4125-asu-nz,0000000018-3024-oms-nz,CleaningCycle,bed29bbe-8d3a-4751-96da-ec41fc138f11,8431e6bd-5d3e-4c11-b2cc-504dddc0c609,1267.8802490234375,480848.75,198429.5625,8103.66015625,7117.333984375,25917.833984375,182900.984375,176267.53125,232810.71875,68882.15625,124210.109375,18609.25390625,271352.6875,5758.9609375,18991.201171875,36924.31640625,254621.171875,51877.671875,187727.265625,19423.88671875,6892.28125,13170.640625,25893.171875,45499.83203125,2894937.75,355829.78125,1392207.625,3521628.75,11251712,5533.70458984375,67868.6015625,141465744,60574568,20912.318359375,85882.9765625,202250.984375,671990.625,4298.51806640625,2760821.25,1114931.625,62711.0,485070.28125,21047.5546875,821677.75,693.8235473632812,423617.03125,440955.25,235674.671875,923039.3125,69430.375,77128.3203125,17172.638671875,4144.73291015625,273793.3125,14898.919921875,139910.109375,31168.1484375,401638.375,1096298.875,58432.5390625,7247.82763671875,122181.75,13529.8505859375,599740.4375,89008,33.970699310302734,35.582420349121094,0,0,0,0,0,0,0,0,0,0,0,1,0,0,0,0,0,0,0,False,UNKNOWN,0,0,0,0,194675616,24484,0,37.023712158203125,13,,,"{'Type': 'start', 'Data_Type': 'Synthetical', 'Protocol_name': 'ABGv5-0ppb-6RH-75ccm-Anthony-Q425', 'Trial_Details': {'RH': 0, 'group': 35, 'detail': 'N/A', 'trialnum': 16, 'TrialName': '6rh', 'identifier': 'ckUf6', 'Concentration': 0}, 'Experiment_Rig': 'DA3'}",,2026-01-18 23:49:42.448,"{'cid': 'c04d07ee-94c6-44df-ad3c-f46614593299', 'uuid': '625ab483-3e03-4d85-b791-9a2f2e4ee7e1', 'annotationId': 'bed29bbe-8d3a-4751-96da-ec41fc138f11', 'name': 'CleaningCycle', 'description': 'CleaningCycle', 'labels': 'CleaningCycle', 'metadata': {'Length': 30, 'Progress': 69, 'startTime': 1768780172963, 'Notification': 'Event CleaningCycle Started.'}, 'createdAt': '2026-01-18T23:49:33.249Z', 'createdBy': '5c7b5d9f-c171-4004-a182-4277ffd4c9eb'}",29.85,20.27,1600.0,1599.63,21470060.0,1100.0,1100.84,24020116.0,0.0,567022.46,14.23,32.59,1009.52,1400.0,1400.06,22450138.0,0.0,0.1,22040109.0,2900.0,2897.0,22340093.0
0000000027-4125-asu-nz,0000000018-3024-oms-nz,CleaningCycle,bed29bbe-8d3a-4751-96da-ec41fc138f11,8431e6bd-5d3e-4c11-b2cc-504dddc0c609,1266.9696044921875,480580.90625,198385.21875,8103.39111328125,7116.8525390625,25916.681640625,182849.453125,176235.734375,233104.296875,68877.390625,124202.6171875,18608.400390625,272642.59375,5762.13916015625,18991.4609375,36932.37890625,254704.921875,51874.484375,188081.078125,19439.193359375,6892.525390625,13174.83203125,25893.17578125,45500.6015625,2891343.75,355480.21875,1387766.25,3520257.5,11248384,5534.03271484375,67057.4765625,141254800,60229524,20915.974609375,85869.171875,202174.453125,672006.0625,4300.08056640625,2755425.25,1113059.875,62709.0234375,484995.5,21050.939453125,822184.1875,693.6018676757812,423525.15625,441177.75,235668.46875,923996.0625,69460.390625,77111.765625,17171.845703125,4139.75634765625,273757.28125,14890.0556640625,140209.3125,31171.1875,401693.0,1096533.0,58430.01171875,7248.25634765625,122202.8515625,13524.2880859375,600576.3125,89309,33.970699310302734,35.66300582885742,0,0,0,0,0,0,0,0,0,0,0,1,0,0,0,0,0,0,0,False,UNKNOWN,0,0,0,0,194675616,24484,0,37.023712158203125,13,,,"{'Type': 'start', 'Data_Type': 'Synthetical', 'Protocol_name': 'ABGv5-0ppb-6RH-75ccm-Anthony-Q425', 'Trial_Details': {'RH': 0, 'group': 35, 'detail': 'N/A', 'trialnum': 16, 'TrialName': '6rh', 'identifier': 'ckUf6', 'Concentration': 0}, 'Experiment_Rig': 'DA3'}",,2026-01-18 23:49:42.749,"{'cid': 'c04d07ee-94c6-44df-ad3c-f46614593299', 'uuid': '625ab483-3e03-4d85-b791-9a2f2e4ee7e1', 'annotationId': 'bed29bbe-8d3a-4751-96da-ec41fc138f11', 'name': 'CleaningCycle', 'description': 'CleaningCycle', 'labels': 'CleaningCycle', 'metadata': {'Length': 30, 'Progress': 69, 'startTime': 1768780172963, 'Notification': 'Event CleaningCycle Started.'}, 'createdAt': '2026-01-18T23:49:33.249Z', 'createdBy': '5c7b5d9f-c171-4004-a182-4277ffd4c9eb'}",29.85,20.26,1600.0,1599.59,21470060.0,1100.0,1101.06,24020116.0,0.0,566533.91,14.24,32.59,1009.52,1400.0,1400.03,22450138.0,0.0,0.08,22040109.0,2900.0,2897.93,22340093.0
0000000027-4125-asu-nz,0000000018-3024-oms-nz,CleaningCycle,bed29bbe-8d3a-4751-96da-ec41fc138f11,8431e6bd-5d3e-4c11-b2cc-504dddc0c609,1267.0576171875,481342.03125,198371.921875,8103.7138671875,7117.14306640625,25918.20703125,182967.984375,176234.359375,233159.5625,68933.953125,124200.078125,18608.81640625,271580.0625,5760.6484375,18990.9296875,36929.1796875,254605.796875,51856.8828125,188299.71875,19439.720703125,6892.005859375,13181.1201171875,25893.1484375,45503.3984375,2889032.0,355678.6875,1387898.0,3519191.75,11240659,5533.595703125,66575.9765625,140661104,59959188,20915.724609375,85910.4453125,202213.40625,671938.8125,4299.505859375,2750227.75,1113287.75,62708.3359375,484914.59375,21049.837890625,821980.5,693.4137573242188,423379.46875,441600.1875,235691.71875,924490.9375,69470.9375,77115.0546875,17172.25,4134.822265625,273848.0,14884.9619140625,140279.46875,31169.44140625,401772.15625,1097342.875,58428.54296875,7248.27490234375,122091.9765625,13533.1748046875,599772.0625,89610,33.970699310302734,35.66300582885742,0,0,0,0,0,0,0,0,0,0,0,1,0,0,0,0,0,0,0,False,UNKNOWN,0,0,0,0,194675616,24484,0,37.023712158203125,13,,,"{'Type': 'start', 'Data_Type': 'Synthetical', 'Protocol_name': 'ABGv5-0ppb-6RH-75ccm-Anthony-Q425', 'Trial_Details': {'RH': 0, 'group': 35, 'detail': 'N/A', 'trialnum': 16, 'TrialName': '6rh', 'identifier': 'ckUf6', 'Concentration': 0}, 'Experiment_Rig': 'DA3'}",,2026-01-18 23:49:43.049,"{'cid': 'c04d07ee-94c6-44df-ad3c-f46614593299', 'uuid': '625ab483-3e03-4d85-b791-9a2f2e4ee7e1', 'annotationId': 'bed29bbe-8d3a-4751-96da-ec41fc138f11', 'name': 'CleaningCycle', 'description': 'CleaningCycle', 'labels': 'CleaningCycle', 'metadata': {'Length': 30, 'Progress': 69, 'startTime': 1768780172963, 'Notification': 'Event CleaningCycle Started.'}, 'createdAt': '2026-01-18T23:49:33.249Z', 'createdBy': '5c7b5d9f-c171-4004-a182-4277ffd4c9eb'}",29.85,20.25,1600.0,1599.54,21470060.0,1100.0,1101.27,24020116.0,0.0,566046.98,14.24,32.59,1009.51,1400.0,1400.01,22450138.0,0.0,0.07,22040109.0,2900.0,2898.86,22340093.0
0000000027-4125-asu-nz,0000000018-3024-oms-nz,CleaningCycle,bed29bbe-8d3a-4751-96da-ec41fc138f11,8431e6bd-5d3e-4c11-b2cc-504dddc0c609,1266.2803955078125,481180.65625,198344.1875,8103.89990234375,7117.19287109375,25915.267578125,182825.765625,176222.84375,232987.46875,68926.3515625,124195.65625,18607.935546875,271187.1875,5764.46435546875,18990.861328125,36923.58203125,254455.453125,51867.5546875,188056.796875,19450.5546875,6891.9111328125,13166.4423828125,25894.51953125,45502.89453125,2886105.75,355325.0,1390743.875,3517799.5,11231771,5533.615234375,69050.515625,139977856,59800844,20913.484375,85917.890625,202244.46875,672135.3125,4300.34619140625,2745296.25,1112976.625,62706.1484375,484992.125,21048.7109375,821805.0625,693.2465209960938,423473.59375,441478.625,235693.84375,924738.125,69474.1640625,77088.3125,17174.2109375,4130.49072265625,273639.6875,14888.193359375,140475.671875,31174.138671875,401786.21875,1097981.75,58429.95703125,7248.77783203125,122022.28125,13534.7724609375,601242.875,89911,33.970699310302734,35.582420349121094,0,0,0,0,0,0,0,0,0,0,0,1,0,0,0,0,0,0,0,False,UNKNOWN,0,0,0,0,194675616,24484,0,37.023712158203125,13,,,"{'Type': 'start', 'Data_Type': 'Synthetical', 'Protocol_name': 'ABGv5-0ppb-6RH-75ccm-Anthony-Q425', 'Trial_Details': {'RH': 0, 'group': 35, 'detail': 'N/A', 'trialnum': 16, 'TrialName': '6rh', 'identifier': 'ckUf6', 'Concentration': 0}, 'Experiment_Rig': 'DA3'}",,2026-01-18 23:49:43.356,"{'cid': 'c04d07ee-94c6-44df-ad3c-f46614593299', 'uuid': '625ab483-3e03-4d85-b791-9a2f2e4ee7e1', 'annotationId': 'bed29bbe-8d3a-4751-96da-ec41fc138f11', 'name': 'CleaningCycle', 'description': 'CleaningCycle', 'labels': 'CleaningCycle', 'metadata': {'Length': 30, 'Progress': 69, 'startTime': 1768780172963, 'Notification': 'Event CleaningCycle Started.'}, 'createdAt': '2026-01-18T23:49:33.249Z', 'createdBy': '5c7b5d9f-c171-4004-a182-4277ffd4c9eb'}",29.85,20.25,1600.0,1599.94,21470060.0,1100.0,1101.13,24020116.0,0.0,565548.68,14.25,32.59,1009.51,1400.0,1399.52,22450138.0,0.0,0.06,22040109.0,2900.0,2899.05,22340093.0
0000000027-4125-asu-nz,0000000018-3024-oms-nz,CleaningCycle,bed29bbe-8d3a-4751-96da-ec41fc138f11,8431e6bd-5d3e-4c11-b2cc-504dddc0c609,1265.922607421875,481181.65625,198312.15625,8103.48681640625,7116.45068359375,25914.796875,182757.515625,176206.125,233025.390625,68952.1171875,124211.34375,18606.625,272185.71875,5782.46826171875,18991.5234375,36912.875,254392.703125,51865.984375,188544.90625,19446.94921875,6892.3916015625,13178.0107421875,25894.46875,45499.1171875,2883778.75,355544.40625,1389732.375,3515922.25,11218410,5533.66845703125,69058.3203125,138901104,59797664,20917.943359375,85919.9609375,202278.90625,672286.5625,4300.01708984375,2741765.75,1114366.5,62702.66796875,484867.375,21052.591796875,821412.6875,693.0693359375,423305.6875,441749.65625,235659.640625,925226.6875,69466.015625,77122.40625,17176.111328125,4130.306640625,273762.65625,14895.873046875,139997.859375,31175.322265625,401859.9375,1098549.375,58425.30078125,7248.7080078125,122054.2421875,13529.45703125,601780.875,90212,33.80952835083008,35.42124938964844,0,0,0,0,0,0,0,0,0,0,0,1,0,0,0,0,0,0,0,False,UNKNOWN,0,0,0,0,194675616,24484,0,37.023712158203125,13,,,"{'Type': 'start', 'Data_Type': 'Synthetical', 'Protocol_name': 'ABGv5-0ppb-6RH-75ccm-Anthony-Q425', 'Trial_Details': {'RH': 0, 'group': 35, 'detail': 'N/A', 'trialnum': 16, 'TrialName': '6rh', 'identifier': 'ckUf6', 'Concentration': 0}, 'Experiment_Rig': 'DA3'}",,2026-01-18 23:49:43.653,"{'cid': 'c04d07ee-94c6-44df-ad3c-f46614593299', 'uuid': '625ab483-3e03-4d85-b791-9a2f2e4ee7e1', 'annotationId': 'bed29bbe-8d3a-4751-96da-ec41fc138f11', 'name': 'CleaningCycle', 'description': 'CleaningCycle', 'labels': 'CleaningCycle', 'metadata': {'Length': 30, 'Progress': 69, 'startTime': 1768780172963, 'Notification': 'Event CleaningCycle Started.'}, 'createdAt': '2026-01-18T23:49:33.249Z', 'createdBy': '5c7b5d9f-c171-4004-a182-4277ffd4c9eb'}",29.85,20.25,1600.0,1600.57,21470060.0,1100.0,1100.75,24020116.0,0.0,566262.96,14.25,32.59,1009.51,1400.0,1398.75,22450138.0,0.0,0.05,22040109.0,2900.0,2898.65,22340093.0
0000000027-4125-asu-nz,0000000018-3024-oms-nz,CleaningCycle,bed29bbe-8d3a-4751-96da-ec41fc138f11,8431e6bd-5d3e-4c11-b2cc-504dddc0c609,1266.03125,480514.875,198299.671875,8103.32177734375,7116.7177734375,25913.357421875,182773.484375,176205.9375,233034.84375,68950.4921875,124213.203125,18607.91015625,271034.875,5753.22216796875,18991.732421875,36914.39453125,254552.21875,51895.35546875,188624.96875,19443.708984375,6892.42529296875,13179.998046875,25895.806640625,45512.5546875,2881982.5,354964.21875,1389773.0,3514124.25,11203794,5533.73828125,67831.34375,137823584,59913968,20912.12890625,85921.234375,202322.625,672435.1875,4300.36669921875,2739557.5,1114276.0,62699.76953125,484684.375,21050.10546875,820539.6875,692.9328002929688,423294.21875,441201.125,235615.734375,925382.0,69454.6484375,77104.96875,17174.291015625,4133.4501953125,273546.65625,14876.3994140625,140534.5625,31172.802734375,401744.125,1099097.0,58429.3671875,7248.19140625,122203.1953125,13536.0478515625,601896.4375,90513,33.970699310302734,35.743595123291016,0,0,0,0,0,0,0,0,0,0,0,1,0,0,0,0,0,0,0,False,UNKNOWN,0,0,0,0,194675616,24484,0,37.023712158203125,13,,,"{'Type': 'start', 'Data_Type': 'Synthetical', 'Protocol_name': 'ABGv5-0ppb-6RH-75ccm-Anthony-Q425', 'Trial_Details': {'RH': 0, 'group': 35, 'detail': 'N/A', 'trialnum': 16, 'TrialName': '6rh', 'identifier': 'ckUf6', 'Concentration': 0}, 'Experiment_Rig': 'DA3'}",,2026-01-18 23:49:43.953,"{'cid': 'c04d07ee-94c6-44df-ad3c-f46614593299', 'uuid': '625ab483-3e03-4d85-b791-9a2f2e4ee7e1', 'annotationId': 'bed29bbe-8d3a-4751-96da-ec41fc138f11', 'name': 'CleaningCycle', 'description': 'CleaningCycle', 'labels': 'CleaningCycle', 'metadata': {'Length': 30, 'Progress': 69, 'startTime': 1768780172963, 'Notification': 'Event CleaningCycle Started.'}, 'createdAt': '2026-01-18T23:49:33.249Z', 'createdBy': '5c7b5d9f-c171-4004-a182-4277ffd4c9eb'}",29.84,20.24,1600.0,1601.22,21470060.0,1100.0,1100.37,24020116.0,0.0,567364.08,14.26,32.59,1009.51,1400.0,1397.96,22450138.0,0.0,0.05,22040109.0,2900.0,2898.25,22340093.0
0000000027-4125-asu-nz,0000000018-3024-oms-nz,CleaningCycle,bed29bbe-8d3a-4751-96da-ec41fc138f11,8431e6bd-5d3e-4c11-b2cc-504dddc0c609,1266.05419921875,480352.0625,198270.25,8103.3037109375,7117.0068359375,25911.986328125,182815.5,176201.84375,232888.203125,68999.71875,124202.90625,18608.36328125,271709.3125,5782.423828125,18993.380859375,36920.83984375,254460.328125,51910.34765625,187816.9375,19435.015625,6892.20654296875,13179.310546875,25897.798828125,45512.765625,2881525.5,354588.78125,1389476.0,3513150.0,11196593,5533.45263671875,67380.5390625,137227648,60138984,20910.666015625,85887.328125,202331.703125,672579.9375,4300.72412109375,2734487.25,1113462.25,62684.06640625,484844.8125,21049.287109375,820957.125,693.2099609375,422962.625,441198.0625,235600.90625,924803.0625,69449.3984375,77096.2734375,17175.685546875,4140.5693359375,272384.84375,14868.9951171875,140428.03125,31170.875,401790.1875,1099399.625,58431.375,7248.1865234375,122088.8125,13530.1875,602651.3125,90814,33.970699310302734,35.66300582885742,0,0,0,0,0,0,0,0,0,0,0,1,0,0,0,0,0,0,0,False,UNKNOWN,0,0,0,0,194680619,24484,0,37.56290817260742,13,,,"{'Type': 'start', 'Data_Type': 'Synthetical', 'Protocol_name': 'ABGv5-0ppb-6RH-75ccm-Anthony-Q425', 'Trial_Details': {'RH': 0, 'group': 35, 'detail': 'N/A', 'trialnum': 16, 'TrialName': '6rh', 'identifier': 'ckUf6', 'Concentration': 0}, 'Experiment_Rig': 'DA3'}",,2026-01-18 23:49:44.254,"{'cid': 'c04d07ee-94c6-44df-ad3c-f46614593299', 'uuid': '625ab483-3e03-4d85-b791-9a2f2e4ee7e1', 'annotationId': 'bed29bbe-8d3a-4751-96da-ec41fc138f11', 'name': 'CleaningCycle', 'description': 'CleaningCycle', 'labels': 'CleaningCycle', 'metadata': {'Length': 30, 'Progress': 69, 'startTime': 1768780172963, 'Notification': 'Event CleaningCycle Started.'}, 'createdAt': '2026-01-18T23:49:33.249Z', 'createdBy': '5c7b5d9f-c171-4004-a182-4277ffd4c9eb'}",29.84,20.24,1600.0,1601.5,21470060.0,1100.0,1099.99,24020116.0,0.0,568468.88,14.26,32.59,1009.52,1400.0,1397.41,22450138.0,0.0,0.04,22040109.0,2900.0,2897.98,22340093.0
0000000027-4125-asu-nz,0000000018-3024-oms-nz,CleaningCycle,bed29bbe-8d3a-4751-96da-ec41fc138f11,8431e6bd-5d3e-4c11-b2cc-504dddc0c609,1266.300537109375,480204.53125,198281.21875,8103.642578125,7116.5751953125,25911.6796875,182705.25,176205.34375,233183.5,69046.5859375,124217.2734375,18608.677734375,270888.71875,5765.77783203125,18990.63671875,36918.7265625,254803.28125,51900.04296875,188662.390625,19446.478515625,6892.681640625,13173.751953125,25896.68359375,45506.79296875,2881140.75,354836.21875,1390119.625,3512081.75,11188378,5533.64697265625,67081.59375,136660272,60445652,20913.658203125,85904.4375,202248.546875,672689.1875,4299.607421875,2736212.5,1113879.5,62690.65625,484557.6875,21051.427734375,820167.6875,692.4891967773438,423484.1875,441221.90625,235585.046875,924030.3125,69460.0625,77122.6875,17174.607421875,4130.02294921875,273508.53125,14881.705078125,140506.359375,31169.9921875,401600.9375,1099524.875,58428.609375,7247.833984375,122180.2578125,13527.716796875,602804.1875,91115,33.80952835083008,35.501834869384766,0,0,0,0,0,0,0,0,0,0,0,1,0,0,0,0,0,0,0,False,UNKNOWN,0,0,0,0,194680619,24484,0,37.56290817260742,13,,,"{'Type': 'start', 'Data_Type': 'Synthetical', 'Protocol_name': 'ABGv5-0ppb-6RH-75ccm-Anthony-Q425', 'Trial_Details': {'RH': 0, 'group': 35, 'detail': 'N/A', 'trialnum': 16, 'TrialName': '6rh', 'identifier': 'ckUf6', 'Concentration': 0}, 'Experiment_Rig': 'DA3'}",,2026-01-18 23:49:44.555,"{'cid': 'c04d07ee-94c6-44df-ad3c-f46614593299', 'uuid': '625ab483-3e03-4d85-b791-9a2f2e4ee7e1', 'annotationId': 'bed29bbe-8d3a-4751-96da-ec41fc138f11', 'name': 'CleaningCycle', 'description': 'CleaningCycle', 'labels': 'CleaningCycle', 'metadata': {'Length': 30, 'Progress': 69, 'startTime': 1768780172963, 'Notification': 'Event CleaningCycle Started.'}, 'createdAt': '2026-01-18T23:49:33.249Z', 'createdBy': '5c7b5d9f-c171-4004-a182-4277ffd4c9eb'}",29.84,20.22,1600.0,1600.85,21470060.0,1100.0,1099.61,24020116.0,0.0,569573.68,14.27,32.59,1009.52,1400.0,1397.64,22450138.0,0.0,0.03,22040109.0,2900.0,2898.29,22340093.0
0000000027-4125-asu-nz,0000000018-3024-oms-nz,CleaningCycle,bed29bbe-8d3a-4751-96da-ec41fc138f11,8431e6bd-5d3e-4c11-b2cc-504dddc0c609,1265.9986572265625,480463.125,198304.671875,8103.73828125,7116.875,25912.419921875,182648.03125,176198.515625,233308.359375,68903.765625,124240.609375,18608.458984375,270741.6875,5756.787109375,18993.82421875,36916.2890625,255015.421875,51873.27734375,188365.625,19437.798828125,6892.3349609375,13178.939453125,25897.57421875,45512.20703125,2883142.5,354029.65625,1391068.875,3513486.0,11187730,5533.46923828125,68177.5078125,136702640,60812844,20914.25,85909.953125,202244.828125,672730.3125,4300.9833984375,2743871.25,1113312.125,62685.65234375,484606.65625,21050.59375,819666.75,692.1730346679688,423324.875,440904.03125,235614.28125,923040.1875,69458.609375,77097.8828125,17169.27734375,4136.78759765625,273922.0,14892.119140625,140243.40625,31169.798828125,401697.125,1099280.875,58425.44921875,7248.1630859375,122237.8828125,13534.4267578125,603031.0625,91418,33.890113830566406,35.66300582885742,0,0,0,0,0,0,0,0,0,0,0,1,0,0,0,0,0,0,0,False,UNKNOWN,0,0,0,0,194680619,24484,0,37.56290817260742,13,,,"{'Type': 'start', 'Data_Type': 'Synthetical', 'Protocol_name': 'ABGv5-0ppb-6RH-75ccm-Anthony-Q425', 'Trial_Details': {'RH': 0, 'group': 35, 'detail': 'N/A', 'trialnum': 16, 'TrialName': '6rh', 'identifier': 'ckUf6', 'Concentration': 0}, 'Experiment_Rig': 'DA3'}",,2026-01-18 23:49:44.858,"{'cid': 'c04d07ee-94c6-44df-ad3c-f46614593299', 'uuid': '625ab483-3e03-4d85-b791-9a2f2e4ee7e1', 'annotationId': 'bed29bbe-8d3a-4751-96da-ec41fc138f11', 'name': 'CleaningCycle', 'description': 'CleaningCycle', 'labels': 'CleaningCycle', 'metadata': {'Length': 30, 'Progress': 69, 'startTime': 1768780172963, 'Notification': 'Event CleaningCycle Started.'}, 'createdAt': '2026-01-18T23:49:33.249Z', 'createdBy': '5c7b5d9f-c171-4004-a182-4277ffd4c9eb'}",29.85,20.21,1600.0,1600.21,21470060.0,1100.0,1099.22,24020116.0,0.0,570744.26,14.27,32.59,1009.52,1400.0,1397.87,22450138.0,0.0,0.03,22040109.0,2900.0,2898.6,22340093.0
0000000027-4125-asu-nz,0000000018-3024-oms-nz,CleaningCycle,bed29bbe-8d3a-4751-96da-ec41fc138f11,8431e6bd-5d3e-4c11-b2cc-504dddc0c609,1265.8321533203125,481600.375,198326.609375,8103.90576171875,7116.7607421875,25913.953125,182754.65625,176210.625,233360.640625,68976.328125,124243.4296875,18609.078125,271047.96875,5754.4697265625,18991.8515625,36919.2109375,254952.953125,51871.2265625,188086.578125,19442.892578125,6892.2265625,13171.7626953125,25899.13671875,45514.3203125,2885481.0,354866.40625,1391888.125,3515716.75,11191777,5533.43115234375,69161.1328125,136962352,61149112,20915.484375,85922.40625,202260.59375,672762.0625,4300.1728515625,2746986.75,1113641.75,62691.20703125,484571.9375,21049.84765625,819549.375,692.1387939453125,423439.5625,440874.34375,235611.125,922069.6875,69427.46875,77123.71875,17172.0,4146.046875,273801.8125,14909.6259765625,140348.203125,31167.435546875,401625.71875,1099023.25,58428.1328125,7247.96484375,122019.46875,13535.4912109375,602897.375,91717,33.890113830566406,35.743595123291016,0,0,0,0,0,0,0,0,0,0,0,1,0,0,0,0,0,0,0,False,UNKNOWN,0,0,0,0,194680619,24484,0,37.56290817260742,13,,,"{'Type': 'start', 'Data_Type': 'Synthetical', 'Protocol_name': 'ABGv5-0ppb-6RH-75ccm-Anthony-Q425', 'Trial_Details': {'RH': 0, 'group': 35, 'detail': 'N/A', 'trialnum': 16, 'TrialName': '6rh', 'identifier': 'ckUf6', 'Concentration': 0}, 'Experiment_Rig': 'DA3'}",,2026-01-18 23:49:45.157,"{'cid': 'c04d07ee-94c6-44df-ad3c-f46614593299', 'uuid': '625ab483-3e03-4d85-b791-9a2f2e4ee7e1', 'annotationId': 'bed29bbe-8d3a-4751-96da-ec41fc138f11', 'name': 'CleaningCycle', 'description': 'CleaningCycle', 'labels': 'CleaningCycle', 'metadata': {'Length': 30, 'Progress': 69, 'startTime': 1768780172963, 'Notification': 'Event CleaningCycle Started.'}, 'createdAt': '2026-01-18T23:49:33.249Z', 'createdBy': '5c7b5d9f-c171-4004-a182-4277ffd4c9eb'}",29.85,20.19,1600.0,1599.56,21470060.0,1100.0,1098.84,24020116.0,0.0,571905.5,14.28,32.59,1009.53,1400.0,1398.09,22450138.0,0.0,0.02,22040109.0,2900.0,2898.91,22340093.0
0000000027-4125-asu-nz,0000000018-3024-oms-nz,CleaningCycle,bed29bbe-8d3a-4751-96da-ec41fc138f11,8431e6bd-5d3e-4c11-b2cc-504dddc0c609,1266.8111572265625,480930.9375,198347.0625,8103.3017578125,7116.23486328125,25915.3046875,182680.078125,176207.328125,233401.921875,68994.375,124242.1015625,18608.24609375,271455.375,5763.6298828125,18994.08984375,36927.87109375,254911.5625,51872.9140625,188324.890625,19451.521484375,6892.716796875,13156.224609375,25899.125,45517.62109375,2887458.5,355716.6875,1394703.625,3517587.25,11199855,5533.28857421875,68439.921875,137506320,61413064,20916.119140625,85898.578125,202213.21875,672750.125,4299.6005859375,2746203.0,1113753.0,62689.34765625,484225.125,21050.9296875,819279.3125,693.0375366210938,423270.46875,441120.4375,235618.5625,921541.0625,69451.796875,77113.6171875,17175.533203125,4142.7607421875,273874.4375,14895.4140625,140255.5625,31161.353515625,401513.78125,1097929.0,58435.41796875,7248.02734375,121892.640625,13534.4306640625,603316.125,92018,33.970699310302734,35.743595123291016,0,0,0,0,0,0,0,0,0,0,0,1,0,0,0,0,0,0,0,False,UNKNOWN,0,0,0,0,194680619,24484,0,37.56290817260742,13,,,"{'Type': 'start', 'Data_Type': 'Synthetical', 'Protocol_name': 'ABGv5-0ppb-6RH-75ccm-Anthony-Q425', 'Trial_Details': {'RH': 0, 'group': 35, 'detail': 'N/A', 'trialnum': 16, 'TrialName': '6rh', 'identifier': 'ckUf6', 'Concentration': 0}, 'Experiment_Rig': 'DA3'}",,2026-01-18 23:49:45.460,"{'cid': 'c04d07ee-94c6-44df-ad3c-f46614593299', 'uuid': '625ab483-3e03-4d85-b791-9a2f2e4ee7e1', 'annotationId': 'bed29bbe-8d3a-4751-96da-ec41fc138f11', 'name': 'CleaningCycle', 'description': 'CleaningCycle', 'labels': 'CleaningCycle', 'metadata': {'Length': 30, 'Progress': 69, 'startTime': 1768780172963, 'Notification': 'Event CleaningCycle Started.'}, 'createdAt': '2026-01-18T23:49:33.249Z', 'createdBy': '5c7b5d9f-c171-4004-a182-4277ffd4c9eb'}",29.84,20.19,1600.0,1599.81,21470060.0,1100.0,1098.9,24020116.0,0.0,573082.27,14.28,32.59,1009.54,1400.0,1398.32,22450138.0,0.0,0.02,22040109.0,2900.0,2899.67,22340093.0
0000000027-4125-asu-nz,0000000018-3024-oms-nz,CleaningCycle,bed29bbe-8d3a-4751-96da-ec41fc138f11,8431e6bd-5d3e-4c11-b2cc-504dddc0c609,1265.8685302734375,480711.3125,198361.796875,8104.39306640625,7116.26513671875,25914.326171875,182802.875,176228.234375,233171.9375,69091.40625,124277.78125,18610.9453125,272319.53125,5759.671875,18992.716796875,36933.84765625,254799.34375,51881.6640625,188349.78125,19450.53125,6892.17822265625,13167.9716796875,25900.861328125,45523.67578125,2890549.0,355081.875,1393752.625,3519274.25,11210847,5533.23388671875,68551.125,138243392,61592556,20913.125,85898.328125,202223.25,672581.6875,4298.62841796875,2742419.0,1114995.375,62697.84375,484619.84375,21051.078125,819898.5,693.424072265625,423386.5625,441100.65625,235635.40625,921266.5,69463.3984375,77117.6015625,17177.330078125,4144.6357421875,273784.40625,14882.0068359375,140008.484375,31162.73828125,401415.0625,1096916.375,58424.40234375,7247.80029296875,121859.8046875,13530.9658203125,602344.375,92319,33.890113830566406,35.501834869384766,0,0,0,0,0,0,0,0,0,0,0,1,0,0,0,0,0,0,0,False,UNKNOWN,0,0,0,0,194680619,24484,0,37.56290817260742,13,,,"{'Type': 'start', 'Data_Type': 'Synthetical', 'Protocol_name': 'ABGv5-0ppb-6RH-75ccm-Anthony-Q425', 'Trial_Details': {'RH': 0, 'group': 35, 'detail': 'N/A', 'trialnum': 16, 'TrialName': '6rh', 'identifier': 'ckUf6', 'Concentration': 0}, 'Experiment_Rig': 'DA3'}",,2026-01-18 23:49:45.759,"{'cid': 'c04d07ee-94c6-44df-ad3c-f46614593299', 'uuid': '625ab483-3e03-4d85-b791-9a2f2e4ee7e1', 'annotationId': 'bed29bbe-8d3a-4751-96da-ec41fc138f11', 'name': 'CleaningCycle', 'description': 'CleaningCycle', 'labels': 'CleaningCycle', 'metadata': {'Length': 30, 'Progress': 69, 'startTime': 1768780172963, 'Notification': 'Event CleaningCycle Started.'}, 'createdAt': '2026-01-18T23:49:33.249Z', 'createdBy': '5c7b5d9f-c171-4004-a182-4277ffd4c9eb'}",29.83,20.18,1600.0,1600.12,21470060.0,1100.0,1099.0,24020116.0,0.0,573776.53,14.28,32.59,1009.54,1400.0,1398.55,22450138.0,0.0,0.01,22040109.0,2900.0,2900.5,22340093.0
0000000027-4125-asu-nz,0000000018-3024-oms-nz,CleaningCycle,bed29bbe-8d3a-4751-96da-ec41fc138f11,8431e6bd-5d3e-4c11-b2cc-504dddc0c609,1266.8023681640625,480587.46875,198397.515625,8103.921875,7117.12060546875,25913.02734375,182738.859375,176252.375,233243.875,69063.046875,124275.8515625,18610.15625,272033.34375,5766.0283203125,18992.7890625,36934.38671875,254698.234375,51901.01171875,189172.203125,19452.107421875,6892.515625,13165.8408203125,25899.490234375,45517.8125,2893198.25,355551.5625,1393513.75,3520173.75,11221584,5533.03955078125,68446.234375,139072576,61612812,20911.462890625,85886.7265625,202267.8125,672381.625,4299.4775390625,2740378.75,1113007.25,62696.1484375,485025.84375,21051.337890625,820213.5625,693.8378295898438,423362.875,440850.59375,235669.453125,921045.375,69449.953125,77137.5703125,17180.404296875,4140.46484375,273948.0625,14884.91796875,139953.625,31162.1015625,401280.03125,1096350.5,58425.0703125,7247.57421875,121994.2578125,13532.3623046875,601577.0,92620,33.80952835083008,35.582420349121094,0,0,0,0,0,0,0,0,0,0,0,1,0,0,0,0,0,0,0,False,UNKNOWN,0,0,0,0,194680619,24484,0,37.56290817260742,13,,,"{'Type': 'start', 'Data_Type': 'Synthetical', 'Protocol_name': 'ABGv5-0ppb-6RH-75ccm-Anthony-Q425', 'Trial_Details': {'RH': 0, 'group': 35, 'detail': 'N/A', 'trialnum': 16, 'TrialName': '6rh', 'identifier': 'ckUf6', 'Concentration': 0}, 'Experiment_Rig': 'DA3'}",,2026-01-18 23:49:46.061,"{'cid': 'c04d07ee-94c6-44df-ad3c-f46614593299', 'uuid': '625ab483-3e03-4d85-b791-9a2f2e4ee7e1', 'annotationId': 'bed29bbe-8d3a-4751-96da-ec41fc138f11', 'name': 'CleaningCycle', 'description': 'CleaningCycle', 'labels': 'CleaningCycle', 'metadata': {'Length': 30, 'Progress': 69, 'startTime': 1768780172963, 'Notification': 'Event CleaningCycle Started.'}, 'createdAt': '2026-01-18T23:49:33.249Z', 'createdBy': '5c7b5d9f-c171-4004-a182-4277ffd4c9eb'}",29.82,20.18,1600.0,1600.43,21470060.0,1100.0,1099.11,24020116.0,0.0,572779.77,14.28,32.59,1009.52,1400.0,1398.78,22450138.0,0.0,0.01,22040109.0,2900.0,2901.34,22340093.0
0000000027-4125-asu-nz,0000000018-3024-oms-nz,CleaningCycle,bed29bbe-8d3a-4751-96da-ec41fc138f11,8431e6bd-5d3e-4c11-b2cc-504dddc0c609,1266.4808349609375,480936.96875,198432.546875,8103.61083984375,7116.8671875,25916.150390625,182830.078125,176277.25,233395.34375,69025.453125,124272.859375,18610.0546875,273076.25,5756.48974609375,18992.986328125,36934.41015625,254739.375,51895.625,188732.1875,19457.701171875,6892.64599609375,13173.041015625,25899.658203125,45514.9609375,2895558.5,355306.28125,1391521.5,3521411.0,11233909,5533.06640625,67031.4140625,140010432,61499644,20915.0390625,85893.4609375,202248.140625,672175.3125,4299.29931640625,2738512.75,1113883.75,62706.76171875,484902.84375,21053.15234375,820904.3125,693.50341796875,423469.84375,440701.625,235705.8125,920733.0,69488.515625,77121.8125,17179.142578125,4139.3388671875,274029.65625,14893.59765625,139765.03125,31162.458984375,401033.5,1095796.375,58430.42578125,7247.77734375,121945.9140625,13537.45703125,602001.875,92921,33.890113830566406,35.66300582885742,0,0,0,0,0,0,0,0,0,0,0,1,0,0,0,0,0,0,0,False,UNKNOWN,0,0,0,0,194680619,24484,0,37.56290817260742,13,,,"{'Type': 'start', 'Data_Type': 'Synthetical', 'Protocol_name': 'ABGv5-0ppb-6RH-75ccm-Anthony-Q425', 'Trial_Details': {'RH': 0, 'group': 35, 'detail': 'N/A', 'trialnum': 16, 'TrialName': '6rh', 'identifier': 'ckUf6', 'Concentration': 0}, 'Experiment_Rig': 'DA3'}",,2026-01-18 23:49:46.366,"{'cid': 'c04d07ee-94c6-44df-ad3c-f46614593299', 'uuid': '625ab483-3e03-4d85-b791-9a2f2e4ee7e1', 'annotationId': 'bed29bbe-8d3a-4751-96da-ec41fc138f11', 'name': 'CleaningCycle', 'description': 'CleaningCycle', 'labels': 'CleaningCycle', 'metadata': {'Length': 30, 'Progress': 69, 'startTime': 1768780172963, 'Notification': 'Event CleaningCycle Started.'}, 'createdAt': '2026-01-18T23:49:33.249Z', 'createdBy': '5c7b5d9f-c171-4004-a182-4277ffd4c9eb'}",29.82,20.18,1600.0,1600.43,21470060.0,1100.0,1099.22,24020116.0,0.0,571773.12,14.29,32.58,1009.51,1400.0,1399.08,22450138.0,0.0,0.01,22040109.0,2900.0,2901.26,22340093.0
0000000027-4125-asu-nz,0000000018-3024-oms-nz,CleaningCycle,bed29bbe-8d3a-4751-96da-ec41fc138f11,8431e6bd-5d3e-4c11-b2cc-504dddc0c609,1266.0123291015625,481572.0625,198417.921875,8104.25390625,7116.240234375,25916.80078125,182807.09375,176262.796875,233211.59375,69021.8359375,124292.8125,18608.666015625,272379.5,5761.40576171875,18989.06640625,36932.375,254563.515625,51867.83203125,188694.515625,19458.080078125,6892.46484375,13160.849609375,25897.9765625,45508.7109375,2898571.25,356011.34375,1390513.0,3522327.75,11241115,5533.2763671875,67029.6171875,140654752,61271068,20916.412109375,85885.0625,202260.15625,672025.3125,4298.365234375,2738078.0,1113175.875,62714.4765625,485097.9375,21054.0625,821388.875,692.5108032226562,423461.53125,441177.375,235725.453125,921328.0625,69455.90625,77131.2265625,17172.005859375,4143.9384765625,273906.21875,14905.6923828125,139429.265625,31165.91015625,401137.03125,1095520.875,58430.73046875,7247.7783203125,122061.4765625,13525.7490234375,602226.8125,93222,33.970699310302734,35.66300582885742,0,0,0,0,0,0,0,0,0,0,0,1,0,0,0,0,0,0,0,False,UNKNOWN,0,0,0,0,194680619,24484,0,37.56290817260742,13,,,"{'Type': 'start', 'Data_Type': 'Synthetical', 'Protocol_name': 'ABGv5-0ppb-6RH-75ccm-Anthony-Q425', 'Trial_Details': {'RH': 0, 'group': 35, 'detail': 'N/A', 'trialnum': 16, 'TrialName': '6rh', 'identifier': 'ckUf6', 'Concentration': 0}, 'Experiment_Rig': 'DA3'}",,2026-01-18 23:49:46.663,"{'cid': 'c04d07ee-94c6-44df-ad3c-f46614593299', 'uuid': '625ab483-3e03-4d85-b791-9a2f2e4ee7e1', 'annotationId': 'bed29bbe-8d3a-4751-96da-ec41fc138f11', 'name': 'CleaningCycle', 'description': 'CleaningCycle', 'labels': 'CleaningCycle', 'metadata': {'Length': 30, 'Progress': 69, 'startTime': 1768780172963, 'Notification': 'Event CleaningCycle Started.'}, 'createdAt': '2026-01-18T23:49:33.249Z', 'createdBy': '5c7b5d9f-c171-4004-a182-4277ffd4c9eb'}",29.82,20.18,1600.0,1600.22,21470060.0,1100.0,1099.33,24020116.0,0.0,570792.87,14.29,32.58,1009.5,1400.0,1399.43,22450138.0,0.0,0.0,22040109.0,2900.0,2900.29,22340093.0
0000000027-4125-asu-nz,0000000018-3024-oms-nz,CleaningCycle,bed29bbe-8d3a-4751-96da-ec41fc138f11,8431e6bd-5d3e-4c11-b2cc-504dddc0c609,1265.952392578125,481559.71875,198456.890625,8103.890625,7116.22607421875,25916.82421875,182866.921875,176288.46875,233533.171875,68955.0,124299.0390625,18608.412109375,272741.9375,5766.95166015625,18991.443359375,36929.9921875,254261.0,51862.34765625,188858.21875,19445.04296875,6892.45654296875,13149.3935546875,25896.9609375,45509.59375,2899534.5,355864.28125,1387292.375,3522679.25,11245439,5533.912109375,67144.2578125,141030544,60958532,20915.517578125,85867.625,202250.03125,671956.4375,4299.826171875,2735186.0,1112718.5,62717.05078125,485232.78125,21053.12109375,821951.0625,692.9550170898438,423732.71875,440871.4375,235745.265625,921691.4375,69457.7734375,77125.359375,17178.072265625,4148.33349609375,274191.34375,14903.771484375,140162.75,31165.6796875,401210.6875,1095813.125,58425.1875,7247.47119140625,121951.3046875,13530.1865234375,601854.875,93523,34.05128479003906,35.582420349121094,0,0,0,0,0,0,0,0,0,0,0,1,0,0,0,0,0,0,0,False,UNKNOWN,0,0,0,0,194680619,24484,0,37.56290817260742,13,,,"{'Type': 'start', 'Data_Type': 'Synthetical', 'Protocol_name': 'ABGv5-0ppb-6RH-75ccm-Anthony-Q425', 'Trial_Details': {'RH': 0, 'group': 35, 'detail': 'N/A', 'trialnum': 16, 'TrialName': '6rh', 'identifier': 'ckUf6', 'Concentration': 0}, 'Experiment_Rig': 'DA3'}",,2026-01-18 23:49:46.965,"{'cid': 'c04d07ee-94c6-44df-ad3c-f46614593299', 'uuid': '625ab483-3e03-4d85-b791-9a2f2e4ee7e1', 'annotationId': 'bed29bbe-8d3a-4751-96da-ec41fc138f11', 'name': 'CleaningCycle', 'description': 'CleaningCycle', 'labels': 'CleaningCycle', 'metadata': {'Length': 30, 'Progress': 69, 'startTime': 1768780172963, 'Notification': 'Event CleaningCycle Started.'}, 'createdAt': '2026-01-18T23:49:33.249Z', 'createdBy': '5c7b5d9f-c171-4004-a182-4277ffd4c9eb'}",29.83,20.17,1600.0,1600.0,21470060.0,1100.0,1099.43,24020116.0,0.0,570155.87,14.3,32.58,1009.49,1400.0,1399.79,22450138.0,0.0,0.0,22040109.0,2900.0,2899.31,22340093.0
0000000027-4125-asu-nz,0000000018-3024-oms-nz,CleaningCycle,bed29bbe-8d3a-4751-96da-ec41fc138f11,8431e6bd-5d3e-4c11-b2cc-504dddc0c609,1265.4537353515625,481123.71875,198427.875,8103.90771484375,7116.2529296875,25916.74609375,182809.796875,176277.125,233575.171875,68944.6171875,124266.7109375,18610.119140625,272894.15625,5752.16064453125,18987.76953125,36926.78515625,254589.390625,51873.05078125,188876.703125,19442.58984375,6891.439453125,13168.744140625,25898.6796875,45505.578125,2895442.25,356053.375,1393585.75,3521243.75,11243283,5533.548828125,67758.6640625,140956896,60559600,20912.892578125,85876.3359375,202231.171875,671954.875,4300.1435546875,2731709.5,1116838.0,62720.90234375,485227.21875,21055.134765625,822548.5,692.8653564453125,423511.15625,441285.03125,235748.40625,923098.8125,69437.203125,77123.609375,17183.05078125,4138.90771484375,274087.4375,14891.7587890625,139337.234375,31164.66796875,401405.28125,1096535.75,58431.08984375,7247.82275390625,122005.1640625,13537.9775390625,601694.875,93825,33.970699310302734,35.824180603027344,0,0,0,0,0,0,0,0,0,0,0,1,0,0,0,0,0,0,0,False,UNKNOWN,0,0,0,0,194680619,24484,0,37.56290817260742,13,,,"{'Type': 'start', 'Data_Type': 'Synthetical', 'Protocol_name': 'ABGv5-0ppb-6RH-75ccm-Anthony-Q425', 'Trial_Details': {'RH': 0, 'group': 35, 'detail': 'N/A', 'trialnum': 16, 'TrialName': '6rh', 'identifier': 'ckUf6', 'Concentration': 0}, 'Experiment_Rig': 'DA3'}",,2026-01-18 23:49:47.269,"{'cid': 'c04d07ee-94c6-44df-ad3c-f46614593299', 'uuid': '625ab483-3e03-4d85-b791-9a2f2e4ee7e1', 'annotationId': 'bed29bbe-8d3a-4751-96da-ec41fc138f11', 'name': 'CleaningCycle', 'description': 'CleaningCycle', 'labels': 'CleaningCycle', 'metadata': {'Length': 30, 'Progress': 69, 'startTime': 1768780172963, 'Notification': 'Event CleaningCycle Started.'}, 'createdAt': '2026-01-18T23:49:33.249Z', 'createdBy': '5c7b5d9f-c171-4004-a182-4277ffd4c9eb'}",29.83,20.17,1600.0,1599.8,21470060.0,1100.0,1099.59,24020116.0,0.0,570155.87,14.32,32.58,1009.51,1400.0,1400.09,22450138.0,0.0,0.0,22040109.0,2900.0,2898.52,22340093.0
0000000027-4125-asu-nz,0000000018-3024-oms-nz,CleaningCycle,bed29bbe-8d3a-4751-96da-ec41fc138f11,8431e6bd-5d3e-4c11-b2cc-504dddc0c609,1264.919189453125,481434.4375,198388.5,8103.8154296875,7116.29638671875,25916.10546875,182766.1875,176269.359375,233179.046875,68940.2890625,124267.3046875,18609.62109375,273280.75,5752.509765625,18990.4609375,36934.4296875,254471.09375,51878.31640625,189102.8125,19441.13671875,6892.0576171875,13163.2138671875,25897.201171875,45501.10546875,2891604.5,353115.6875,1393545.25,3519883.25,11235150,5533.21484375,67545.875,140422544,60243016,20911.09765625,85864.8828125,202239.203125,671953.875,4300.65673828125,2728256.0,1115754.625,62717.8359375,485251.71875,21054.12890625,822833.875,693.424072265625,423674.34375,440928.84375,235753.78125,924145.1875,69402.921875,77147.078125,17182.556640625,4148.61572265625,273943.03125,14901.6015625,140307.515625,31172.04296875,401675.1875,1097905.875,58438.5625,7248.26953125,122086.6171875,13542.6357421875,600658.5,94126,34.05128479003906,35.743595123291016,0,0,0,0,0,0,0,0,0,0,0,1,0,0,0,0,0,0,0,False,UNKNOWN,0,0,0,0,194680619,24484,0,37.56290817260742,13,,,"{'Type': 'start', 'Data_Type': 'Synthetical', 'Protocol_name': 'ABGv5-0ppb-6RH-75ccm-Anthony-Q425', 'Trial_Details': {'RH': 0, 'group': 35, 'detail': 'N/A', 'trialnum': 16, 'TrialName': '6rh', 'identifier': 'ckUf6', 'Concentration': 0}, 'Experiment_Rig': 'DA3'}",,2026-01-18 23:49:47.569,"{'cid': 'c04d07ee-94c6-44df-ad3c-f46614593299', 'uuid': '625ab483-3e03-4d85-b791-9a2f2e4ee7e1', 'annotationId': 'bed29bbe-8d3a-4751-96da-ec41fc138f11', 'name': 'CleaningCycle', 'description': 'CleaningCycle', 'labels': 'CleaningCycle', 'metadata': {'Length': 30, 'Progress': 69, 'startTime': 1768780172963, 'Notification': 'Event CleaningCycle Started.'}, 'createdAt': '2026-01-18T23:49:33.249Z', 'createdBy': '5c7b5d9f-c171-4004-a182-4277ffd4c9eb'}",29.82,20.17,1600.0,1599.66,21470060.0,1100.0,1099.95,24020116.0,0.0,570155.87,14.34,32.59,1009.52,1400.0,1400.15,22450138.0,0.0,0.02,22040109.0,2900.0,2898.73,22340093.0
0000000027-4125-asu-nz,0000000018-3024-oms-nz,CleaningCycle,bed29bbe-8d3a-4751-96da-ec41fc138f11,8431e6bd-5d3e-4c11-b2cc-504dddc0c609,1265.7210693359375,481479.6875,198389.34375,8103.66943359375,7116.7744140625,25916.92578125,182754.140625,176231.796875,233145.46875,69011.09375,124253.734375,18607.279296875,273088.0,5754.80126953125,18987.94921875,36921.64453125,254317.09375,51882.546875,188864.53125,19451.123046875,6892.07666015625,13149.47265625,25900.494140625,45500.77734375,2888881.5,355780.96875,1389358.5,3518320.5,11223843,5533.03369140625,68478.578125,139601264,60042264,20912.7109375,85901.3515625,202288.03125,672060.9375,4298.9150390625,2726386.0,1120624.75,62715.86328125,485237.375,21053.248046875,822725.625,694.0391845703125,423604.8125,441577.34375,235754.015625,924706.3125,69431.546875,77132.375,17172.30859375,4140.81005859375,273888.0625,14904.259765625,139650.671875,31174.630859375,401783.28125,1098678.5,58435.4921875,7248.2724609375,122220.8515625,13536.291015625,601296.1875,94427,33.970699310302734,35.743595123291016,0,0,0,0,0,0,0,0,0,0,0,1,0,0,0,0,0,0,0,False,UNKNOWN,0,0,0,0,194680619,24484,0,37.56290817260742,13,,,"{'Type': 'start', 'Data_Type': 'Synthetical', 'Protocol_name': 'ABGv5-0ppb-6RH-75ccm-Anthony-Q425', 'Trial_Details': {'RH': 0, 'group': 35, 'detail': 'N/A', 'trialnum': 16, 'TrialName': '6rh', 'identifier': 'ckUf6', 'Concentration': 0}, 'Experiment_Rig': 'DA3'}",,2026-01-18 23:49:47.867,"{'cid': 'c04d07ee-94c6-44df-ad3c-f46614593299', 'uuid': '625ab483-3e03-4d85-b791-9a2f2e4ee7e1', 'annotationId': 'bed29bbe-8d3a-4751-96da-ec41fc138f11', 'name': 'CleaningCycle', 'description': 'CleaningCycle', 'labels': 'CleaningCycle', 'metadata': {'Length': 30, 'Progress': 69, 'startTime': 1768780172963, 'Notification': 'Event CleaningCycle Started.'}, 'createdAt': '2026-01-18T23:49:33.249Z', 'createdBy': '5c7b5d9f-c171-4004-a182-4277ffd4c9eb'}",29.82,20.17,1600.0,1599.52,21470060.0,1100.0,1100.3,24020116.0,0.0,570155.87,14.36,32.59,1009.53,1400.0,1400.21,22450138.0,0.0,0.04,22040109.0,2900.0,2898.94,22340093.0
0000000027-4125-asu-nz,0000000018-3024-oms-nz,CleaningCycle,bed29bbe-8d3a-4751-96da-ec41fc138f11,8431e6bd-5d3e-4c11-b2cc-504dddc0c609,1266.8438720703125,480533.5625,198354.546875,8103.580078125,7116.619140625,25913.814453125,182822.453125,176220.234375,233388.203125,69005.8828125,124241.9140625,18608.33203125,274942.8125,5750.51611328125,18992.4296875,36920.6953125,254559.0,51877.63671875,188704.90625,19440.51953125,6891.8095703125,13165.23046875,25899.09765625,45504.6953125,2887560.5,353987.75,1389006.875,3516902.25,11209586,5532.6083984375,67467.3984375,138538864,59971676,20918.099609375,85871.8359375,202317.71875,672303.9375,4298.6826171875,2720189.0,1122223.875,62716.2109375,485293.59375,21052.73046875,822439.3125,693.4404296875,423650.375,440978.0625,235734.5625,925302.375,69421.9921875,77129.015625,17172.3125,4146.935546875,274032.4375,14888.552734375,139293.28125,31177.296875,401619.25,1098977.5,58446.078125,7248.17431640625,122199.4375,13539.1513671875,601757.5625,94728,33.890113830566406,35.582420349121094,0,0,0,0,0,0,0,0,0,0,0,1,0,0,0,0,0,0,0,False,UNKNOWN,0,0,0,0,194680619,24484,0,37.56290817260742,13,,,"{'Type': 'start', 'Data_Type': 'Synthetical', 'Protocol_name': 'ABGv5-0ppb-6RH-75ccm-Anthony-Q425', 'Trial_Details': {'RH': 0, 'group': 35, 'detail': 'N/A', 'trialnum': 16, 'TrialName': '6rh', 'identifier': 'ckUf6', 'Concentration': 0}, 'Experiment_Rig': 'DA3'}",,2026-01-18 23:49:48.170,"{'cid': 'c04d07ee-94c6-44df-ad3c-f46614593299', 'uuid': '625ab483-3e03-4d85-b791-9a2f2e4ee7e1', 'annotationId': 'bed29bbe-8d3a-4751-96da-ec41fc138f11', 'name': 'CleaningCycle', 'description': 'CleaningCycle', 'labels': 'CleaningCycle', 'metadata': {'Length': 30, 'Progress': 69, 'startTime': 1768780172963, 'Notification': 'Event CleaningCycle Started.'}, 'createdAt': '2026-01-18T23:49:33.249Z', 'createdBy': '5c7b5d9f-c171-4004-a182-4277ffd4c9eb'}",29.81,20.17,1600.0,1599.38,21470060.0,1100.0,1100.66,24020116.0,0.0,570028.72,14.37,32.59,1009.53,1400.0,1400.27,22450138.0,0.0,0.06,22040109.0,2900.0,2899.16,22340093.0
0000000027-4125-asu-nz,0000000018-3024-oms-nz,CleaningCycle,bed29bbe-8d3a-4751-96da-ec41fc138f11,8431e6bd-5d3e-4c11-b2cc-504dddc0c609,1268.55029296875,480415.59375,198330.484375,8103.234375,7116.20458984375,25913.6328125,182755.078125,176205.90625,233458.65625,68958.4296875,124239.765625,18609.5,272735.28125,5765.1044921875,18991.212890625,36924.71875,254618.5,51865.20703125,189601.046875,19447.478515625,6892.06591796875,13154.1005859375,25900.19140625,45502.234375,2886044.75,358524.03125,1388768.375,3515536.75,11198542,5532.91064453125,67928.609375,137655664,60024368,20920.60546875,85881.1640625,202302.40625,672440.875,4299.748046875,2719129.0,1120602.625,62706.375,484867.8125,21053.20703125,822181.375,694.09033203125,423488.0,440617.5625,235729.046875,925771.5625,69434.5,77130.046875,17168.181640625,4145.7001953125,272419.21875,14888.6240234375,139576.953125,31182.865234375,401580.4375,1099218.375,58440.14453125,7248.1357421875,122083.328125,13534.03125,601757.5,95029,33.970699310302734,35.582420349121094,0,0,0,0,0,0,0,0,0,0,0,1,0,0,0,0,0,0,0,False,UNKNOWN,0,0,0,0,194680619,24484,0,37.56290817260742,13,,,"{'Type': 'start', 'Data_Type': 'Synthetical', 'Protocol_name': 'ABGv5-0ppb-6RH-75ccm-Anthony-Q425', 'Trial_Details': {'RH': 0, 'group': 35, 'detail': 'N/A', 'trialnum': 16, 'TrialName': '6rh', 'identifier': 'ckUf6', 'Concentration': 0}, 'Experiment_Rig': 'DA3'}",,2026-01-18 23:49:48.469,"{'cid': 'c04d07ee-94c6-44df-ad3c-f46614593299', 'uuid': '625ab483-3e03-4d85-b791-9a2f2e4ee7e1', 'annotationId': 'bed29bbe-8d3a-4751-96da-ec41fc138f11', 'name': 'CleaningCycle', 'description': 'CleaningCycle', 'labels': 'CleaningCycle', 'metadata': {'Length': 30, 'Progress': 69, 'startTime': 1768780172963, 'Notification': 'Event CleaningCycle Started.'}, 'createdAt': '2026-01-18T23:49:33.249Z', 'createdBy': '5c7b5d9f-c171-4004-a182-4277ffd4c9eb'}",29.81,20.17,1600.0,1599.28,21470060.0,1100.0,1100.59,24020116.0,0.0,569783.45,14.37,32.59,1009.52,1400.0,1400.33,22450138.0,0.0,0.05,22040109.0,2900.0,2899.31,22340093.0
0000000027-4125-asu-nz,0000000018-3024-oms-nz,CleaningCycle,bed29bbe-8d3a-4751-96da-ec41fc138f11,8431e6bd-5d3e-4c11-b2cc-504dddc0c609,1266.7406005859375,480207.4375,198327.375,8103.35107421875,7116.380859375,25913.017578125,182787.109375,176196.046875,233444.53125,68966.9140625,124251.0078125,18610.39453125,272364.28125,5755.9716796875,18994.658203125,36919.92578125,255262.0,51847.6484375,189760.390625,19450.140625,6891.9140625,13166.9375,25900.142578125,45512.62890625,2885207.5,354880.03125,1390845.0,3513982.5,11187078,5533.869140625,68235.4375,136802544,60209588,20919.556640625,85876.8359375,202335.625,672610.1875,4300.43408203125,2722642.0,1119255.5,62696.671875,484643.125,21054.107421875,822366.0,692.5355834960938,423529.90625,440667.71875,235696.84375,925481.1875,69468.25,77171.4921875,17168.974609375,4152.34130859375,272149.15625,14878.3828125,139702.765625,31183.302734375,401633.5,1099706.75,58451.796875,7248.15087890625,122245.2890625,13531.4287109375,601851.3125,95330,34.131874084472656,35.582420349121094,0,0,0,0,0,0,0,0,0,0,0,1,0,0,0,0,0,0,0,False,UNKNOWN,0,0,0,0,194680619,24484,0,37.56290817260742,13,,,"{'Type': 'start', 'Data_Type': 'Synthetical', 'Protocol_name': 'ABGv5-0ppb-6RH-75ccm-Anthony-Q425', 'Trial_Details': {'RH': 0, 'group': 35, 'detail': 'N/A', 'trialnum': 16, 'TrialName': '6rh', 'identifier': 'ckUf6', 'Concentration': 0}, 'Experiment_Rig': 'DA3'}",,2026-01-18 23:49:48.770,"{'cid': 'c04d07ee-94c6-44df-ad3c-f46614593299', 'uuid': '625ab483-3e03-4d85-b791-9a2f2e4ee7e1', 'annotationId': 'bed29bbe-8d3a-4751-96da-ec41fc138f11', 'name': 'CleaningCycle', 'description': 'CleaningCycle', 'labels': 'CleaningCycle', 'metadata': {'Length': 30, 'Progress': 69, 'startTime': 1768780172963, 'Notification': 'Event CleaningCycle Started.'}, 'createdAt': '2026-01-18T23:49:33.249Z', 'createdBy': '5c7b5d9f-c171-4004-a182-4277ffd4c9eb'}",29.82,20.18,1600.0,1599.18,21470060.0,1100.0,1100.43,24020116.0,0.0,569536.54,14.38,32.58,1009.51,1400.0,1400.39,22450138.0,0.0,0.03,22040109.0,2900.0,2899.46,22340093.0
0000000027-4125-asu-nz,0000000018-3024-oms-nz,CleaningCycle,bed29bbe-8d3a-4751-96da-ec41fc138f11,8431e6bd-5d3e-4c11-b2cc-504dddc0c609,1266.96337890625,481005.96875,198310.484375,8103.169921875,7116.3505859375,25912.224609375,182795.578125,176192.875,233256.296875,68947.1640625,124243.28125,18609.23828125,271805.4375,5750.53271484375,18994.5390625,36922.1171875,254807.5,51849.62890625,189865.609375,19458.384765625,6892.0927734375,13164.44921875,25900.30078125,45510.37109375,2884699.5,356072.25,1391300.125,3513091.25,11180186,5533.11474609375,68280.0859375,136305920,60487936,20916.40625,85870.9609375,202339.453125,672649.375,4300.748046875,2724259.25,1117591.75,62683.12890625,484794.71875,21051.876953125,819897.625,693.8836059570312,423989.28125,440880.59375,235666.65625,924717.9375,69459.0,77167.8359375,17169.025390625,4148.8427734375,271871.40625,14905.978515625,139795.09375,31186.24609375,401608.0,1099772.0,58448.625,7248.59716796875,122400.4375,13524.521484375,601603.0,95631,33.890113830566406,35.582420349121094,0,0,0,0,0,0,0,0,0,0,0,1,0,0,0,0,0,0,0,False,UNKNOWN,0,0,0,0,194680619,24484,0,37.56290817260742,13,,,"{'Type': 'start', 'Data_Type': 'Synthetical', 'Protocol_name': 'ABGv5-0ppb-6RH-75ccm-Anthony-Q425', 'Trial_Details': {'RH': 0, 'group': 35, 'detail': 'N/A', 'trialnum': 16, 'TrialName': '6rh', 'identifier': 'ckUf6', 'Concentration': 0}, 'Experiment_Rig': 'DA3'}",,2026-01-18 23:49:49.071,"{'cid': 'c04d07ee-94c6-44df-ad3c-f46614593299', 'uuid': '625ab483-3e03-4d85-b791-9a2f2e4ee7e1', 'annotationId': 'bed29bbe-8d3a-4751-96da-ec41fc138f11', 'name': 'CleaningCycle', 'description': 'CleaningCycle', 'labels': 'CleaningCycle', 'metadata': {'Length': 30, 'Progress': 69, 'startTime': 1768780172963, 'Notification': 'Event CleaningCycle Started.'}, 'createdAt': '2026-01-18T23:49:33.249Z', 'createdBy': '5c7b5d9f-c171-4004-a182-4277ffd4c9eb'}",29.82,20.18,1600.0,1599.08,21470060.0,1100.0,1100.28,24020116.0,0.0,569289.62,14.38,32.58,1009.49,1400.0,1400.45,22450138.0,0.0,0.02,22040109.0,2900.0,2899.6,22340093.0
0000000027-4125-asu-nz,0000000018-3024-oms-nz,CleaningCycle,bed29bbe-8d3a-4751-96da-ec41fc138f11,8431e6bd-5d3e-4c11-b2cc-504dddc0c609,1264.1185302734375,480653.84375,198272.359375,8104.0419921875,7116.23291015625,25913.173828125,182723.6875,176210.96875,233126.46875,68942.5625,124241.890625,18609.271484375,268415.71875,5736.14501953125,18994.228515625,36928.29296875,255013.234375,51875.19140625,190206.4375,19444.87109375,6891.8388671875,13167.994140625,25902.66796875,45509.14453125,2885713.25,356314.40625,1390793.375,3513585.0,11177299,5532.43505859375,69205.65625,136242784,60815092,20915.0078125,85863.7421875,202309.890625,672695.5625,4298.99072265625,2725571.5,1116293.625,62685.2109375,485109.46875,21051.037109375,819312.5625,692.5191650390625,423665.375,440989.875,235656.171875,923887.125,69427.5,77154.3046875,17177.400390625,4130.681640625,272047.875,14896.796875,139902.1875,31182.783203125,401634.6875,1099773.875,58441.1484375,7248.16552734375,122350.21875,13532.294921875,601176.75,95932,33.970699310302734,35.582420349121094,0,0,0,0,0,0,0,0,0,0,0,1,0,0,0,0,0,0,0,False,UNKNOWN,0,0,0,0,194685652,24484,0,38.21762847900391,13,,,"{'Type': 'start', 'Data_Type': 'Synthetical', 'Protocol_name': 'ABGv5-0ppb-6RH-75ccm-Anthony-Q425', 'Trial_Details': {'RH': 0, 'group': 35, 'detail': 'N/A', 'trialnum': 16, 'TrialName': '6rh', 'identifier': 'ckUf6', 'Concentration': 0}, 'Experiment_Rig': 'DA3'}",,2026-01-18 23:49:49.373,"{'cid': 'c04d07ee-94c6-44df-ad3c-f46614593299', 'uuid': '625ab483-3e03-4d85-b791-9a2f2e4ee7e1', 'annotationId': 'bed29bbe-8d3a-4751-96da-ec41fc138f11', 'name': 'CleaningCycle', 'description': 'CleaningCycle', 'labels': 'CleaningCycle', 'metadata': {'Length': 30, 'Progress': 69, 'startTime': 1768780172963, 'Notification': 'Event CleaningCycle Started.'}, 'createdAt': '2026-01-18T23:49:33.249Z', 'createdBy': '5c7b5d9f-c171-4004-a182-4277ffd4c9eb'}",29.82,20.18,1600.0,1599.12,21470060.0,1100.0,1100.12,24020116.0,0.0,569613.93,14.38,32.58,1009.5,1400.0,1400.43,22450138.0,0.0,0.02,22040109.0,2900.0,2900.09,22340093.0
0000000027-4125-asu-nz,0000000018-3024-oms-nz,CleaningCycle,bed29bbe-8d3a-4751-96da-ec41fc138f11,8431e6bd-5d3e-4c11-b2cc-504dddc0c609,1264.9344482421875,480423.3125,198306.703125,8103.73291015625,7116.5810546875,25913.78125,182835.125,176212.9375,233127.09375,69005.34375,124262.0859375,18608.142578125,271050.34375,5743.5224609375,18993.466796875,36916.8984375,255127.375,51889.0546875,189676.78125,19446.7265625,6891.69189453125,13158.201171875,25904.146484375,45514.70703125,2888420.5,356411.375,1393459.625,3515398.5,11178373,5532.36962890625,69192.640625,136364752,61145008,20916.98828125,85860.4765625,202250.796875,672765.625,4300.34521484375,2727505.25,1115817.125,62691.0703125,484860.9375,21052.912109375,818764.6875,693.1423950195312,423579.21875,441044.125,235646.9375,922880.75,69402.5546875,77107.34375,17174.52734375,4138.890625,271972.84375,14894.9375,139652.4375,31176.84765625,401545.1875,1099534.625,58431.26171875,7249.2958984375,122177.921875,13535.39453125,601253.6875,96233,33.890113830566406,35.66300582885742,0,0,0,0,0,0,0,0,0,0,0,1,0,0,0,0,0,0,0,False,UNKNOWN,0,0,0,0,194685652,24484,0,38.21762847900391,13,,,"{'Type': 'start', 'Data_Type': 'Synthetical', 'Protocol_name': 'ABGv5-0ppb-6RH-75ccm-Anthony-Q425', 'Trial_Details': {'RH': 0, 'group': 35, 'detail': 'N/A', 'trialnum': 16, 'TrialName': '6rh', 'identifier': 'ckUf6', 'Concentration': 0}, 'Experiment_Rig': 'DA3'}",,2026-01-18 23:49:49.674,"{'cid': 'c04d07ee-94c6-44df-ad3c-f46614593299', 'uuid': '625ab483-3e03-4d85-b791-9a2f2e4ee7e1', 'annotationId': 'bed29bbe-8d3a-4751-96da-ec41fc138f11', 'name': 'CleaningCycle', 'description': 'CleaningCycle', 'labels': 'CleaningCycle', 'metadata': {'Length': 30, 'Progress': 69, 'startTime': 1768780172963, 'Notification': 'Event CleaningCycle Started.'}, 'createdAt': '2026-01-18T23:49:33.249Z', 'createdBy': '5c7b5d9f-c171-4004-a182-4277ffd4c9eb'}",29.83,20.2,1600.0,1599.26,21470060.0,1100.0,1099.97,24020116.0,0.0,570232.26,14.39,32.58,1009.5,1400.0,1400.34,22450138.0,0.0,0.03,22040109.0,2900.0,2900.99,22340093.0
0000000027-4125-asu-nz,0000000018-3024-oms-nz,CleaningCycle,bed29bbe-8d3a-4751-96da-ec41fc138f11,8431e6bd-5d3e-4c11-b2cc-504dddc0c609,1266.25048828125,481217.65625,198361.046875,8103.73046875,7116.93212890625,25914.392578125,182855.4375,176219.28125,233338.453125,69041.03125,124282.7421875,18609.984375,271106.6875,5747.32958984375,18992.388671875,36928.94921875,255171.984375,51878.99609375,189115.9375,19438.48046875,6891.5546875,13173.0869140625,25903.97265625,45511.11328125,2890257.25,356701.125,1392756.875,3517648.25,11183838,5532.9541015625,69624.3359375,136883728,61428648,20915.28125,85876.3203125,202207.5625,672784.6875,4300.95068359375,2726234.5,1115334.25,62686.390625,484638.15625,21050.337890625,819451.6875,694.1283569335938,423691.46875,441112.0,235663.296875,922196.8125,69414.453125,77143.5859375,17176.619140625,4142.28857421875,272041.59375,14872.3173828125,139290.90625,31172.60546875,401636.15625,1098763.25,58424.62890625,7248.533203125,122279.140625,13531.7890625,601601.5,96534,33.80952835083008,35.582420349121094,0,0,0,0,0,0,0,0,0,0,0,1,0,0,0,0,0,0,0,False,UNKNOWN,0,0,0,0,194685652,24484,0,38.21762847900391,13,,,"{'Type': 'start', 'Data_Type': 'Synthetical', 'Protocol_name': 'ABGv5-0ppb-6RH-75ccm-Anthony-Q425', 'Trial_Details': {'RH': 0, 'group': 35, 'detail': 'N/A', 'trialnum': 16, 'TrialName': '6rh', 'identifier': 'ckUf6', 'Concentration': 0}, 'Experiment_Rig': 'DA3'}",,2026-01-18 23:49:49.974,"{'cid': 'c04d07ee-94c6-44df-ad3c-f46614593299', 'uuid': '625ab483-3e03-4d85-b791-9a2f2e4ee7e1', 'annotationId': 'bed29bbe-8d3a-4751-96da-ec41fc138f11', 'name': 'CleaningCycle', 'description': 'CleaningCycle', 'labels': 'CleaningCycle', 'metadata': {'Length': 30, 'Progress': 69, 'startTime': 1768780172963, 'Notification': 'Event CleaningCycle Started.'}, 'createdAt': '2026-01-18T23:49:33.249Z', 'createdBy': '5c7b5d9f-c171-4004-a182-4277ffd4c9eb'}",29.84,20.21,1600.0,1599.4,21470060.0,1100.0,1099.81,24020116.0,0.0,570848.53,14.39,32.58,1009.51,1400.0,1400.24,22450138.0,0.0,0.05,22040109.0,2900.0,2901.9,22340093.0
0000000027-4125-asu-nz,0000000018-3024-oms-nz,CleaningCycle,bed29bbe-8d3a-4751-96da-ec41fc138f11,8431e6bd-5d3e-4c11-b2cc-504dddc0c609,1266.7298583984375,481147.5625,198391.28125,8103.8271484375,7116.6162109375,25916.384765625,182854.734375,176274.296875,233626.984375,68974.2265625,124289.796875,18610.857421875,271793.84375,5742.32275390625,18994.283203125,36941.44921875,255006.625,51873.48046875,189286.203125,19434.0078125,6891.28759765625,13170.19140625,25904.2265625,45517.96875,2893084.5,357206.40625,1394161.5,3519203.0,11194005,5532.88037109375,68017.5625,137598064,61637636,20912.75,85884.9296875,202159.359375,672705.5,4300.9296875,2723598.75,1114011.625,62690.1640625,484743.6875,21050.59765625,819259.375,693.4461669921875,423299.75,441032.78125,235685.65625,921809.4375,69426.15625,77120.453125,17174.55859375,4133.72412109375,271936.53125,14911.0654296875,139412.34375,31174.388671875,401432.125,1097546.25,58417.55078125,7248.7841796875,122314.8671875,13523.33203125,601872.9375,96835,33.890113830566406,35.42124938964844,0,0,0,0,0,0,0,0,0,0,0,1,0,0,0,0,0,0,0,False,UNKNOWN,0,0,0,0,194685652,24484,0,38.21762847900391,13,,,"{'Type': 'start', 'Data_Type': 'Synthetical', 'Protocol_name': 'ABGv5-0ppb-6RH-75ccm-Anthony-Q425', 'Trial_Details': {'RH': 0, 'group': 35, 'detail': 'N/A', 'trialnum': 16, 'TrialName': '6rh', 'identifier': 'ckUf6', 'Concentration': 0}, 'Experiment_Rig': 'DA3'}",,2026-01-18 23:49:50.279,"{'cid': 'c04d07ee-94c6-44df-ad3c-f46614593299', 'uuid': '625ab483-3e03-4d85-b791-9a2f2e4ee7e1', 'annotationId': 'bed29bbe-8d3a-4751-96da-ec41fc138f11', 'name': 'CleaningCycle', 'description': 'CleaningCycle', 'labels': 'CleaningCycle', 'metadata': {'Length': 30, 'Progress': 69, 'startTime': 1768780172963, 'Notification': 'Event CleaningCycle Started.'}, 'createdAt': '2026-01-18T23:49:33.249Z', 'createdBy': '5c7b5d9f-c171-4004-a182-4277ffd4c9eb'}",29.85,20.22,1600.0,1599.54,21470060.0,1100.0,1099.68,24020116.0,0.0,571475.08,14.4,32.58,1009.52,1400.0,1400.16,22450138.0,0.0,0.06,22040109.0,2900.0,2902.67,22340093.0
0000000027-4125-asu-nz,0000000018-3024-oms-nz,CleaningCycle,bed29bbe-8d3a-4751-96da-ec41fc138f11,8431e6bd-5d3e-4c11-b2cc-504dddc0c609,1266.062255859375,481156.125,198419.46875,8103.5361328125,7116.6875,25916.939453125,182843.9375,176282.75,233815.1875,68952.0078125,124294.171875,18610.484375,272464.375,5727.19091796875,18993.921875,36943.17578125,254854.9375,51892.91796875,188944.40625,19443.8046875,6891.3896484375,13175.3505859375,25903.564453125,45517.27734375,2895268.5,356454.03125,1399266.75,3520490.5,11203361,5532.89794921875,67616.5859375,138334880,61730032,20913.068359375,85866.7421875,202161.8125,672461.3125,4302.7265625,2719563.75,1112901.5,62701.66015625,484820.46875,21049.384765625,820249.9375,693.4177856445312,423659.1875,440939.84375,235740.0625,921427.5,69441.5390625,77107.03125,17171.521484375,4140.93701171875,272001.09375,14903.224609375,140132.828125,31175.1640625,401358.6875,1096721.125,58419.90234375,7248.1796875,122218.34375,13534.5908203125,602244.375,97136,33.890113830566406,35.501834869384766,0,0,0,0,0,0,0,0,0,0,0,1,0,0,0,0,0,0,0,False,UNKNOWN,0,0,0,0,194685652,24484,0,38.21762847900391,13,,,"{'Type': 'start', 'Data_Type': 'Synthetical', 'Protocol_name': 'ABGv5-0ppb-6RH-75ccm-Anthony-Q425', 'Trial_Details': {'RH': 0, 'group': 35, 'detail': 'N/A', 'trialnum': 16, 'TrialName': '6rh', 'identifier': 'ckUf6', 'Concentration': 0}, 'Experiment_Rig': 'DA3'}",,2026-01-18 23:49:50.577,"{'cid': 'c04d07ee-94c6-44df-ad3c-f46614593299', 'uuid': '625ab483-3e03-4d85-b791-9a2f2e4ee7e1', 'annotationId': 'bed29bbe-8d3a-4751-96da-ec41fc138f11', 'name': 'CleaningCycle', 'description': 'CleaningCycle', 'labels': 'CleaningCycle', 'metadata': {'Length': 30, 'Progress': 69, 'startTime': 1768780172963, 'Notification': 'Event CleaningCycle Started.'}, 'createdAt': '2026-01-18T23:49:33.249Z', 'createdBy': '5c7b5d9f-c171-4004-a182-4277ffd4c9eb'}",29.84,20.22,1600.0,1599.63,21470060.0,1100.0,1099.71,24020116.0,0.0,571273.68,14.4,32.58,1009.52,1400.0,1400.16,22450138.0,0.0,0.04,22040109.0,2900.0,2902.22,22340093.0
0000000027-4125-asu-nz,0000000018-3024-oms-nz,CleaningCycle,bed29bbe-8d3a-4751-96da-ec41fc138f11,8431e6bd-5d3e-4c11-b2cc-504dddc0c609,1266.903564453125,481483.375,198460.859375,8103.52978515625,7116.83154296875,25917.306640625,182813.5625,176327.4375,233813.40625,69028.40625,124322.546875,18611.30078125,270763.9375,5751.75,18993.7265625,36927.359375,255152.25,51882.93359375,188195.390625,19440.392578125,6891.4912109375,13175.7314453125,25904.466796875,45512.87890625,2898597.75,354657.03125,1399331.125,3521158.75,11216331,5533.728515625,67751.734375,139428256,61656980,20914.587890625,85852.375,202152.078125,672299.75,4300.59619140625,2716477.0,1112981.625,62703.84765625,484704.3125,21049.732421875,820429.5625,693.5372314453125,423743.96875,440656.9375,235742.953125,921173.8125,69445.25,77107.6796875,17172.208984375,4152.80810546875,273567.5,14908.35546875,139859.71875,31173.6015625,401250.15625,1096358.125,58422.35546875,7248.22509765625,122293.84375,13531.3203125,602091.9375,97437,33.970699310302734,35.66300582885742,0,0,0,0,0,0,0,0,0,0,0,1,0,0,0,0,0,0,0,False,UNKNOWN,0,0,0,0,194685652,24484,0,38.21762847900391,13,,,"{'Type': 'start', 'Data_Type': 'Synthetical', 'Protocol_name': 'ABGv5-0ppb-6RH-75ccm-Anthony-Q425', 'Trial_Details': {'RH': 0, 'group': 35, 'detail': 'N/A', 'trialnum': 16, 'TrialName': '6rh', 'identifier': 'ckUf6', 'Concentration': 0}, 'Experiment_Rig': 'DA3'}",,2026-01-18 23:49:50.878,"{'cid': 'c04d07ee-94c6-44df-ad3c-f46614593299', 'uuid': '625ab483-3e03-4d85-b791-9a2f2e4ee7e1', 'annotationId': 'bed29bbe-8d3a-4751-96da-ec41fc138f11', 'name': 'CleaningCycle', 'description': 'CleaningCycle', 'labels': 'CleaningCycle', 'metadata': {'Length': 30, 'Progress': 69, 'startTime': 1768780172963, 'Notification': 'Event CleaningCycle Started.'}, 'createdAt': '2026-01-18T23:49:33.249Z', 'createdBy': '5c7b5d9f-c171-4004-a182-4277ffd4c9eb'}",29.84,20.23,1600.0,1599.73,21470060.0,1100.0,1099.73,24020116.0,0.0,570884.26,14.41,32.58,1009.51,1400.0,1400.16,22450138.0,0.0,0.02,22040109.0,2900.0,2901.77,22340093.0
0000000027-4125-asu-nz,0000000018-3024-oms-nz,CleaningCycle,bed29bbe-8d3a-4751-96da-ec41fc138f11,8431e6bd-5d3e-4c11-b2cc-504dddc0c609,1266.499267578125,481388.46875,198443.4375,8103.79736328125,7117.22119140625,25917.7265625,182859.296875,176316.421875,234231.1875,69013.890625,124314.8671875,18610.5078125,274005.375,5752.91455078125,18994.849609375,36922.90625,255059.140625,51874.859375,188538.296875,19435.97265625,6892.19140625,13178.6552734375,25908.55078125,45513.0234375,2901576.25,355552.78125,1399596.75,3522500.5,11225829,5533.74658203125,67515.296875,140176912,61465412,20916.849609375,85849.5078125,202193.78125,672204.5625,4300.17431640625,2711793.0,1110831.5,62713.1171875,485057.78125,21051.142578125,820111.625,692.517822265625,423714.875,440902.46875,235772.34375,921266.3125,69420.3828125,77126.9453125,17177.08984375,4145.06982421875,272635.1875,14889.9697265625,139141.34375,31176.08203125,401294.21875,1096213.0,58429.859375,7248.2841796875,122290.734375,13537.970703125,601529.4375,97738,33.970699310302734,35.66300582885742,0,0,0,0,0,0,0,0,0,0,0,1,0,0,0,0,0,0,0,False,UNKNOWN,0,0,0,0,194685652,24484,0,38.21762847900391,13,,,"{'Type': 'start', 'Data_Type': 'Synthetical', 'Protocol_name': 'ABGv5-0ppb-6RH-75ccm-Anthony-Q425', 'Trial_Details': {'RH': 0, 'group': 35, 'detail': 'N/A', 'trialnum': 16, 'TrialName': '6rh', 'identifier': 'ckUf6', 'Concentration': 0}, 'Experiment_Rig': 'DA3'}",,2026-01-18 23:49:51.179,"{'cid': 'c04d07ee-94c6-44df-ad3c-f46614593299', 'uuid': '625ab483-3e03-4d85-b791-9a2f2e4ee7e1', 'annotationId': 'bed29bbe-8d3a-4751-96da-ec41fc138f11', 'name': 'CleaningCycle', 'description': 'CleaningCycle', 'labels': 'CleaningCycle', 'metadata': {'Length': 30, 'Progress': 69, 'startTime': 1768780172963, 'Notification': 'Event CleaningCycle Started.'}, 'createdAt': '2026-01-18T23:49:33.249Z', 'createdBy': '5c7b5d9f-c171-4004-a182-4277ffd4c9eb'}",29.83,20.23,1600.0,1599.82,21470060.0,1100.0,1099.75,24020116.0,0.0,570494.83,14.42,32.58,1009.5,1400.0,1400.16,22450138.0,0.0,0.0,22040109.0,2900.0,2901.31,22340093.0
0000000027-4125-asu-nz,0000000018-3024-oms-nz,CleaningCycle,bed29bbe-8d3a-4751-96da-ec41fc138f11,8431e6bd-5d3e-4c11-b2cc-504dddc0c609,1267.110595703125,481153.59375,198465.875,8103.5966796875,7117.5517578125,25919.41015625,182883.90625,176319.0,233981.640625,68992.0625,124320.015625,18608.9453125,272999.8125,5759.072265625,18996.09375,36925.62109375,255000.765625,51885.890625,188185.578125,19448.990234375,6892.38232421875,13181.19921875,25906.77734375,45514.0546875,2903123.25,355757.9375,1399353.5,3522833.5,11233944,5533.44140625,67441.578125,140815472,61172228,20913.37109375,85866.78125,202146.671875,672153.625,4301.26953125,2710192.5,1112416.625,62713.921875,484815.25,21050.68359375,821056.0,692.7843627929688,423668.375,440877.8125,235767.765625,921791.125,69431.65625,77159.703125,17175.861328125,4140.7529296875,272329.1875,14898.1943359375,139514.984375,31174.86328125,401348.125,1095897.75,58431.41796875,7248.56396484375,122236.1796875,13537.7822265625,601982.875,98039,33.890113830566406,35.824180603027344,0,0,0,0,0,0,0,0,0,0,0,1,0,0,0,0,0,0,0,False,UNKNOWN,0,0,0,0,194685652,24484,0,38.21762847900391,13,,,"{'Type': 'start', 'Data_Type': 'Synthetical', 'Protocol_name': 'ABGv5-0ppb-6RH-75ccm-Anthony-Q425', 'Trial_Details': {'RH': 0, 'group': 35, 'detail': 'N/A', 'trialnum': 16, 'TrialName': '6rh', 'identifier': 'ckUf6', 'Concentration': 0}, 'Experiment_Rig': 'DA3'}",,2026-01-18 23:49:51.479,"{'cid': 'c04d07ee-94c6-44df-ad3c-f46614593299', 'uuid': '625ab483-3e03-4d85-b791-9a2f2e4ee7e1', 'annotationId': 'bed29bbe-8d3a-4751-96da-ec41fc138f11', 'name': 'CleaningCycle', 'description': 'CleaningCycle', 'labels': 'CleaningCycle', 'metadata': {'Length': 30, 'Progress': 69, 'startTime': 1768780172963, 'Notification': 'Event CleaningCycle Started.'}, 'createdAt': '2026-01-18T23:49:33.249Z', 'createdBy': '5c7b5d9f-c171-4004-a182-4277ffd4c9eb'}",29.83,20.23,1600.0,1600.29,21470060.0,1100.0,1099.78,24020116.0,0.0,570202.87,14.42,32.58,1009.5,1400.0,1400.23,22450138.0,0.0,0.01,22040109.0,2900.0,2901.09,22340093.0
0000000027-4125-asu-nz,0000000018-3024-oms-nz,CleaningCycle,bed29bbe-8d3a-4751-96da-ec41fc138f11,8431e6bd-5d3e-4c11-b2cc-504dddc0c609,1265.8929443359375,481182.1875,198471.515625,8103.94482421875,7117.1337890625,25919.47265625,182858.328125,176293.59375,233679.65625,69055.6640625,124306.3359375,18610.482421875,272239.875,5758.08837890625,18993.54296875,36925.921875,255069.40625,51891.171875,188418.640625,19431.494140625,6891.29052734375,13187.8232421875,25906.744140625,45515.734375,2901300.5,356299.4375,1397361.75,3522814.75,11237254,5533.94677734375,66868.21875,141064064,60771132,20913.7890625,85850.9140625,202162.140625,672125.9375,4301.11962890625,2707042.75,1112676.25,62722.765625,484981.1875,21051.751953125,822840.25,693.8890991210938,423927.875,440730.90625,235800.21875,922730.625,69443.7265625,77153.03125,17176.14453125,4139.94775390625,272428.71875,14893.388671875,140295.984375,31171.44140625,401581.5625,1095509.5,58438.8984375,7248.29248046875,122122.6953125,13535.0068359375,602927.8125,98340,34.05128479003906,35.743595123291016,0,0,0,0,0,0,0,0,0,0,0,1,0,0,0,0,0,0,0,False,UNKNOWN,0,0,0,0,194685652,24484,0,38.21762847900391,13,,,"{'Type': 'start', 'Data_Type': 'Synthetical', 'Protocol_name': 'ABGv5-0ppb-6RH-75ccm-Anthony-Q425', 'Trial_Details': {'RH': 0, 'group': 35, 'detail': 'N/A', 'trialnum': 16, 'TrialName': '6rh', 'identifier': 'ckUf6', 'Concentration': 0}, 'Experiment_Rig': 'DA3'}",,2026-01-18 23:49:51.780,"{'cid': 'c04d07ee-94c6-44df-ad3c-f46614593299', 'uuid': '625ab483-3e03-4d85-b791-9a2f2e4ee7e1', 'annotationId': 'bed29bbe-8d3a-4751-96da-ec41fc138f11', 'name': 'CleaningCycle', 'description': 'CleaningCycle', 'labels': 'CleaningCycle', 'metadata': {'Length': 30, 'Progress': 69, 'startTime': 1768780172963, 'Notification': 'Event CleaningCycle Started.'}, 'createdAt': '2026-01-18T23:49:33.249Z', 'createdBy': '5c7b5d9f-c171-4004-a182-4277ffd4c9eb'}",29.84,20.22,1600.0,1600.84,21470060.0,1100.0,1099.8,24020116.0,0.0,570575.14,14.42,32.58,1009.51,1400.0,1400.31,22450138.0,0.0,0.03,22040109.0,2900.0,2900.95,22340093.0
0000000027-4125-asu-nz,0000000018-3024-oms-nz,CleaningCycle,bed29bbe-8d3a-4751-96da-ec41fc138f11,8431e6bd-5d3e-4c11-b2cc-504dddc0c609,1265.34130859375,481015.71875,198463.65625,8103.81494140625,7117.2021484375,25918.134765625,182949.9375,176311.140625,233876.015625,68973.953125,124289.046875,18610.341796875,273284.90625,5779.53173828125,18989.759765625,36920.4921875,254987.859375,51885.9375,187767.421875,19441.6484375,6891.40576171875,13178.875,25905.33203125,45508.17578125,2896947.5,355409.6875,1395178.0,3521562.0,11237136,5533.6279296875,66839.421875,140988096,60398124,20912.359375,85848.796875,202208.453125,672088.6875,4301.57373046875,2704139.0,1111247.875,62723.35546875,485353.53125,21054.265625,823880.1875,693.4428100585938,424092.4375,440445.375,235797.234375,923983.625,69444.0,77167.5546875,17173.927734375,4134.7138671875,272399.75,14872.0625,140157.40625,31172.556640625,401461.5625,1095766.75,58429.27734375,7248.09228515625,122139.390625,13529.4462890625,602120.5,98641,34.05128479003906,35.743595123291016,0,0,0,0,0,0,0,0,0,0,0,1,0,0,0,0,0,0,0,False,UNKNOWN,0,0,0,0,194685652,24484,0,38.21762847900391,13,,,"{'Type': 'start', 'Data_Type': 'Synthetical', 'Protocol_name': 'ABGv5-0ppb-6RH-75ccm-Anthony-Q425', 'Trial_Details': {'RH': 0, 'group': 35, 'detail': 'N/A', 'trialnum': 16, 'TrialName': '6rh', 'identifier': 'ckUf6', 'Concentration': 0}, 'Experiment_Rig': 'DA3'}",,2026-01-18 23:49:52.082,"{'cid': 'c04d07ee-94c6-44df-ad3c-f46614593299', 'uuid': '625ab483-3e03-4d85-b791-9a2f2e4ee7e1', 'annotationId': 'bed29bbe-8d3a-4751-96da-ec41fc138f11', 'name': 'CleaningCycle', 'description': 'CleaningCycle', 'labels': 'CleaningCycle', 'metadata': {'Length': 30, 'Progress': 69, 'startTime': 1768780172963, 'Notification': 'Event CleaningCycle Started.'}, 'createdAt': '2026-01-18T23:49:33.249Z', 'createdBy': '5c7b5d9f-c171-4004-a182-4277ffd4c9eb'}",29.84,20.21,1600.0,1601.4,21470060.0,1100.0,1099.83,24020116.0,0.0,570948.65,14.43,32.58,1009.52,1400.0,1400.39,22450138.0,0.0,0.05,22040109.0,2900.0,2900.81,22340093.0
0000000027-4125-asu-nz,0000000018-3024-oms-nz,CleaningCycle,bed29bbe-8d3a-4751-96da-ec41fc138f11,8431e6bd-5d3e-4c11-b2cc-504dddc0c609,1266.724609375,480833.96875,198420.4375,8103.18896484375,7117.35546875,25918.62890625,182874.359375,176324.40625,233929.15625,69027.7734375,124283.578125,18609.1171875,272847.0,5779.26025390625,18993.126953125,36920.8828125,255298.5625,51884.19140625,188353.703125,19438.005859375,6891.7900390625,13182.0234375,25904.685546875,45511.71875,2893474.0,355673.65625,1400948.125,3520567.5,11230829,5533.21826171875,68290.6328125,140511744,60073676,20913.30078125,85868.8984375,202299.140625,672038.4375,4301.509765625,2705574.0,1111111.75,62717.3359375,485265.9375,21051.34765625,824819.4375,693.5744018554688,424246.875,440924.3125,235763.265625,924734.3125,69441.984375,77152.2734375,17172.84375,4138.99853515625,272469.625,14881.248046875,140271.28125,31179.865234375,401598.875,1096561.125,58433.5078125,7248.58740234375,122117.8046875,13533.078125,602775.375,98942,33.890113830566406,35.582420349121094,0,0,0,0,0,0,0,0,0,0,0,1,0,0,0,0,0,0,0,False,UNKNOWN,0,0,0,0,194685652,24484,0,38.21762847900391,13,,,"{'Type': 'start', 'Data_Type': 'Synthetical', 'Protocol_name': 'ABGv5-0ppb-6RH-75ccm-Anthony-Q425', 'Trial_Details': {'RH': 0, 'group': 35, 'detail': 'N/A', 'trialnum': 16, 'TrialName': '6rh', 'identifier': 'ckUf6', 'Concentration': 0}, 'Experiment_Rig': 'DA3'}",,2026-01-18 23:49:52.382,"{'cid': 'c04d07ee-94c6-44df-ad3c-f46614593299', 'uuid': '625ab483-3e03-4d85-b791-9a2f2e4ee7e1', 'annotationId': 'bed29bbe-8d3a-4751-96da-ec41fc138f11', 'name': 'CleaningCycle', 'description': 'CleaningCycle', 'labels': 'CleaningCycle', 'metadata': {'Length': 30, 'Progress': 69, 'startTime': 1768780172963, 'Notification': 'Event CleaningCycle Started.'}, 'createdAt': '2026-01-18T23:49:33.249Z', 'createdBy': '5c7b5d9f-c171-4004-a182-4277ffd4c9eb'}",29.84,20.21,1600.0,1601.46,21470060.0,1100.0,1100.0,24020116.0,0.0,571319.68,14.43,32.58,1009.52,1400.0,1400.48,22450138.0,0.0,0.06,22040109.0,2900.0,2900.61,22340093.0
0000000027-4125-asu-nz,0000000018-3024-oms-nz,CleaningCycle,bed29bbe-8d3a-4751-96da-ec41fc138f11,8431e6bd-5d3e-4c11-b2cc-504dddc0c609,1265.92578125,481060.5625,198406.5625,8103.98046875,7117.21142578125,25918.880859375,182862.859375,176309.1875,233865.359375,68991.9765625,124284.828125,18609.62109375,272734.15625,5788.52783203125,18992.60546875,36920.49609375,254847.765625,51873.40234375,188513.171875,19432.91015625,6892.111328125,13178.3388671875,25905.025390625,45507.12890625,2890281.75,356966.875,1402567.375,3519269.75,11219661,5533.66259765625,68384.5546875,139548832,59847004,20916.60546875,85873.5390625,202244.609375,672139.375,4300.20703125,2706327.25,1109209.0,62713.6875,484930.28125,21055.080078125,824225.625,693.8011474609375,424332.1875,441404.875,235763.453125,925078.1875,69472.6953125,77141.28125,17175.521484375,4139.44921875,274046.03125,14863.1826171875,139072.296875,31183.779296875,401698.21875,1097892.5,58439.56640625,7247.75830078125,122188.6171875,13529.33984375,602225.75,99243,33.890113830566406,35.66300582885742,0,0,0,0,0,0,0,0,0,0,0,1,0,0,0,0,0,0,0,False,UNKNOWN,0,0,0,0,194685652,24484,0,38.21762847900391,13,,,"{'Type': 'start', 'Data_Type': 'Synthetical', 'Protocol_name': 'ABGv5-0ppb-6RH-75ccm-Anthony-Q425', 'Trial_Details': {'RH': 0, 'group': 35, 'detail': 'N/A', 'trialnum': 16, 'TrialName': '6rh', 'identifier': 'ckUf6', 'Concentration': 0}, 'Experiment_Rig': 'DA3'}",,2026-01-18 23:49:52.685,"{'cid': 'c04d07ee-94c6-44df-ad3c-f46614593299', 'uuid': '625ab483-3e03-4d85-b791-9a2f2e4ee7e1', 'annotationId': 'bed29bbe-8d3a-4751-96da-ec41fc138f11', 'name': 'CleaningCycle', 'description': 'CleaningCycle', 'labels': 'CleaningCycle', 'metadata': {'Length': 30, 'Progress': 69, 'startTime': 1768780172963, 'Notification': 'Event CleaningCycle Started.'}, 'createdAt': '2026-01-18T23:49:33.249Z', 'createdBy': '5c7b5d9f-c171-4004-a182-4277ffd4c9eb'}",29.83,20.2,1600.0,1601.01,21470060.0,1100.0,1100.39,24020116.0,0.0,571694.96,14.43,32.58,1009.53,1400.0,1400.56,22450138.0,0.0,0.05,22040109.0,2900.0,2900.32,22340093.0
0000000027-4125-asu-nz,0000000018-3024-oms-nz,CleaningCycle,bed29bbe-8d3a-4751-96da-ec41fc138f11,8431e6bd-5d3e-4c11-b2cc-504dddc0c609,1266.748291015625,481203.6875,198369.65625,8103.74072265625,7117.39697265625,25916.314453125,182764.3125,176305.3125,233700.296875,68938.8671875,124270.7109375,18609.8984375,272063.4375,5766.81689453125,18993.224609375,36916.05078125,255079.5625,51884.62890625,189412.484375,19443.1796875,6892.22998046875,13186.9248046875,25905.234375,45505.52734375,2887880.25,355560.0625,1400587.625,3517929.0,11208193,5534.17626953125,69361.8203125,138551440,59740180,20915.84375,85874.3359375,202314.953125,672350.0,4300.63525390625,2709927.0,1108191.875,62711.88671875,484981.15625,21055.09375,824578.375,692.5870971679688,423870.625,441418.5625,235729.71875,925326.8125,69472.234375,77132.40625,17171.265625,4146.0107421875,274366.6875,14859.8330078125,139198.25,31185.865234375,401621.25,1098869.5,58439.125,7247.95458984375,122479.0,13527.3173828125,602164.0,99544,33.970699310302734,35.34066390991211,0,0,0,0,0,0,0,0,0,0,0,1,0,0,0,0,0,0,0,False,UNKNOWN,0,0,0,0,194685652,24484,0,38.21762847900391,13,,,"{'Type': 'start', 'Data_Type': 'Synthetical', 'Protocol_name': 'ABGv5-0ppb-6RH-75ccm-Anthony-Q425', 'Trial_Details': {'RH': 0, 'group': 35, 'detail': 'N/A', 'trialnum': 16, 'TrialName': '6rh', 'identifier': 'ckUf6', 'Concentration': 0}, 'Experiment_Rig': 'DA3'}",,2026-01-18 23:49:52.985,"{'cid': 'c04d07ee-94c6-44df-ad3c-f46614593299', 'uuid': '625ab483-3e03-4d85-b791-9a2f2e4ee7e1', 'annotationId': 'bed29bbe-8d3a-4751-96da-ec41fc138f11', 'name': 'CleaningCycle', 'description': 'CleaningCycle', 'labels': 'CleaningCycle', 'metadata': {'Length': 30, 'Progress': 69, 'startTime': 1768780172963, 'Notification': 'Event CleaningCycle Started.'}, 'createdAt': '2026-01-18T23:49:33.249Z', 'createdBy': '5c7b5d9f-c171-4004-a182-4277ffd4c9eb'}",29.83,20.19,1600.0,1600.55,21470060.0,1100.0,1100.77,24020116.0,0.0,572067.85,14.43,32.58,1009.53,1400.0,1400.64,22450138.0,0.0,0.05,22040109.0,2900.0,2900.03,22340093.0
0000000027-4125-asu-nz,0000000018-3024-oms-nz,CleaningCycle,bed29bbe-8d3a-4751-96da-ec41fc138f11,8431e6bd-5d3e-4c11-b2cc-504dddc0c609,1266.7244873046875,480845.21875,198339.21875,8104.39892578125,7117.45361328125,25915.580078125,182810.609375,176286.53125,233582.515625,68971.25,124276.125,18609.96484375,272137.53125,5768.98681640625,18992.076171875,36913.96484375,254705.875,51868.0703125,189542.359375,19431.5,6892.45751953125,13179.662109375,25905.095703125,45508.12109375,2885374.25,356105.8125,1400008.5,3516466.0,11195971,5534.75146484375,68546.9375,137682560,59813452,20916.708984375,85886.5,202297.65625,672497.875,4302.03173828125,2712472.75,1109546.875,62701.79296875,484427.75,21053.31640625,824515.375,693.2874755859375,424023.1875,441198.15625,235710.890625,925509.8125,69477.15625,77108.375,17175.421875,4140.17724609375,274336.28125,14879.953125,138844.921875,31188.4140625,401745.1875,1099294.0,58430.73046875,7248.40087890625,122231.375,13528.6474609375,601937.375,99845,33.890113830566406,35.66300582885742,0,0,0,0,0,0,0,0,0,0,0,1,0,0,0,0,0,0,0,False,UNKNOWN,0,0,0,0,194685652,24484,0,38.21762847900391,13,,,"{'Type': 'start', 'Data_Type': 'Synthetical', 'Protocol_name': 'ABGv5-0ppb-6RH-75ccm-Anthony-Q425', 'Trial_Details': {'RH': 0, 'group': 35, 'detail': 'N/A', 'trialnum': 16, 'TrialName': '6rh', 'identifier': 'ckUf6', 'Concentration': 0}, 'Experiment_Rig': 'DA3'}",,2026-01-18 23:49:53.292,"{'cid': 'c04d07ee-94c6-44df-ad3c-f46614593299', 'uuid': '625ab483-3e03-4d85-b791-9a2f2e4ee7e1', 'annotationId': 'bed29bbe-8d3a-4751-96da-ec41fc138f11', 'name': 'CleaningCycle', 'description': 'CleaningCycle', 'labels': 'CleaningCycle', 'metadata': {'Length': 30, 'Progress': 69, 'startTime': 1768780172963, 'Notification': 'Event CleaningCycle Started.'}, 'createdAt': '2026-01-18T23:49:33.249Z', 'createdBy': '5c7b5d9f-c171-4004-a182-4277ffd4c9eb'}",29.82,20.18,1600.0,1600.15,21470060.0,1100.0,1101.07,24020116.0,0.0,572449.45,14.44,32.58,1009.54,1400.0,1400.7,22450138.0,0.0,0.04,22040109.0,2900.0,2899.76,22340093.0
0000000027-4125-asu-nz,0000000018-3024-oms-nz,CleaningCycle,bed29bbe-8d3a-4751-96da-ec41fc138f11,8431e6bd-5d3e-4c11-b2cc-504dddc0c609,1265.7181396484375,481246.1875,198337.96875,8103.29150390625,7117.93359375,25915.029296875,182805.828125,176266.6875,233790.328125,68976.15625,124290.0390625,18607.47265625,271381.75,5766.3701171875,18993.904296875,36914.6015625,254677.53125,51888.71484375,188762.390625,19449.849609375,6892.95703125,13184.724609375,25907.251953125,45511.56640625,2884886.25,355452.9375,1397965.875,3514813.25,11186258,5534.39990234375,68659.9375,136916432,59845580,20917.267578125,85873.7265625,202282.921875,672484.0625,4300.232421875,2712556.0,1111339.25,62690.94921875,483984.9375,21050.373046875,824701.75,693.2406616210938,423970.5625,441094.21875,235698.03125,925292.375,69471.296875,77147.234375,17172.703125,4137.57763671875,274548.21875,14865.494140625,139010.8125,31187.7421875,401647.46875,1099896.625,58437.79296875,7247.85205078125,122253.0859375,13532.666015625,602375.0,100147,33.970699310302734,35.42124938964844,0,0,0,0,0,0,0,0,0,0,0,1,0,0,0,0,0,0,0,False,UNKNOWN,0,0,0,0,194685652,24484,0,38.21762847900391,13,,,"{'Type': 'start', 'Data_Type': 'Synthetical', 'Protocol_name': 'ABGv5-0ppb-6RH-75ccm-Anthony-Q425', 'Trial_Details': {'RH': 0, 'group': 35, 'detail': 'N/A', 'trialnum': 16, 'TrialName': '6rh', 'identifier': 'ckUf6', 'Concentration': 0}, 'Experiment_Rig': 'DA3'}",,2026-01-18 23:49:53.589,"{'cid': 'c04d07ee-94c6-44df-ad3c-f46614593299', 'uuid': '625ab483-3e03-4d85-b791-9a2f2e4ee7e1', 'annotationId': 'bed29bbe-8d3a-4751-96da-ec41fc138f11', 'name': 'CleaningCycle', 'description': 'CleaningCycle', 'labels': 'CleaningCycle', 'metadata': {'Length': 30, 'Progress': 69, 'startTime': 1768780172963, 'Notification': 'Event CleaningCycle Started.'}, 'createdAt': '2026-01-18T23:49:33.249Z', 'createdBy': '5c7b5d9f-c171-4004-a182-4277ffd4c9eb'}",29.82,20.18,1600.0,1600.11,21470060.0,1100.0,1100.57,24020116.0,0.0,572818.62,14.44,32.58,1009.54,1400.0,1400.56,22450138.0,0.0,0.05,22040109.0,2900.0,2899.76,22340093.0
0000000027-4125-asu-nz,0000000018-3024-oms-nz,CleaningCycle,bed29bbe-8d3a-4751-96da-ec41fc138f11,8431e6bd-5d3e-4c11-b2cc-504dddc0c609,1265.822998046875,481340.15625,198345.296875,8103.7353515625,7117.1826171875,25915.330078125,182762.703125,176264.390625,233390.328125,68900.984375,124284.0546875,18609.21484375,271218.15625,5763.81005859375,18992.537109375,36918.7578125,254911.140625,51884.67578125,189227.265625,19447.369140625,6892.41455078125,13173.341796875,25907.421875,45514.4453125,2884191.5,356206.0,1399276.75,3513747.25,11180435,5534.138671875,67928.1953125,136576576,60137252,20916.671875,85896.28125,202332.5,672609.75,4301.3759765625,2711111.0,1108950.75,62696.1875,484134.4375,21051.96875,824429.6875,693.4244995117188,423911.90625,441186.84375,235660.578125,925000.0625,69472.0234375,77177.9140625,17171.75,4142.84423828125,273089.59375,14869.7236328125,139065.890625,31189.6953125,401663.34375,1100606.75,58449.41015625,7248.08642578125,122198.65625,13530.46875,602569.625,100449,33.890113830566406,35.66300582885742,0,0,0,0,0,0,0,0,0,0,0,1,0,0,0,0,0,0,0,False,UNKNOWN,0,0,0,0,194685652,24484,0,38.21762847900391,13,,,"{'Type': 'start', 'Data_Type': 'Synthetical', 'Protocol_name': 'ABGv5-0ppb-6RH-75ccm-Anthony-Q425', 'Trial_Details': {'RH': 0, 'group': 35, 'detail': 'N/A', 'trialnum': 16, 'TrialName': '6rh', 'identifier': 'ckUf6', 'Concentration': 0}, 'Experiment_Rig': 'DA3'}",,2026-01-18 23:49:53.893,"{'cid': 'c04d07ee-94c6-44df-ad3c-f46614593299', 'uuid': '625ab483-3e03-4d85-b791-9a2f2e4ee7e1', 'annotationId': 'bed29bbe-8d3a-4751-96da-ec41fc138f11', 'name': 'CleaningCycle', 'description': 'CleaningCycle', 'labels': 'CleaningCycle', 'metadata': {'Length': 30, 'Progress': 69, 'startTime': 1768780172963, 'Notification': 'Event CleaningCycle Started.'}, 'createdAt': '2026-01-18T23:49:33.249Z', 'createdBy': '5c7b5d9f-c171-4004-a182-4277ffd4c9eb'}",29.83,20.19,1600.0,1600.06,21470060.0,1100.0,1100.07,24020116.0,0.0,572914.45,14.44,32.58,1009.54,1400.0,1400.42,22450138.0,0.0,0.05,22040109.0,2900.0,2899.76,22340093.0
0000000027-4125-asu-nz,0000000018-3024-oms-nz,CleaningCycle,bed29bbe-8d3a-4751-96da-ec41fc138f11,8431e6bd-5d3e-4c11-b2cc-504dddc0c609,1267.0302734375,480693.1875,198351.28125,8103.56494140625,7117.75,25914.31640625,182699.109375,176264.578125,233264.421875,69036.875,124283.71875,18609.923828125,271726.625,5770.95947265625,18992.0078125,36926.2890625,254788.515625,51889.609375,189495.28125,19438.515625,6892.31103515625,13166.0927734375,25908.76171875,45518.6484375,2885388.25,355924.09375,1398653.875,3514572.5,11175849,5534.11181640625,67781.234375,136214736,60455920,20913.626953125,85889.1328125,202334.859375,672686.4375,4301.58984375,2712273.5,1107512.875,62693.46484375,483905.125,21053.484375,824138.0625,693.9494018554688,423470.9375,441242.3125,235663.765625,924172.3125,69459.78125,77153.2578125,17176.31640625,4137.3505859375,272493.90625,14878.9267578125,138953.65625,31186.98046875,401781.6875,1100535.125,58444.0,7248.306640625,122152.125,13536.9609375,602561.625,100748,33.80952835083008,35.582420349121094,0,0,0,0,0,0,0,0,0,0,0,1,0,0,0,0,0,0,0,False,UNKNOWN,0,0,0,0,194690667,24484,0,37.00974655151367,13,,,"{'Type': 'start', 'Data_Type': 'Synthetical', 'Protocol_name': 'ABGv5-0ppb-6RH-75ccm-Anthony-Q425', 'Trial_Details': {'RH': 0, 'group': 35, 'detail': 'N/A', 'trialnum': 16, 'TrialName': '6rh', 'identifier': 'ckUf6', 'Concentration': 0}, 'Experiment_Rig': 'DA3'}",,2026-01-18 23:49:54.190,"{'cid': 'c04d07ee-94c6-44df-ad3c-f46614593299', 'uuid': '625ab483-3e03-4d85-b791-9a2f2e4ee7e1', 'annotationId': 'bed29bbe-8d3a-4751-96da-ec41fc138f11', 'name': 'CleaningCycle', 'description': 'CleaningCycle', 'labels': 'CleaningCycle', 'metadata': {'Length': 30, 'Progress': 69, 'startTime': 1768780172963, 'Notification': 'Event CleaningCycle Started.'}, 'createdAt': '2026-01-18T23:49:33.249Z', 'createdBy': '5c7b5d9f-c171-4004-a182-4277ffd4c9eb'}",29.83,20.19,1600.0,1600.01,21470060.0,1100.0,1099.57,24020116.0,0.0,572667.71,14.45,32.58,1009.54,1400.0,1400.28,22450138.0,0.0,0.05,22040109.0,2900.0,2899.76,22340093.0
0000000027-4125-asu-nz,0000000018-3024-oms-nz,CleaningCycle,bed29bbe-8d3a-4751-96da-ec41fc138f11,8431e6bd-5d3e-4c11-b2cc-504dddc0c609,1266.13525390625,480671.21875,198338.78125,8103.53759765625,7118.0068359375,25913.44140625,182725.484375,176272.5625,233531.0625,68981.1328125,124308.4453125,18608.892578125,272501.03125,5761.798828125,18992.66796875,36925.19921875,254758.9375,51884.82421875,189214.125,19424.900390625,6892.30322265625,13158.978515625,25909.921875,45517.6796875,2888179.0,354894.875,1398443.5,3516278.5,11176732,5534.70751953125,68100.578125,136389536,60818712,20916.06640625,85873.8515625,202355.140625,672768.625,4301.3017578125,2709137.0,1107796.625,62692.88671875,484388.84375,21051.982421875,823085.8125,693.5682373046875,423392.4375,441150.9375,235657.359375,923144.625,69463.5078125,77166.40625,17175.068359375,4149.6806640625,272096.59375,14875.6865234375,139010.40625,31186.1640625,401550.1875,1099940.0,58439.20703125,7247.57666015625,122026.1328125,13537.1474609375,603364.25,101049,34.05128479003906,35.582420349121094,0,0,0,0,0,0,0,0,0,0,0,1,0,0,0,0,0,0,0,False,UNKNOWN,0,0,0,0,194690667,24484,0,37.00974655151367,13,,,"{'Type': 'start', 'Data_Type': 'Synthetical', 'Protocol_name': 'ABGv5-0ppb-6RH-75ccm-Anthony-Q425', 'Trial_Details': {'RH': 0, 'group': 35, 'detail': 'N/A', 'trialnum': 16, 'TrialName': '6rh', 'identifier': 'ckUf6', 'Concentration': 0}, 'Experiment_Rig': 'DA3'}",,2026-01-18 23:49:54.491,"{'cid': 'c04d07ee-94c6-44df-ad3c-f46614593299', 'uuid': '625ab483-3e03-4d85-b791-9a2f2e4ee7e1', 'annotationId': 'bed29bbe-8d3a-4751-96da-ec41fc138f11', 'name': 'CleaningCycle', 'description': 'CleaningCycle', 'labels': 'CleaningCycle', 'metadata': {'Length': 30, 'Progress': 69, 'startTime': 1768780172963, 'Notification': 'Event CleaningCycle Started.'}, 'createdAt': '2026-01-18T23:49:33.249Z', 'createdBy': '5c7b5d9f-c171-4004-a182-4277ffd4c9eb'}",29.83,20.19,1600.0,1599.94,21470060.0,1100.0,1099.63,24020116.0,0.0,572417.65,14.45,32.58,1009.55,1400.0,1400.17,22450138.0,0.0,0.06,22040109.0,2900.0,2900.07,22340093.0
0000000027-4125-asu-nz,0000000018-3024-oms-nz,CleaningCycle,bed29bbe-8d3a-4751-96da-ec41fc138f11,8431e6bd-5d3e-4c11-b2cc-504dddc0c609,1266.0704345703125,481447.96875,198360.84375,8103.86279296875,7117.9365234375,25917.24609375,182755.09375,176305.609375,233457.328125,69018.4140625,124328.484375,18608.10546875,272917.125,5767.72265625,18994.931640625,36941.12109375,255000.921875,51899.109375,189104.765625,19437.048828125,6892.421875,13176.2060546875,25909.599609375,45515.30078125,2890522.75,355772.59375,1396102.875,3518060.25,11189399,5534.18896484375,68010.4765625,137118112,61033684,20915.880859375,85844.2578125,202252.109375,672541.125,4300.64013671875,2709041.0,1105992.0,62689.01171875,484342.34375,21052.578125,822195.8125,693.0952758789062,423479.1875,441147.5625,235693.140625,922565.25,69449.953125,77149.296875,17173.169921875,4138.4814453125,272182.8125,14886.1181640625,139346.921875,31180.521484375,401459.0625,1098923.5,58438.65234375,7247.9052734375,122151.5390625,13532.6015625,601969.125,101351,33.890113830566406,35.582420349121094,0,0,0,0,0,0,0,0,0,0,0,1,0,0,0,0,0,0,0,False,UNKNOWN,0,0,0,0,194690667,24484,0,37.00974655151367,13,,,"{'Type': 'start', 'Data_Type': 'Synthetical', 'Protocol_name': 'ABGv5-0ppb-6RH-75ccm-Anthony-Q425', 'Trial_Details': {'RH': 0, 'group': 35, 'detail': 'N/A', 'trialnum': 16, 'TrialName': '6rh', 'identifier': 'ckUf6', 'Concentration': 0}, 'Experiment_Rig': 'DA3'}",,2026-01-18 23:49:54.792,"{'cid': 'c04d07ee-94c6-44df-ad3c-f46614593299', 'uuid': '625ab483-3e03-4d85-b791-9a2f2e4ee7e1', 'annotationId': 'bed29bbe-8d3a-4751-96da-ec41fc138f11', 'name': 'CleaningCycle', 'description': 'CleaningCycle', 'labels': 'CleaningCycle', 'metadata': {'Length': 30, 'Progress': 69, 'startTime': 1768780172963, 'Notification': 'Event CleaningCycle Started.'}, 'createdAt': '2026-01-18T23:49:33.249Z', 'createdBy': '5c7b5d9f-c171-4004-a182-4277ffd4c9eb'}",29.82,20.18,1600.0,1599.87,21470060.0,1100.0,1099.9,24020116.0,0.0,572167.58,14.46,32.58,1009.55,1400.0,1400.07,22450138.0,0.0,0.05,22040109.0,2900.0,2900.53,22340093.0
0000000027-4125-asu-nz,0000000018-3024-oms-nz,CleaningCycle,bed29bbe-8d3a-4751-96da-ec41fc138f11,8431e6bd-5d3e-4c11-b2cc-504dddc0c609,1267.282958984375,481872.9375,198392.875,8103.580078125,7118.00732421875,25917.306640625,182827.84375,176326.796875,233596.09375,69016.234375,124344.375,18608.05078125,272643.3125,5748.6103515625,18995.728515625,36940.94140625,254817.703125,51904.40234375,189192.953125,19433.525390625,6892.517578125,13173.75390625,25908.943359375,45517.4921875,2892668.0,356619.34375,1399148.0,3519778.5,11198263,5534.6103515625,70050.7734375,137750320,61254552,20916.6953125,85853.484375,202261.40625,672484.25,4300.77490234375,2708318.0,1105991.25,62692.83203125,484097.53125,21050.828125,822304.875,693.3268432617188,423410.46875,441336.15625,235691.625,922052.0625,69449.015625,77123.3046875,17174.380859375,4145.70068359375,272065.125,14897.2626953125,139101.171875,31177.44921875,401306.78125,1097994.75,58433.40625,7247.95458984375,122000.75,13531.912109375,602627.5625,101651,33.970699310302734,35.743595123291016,0,0,0,0,0,0,0,0,0,0,0,1,0,0,0,0,0,0,0,False,UNKNOWN,0,0,0,0,194690667,24484,0,37.00974655151367,13,,,"{'Type': 'start', 'Data_Type': 'Synthetical', 'Protocol_name': 'ABGv5-0ppb-6RH-75ccm-Anthony-Q425', 'Trial_Details': {'RH': 0, 'group': 35, 'detail': 'N/A', 'trialnum': 16, 'TrialName': '6rh', 'identifier': 'ckUf6', 'Concentration': 0}, 'Experiment_Rig': 'DA3'}",,2026-01-18 23:49:55.093,"{'cid': 'c04d07ee-94c6-44df-ad3c-f46614593299', 'uuid': '625ab483-3e03-4d85-b791-9a2f2e4ee7e1', 'annotationId': 'bed29bbe-8d3a-4751-96da-ec41fc138f11', 'name': 'CleaningCycle', 'description': 'CleaningCycle', 'labels': 'CleaningCycle', 'metadata': {'Length': 30, 'Progress': 69, 'startTime': 1768780172963, 'Notification': 'Event CleaningCycle Started.'}, 'createdAt': '2026-01-18T23:49:33.249Z', 'createdBy': '5c7b5d9f-c171-4004-a182-4277ffd4c9eb'}",29.82,20.17,1600.0,1599.8,21470060.0,1100.0,1100.16,24020116.0,0.0,572894.35,14.46,32.58,1009.55,1400.0,1399.98,22450138.0,0.0,0.05,22040109.0,2900.0,2900.98,22340093.0
0000000027-4125-asu-nz,0000000018-3024-oms-nz,CleaningCycle,bed29bbe-8d3a-4751-96da-ec41fc138f11,8431e6bd-5d3e-4c11-b2cc-504dddc0c609,1266.8408203125,481259.1875,198397.96875,8103.25048828125,7117.64990234375,25918.509765625,182913.984375,176330.78125,233734.609375,68900.203125,124335.2421875,18608.421875,271961.03125,5752.099609375,18994.37109375,36932.39453125,254544.8125,51905.5,190426.5625,19436.640625,6892.52490234375,13167.2158203125,25909.939453125,45516.88671875,2894286.25,356272.6875,1397220.75,3521029.0,11209699,5534.759765625,67233.8515625,138809760,61322028,20913.873046875,85871.9140625,202215.953125,672319.0625,4301.89208984375,2705886.75,1106686.875,62698.8828125,484381.96875,21053.90625,823250.9375,693.722900390625,423574.5,441045.1875,235713.265625,921600.3125,69483.2578125,77158.0,17175.70703125,4140.71875,272173.15625,14883.654296875,139782.25,31178.39453125,401172.25,1097187.125,58435.421875,7247.97607421875,121938.125,13536.1171875,601861.125,101952,33.80952835083008,35.582420349121094,0,0,0,0,0,0,0,0,0,0,0,1,0,0,0,0,0,0,0,False,UNKNOWN,0,0,0,0,194690667,24484,0,37.00974655151367,13,,,"{'Type': 'start', 'Data_Type': 'Synthetical', 'Protocol_name': 'ABGv5-0ppb-6RH-75ccm-Anthony-Q425', 'Trial_Details': {'RH': 0, 'group': 35, 'detail': 'N/A', 'trialnum': 16, 'TrialName': '6rh', 'identifier': 'ckUf6', 'Concentration': 0}, 'Experiment_Rig': 'DA3'}",,2026-01-18 23:49:55.392,"{'cid': 'c04d07ee-94c6-44df-ad3c-f46614593299', 'uuid': '625ab483-3e03-4d85-b791-9a2f2e4ee7e1', 'annotationId': 'bed29bbe-8d3a-4751-96da-ec41fc138f11', 'name': 'CleaningCycle', 'description': 'CleaningCycle', 'labels': 'CleaningCycle', 'metadata': {'Length': 30, 'Progress': 69, 'startTime': 1768780172963, 'Notification': 'Event CleaningCycle Started.'}, 'createdAt': '2026-01-18T23:49:33.249Z', 'createdBy': '5c7b5d9f-c171-4004-a182-4277ffd4c9eb'}",29.82,20.17,1600.0,1599.85,21470060.0,1100.0,1100.32,24020116.0,0.0,574268.58,14.46,32.58,1009.54,1400.0,1399.97,22450138.0,0.0,0.06,22040109.0,2900.0,2901.07,22340093.0
0000000027-4125-asu-nz,0000000018-3024-oms-nz,CleaningCycle,bed29bbe-8d3a-4751-96da-ec41fc138f11,8431e6bd-5d3e-4c11-b2cc-504dddc0c609,1267.3060302734375,481246.71875,198398.265625,8104.1083984375,7117.50341796875,25917.78125,182987.671875,176344.640625,233600.546875,68954.328125,124331.8046875,18607.708984375,272306.21875,5763.83935546875,18992.12109375,36928.7734375,254591.4375,51888.83984375,190700.859375,19439.51171875,6892.03369140625,13167.2421875,25909.20703125,45512.73046875,2896310.0,355717.3125,1394696.625,3522254.5,11221974,5534.12353515625,69063.78125,139879120,61263076,20914.27734375,85871.40625,202216.53125,672211.4375,4300.4794921875,2702403.25,1108357.625,62699.6875,484740.0625,21055.033203125,823426.0,692.7932739257812,423811.4375,441853.8125,235715.390625,921481.6875,69493.375,77163.28125,17178.81640625,4144.93994140625,272250.84375,14878.216796875,139453.203125,31177.572265625,401301.875,1096511.125,58430.2265625,7248.15087890625,121980.1640625,13535.642578125,601940.0,102253,33.890113830566406,35.582420349121094,0,0,0,0,0,0,0,0,0,0,0,1,0,0,0,0,0,0,0,False,UNKNOWN,0,0,0,0,194690667,24484,0,37.00974655151367,13,,,"{'Type': 'start', 'Data_Type': 'Synthetical', 'Protocol_name': 'ABGv5-0ppb-6RH-75ccm-Anthony-Q425', 'Trial_Details': {'RH': 0, 'group': 35, 'detail': 'N/A', 'trialnum': 16, 'TrialName': '6rh', 'identifier': 'ckUf6', 'Concentration': 0}, 'Experiment_Rig': 'DA3'}",,2026-01-18 23:49:55.694,"{'cid': 'c04d07ee-94c6-44df-ad3c-f46614593299', 'uuid': '625ab483-3e03-4d85-b791-9a2f2e4ee7e1', 'annotationId': 'bed29bbe-8d3a-4751-96da-ec41fc138f11', 'name': 'CleaningCycle', 'description': 'CleaningCycle', 'labels': 'CleaningCycle', 'metadata': {'Length': 30, 'Progress': 69, 'startTime': 1768780172963, 'Notification': 'Event CleaningCycle Started.'}, 'createdAt': '2026-01-18T23:49:33.249Z', 'createdBy': '5c7b5d9f-c171-4004-a182-4277ffd4c9eb'}",29.82,20.18,1600.0,1600.07,21470060.0,1100.0,1100.32,24020116.0,0.0,575656.59,14.47,32.57,1009.53,1400.0,1400.12,22450138.0,0.0,0.07,22040109.0,2900.0,2900.45,22340093.0
0000000027-4125-asu-nz,0000000018-3024-oms-nz,CleaningCycle,bed29bbe-8d3a-4751-96da-ec41fc138f11,8431e6bd-5d3e-4c11-b2cc-504dddc0c609,1266.5091552734375,481033.5625,198382.46875,8103.99072265625,7117.2607421875,25918.990234375,182903.28125,176351.28125,233465.140625,68892.6796875,124349.7734375,18609.263671875,273458.65625,5766.64501953125,18997.357421875,36928.2265625,254708.0,51888.125,189945.59375,19436.431640625,6891.9716796875,13176.6904296875,25908.810546875,45512.94921875,2899175.25,355382.25,1398006.75,3523586.0,11231354,5533.728515625,69085.328125,140558656,61044124,20912.044921875,85866.7265625,202285.6875,672120.3125,4300.0712890625,2699482.25,1108377.125,62701.48828125,484635.78125,21058.31640625,822794.6875,692.9204711914062,424027.71875,441472.1875,235772.296875,921793.125,69521.3046875,77138.265625,17177.259765625,4148.4111328125,273423.46875,14912.412109375,138904.234375,31177.603515625,401330.9375,1095927.875,58434.359375,7247.640625,122047.1640625,13532.0166015625,601470.75,102554,34.05128479003906,35.743595123291016,0,0,0,0,0,0,0,0,0,0,0,1,0,0,0,0,0,0,0,False,UNKNOWN,0,0,0,0,194690667,24484,0,37.00974655151367,13,,,"{'Type': 'start', 'Data_Type': 'Synthetical', 'Protocol_name': 'ABGv5-0ppb-6RH-75ccm-Anthony-Q425', 'Trial_Details': {'RH': 0, 'group': 35, 'detail': 'N/A', 'trialnum': 16, 'TrialName': '6rh', 'identifier': 'ckUf6', 'Concentration': 0}, 'Experiment_Rig': 'DA3'}",,2026-01-18 23:49:55.995,"{'cid': 'c04d07ee-94c6-44df-ad3c-f46614593299', 'uuid': '625ab483-3e03-4d85-b791-9a2f2e4ee7e1', 'annotationId': 'bed29bbe-8d3a-4751-96da-ec41fc138f11', 'name': 'CleaningCycle', 'description': 'CleaningCycle', 'labels': 'CleaningCycle', 'metadata': {'Length': 30, 'Progress': 69, 'startTime': 1768780172963, 'Notification': 'Event CleaningCycle Started.'}, 'createdAt': '2026-01-18T23:49:33.249Z', 'createdBy': '5c7b5d9f-c171-4004-a182-4277ffd4c9eb'}",29.82,20.19,1600.0,1600.28,21470060.0,1100.0,1100.32,24020116.0,0.0,577040.01,14.47,32.57,1009.52,1400.0,1400.26,22450138.0,0.0,0.08,22040109.0,2900.0,2899.83,22340093.0
0000000027-4125-asu-nz,0000000018-3024-oms-nz,CleaningCycle,bed29bbe-8d3a-4751-96da-ec41fc138f11,8431e6bd-5d3e-4c11-b2cc-504dddc0c609,1266.8468017578125,481017.03125,198381.96875,8104.123046875,7117.50732421875,25918.724609375,182973.875,176342.5625,233493.28125,68910.1171875,124339.8046875,18607.37890625,272810.78125,5776.62060546875,18997.650390625,36935.74609375,253959.375,51893.90625,190294.15625,19436.44921875,6891.73876953125,13180.7646484375,25908.375,45511.88671875,2900671.75,354748.21875,1398893.75,3524441.75,11238735,5534.048828125,68906.4921875,141189056,60764476,20910.755859375,85867.6875,202195.265625,672112.4375,4299.6630859375,2700833.5,1106532.0,62716.1484375,484741.3125,21054.90625,823736.375,693.026611328125,424137.96875,441820.1875,235765.09375,922501.5,69518.5703125,77147.4921875,17175.0,4135.73974609375,274069.3125,14897.5244140625,139069.359375,31177.630859375,401265.75,1095878.125,58435.25390625,7247.955078125,122089.71875,13541.3359375,601716.0,102855,33.80952835083008,35.66300582885742,0,0,0,0,0,0,0,0,0,0,0,1,0,0,0,0,0,0,0,False,UNKNOWN,0,0,0,0,194690667,24484,0,37.00974655151367,13,,,"{'Type': 'start', 'Data_Type': 'Synthetical', 'Protocol_name': 'ABGv5-0ppb-6RH-75ccm-Anthony-Q425', 'Trial_Details': {'RH': 0, 'group': 35, 'detail': 'N/A', 'trialnum': 16, 'TrialName': '6rh', 'identifier': 'ckUf6', 'Concentration': 0}, 'Experiment_Rig': 'DA3'}",,2026-01-18 23:49:56.299,"{'cid': 'c04d07ee-94c6-44df-ad3c-f46614593299', 'uuid': '625ab483-3e03-4d85-b791-9a2f2e4ee7e1', 'annotationId': 'bed29bbe-8d3a-4751-96da-ec41fc138f11', 'name': 'CleaningCycle', 'description': 'CleaningCycle', 'labels': 'CleaningCycle', 'metadata': {'Length': 30, 'Progress': 69, 'startTime': 1768780172963, 'Notification': 'Event CleaningCycle Started.'}, 'createdAt': '2026-01-18T23:49:33.249Z', 'createdBy': '5c7b5d9f-c171-4004-a182-4277ffd4c9eb'}",29.82,20.2,1600.0,1600.43,21470060.0,1100.0,1100.32,24020116.0,0.0,576989.44,14.47,32.57,1009.52,1400.0,1400.4,22450138.0,0.0,0.09,22040109.0,2900.0,2899.2,22340093.0
0000000027-4125-asu-nz,0000000018-3024-oms-nz,CleaningCycle,bed29bbe-8d3a-4751-96da-ec41fc138f11,8431e6bd-5d3e-4c11-b2cc-504dddc0c609,1266.416015625,480968.625,198389.625,8104.07275390625,7117.09375,25919.658203125,183002.296875,176330.859375,233540.34375,68931.2578125,124329.53125,18609.73046875,271523.9375,5767.306640625,18997.111328125,36921.765625,254214.09375,51876.6171875,190311.234375,19439.970703125,6891.46240234375,13174.677734375,25905.40625,45507.203125,2899461.0,354955.28125,1397880.375,3524595.75,11242267,5534.71044921875,69711.8828125,141518512,60397692,20913.775390625,85863.4765625,202251.71875,672134.25,4301.76171875,2700044.75,1107026.625,62719.8828125,484804.875,21053.533203125,824112.625,693.0366821289062,424419.53125,441927.8125,235777.921875,923454.125,69478.4921875,77148.9453125,17171.98828125,4141.7109375,274282.0625,14906.1953125,138771.578125,31178.666015625,401513.375,1096033.375,58438.63671875,7247.9658203125,122117.171875,13529.3115234375,602033.5,103156,33.890113830566406,35.582420349121094,0,0,0,0,0,0,0,0,0,0,0,1,0,0,0,0,0,0,0,False,UNKNOWN,0,0,0,0,194690667,24484,0,37.00974655151367,13,,,"{'Type': 'start', 'Data_Type': 'Synthetical', 'Protocol_name': 'ABGv5-0ppb-6RH-75ccm-Anthony-Q425', 'Trial_Details': {'RH': 0, 'group': 35, 'detail': 'N/A', 'trialnum': 16, 'TrialName': '6rh', 'identifier': 'ckUf6', 'Concentration': 0}, 'Experiment_Rig': 'DA3'}",,2026-01-18 23:49:56.597,"{'cid': 'c04d07ee-94c6-44df-ad3c-f46614593299', 'uuid': '625ab483-3e03-4d85-b791-9a2f2e4ee7e1', 'annotationId': 'bed29bbe-8d3a-4751-96da-ec41fc138f11', 'name': 'CleaningCycle', 'description': 'CleaningCycle', 'labels': 'CleaningCycle', 'metadata': {'Length': 30, 'Progress': 69, 'startTime': 1768780172963, 'Notification': 'Event CleaningCycle Started.'}, 'createdAt': '2026-01-18T23:49:33.249Z', 'createdBy': '5c7b5d9f-c171-4004-a182-4277ffd4c9eb'}",29.82,20.19,1600.0,1599.94,21470060.0,1100.0,1100.25,24020116.0,0.0,576466.8,14.47,32.57,1009.52,1400.0,1400.3,22450138.0,0.0,0.06,22040109.0,2900.0,2898.58,22340093.0
0000000027-4125-asu-nz,0000000018-3024-oms-nz,CleaningCycle,bed29bbe-8d3a-4751-96da-ec41fc138f11,8431e6bd-5d3e-4c11-b2cc-504dddc0c609,1266.831298828125,481897.3125,198391.421875,8104.0546875,7117.83447265625,25918.87109375,182868.25,176372.1875,233334.296875,68866.609375,124317.1796875,18607.94921875,272339.625,5781.60595703125,18997.78515625,36924.5703125,254149.703125,51871.62109375,190583.0,19440.30859375,6892.6953125,13179.59765625,25904.650390625,45507.7421875,2895217.5,355419.8125,1398386.875,3523153.25,11239212,5534.5078125,68953.0078125,141232256,60059348,20912.03515625,85873.6796875,202243.0625,672091.5,4302.294921875,2699726.75,1105522.75,62712.8828125,484967.9375,21054.111328125,824384.0,693.2017211914062,424499.375,441580.34375,235785.765625,924642.75,69452.375,77146.3828125,17177.208984375,4144.87890625,274204.65625,14893.2470703125,138302.25,31181.2578125,401601.75,1096428.125,58443.140625,7248.09765625,122205.125,13535.146484375,602912.25,103457,33.890113830566406,35.582420349121094,0,0,0,0,0,0,0,0,0,0,0,1,0,0,0,0,0,0,0,False,UNKNOWN,0,0,0,0,194690667,24484,0,37.00974655151367,13,,,"{'Type': 'start', 'Data_Type': 'Synthetical', 'Protocol_name': 'ABGv5-0ppb-6RH-75ccm-Anthony-Q425', 'Trial_Details': {'RH': 0, 'group': 35, 'detail': 'N/A', 'trialnum': 16, 'TrialName': '6rh', 'identifier': 'ckUf6', 'Concentration': 0}, 'Experiment_Rig': 'DA3'}",,2026-01-18 23:49:56.898,"{'cid': 'c04d07ee-94c6-44df-ad3c-f46614593299', 'uuid': '625ab483-3e03-4d85-b791-9a2f2e4ee7e1', 'annotationId': 'bed29bbe-8d3a-4751-96da-ec41fc138f11', 'name': 'CleaningCycle', 'description': 'CleaningCycle', 'labels': 'CleaningCycle', 'metadata': {'Length': 30, 'Progress': 69, 'startTime': 1768780172963, 'Notification': 'Event CleaningCycle Started.'}, 'createdAt': '2026-01-18T23:49:33.249Z', 'createdBy': '5c7b5d9f-c171-4004-a182-4277ffd4c9eb'}",29.82,20.18,1600.0,1599.44,21470060.0,1100.0,1100.17,24020116.0,0.0,575938.89,14.48,32.58,1009.52,1400.0,1400.21,22450138.0,0.0,0.04,22040109.0,2900.0,2897.96,22340093.0
0000000027-4125-asu-nz,0000000018-3024-oms-nz,CleaningCycle,bed29bbe-8d3a-4751-96da-ec41fc138f11,8431e6bd-5d3e-4c11-b2cc-504dddc0c609,1265.8341064453125,481590.84375,198389.46875,8104.0341796875,7117.32470703125,25917.4140625,182996.96875,176332.25,233671.171875,68833.140625,124288.8828125,18608.8125,272397.875,5775.4921875,19000.0625,36932.51171875,254503.828125,51877.42578125,189825.21875,19440.4765625,6892.1865234375,13174.08203125,25907.37109375,45506.875,2891864.75,355473.03125,1396031.375,3522027.75,11232947,5534.53076171875,68278.8203125,140814016,59774932,20915.693359375,85872.4140625,202236.984375,672090.25,4301.83642578125,2702320.0,1105442.25,62718.62890625,484481.96875,21056.103515625,824495.9375,692.75146484375,424118.125,441574.0,235763.1875,925301.6875,69466.875,77140.453125,17172.45703125,4138.626953125,273672.9375,14870.890625,140799.21875,31186.580078125,401821.71875,1097138.875,58442.52734375,7248.08251953125,122097.7421875,13541.314453125,603044.6875,103758,34.212459564208984,35.66300582885742,0,0,0,0,0,0,0,0,0,0,0,1,0,0,0,0,0,0,0,False,UNKNOWN,0,0,0,0,194690667,24484,0,37.00974655151367,13,,,"{'Type': 'start', 'Data_Type': 'Synthetical', 'Protocol_name': 'ABGv5-0ppb-6RH-75ccm-Anthony-Q425', 'Trial_Details': {'RH': 0, 'group': 35, 'detail': 'N/A', 'trialnum': 16, 'TrialName': '6rh', 'identifier': 'ckUf6', 'Concentration': 0}, 'Experiment_Rig': 'DA3'}",,2026-01-18 23:49:57.201,"{'cid': 'c04d07ee-94c6-44df-ad3c-f46614593299', 'uuid': '625ab483-3e03-4d85-b791-9a2f2e4ee7e1', 'annotationId': 'bed29bbe-8d3a-4751-96da-ec41fc138f11', 'name': 'CleaningCycle', 'description': 'CleaningCycle', 'labels': 'CleaningCycle', 'metadata': {'Length': 30, 'Progress': 69, 'startTime': 1768780172963, 'Notification': 'Event CleaningCycle Started.'}, 'createdAt': '2026-01-18T23:49:33.249Z', 'createdBy': '5c7b5d9f-c171-4004-a182-4277ffd4c9eb'}",29.82,20.16,1600.0,1598.93,21470060.0,1100.0,1100.1,24020116.0,0.0,575476.18,14.48,32.58,1009.52,1400.0,1400.11,22450138.0,0.0,0.01,22040109.0,2900.0,2897.34,22340093.0
0000000027-4125-asu-nz,0000000018-3024-oms-nz,CleaningCycle,bed29bbe-8d3a-4751-96da-ec41fc138f11,8431e6bd-5d3e-4c11-b2cc-504dddc0c609,1265.709716796875,481513.5,198361.765625,8103.41162109375,7117.48681640625,25918.45703125,183037.671875,176302.0,233853.859375,68831.1875,124304.0703125,18608.20703125,271431.53125,5780.4267578125,18996.19140625,36933.0,254299.546875,51889.3125,190197.5,19437.96484375,6892.28759765625,13169.23828125,25906.998046875,45512.7578125,2890033.25,356253.40625,1395105.5,3520335.5,11221774,5533.9892578125,67837.75,139884848,59623748,20917.392578125,85872.125,202226.359375,672174.125,4300.23974609375,2705427.5,1106581.0,62717.94921875,484476.53125,21051.904296875,824982.5,693.02099609375,423986.78125,441402.90625,235756.296875,925813.4375,69441.171875,77160.1640625,17177.341796875,4138.6962890625,273863.90625,14895.90625,140723.46875,31190.966796875,401906.6875,1097999.375,58445.4375,7247.6015625,122200.3359375,13538.369140625,602557.125,104059,33.80952835083008,35.501834869384766,0,0,0,0,0,0,0,0,0,0,0,1,0,0,0,0,0,0,0,False,UNKNOWN,0,0,0,0,194690667,24484,0,37.00974655151367,13,,,"{'Type': 'start', 'Data_Type': 'Synthetical', 'Protocol_name': 'ABGv5-0ppb-6RH-75ccm-Anthony-Q425', 'Trial_Details': {'RH': 0, 'group': 35, 'detail': 'N/A', 'trialnum': 16, 'TrialName': '6rh', 'identifier': 'ckUf6', 'Concentration': 0}, 'Experiment_Rig': 'DA3'}",,2026-01-18 23:49:57.500,"{'cid': 'c04d07ee-94c6-44df-ad3c-f46614593299', 'uuid': '625ab483-3e03-4d85-b791-9a2f2e4ee7e1', 'annotationId': 'bed29bbe-8d3a-4751-96da-ec41fc138f11', 'name': 'CleaningCycle', 'description': 'CleaningCycle', 'labels': 'CleaningCycle', 'metadata': {'Length': 30, 'Progress': 69, 'startTime': 1768780172963, 'Notification': 'Event CleaningCycle Started.'}, 'createdAt': '2026-01-18T23:49:33.249Z', 'createdBy': '5c7b5d9f-c171-4004-a182-4277ffd4c9eb'}",29.82,20.17,1600.0,1598.85,21470060.0,1100.0,1100.11,24020116.0,0.0,575978.84,14.48,32.58,1009.52,1400.0,1400.44,22450138.0,0.0,0.0,22040109.0,2900.0,2897.03,22340093.0
0000000027-4125-asu-nz,0000000018-3024-oms-nz,CleaningCycle,bed29bbe-8d3a-4751-96da-ec41fc138f11,8431e6bd-5d3e-4c11-b2cc-504dddc0c609,1266.0889892578125,480873.0,198301.84375,8104.03662109375,7117.46630859375,25918.43359375,182988.421875,176300.578125,233606.90625,68898.1328125,124304.90625,18608.498046875,271619.8125,5779.37939453125,18997.44921875,36918.71875,254161.53125,51895.625,190439.71875,19453.619140625,6892.39697265625,13174.23828125,25907.66796875,45513.46484375,2887989.0,356130.375,1391310.625,3518639.75,11208311,5535.06005859375,68674.0078125,138849616,59542156,20913.08984375,85903.3359375,202283.21875,672356.75,4300.4296875,2709277.5,1108273.625,62708.62109375,484238.625,21052.0625,825083.125,692.987060546875,423972.65625,441355.28125,235760.375,926032.8125,69449.859375,77176.3046875,17173.05078125,4145.166015625,273895.5625,14881.798828125,141589.578125,31192.869140625,401867.375,1098448.375,58458.05859375,7248.52490234375,122102.890625,13537.4462890625,602927.375,104360,33.890113830566406,35.66300582885742,0,0,0,0,0,0,0,0,0,0,0,1,0,0,0,0,0,0,0,False,UNKNOWN,0,0,0,0,194690667,24484,0,37.00974655151367,13,,,"{'Type': 'start', 'Data_Type': 'Synthetical', 'Protocol_name': 'ABGv5-0ppb-6RH-75ccm-Anthony-Q425', 'Trial_Details': {'RH': 0, 'group': 35, 'detail': 'N/A', 'trialnum': 16, 'TrialName': '6rh', 'identifier': 'ckUf6', 'Concentration': 0}, 'Experiment_Rig': 'DA3'}",,2026-01-18 23:49:57.801,"{'cid': 'c04d07ee-94c6-44df-ad3c-f46614593299', 'uuid': '625ab483-3e03-4d85-b791-9a2f2e4ee7e1', 'annotationId': 'bed29bbe-8d3a-4751-96da-ec41fc138f11', 'name': 'CleaningCycle', 'description': 'CleaningCycle', 'labels': 'CleaningCycle', 'metadata': {'Length': 30, 'Progress': 69, 'startTime': 1768780172963, 'Notification': 'Event CleaningCycle Started.'}, 'createdAt': '2026-01-18T23:49:33.249Z', 'createdBy': '5c7b5d9f-c171-4004-a182-4277ffd4c9eb'}",29.82,20.2,1600.0,1598.92,21470060.0,1100.0,1100.16,24020116.0,0.0,576484.86,14.49,32.57,1009.52,1400.0,1400.97,22450138.0,0.0,0.0,22040109.0,2900.0,2896.88,22340093.0
0000000027-4125-asu-nz,0000000018-3024-oms-nz,CleaningCycle,bed29bbe-8d3a-4751-96da-ec41fc138f11,8431e6bd-5d3e-4c11-b2cc-504dddc0c609,1266.8037109375,480557.8125,198267.421875,8103.45703125,7117.11572265625,25917.51171875,182940.90625,176270.515625,233457.515625,68891.171875,124310.9453125,18607.8671875,271904.0,5746.83349609375,18996.875,36907.53125,254255.109375,51881.05078125,189827.671875,19440.201171875,6892.40576171875,13177.24609375,25911.16796875,45510.0703125,2886395.75,356448.53125,1387547.125,3517436.75,11192461,5534.58251953125,68134.59375,137776000,59626568,20912.33203125,85909.65625,202311.328125,672557.4375,4301.6123046875,2708937.0,1108502.125,62703.453125,484448.625,21054.021484375,824502.5,692.4319458007812,424071.5625,440783.25,235730.671875,926223.6875,69460.796875,77176.6171875,17178.65625,4140.6201171875,273908.125,14872.9150390625,140099.078125,31188.453125,401454.15625,1098769.125,58461.69140625,7248.14404296875,122083.8046875,13534.0234375,602328.8125,104661,33.890113830566406,35.501834869384766,0,0,0,0,0,0,0,0,0,0,0,1,0,0,0,0,0,0,0,False,UNKNOWN,0,0,0,0,194690667,24484,0,37.00974655151367,13,,,"{'Type': 'start', 'Data_Type': 'Synthetical', 'Protocol_name': 'ABGv5-0ppb-6RH-75ccm-Anthony-Q425', 'Trial_Details': {'RH': 0, 'group': 35, 'detail': 'N/A', 'trialnum': 16, 'TrialName': '6rh', 'identifier': 'ckUf6', 'Concentration': 0}, 'Experiment_Rig': 'DA3'}",,2026-01-18 23:49:58.102,"{'cid': 'c04d07ee-94c6-44df-ad3c-f46614593299', 'uuid': '625ab483-3e03-4d85-b791-9a2f2e4ee7e1', 'annotationId': 'bed29bbe-8d3a-4751-96da-ec41fc138f11', 'name': 'CleaningCycle', 'description': 'CleaningCycle', 'labels': 'CleaningCycle', 'metadata': {'Length': 30, 'Progress': 69, 'startTime': 1768780172963, 'Notification': 'Event CleaningCycle Started.'}, 'createdAt': '2026-01-18T23:49:33.249Z', 'createdBy': '5c7b5d9f-c171-4004-a182-4277ffd4c9eb'}",29.83,20.22,1600.0,1599.0,21470060.0,1100.0,1100.21,24020116.0,0.0,576990.88,14.49,32.57,1009.52,1400.0,1401.49,22450138.0,0.0,0.0,22040109.0,2900.0,2896.74,22340093.0
0000000027-4125-asu-nz,0000000018-3024-oms-nz,CleaningCycle,bed29bbe-8d3a-4751-96da-ec41fc138f11,8431e6bd-5d3e-4c11-b2cc-504dddc0c609,1266.6669921875,481137.3125,198276.484375,8103.27294921875,7116.7451171875,25916.716796875,182853.71875,176256.96875,233630.296875,68867.7578125,124309.828125,18608.23828125,271786.90625,5751.615234375,18997.951171875,36922.4765625,254346.921875,51891.51953125,190121.15625,19453.57421875,6892.49267578125,13171.037109375,25910.98046875,45506.01953125,2885154.0,357315.8125,1386058.125,3515464.25,11179441,5533.8828125,68546.4921875,136883472,59828108,20911.779296875,85860.7265625,202336.078125,672755.0,4302.2529296875,2705529.25,1109295.75,62695.37890625,484188.59375,21055.07421875,823910.375,693.2335205078125,423593.25,441472.5625,235734.03125,926151.75,69457.9296875,77172.109375,17172.564453125,4137.63916015625,274126.1875,14863.525390625,141460.671875,31184.837890625,401522.53125,1099141.875,58461.1953125,7248.2080078125,122108.78125,13530.1767578125,602452.5625,104962,33.890113830566406,35.66300582885742,0,0,0,0,0,0,0,0,0,0,0,1,0,0,0,0,0,0,0,False,UNKNOWN,0,0,0,0,194690667,24484,0,37.00974655151367,13,,,"{'Type': 'start', 'Data_Type': 'Synthetical', 'Protocol_name': 'ABGv5-0ppb-6RH-75ccm-Anthony-Q425', 'Trial_Details': {'RH': 0, 'group': 35, 'detail': 'N/A', 'trialnum': 16, 'TrialName': '6rh', 'identifier': 'ckUf6', 'Concentration': 0}, 'Experiment_Rig': 'DA3'}",,2026-01-18 23:49:58.403,"{'cid': 'c04d07ee-94c6-44df-ad3c-f46614593299', 'uuid': '625ab483-3e03-4d85-b791-9a2f2e4ee7e1', 'annotationId': 'bed29bbe-8d3a-4751-96da-ec41fc138f11', 'name': 'CleaningCycle', 'description': 'CleaningCycle', 'labels': 'CleaningCycle', 'metadata': {'Length': 30, 'Progress': 69, 'startTime': 1768780172963, 'Notification': 'Event CleaningCycle Started.'}, 'createdAt': '2026-01-18T23:49:33.249Z', 'createdBy': '5c7b5d9f-c171-4004-a182-4277ffd4c9eb'}",29.83,20.24,1600.0,1599.18,21470060.0,1100.0,1100.22,24020116.0,0.0,577416.3,14.49,32.57,1009.52,1400.0,1401.62,22450138.0,0.0,0.0,22040109.0,2900.0,2896.74,22340093.0
0000000027-4125-asu-nz,0000000018-3024-oms-nz,CleaningCycle,bed29bbe-8d3a-4751-96da-ec41fc138f11,8431e6bd-5d3e-4c11-b2cc-504dddc0c609,1267.147216796875,481067.625,198293.875,8103.7021484375,7117.22802734375,25916.24609375,182911.5,176239.65625,233707.421875,68888.5546875,124313.2578125,18608.40625,271784.46875,5763.50830078125,18997.5546875,36921.1796875,254744.265625,51890.6875,189493.828125,19461.30859375,6892.90380859375,13177.564453125,25912.857421875,45506.8828125,2884490.25,356453.59375,1384426.625,3513980.5,11171787,5533.3779296875,68928.1484375,136295120,60103892,20911.33984375,85869.375,202357.765625,672824.4375,4301.69921875,2706800.0,1109392.625,62691.62890625,484046.40625,21050.884765625,823925.125,692.9158325195312,423635.0,441648.59375,235725.0625,925507.5625,69491.3203125,77176.5234375,17175.236328125,4137.37939453125,274214.78125,14868.0244140625,141688.4375,31186.314453125,401922.6875,1099238.25,58463.03125,7248.1357421875,122038.515625,13537.24609375,602839.5,105263,33.970699310302734,35.582420349121094,0,0,0,0,0,0,0,0,0,0,0,1,0,0,0,0,0,0,0,False,UNKNOWN,0,0,0,0,194690667,24484,0,37.00974655151367,13,,,"{'Type': 'start', 'Data_Type': 'Synthetical', 'Protocol_name': 'ABGv5-0ppb-6RH-75ccm-Anthony-Q425', 'Trial_Details': {'RH': 0, 'group': 35, 'detail': 'N/A', 'trialnum': 16, 'TrialName': '6rh', 'identifier': 'ckUf6', 'Concentration': 0}, 'Experiment_Rig': 'DA3'}",,2026-01-18 23:49:58.704,"{'cid': 'c04d07ee-94c6-44df-ad3c-f46614593299', 'uuid': '625ab483-3e03-4d85-b791-9a2f2e4ee7e1', 'annotationId': 'bed29bbe-8d3a-4751-96da-ec41fc138f11', 'name': 'CleaningCycle', 'description': 'CleaningCycle', 'labels': 'CleaningCycle', 'metadata': {'Length': 30, 'Progress': 69, 'startTime': 1768780172963, 'Notification': 'Event CleaningCycle Started.'}, 'createdAt': '2026-01-18T23:49:33.249Z', 'createdBy': '5c7b5d9f-c171-4004-a182-4277ffd4c9eb'}",29.83,20.2,1600.0,1599.53,21470060.0,1100.0,1100.14,24020116.0,0.0,577543.25,14.49,32.57,1009.52,1400.0,1400.95,22450138.0,0.0,0.0,22040109.0,2900.0,2897.1,22340093.0
0000000027-4125-asu-nz,0000000018-3024-oms-nz,CleaningCycle,bed29bbe-8d3a-4751-96da-ec41fc138f11,8431e6bd-5d3e-4c11-b2cc-504dddc0c609,1267.7689208984375,481112.65625,198267.015625,8103.51123046875,7117.05859375,25915.64453125,182880.515625,176243.421875,233228.890625,68945.4765625,124315.390625,18609.185546875,271768.25,5759.6123046875,18994.40234375,36927.62109375,254483.921875,51905.59765625,190248.5625,19458.5625,6892.7236328125,13183.7138671875,25913.244140625,45507.84375,2884945.25,357345.4375,1382963.25,3513820.25,11166927,5534.21240234375,69493.5703125,135962944,60437416,20911.0,85871.921875,202301.234375,672917.5,4299.2890625,2706526.25,1108742.375,62694.23828125,484062.4375,21051.953125,822456.375,692.7828369140625,423528.15625,441593.5,235689.046875,924620.125,69493.6015625,77154.0078125,17176.296875,4136.59765625,273763.125,14873.501953125,141375.515625,31185.962890625,401514.0,1099354.875,58446.47265625,7247.90625,122024.0,13540.751953125,602212.625,105564,33.80952835083008,35.66300582885742,0,0,0,0,0,0,0,0,0,0,0,1,0,0,0,0,0,0,0,False,UNKNOWN,0,0,0,0,194690667,24484,0,37.00974655151367,13,,,"{'Type': 'start', 'Data_Type': 'Synthetical', 'Protocol_name': 'ABGv5-0ppb-6RH-75ccm-Anthony-Q425', 'Trial_Details': {'RH': 0, 'group': 35, 'detail': 'N/A', 'trialnum': 16, 'TrialName': '6rh', 'identifier': 'ckUf6', 'Concentration': 0}, 'Experiment_Rig': 'DA3'}",,2026-01-18 23:49:59.005,"{'cid': 'c04d07ee-94c6-44df-ad3c-f46614593299', 'uuid': '625ab483-3e03-4d85-b791-9a2f2e4ee7e1', 'annotationId': 'bed29bbe-8d3a-4751-96da-ec41fc138f11', 'name': 'CleaningCycle', 'description': 'CleaningCycle', 'labels': 'CleaningCycle', 'metadata': {'Length': 30, 'Progress': 69, 'startTime': 1768780172963, 'Notification': 'Event CleaningCycle Started.'}, 'createdAt': '2026-01-18T23:49:33.249Z', 'createdBy': '5c7b5d9f-c171-4004-a182-4277ffd4c9eb'}",29.82,20.17,1600.0,1599.89,21470060.0,1100.0,1100.07,24020116.0,0.0,577670.2,14.49,32.57,1009.51,1400.0,1400.28,22450138.0,0.0,0.0,22040109.0,2900.0,2897.46,22340093.0
0000000027-4125-asu-nz,0000000018-3024-oms-nz,CleaningCycle,bed29bbe-8d3a-4751-96da-ec41fc138f11,8431e6bd-5d3e-4c11-b2cc-504dddc0c609,1266.103515625,481512.03125,198296.0625,8103.87451171875,7117.54248046875,25916.4296875,182891.578125,176262.0625,233426.765625,68899.6953125,124338.34375,18609.48828125,272000.09375,5764.24462890625,18992.31640625,36921.046875,254778.53125,51872.34765625,189251.203125,19455.08203125,6892.55224609375,13177.1181640625,25914.896484375,45511.19921875,2887764.75,356300.96875,1386405.375,3515766.25,11169119,5534.0146484375,70064.2265625,136183904,60792120,20915.1796875,85861.6953125,202323.671875,672999.25,4300.66845703125,2707669.75,1108648.5,62693.10546875,484111.75,21057.0390625,821769.875,692.97119140625,423819.59375,441329.46875,235685.203125,923585.125,69465.234375,77147.1328125,17172.57421875,4146.18701171875,273754.09375,14854.5458984375,139871.203125,31187.728515625,401266.53125,1099288.125,58442.6875,7247.87548828125,122142.28125,13542.734375,601312.1875,105865,33.890113830566406,35.501834869384766,0,0,0,0,0,0,0,0,0,0,0,1,0,0,0,0,0,0,0,False,UNKNOWN,0,0,0,0,194695670,24484,0,37.56110763549805,13,,,"{'Type': 'start', 'Data_Type': 'Synthetical', 'Protocol_name': 'ABGv5-0ppb-6RH-75ccm-Anthony-Q425', 'Trial_Details': {'RH': 0, 'group': 35, 'detail': 'N/A', 'trialnum': 16, 'TrialName': '6rh', 'identifier': 'ckUf6', 'Concentration': 0}, 'Experiment_Rig': 'DA3'}",,2026-01-18 23:49:59.306,"{'cid': 'c04d07ee-94c6-44df-ad3c-f46614593299', 'uuid': '625ab483-3e03-4d85-b791-9a2f2e4ee7e1', 'annotationId': 'bed29bbe-8d3a-4751-96da-ec41fc138f11', 'name': 'CleaningCycle', 'description': 'CleaningCycle', 'labels': 'CleaningCycle', 'metadata': {'Length': 30, 'Progress': 69, 'startTime': 1768780172963, 'Notification': 'Event CleaningCycle Started.'}, 'createdAt': '2026-01-18T23:49:33.249Z', 'createdBy': '5c7b5d9f-c171-4004-a182-4277ffd4c9eb'}",29.82,20.14,1600.0,1600.24,21470060.0,1100.0,1100.0,24020116.0,0.0,577797.15,14.49,32.57,1009.51,1400.0,1399.61,22450138.0,0.0,0.0,22040109.0,2900.0,2897.82,22340093.0
0000000027-4125-asu-nz,0000000018-3024-oms-nz,CleaningCycle,bed29bbe-8d3a-4751-96da-ec41fc138f11,8431e6bd-5d3e-4c11-b2cc-504dddc0c609,1267.158203125,481003.25,198317.625,8103.6298828125,7118.0380859375,25916.474609375,182905.359375,176271.46875,233395.3125,68934.5390625,124346.671875,18610.271484375,272125.78125,5768.4677734375,18996.017578125,36931.17578125,254764.40625,51883.06640625,189524.109375,19465.1953125,6892.86767578125,13168.9755859375,25914.478515625,45515.0234375,2889587.0,357180.65625,1388630.25,3517347.5,11176203,5535.0244140625,70050.5703125,136772560,61081308,20914.078125,85905.40625,202324.921875,672917.6875,4302.8671875,2709687.75,1106702.875,62694.0234375,483953.84375,21055.97265625,821711.25,692.530517578125,423958.59375,441461.46875,235701.078125,922937.3125,69459.6015625,77139.875,17179.060546875,4153.58447265625,274039.21875,14854.7841796875,139574.9375,31188.17578125,401416.3125,1098203.75,58438.45703125,7247.7421875,122096.8046875,13525.021484375,601977.5625,106166,33.970699310302734,35.743595123291016,0,0,0,0,0,0,0,0,0,0,0,1,0,0,0,0,0,0,0,False,UNKNOWN,0,0,0,0,194695670,24484,0,37.56110763549805,13,,,"{'Type': 'start', 'Data_Type': 'Synthetical', 'Protocol_name': 'ABGv5-0ppb-6RH-75ccm-Anthony-Q425', 'Trial_Details': {'RH': 0, 'group': 35, 'detail': 'N/A', 'trialnum': 16, 'TrialName': '6rh', 'identifier': 'ckUf6', 'Concentration': 0}, 'Experiment_Rig': 'DA3'}",,2026-01-18 23:49:59.609,"{'cid': 'c04d07ee-94c6-44df-ad3c-f46614593299', 'uuid': '625ab483-3e03-4d85-b791-9a2f2e4ee7e1', 'annotationId': 'bed29bbe-8d3a-4751-96da-ec41fc138f11', 'name': 'CleaningCycle', 'description': 'CleaningCycle', 'labels': 'CleaningCycle', 'metadata': {'Length': 30, 'Progress': 69, 'startTime': 1768780172963, 'Notification': 'Event CleaningCycle Started.'}, 'createdAt': '2026-01-18T23:49:33.249Z', 'createdBy': '5c7b5d9f-c171-4004-a182-4277ffd4c9eb'}",29.82,20.14,1600.0,1600.29,21470060.0,1100.0,1100.35,24020116.0,0.0,577551.55,14.49,32.57,1009.51,1400.0,1399.32,22450138.0,0.0,0.0,22040109.0,2900.0,2898.97,22340093.0
0000000027-4125-asu-nz,0000000018-3024-oms-nz,CleaningCycle,bed29bbe-8d3a-4751-96da-ec41fc138f11,8431e6bd-5d3e-4c11-b2cc-504dddc0c609,1267.6329345703125,481374.40625,198317.75,8104.078125,7117.4638671875,25915.828125,182853.46875,176319.15625,233649.875,68919.9296875,124355.234375,18610.515625,271728.5625,5773.4853515625,18993.7109375,36931.59375,254522.828125,51897.5390625,189189.765625,19464.5,6892.3173828125,13171.66015625,25915.09765625,45518.703125,2892528.75,356300.53125,1391025.25,3519572.5,11184863,5534.11962890625,69219.8828125,137522720,61295856,20915.453125,85908.7109375,202255.875,672826.8125,4301.70947265625,2711793.25,1107114.375,62691.80859375,484183.25,21056.37109375,821466.625,693.0089111328125,424187.9375,441863.34375,235721.65625,922470.0625,69429.9609375,77158.5546875,17172.908203125,4158.47021484375,274194.5,14873.2705078125,140469.921875,31188.478515625,400990.8125,1097213.25,58444.45703125,7248.1220703125,122096.421875,13529.2294921875,600302.375,106467,33.890113830566406,35.501834869384766,0,0,0,0,0,0,0,0,0,0,0,1,0,0,0,0,0,0,0,False,UNKNOWN,0,0,0,0,194695670,24484,0,37.56110763549805,13,,,"{'Type': 'start', 'Data_Type': 'Synthetical', 'Protocol_name': 'ABGv5-0ppb-6RH-75ccm-Anthony-Q425', 'Trial_Details': {'RH': 0, 'group': 35, 'detail': 'N/A', 'trialnum': 16, 'TrialName': '6rh', 'identifier': 'ckUf6', 'Concentration': 0}, 'Experiment_Rig': 'DA3'}",,2026-01-18 23:49:59.910,"{'cid': 'c04d07ee-94c6-44df-ad3c-f46614593299', 'uuid': '625ab483-3e03-4d85-b791-9a2f2e4ee7e1', 'annotationId': 'bed29bbe-8d3a-4751-96da-ec41fc138f11', 'name': 'CleaningCycle', 'description': 'CleaningCycle', 'labels': 'CleaningCycle', 'metadata': {'Length': 30, 'Progress': 69, 'startTime': 1768780172963, 'Notification': 'Event CleaningCycle Started.'}, 'createdAt': '2026-01-18T23:49:33.249Z', 'createdBy': '5c7b5d9f-c171-4004-a182-4277ffd4c9eb'}",29.81,20.16,1600.0,1600.34,21470060.0,1100.0,1100.71,24020116.0,0.0,576665.96,14.49,32.57,1009.51,1400.0,1399.03,22450138.0,0.0,0.0,22040109.0,2900.0,2900.16,22340093.0
0000000027-4125-asu-nz,0000000018-3024-oms-nz,CleaningCycle,bed29bbe-8d3a-4751-96da-ec41fc138f11,8431e6bd-5d3e-4c11-b2cc-504dddc0c609,1267.1424560546875,481454.40625,198362.21875,8104.638671875,7117.1884765625,25918.46875,182904.90625,176346.703125,233719.890625,68894.0859375,124367.2578125,18609.4609375,271879.1875,5774.4794921875,18996.291015625,36924.4140625,253904.921875,51909.14453125,188921.484375,19457.146484375,6892.73193359375,13172.3330078125,25916.775390625,45519.59765625,2895551.0,356133.0,1390238.25,3520787.0,11197765,5534.8779296875,68851.390625,138487328,61385380,20915.904296875,85871.9609375,202286.53125,672559.6875,4300.69189453125,2706511.5,1107719.75,62699.24609375,484345.0,21055.736328125,822249.8125,692.3165893554688,424342.21875,441834.4375,235743.046875,922015.3125,69467.4453125,77164.53125,17175.544921875,4143.80322265625,272833.53125,14823.4580078125,141503.265625,31186.09765625,401215.5625,1096600.0,58438.4140625,7247.74072265625,122188.328125,13525.5634765625,599928.625,106768,33.80952835083008,35.582420349121094,0,0,0,0,0,0,0,0,0,0,0,1,0,0,0,0,0,0,0,False,UNKNOWN,0,0,0,0,194695670,24484,0,37.56110763549805,13,,,"{'Type': 'start', 'Data_Type': 'Synthetical', 'Protocol_name': 'ABGv5-0ppb-6RH-75ccm-Anthony-Q425', 'Trial_Details': {'RH': 0, 'group': 35, 'detail': 'N/A', 'trialnum': 16, 'TrialName': '6rh', 'identifier': 'ckUf6', 'Concentration': 0}, 'Experiment_Rig': 'DA3'}",,2026-01-18 23:50:00.210,"{'cid': 'c04d07ee-94c6-44df-ad3c-f46614593299', 'uuid': '625ab483-3e03-4d85-b791-9a2f2e4ee7e1', 'annotationId': 'bed29bbe-8d3a-4751-96da-ec41fc138f11', 'name': 'CleaningCycle', 'description': 'CleaningCycle', 'labels': 'CleaningCycle', 'metadata': {'Length': 30, 'Progress': 69, 'startTime': 1768780172963, 'Notification': 'Event CleaningCycle Started.'}, 'createdAt': '2026-01-18T23:49:33.249Z', 'createdBy': '5c7b5d9f-c171-4004-a182-4277ffd4c9eb'}",29.81,20.17,1600.0,1600.38,21470060.0,1100.0,1101.07,24020116.0,0.0,575783.32,14.5,32.57,1009.51,1400.0,1398.74,22450138.0,0.0,0.0,22040109.0,2900.0,2901.35,22340093.0
0000000027-4125-asu-nz,0000000018-3024-oms-nz,CleaningCycle,bed29bbe-8d3a-4751-96da-ec41fc138f11,8431e6bd-5d3e-4c11-b2cc-504dddc0c609,1267.4427490234375,481700.8125,198384.171875,8104.0263671875,7117.390625,25920.125,182892.9375,176352.578125,233407.859375,68881.3125,124361.953125,18608.486328125,272616.125,5757.41455078125,18995.830078125,36925.98046875,254693.5625,51910.58984375,189320.828125,19461.251953125,6893.0,13177.9765625,25914.59375,45513.5,2898255.5,354992.71875,1389689.375,3521534.25,11208714,5534.35400390625,68764.421875,139423744,61334852,20914.2890625,85857.5859375,202274.015625,672379.875,4301.74609375,2699837.0,1107919.75,62703.3125,484860.28125,21054.31640625,823227.375,692.530029296875,424276.03125,441124.71875,235747.140625,921699.1875,69467.7265625,77176.375,17178.64453125,4143.6533203125,272686.25,14872.6181640625,141414.453125,31186.845703125,401083.53125,1095994.75,58441.76953125,7248.021484375,121926.1015625,13544.5068359375,600433.75,107069,33.970699310302734,35.743595123291016,0,0,0,0,0,0,0,0,0,0,0,1,0,0,0,0,0,0,0,False,UNKNOWN,0,0,0,0,194695670,24484,0,37.56110763549805,13,,,"{'Type': 'start', 'Data_Type': 'Synthetical', 'Protocol_name': 'ABGv5-0ppb-6RH-75ccm-Anthony-Q425', 'Trial_Details': {'RH': 0, 'group': 35, 'detail': 'N/A', 'trialnum': 16, 'TrialName': '6rh', 'identifier': 'ckUf6', 'Concentration': 0}, 'Experiment_Rig': 'DA3'}",,2026-01-18 23:50:00.513,"{'cid': 'c04d07ee-94c6-44df-ad3c-f46614593299', 'uuid': '625ab483-3e03-4d85-b791-9a2f2e4ee7e1', 'annotationId': 'bed29bbe-8d3a-4751-96da-ec41fc138f11', 'name': 'CleaningCycle', 'description': 'CleaningCycle', 'labels': 'CleaningCycle', 'metadata': {'Length': 30, 'Progress': 69, 'startTime': 1768780172963, 'Notification': 'Event CleaningCycle Started.'}, 'createdAt': '2026-01-18T23:49:33.249Z', 'createdBy': '5c7b5d9f-c171-4004-a182-4277ffd4c9eb'}",29.81,20.18,1600.0,1600.37,21470060.0,1100.0,1100.91,24020116.0,0.0,574891.85,14.5,32.57,1009.51,1400.0,1398.96,22450138.0,0.0,0.0,22040109.0,2900.0,2901.45,22340093.0
0000000027-4125-asu-nz,0000000018-3024-oms-nz,CleaningCycle,bed29bbe-8d3a-4751-96da-ec41fc138f11,8431e6bd-5d3e-4c11-b2cc-504dddc0c609,1267.0540771484375,481580.34375,198409.921875,8103.40234375,7117.5771484375,25918.8203125,182994.671875,176396.5,233284.328125,68986.890625,124364.6953125,18608.599609375,271608.75,5772.865234375,18995.220703125,36920.29296875,254680.328125,51920.47265625,188491.1875,19441.234375,6892.51025390625,13180.8876953125,25914.5,45517.02734375,2901579.5,355371.875,1391562.375,3522707.0,11218337,5534.46728515625,69846.6640625,140231728,61167916,20911.939453125,85845.1875,202332.828125,672268.3125,4301.59228515625,2698848.0,1106781.0,62716.72265625,484604.3125,21058.1953125,824448.125,692.2639770507812,424141.96875,441191.90625,235778.109375,921843.4375,69439.0546875,77139.1484375,17176.80078125,4142.01611328125,273464.90625,14849.5498046875,140359.921875,31182.083984375,401115.46875,1095523.125,58436.12109375,7248.05712890625,121838.2109375,13547.5087890625,601217.0625,107370,33.970699310302734,35.66300582885742,0,0,0,0,0,0,0,0,0,0,0,1,0,0,0,0,0,0,0,False,UNKNOWN,0,0,0,0,194695670,24484,0,37.56110763549805,13,,,"{'Type': 'start', 'Data_Type': 'Synthetical', 'Protocol_name': 'ABGv5-0ppb-6RH-75ccm-Anthony-Q425', 'Trial_Details': {'RH': 0, 'group': 35, 'detail': 'N/A', 'trialnum': 16, 'TrialName': '6rh', 'identifier': 'ckUf6', 'Concentration': 0}, 'Experiment_Rig': 'DA3'}",,2026-01-18 23:50:00.813,"{'cid': 'c04d07ee-94c6-44df-ad3c-f46614593299', 'uuid': '625ab483-3e03-4d85-b791-9a2f2e4ee7e1', 'annotationId': 'bed29bbe-8d3a-4751-96da-ec41fc138f11', 'name': 'CleaningCycle', 'description': 'CleaningCycle', 'labels': 'CleaningCycle', 'metadata': {'Length': 30, 'Progress': 69, 'startTime': 1768780172963, 'Notification': 'Event CleaningCycle Started.'}, 'createdAt': '2026-01-18T23:49:33.249Z', 'createdBy': '5c7b5d9f-c171-4004-a182-4277ffd4c9eb'}",29.81,20.17,1600.0,1600.33,21470060.0,1100.0,1100.46,24020116.0,0.0,574958.17,14.5,32.57,1009.52,1400.0,1399.46,22450138.0,0.0,0.0,22040109.0,2900.0,2900.81,22340093.0
0000000027-4125-asu-nz,0000000018-3024-oms-nz,CleaningCycle,bed29bbe-8d3a-4751-96da-ec41fc138f11,8431e6bd-5d3e-4c11-b2cc-504dddc0c609,1267.111572265625,481536.1875,198426.59375,8104.34716796875,7116.94580078125,25921.5859375,183015.171875,176374.46875,233164.3125,68862.359375,124333.3671875,18609.515625,272775.375,5780.1806640625,18996.6015625,36925.16015625,254217.796875,51897.703125,188738.859375,19445.767578125,6892.6181640625,13167.740234375,25910.380859375,45507.23828125,2902275.5,354140.1875,1395388.375,3523511.5,11228763,5534.30810546875,69349.1796875,141208848,60544868,20916.373046875,85866.9609375,202260.796875,672217.8125,4302.58837890625,2689995.75,1109343.75,62726.3671875,484642.375,21058.392578125,825822.125,692.7091064453125,424155.375,441398.25,235829.15625,923361.375,69488.2890625,77148.5234375,17176.58203125,4152.0654296875,274131.5625,14851.626953125,139269.359375,31182.720703125,401209.875,1095083.875,58427.8046875,7247.9443359375,121817.1953125,13548.0244140625,601190.5625,107972,33.970699310302734,35.501834869384766,0,0,0,0,0,0,0,0,0,0,0,1,0,0,0,0,0,0,0,False,UNKNOWN,0,0,0,0,194695670,24484,0,37.56110763549805,13,,,"{'Type': 'start', 'Data_Type': 'Synthetical', 'Protocol_name': 'ABGv5-0ppb-6RH-75ccm-Anthony-Q425', 'Trial_Details': {'RH': 0, 'group': 35, 'detail': 'N/A', 'trialnum': 16, 'TrialName': '6rh', 'identifier': 'ckUf6', 'Concentration': 0}, 'Experiment_Rig': 'DA3'}",,2026-01-18 23:50:01.415,"{'cid': 'c04d07ee-94c6-44df-ad3c-f46614593299', 'uuid': '625ab483-3e03-4d85-b791-9a2f2e4ee7e1', 'annotationId': 'bed29bbe-8d3a-4751-96da-ec41fc138f11', 'name': 'CleaningCycle', 'description': 'CleaningCycle', 'labels': 'CleaningCycle', 'metadata': {'Length': 30, 'Progress': 69, 'startTime': 1768780172963, 'Notification': 'Event CleaningCycle Started.'}, 'createdAt': '2026-01-18T23:49:33.249Z', 'createdBy': '5c7b5d9f-c171-4004-a182-4277ffd4c9eb'}",29.81,20.15,1600.0,1600.25,21470060.0,1100.0,1099.76,24020116.0,0.0,576802.68,14.51,32.57,1009.54,1400.0,1400.35,22450138.0,0.0,0.0,22040109.0,2900.0,2899.66,22340093.0
0000000027-4125-asu-nz,0000000018-3024-oms-nz,CleaningCycle,bed29bbe-8d3a-4751-96da-ec41fc138f11,8431e6bd-5d3e-4c11-b2cc-504dddc0c609,1266.741455078125,481391.46875,198432.296875,8104.4658203125,7117.48291015625,25920.734375,183023.3125,176372.296875,233103.828125,68879.5078125,124321.09375,18607.990234375,272362.6875,5771.17822265625,18996.29296875,36924.578125,254416.734375,51895.71484375,188591.265625,19447.16015625,6892.42138671875,13175.4697265625,25909.130859375,45503.328125,2898527.75,355168.375,1396513.25,3522235.25,11228584,5534.16455078125,69347.921875,141055248,60180252,20913.9609375,85824.859375,202242.203125,672250.875,4301.44775390625,2689510.0,1109585.125,62727.3125,484956.15625,21057.662109375,826434.375,692.5872802734375,424539.71875,440712.65625,235821.859375,924687.0625,69470.640625,77134.75,17174.912109375,4144.08837890625,274366.84375,14861.73046875,138740.890625,31186.0234375,401598.0625,1095635.625,58435.46875,7248.48046875,121915.1484375,13545.841796875,601829.375,108273,34.05128479003906,35.582420349121094,0,0,0,0,0,0,0,0,0,0,0,1,0,0,0,0,0,0,0,False,UNKNOWN,0,0,0,0,194695670,24484,0,37.56110763549805,13,,,"{'Type': 'start', 'Data_Type': 'Synthetical', 'Protocol_name': 'ABGv5-0ppb-6RH-75ccm-Anthony-Q425', 'Trial_Details': {'RH': 0, 'group': 35, 'detail': 'N/A', 'trialnum': 16, 'TrialName': '6rh', 'identifier': 'ckUf6', 'Concentration': 0}, 'Experiment_Rig': 'DA3'}",,2026-01-18 23:50:01.715,"{'cid': 'c04d07ee-94c6-44df-ad3c-f46614593299', 'uuid': '625ab483-3e03-4d85-b791-9a2f2e4ee7e1', 'annotationId': 'bed29bbe-8d3a-4751-96da-ec41fc138f11', 'name': 'CleaningCycle', 'description': 'CleaningCycle', 'labels': 'CleaningCycle', 'metadata': {'Length': 30, 'Progress': 69, 'startTime': 1768780172963, 'Notification': 'Event CleaningCycle Started.'}, 'createdAt': '2026-01-18T23:49:33.249Z', 'createdBy': '5c7b5d9f-c171-4004-a182-4277ffd4c9eb'}",29.81,20.16,1600.0,1600.21,21470060.0,1100.0,1100.05,24020116.0,0.0,577721.87,14.51,32.57,1009.55,1400.0,1400.44,22450138.0,0.0,0.0,22040109.0,2900.0,2899.56,22340093.0
0000000027-4125-asu-nz,0000000018-3024-oms-nz,CleaningCycle,bed29bbe-8d3a-4751-96da-ec41fc138f11,8431e6bd-5d3e-4c11-b2cc-504dddc0c609,1266.833984375,481357.15625,198427.421875,8103.8623046875,7117.54345703125,25920.44140625,182889.375,176372.234375,232527.875,68855.0859375,124321.546875,18609.59765625,272393.3125,5767.10986328125,19000.154296875,36914.5078125,254710.53125,51892.3359375,189185.90625,19444.81640625,6892.3798828125,13172.3525390625,25909.15625,45505.28515625,2894635.0,354596.9375,1401208.5,3521227.75,11220477,5534.10595703125,69312.3203125,140499488,59869436,20915.4296875,85827.6171875,202276.09375,672207.3125,4303.67626953125,2686693.75,1110580.5,62727.10546875,485323.46875,21059.720703125,826879.6875,691.7293090820312,424370.8125,439982.3125,235840.015625,925486.125,69444.5546875,77171.328125,17177.8203125,4148.24609375,274340.75,14872.1953125,139123.203125,31187.78515625,401609.125,1096535.375,58440.29296875,7247.81298828125,122021.8515625,13541.94921875,601720.25,108574,34.05128479003906,35.66300582885742,0,0,0,0,0,0,0,0,0,0,0,1,0,0,0,0,0,0,0,False,UNKNOWN,0,0,0,0,194695670,24484,0,37.56110763549805,13,,,"{'Type': 'start', 'Data_Type': 'Synthetical', 'Protocol_name': 'ABGv5-0ppb-6RH-75ccm-Anthony-Q425', 'Trial_Details': {'RH': 0, 'group': 35, 'detail': 'N/A', 'trialnum': 16, 'TrialName': '6rh', 'identifier': 'ckUf6', 'Concentration': 0}, 'Experiment_Rig': 'DA3'}",,2026-01-18 23:50:02.017,"{'cid': 'c04d07ee-94c6-44df-ad3c-f46614593299', 'uuid': '625ab483-3e03-4d85-b791-9a2f2e4ee7e1', 'annotationId': 'bed29bbe-8d3a-4751-96da-ec41fc138f11', 'name': 'CleaningCycle', 'description': 'CleaningCycle', 'labels': 'CleaningCycle', 'metadata': {'Length': 30, 'Progress': 69, 'startTime': 1768780172963, 'Notification': 'Event CleaningCycle Started.'}, 'createdAt': '2026-01-18T23:49:33.249Z', 'createdBy': '5c7b5d9f-c171-4004-a182-4277ffd4c9eb'}",29.82,20.18,1600.0,1600.17,21470060.0,1100.0,1100.33,24020116.0,0.0,577140.29,14.51,32.57,1009.55,1400.0,1400.54,22450138.0,0.0,0.0,22040109.0,2900.0,2899.47,22340093.0
0000000027-4125-asu-nz,0000000018-3024-oms-nz,CleaningCycle,bed29bbe-8d3a-4751-96da-ec41fc138f11,8431e6bd-5d3e-4c11-b2cc-504dddc0c609,1266.5560302734375,481249.25,198393.015625,8103.86376953125,7117.529296875,25918.361328125,182971.09375,176354.84375,232976.21875,68925.2578125,124291.8515625,18607.716796875,273018.875,5782.12255859375,18997.123046875,36916.90625,254637.90625,51886.5234375,189759.0,19441.70703125,6892.80078125,13179.17578125,25911.6953125,45508.71875,2892360.75,354018.25,1401233.375,3520298.0,11210694,5534.1015625,69549.640625,139716640,59642048,20918.3359375,85877.390625,202311.9375,672269.25,4301.66259765625,2684670.75,1109638.0,62723.36328125,485170.1875,21056.29296875,826024.375,692.5360107421875,424023.0,440980.71875,235794.765625,925995.0,69462.140625,77166.625,17178.275390625,4146.78076171875,274516.75,14858.1923828125,139918.140625,31191.158203125,401749.625,1097257.125,58436.28515625,7247.5537109375,122092.4140625,13543.5537109375,602591.1875,108875,33.890113830566406,35.743595123291016,0,0,0,0,0,0,0,0,0,0,0,1,0,0,0,0,0,0,0,False,UNKNOWN,0,0,0,0,194695670,24484,0,37.56110763549805,13,,,"{'Type': 'start', 'Data_Type': 'Synthetical', 'Protocol_name': 'ABGv5-0ppb-6RH-75ccm-Anthony-Q425', 'Trial_Details': {'RH': 0, 'group': 35, 'detail': 'N/A', 'trialnum': 16, 'TrialName': '6rh', 'identifier': 'ckUf6', 'Concentration': 0}, 'Experiment_Rig': 'DA3'}",,2026-01-18 23:50:02.317,"{'cid': 'c04d07ee-94c6-44df-ad3c-f46614593299', 'uuid': '625ab483-3e03-4d85-b791-9a2f2e4ee7e1', 'annotationId': 'bed29bbe-8d3a-4751-96da-ec41fc138f11', 'name': 'CleaningCycle', 'description': 'CleaningCycle', 'labels': 'CleaningCycle', 'metadata': {'Length': 30, 'Progress': 69, 'startTime': 1768780172963, 'Notification': 'Event CleaningCycle Started.'}, 'createdAt': '2026-01-18T23:49:33.249Z', 'createdBy': '5c7b5d9f-c171-4004-a182-4277ffd4c9eb'}",29.82,20.19,1600.0,1600.13,21470060.0,1100.0,1100.62,24020116.0,0.0,576258.4,14.51,32.57,1009.54,1400.0,1400.63,22450138.0,0.0,0.0,22040109.0,2900.0,2899.37,22340093.0
0000000027-4125-asu-nz,0000000018-3024-oms-nz,CleaningCycle,bed29bbe-8d3a-4751-96da-ec41fc138f11,8431e6bd-5d3e-4c11-b2cc-504dddc0c609,1265.8800048828125,481392.25,198347.59375,8104.296875,7117.7333984375,25917.646484375,182887.703125,176324.421875,232722.421875,68818.3828125,124312.9375,18608.359375,272631.625,5787.34228515625,18998.39453125,36918.7578125,254522.484375,51891.80859375,189870.203125,19443.458984375,6892.521484375,13170.021484375,25911.572265625,45506.65234375,2890140.0,354318.03125,1402172.25,3518728.5,11197325,5535.833984375,69049.140625,138498384,59668792,20916.068359375,85857.34375,202396.828125,672441.9375,4301.38818359375,2682906.75,1107445.5,62714.48828125,485006.75,21053.279296875,825831.875,693.157470703125,423909.71875,440915.53125,235736.53125,926240.3125,69470.8515625,77191.3359375,17178.25,4146.35791015625,274572.84375,14886.037109375,139111.984375,31195.759765625,401818.28125,1098115.125,58433.96875,7247.9140625,122094.890625,13533.6689453125,603384.25,109177,33.890113830566406,35.582420349121094,0,0,0,0,0,0,0,0,0,0,0,1,0,0,0,0,0,0,0,False,UNKNOWN,0,0,0,0,194695670,24484,0,37.56110763549805,13,,,"{'Type': 'start', 'Data_Type': 'Synthetical', 'Protocol_name': 'ABGv5-0ppb-6RH-75ccm-Anthony-Q425', 'Trial_Details': {'RH': 0, 'group': 35, 'detail': 'N/A', 'trialnum': 16, 'TrialName': '6rh', 'identifier': 'ckUf6', 'Concentration': 0}, 'Experiment_Rig': 'DA3'}",,2026-01-18 23:50:02.619,"{'cid': 'c04d07ee-94c6-44df-ad3c-f46614593299', 'uuid': '625ab483-3e03-4d85-b791-9a2f2e4ee7e1', 'annotationId': 'bed29bbe-8d3a-4751-96da-ec41fc138f11', 'name': 'CleaningCycle', 'description': 'CleaningCycle', 'labels': 'CleaningCycle', 'metadata': {'Length': 30, 'Progress': 69, 'startTime': 1768780172963, 'Notification': 'Event CleaningCycle Started.'}, 'createdAt': '2026-01-18T23:49:33.249Z', 'createdBy': '5c7b5d9f-c171-4004-a182-4277ffd4c9eb'}",29.82,20.19,1600.0,1600.09,21470060.0,1100.0,1100.93,24020116.0,0.0,575370.64,14.51,32.57,1009.54,1400.0,1400.21,22450138.0,0.0,0.0,22040109.0,2900.0,2899.15,22340093.0
0000000027-4125-asu-nz,0000000018-3024-oms-nz,CleaningCycle,bed29bbe-8d3a-4751-96da-ec41fc138f11,8431e6bd-5d3e-4c11-b2cc-504dddc0c609,1267.0721435546875,480754.71875,198316.84375,8103.837890625,7116.8486328125,25915.353515625,182884.234375,176315.6875,232716.296875,68935.59375,124313.0703125,18608.353515625,271498.84375,5775.14697265625,18999.263671875,36915.5859375,254849.71875,51900.23828125,189641.578125,19450.1796875,6892.46484375,13176.970703125,25912.478515625,45507.4375,2888668.0,354587.5625,1400106.5,3517642.25,11183822,5534.75244140625,69166.7109375,137403808,59806604,20911.34765625,85869.9921875,202369.015625,672632.9375,4301.26708984375,2681313.5,1105896.625,62714.98046875,485044.75,21053.43359375,824175.4375,692.8836669921875,423932.84375,440444.625,235726.21875,926300.625,69470.1875,77200.9765625,17182.177734375,4153.28271484375,274572.6875,14850.3359375,139788.6875,31192.484375,401696.78125,1098745.125,58438.421875,7248.7158203125,122369.3828125,13543.0849609375,604155.0625,109478,34.05128479003906,35.743595123291016,0,0,0,0,0,0,0,0,0,0,0,1,0,0,0,0,0,0,0,False,UNKNOWN,0,0,0,0,194695670,24484,0,37.56110763549805,13,,,"{'Type': 'start', 'Data_Type': 'Synthetical', 'Protocol_name': 'ABGv5-0ppb-6RH-75ccm-Anthony-Q425', 'Trial_Details': {'RH': 0, 'group': 35, 'detail': 'N/A', 'trialnum': 16, 'TrialName': '6rh', 'identifier': 'ckUf6', 'Concentration': 0}, 'Experiment_Rig': 'DA3'}",,2026-01-18 23:50:02.920,"{'cid': 'c04d07ee-94c6-44df-ad3c-f46614593299', 'uuid': '625ab483-3e03-4d85-b791-9a2f2e4ee7e1', 'annotationId': 'bed29bbe-8d3a-4751-96da-ec41fc138f11', 'name': 'CleaningCycle', 'description': 'CleaningCycle', 'labels': 'CleaningCycle', 'metadata': {'Length': 30, 'Progress': 69, 'startTime': 1768780172963, 'Notification': 'Event CleaningCycle Started.'}, 'createdAt': '2026-01-18T23:49:33.249Z', 'createdBy': '5c7b5d9f-c171-4004-a182-4277ffd4c9eb'}",29.81,20.18,1600.0,1600.05,21470060.0,1100.0,1101.24,24020116.0,0.0,574485.82,14.51,32.57,1009.53,1400.0,1399.76,22450138.0,0.0,0.0,22040109.0,2900.0,2898.91,22340093.0
0000000027-4125-asu-nz,0000000018-3024-oms-nz,CleaningCycle,bed29bbe-8d3a-4751-96da-ec41fc138f11,8431e6bd-5d3e-4c11-b2cc-504dddc0c609,1266.825927734375,481237.84375,198284.78125,8104.4453125,7117.2734375,25916.755859375,182916.015625,176301.921875,232821.96875,68972.296875,124315.7734375,18610.443359375,272318.40625,5776.4140625,18997.501953125,36918.74609375,254768.890625,51896.72265625,189551.328125,19446.681640625,6892.22265625,13169.59375,25914.59375,45512.15625,2888689.75,355363.3125,1403141.5,3515976.75,11174990,5535.2001953125,69820.4140625,136629200,60058800,20911.037109375,85861.9140625,202378.328125,672791.9375,4301.5009765625,2676823.75,1105463.0,62715.19140625,485246.84375,21052.05859375,823112.6875,692.6741333007812,424052.53125,440902.1875,235707.828125,926106.0,69467.546875,77205.640625,17184.5390625,4149.02099609375,274466.8125,14862.8759765625,139842.921875,31193.732421875,401580.96875,1099043.25,58434.48046875,7247.609375,122274.78125,13544.32421875,604792.9375,109779,33.80952835083008,35.582420349121094,0,0,0,0,0,0,0,0,0,0,0,1,0,0,0,0,0,0,0,False,UNKNOWN,0,0,0,0,194695670,24484,0,37.56110763549805,13,,,"{'Type': 'start', 'Data_Type': 'Synthetical', 'Protocol_name': 'ABGv5-0ppb-6RH-75ccm-Anthony-Q425', 'Trial_Details': {'RH': 0, 'group': 35, 'detail': 'N/A', 'trialnum': 16, 'TrialName': '6rh', 'identifier': 'ckUf6', 'Concentration': 0}, 'Experiment_Rig': 'DA3'}",,2026-01-18 23:50:03.221,"{'cid': 'c04d07ee-94c6-44df-ad3c-f46614593299', 'uuid': '625ab483-3e03-4d85-b791-9a2f2e4ee7e1', 'annotationId': 'bed29bbe-8d3a-4751-96da-ec41fc138f11', 'name': 'CleaningCycle', 'description': 'CleaningCycle', 'labels': 'CleaningCycle', 'metadata': {'Length': 30, 'Progress': 69, 'startTime': 1768780172963, 'Notification': 'Event CleaningCycle Started.'}, 'createdAt': '2026-01-18T23:49:33.249Z', 'createdBy': '5c7b5d9f-c171-4004-a182-4277ffd4c9eb'}",29.8,20.17,1600.0,1600.01,21470060.0,1100.0,1101.55,24020116.0,0.0,575221.11,14.52,32.57,1009.53,1400.0,1399.31,22450138.0,0.0,0.0,22040109.0,2900.0,2898.67,22340093.0
0000000027-4125-asu-nz,0000000018-3024-oms-nz,CleaningCycle,bed29bbe-8d3a-4751-96da-ec41fc138f11,8431e6bd-5d3e-4c11-b2cc-504dddc0c609,1266.686279296875,481430.0,198306.78125,8104.25830078125,7117.2451171875,25917.189453125,182927.265625,176294.34375,233159.09375,68919.6796875,124325.015625,18610.19921875,272120.84375,5800.138671875,18999.859375,36914.921875,254810.71875,51893.17578125,189809.9375,19446.904296875,6892.552734375,13170.5625,25916.99609375,45510.68359375,2888585.75,354640.78125,1406055.375,3515857.75,11170937,5534.65234375,69783.09375,136266000,60364448,20912.98828125,85853.953125,202419.40625,672925.6875,4301.96630859375,2676894.75,1105770.625,62708.7421875,484906.96875,21051.935546875,823121.4375,692.7141723632812,423954.1875,441296.25,235695.578125,925288.6875,69467.578125,77146.96875,17181.734375,4147.734375,274113.09375,14870.171875,139278.75,31198.1328125,401536.46875,1099235.625,58423.39453125,7248.431640625,122261.1328125,13547.6474609375,605690.5625,110080,33.970699310302734,35.66300582885742,0,0,0,0,0,0,0,0,0,0,0,1,0,0,0,0,0,0,0,False,UNKNOWN,0,0,0,0,194695670,24484,0,37.56110763549805,13,,,"{'Type': 'start', 'Data_Type': 'Synthetical', 'Protocol_name': 'ABGv5-0ppb-6RH-75ccm-Anthony-Q425', 'Trial_Details': {'RH': 0, 'group': 35, 'detail': 'N/A', 'trialnum': 16, 'TrialName': '6rh', 'identifier': 'ckUf6', 'Concentration': 0}, 'Experiment_Rig': 'DA3'}",,2026-01-18 23:50:03.522,"{'cid': 'c04d07ee-94c6-44df-ad3c-f46614593299', 'uuid': '625ab483-3e03-4d85-b791-9a2f2e4ee7e1', 'annotationId': 'bed29bbe-8d3a-4751-96da-ec41fc138f11', 'name': 'CleaningCycle', 'description': 'CleaningCycle', 'labels': 'CleaningCycle', 'metadata': {'Length': 30, 'Progress': 69, 'startTime': 1768780172963, 'Notification': 'Event CleaningCycle Started.'}, 'createdAt': '2026-01-18T23:49:33.249Z', 'createdBy': '5c7b5d9f-c171-4004-a182-4277ffd4c9eb'}",29.8,20.17,1600.0,1599.88,21470060.0,1100.0,1101.33,24020116.0,0.0,575978.22,14.53,32.57,1009.54,1400.0,1399.15,22450138.0,0.0,0.01,22040109.0,2900.0,2898.48,22340093.0
0000000027-4125-asu-nz,0000000018-3024-oms-nz,CleaningCycle,bed29bbe-8d3a-4751-96da-ec41fc138f11,8431e6bd-5d3e-4c11-b2cc-504dddc0c609,1266.95556640625,480855.65625,198301.0625,8104.45849609375,7117.47998046875,25916.41015625,182863.515625,176303.140625,233032.46875,68931.9296875,124351.296875,18609.59765625,271585.3125,5798.0751953125,19000.55078125,36917.89453125,254537.515625,51895.0625,189780.53125,19441.884765625,6892.72119140625,13179.3515625,25917.1640625,45513.61328125,2890471.25,355230.9375,1408253.25,3516909.0,11168550,5534.5712890625,69908.140625,136134784,60721356,20911.029296875,85880.3125,202358.0,672940.375,4300.72705078125,2677265.0,1106012.75,62708.234375,484616.90625,21049.181640625,823130.375,692.7544555664062,423722.21875,441220.09375,235676.3125,924211.3125,69467.3125,77152.8984375,17176.484375,4145.822265625,274383.9375,14851.9853515625,139434.359375,31198.0546875,401420.15625,1099089.75,58427.78515625,7248.01220703125,122316.171875,13546.27734375,605715.625,110381,33.890113830566406,35.66300582885742,0,0,0,0,0,0,0,0,0,0,0,1,0,0,0,0,0,0,0,False,UNKNOWN,0,0,0,0,194695670,24484,0,37.56110763549805,13,,,"{'Type': 'start', 'Data_Type': 'Synthetical', 'Protocol_name': 'ABGv5-0ppb-6RH-75ccm-Anthony-Q425', 'Trial_Details': {'RH': 0, 'group': 35, 'detail': 'N/A', 'trialnum': 16, 'TrialName': '6rh', 'identifier': 'ckUf6', 'Concentration': 0}, 'Experiment_Rig': 'DA3'}",,2026-01-18 23:50:03.823,"{'cid': 'c04d07ee-94c6-44df-ad3c-f46614593299', 'uuid': '625ab483-3e03-4d85-b791-9a2f2e4ee7e1', 'annotationId': 'bed29bbe-8d3a-4751-96da-ec41fc138f11', 'name': 'CleaningCycle', 'description': 'CleaningCycle', 'labels': 'CleaningCycle', 'metadata': {'Length': 30, 'Progress': 69, 'startTime': 1768780172963, 'Notification': 'Event CleaningCycle Started.'}, 'createdAt': '2026-01-18T23:49:33.249Z', 'createdBy': '5c7b5d9f-c171-4004-a182-4277ffd4c9eb'}",29.8,20.17,1600.0,1599.69,21470060.0,1100.0,1100.73,24020116.0,0.0,576735.33,14.53,32.57,1009.54,1400.0,1399.2,22450138.0,0.0,0.03,22040109.0,2900.0,2898.34,22340093.0
0000000027-4125-asu-nz,0000000018-3024-oms-nz,CleaningCycle,bed29bbe-8d3a-4751-96da-ec41fc138f11,8431e6bd-5d3e-4c11-b2cc-504dddc0c609,1266.24169921875,480939.78125,198322.78125,8104.6796875,7117.81298828125,25915.8125,182941.375,176318.375,232784.921875,68866.34375,124345.6484375,18607.419921875,272264.40625,5781.3984375,18998.728515625,36920.859375,254629.84375,51895.52734375,189599.609375,19447.67578125,6892.6064453125,13160.384765625,25916.06640625,45510.37109375,2892750.0,354546.5625,1408052.75,3518817.75,11172521,5535.125,70442.2265625,136507760,61048544,20914.349609375,85847.34375,202333.21875,672991.3125,4301.00341796875,2683752.25,1108450.375,62706.59375,484883.4375,21053.521484375,822745.375,693.3568115234375,423959.0625,440959.40625,235682.609375,923020.3125,69453.171875,77150.90625,17177.748046875,4140.3349609375,274397.9375,14842.5869140625,139344.53125,31196.31640625,401316.75,1098743.5,58425.6875,7247.958984375,122248.1484375,13535.857421875,605416.5,110682,33.80952835083008,35.582420349121094,0,0,0,0,0,0,0,0,0,0,0,1,0,0,0,0,0,0,0,False,UNKNOWN,0,0,0,0,194695670,24484,0,37.56110763549805,13,,,"{'Type': 'start', 'Data_Type': 'Synthetical', 'Protocol_name': 'ABGv5-0ppb-6RH-75ccm-Anthony-Q425', 'Trial_Details': {'RH': 0, 'group': 35, 'detail': 'N/A', 'trialnum': 16, 'TrialName': '6rh', 'identifier': 'ckUf6', 'Concentration': 0}, 'Experiment_Rig': 'DA3'}",,2026-01-18 23:50:04.123,"{'cid': 'c04d07ee-94c6-44df-ad3c-f46614593299', 'uuid': '625ab483-3e03-4d85-b791-9a2f2e4ee7e1', 'annotationId': 'bed29bbe-8d3a-4751-96da-ec41fc138f11', 'name': 'CleaningCycle', 'description': 'CleaningCycle', 'labels': 'CleaningCycle', 'metadata': {'Length': 30, 'Progress': 69, 'startTime': 1768780172963, 'Notification': 'Event CleaningCycle Started.'}, 'createdAt': '2026-01-18T23:49:33.249Z', 'createdBy': '5c7b5d9f-c171-4004-a182-4277ffd4c9eb'}",29.81,20.17,1600.0,1599.5,21470060.0,1100.0,1100.14,24020116.0,0.0,577389.31,14.54,32.57,1009.54,1400.0,1399.24,22450138.0,0.0,0.04,22040109.0,2900.0,2898.2,22340093.0
0000000027-4125-asu-nz,0000000018-3024-oms-nz,CleaningCycle,bed29bbe-8d3a-4751-96da-ec41fc138f11,8431e6bd-5d3e-4c11-b2cc-504dddc0c609,1267.8653564453125,481061.28125,198369.890625,8103.8642578125,7117.900390625,25918.60546875,182988.265625,176346.328125,232852.546875,69000.0859375,124363.9609375,18611.041015625,271340.875,5762.890625,18999.798828125,36931.29296875,255005.171875,51920.859375,189407.390625,19447.640625,6892.4375,13167.796875,25918.70703125,45509.703125,2894577.75,354471.71875,1409555.625,3520402.0,11179485,5534.71435546875,68187.9140625,137117232,61289444,20914.890625,85852.359375,202317.640625,672806.875,4301.5078125,2688084.75,1107992.875,62702.4609375,484404.40625,21052.279296875,822669.0,693.0245971679688,424041.3125,440690.9375,235706.0,922471.375,69459.328125,77160.71875,17177.701171875,4150.06298828125,274683.0625,14863.623046875,138638.953125,31194.98828125,401315.5,1098089.625,58417.36328125,7248.26025390625,122245.0234375,13535.5322265625,605416.0,110983,33.890113830566406,35.582420349121094,0,0,0,0,0,0,0,0,0,0,0,1,0,0,0,0,0,0,0,False,UNKNOWN,0,0,0,0,194700703,24484,0,38.22237396240234,13,,,"{'Type': 'start', 'Data_Type': 'Synthetical', 'Protocol_name': 'ABGv5-0ppb-6RH-75ccm-Anthony-Q425', 'Trial_Details': {'RH': 0, 'group': 35, 'detail': 'N/A', 'trialnum': 16, 'TrialName': '6rh', 'identifier': 'ckUf6', 'Concentration': 0}, 'Experiment_Rig': 'DA3'}",,2026-01-18 23:50:04.426,"{'cid': 'c04d07ee-94c6-44df-ad3c-f46614593299', 'uuid': '625ab483-3e03-4d85-b791-9a2f2e4ee7e1', 'annotationId': 'bed29bbe-8d3a-4751-96da-ec41fc138f11', 'name': 'CleaningCycle', 'description': 'CleaningCycle', 'labels': 'CleaningCycle', 'metadata': {'Length': 30, 'Progress': 69, 'startTime': 1768780172963, 'Notification': 'Event CleaningCycle Started.'}, 'createdAt': '2026-01-18T23:49:33.249Z', 'createdBy': '5c7b5d9f-c171-4004-a182-4277ffd4c9eb'}",29.81,20.17,1600.0,1599.36,21470060.0,1100.0,1099.68,24020116.0,0.0,577389.31,14.54,32.57,1009.54,1400.0,1399.28,22450138.0,0.0,0.06,22040109.0,2900.0,2898.08,22340093.0
