delta_seconds,AQGR0,AQH0,AQP0,AQT0,BT1,BT2,DPP0,DPT0,TRHH0,TRHSN,TRHT0,AQGR0_std,AQH0_std,AQP0_std,AQT0_std,BT1_std,BT2_std,DPP0_std,DPT0_std,TRHH0_std,TRHSN_std,TRHT0_std,median_time_AmbientSamplingRFC,median_time_BreathSampleCollection,median_time_FeNOWindow,median_time_FeNOMeasurement,median_time_CleaningCycle,min_time_AmbientSamplingRFC,min_time_BreathSampleCollection,min_time_FeNOWindow,min_time_FeNOMeasurement,min_time_CleaningCycle,max_time_AmbientSamplingRFC,max_time_BreathSampleCollection,max_time_FeNOWindow,max_time_FeNOMeasurement,max_time_CleaningCycle,event_name,unadjusted_delta_seconds
0.0,0.0,0.0,0.0,0.0,34.002934265136716,35.63077239990234,0.0,0.0,0.0,0.0,0.0,0.0,0.0,0.0,0.0,0.08058547973632812,0.08058547973632812,0.0,0.0,0.0,0.0,0.0,0.0,31.54146348730862,39.73011266189835,44.2793622033371,75.51754238788314,0.0,30.93489688178345,39.42682935913577,43.672795597811934,75.21425908512055,0.0,31.54146348730862,40.03339596466094,44.58264550609968,75.82082569064572,AmbientSamplingRFC,0.0
0.30328330276258286,0.0,0.0,0.0,0.0,33.938484873968505,35.598165289995364,0.0,0.0,0.0,0.0,0.0,0.0,0.0,0.0,0.0,0.07997620474127842,0.16009992966536402,0.0,0.0,0.0,0.0,0.0,0.0,31.54146348730862,39.73011266189835,44.2793622033371,75.51754238788314,0.0,30.93489688178345,39.42682935913577,43.672795597811934,75.21425908512055,0.0,31.54146348730862,40.03339596466094,44.58264550609968,75.82082569064572,AmbientSamplingRFC,0.30328330276258286
0.6065666055251657,0.0,0.0,0.0,0.0,33.93960821307715,35.56788893099808,0.0,0.0,0.0,0.0,0.0,0.0,0.0,0.0,0.0,0.07963691004234619,0.08056631671220771,0.0,0.0,0.0,0.0,0.0,0.0,31.54146348730862,39.73011266189835,44.2793622033371,75.51754238788314,0.0,30.93489688178345,39.42682935913577,43.672795597811934,75.21425908512055,0.0,31.54146348730862,40.03339596466094,44.58264550609968,75.82082569064572,AmbientSamplingRFC,0.6065666055251657
0.9098499082877486,0.0,0.0,0.0,0.0,33.97264755186232,35.63103678622,0.0,0.0,0.0,0.0,0.0,0.0,0.0,0.0,0.0,0.07738827338219068,0.07691424901631194,0.0,0.0,0.0,0.0,0.0,0.0,31.54146348730862,39.73011266189835,44.2793622033371,75.51754238788314,0.0,30.93489688178345,39.42682935913577,43.672795597811934,75.21425908512055,0.0,31.54146348730862,40.03339596466094,44.58264550609968,75.82082569064572,AmbientSamplingRFC,0.9098499082877486
1.2131332110503315,0.0,0.0,0.0,0.0,34.002233182701424,35.61499380629381,0.0,0.0,0.0,0.0,0.0,0.0,0.0,0.0,0.0,0.22984095791573367,0.07133461586222012,0.0,0.0,0.0,0.0,0.0,0.0,31.54146348730862,39.73011266189835,44.2793622033371,75.51754238788314,0.0,30.93489688178345,39.42682935913577,43.672795597811934,75.21425908512055,0.0,31.54146348730862,40.03339596466094,44.58264550609968,75.82082569064572,AmbientSamplingRFC,1.2131332110503315
1.5164165138129144,0.0,0.0,0.0,0.0,33.98461933812581,35.63010313152271,0.0,0.0,0.0,0.0,0.0,0.0,0.0,0.0,0.0,0.08024755296139574,0.23437865125222856,0.0,0.0,0.0,0.0,0.0,0.0,31.54146348730862,39.73011266189835,44.2793622033371,75.51754238788314,0.0,30.93489688178345,39.42682935913577,43.672795597811934,75.21425908512055,0.0,31.54146348730862,40.03339596466094,44.58264550609968,75.82082569064572,AmbientSamplingRFC,1.5164165138129144
1.8196998165754972,0.0,0.0,0.0,0.0,33.938368305991304,35.6134008573851,0.0,0.0,0.0,0.0,0.0,0.0,0.0,0.0,0.0,0.07792675738227928,0.07611450721059754,0.0,0.0,0.0,0.0,0.0,0.0,31.54146348730862,39.73011266189835,44.2793622033371,75.51754238788314,0.0,30.93489688178345,39.42682935913577,43.672795597811934,75.21425908512055,0.0,31.54146348730862,40.03339596466094,44.58264550609968,75.82082569064572,AmbientSamplingRFC,1.8196998165754972
2.12298311933808,0.0,0.0,0.0,0.0,33.940400721883066,35.60413319883651,0.0,0.0,0.0,0.0,0.0,0.0,0.0,0.0,0.0,0.08058547973632812,0.0053341896312630865,0.0,0.0,0.0,0.0,0.0,0.0,31.54146348730862,39.73011266189835,44.2793622033371,75.51754238788314,0.0,30.93489688178345,39.42682935913577,43.672795597811934,75.21425908512055,0.0,31.54146348730862,40.03339596466094,44.58264550609968,75.82082569064572,AmbientSamplingRFC,2.12298311933808
2.426266422100663,0.0,0.0,0.0,0.0,33.972973021971505,35.690599204511344,0.0,0.0,0.0,0.0,0.0,0.0,0.0,0.0,0.0,0.15547738861798166,0.07343808177099476,0.0,0.0,0.0,0.0,0.0,0.0,31.54146348730862,39.73011266189835,44.2793622033371,75.51754238788314,0.0,30.93489688178345,39.42682935913577,43.672795597811934,75.21425908512055,0.0,31.54146348730862,40.03339596466094,44.58264550609968,75.82082569064572,AmbientSamplingRFC,2.426266422100663
2.729549724863246,0.0,0.0,0.0,0.0,33.99546881246147,35.61476552066274,0.0,0.0,0.0,0.0,0.0,0.0,0.0,0.0,0.0,0.13826921237745182,0.09294791619761611,0.0,0.0,0.0,0.0,0.0,0.0,31.54146348730862,39.73011266189835,44.2793622033371,75.51754238788314,0.0,30.93489688178345,39.42682935913577,43.672795597811934,75.21425908512055,0.0,31.54146348730862,40.03339596466094,44.58264550609968,75.82082569064572,AmbientSamplingRFC,2.729549724863246
3.032833027625829,0.0,0.0,0.0,0.0,33.909283260858416,35.6118764966102,0.0,0.0,0.0,0.0,0.0,0.0,0.0,0.0,0.0,0.1473844235503421,0.23484375733000462,0.0,0.0,0.0,0.0,0.0,0.0,31.54146348730862,39.73011266189835,44.2793622033371,75.51754238788314,0.0,30.93489688178345,39.42682935913577,43.672795597811934,75.21425908512055,0.0,31.54146348730862,40.03339596466094,44.58264550609968,75.82082569064572,AmbientSamplingRFC,3.032833027625829
3.3361163303884114,0.0,0.0,0.0,0.0,33.94402908860444,35.59147316333797,0.0,0.0,0.0,0.0,0.0,0.0,0.0,0.0,0.0,0.0,0.17602880603278237,0.0,0.0,0.0,0.0,0.0,0.0,31.54146348730862,39.73011266189835,44.2793622033371,75.51754238788314,0.0,30.93489688178345,39.42682935913577,43.672795597811934,75.21425908512055,0.0,31.54146348730862,40.03339596466094,44.58264550609968,75.82082569064572,AmbientSamplingRFC,3.3361163303884114
3.6393996331509944,0.0,0.0,0.0,0.0,34.001422789523076,35.679088183657335,0.0,0.0,0.0,0.0,0.0,0.0,0.0,0.0,0.0,0.0071630542166190025,0.2274338063935204,0.0,0.0,0.0,0.0,0.0,0.0,31.54146348730862,39.73011266189835,44.2793622033371,75.51754238788314,0.0,30.93489688178345,39.42682935913577,43.672795597811934,75.21425908512055,0.0,31.54146348730862,40.03339596466094,44.58264550609968,75.82082569064572,AmbientSamplingRFC,3.6393996331509944
3.9426829359135773,0.0,0.0,0.0,0.0,33.98507218766074,35.674997114031626,0.0,0.0,0.0,0.0,0.0,0.0,0.0,0.0,0.0,0.00824199703438211,0.02232178658695716,0.0,0.0,0.0,0.0,0.0,0.0,31.54146348730862,39.73011266189835,44.2793622033371,75.51754238788314,0.0,30.93489688178345,39.42682935913577,43.672795597811934,75.21425908512055,0.0,31.54146348730862,40.03339596466094,44.58264550609968,75.82082569064572,AmbientSamplingRFC,3.9426829359135773
4.24596623867616,0.0,0.0,0.0,0.0,33.974356097101534,35.632449706874816,0.0,0.0,0.0,0.0,0.0,0.0,0.0,0.0,0.0,0.03658069063599356,0.08147412383606678,0.0,0.0,0.0,0.0,0.0,0.0,31.54146348730862,39.73011266189835,44.2793622033371,75.51754238788314,0.0,30.93489688178345,39.42682935913577,43.672795597811934,75.21425908512055,0.0,31.54146348730862,40.03339596466094,44.58264550609968,75.82082569064572,AmbientSamplingRFC,4.24596623867616
4.549249541438743,0.0,0.0,0.0,0.0,33.993255483432094,35.6449115602869,0.0,0.0,0.0,0.0,0.0,0.0,0.0,0.0,0.0,0.13336054633600725,0.1421437915798478,0.0,0.0,0.0,0.0,0.0,0.0,31.54146348730862,39.73011266189835,44.2793622033371,75.51754238788314,0.0,30.93489688178345,39.42682935913577,43.672795597811934,75.21425908512055,0.0,31.54146348730862,40.03339596466094,44.58264550609968,75.82082569064572,AmbientSamplingRFC,4.549249541438743
4.852532844201326,0.0,0.0,0.0,0.0,33.93163658627289,35.630109604272604,0.0,0.0,0.0,0.0,0.0,0.0,0.0,0.0,0.0,0.04950522688225334,0.059753371224068985,0.0,0.0,0.0,0.0,0.0,0.0,31.54146348730862,39.73011266189835,44.2793622033371,75.51754238788314,0.0,30.93489688178345,39.42682935913577,43.672795597811934,75.21425908512055,0.0,31.54146348730862,40.03339596466094,44.58264550609968,75.82082569064572,AmbientSamplingRFC,4.852532844201326
5.155816146963908,0.0,0.0,0.0,0.0,33.998831849581926,35.63532703884316,0.0,0.0,0.0,0.0,0.0,0.0,0.0,0.0,0.0,0.16117095947265625,0.09108268073113379,0.0,0.0,0.0,0.0,0.0,0.0,31.54146348730862,39.73011266189835,44.2793622033371,75.51754238788314,0.0,30.93489688178345,39.42682935913577,43.672795597811934,75.21425908512055,0.0,31.54146348730862,40.03339596466094,44.58264550609968,75.82082569064572,AmbientSamplingRFC,5.155816146963908
5.459099449726492,0.0,0.0,0.0,0.0,33.970699310302734,35.65818329959915,0.0,0.0,0.0,0.0,0.0,0.0,0.0,0.0,0.0,0.16117095947265625,0.18478789916871108,0.0,0.0,0.0,0.0,0.0,0.0,31.54146348730862,39.73011266189835,44.2793622033371,75.51754238788314,0.0,30.93489688178345,39.42682935913577,43.672795597811934,75.21425908512055,0.0,31.54146348730862,40.03339596466094,44.58264550609968,75.82082569064572,AmbientSamplingRFC,5.459099449726492
5.762382752489074,0.0,0.0,0.0,0.0,33.9680625424697,35.63089336079968,0.0,0.0,0.0,0.0,0.0,0.0,0.0,0.0,0.0,0.11516743969482945,0.1363384630144182,0.0,0.0,0.0,0.0,0.0,0.0,31.54146348730862,39.73011266189835,44.2793622033371,75.51754238788314,0.0,30.93489688178345,39.42682935913577,43.672795597811934,75.21425908512055,0.0,31.54146348730862,40.03339596466094,44.58264550609968,75.82082569064572,AmbientSamplingRFC,5.762382752489074
6.065666055251658,0.0,0.0,0.0,0.0,33.95982142488057,35.63067661933958,0.0,0.0,0.0,0.0,0.0,0.0,0.0,0.0,0.0,0.05492105105633982,0.0420328321789043,0.0,0.0,0.0,0.0,0.0,0.0,31.54146348730862,39.73011266189835,44.2793622033371,75.51754238788314,0.0,30.93489688178345,39.42682935913577,43.672795597811934,75.21425908512055,0.0,31.54146348730862,40.03339596466094,44.58264550609968,75.82082569064572,AmbientSamplingRFC,6.065666055251658
6.36894935801424,0.0,0.0,0.0,0.0,33.98321118594997,35.636113577686956,0.0,0.0,0.0,0.0,0.0,0.0,0.0,0.0,0.0,0.07955797041834956,0.14811315993693341,0.0,0.0,0.0,0.0,0.0,0.0,31.54146348730862,39.73011266189835,44.2793622033371,75.51754238788314,0.0,30.93489688178345,39.42682935913577,43.672795597811934,75.21425908512055,0.0,31.54146348730862,40.03339596466094,44.58264550609968,75.82082569064572,AmbientSamplingRFC,6.36894935801424
6.672232660776823,0.0,0.0,0.0,0.0,33.96087098558733,35.66582032490442,0.0,0.0,0.0,0.0,0.0,0.0,0.0,0.0,0.0,0.12006390927755461,0.08058929443359375,0.0,0.0,0.0,0.0,0.0,0.0,31.54146348730862,39.73011266189835,44.2793622033371,75.51754238788314,0.0,30.93489688178345,39.42682935913577,43.672795597811934,75.21425908512055,0.0,31.54146348730862,40.03339596466094,44.58264550609968,75.82082569064572,AmbientSamplingRFC,6.672232660776823
6.975515963539406,0.0,0.0,0.0,0.0,33.94922781997037,35.67077761774883,0.0,0.0,0.0,0.0,0.0,0.0,0.0,0.0,0.0,0.03782708910384969,0.07956366132145831,0.0,0.0,0.0,0.0,0.0,0.0,31.54146348730862,39.73011266189835,44.2793622033371,75.51754238788314,0.0,30.93489688178345,39.42682935913577,43.672795597811934,75.21425908512055,0.0,31.54146348730862,40.03339596466094,44.58264550609968,75.82082569064572,AmbientSamplingRFC,6.975515963539406
7.278799266301989,0.0,0.0,0.0,0.0,33.93403142124954,35.63354600038403,0.0,0.0,0.0,0.0,0.0,0.0,0.0,0.0,0.0,0.015474357486226609,0.08058547973632812,0.0,0.0,0.0,0.0,0.0,0.0,31.54146348730862,39.73011266189835,44.2793622033371,75.51754238788314,0.0,30.93489688178345,39.42682935913577,43.672795597811934,75.21425908512055,0.0,31.54146348730862,40.03339596466094,44.58264550609968,75.82082569064572,AmbientSamplingRFC,7.278799266301989
7.582082569064571,0.0,0.0,0.0,0.0,33.980822886754694,35.64620612227096,0.0,0.0,0.0,0.0,0.0,0.0,0.0,0.0,0.0,0.050617882259778924,0.06495426534275595,0.0,0.0,0.0,0.0,0.0,0.0,31.54146348730862,39.73011266189835,44.2793622033371,75.51754238788314,0.0,30.93489688178345,39.42682935913577,43.672795597811934,75.21425908512055,0.0,31.54146348730862,40.03339596466094,44.58264550609968,75.82082569064572,AmbientSamplingRFC,7.582082569064571
7.885365871827155,0.0,0.0,0.0,0.0,33.947662425832554,35.644394779200205,0.0,0.0,0.0,0.0,0.0,0.0,0.0,0.0,0.0,0.06605671492977905,0.1301613275424245,0.0,0.0,0.0,0.0,0.0,0.0,31.54146348730862,39.73011266189835,44.2793622033371,75.51754238788314,0.0,30.93489688178345,39.42682935913577,43.672795597811934,75.21425908512055,0.0,31.54146348730862,40.03339596466094,44.58264550609968,75.82082569064572,AmbientSamplingRFC,7.885365871827155
8.188649174589738,0.0,0.0,0.0,0.0,33.92269991380472,35.63129530563667,0.0,0.0,0.0,0.0,0.0,0.0,0.0,0.0,0.0,0.09762600886966766,0.015972035391918382,0.0,0.0,0.0,0.0,0.0,0.0,31.54146348730862,39.73011266189835,44.2793622033371,75.51754238788314,0.0,30.93489688178345,39.42682935913577,43.672795597811934,75.21425908512055,0.0,31.54146348730862,40.03339596466094,44.58264550609968,75.82082569064572,AmbientSamplingRFC,8.188649174589738
8.49193247735232,0.0,0.0,0.0,0.0,33.93625962832804,35.63378914127062,0.0,0.0,0.0,0.0,0.0,0.0,0.0,0.0,0.0,0.06421790333979516,0.09823814362364658,0.0,0.0,0.0,0.0,0.0,0.0,31.54146348730862,39.73011266189835,44.2793622033371,75.51754238788314,0.0,30.93489688178345,39.42682935913577,43.672795597811934,75.21425908512055,0.0,31.54146348730862,40.03339596466094,44.58264550609968,75.82082569064572,AmbientSamplingRFC,8.49193247735232
8.795215780114903,0.0,0.0,0.0,0.0,33.99773793565881,35.6577524361151,0.0,0.0,0.0,0.0,0.0,0.0,0.0,0.0,0.0,0.09772077591911454,0.10858247612956262,0.0,0.0,0.0,0.0,0.0,0.0,31.54146348730862,39.73011266189835,44.2793622033371,75.51754238788314,0.0,30.93489688178345,39.42682935913577,43.672795597811934,75.21425908512055,0.0,31.54146348730862,40.03339596466094,44.58264550609968,75.82082569064572,AmbientSamplingRFC,8.795215780114903
9.098499082877487,0.0,0.0,0.0,0.0,34.0241283850401,35.676661836443316,0.0,0.0,0.0,0.0,0.0,0.0,0.0,0.0,0.0,0.05606949323237842,0.0632329979655708,0.0,0.0,0.0,0.0,0.0,0.0,31.54146348730862,39.73011266189835,44.2793622033371,75.51754238788314,0.0,30.93489688178345,39.42682935913577,43.672795597811934,75.21425908512055,0.0,31.54146348730862,40.03339596466094,44.58264550609968,75.82082569064572,AmbientSamplingRFC,9.098499082877487
9.401782385640068,0.0,0.0,0.0,0.0,33.96805875478378,35.63066865464585,0.0,0.0,0.0,0.0,0.0,0.0,0.0,0.0,0.0,0.0665218145837656,0.06109975394510059,0.0,0.0,0.0,0.0,0.0,0.0,31.54146348730862,39.73011266189835,44.2793622033371,75.51754238788314,0.0,30.93489688178345,39.42682935913577,43.672795597811934,75.21425908512055,0.0,31.54146348730862,40.03339596466094,44.58264550609968,75.82082569064572,AmbientSamplingRFC,9.401782385640068
9.705065688402652,0.0,0.0,0.0,0.0,33.91344589771303,35.65947320258684,0.0,0.0,0.0,0.0,0.0,0.0,0.0,0.0,0.0,0.10291173140230825,0.018947238634176244,0.0,0.0,0.0,0.0,0.0,0.0,31.54146348730862,39.73011266189835,44.2793622033371,75.51754238788314,0.0,30.93489688178345,39.42682935913577,43.672795597811934,75.21425908512055,0.0,31.54146348730862,40.03339596466094,44.58264550609968,75.82082569064572,AmbientSamplingRFC,9.705065688402652
10.008348991165235,0.0,0.0,0.0,0.0,33.95123986368394,35.62265775686279,0.0,0.0,0.0,0.0,0.0,0.0,0.0,0.0,0.0,0.05894516646914383,0.042100884645641656,0.0,0.0,0.0,0.0,0.0,0.0,31.54146348730862,39.73011266189835,44.2793622033371,75.51754238788314,0.0,30.93489688178345,39.42682935913577,43.672795597811934,75.21425908512055,0.0,31.54146348730862,40.03339596466094,44.58264550609968,75.82082569064572,AmbientSamplingRFC,10.008348991165235
10.311632293927817,0.0,0.0,0.0,0.0,33.9778816918031,35.68783432877338,0.0,0.0,0.0,0.0,0.0,0.0,0.0,0.0,0.0,0.11757097540410655,0.060947061813671155,0.0,0.0,0.0,0.0,0.0,0.0,31.54146348730862,39.73011266189835,44.2793622033371,75.51754238788314,0.0,30.93489688178345,39.42682935913577,43.672795597811934,75.21425908512055,0.0,31.54146348730862,40.03339596466094,44.58264550609968,75.82082569064572,AmbientSamplingRFC,10.311632293927817
10.6149155966904,0.0,0.0,0.0,0.0,33.95447254991865,35.649803762159195,0.0,0.0,0.0,0.0,0.0,0.0,0.0,0.0,0.0,0.043861844898231084,0.10251640218544367,0.0,0.0,0.0,0.0,0.0,0.0,31.54146348730862,39.73011266189835,44.2793622033371,75.51754238788314,0.0,30.93489688178345,39.42682935913577,43.672795597811934,75.21425908512055,0.0,31.54146348730862,40.03339596466094,44.58264550609968,75.82082569064572,AmbientSamplingRFC,10.6149155966904
10.918198899452983,0.0,0.0,0.0,0.0,33.9596256420269,35.619452854628406,0.0,0.0,0.0,0.0,0.0,0.0,0.0,0.0,0.0,0.02254222161358399,0.059223798965916785,0.0,0.0,0.0,0.0,0.0,0.0,31.54146348730862,39.73011266189835,44.2793622033371,75.51754238788314,0.0,30.93489688178345,39.42682935913577,43.672795597811934,75.21425908512055,0.0,31.54146348730862,40.03339596466094,44.58264550609968,75.82082569064572,AmbientSamplingRFC,10.918198899452983
11.221482202215565,0.0,0.0,0.0,0.0,33.965747562015494,35.63941304551722,0.0,0.0,0.0,0.0,0.0,0.0,0.0,0.0,0.0,0.02277068533548743,0.013578528752468344,0.0,0.0,0.0,0.0,0.0,0.0,31.54146348730862,39.73011266189835,44.2793622033371,75.51754238788314,0.0,30.93489688178345,39.42682935913577,43.672795597811934,75.21425908512055,0.0,31.54146348730862,40.03339596466094,44.58264550609968,75.82082569064572,AmbientSamplingRFC,11.221482202215565
11.524765504978149,0.0,0.0,0.0,0.0,33.96844358041312,35.6542586210078,0.0,0.0,0.0,0.0,0.0,0.0,0.0,0.0,0.0,0.0,0.05811710072921272,0.0,0.0,0.0,0.0,0.0,0.0,31.54146348730862,39.73011266189835,44.2793622033371,75.51754238788314,0.0,30.93489688178345,39.42682935913577,43.672795597811934,75.21425908512055,0.0,31.54146348730862,40.03339596466094,44.58264550609968,75.82082569064572,AmbientSamplingRFC,11.524765504978149
11.828048807740732,0.0,0.0,0.0,0.0,33.97972352559479,35.6443833222875,0.0,0.0,0.0,0.0,0.0,0.0,0.0,0.0,0.0,0.09252627517045653,0.13733297820321866,0.0,0.0,0.0,0.0,0.0,0.0,31.54146348730862,39.73011266189835,44.2793622033371,75.51754238788314,0.0,30.93489688178345,39.42682935913577,43.672795597811934,75.21425908512055,0.0,31.54146348730862,40.03339596466094,44.58264550609968,75.82082569064572,AmbientSamplingRFC,11.828048807740732
12.131332110503315,0.0,0.0,0.0,0.0,33.91205849946362,35.65458024025583,0.0,0.0,0.0,0.0,0.0,0.0,0.0,0.0,0.0,0.08802840348403862,0.05656286796029519,0.0,0.0,0.0,0.0,0.0,0.0,31.54146348730862,39.73011266189835,44.2793622033371,75.51754238788314,0.0,30.93489688178345,39.42682935913577,43.672795597811934,75.21425908512055,0.0,31.54146348730862,40.03339596466094,44.58264550609968,75.82082569064572,AmbientSamplingRFC,12.131332110503315
12.434615413265897,0.0,0.0,0.0,0.0,33.92073124392071,35.61911059970307,0.0,0.0,0.0,0.0,0.0,0.0,0.0,0.0,0.0,0.05119743487188799,0.031181258827849945,0.0,0.0,0.0,0.0,0.0,0.0,31.54146348730862,39.73011266189835,44.2793622033371,75.51754238788314,0.0,30.93489688178345,39.42682935913577,43.672795597811934,75.21425908512055,0.0,31.54146348730862,40.03339596466094,44.58264550609968,75.82082569064572,AmbientSamplingRFC,12.434615413265897
12.73789871602848,0.0,0.0,0.0,0.0,33.981594761151044,35.657784946697916,0.0,0.0,0.0,0.0,0.0,0.0,0.0,0.0,0.0,0.08085320558262765,0.025674564907816944,0.0,0.0,0.0,0.0,0.0,0.0,31.54146348730862,39.73011266189835,44.2793622033371,75.51754238788314,0.0,30.93489688178345,39.42682935913577,43.672795597811934,75.21425908512055,0.0,31.54146348730862,40.03339596466094,44.58264550609968,75.82082569064572,AmbientSamplingRFC,12.73789871602848
13.041182018791064,0.0,0.0,0.0,0.0,33.96853914001624,35.639061479762304,0.0,0.0,0.0,0.0,0.0,0.0,0.0,0.0,0.0,0.0635041444226303,0.04229629600079221,0.0,0.0,0.0,0.0,0.0,0.0,31.54146348730862,39.73011266189835,44.2793622033371,75.51754238788314,0.0,30.93489688178345,39.42682935913577,43.672795597811934,75.21425908512055,0.0,31.54146348730862,40.03339596466094,44.58264550609968,75.82082569064572,AmbientSamplingRFC,13.041182018791064
13.344465321553646,0.0,0.0,0.0,0.0,33.96528656224281,35.63586926067948,0.0,0.0,0.0,0.0,0.0,0.0,0.0,0.0,0.0,0.10774322088538923,0.026624401767335826,0.0,0.0,0.0,0.0,0.0,0.0,31.54146348730862,39.73011266189835,44.2793622033371,75.51754238788314,0.0,30.93489688178345,39.42682935913577,43.672795597811934,75.21425908512055,0.0,31.54146348730862,40.03339596466094,44.58264550609968,75.82082569064572,AmbientSamplingRFC,13.344465321553646
13.647748624316229,0.0,0.0,0.0,0.0,33.95933741411283,35.65729026221758,0.0,0.0,0.0,0.0,0.0,0.0,0.0,0.0,0.0,0.052893014242108904,0.08111728534839102,0.0,0.0,0.0,0.0,0.0,0.0,31.54146348730862,39.73011266189835,44.2793622033371,75.51754238788314,0.0,30.93489688178345,39.42682935913577,43.672795597811934,75.21425908512055,0.0,31.54146348730862,40.03339596466094,44.58264550609968,75.82082569064572,AmbientSamplingRFC,13.647748624316229
13.951031927078812,0.0,0.0,0.0,0.0,33.9606906687269,35.630219956893754,0.0,0.0,0.0,0.0,0.0,0.0,0.0,0.0,0.0,0.027587229608407426,0.1347567520725761,0.0,0.0,0.0,0.0,0.0,0.0,31.54146348730862,39.73011266189835,44.2793622033371,75.51754238788314,0.0,30.93489688178345,39.42682935913577,43.672795597811934,75.21425908512055,0.0,31.54146348730862,40.03339596466094,44.58264550609968,75.82082569064572,AmbientSamplingRFC,13.951031927078812
14.254315229841394,0.0,0.0,0.0,0.0,33.985802441186145,35.62720086747189,0.0,0.0,0.0,0.0,0.0,0.0,0.0,0.0,0.0,0.023469054402681877,0.0798639914787671,0.0,0.0,0.0,0.0,0.0,0.0,31.54146348730862,39.73011266189835,44.2793622033371,75.51754238788314,0.0,30.93489688178345,39.42682935913577,43.672795597811934,75.21425908512055,0.0,31.54146348730862,40.03339596466094,44.58264550609968,75.82082569064572,AmbientSamplingRFC,14.254315229841394
14.557598532603977,0.0,0.0,0.0,0.0,33.98351474469592,35.65001695924257,0.0,0.0,0.0,0.0,0.0,0.0,0.0,0.0,0.0,0.0786334920974312,0.053635440719489225,0.0,0.0,0.0,0.0,0.0,0.0,31.54146348730862,39.73011266189835,44.2793622033371,75.51754238788314,0.0,30.93489688178345,39.42682935913577,43.672795597811934,75.21425908512055,0.0,31.54146348730862,40.03339596466094,44.58264550609968,75.82082569064572,AmbientSamplingRFC,14.557598532603977
14.86088183536656,0.0,0.0,0.0,0.0,34.01163998670372,35.61059603781017,0.0,0.0,0.0,0.0,0.0,0.0,0.0,0.0,0.0,0.021270454403513384,0.08813185041378802,0.0,0.0,0.0,0.0,0.0,0.0,31.54146348730862,39.73011266189835,44.2793622033371,75.51754238788314,0.0,30.93489688178345,39.42682935913577,43.672795597811934,75.21425908512055,0.0,31.54146348730862,40.03339596466094,44.58264550609968,75.82082569064572,AmbientSamplingRFC,14.86088183536656
15.164165138129142,0.0,0.0,0.0,0.0,33.97006989939938,35.63626382749571,0.0,0.0,0.0,0.0,0.0,0.0,0.0,0.0,0.0,0.06025986339321321,0.1022785354372786,0.0,0.0,0.0,0.0,0.0,0.0,31.54146348730862,39.73011266189835,44.2793622033371,75.51754238788314,0.0,30.93489688178345,39.42682935913577,43.672795597811934,75.21425908512055,0.0,31.54146348730862,40.03339596466094,44.58264550609968,75.82082569064572,AmbientSamplingRFC,15.164165138129142
15.467448440891726,0.0,0.0,0.0,0.0,33.958819096637605,35.62232500276957,0.0,0.0,0.0,0.0,0.0,0.0,0.0,0.0,0.0,0.0663616573683754,0.06941384454686528,0.0,0.0,0.0,0.0,0.0,0.0,31.54146348730862,39.73011266189835,44.2793622033371,75.51754238788314,0.0,30.93489688178345,39.42682935913577,43.672795597811934,75.21425908512055,0.0,31.54146348730862,40.03339596466094,44.58264550609968,75.82082569064572,AmbientSamplingRFC,15.467448440891726
15.77073174365431,0.0,0.0,0.0,0.0,33.95080673175261,35.60841797318734,0.0,0.0,0.0,0.0,0.0,0.0,0.0,0.0,0.0,0.08149036804730514,0.14272174490081824,0.0,0.0,0.0,0.0,0.0,0.0,31.54146348730862,39.73011266189835,44.2793622033371,75.51754238788314,0.0,30.93489688178345,39.42682935913577,43.672795597811934,75.21425908512055,0.0,31.54146348730862,40.03339596466094,44.58264550609968,75.82082569064572,AmbientSamplingRFC,15.77073174365431
16.074015046416893,0.0,0.0,0.0,0.0,33.96508029369357,35.653374519512724,0.0,0.0,0.0,0.0,0.0,0.0,0.0,0.0,0.0,0.04853653797815127,0.17674655010078766,0.0,0.0,0.0,0.0,0.0,0.0,31.54146348730862,39.73011266189835,44.2793622033371,75.51754238788314,0.0,30.93489688178345,39.42682935913577,43.672795597811934,75.21425908512055,0.0,31.54146348730862,40.03339596466094,44.58264550609968,75.82082569064572,AmbientSamplingRFC,16.074015046416893
16.377298349179476,0.0,0.0,0.0,0.0,33.97434190285249,35.630334502851284,0.0,0.0,0.0,0.0,0.0,0.0,0.0,0.0,0.0,0.11579409809652219,0.14567753184277166,0.0,0.0,0.0,0.0,0.0,0.0,31.54146348730862,39.73011266189835,44.2793622033371,75.51754238788314,0.0,30.93489688178345,39.42682935913577,43.672795597811934,75.21425908512055,0.0,31.54146348730862,40.03339596466094,44.58264550609968,75.82082569064572,AmbientSamplingRFC,16.377298349179476
16.680581651942056,0.0,0.0,0.0,0.0,33.98947273827694,35.58894023403205,0.0,0.0,0.0,0.0,0.0,0.0,0.0,0.0,0.0,0.20786946979246324,0.12830334657378017,0.0,0.0,0.0,0.0,0.0,0.0,31.54146348730862,39.73011266189835,44.2793622033371,75.51754238788314,0.0,30.93489688178345,39.42682935913577,43.672795597811934,75.21425908512055,0.0,31.54146348730862,40.03339596466094,44.58264550609968,75.82082569064572,AmbientSamplingRFC,16.680581651942056
16.98386495470464,0.0,0.0,0.0,0.0,33.99064396758054,35.61883159686001,0.0,0.0,0.0,0.0,0.0,0.0,0.0,0.0,0.0,0.11408117368731041,0.11508759195181995,0.0,0.0,0.0,0.0,0.0,0.0,31.54146348730862,39.73011266189835,44.2793622033371,75.51754238788314,0.0,30.93489688178345,39.42682935913577,43.672795597811934,75.21425908512055,0.0,31.54146348730862,40.03339596466094,44.58264550609968,75.82082569064572,AmbientSamplingRFC,16.98386495470464
17.287148257467223,0.0,0.0,0.0,0.0,33.998381305981205,35.63331041898096,0.0,0.0,0.0,0.0,0.0,0.0,0.0,0.0,0.0,0.04547370151513519,0.12594428905165955,0.0,0.0,0.0,0.0,0.0,0.0,31.54146348730862,39.73011266189835,44.2793622033371,75.51754238788314,0.0,30.93489688178345,39.42682935913577,43.672795597811934,75.21425908512055,0.0,31.54146348730862,40.03339596466094,44.58264550609968,75.82082569064572,AmbientSamplingRFC,17.287148257467223
17.590431560229806,0.0,0.0,0.0,0.0,33.97005928344443,35.64899016972059,0.0,0.0,0.0,0.0,0.0,0.0,0.0,0.0,0.0,0.0353705470167327,0.08119001985134844,0.0,0.0,0.0,0.0,0.0,0.0,31.54146348730862,39.73011266189835,44.2793622033371,75.51754238788314,0.0,30.93489688178345,39.42682935913577,43.672795597811934,75.21425908512055,0.0,31.54146348730862,40.03339596466094,44.58264550609968,75.82082569064572,AmbientSamplingRFC,17.590431560229806
17.89371486299239,0.0,0.0,0.0,0.0,33.9497606950299,35.67458287437687,0.0,0.0,0.0,0.0,0.0,0.0,0.0,0.0,0.0,0.024923337917300614,0.06888736785393235,0.0,0.0,0.0,0.0,0.0,0.0,31.54146348730862,39.73011266189835,44.2793622033371,75.51754238788314,0.0,30.93489688178345,39.42682935913577,43.672795597811934,75.21425908512055,0.0,31.54146348730862,40.03339596466094,44.58264550609968,75.82082569064572,AmbientSamplingRFC,17.89371486299239
18.196998165754973,0.0,0.0,0.0,0.0,33.94342602311682,35.63888637775709,0.0,0.0,0.0,0.0,0.0,0.0,0.0,0.0,0.0,0.09953303044937911,0.01953687640567381,0.0,0.0,0.0,0.0,0.0,0.0,31.54146348730862,39.73011266189835,44.2793622033371,75.51754238788314,0.0,30.93489688178345,39.42682935913577,43.672795597811934,75.21425908512055,0.0,31.54146348730862,40.03339596466094,44.58264550609968,75.82082569064572,AmbientSamplingRFC,18.196998165754973
18.500281468517553,0.0,0.0,0.0,0.0,34.00031383722247,35.638442734366585,0.0,0.0,0.0,0.0,0.0,0.0,0.0,0.0,0.0,0.0006170663875337823,0.12390385115630664,0.0,0.0,0.0,0.0,0.0,0.0,31.54146348730862,39.73011266189835,44.2793622033371,75.51754238788314,0.0,30.93489688178345,39.42682935913577,43.672795597811934,75.21425908512055,0.0,31.54146348730862,40.03339596466094,44.58264550609968,75.82082569064572,AmbientSamplingRFC,18.500281468517553
18.803564771280136,0.0,0.0,0.0,0.0,34.01261199323228,35.63987544192372,0.0,0.0,0.0,0.0,0.0,0.0,0.0,0.0,0.0,0.038295501623700545,0.11888279416483982,0.0,0.0,0.0,0.0,0.0,0.0,31.54146348730862,39.73011266189835,44.2793622033371,75.51754238788314,0.0,30.93489688178345,39.42682935913577,43.672795597811934,75.21425908512055,0.0,31.54146348730862,40.03339596466094,44.58264550609968,75.82082569064572,AmbientSamplingRFC,18.803564771280136
19.10684807404272,0.0,0.0,0.0,0.0,33.971516441253314,35.63823655630996,0.0,0.0,0.0,0.0,0.0,0.0,0.0,0.0,0.0,0.04326851239548546,0.16117477416992188,0.0,0.0,0.0,0.0,0.0,0.0,31.54146348730862,39.73011266189835,44.2793622033371,75.51754238788314,0.0,30.93489688178345,39.42682935913577,43.672795597811934,75.21425908512055,0.0,31.54146348730862,40.03339596466094,44.58264550609968,75.82082569064572,AmbientSamplingRFC,19.10684807404272
19.410131376805303,0.0,0.0,0.0,0.0,33.98536268637736,35.66222743636071,0.0,0.0,0.0,0.0,0.0,0.0,0.0,0.0,0.0,0.0745797304422453,0.08449908734315414,0.0,0.0,0.0,0.0,0.0,0.0,31.54146348730862,39.73011266189835,44.2793622033371,75.51754238788314,0.0,30.93489688178345,39.42682935913577,43.672795597811934,75.21425908512055,0.0,31.54146348730862,40.03339596466094,44.58264550609968,75.82082569064572,AmbientSamplingRFC,19.410131376805303
19.713414679567887,0.0,0.0,0.0,0.0,33.98868315400145,35.663558705487844,0.0,0.0,0.0,0.0,0.0,0.0,0.0,0.0,0.0,0.049998073599034853,0.07809940915654323,0.0,0.0,0.0,0.0,0.0,0.0,31.54146348730862,39.73011266189835,44.2793622033371,75.51754238788314,0.0,30.93489688178345,39.42682935913577,43.672795597811934,75.21425908512055,0.0,31.54146348730862,40.03339596466094,44.58264550609968,75.82082569064572,AmbientSamplingRFC,19.713414679567887
20.01669798233047,0.0,0.0,0.0,0.0,33.93848119905032,35.64673539624028,0.0,0.0,0.0,0.0,0.0,0.0,0.0,0.0,0.0,0.1619426617498192,0.12165081851277648,0.0,0.0,0.0,0.0,0.0,0.0,31.54146348730862,39.73011266189835,44.2793622033371,75.51754238788314,0.0,30.93489688178345,39.42682935913577,43.672795597811934,75.21425908512055,0.0,31.54146348730862,40.03339596466094,44.58264550609968,75.82082569064572,AmbientSamplingRFC,20.01669798233047
20.319981285093053,0.0,0.0,0.0,0.0,33.962927932852,35.671383261144335,0.0,0.0,0.0,0.0,0.0,0.0,0.0,0.0,0.0,0.04203424874880568,0.0007950827318694564,0.0,0.0,0.0,0.0,0.0,0.0,31.54146348730862,39.73011266189835,44.2793622033371,75.51754238788314,0.0,30.93489688178345,39.42682935913577,43.672795597811934,75.21425908512055,0.0,31.54146348730862,40.03339596466094,44.58264550609968,75.82082569064572,AmbientSamplingRFC,20.319981285093053
20.623264587855633,0.0,0.0,0.0,0.0,33.97002795881491,35.64582026042522,0.0,0.0,0.0,0.0,0.0,0.0,0.0,0.0,0.0,0.07939936931674652,0.039273503971827495,0.0,0.0,0.0,0.0,0.0,0.0,31.54146348730862,39.73011266189835,44.2793622033371,75.51754238788314,0.0,30.93489688178345,39.42682935913577,43.672795597811934,75.21425908512055,0.0,31.54146348730862,40.03339596466094,44.58264550609968,75.82082569064572,AmbientSamplingRFC,20.623264587855633
20.926547890618217,0.0,0.0,0.0,0.0,33.94684750170866,35.60665029006807,0.0,0.0,0.0,0.0,0.0,0.0,0.0,0.0,0.0,0.08058547973632812,0.002171103554942988,0.0,0.0,0.0,0.0,0.0,0.0,31.54146348730862,39.73011266189835,44.2793622033371,75.51754238788314,0.0,30.93489688178345,39.42682935913577,43.672795597811934,75.21425908512055,0.0,31.54146348730862,40.03339596466094,44.58264550609968,75.82082569064572,AmbientSamplingRFC,20.926547890618217
21.2298311933808,0.0,0.0,0.0,0.0,33.962701764189156,35.63139140036956,0.0,0.0,0.0,0.0,0.0,0.0,0.0,0.0,0.0,0.07769657082338455,0.009459367820142006,0.0,0.0,0.0,0.0,0.0,0.0,31.54146348730862,39.73011266189835,44.2793622033371,75.51754238788314,0.0,30.93489688178345,39.42682935913577,43.672795597811934,75.21425908512055,0.0,31.54146348730862,40.03339596466094,44.58264550609968,75.82082569064572,AmbientSamplingRFC,21.2298311933808
21.533114496143384,0.0,0.0,0.0,0.0,33.9712064458263,35.647092811344876,0.0,0.0,0.0,0.0,0.0,0.0,0.0,0.0,0.0,0.11880506432716231,0.11938683229043079,0.0,0.0,0.0,0.0,0.0,0.0,31.54146348730862,39.73011266189835,44.2793622033371,75.51754238788314,0.0,30.93489688178345,39.42682935913577,43.672795597811934,75.21425908512055,0.0,31.54146348730862,40.03339596466094,44.58264550609968,75.82082569064572,AmbientSamplingRFC,21.533114496143384
21.836397798905967,0.0,0.0,0.0,0.0,33.97026629608338,35.62096187743576,0.0,0.0,0.0,0.0,0.0,0.0,0.0,0.0,0.0,0.08077851063828234,0.06624288073031437,0.0,0.0,0.0,0.0,0.0,0.0,31.54146348730862,39.73011266189835,44.2793622033371,75.51754238788314,0.0,30.93489688178345,39.42682935913577,43.672795597811934,75.21425908512055,0.0,31.54146348730862,40.03339596466094,44.58264550609968,75.82082569064572,AmbientSamplingRFC,21.836397798905967
22.13968110166855,0.0,0.0,0.0,0.0,33.95284937470016,35.63417899014863,0.0,0.0,0.0,0.0,0.0,0.0,0.0,0.0,0.0,0.0443571131601459,0.08058547973632812,0.0,0.0,0.0,0.0,0.0,0.0,31.54146348730862,39.73011266189835,44.2793622033371,75.51754238788314,0.0,30.93489688178345,39.42682935913577,43.672795597811934,75.21425908512055,0.0,31.54146348730862,40.03339596466094,44.58264550609968,75.82082569064572,AmbientSamplingRFC,22.13968110166855
22.44296440443113,0.0,0.0,0.0,0.0,33.9928097536321,35.68102476331653,0.0,0.0,0.0,0.0,0.0,0.0,0.0,0.0,0.0,0.03621566352252614,0.08103731674049186,0.0,0.0,0.0,0.0,0.0,0.0,31.54146348730862,39.73011266189835,44.2793622033371,75.51754238788314,0.0,30.93489688178345,39.42682935913577,43.672795597811934,75.21425908512055,0.0,31.54146348730862,40.03339596466094,44.58264550609968,75.82082569064572,AmbientSamplingRFC,22.44296440443113
22.746247707193714,0.0,0.0,0.0,0.0,34.01778439681258,35.686518732874546,0.0,0.0,0.0,0.0,0.0,0.0,0.0,0.0,0.0,0.09173810437233954,0.11524961102050213,0.0,0.0,0.0,0.0,0.0,0.0,31.54146348730862,39.73011266189835,44.2793622033371,75.51754238788314,0.0,30.93489688178345,39.42682935913577,43.672795597811934,75.21425908512055,0.0,31.54146348730862,40.03339596466094,44.58264550609968,75.82082569064572,AmbientSamplingRFC,22.746247707193714
23.049531009956297,0.0,0.0,0.0,0.0,33.983943003530406,35.68863419795072,0.0,0.0,0.0,0.0,0.0,0.0,0.0,0.0,0.0,0.021331770744446032,0.03481590679829338,0.0,0.0,0.0,0.0,0.0,0.0,31.54146348730862,39.73011266189835,44.2793622033371,75.51754238788314,0.0,30.93489688178345,39.42682935913577,43.672795597811934,75.21425908512055,0.0,31.54146348730862,40.03339596466094,44.58264550609968,75.82082569064572,AmbientSamplingRFC,23.049531009956297
23.35281431271888,0.0,0.0,0.0,0.0,33.96101373248792,35.713170311104065,0.0,0.0,0.0,0.0,0.0,0.0,0.0,0.0,0.0,0.12716181517363623,0.09489795263790057,0.0,0.0,0.0,0.0,0.0,0.0,31.54146348730862,39.73011266189835,44.2793622033371,75.51754238788314,0.0,30.93489688178345,39.42682935913577,43.672795597811934,75.21425908512055,0.0,31.54146348730862,40.03339596466094,44.58264550609968,75.82082569064572,AmbientSamplingRFC,23.35281431271888
23.656097615481464,0.0,0.0,0.0,0.0,33.93542126777491,35.708637139953055,0.0,0.0,0.0,0.0,0.0,0.0,0.0,0.0,0.0,0.0668791932002506,0.0948294623961985,0.0,0.0,0.0,0.0,0.0,0.0,31.54146348730862,39.73011266189835,44.2793622033371,75.51754238788314,0.0,30.93489688178345,39.42682935913577,43.672795597811934,75.21425908512055,0.0,31.54146348730862,40.03339596466094,44.58264550609968,75.82082569064572,AmbientSamplingRFC,23.656097615481464
23.959380918244047,0.0,0.0,0.0,0.0,33.93201898594243,35.67536053283161,0.0,0.0,0.0,0.0,0.0,0.0,0.0,0.0,0.0,0.08058547973632812,0.09626036848497677,0.0,0.0,0.0,0.0,0.0,0.0,31.54146348730862,39.73011266189835,44.2793622033371,75.51754238788314,0.0,30.93489688178345,39.42682935913577,43.672795597811934,75.21425908512055,0.0,31.54146348730862,40.03339596466094,44.58264550609968,75.82082569064572,AmbientSamplingRFC,23.959380918244047
24.26266422100663,0.0,0.0,0.0,0.0,33.9971812135496,35.644955944677356,0.0,0.0,0.0,0.0,0.0,0.0,0.0,0.0,0.0,0.06644335703207105,0.0634150503604971,0.0,0.0,0.0,0.0,0.0,0.0,31.54146348730862,39.73011266189835,44.2793622033371,75.51754238788314,0.0,30.93489688178345,39.42682935913577,43.672795597811934,75.21425908512055,0.0,31.54146348730862,40.03339596466094,44.58264550609968,75.82082569064572,AmbientSamplingRFC,24.26266422100663
24.56594752376921,0.0,0.0,0.0,0.0,33.95639844988766,35.63074407349496,0.0,0.0,0.0,0.0,0.0,0.0,0.0,0.0,0.0,0.029893991698557443,0.14810093419067272,0.0,0.0,0.0,0.0,0.0,0.0,31.54146348730862,39.73011266189835,44.2793622033371,75.51754238788314,0.0,30.93489688178345,39.42682935913577,43.672795597811934,75.21425908512055,0.0,31.54146348730862,40.03339596466094,44.58264550609968,75.82082569064572,AmbientSamplingRFC,24.56594752376921
24.869230826531794,0.0,0.0,0.0,0.0,33.946118544574915,35.61079632170555,0.0,0.0,0.0,0.0,0.0,0.0,0.0,0.0,0.0,0.0825202525611104,0.09154248279269694,0.0,0.0,0.0,0.0,0.0,0.0,31.54146348730862,39.73011266189835,44.2793622033371,75.51754238788314,0.0,30.93489688178345,39.42682935913577,43.672795597811934,75.21425908512055,0.0,31.54146348730862,40.03339596466094,44.58264550609968,75.82082569064572,AmbientSamplingRFC,24.869230826531794
25.172514129294377,0.0,0.0,0.0,0.0,33.93059215375503,35.62846937410698,0.0,0.0,0.0,0.0,0.0,0.0,0.0,0.0,0.0,0.05030298525252874,0.11053403860126565,0.0,0.0,0.0,0.0,0.0,0.0,31.54146348730862,39.73011266189835,44.2793622033371,75.51754238788314,0.0,30.93489688178345,39.42682935913577,43.672795597811934,75.21425908512055,0.0,31.54146348730862,40.03339596466094,44.58264550609968,75.82082569064572,AmbientSamplingRFC,25.172514129294377
25.47579743205696,0.0,0.0,0.0,0.0,33.91650102848763,35.67734552348277,0.0,0.0,0.0,0.0,0.0,0.0,0.0,0.0,0.0,0.051423085601236096,0.08034391639881733,0.0,0.0,0.0,0.0,0.0,0.0,31.54146348730862,39.73011266189835,44.2793622033371,75.51754238788314,0.0,30.93489688178345,39.42682935913577,43.672795597811934,75.21425908512055,0.0,31.54146348730862,40.03339596466094,44.58264550609968,75.82082569064572,AmbientSamplingRFC,25.47579743205696
25.779080734819544,0.0,0.0,0.0,0.0,33.96292080574434,35.67458957243273,0.0,0.0,0.0,0.0,0.0,0.0,0.0,0.0,0.0,0.07453446484153403,0.05020042170789907,0.0,0.0,0.0,0.0,0.0,0.0,31.54146348730862,39.73011266189835,44.2793622033371,75.51754238788314,0.0,30.93489688178345,39.42682935913577,43.672795597811934,75.21425908512055,0.0,31.54146348730862,40.03339596466094,44.58264550609968,75.82082569064572,AmbientSamplingRFC,25.779080734819544
26.082364037582128,0.0,0.0,0.0,0.0,33.9556365150338,35.63182620374424,0.0,0.0,0.0,0.0,0.0,0.0,0.0,0.0,0.0,0.07914389268132993,0.05238434519078794,0.0,0.0,0.0,0.0,0.0,0.0,31.54146348730862,39.73011266189835,44.2793622033371,75.51754238788314,0.0,30.93489688178345,39.42682935913577,43.672795597811934,75.21425908512055,0.0,31.54146348730862,40.03339596466094,44.58264550609968,75.82082569064572,AmbientSamplingRFC,26.082364037582128
26.385647340344708,0.0,0.0,0.0,0.0,33.99142181278696,35.67824609116176,0.0,0.0,0.0,0.0,0.0,0.0,0.0,0.0,0.0,0.0817414837095285,0.027948523808824177,0.0,0.0,0.0,0.0,0.0,0.0,31.54146348730862,39.73011266189835,44.2793622033371,75.51754238788314,0.0,30.93489688178345,39.42682935913577,43.672795597811934,75.21425908512055,0.0,31.54146348730862,40.03339596466094,44.58264550609968,75.82082569064572,AmbientSamplingRFC,26.385647340344708
26.68893064310729,0.0,0.0,0.0,0.0,34.01844304107733,35.68923283620861,0.0,0.0,0.0,0.0,0.0,0.0,0.0,0.0,0.0,0.028492166701745703,0.0037242862340178817,0.0,0.0,0.0,0.0,0.0,0.0,31.54146348730862,39.73011266189835,44.2793622033371,75.51754238788314,0.0,30.93489688178345,39.42682935913577,43.672795597811934,75.21425908512055,0.0,31.54146348730862,40.03339596466094,44.58264550609968,75.82082569064572,AmbientSamplingRFC,26.68893064310729
26.992213945869874,0.0,0.0,0.0,0.0,34.01951659345816,35.65768279360543,0.0,0.0,0.0,0.0,0.0,0.0,0.0,0.0,0.0,0.05297526812872633,0.0276115185998691,0.0,0.0,0.0,0.0,0.0,0.0,31.54146348730862,39.73011266189835,44.2793622033371,75.51754238788314,0.0,30.93489688178345,39.42682935913577,43.672795597811934,75.21425908512055,0.0,31.54146348730862,40.03339596466094,44.58264550609968,75.82082569064572,AmbientSamplingRFC,26.992213945869874
27.295497248632458,0.0,0.0,0.0,0.0,34.00777838629144,35.63653180851782,0.0,0.0,0.0,0.0,0.0,0.0,0.0,0.0,0.0,0.053500552870396234,0.05077033036904055,0.0,0.0,0.0,0.0,0.0,0.0,31.54146348730862,39.73011266189835,44.2793622033371,75.51754238788314,0.0,30.93489688178345,39.42682935913577,43.672795597811934,75.21425908512055,0.0,31.54146348730862,40.03339596466094,44.58264550609968,75.82082569064572,AmbientSamplingRFC,27.295497248632458
27.59878055139504,0.0,0.0,0.0,0.0,33.97014527948151,35.60853568100367,0.0,0.0,0.0,0.0,0.0,0.0,0.0,0.0,0.0,0.1361328627684273,0.08185649621189128,0.0,0.0,0.0,0.0,0.0,0.0,31.54146348730862,39.73011266189835,44.2793622033371,75.51754238788314,0.0,30.93489688178345,39.42682935913577,43.672795597811934,75.21425908512055,0.0,31.54146348730862,40.03339596466094,44.58264550609968,75.82082569064572,AmbientSamplingRFC,27.59878055139504
27.902063854157625,0.0,0.0,0.0,0.0,33.96577712048852,35.664793364218085,0.0,0.0,0.0,0.0,0.0,0.0,0.0,0.0,0.0,0.16092644731364913,0.11178214902259498,0.0,0.0,0.0,0.0,0.0,0.0,31.54146348730862,39.73011266189835,44.2793622033371,75.51754238788314,0.0,30.93489688178345,39.42682935913577,43.672795597811934,75.21425908512055,0.0,31.54146348730862,40.03339596466094,44.58264550609968,75.82082569064572,AmbientSamplingRFC,27.902063854157625
28.205347156920205,0.0,0.0,0.0,0.0,33.99251067820346,35.67356892046236,0.0,0.0,0.0,0.0,0.0,0.0,0.0,0.0,0.0,0.10477522426959496,0.11279414002672183,0.0,0.0,0.0,0.0,0.0,0.0,31.54146348730862,39.73011266189835,44.2793622033371,75.51754238788314,0.0,30.93489688178345,39.42682935913577,43.672795597811934,75.21425908512055,0.0,31.54146348730862,40.03339596466094,44.58264550609968,75.82082569064572,AmbientSamplingRFC,28.205347156920205
28.508630459682788,0.0,0.0,0.0,0.0,33.94623928879071,35.6504237705267,0.0,0.0,0.0,0.0,0.0,0.0,0.0,0.0,0.0,0.10370883801230235,0.03430112581586542,0.0,0.0,0.0,0.0,0.0,0.0,31.54146348730862,39.73011266189835,44.2793622033371,75.51754238788314,0.0,30.93489688178345,39.42682935913577,43.672795597811934,75.21425908512055,0.0,31.54146348730862,40.03339596466094,44.58264550609968,75.82082569064572,AmbientSamplingRFC,28.508630459682788
28.81191376244537,0.0,0.0,0.0,0.0,33.9336640722413,35.62334482720252,0.0,0.0,0.0,0.0,0.0,0.0,0.0,0.0,0.0,0.1030975388478339,0.056386670833056485,0.0,0.0,0.0,0.0,0.0,0.0,31.54146348730862,39.73011266189835,44.2793622033371,75.51754238788314,0.0,30.93489688178345,39.42682935913577,43.672795597811934,75.21425908512055,0.0,31.54146348730862,40.03339596466094,44.58264550609968,75.82082569064572,AmbientSamplingRFC,28.81191376244537
29.115197065207955,0.0,0.0,0.0,0.0,33.950218392558824,35.638808477959124,0.0,0.0,0.0,0.0,0.0,0.0,0.0,0.0,0.0,0.06626657405921321,0.07276753279393944,0.0,0.0,0.0,0.0,0.0,0.0,31.54146348730862,39.73011266189835,44.2793622033371,75.51754238788314,0.0,30.93489688178345,39.42682935913577,43.672795597811934,75.21425908512055,0.0,31.54146348730862,40.03339596466094,44.58264550609968,75.82082569064572,AmbientSamplingRFC,29.115197065207955
29.41848036797054,0.0,0.0,0.0,0.0,33.95366450531564,35.63523145594536,0.0,0.0,0.0,0.0,0.0,0.0,0.0,0.0,0.0,0.01189803215524421,0.10160820978430252,0.0,0.0,0.0,0.0,0.0,0.0,31.54146348730862,39.73011266189835,44.2793622033371,75.51754238788314,0.0,30.93489688178345,39.42682935913577,43.672795597811934,75.21425908512055,0.0,31.54146348730862,40.03339596466094,44.58264550609968,75.82082569064572,AmbientSamplingRFC,29.41848036797054
29.72176367073312,0.0,0.0,0.0,0.0,33.979292913781386,35.666369368653605,0.0,0.0,0.0,0.0,0.0,0.0,0.0,0.0,0.0,0.09888566116536168,0.06017789248733152,0.0,0.0,0.0,0.0,0.0,0.0,31.54146348730862,39.73011266189835,44.2793622033371,75.51754238788314,0.0,30.93489688178345,39.42682935913577,43.672795597811934,75.21425908512055,0.0,31.54146348730862,40.03339596466094,44.58264550609968,75.82082569064572,AmbientSamplingRFC,29.72176367073312
30.025046973495705,0.0,0.0,0.0,0.0,33.98645473785111,35.61817601114141,0.0,0.0,0.0,0.0,0.0,0.0,0.0,0.0,0.0,0.0840395119534918,0.14259359132852722,0.0,0.0,0.0,0.0,0.0,0.0,31.54146348730862,39.73011266189835,44.2793622033371,75.51754238788314,0.0,30.93489688178345,39.42682935913577,43.672795597811934,75.21425908512055,0.0,31.54146348730862,40.03339596466094,44.58264550609968,75.82082569064572,AmbientSamplingRFC,30.025046973495705
30.328330276258285,0.0,0.0,0.0,0.0,33.968701789367785,35.59264891205696,0.0,0.0,0.0,0.0,0.0,0.0,0.0,0.0,0.0,0.05229734132752384,0.14010904110570976,0.0,0.0,0.0,0.0,0.0,0.0,31.54146348730862,39.73011266189835,44.2793622033371,75.51754238788314,0.0,30.93489688178345,39.42682935913577,43.672795597811934,75.21425908512055,0.0,31.54146348730862,40.03339596466094,44.58264550609968,75.82082569064572,AmbientSamplingRFC,30.328330276258285
30.63161357902087,0.0,0.0,0.0,0.0,33.99314740046266,35.645882464729695,0.0,0.0,0.0,0.0,0.0,0.0,0.0,0.0,0.0,0.09119603248166896,0.16117387245606096,0.0,0.0,0.0,0.0,0.0,0.0,31.54146348730862,39.73011266189835,44.2793622033371,75.51754238788314,0.0,30.93489688178345,39.42682935913577,43.672795597811934,75.21425908512055,0.0,31.54146348730862,40.03339596466094,44.58264550609968,75.82082569064572,AmbientSamplingRFC,30.63161357902087
30.93489688178345,0.0,0.0,0.0,0.0,34.002826135502985,35.65053702440089,0.0,0.0,0.0,0.0,0.0,0.0,0.0,0.0,0.0,0.019036142499103903,0.16117477416992188,0.0,0.0,0.0,0.0,0.0,0.0,31.54146348730862,39.73011266189835,44.2793622033371,75.51754238788314,0.0,30.93489688178345,39.42682935913577,43.672795597811934,75.21425908512055,0.0,31.54146348730862,40.03339596466094,44.58264550609968,75.82082569064572,AmbientSamplingRFC,30.93489688178345
31.238180184546035,0.0,0.0,0.0,0.0,33.95339189315477,35.62166483446665,0.0,0.0,0.0,0.0,0.0,0.0,0.0,0.0,0.0,0.1844884127674291,0.08058547973632812,0.0,0.0,0.0,0.0,0.0,0.0,31.54146348730862,39.73011266189835,44.2793622033371,75.51754238788314,0.0,30.93489688178345,39.42682935913577,43.672795597811934,75.21425908512055,0.0,31.54146348730862,40.03339596466094,44.58264550609968,75.82082569064572,AmbientSamplingRFC,31.238180184546035
31.54146348730862,0.0,0.0,0.0,0.0,33.98878128241712,35.67757353088735,0.0,0.0,0.0,0.0,0.0,0.0,0.0,0.0,0.0,0.2248057832726431,0.01882191627205998,0.0,0.0,0.0,0.0,0.0,0.0,31.54146348730862,39.73011266189835,44.2793622033371,75.51754238788314,0.0,30.93489688178345,39.42682935913577,43.672795597811934,75.21425908512055,0.0,31.54146348730862,40.03339596466094,44.58264550609968,75.82082569064572,BreathSampleCollection,31.54146348730862
31.844746790071202,0.0,0.0,0.0,0.0,34.01519612817224,35.7201534700837,0.0,0.0,0.0,0.0,0.0,0.0,0.0,0.0,0.0,0.13516036924356456,0.06231528104159878,0.0,0.0,0.0,0.0,0.0,0.0,31.54146348730862,39.73011266189835,44.2793622033371,75.51754238788314,0.0,30.93489688178345,39.42682935913577,43.672795597811934,75.21425908512055,0.0,31.54146348730862,40.03339596466094,44.58264550609968,75.82082569064572,BreathSampleCollection,31.844746790071202
32.148030092833785,0.0,0.0,0.0,0.0,34.00756592196815,35.63785922128565,0.0,0.0,0.0,0.0,0.0,0.0,0.0,0.0,0.0,0.22623947677367084,0.06506543728031744,0.0,0.0,0.0,0.0,0.0,0.0,31.54146348730862,39.73011266189835,44.2793622033371,75.51754238788314,0.0,30.93489688178345,39.42682935913577,43.672795597811934,75.21425908512055,0.0,31.54146348730862,40.03339596466094,44.58264550609968,75.82082569064572,BreathSampleCollection,32.148030092833785
32.451313395596365,0.0,0.0,0.0,0.0,33.91128251558019,35.6274231184352,0.0,0.0,0.0,0.0,0.0,0.0,0.0,0.0,0.0,0.07800774305386682,0.016895083909396647,0.0,0.0,0.0,0.0,0.0,0.0,31.54146348730862,39.73011266189835,44.2793622033371,75.51754238788314,0.0,30.93489688178345,39.42682935913577,43.672795597811934,75.21425908512055,0.0,31.54146348730862,40.03339596466094,44.58264550609968,75.82082569064572,BreathSampleCollection,32.451313395596365
32.75459669835895,0.0,0.0,0.0,0.0,33.9686874201564,35.630806055116594,0.0,0.0,0.0,0.0,0.0,0.0,0.0,0.0,0.0,0.0662336010036384,0.06602030976296192,0.0,0.0,0.0,0.0,0.0,0.0,31.54146348730862,39.73011266189835,44.2793622033371,75.51754238788314,0.0,30.93489688178345,39.42682935913577,43.672795597811934,75.21425908512055,0.0,31.54146348730862,40.03339596466094,44.58264550609968,75.82082569064572,BreathSampleCollection,32.75459669835895
33.05788000112153,0.0,0.0,0.0,0.0,33.974073458411084,35.604611273399186,0.0,0.0,0.0,0.0,0.0,0.0,0.0,0.0,0.0,0.10340141331690234,0.015612093306323516,0.0,0.0,0.0,0.0,0.0,0.0,31.54146348730862,39.73011266189835,44.2793622033371,75.51754238788314,0.0,30.93489688178345,39.42682935913577,43.672795597811934,75.21425908512055,0.0,31.54146348730862,40.03339596466094,44.58264550609968,75.82082569064572,BreathSampleCollection,33.05788000112153
33.36116330388411,0.0,0.0,0.0,0.0,33.99665498415622,35.63850129709469,0.0,0.0,0.0,0.0,0.0,0.0,0.0,0.0,0.0,0.038511411509659865,0.08058547973632812,0.0,0.0,0.0,0.0,0.0,0.0,31.54146348730862,39.73011266189835,44.2793622033371,75.51754238788314,0.0,30.93489688178345,39.42682935913577,43.672795597811934,75.21425908512055,0.0,31.54146348730862,40.03339596466094,44.58264550609968,75.82082569064572,BreathSampleCollection,33.36116330388411
33.6644466066467,0.0,0.0,0.0,0.0,33.97613113624364,35.70086667200423,0.0,0.0,0.0,0.0,0.0,0.0,0.0,0.0,0.0,0.0,0.08143698414210121,0.0,0.0,0.0,0.0,0.0,0.0,31.54146348730862,39.73011266189835,44.2793622033371,75.51754238788314,0.0,30.93489688178345,39.42682935913577,43.672795597811934,75.21425908512055,0.0,31.54146348730862,40.03339596466094,44.58264550609968,75.82082569064572,BreathSampleCollection,33.6644466066467
33.96772990940928,0.0,0.0,0.0,0.0,33.97070910938247,35.64322226167015,0.0,0.0,0.0,0.0,0.0,0.0,0.0,0.0,0.0,0.12155257494262628,0.07893394395709663,0.0,0.0,0.0,0.0,0.0,0.0,31.54146348730862,39.73011266189835,44.2793622033371,75.51754238788314,0.0,30.93489688178345,39.42682935913577,43.672795597811934,75.21425908512055,0.0,31.54146348730862,40.03339596466094,44.58264550609968,75.82082569064572,BreathSampleCollection,33.96772990940928
34.271013212171866,0.0,0.0,0.0,0.0,33.94332082715748,35.61700267605628,0.0,0.0,0.0,0.0,0.0,0.0,0.0,0.0,0.0,0.0813886572752267,0.08058547973632812,0.0,0.0,0.0,0.0,0.0,0.0,31.54146348730862,39.73011266189835,44.2793622033371,75.51754238788314,0.0,30.93489688178345,39.42682935913577,43.672795597811934,75.21425908512055,0.0,31.54146348730862,40.03339596466094,44.58264550609968,75.82082569064572,BreathSampleCollection,34.271013212171866
34.574296514934446,0.0,0.0,0.0,0.0,33.93813751709744,35.62834105108307,0.0,0.0,0.0,0.0,0.0,0.0,0.0,0.0,0.0,0.08058547973632812,0.06785631341479359,0.0,0.0,0.0,0.0,0.0,0.0,31.54146348730862,39.73011266189835,44.2793622033371,75.51754238788314,0.0,30.93489688178345,39.42682935913577,43.672795597811934,75.21425908512055,0.0,31.54146348730862,40.03339596466094,44.58264550609968,75.82082569064572,BreathSampleCollection,34.574296514934446
34.87757981769703,0.0,0.0,0.0,0.0,34.0212788014404,35.686423224094206,0.0,0.0,0.0,0.0,0.0,0.0,0.0,0.0,0.0,0.012386730663351386,0.07852234015760473,0.0,0.0,0.0,0.0,0.0,0.0,31.54146348730862,39.73011266189835,44.2793622033371,75.51754238788314,0.0,30.93489688178345,39.42682935913577,43.672795597811934,75.21425908512055,0.0,31.54146348730862,40.03339596466094,44.58264550609968,75.82082569064572,BreathSampleCollection,34.87757981769703
35.18086312045961,0.0,0.0,0.0,0.0,33.96578674474196,35.611602100105756,0.0,0.0,0.0,0.0,0.0,0.0,0.0,0.0,0.0,0.06960521552224463,0.060935058899822536,0.0,0.0,0.0,0.0,0.0,0.0,31.54146348730862,39.73011266189835,44.2793622033371,75.51754238788314,0.0,30.93489688178345,39.42682935913577,43.672795597811934,75.21425908512055,0.0,31.54146348730862,40.03339596466094,44.58264550609968,75.82082569064572,BreathSampleCollection,35.18086312045961
35.48414642322219,0.0,0.0,0.0,0.0,33.98259954947136,35.639886555041855,0.0,0.0,0.0,0.0,0.0,0.0,0.0,0.0,0.0,0.031245116107342596,0.07071882470430069,0.0,0.0,0.0,0.0,0.0,0.0,31.54146348730862,39.73011266189835,44.2793622033371,75.51754238788314,0.0,30.93489688178345,39.42682935913577,43.672795597811934,75.21425908512055,0.0,31.54146348730862,40.03339596466094,44.58264550609968,75.82082569064572,BreathSampleCollection,35.48414642322219
35.78742972598478,0.0,0.0,0.0,0.0,34.00166592009373,35.6326985262854,0.0,0.0,0.0,0.0,0.0,0.0,0.0,0.0,0.0,0.0010727610978662483,0.07193205906651912,0.0,0.0,0.0,0.0,0.0,0.0,31.54146348730862,39.73011266189835,44.2793622033371,75.51754238788314,0.0,30.93489688178345,39.42682935913577,43.672795597811934,75.21425908512055,0.0,31.54146348730862,40.03339596466094,44.58264550609968,75.82082569064572,BreathSampleCollection,35.78742972598478
36.09071302874736,0.0,0.0,0.0,0.0,33.987450841499694,35.61711844209757,0.0,0.0,0.0,0.0,0.0,0.0,0.0,0.0,0.0,0.0419554675197773,0.20889917136414482,0.0,0.0,0.0,0.0,0.0,0.0,31.54146348730862,39.73011266189835,44.2793622033371,75.51754238788314,0.0,30.93489688178345,39.42682935913577,43.672795597811934,75.21425908512055,0.0,31.54146348730862,40.03339596466094,44.58264550609968,75.82082569064572,BreathSampleCollection,36.09071302874736
36.393996331509946,0.0,0.0,0.0,0.0,34.03044348109381,35.629026710627286,0.0,0.0,0.0,0.0,0.0,0.0,0.0,0.0,0.0,0.06296508548544466,0.13555485688486613,0.0,0.0,0.0,0.0,0.0,0.0,31.54146348730862,39.73011266189835,44.2793622033371,75.51754238788314,0.0,30.93489688178345,39.42682935913577,43.672795597811934,75.21425908512055,0.0,31.54146348730862,40.03339596466094,44.58264550609968,75.82082569064572,BreathSampleCollection,36.393996331509946
36.697279634272526,0.0,0.0,0.0,0.0,34.02078692422806,35.66089559603473,0.0,0.0,0.0,0.0,0.0,0.0,0.0,0.0,0.0,0.07372227440141899,0.13084129086300322,0.0,0.0,0.0,0.0,0.0,0.0,31.54146348730862,39.73011266189835,44.2793622033371,75.51754238788314,0.0,30.93489688178345,39.42682935913577,43.672795597811934,75.21425908512055,0.0,31.54146348730862,40.03339596466094,44.58264550609968,75.82082569064572,BreathSampleCollection,36.697279634272526
37.000562937035106,0.0,0.0,0.0,0.0,33.960126809912865,35.66320756590339,0.0,0.0,0.0,0.0,0.0,0.0,0.0,0.0,0.0,0.07958442390102505,0.16117477416992188,0.0,0.0,0.0,0.0,0.0,0.0,31.54146348730862,39.73011266189835,44.2793622033371,75.51754238788314,0.0,30.93489688178345,39.42682935913577,43.672795597811934,75.21425908512055,0.0,31.54146348730862,40.03339596466094,44.58264550609968,75.82082569064572,BreathSampleCollection,37.000562937035106
37.30384623979769,0.0,0.0,0.0,0.0,33.95437979669453,35.61799985488076,0.0,0.0,0.0,0.0,0.0,0.0,0.0,0.0,0.0,0.01293317178298281,0.07411889384483317,0.0,0.0,0.0,0.0,0.0,0.0,31.54146348730862,39.73011266189835,44.2793622033371,75.51754238788314,0.0,30.93489688178345,39.42682935913577,43.672795597811934,75.21425908512055,0.0,31.54146348730862,40.03339596466094,44.58264550609968,75.82082569064572,BreathSampleCollection,37.30384623979769
37.60712954256027,0.0,0.0,0.0,0.0,33.9547860672724,35.689171785417095,0.0,0.0,0.0,0.0,0.0,0.0,0.0,0.0,0.0,0.010171805121231614,0.0664521570043135,0.0,0.0,0.0,0.0,0.0,0.0,31.54146348730862,39.73011266189835,44.2793622033371,75.51754238788314,0.0,30.93489688178345,39.42682935913577,43.672795597811934,75.21425908512055,0.0,31.54146348730862,40.03339596466094,44.58264550609968,75.82082569064572,BreathSampleCollection,37.60712954256027
37.91041284532286,0.0,0.0,0.0,0.0,33.99985563223946,35.635418748887204,0.0,0.0,0.0,0.0,0.0,0.0,0.0,0.0,0.0,0.07541026578115861,0.06853091167596403,0.0,0.0,0.0,0.0,0.0,0.0,31.54146348730862,39.73011266189835,44.2793622033371,75.51754238788314,0.0,30.93489688178345,39.42682935913577,43.672795597811934,75.21425908512055,0.0,31.54146348730862,40.03339596466094,44.58264550609968,75.82082569064572,BreathSampleCollection,37.91041284532286
38.21369614808544,0.0,0.0,0.0,0.0,33.98810481558141,35.6616268212151,0.0,0.0,0.0,0.0,0.0,0.0,0.0,0.0,0.0,0.07670439297332621,0.15264285180408876,0.0,0.0,0.0,0.0,0.0,0.0,31.54146348730862,39.73011266189835,44.2793622033371,75.51754238788314,0.0,30.93489688178345,39.42682935913577,43.672795597811934,75.21425908512055,0.0,31.54146348730862,40.03339596466094,44.58264550609968,75.82082569064572,BreathSampleCollection,38.21369614808544
38.51697945084803,0.0,0.0,0.0,0.0,33.971010771808096,35.6471049637664,0.0,0.0,0.0,0.0,0.0,0.0,0.0,0.0,0.0,0.0741438356349775,0.0048085913858386675,0.0,0.0,0.0,0.0,0.0,0.0,31.54146348730862,39.73011266189835,44.2793622033371,75.51754238788314,0.0,30.93489688178345,39.42682935913577,43.672795597811934,75.21425908512055,0.0,31.54146348730862,40.03339596466094,44.58264550609968,75.82082569064572,BreathSampleCollection,38.51697945084803
38.820262753610606,0.0,0.0,0.0,0.0,33.955324092116356,35.69336372106251,0.0,0.0,0.0,0.0,0.0,0.0,0.0,0.0,0.0,0.07112681417879685,0.07771451997950152,0.0,0.0,0.0,0.0,0.0,0.0,31.54146348730862,39.73011266189835,44.2793622033371,75.51754238788314,0.0,30.93489688178345,39.42682935913577,43.672795597811934,75.21425908512055,0.0,31.54146348730862,40.03339596466094,44.58264550609968,75.82082569064572,BreathSampleCollection,38.820262753610606
39.123546056373186,0.0,0.0,0.0,0.0,33.98549087517189,35.67994376875003,0.0,0.0,0.0,0.0,0.0,0.0,0.0,0.0,0.0,0.002531065058363424,0.08058929443359375,0.0,0.0,0.0,0.0,0.0,0.0,31.54146348730862,39.73011266189835,44.2793622033371,75.51754238788314,0.0,30.93489688178345,39.42682935913577,43.672795597811934,75.21425908512055,0.0,31.54146348730862,40.03339596466094,44.58264550609968,75.82082569064572,BreathSampleCollection,39.123546056373186
39.42682935913577,0.0,0.0,0.0,0.0,33.95547823801561,35.648069990698815,0.0,0.0,0.0,0.0,0.0,0.0,0.0,0.0,0.0,0.1595134126249107,0.16117477416992188,0.0,0.0,0.0,0.0,0.0,0.0,31.54146348730862,39.73011266189835,44.2793622033371,75.51754238788314,0.0,30.93489688178345,39.42682935913577,43.672795597811934,75.21425908512055,0.0,31.54146348730862,40.03339596466094,44.58264550609968,75.82082569064572,BreathSampleCollection,39.42682935913577
39.73011266189835,0.0,0.0,0.0,0.0,33.93768004256178,35.66185730121275,0.0,0.0,0.0,0.0,0.0,0.0,0.0,0.0,0.0,0.007821664270032613,0.16117477416992188,0.0,0.0,0.0,0.0,0.0,0.0,31.54146348730862,39.73011266189835,44.2793622033371,75.51754238788314,0.0,30.93489688178345,39.42682935913577,43.672795597811934,75.21425908512055,0.0,31.54146348730862,40.03339596466094,44.58264550609968,75.82082569064572,FeNOWindow,39.73011266189835
40.03339596466094,0.0,0.0,0.0,0.0,33.95460341635026,35.61556552124409,0.0,0.0,0.0,0.0,0.0,0.0,0.0,0.0,0.0,0.07962058632508473,0.16090326662837384,0.0,0.0,0.0,0.0,0.0,0.0,31.54146348730862,39.73011266189835,44.2793622033371,75.51754238788314,0.0,30.93489688178345,39.42682935913577,43.672795597811934,75.21425908512055,0.0,31.54146348730862,40.03339596466094,44.58264550609968,75.82082569064572,FeNOWindow,40.03339596466094
40.33667926742352,0.0,0.0,0.0,0.0,33.954634173246845,35.63084502164237,0.0,0.0,0.0,0.0,0.0,0.0,0.0,0.0,0.0,0.16098849583534047,0.08093907398310307,0.0,0.0,0.0,0.0,0.0,0.0,31.54146348730862,39.73011266189835,44.2793622033371,75.51754238788314,0.0,30.93489688178345,39.42682935913577,43.672795597811934,75.21425908512055,0.0,31.54146348730862,40.03339596466094,44.58264550609968,75.82082569064572,FeNOWindow,40.33667926742352
40.63996257018611,0.0,0.0,0.0,0.0,33.95521920087408,35.67891496935476,0.0,0.0,0.0,0.0,0.0,0.0,0.0,0.0,0.0,0.08029326153430105,0.07954188778942495,0.0,0.0,0.0,0.0,0.0,0.0,31.54146348730862,39.73011266189835,44.2793622033371,75.51754238788314,0.0,30.93489688178345,39.42682935913577,43.672795597811934,75.21425908512055,0.0,31.54146348730862,40.03339596466094,44.58264550609968,75.82082569064572,FeNOWindow,40.63996257018611
40.94324587294869,0.0,0.0,0.0,0.0,33.98677602638939,35.63117424945858,0.0,0.0,0.0,0.0,0.0,0.0,0.0,0.0,0.0,0.0,0.08198535125826112,0.0,0.0,0.0,0.0,0.0,0.0,31.54146348730862,39.73011266189835,44.2793622033371,75.51754238788314,0.0,30.93489688178345,39.42682935913577,43.672795597811934,75.21425908512055,0.0,31.54146348730862,40.03339596466094,44.58264550609968,75.82082569064572,FeNOWindow,40.94324587294869
41.24652917571127,0.0,0.0,0.0,0.0,33.970133087082466,35.66266160289756,0.0,0.0,0.0,0.0,0.0,0.0,0.0,0.0,0.0,0.0,0.15618174184319145,0.0,0.0,0.0,0.0,0.0,0.0,31.54146348730862,39.73011266189835,44.2793622033371,75.51754238788314,0.0,30.93489688178345,39.42682935913577,43.672795597811934,75.21425908512055,0.0,31.54146348730862,40.03339596466094,44.58264550609968,75.82082569064572,FeNOWindow,41.24652917571127
41.549812478473854,0.0,0.0,0.0,0.0,33.95357862818897,35.678360442637015,0.0,0.0,0.0,0.0,0.0,0.0,0.0,0.0,0.0,0.002016514426578908,0.0800790729877221,0.0,0.0,0.0,0.0,0.0,0.0,31.54146348730862,39.73011266189835,44.2793622033371,75.51754238788314,0.0,30.93489688178345,39.42682935913577,43.672795597811934,75.21425908512055,0.0,31.54146348730862,40.03339596466094,44.58264550609968,75.82082569064572,FeNOWindow,41.549812478473854
41.85309578123643,0.0,0.0,0.0,0.0,33.92422576309171,35.66332670179412,0.0,0.0,0.0,0.0,0.0,0.0,0.0,0.0,0.0,0.08058547973632812,0.004363895751026803,0.0,0.0,0.0,0.0,0.0,0.0,31.54146348730862,39.73011266189835,44.2793622033371,75.51754238788314,0.0,30.93489688178345,39.42682935913577,43.672795597811934,75.21425908512055,0.0,31.54146348730862,40.03339596466094,44.58264550609968,75.82082569064572,FeNOWindow,41.85309578123643
42.15637908399902,0.0,0.0,0.0,0.0,33.96966415127098,35.661467811749965,0.0,0.0,0.0,0.0,0.0,0.0,0.0,0.0,0.0,0.0022507750127047643,0.15015181116223886,0.0,0.0,0.0,0.0,0.0,0.0,31.54146348730862,39.73011266189835,44.2793622033371,75.51754238788314,0.0,30.93489688178345,39.42682935913577,43.672795597811934,75.21425908512055,0.0,31.54146348730862,40.03339596466094,44.58264550609968,75.82082569064572,FeNOWindow,42.15637908399902
42.4596623867616,0.0,0.0,0.0,0.0,33.955956614643796,35.63250341257036,0.0,0.0,0.0,0.0,0.0,0.0,0.0,0.0,0.0,0.008261214723042087,0.07544818148566179,0.0,0.0,0.0,0.0,0.0,0.0,31.54146348730862,39.73011266189835,44.2793622033371,75.51754238788314,0.0,30.93489688178345,39.42682935913577,43.672795597811934,75.21425908512055,0.0,31.54146348730862,40.03339596466094,44.58264550609968,75.82082569064572,FeNOWindow,42.4596623867616
42.76294568952418,0.0,0.0,0.0,0.0,33.96849715972332,35.646981385330584,0.0,0.0,0.0,0.0,0.0,0.0,0.0,0.0,0.0,0.010144501523200233,0.156876941835435,0.0,0.0,0.0,0.0,0.0,0.0,31.54146348730862,39.73011266189835,44.2793622033371,75.51754238788314,0.0,30.93489688178345,39.42682935913577,43.672795597811934,75.21425908512055,0.0,31.54146348730862,40.03339596466094,44.58264550609968,75.82082569064572,FeNOWindow,42.76294568952418
43.06622899228677,0.0,0.0,0.0,0.0,33.94115909957548,35.66503832587129,0.0,0.0,0.0,0.0,0.0,0.0,0.0,0.0,0.0,0.009542835825563145,0.012888126601268368,0.0,0.0,0.0,0.0,0.0,0.0,31.54146348730862,39.73011266189835,44.2793622033371,75.51754238788314,0.0,30.93489688178345,39.42682935913577,43.672795597811934,75.21425908512055,0.0,31.54146348730862,40.03339596466094,44.58264550609968,75.82082569064572,FeNOWindow,43.06622899228677
43.36951229504935,0.0,0.0,0.0,0.0,33.96766726398661,35.67356165933215,0.0,0.0,0.0,0.0,0.0,0.0,0.0,0.0,0.0,0.1419985959439103,0.14969898809643922,0.0,0.0,0.0,0.0,0.0,0.0,31.54146348730862,39.73011266189835,44.2793622033371,75.51754238788314,0.0,30.93489688178345,39.42682935913577,43.672795597811934,75.21425908512055,0.0,31.54146348730862,40.03339596466094,44.58264550609968,75.82082569064572,FeNOWindow,43.36951229504935
43.672795597811934,0.0,0.0,0.0,0.0,33.94682728476586,35.6190616900679,0.0,0.0,0.0,0.0,0.0,0.0,0.0,0.0,0.0,0.07234070224981082,0.08058547973632812,0.0,0.0,0.0,0.0,0.0,0.0,31.54146348730862,39.73011266189835,44.2793622033371,75.51754238788314,0.0,30.93489688178345,39.42682935913577,43.672795597811934,75.21425908512055,0.0,31.54146348730862,40.03339596466094,44.58264550609968,75.82082569064572,FeNOWindow,43.672795597811934
43.976078900574514,0.0,0.0,0.0,0.0,34.02405958515149,35.661401832607744,0.0,0.0,0.0,0.0,0.0,0.0,0.0,0.0,0.0,0.008878309332708056,0.13882219590790612,0.0,0.0,0.0,0.0,0.0,0.0,31.54146348730862,39.73011266189835,44.2793622033371,75.51754238788314,0.0,30.93489688178345,39.42682935913577,43.672795597811934,75.21425908512055,0.0,31.54146348730862,40.03339596466094,44.58264550609968,75.82082569064572,FeNOWindow,43.976078900574514
44.2793622033371,0.0,0.0,0.0,0.0,33.915606457831295,35.645653905529095,0.0,0.0,0.0,0.0,0.0,0.0,0.0,0.0,0.0,0.08039725234795725,0.06379213740965639,0.0,0.0,0.0,0.0,0.0,0.0,31.54146348730862,39.73011266189835,44.2793622033371,75.51754238788314,0.0,30.93489688178345,39.42682935913577,43.672795597811934,75.21425908512055,0.0,31.54146348730862,40.03339596466094,44.58264550609968,75.82082569064572,FeNOMeasurement,44.2793622033371
44.58264550609968,0.0,0.0,0.0,0.0,34.000742483629864,35.632245824737545,0.0,0.0,0.0,0.0,0.0,0.0,0.0,0.0,0.0,0.08902974559904919,0.21592298423547618,0.0,0.0,0.0,0.0,0.0,0.0,31.54146348730862,39.73011266189835,44.2793622033371,75.51754238788314,0.0,30.93489688178345,39.42682935913577,43.672795597811934,75.21425908512055,0.0,31.54146348730862,40.03339596466094,44.58264550609968,75.82082569064572,FeNOMeasurement,44.58264550609968
44.88592880886226,0.0,0.0,0.0,0.0,33.985991163025446,35.64896100328934,0.0,0.0,0.0,0.0,0.0,0.0,0.0,0.0,0.0,0.08850684625944893,0.017902514436350714,0.0,0.0,0.0,0.0,0.0,0.0,31.54146348730862,39.73011266189835,44.2793622033371,75.51754238788314,0.0,30.93489688178345,39.42682935913577,43.672795597811934,75.21425908512055,0.0,31.54146348730862,40.03339596466094,44.58264550609968,75.82082569064572,FeNOMeasurement,44.88592880886226
45.18921211162485,0.0,0.0,0.0,0.0,33.97443909373488,35.675872028654865,0.0,0.0,0.0,0.0,0.0,0.0,0.0,0.0,0.0,0.12281546069906568,0.14283522693700945,0.0,0.0,0.0,0.0,0.0,0.0,31.54146348730862,39.73011266189835,44.2793622033371,75.51754238788314,0.0,30.93489688178345,39.42682935913577,43.672795597811934,75.21425908512055,0.0,31.54146348730862,40.03339596466094,44.58264550609968,75.82082569064572,FeNOMeasurement,45.18921211162485
45.49249541438743,0.0,0.0,0.0,0.0,33.998929507861476,35.65275552892074,0.0,0.0,0.0,0.0,0.0,0.0,0.0,0.0,0.0,0.07144130369319157,0.08154881085128096,0.0,0.0,0.0,0.0,0.0,0.0,31.54146348730862,39.73011266189835,44.2793622033371,75.51754238788314,0.0,30.93489688178345,39.42682935913577,43.672795597811934,75.21425908512055,0.0,31.54146348730862,40.03339596466094,44.58264550609968,75.82082569064572,FeNOMeasurement,45.49249541438743
45.795778717150014,0.0,0.0,0.0,0.0,33.96888638984874,35.68758724226405,0.0,0.0,0.0,0.0,0.0,0.0,0.0,0.0,0.0,0.027465973167394964,0.0788539410096547,0.0,0.0,0.0,0.0,0.0,0.0,31.54146348730862,39.73011266189835,44.2793622033371,75.51754238788314,0.0,30.93489688178345,39.42682935913577,43.672795597811934,75.21425908512055,0.0,31.54146348730862,40.03339596466094,44.58264550609968,75.82082569064572,FeNOMeasurement,45.795778717150014
46.099062019912594,0.0,0.0,0.0,0.0,33.961579256545306,35.62826796932536,0.0,0.0,0.0,0.0,0.0,0.0,0.0,0.0,0.0,0.011757480174864554,0.08058547973632812,0.0,0.0,0.0,0.0,0.0,0.0,31.54146348730862,39.73011266189835,44.2793622033371,75.51754238788314,0.0,30.93489688178345,39.42682935913577,43.672795597811934,75.21425908512055,0.0,31.54146348730862,40.03339596466094,44.58264550609968,75.82082569064572,FeNOMeasurement,46.099062019912594
46.40234532267518,0.0,0.0,0.0,0.0,34.00076600407534,35.624023276779226,0.0,0.0,0.0,0.0,0.0,0.0,0.0,0.0,0.0,0.08058547973632812,0.04726664009269399,0.0,0.0,0.0,0.0,0.0,0.0,31.54146348730862,39.73011266189835,44.2793622033371,75.51754238788314,0.0,30.93489688178345,39.42682935913577,43.672795597811934,75.21425908512055,0.0,31.54146348730862,40.03339596466094,44.58264550609968,75.82082569064572,FeNOMeasurement,46.40234532267518
46.70562862543776,0.0,0.0,0.0,0.0,33.991488610517294,35.679446429169516,0.0,0.0,0.0,0.0,0.0,0.0,0.0,0.0,0.0,0.08058547973632812,0.1486494736687618,0.0,0.0,0.0,0.0,0.0,0.0,31.54146348730862,39.73011266189835,44.2793622033371,75.51754238788314,0.0,30.93489688178345,39.42682935913577,43.672795597811934,75.21425908512055,0.0,31.54146348730862,40.03339596466094,44.58264550609968,75.82082569064572,FeNOMeasurement,46.70562862543776
47.00891192820034,0.0,0.0,0.0,0.0,34.00625029459868,35.657638064156366,0.0,0.0,0.0,0.0,0.0,0.0,0.0,0.0,0.0,0.07920614914776536,0.0796097761528003,0.0,0.0,0.0,0.0,0.0,0.0,31.54146348730862,39.73011266189835,44.2793622033371,75.51754238788314,0.0,30.93489688178345,39.42682935913577,43.672795597811934,75.21425908512055,0.0,31.54146348730862,40.03339596466094,44.58264550609968,75.82082569064572,FeNOMeasurement,47.00891192820034
47.31219523096293,0.0,0.0,0.0,0.0,33.947829383950456,35.56284526678778,0.0,0.0,0.0,0.0,0.0,0.0,0.0,0.0,0.0,0.08782858613955113,0.08125619083553204,0.0,0.0,0.0,0.0,0.0,0.0,31.54146348730862,39.73011266189835,44.2793622033371,75.51754238788314,0.0,30.93489688178345,39.42682935913577,43.672795597811934,75.21425908512055,0.0,31.54146348730862,40.03339596466094,44.58264550609968,75.82082569064572,FeNOMeasurement,47.31219523096293
47.61547853372551,0.0,0.0,0.0,0.0,33.99966832650631,35.623919200847745,0.0,0.0,0.0,0.0,0.0,0.0,0.0,0.0,0.0,0.12202638922959608,0.07897651671741102,0.0,0.0,0.0,0.0,0.0,0.0,31.54146348730862,39.73011266189835,44.2793622033371,75.51754238788314,0.0,30.93489688178345,39.42682935913577,43.672795597811934,75.21425908512055,0.0,31.54146348730862,40.03339596466094,44.58264550609968,75.82082569064572,FeNOMeasurement,47.61547853372551
47.918761836488095,0.0,0.0,0.0,0.0,34.00069463210578,35.6254105425801,0.0,0.0,0.0,0.0,0.0,0.0,0.0,0.0,0.0,0.14517911914316528,0.16415059459378512,0.0,0.0,0.0,0.0,0.0,0.0,31.54146348730862,39.73011266189835,44.2793622033371,75.51754238788314,0.0,30.93489688178345,39.42682935913577,43.672795597811934,75.21425908512055,0.0,31.54146348730862,40.03339596466094,44.58264550609968,75.82082569064572,FeNOMeasurement,47.918761836488095
48.222045139250675,0.0,0.0,0.0,0.0,33.92547684881069,35.607212027834834,0.0,0.0,0.0,0.0,0.0,0.0,0.0,0.0,0.0,0.08058547973632812,0.18219549104071575,0.0,0.0,0.0,0.0,0.0,0.0,31.54146348730862,39.73011266189835,44.2793622033371,75.51754238788314,0.0,30.93489688178345,39.42682935913577,43.672795597811934,75.21425908512055,0.0,31.54146348730862,40.03339596466094,44.58264550609968,75.82082569064572,FeNOMeasurement,48.222045139250675
48.52532844201326,0.0,0.0,0.0,0.0,33.94540701618219,35.64416211111651,0.0,0.0,0.0,0.0,0.0,0.0,0.0,0.0,0.0,0.1144956037895497,0.13164646573726912,0.0,0.0,0.0,0.0,0.0,0.0,31.54146348730862,39.73011266189835,44.2793622033371,75.51754238788314,0.0,30.93489688178345,39.42682935913577,43.672795597811934,75.21425908512055,0.0,31.54146348730862,40.03339596466094,44.58264550609968,75.82082569064572,FeNOMeasurement,48.52532844201326
48.82861174477584,0.0,0.0,0.0,0.0,33.976434989440904,35.630276982295314,0.0,0.0,0.0,0.0,0.0,0.0,0.0,0.0,0.0,0.12657449137058308,0.09771381830083214,0.0,0.0,0.0,0.0,0.0,0.0,31.54146348730862,39.73011266189835,44.2793622033371,75.51754238788314,0.0,30.93489688178345,39.42682935913577,43.672795597811934,75.21425908512055,0.0,31.54146348730862,40.03339596466094,44.58264550609968,75.82082569064572,FeNOMeasurement,48.82861174477584
49.13189504753842,0.0,0.0,0.0,0.0,33.992399260735816,35.64188837051513,0.0,0.0,0.0,0.0,0.0,0.0,0.0,0.0,0.0,0.16117095947265625,0.04599420036969093,0.0,0.0,0.0,0.0,0.0,0.0,31.54146348730862,39.73011266189835,44.2793622033371,75.51754238788314,0.0,30.93489688178345,39.42682935913577,43.672795597811934,75.21425908512055,0.0,31.54146348730862,40.03339596466094,44.58264550609968,75.82082569064572,FeNOMeasurement,49.13189504753842
49.43517835030101,0.0,0.0,0.0,0.0,33.957953908175305,35.67175283312724,0.0,0.0,0.0,0.0,0.0,0.0,0.0,0.0,0.0,0.06372701063713748,0.16117477416992188,0.0,0.0,0.0,0.0,0.0,0.0,31.54146348730862,39.73011266189835,44.2793622033371,75.51754238788314,0.0,30.93489688178345,39.42682935913577,43.672795597811934,75.21425908512055,0.0,31.54146348730862,40.03339596466094,44.58264550609968,75.82082569064572,FeNOMeasurement,49.43517835030101
49.73846165306359,0.0,0.0,0.0,0.0,33.963504019964645,35.6357193143872,0.0,0.0,0.0,0.0,0.0,0.0,0.0,0.0,0.0,0.018990589013860415,0.1419779601717437,0.0,0.0,0.0,0.0,0.0,0.0,31.54146348730862,39.73011266189835,44.2793622033371,75.51754238788314,0.0,30.93489688178345,39.42682935913577,43.672795597811934,75.21425908512055,0.0,31.54146348730862,40.03339596466094,44.58264550609968,75.82082569064572,FeNOMeasurement,49.73846165306359
50.041744955826175,0.0,0.0,0.0,0.0,33.94277486435326,35.62942374696311,0.0,0.0,0.0,0.0,0.0,0.0,0.0,0.0,0.0,0.04163719794163967,0.12240374825532996,0.0,0.0,0.0,0.0,0.0,0.0,31.54146348730862,39.73011266189835,44.2793622033371,75.51754238788314,0.0,30.93489688178345,39.42682935913577,43.672795597811934,75.21425908512055,0.0,31.54146348730862,40.03339596466094,44.58264550609968,75.82082569064572,FeNOMeasurement,50.041744955826175
50.345028258588755,0.0,0.0,0.0,0.0,33.95014814578389,35.7032817940555,0.0,0.0,0.0,0.0,0.0,0.0,0.0,0.0,0.0,0.06218920505847336,0.06023360102268782,0.0,0.0,0.0,0.0,0.0,0.0,31.54146348730862,39.73011266189835,44.2793622033371,75.51754238788314,0.0,30.93489688178345,39.42682935913577,43.672795597811934,75.21425908512055,0.0,31.54146348730862,40.03339596466094,44.58264550609968,75.82082569064572,FeNOMeasurement,50.345028258588755
50.648311561351335,0.0,0.0,0.0,0.0,33.93044038754757,35.635537871129046,0.0,0.0,0.0,0.0,0.0,0.0,0.0,0.0,0.0,0.02215743280224558,0.059086214372428,0.0,0.0,0.0,0.0,0.0,0.0,31.54146348730862,39.73011266189835,44.2793622033371,75.51754238788314,0.0,30.93489688178345,39.42682935913577,43.672795597811934,75.21425908512055,0.0,31.54146348730862,40.03339596466094,44.58264550609968,75.82082569064572,FeNOMeasurement,50.648311561351335
50.95159486411392,0.0,0.0,0.0,0.0,33.91452308705929,35.64276474627885,0.0,0.0,0.0,0.0,0.0,0.0,0.0,0.0,0.0,0.09866828023483976,0.11950533510913885,0.0,0.0,0.0,0.0,0.0,0.0,31.54146348730862,39.73011266189835,44.2793622033371,75.51754238788314,0.0,30.93489688178345,39.42682935913577,43.672795597811934,75.21425908512055,0.0,31.54146348730862,40.03339596466094,44.58264550609968,75.82082569064572,FeNOMeasurement,50.95159486411392
51.2548781668765,0.0,0.0,0.0,0.0,33.94319119417354,35.630975201294405,0.0,0.0,0.0,0.0,0.0,0.0,0.0,0.0,0.0,0.12367984854920877,0.10231186108185852,0.0,0.0,0.0,0.0,0.0,0.0,31.54146348730862,39.73011266189835,44.2793622033371,75.51754238788314,0.0,30.93489688178345,39.42682935913577,43.672795597811934,75.21425908512055,0.0,31.54146348730862,40.03339596466094,44.58264550609968,75.82082569064572,FeNOMeasurement,51.2548781668765
51.55816146963909,0.0,0.0,0.0,0.0,33.94568201677618,35.64798928069056,0.0,0.0,0.0,0.0,0.0,0.0,0.0,0.0,0.0,0.02185155592972876,0.07225494170765501,0.0,0.0,0.0,0.0,0.0,0.0,31.54146348730862,39.73011266189835,44.2793622033371,75.51754238788314,0.0,30.93489688178345,39.42682935913577,43.672795597811934,75.21425908512055,0.0,31.54146348730862,40.03339596466094,44.58264550609968,75.82082569064572,FeNOMeasurement,51.55816146963909
51.86144477240167,0.0,0.0,0.0,0.0,33.93110055377313,35.677198643970144,0.0,0.0,0.0,0.0,0.0,0.0,0.0,0.0,0.0,0.08058547973632812,0.05755951498994705,0.0,0.0,0.0,0.0,0.0,0.0,31.54146348730862,39.73011266189835,44.2793622033371,75.51754238788314,0.0,30.93489688178345,39.42682935913577,43.672795597811934,75.21425908512055,0.0,31.54146348730862,40.03339596466094,44.58264550609968,75.82082569064572,FeNOMeasurement,51.86144477240167
52.164728075164255,0.0,0.0,0.0,0.0,33.96839215328899,35.63077239990234,0.0,0.0,0.0,0.0,0.0,0.0,0.0,0.0,0.0,0.07943628610723152,0.08058547973632812,0.0,0.0,0.0,0.0,0.0,0.0,31.54146348730862,39.73011266189835,44.2793622033371,75.51754238788314,0.0,30.93489688178345,39.42682935913577,43.672795597811934,75.21425908512055,0.0,31.54146348730862,40.03339596466094,44.58264550609968,75.82082569064572,FeNOMeasurement,52.164728075164255
52.468011377926835,0.0,0.0,0.0,0.0,33.99834402132677,35.65017917895617,0.0,0.0,0.0,0.0,0.0,0.0,0.0,0.0,0.0,0.08175990394877175,0.12936808848113657,0.0,0.0,0.0,0.0,0.0,0.0,31.54146348730862,39.73011266189835,44.2793622033371,75.51754238788314,0.0,30.93489688178345,39.42682935913577,43.672795597811934,75.21425908512055,0.0,31.54146348730862,40.03339596466094,44.58264550609968,75.82082569064572,FeNOMeasurement,52.468011377926835
52.771294680689415,0.0,0.0,0.0,0.0,33.98603008729839,35.690127627513746,0.0,0.0,0.0,0.0,0.0,0.0,0.0,0.0,0.0,0.1270291382436639,0.10508909295545976,0.0,0.0,0.0,0.0,0.0,0.0,31.54146348730862,39.73011266189835,44.2793622033371,75.51754238788314,0.0,30.93489688178345,39.42682935913577,43.672795597811934,75.21425908512055,0.0,31.54146348730862,40.03339596466094,44.58264550609968,75.82082569064572,FeNOMeasurement,52.771294680689415
53.074577983452,0.0,0.0,0.0,0.0,33.97802297866213,35.669680180564605,0.0,0.0,0.0,0.0,0.0,0.0,0.0,0.0,0.0,0.02940808672163797,0.11200282428822561,0.0,0.0,0.0,0.0,0.0,0.0,31.54146348730862,39.73011266189835,44.2793622033371,75.51754238788314,0.0,30.93489688178345,39.42682935913577,43.672795597811934,75.21425908512055,0.0,31.54146348730862,40.03339596466094,44.58264550609968,75.82082569064572,FeNOMeasurement,53.074577983452
53.37786128621458,0.0,0.0,0.0,0.0,33.944065784925996,35.661490889429004,0.0,0.0,0.0,0.0,0.0,0.0,0.0,0.0,0.0,0.028902865184235793,0.028911830380899062,0.0,0.0,0.0,0.0,0.0,0.0,31.54146348730862,39.73011266189835,44.2793622033371,75.51754238788314,0.0,30.93489688178345,39.42682935913577,43.672795597811934,75.21425908512055,0.0,31.54146348730862,40.03339596466094,44.58264550609968,75.82082569064572,FeNOMeasurement,53.37786128621458
53.68114458897717,0.0,0.0,0.0,0.0,33.92243257167323,35.67447833621487,0.0,0.0,0.0,0.0,0.0,0.0,0.0,0.0,0.0,0.08340496636159855,0.02678668939114459,0.0,0.0,0.0,0.0,0.0,0.0,31.54146348730862,39.73011266189835,44.2793622033371,75.51754238788314,0.0,30.93489688178345,39.42682935913577,43.672795597811934,75.21425908512055,0.0,31.54146348730862,40.03339596466094,44.58264550609968,75.82082569064572,FeNOMeasurement,53.68114458897717
53.98442789173975,0.0,0.0,0.0,0.0,33.93295518460511,35.614587603883066,0.0,0.0,0.0,0.0,0.0,0.0,0.0,0.0,0.0,0.1061558685553976,0.108093025194961,0.0,0.0,0.0,0.0,0.0,0.0,31.54146348730862,39.73011266189835,44.2793622033371,75.51754238788314,0.0,30.93489688178345,39.42682935913577,43.672795597811934,75.21425908512055,0.0,31.54146348730862,40.03339596466094,44.58264550609968,75.82082569064572,FeNOMeasurement,53.98442789173975
54.287711194502336,0.0,0.0,0.0,0.0,33.95968837602275,35.61502805670821,0.0,0.0,0.0,0.0,0.0,0.0,0.0,0.0,0.0,0.027858721209994997,0.13331223826266125,0.0,0.0,0.0,0.0,0.0,0.0,31.54146348730862,39.73011266189835,44.2793622033371,75.51754238788314,0.0,30.93489688178345,39.42682935913577,43.672795597811934,75.21425908512055,0.0,31.54146348730862,40.03339596466094,44.58264550609968,75.82082569064572,FeNOMeasurement,54.287711194502336
54.590994497264916,0.0,0.0,0.0,0.0,33.99931398416469,35.66868330213105,0.0,0.0,0.0,0.0,0.0,0.0,0.0,0.0,0.0,0.05748271311365727,0.10942300052028031,0.0,0.0,0.0,0.0,0.0,0.0,31.54146348730862,39.73011266189835,44.2793622033371,75.51754238788314,0.0,30.93489688178345,39.42682935913577,43.672795597811934,75.21425908512055,0.0,31.54146348730862,40.03339596466094,44.58264550609968,75.82082569064572,FeNOMeasurement,54.590994497264916
54.894277800027496,0.0,0.0,0.0,0.0,34.027913636807,35.66329197977786,0.0,0.0,0.0,0.0,0.0,0.0,0.0,0.0,0.0,0.04546388876482865,0.1092074349141896,0.0,0.0,0.0,0.0,0.0,0.0,31.54146348730862,39.73011266189835,44.2793622033371,75.51754238788314,0.0,30.93489688178345,39.42682935913577,43.672795597811934,75.21425908512055,0.0,31.54146348730862,40.03339596466094,44.58264550609968,75.82082569064572,FeNOMeasurement,54.894277800027496
55.19756110279008,0.0,0.0,0.0,0.0,33.98176300456275,35.6956252742307,0.0,0.0,0.0,0.0,0.0,0.0,0.0,0.0,0.0,0.10260163547192747,0.05705967334714046,0.0,0.0,0.0,0.0,0.0,0.0,31.54146348730862,39.73011266189835,44.2793622033371,75.51754238788314,0.0,30.93489688178345,39.42682935913577,43.672795597811934,75.21425908512055,0.0,31.54146348730862,40.03339596466094,44.58264550609968,75.82082569064572,FeNOMeasurement,55.19756110279008
55.50084440555266,0.0,0.0,0.0,0.0,33.970418408942564,35.68344455711036,0.0,0.0,0.0,0.0,0.0,0.0,0.0,0.0,0.0,0.0291404605916199,0.11043378144447047,0.0,0.0,0.0,0.0,0.0,0.0,31.54146348730862,39.73011266189835,44.2793622033371,75.51754238788314,0.0,30.93489688178345,39.42682935913577,43.672795597811934,75.21425908512055,0.0,31.54146348730862,40.03339596466094,44.58264550609968,75.82082569064572,FeNOMeasurement,55.50084440555266
55.80412770831525,0.0,0.0,0.0,0.0,33.971085292439945,35.65726559457876,0.0,0.0,0.0,0.0,0.0,0.0,0.0,0.0,0.0,0.02127899174571013,0.041621522218207474,0.0,0.0,0.0,0.0,0.0,0.0,31.54146348730862,39.73011266189835,44.2793622033371,75.51754238788314,0.0,30.93489688178345,39.42682935913577,43.672795597811934,75.21425908512055,0.0,31.54146348730862,40.03339596466094,44.58264550609968,75.82082569064572,FeNOMeasurement,55.80412770831525
56.10741101107783,0.0,0.0,0.0,0.0,33.99524454127397,35.64671055572302,0.0,0.0,0.0,0.0,0.0,0.0,0.0,0.0,0.0,0.06113375952793376,0.1799225267686353,0.0,0.0,0.0,0.0,0.0,0.0,31.54146348730862,39.73011266189835,44.2793622033371,75.51754238788314,0.0,30.93489688178345,39.42682935913577,43.672795597811934,75.21425908512055,0.0,31.54146348730862,40.03339596466094,44.58264550609968,75.82082569064572,FeNOMeasurement,56.10741101107783
56.41069431384041,0.0,0.0,0.0,0.0,34.00333608674024,35.66615968313413,0.0,0.0,0.0,0.0,0.0,0.0,0.0,0.0,0.0,0.04854021826609767,0.11263225814201405,0.0,0.0,0.0,0.0,0.0,0.0,31.54146348730862,39.73011266189835,44.2793622033371,75.51754238788314,0.0,30.93489688178345,39.42682935913577,43.672795597811934,75.21425908512055,0.0,31.54146348730862,40.03339596466094,44.58264550609968,75.82082569064572,FeNOMeasurement,56.41069431384041
56.713977616602996,0.0,0.0,0.0,0.0,33.967444963802464,35.68197930546752,0.0,0.0,0.0,0.0,0.0,0.0,0.0,0.0,0.0,0.0149549484066398,0.12825048768891634,0.0,0.0,0.0,0.0,0.0,0.0,31.54146348730862,39.73011266189835,44.2793622033371,75.51754238788314,0.0,30.93489688178345,39.42682935913577,43.672795597811934,75.21425908512055,0.0,31.54146348730862,40.03339596466094,44.58264550609968,75.82082569064572,FeNOMeasurement,56.713977616602996
57.017260919365576,0.0,0.0,0.0,0.0,33.98681142803822,35.650077012477496,0.0,0.0,0.0,0.0,0.0,0.0,0.0,0.0,0.0,0.07261925322701757,0.06680487338436336,0.0,0.0,0.0,0.0,0.0,0.0,31.54146348730862,39.73011266189835,44.2793622033371,75.51754238788314,0.0,30.93489688178345,39.42682935913577,43.672795597811934,75.21425908512055,0.0,31.54146348730862,40.03339596466094,44.58264550609968,75.82082569064572,FeNOMeasurement,57.017260919365576
57.32054422212816,0.0,0.0,0.0,0.0,34.00037440620268,35.657297639552915,0.0,0.0,0.0,0.0,0.0,0.0,0.0,0.0,0.0,0.12729180050900624,0.04659339024279774,0.0,0.0,0.0,0.0,0.0,0.0,31.54146348730862,39.73011266189835,44.2793622033371,75.51754238788314,0.0,30.93489688178345,39.42682935913577,43.672795597811934,75.21425908512055,0.0,31.54146348730862,40.03339596466094,44.58264550609968,75.82082569064572,FeNOMeasurement,57.32054422212816
57.62382752489074,0.0,0.0,0.0,0.0,33.96510893744027,35.67516825335833,0.0,0.0,0.0,0.0,0.0,0.0,0.0,0.0,0.0,0.05772004352680682,0.06710297705265589,0.0,0.0,0.0,0.0,0.0,0.0,31.54146348730862,39.73011266189835,44.2793622033371,75.51754238788314,0.0,30.93489688178345,39.42682935913577,43.672795597811934,75.21425908512055,0.0,31.54146348730862,40.03339596466094,44.58264550609968,75.82082569064572,FeNOMeasurement,57.62382752489074
57.92711082765333,0.0,0.0,0.0,0.0,33.924821358044,35.660587508304964,0.0,0.0,0.0,0.0,0.0,0.0,0.0,0.0,0.0,0.12687237971896081,0.12779028388299452,0.0,0.0,0.0,0.0,0.0,0.0,31.54146348730862,39.73011266189835,44.2793622033371,75.51754238788314,0.0,30.93489688178345,39.42682935913577,43.672795597811934,75.21425908512055,0.0,31.54146348730862,40.03339596466094,44.58264550609968,75.82082569064572,FeNOMeasurement,57.92711082765333
58.23039413041591,0.0,0.0,0.0,0.0,33.99169279486814,35.67232472584116,0.0,0.0,0.0,0.0,0.0,0.0,0.0,0.0,0.0,0.16185756681873187,0.07958433553939415,0.0,0.0,0.0,0.0,0.0,0.0,31.54146348730862,39.73011266189835,44.2793622033371,75.51754238788314,0.0,30.93489688178345,39.42682935913577,43.672795597811934,75.21425908512055,0.0,31.54146348730862,40.03339596466094,44.58264550609968,75.82082569064572,FeNOMeasurement,58.23039413041591
58.53367743317849,0.0,0.0,0.0,0.0,34.018747691706196,35.662930290696245,0.0,0.0,0.0,0.0,0.0,0.0,0.0,0.0,0.0,0.10068529282430205,0.07202442231967865,0.0,0.0,0.0,0.0,0.0,0.0,31.54146348730862,39.73011266189835,44.2793622033371,75.51754238788314,0.0,30.93489688178345,39.42682935913577,43.672795597811934,75.21425908512055,0.0,31.54146348730862,40.03339596466094,44.58264550609968,75.82082569064572,FeNOMeasurement,58.53367743317849
58.83696073594108,0.0,0.0,0.0,0.0,34.026414939174714,35.62701562695652,0.0,0.0,0.0,0.0,0.0,0.0,0.0,0.0,0.0,0.08058547973632812,0.12435517330315093,0.0,0.0,0.0,0.0,0.0,0.0,31.54146348730862,39.73011266189835,44.2793622033371,75.51754238788314,0.0,30.93489688178345,39.42682935913577,43.672795597811934,75.21425908512055,0.0,31.54146348730862,40.03339596466094,44.58264550609968,75.82082569064572,FeNOMeasurement,58.83696073594108
59.140244038703656,0.0,0.0,0.0,0.0,34.01315096189454,35.62592329194158,0.0,0.0,0.0,0.0,0.0,0.0,0.0,0.0,0.0,0.04374222060830846,0.07324595014645752,0.0,0.0,0.0,0.0,0.0,0.0,31.54146348730862,39.73011266189835,44.2793622033371,75.51754238788314,0.0,30.93489688178345,39.42682935913577,43.672795597811934,75.21425908512055,0.0,31.54146348730862,40.03339596466094,44.58264550609968,75.82082569064572,FeNOMeasurement,59.140244038703656
59.44352734146624,0.0,0.0,0.0,0.0,33.972195052849955,35.68756438444287,0.0,0.0,0.0,0.0,0.0,0.0,0.0,0.0,0.0,0.03706590899304274,0.034878315970495066,0.0,0.0,0.0,0.0,0.0,0.0,31.54146348730862,39.73011266189835,44.2793622033371,75.51754238788314,0.0,30.93489688178345,39.42682935913577,43.672795597811934,75.21425908512055,0.0,31.54146348730862,40.03339596466094,44.58264550609968,75.82082569064572,FeNOMeasurement,59.44352734146624
59.74681064422882,0.0,0.0,0.0,0.0,33.954061190012126,35.699204069571124,0.0,0.0,0.0,0.0,0.0,0.0,0.0,0.0,0.0,0.044043356469281036,0.11935884671301977,0.0,0.0,0.0,0.0,0.0,0.0,31.54146348730862,39.73011266189835,44.2793622033371,75.51754238788314,0.0,30.93489688178345,39.42682935913577,43.672795597811934,75.21425908512055,0.0,31.54146348730862,40.03339596466094,44.58264550609968,75.82082569064572,FeNOMeasurement,59.74681064422882
60.05009394699141,0.0,0.0,0.0,0.0,33.96238960461439,35.66061285058597,0.0,0.0,0.0,0.0,0.0,0.0,0.0,0.0,0.0,0.11587034739094548,0.08212013485992031,0.0,0.0,0.0,0.0,0.0,0.0,31.54146348730862,39.73011266189835,44.2793622033371,75.51754238788314,0.0,30.93489688178345,39.42682935913577,43.672795597811934,75.21425908512055,0.0,31.54146348730862,40.03339596466094,44.58264550609968,75.82082569064572,FeNOMeasurement,60.05009394699141
60.35337724975399,0.0,0.0,0.0,0.0,33.9859797816822,35.661075828854706,0.0,0.0,0.0,0.0,0.0,0.0,0.0,0.0,0.0,0.1597619222272968,0.08378760230461779,0.0,0.0,0.0,0.0,0.0,0.0,31.54146348730862,39.73011266189835,44.2793622033371,75.51754238788314,0.0,30.93489688178345,39.42682935913577,43.672795597811934,75.21425908512055,0.0,31.54146348730862,40.03339596466094,44.58264550609968,75.82082569064572,FeNOMeasurement,60.35337724975399
60.65666055251657,0.0,0.0,0.0,0.0,33.97145805466847,35.695190855323276,0.0,0.0,0.0,0.0,0.0,0.0,0.0,0.0,0.0,0.12355616896211785,0.03745494844238806,0.0,0.0,0.0,0.0,0.0,0.0,31.54146348730862,39.73011266189835,44.2793622033371,75.51754238788314,0.0,30.93489688178345,39.42682935913577,43.672795597811934,75.21425908512055,0.0,31.54146348730862,40.03339596466094,44.58264550609968,75.82082569064572,FeNOMeasurement,60.65666055251657
60.95994385527916,0.0,0.0,0.0,0.0,33.962981496262664,35.64772767262467,0.0,0.0,0.0,0.0,0.0,0.0,0.0,0.0,0.0,0.03853749047431165,0.041258745497323446,0.0,0.0,0.0,0.0,0.0,0.0,31.54146348730862,39.73011266189835,44.2793622033371,75.51754238788314,0.0,30.93489688178345,39.42682935913577,43.672795597811934,75.21425908512055,0.0,31.54146348730862,40.03339596466094,44.58264550609968,75.82082569064572,FeNOMeasurement,60.95994385527916
61.26322715804174,0.0,0.0,0.0,0.0,33.96997324282388,35.63092886672829,0.0,0.0,0.0,0.0,0.0,0.0,0.0,0.0,0.0,0.08232133102603711,0.08046262309358099,0.0,0.0,0.0,0.0,0.0,0.0,31.54146348730862,39.73011266189835,44.2793622033371,75.51754238788314,0.0,30.93489688178345,39.42682935913577,43.672795597811934,75.21425908512055,0.0,31.54146348730862,40.03339596466094,44.58264550609968,75.82082569064572,FeNOMeasurement,61.26322715804174
61.566510460804324,0.0,0.0,0.0,0.0,33.96261463666623,35.62994400675663,0.0,0.0,0.0,0.0,0.0,0.0,0.0,0.0,0.0,0.04042336818251613,0.04270507311255756,0.0,0.0,0.0,0.0,0.0,0.0,31.54146348730862,39.73011266189835,44.2793622033371,75.51754238788314,0.0,30.93489688178345,39.42682935913577,43.672795597811934,75.21425908512055,0.0,31.54146348730862,40.03339596466094,44.58264550609968,75.82082569064572,FeNOMeasurement,61.566510460804324
61.8697937635669,0.0,0.0,0.0,0.0,33.971512372299486,35.640043219630364,0.0,0.0,0.0,0.0,0.0,0.0,0.0,0.0,0.0,0.16117095947265625,0.041710017199228844,0.0,0.0,0.0,0.0,0.0,0.0,31.54146348730862,39.73011266189835,44.2793622033371,75.51754238788314,0.0,30.93489688178345,39.42682935913577,43.672795597811934,75.21425908512055,0.0,31.54146348730862,40.03339596466094,44.58264550609968,75.82082569064572,FeNOMeasurement,61.8697937635669
62.17307706632948,0.0,0.0,0.0,0.0,33.96132743503664,35.67113391092667,0.0,0.0,0.0,0.0,0.0,0.0,0.0,0.0,0.0,0.11613657504599928,0.07866504469537716,0.0,0.0,0.0,0.0,0.0,0.0,31.54146348730862,39.73011266189835,44.2793622033371,75.51754238788314,0.0,30.93489688178345,39.42682935913577,43.672795597811934,75.21425908512055,0.0,31.54146348730862,40.03339596466094,44.58264550609968,75.82082569064572,FeNOMeasurement,62.17307706632948
62.47636036909207,0.0,0.0,0.0,0.0,33.98927636684448,35.65373494992176,0.0,0.0,0.0,0.0,0.0,0.0,0.0,0.0,0.0,0.004461750689124244,0.04427124475967048,0.0,0.0,0.0,0.0,0.0,0.0,31.54146348730862,39.73011266189835,44.2793622033371,75.51754238788314,0.0,30.93489688178345,39.42682935913577,43.672795597811934,75.21425908512055,0.0,31.54146348730862,40.03339596466094,44.58264550609968,75.82082569064572,FeNOMeasurement,62.47636036909207
62.77964367185465,0.0,0.0,0.0,0.0,33.992584156901735,35.63096013950806,0.0,0.0,0.0,0.0,0.0,0.0,0.0,0.0,0.0,0.03771942886542945,0.13034903176369994,0.0,0.0,0.0,0.0,0.0,0.0,31.54146348730862,39.73011266189835,44.2793622033371,75.51754238788314,0.0,30.93489688178345,39.42682935913577,43.672795597811934,75.21425908512055,0.0,31.54146348730862,40.03339596466094,44.58264550609968,75.82082569064572,FeNOMeasurement,62.77964367185465
63.08292697461724,0.0,0.0,0.0,0.0,33.97066935923171,35.62993403991478,0.0,0.0,0.0,0.0,0.0,0.0,0.0,0.0,0.0,0.0,0.1525960936554398,0.0,0.0,0.0,0.0,0.0,0.0,31.54146348730862,39.73011266189835,44.2793622033371,75.51754238788314,0.0,30.93489688178345,39.42682935913577,43.672795597811934,75.21425908512055,0.0,31.54146348730862,40.03339596466094,44.58264550609968,75.82082569064572,FeNOMeasurement,63.08292697461724
63.38621027737982,0.0,0.0,0.0,0.0,33.94386381725262,35.66768136243136,0.0,0.0,0.0,0.0,0.0,0.0,0.0,0.0,0.0,0.03328736028386459,0.04384126166850422,0.0,0.0,0.0,0.0,0.0,0.0,31.54146348730862,39.73011266189835,44.2793622033371,75.51754238788314,0.0,30.93489688178345,39.42682935913577,43.672795597811934,75.21425908512055,0.0,31.54146348730862,40.03339596466094,44.58264550609968,75.82082569064572,FeNOMeasurement,63.38621027737982
63.689493580142404,0.0,0.0,0.0,0.0,33.91285964520392,35.685730278816884,0.0,0.0,0.0,0.0,0.0,0.0,0.0,0.0,0.0,0.03413676416506917,0.10490335866774814,0.0,0.0,0.0,0.0,0.0,0.0,31.54146348730862,39.73011266189835,44.2793622033371,75.51754238788314,0.0,30.93489688178345,39.42682935913577,43.672795597811934,75.21425908512055,0.0,31.54146348730862,40.03339596466094,44.58264550609968,75.82082569064572,FeNOMeasurement,63.689493580142404
63.992776882904984,0.0,0.0,0.0,0.0,33.915435228292516,35.660884918100116,0.0,0.0,0.0,0.0,0.0,0.0,0.0,0.0,0.0,0.03393323879870991,0.13480939538202108,0.0,0.0,0.0,0.0,0.0,0.0,31.54146348730862,39.73011266189835,44.2793622033371,75.51754238788314,0.0,30.93489688178345,39.42682935913577,43.672795597811934,75.21425908512055,0.0,31.54146348730862,40.03339596466094,44.58264550609968,75.82082569064572,FeNOMeasurement,63.992776882904984
64.29606018566757,0.0,0.0,0.0,0.0,33.97872741904502,35.65615266970279,0.0,0.0,0.0,0.0,0.0,0.0,0.0,0.0,0.0,0.0641600810001961,0.09485566604984541,0.0,0.0,0.0,0.0,0.0,0.0,31.54146348730862,39.73011266189835,44.2793622033371,75.51754238788314,0.0,30.93489688178345,39.42682935913577,43.672795597811934,75.21425908512055,0.0,31.54146348730862,40.03339596466094,44.58264550609968,75.82082569064572,FeNOMeasurement,64.29606018566757
64.59934348843015,0.0,0.0,0.0,0.0,33.97664594320732,35.65772216051369,0.0,0.0,0.0,0.0,0.0,0.0,0.0,0.0,0.0,0.04973516545482681,0.10338696357963784,0.0,0.0,0.0,0.0,0.0,0.0,31.54146348730862,39.73011266189835,44.2793622033371,75.51754238788314,0.0,30.93489688178345,39.42682935913577,43.672795597811934,75.21425908512055,0.0,31.54146348730862,40.03339596466094,44.58264550609968,75.82082569064572,FeNOMeasurement,64.59934348843015
64.90262679119273,0.0,0.0,0.0,0.0,33.94166257734608,35.650612899381024,0.0,0.0,0.0,0.0,0.0,0.0,0.0,0.0,0.0,0.09754729794016015,0.048775774963949914,0.0,0.0,0.0,0.0,0.0,0.0,31.54146348730862,39.73011266189835,44.2793622033371,75.51754238788314,0.0,30.93489688178345,39.42682935913577,43.672795597811934,75.21425908512055,0.0,31.54146348730862,40.03339596466094,44.58264550609968,75.82082569064572,FeNOMeasurement,64.90262679119273
65.20591009395531,0.0,0.0,0.0,0.0,33.95760214384482,35.637106998721066,0.0,0.0,0.0,0.0,0.0,0.0,0.0,0.0,0.0,0.033222075113116034,0.08058547973632812,0.0,0.0,0.0,0.0,0.0,0.0,31.54146348730862,39.73011266189835,44.2793622033371,75.51754238788314,0.0,30.93489688178345,39.42682935913577,43.672795597811934,75.21425908512055,0.0,31.54146348730862,40.03339596466094,44.58264550609968,75.82082569064572,FeNOMeasurement,65.20591009395531
65.5091933967179,0.0,0.0,0.0,0.0,33.99056148272594,35.65064242211156,0.0,0.0,0.0,0.0,0.0,0.0,0.0,0.0,0.0,0.048883204500135946,0.01697028291685143,0.0,0.0,0.0,0.0,0.0,0.0,31.54146348730862,39.73011266189835,44.2793622033371,75.51754238788314,0.0,30.93489688178345,39.42682935913577,43.672795597811934,75.21425908512055,0.0,31.54146348730862,40.03339596466094,44.58264550609968,75.82082569064572,FeNOMeasurement,65.5091933967179
65.81247669948048,0.0,0.0,0.0,0.0,33.963123899434564,35.68222570712372,0.0,0.0,0.0,0.0,0.0,0.0,0.0,0.0,0.0,0.050026158168932966,0.07978988844741508,0.0,0.0,0.0,0.0,0.0,0.0,31.54146348730862,39.73011266189835,44.2793622033371,75.51754238788314,0.0,30.93489688178345,39.42682935913577,43.672795597811934,75.21425908512055,0.0,31.54146348730862,40.03339596466094,44.58264550609968,75.82082569064572,FeNOMeasurement,65.81247669948048
66.11576000224306,0.0,0.0,0.0,0.0,33.928360619915104,35.65558738447372,0.0,0.0,0.0,0.0,0.0,0.0,0.0,0.0,0.0,0.08058547973632812,0.15856288423423592,0.0,0.0,0.0,0.0,0.0,0.0,31.54146348730862,39.73011266189835,44.2793622033371,75.51754238788314,0.0,30.93489688178345,39.42682935913577,43.672795597811934,75.21425908512055,0.0,31.54146348730862,40.03339596466094,44.58264550609968,75.82082569064572,FeNOMeasurement,66.11576000224306
66.41904330500564,0.0,0.0,0.0,0.0,33.99452859765112,35.67217307451214,0.0,0.0,0.0,0.0,0.0,0.0,0.0,0.0,0.0,0.05160750106766443,0.13253834697874822,0.0,0.0,0.0,0.0,0.0,0.0,31.54146348730862,39.73011266189835,44.2793622033371,75.51754238788314,0.0,30.93489688178345,39.42682935913577,43.672795597811934,75.21425908512055,0.0,31.54146348730862,40.03339596466094,44.58264550609968,75.82082569064572,FeNOMeasurement,66.41904330500564
66.72232660776822,0.0,0.0,0.0,0.0,34.02497632962722,35.66404627504752,0.0,0.0,0.0,0.0,0.0,0.0,0.0,0.0,0.0,0.07622327071992885,0.05862447102983026,0.0,0.0,0.0,0.0,0.0,0.0,31.54146348730862,39.73011266189835,44.2793622033371,75.51754238788314,0.0,30.93489688178345,39.42682935913577,43.672795597811934,75.21425908512055,0.0,31.54146348730862,40.03339596466094,44.58264550609968,75.82082569064572,FeNOMeasurement,66.72232660776822
67.02560991053082,0.0,0.0,0.0,0.0,33.977212295959326,35.63114728696566,0.0,0.0,0.0,0.0,0.0,0.0,0.0,0.0,0.0,0.043606962596193455,0.006888785321258695,0.0,0.0,0.0,0.0,0.0,0.0,31.54146348730862,39.73011266189835,44.2793622033371,75.51754238788314,0.0,30.93489688178345,39.42682935913577,43.672795597811934,75.21425908512055,0.0,31.54146348730862,40.03339596466094,44.58264550609968,75.82082569064572,FeNOMeasurement,67.02560991053082
67.3288932132934,0.0,0.0,0.0,0.0,33.974865472202595,35.616410293216255,0.0,0.0,0.0,0.0,0.0,0.0,0.0,0.0,0.0,0.045314009595479376,0.10087596899388274,0.0,0.0,0.0,0.0,0.0,0.0,31.54146348730862,39.73011266189835,44.2793622033371,75.51754238788314,0.0,30.93489688178345,39.42682935913577,43.672795597811934,75.21425908512055,0.0,31.54146348730862,40.03339596466094,44.58264550609968,75.82082569064572,FeNOMeasurement,67.3288932132934
67.63217651605598,0.0,0.0,0.0,0.0,33.96600063699568,35.66904147381221,0.0,0.0,0.0,0.0,0.0,0.0,0.0,0.0,0.0,0.08031734041434646,0.08271174682864313,0.0,0.0,0.0,0.0,0.0,0.0,31.54146348730862,39.73011266189835,44.2793622033371,75.51754238788314,0.0,30.93489688178345,39.42682935913577,43.672795597811934,75.21425908512055,0.0,31.54146348730862,40.03339596466094,44.58264550609968,75.82082569064572,FeNOMeasurement,67.63217651605598
67.93545981881856,0.0,0.0,0.0,0.0,33.98767372041185,35.6849029543888,0.0,0.0,0.0,0.0,0.0,0.0,0.0,0.0,0.0,0.13353446397745472,0.16207831851597376,0.0,0.0,0.0,0.0,0.0,0.0,31.54146348730862,39.73011266189835,44.2793622033371,75.51754238788314,0.0,30.93489688178345,39.42682935913577,43.672795597811934,75.21425908512055,0.0,31.54146348730862,40.03339596466094,44.58264550609968,75.82082569064572,FeNOMeasurement,67.93545981881856
68.23874312158114,0.0,0.0,0.0,0.0,34.01323478052014,35.6682365221977,0.0,0.0,0.0,0.0,0.0,0.0,0.0,0.0,0.0,0.08058547973632812,0.18677512639865057,0.0,0.0,0.0,0.0,0.0,0.0,31.54146348730862,39.73011266189835,44.2793622033371,75.51754238788314,0.0,30.93489688178345,39.42682935913577,43.672795597811934,75.21425908512055,0.0,31.54146348730862,40.03339596466094,44.58264550609968,75.82082569064572,FeNOMeasurement,68.23874312158114
68.54202642434373,0.0,0.0,0.0,0.0,33.97458177572687,35.67346736015458,0.0,0.0,0.0,0.0,0.0,0.0,0.0,0.0,0.0,0.02478841042584179,0.10788592270473174,0.0,0.0,0.0,0.0,0.0,0.0,31.54146348730862,39.73011266189835,44.2793622033371,75.51754238788314,0.0,30.93489688178345,39.42682935913577,43.672795597811934,75.21425908512055,0.0,31.54146348730862,40.03339596466094,44.58264550609968,75.82082569064572,FeNOMeasurement,68.54202642434373
68.84530972710631,0.0,0.0,0.0,0.0,34.00000405809349,35.61220103785041,0.0,0.0,0.0,0.0,0.0,0.0,0.0,0.0,0.0,0.02417248691011764,0.03532575862903542,0.0,0.0,0.0,0.0,0.0,0.0,31.54146348730862,39.73011266189835,44.2793622033371,75.51754238788314,0.0,30.93489688178345,39.42682935913577,43.672795597811934,75.21425908512055,0.0,31.54146348730862,40.03339596466094,44.58264550609968,75.82082569064572,FeNOMeasurement,68.84530972710631
69.14859302986889,0.0,0.0,0.0,0.0,33.97339825350952,35.62767128303277,0.0,0.0,0.0,0.0,0.0,0.0,0.0,0.0,0.0,0.053650111491144514,0.05450711622245308,0.0,0.0,0.0,0.0,0.0,0.0,31.54146348730862,39.73011266189835,44.2793622033371,75.51754238788314,0.0,30.93489688178345,39.42682935913577,43.672795597811934,75.21425908512055,0.0,31.54146348730862,40.03339596466094,44.58264550609968,75.82082569064572,FeNOMeasurement,69.14859302986889
69.45187633263147,0.0,0.0,0.0,0.0,33.97753703248897,35.61258118089056,0.0,0.0,0.0,0.0,0.0,0.0,0.0,0.0,0.0,0.0709324921119574,0.02509837929665082,0.0,0.0,0.0,0.0,0.0,0.0,31.54146348730862,39.73011266189835,44.2793622033371,75.51754238788314,0.0,30.93489688178345,39.42682935913577,43.672795597811934,75.21425908512055,0.0,31.54146348730862,40.03339596466094,44.58264550609968,75.82082569064572,FeNOMeasurement,69.45187633263147
69.75515963539407,0.0,0.0,0.0,0.0,33.99759747549724,35.65509899933075,0.0,0.0,0.0,0.0,0.0,0.0,0.0,0.0,0.0,0.012604134614790041,0.05961994709146978,0.0,0.0,0.0,0.0,0.0,0.0,31.54146348730862,39.73011266189835,44.2793622033371,75.51754238788314,0.0,30.93489688178345,39.42682935913577,43.672795597811934,75.21425908512055,0.0,31.54146348730862,40.03339596466094,44.58264550609968,75.82082569064572,FeNOMeasurement,69.75515963539407
70.05844293815665,0.0,0.0,0.0,0.0,33.99189924284515,35.692058299935766,0.0,0.0,0.0,0.0,0.0,0.0,0.0,0.0,0.0,0.11240745411844699,0.0859841894039306,0.0,0.0,0.0,0.0,0.0,0.0,31.54146348730862,39.73011266189835,44.2793622033371,75.51754238788314,0.0,30.93489688178345,39.42682935913577,43.672795597811934,75.21425908512055,0.0,31.54146348730862,40.03339596466094,44.58264550609968,75.82082569064572,FeNOMeasurement,70.05844293815665
70.36172624091923,0.0,0.0,0.0,0.0,34.01065956868358,35.682550344541994,0.0,0.0,0.0,0.0,0.0,0.0,0.0,0.0,0.0,0.17531711898774205,0.11886705821811461,0.0,0.0,0.0,0.0,0.0,0.0,31.54146348730862,39.73011266189835,44.2793622033371,75.51754238788314,0.0,30.93489688178345,39.42682935913577,43.672795597811934,75.21425908512055,0.0,31.54146348730862,40.03339596466094,44.58264550609968,75.82082569064572,FeNOMeasurement,70.36172624091923
70.6650095436818,0.0,0.0,0.0,0.0,33.93596368711062,35.643587086996384,0.0,0.0,0.0,0.0,0.0,0.0,0.0,0.0,0.0,0.10120011827363129,0.10356977808623924,0.0,0.0,0.0,0.0,0.0,0.0,31.54146348730862,39.73011266189835,44.2793622033371,75.51754238788314,0.0,30.93489688178345,39.42682935913577,43.672795597811934,75.21425908512055,0.0,31.54146348730862,40.03339596466094,44.58264550609968,75.82082569064572,FeNOMeasurement,70.6650095436818
70.96829284644438,0.0,0.0,0.0,0.0,33.893575516277494,35.61951371582584,0.0,0.0,0.0,0.0,0.0,0.0,0.0,0.0,0.0,0.12487116509782936,0.18107673626662546,0.0,0.0,0.0,0.0,0.0,0.0,31.54146348730862,39.73011266189835,44.2793622033371,75.51754238788314,0.0,30.93489688178345,39.42682935913577,43.672795597811934,75.21425908512055,0.0,31.54146348730862,40.03339596466094,44.58264550609968,75.82082569064572,FeNOMeasurement,70.96829284644438
71.27157614920698,0.0,0.0,0.0,0.0,33.939013975847374,35.63889909393532,0.0,0.0,0.0,0.0,0.0,0.0,0.0,0.0,0.0,0.06146346883675591,0.10241904075854791,0.0,0.0,0.0,0.0,0.0,0.0,31.54146348730862,39.73011266189835,44.2793622033371,75.51754238788314,0.0,30.93489688178345,39.42682935913577,43.672795597811934,75.21425908512055,0.0,31.54146348730862,40.03339596466094,44.58264550609968,75.82082569064572,FeNOMeasurement,71.27157614920698
71.57485945196956,0.0,0.0,0.0,0.0,33.95471110163049,35.65869887858911,0.0,0.0,0.0,0.0,0.0,0.0,0.0,0.0,0.0,0.04356405626612059,0.04017729158817929,0.0,0.0,0.0,0.0,0.0,0.0,31.54146348730862,39.73011266189835,44.2793622033371,75.51754238788314,0.0,30.93489688178345,39.42682935913577,43.672795597811934,75.21425908512055,0.0,31.54146348730862,40.03339596466094,44.58264550609968,75.82082569064572,FeNOMeasurement,71.57485945196956
71.87814275473214,0.0,0.0,0.0,0.0,33.985399233914684,35.62582331285154,0.0,0.0,0.0,0.0,0.0,0.0,0.0,0.0,0.0,0.04478665459506459,0.06268606716569991,0.0,0.0,0.0,0.0,0.0,0.0,31.54146348730862,39.73011266189835,44.2793622033371,75.51754238788314,0.0,30.93489688178345,39.42682935913577,43.672795597811934,75.21425908512055,0.0,31.54146348730862,40.03339596466094,44.58264550609968,75.82082569064572,FeNOMeasurement,71.87814275473214
72.18142605749472,0.0,0.0,0.0,0.0,33.96369679072477,35.64053653698899,0.0,0.0,0.0,0.0,0.0,0.0,0.0,0.0,0.0,0.13489444600259048,0.1583603453356872,0.0,0.0,0.0,0.0,0.0,0.0,31.54146348730862,39.73011266189835,44.2793622033371,75.51754238788314,0.0,30.93489688178345,39.42682935913577,43.672795597811934,75.21425908512055,0.0,31.54146348730862,40.03339596466094,44.58264550609968,75.82082569064572,FeNOMeasurement,72.18142605749472
72.4847093602573,0.0,0.0,0.0,0.0,33.991039303170275,35.64656093471783,0.0,0.0,0.0,0.0,0.0,0.0,0.0,0.0,0.0,0.09726229397801944,0.1599542115837238,0.0,0.0,0.0,0.0,0.0,0.0,31.54146348730862,39.73011266189835,44.2793622033371,75.51754238788314,0.0,30.93489688178345,39.42682935913577,43.672795597811934,75.21425908512055,0.0,31.54146348730862,40.03339596466094,44.58264550609968,75.82082569064572,FeNOMeasurement,72.4847093602573
72.78799266301989,0.0,0.0,0.0,0.0,34.01729424208652,35.6337815099429,0.0,0.0,0.0,0.0,0.0,0.0,0.0,0.0,0.0,0.060702248702490635,0.09902287154156397,0.0,0.0,0.0,0.0,0.0,0.0,31.54146348730862,39.73011266189835,44.2793622033371,75.51754238788314,0.0,30.93489688178345,39.42682935913577,43.672795597811934,75.21425908512055,0.0,31.54146348730862,40.03339596466094,44.58264550609968,75.82082569064572,FeNOMeasurement,72.78799266301989
73.09127596578247,0.0,0.0,0.0,0.0,34.018854119085105,35.682596439022696,0.0,0.0,0.0,0.0,0.0,0.0,0.0,0.0,0.0,0.033949765000983234,0.06770045979883577,0.0,0.0,0.0,0.0,0.0,0.0,31.54146348730862,39.73011266189835,44.2793622033371,75.51754238788314,0.0,30.93489688178345,39.42682935913577,43.672795597811934,75.21425908512055,0.0,31.54146348730862,40.03339596466094,44.58264550609968,75.82082569064572,FeNOMeasurement,73.09127596578247
73.39455926854505,0.0,0.0,0.0,0.0,33.992885321815045,35.72069698112502,0.0,0.0,0.0,0.0,0.0,0.0,0.0,0.0,0.0,0.016599942189017725,0.04780475755788416,0.0,0.0,0.0,0.0,0.0,0.0,31.54146348730862,39.73011266189835,44.2793622033371,75.51754238788314,0.0,30.93489688178345,39.42682935913577,43.672795597811934,75.21425908512055,0.0,31.54146348730862,40.03339596466094,44.58264550609968,75.82082569064572,FeNOMeasurement,73.39455926854505
73.69784257130763,0.0,0.0,0.0,0.0,33.97369110027387,35.662325788574385,0.0,0.0,0.0,0.0,0.0,0.0,0.0,0.0,0.0,0.08200376893213956,0.06656478518173259,0.0,0.0,0.0,0.0,0.0,0.0,31.54146348730862,39.73011266189835,44.2793622033371,75.51754238788314,0.0,30.93489688178345,39.42682935913577,43.672795597811934,75.21425908512055,0.0,31.54146348730862,40.03339596466094,44.58264550609968,75.82082569064572,FeNOMeasurement,73.69784257130763
74.00112587407021,0.0,0.0,0.0,0.0,33.918719488126506,35.58127377038853,0.0,0.0,0.0,0.0,0.0,0.0,0.0,0.0,0.0,0.11380056482769163,0.08219718933105469,0.0,0.0,0.0,0.0,0.0,0.0,31.54146348730862,39.73011266189835,44.2793622033371,75.51754238788314,0.0,30.93489688178345,39.42682935913577,43.672795597811934,75.21425908512055,0.0,31.54146348730862,40.03339596466094,44.58264550609968,75.82082569064572,FeNOMeasurement,74.00112587407021
74.3044091768328,0.0,0.0,0.0,0.0,33.94544767532502,35.57959722502905,0.0,0.0,0.0,0.0,0.0,0.0,0.0,0.0,0.0,0.03137255543570916,0.013546780594737129,0.0,0.0,0.0,0.0,0.0,0.0,31.54146348730862,39.73011266189835,44.2793622033371,75.51754238788314,0.0,30.93489688178345,39.42682935913577,43.672795597811934,75.21425908512055,0.0,31.54146348730862,40.03339596466094,44.58264550609968,75.82082569064572,FeNOMeasurement,74.3044091768328
74.60769247959539,0.0,0.0,0.0,0.0,33.995154954916586,35.66320226310438,0.0,0.0,0.0,0.0,0.0,0.0,0.0,0.0,0.0,0.012665445936683284,0.0684078462911657,0.0,0.0,0.0,0.0,0.0,0.0,31.54146348730862,39.73011266189835,44.2793622033371,75.51754238788314,0.0,30.93489688178345,39.42682935913577,43.672795597811934,75.21425908512055,0.0,31.54146348730862,40.03339596466094,44.58264550609968,75.82082569064572,FeNOMeasurement,74.60769247959539
74.91097578235797,0.0,0.0,0.0,0.0,33.97594346914774,35.70646819047512,0.0,0.0,0.0,0.0,0.0,0.0,0.0,0.0,0.0,0.11087762807304102,0.08058929443359375,0.0,0.0,0.0,0.0,0.0,0.0,31.54146348730862,39.73011266189835,44.2793622033371,75.51754238788314,0.0,30.93489688178345,39.42682935913577,43.672795597811934,75.21425908512055,0.0,31.54146348730862,40.03339596466094,44.58264550609968,75.82082569064572,FeNOMeasurement,74.91097578235797
75.21425908512055,0.0,0.0,0.0,0.0,34.02444047105534,35.62957477903943,0.0,0.0,0.0,0.0,0.0,0.0,0.0,0.0,0.0,0.08058547973632812,0.07712575115663611,0.0,0.0,0.0,0.0,0.0,0.0,31.54146348730862,39.73011266189835,44.2793622033371,75.51754238788314,0.0,30.93489688178345,39.42682935913577,43.672795597811934,75.21425908512055,0.0,31.54146348730862,40.03339596466094,44.58264550609968,75.82082569064572,FeNOMeasurement,75.21425908512055
75.51754238788314,0.0,0.0,0.0,0.0,33.95311698014463,35.64237187306443,0.0,0.0,0.0,0.0,0.0,0.0,0.0,0.0,0.0,0.05678057607939735,0.0915634272614696,0.0,0.0,0.0,0.0,0.0,0.0,31.54146348730862,39.73011266189835,44.2793622033371,75.51754238788314,0.0,30.93489688178345,39.42682935913577,43.672795597811934,75.21425908512055,0.0,31.54146348730862,40.03339596466094,44.58264550609968,75.82082569064572,CleaningCycle,75.51754238788314
75.82082569064572,0.0,0.0,0.0,0.0,33.978981071562245,35.63384514280756,0.0,0.0,0.0,0.0,0.0,0.0,0.0,0.0,0.0,0.06467289076871197,0.1289852508520397,0.0,0.0,0.0,0.0,0.0,0.0,31.54146348730862,39.73011266189835,44.2793622033371,75.51754238788314,0.0,30.93489688178345,39.42682935913577,43.672795597811934,75.21425908512055,0.0,31.54146348730862,40.03339596466094,44.58264550609968,75.82082569064572,CleaningCycle,75.82082569064572
76.1241089934083,0.0,0.0,0.0,0.0,33.97340845373864,35.587448353046526,0.0,0.0,0.0,0.0,0.0,0.0,0.0,0.0,0.0,0.06083212781507541,0.05072162604569286,0.0,0.0,0.0,0.0,0.0,0.0,31.54146348730862,39.73011266189835,44.2793622033371,75.51754238788314,0.0,30.93489688178345,39.42682935913577,43.672795597811934,75.21425908512055,0.0,31.54146348730862,40.03339596466094,44.58264550609968,75.82082569064572,CleaningCycle,76.1241089934083
76.42739229617088,0.0,0.0,0.0,0.0,33.97072860338513,35.63974963387742,0.0,0.0,0.0,0.0,0.0,0.0,0.0,0.0,0.0,0.009234696740541892,0.07055026498516526,0.0,0.0,0.0,0.0,0.0,0.0,31.54146348730862,39.73011266189835,44.2793622033371,75.51754238788314,0.0,30.93489688178345,39.42682935913577,43.672795597811934,75.21425908512055,0.0,31.54146348730862,40.03339596466094,44.58264550609968,75.82082569064572,CleaningCycle,76.42739229617088
76.73067559893346,0.0,0.0,0.0,0.0,33.98466254009017,35.632877884766785,0.0,0.0,0.0,0.0,0.0,0.0,0.0,0.0,0.0,0.06381277616556247,0.0692541436416434,0.0,0.0,0.0,0.0,0.0,0.0,31.54146348730862,39.73011266189835,44.2793622033371,75.51754238788314,0.0,30.93489688178345,39.42682935913577,43.672795597811934,75.21425908512055,0.0,31.54146348730862,40.03339596466094,44.58264550609968,75.82082569064572,CleaningCycle,76.73067559893346
77.03395890169605,0.0,0.0,0.0,0.0,33.959076736829054,35.673118840555745,0.0,0.0,0.0,0.0,0.0,0.0,0.0,0.0,0.0,0.12221278694143223,0.14380505201798144,0.0,0.0,0.0,0.0,0.0,0.0,31.54146348730862,39.73011266189835,44.2793622033371,75.51754238788314,0.0,30.93489688178345,39.42682935913577,43.672795597811934,75.21425908512055,0.0,31.54146348730862,40.03339596466094,44.58264550609968,75.82082569064572,CleaningCycle,77.03395890169605
77.33724220445863,0.0,0.0,0.0,0.0,33.98382389266048,35.66536547602501,0.0,0.0,0.0,0.0,0.0,0.0,0.0,0.0,0.0,0.08598256629752399,0.12643584249056516,0.0,0.0,0.0,0.0,0.0,0.0,31.54146348730862,39.73011266189835,44.2793622033371,75.51754238788314,0.0,30.93489688178345,39.42682935913577,43.672795597811934,75.21425908512055,0.0,31.54146348730862,40.03339596466094,44.58264550609968,75.82082569064572,CleaningCycle,77.33724220445863
77.64052550722121,0.0,0.0,0.0,0.0,33.95722141936393,35.60482681347506,0.0,0.0,0.0,0.0,0.0,0.0,0.0,0.0,0.0,0.0646977463546321,0.1593823727385768,0.0,0.0,0.0,0.0,0.0,0.0,31.54146348730862,39.73011266189835,44.2793622033371,75.51754238788314,0.0,30.93489688178345,39.42682935913577,43.672795597811934,75.21425908512055,0.0,31.54146348730862,40.03339596466094,44.58264550609968,75.82082569064572,CleaningCycle,77.64052550722121
77.94380880998379,0.0,0.0,0.0,0.0,33.97040328159251,35.71652928936683,0.0,0.0,0.0,0.0,0.0,0.0,0.0,0.0,0.0,0.07274791145735549,0.01371085284636564,0.0,0.0,0.0,0.0,0.0,0.0,31.54146348730862,39.73011266189835,44.2793622033371,75.51754238788314,0.0,30.93489688178345,39.42682935913577,43.672795597811934,75.21425908512055,0.0,31.54146348730862,40.03339596466094,44.58264550609968,75.82082569064572,CleaningCycle,77.94380880998379
78.24709211274637,0.0,0.0,0.0,0.0,33.99915939449012,35.681838376986946,0.0,0.0,0.0,0.0,0.0,0.0,0.0,0.0,0.0,0.00666848519452401,0.05695734211144554,0.0,0.0,0.0,0.0,0.0,0.0,31.54146348730862,39.73011266189835,44.2793622033371,75.51754238788314,0.0,30.93489688178345,39.42682935913577,43.672795597811934,75.21425908512055,0.0,31.54146348730862,40.03339596466094,44.58264550609968,75.82082569064572,CleaningCycle,78.24709211274637
78.55037541550897,0.0,0.0,0.0,0.0,33.97353158364805,35.694572514845035,0.0,0.0,0.0,0.0,0.0,0.0,0.0,0.0,0.0,0.1484414303686279,0.07453182167284922,0.0,0.0,0.0,0.0,0.0,0.0,31.54146348730862,39.73011266189835,44.2793622033371,75.51754238788314,0.0,30.93489688178345,39.42682935913577,43.672795597811934,75.21425908512055,0.0,31.54146348730862,40.03339596466094,44.58264550609968,75.82082569064572,CleaningCycle,78.55037541550897
78.85365871827155,0.0,0.0,0.0,0.0,33.94090838404405,35.63524174595106,0.0,0.0,0.0,0.0,0.0,0.0,0.0,0.0,0.0,0.008553757867524325,0.07326551194665143,0.0,0.0,0.0,0.0,0.0,0.0,31.54146348730862,39.73011266189835,44.2793622033371,75.51754238788314,0.0,30.93489688178345,39.42682935913577,43.672795597811934,75.21425908512055,0.0,31.54146348730862,40.03339596466094,44.58264550609968,75.82082569064572,CleaningCycle,78.85365871827155
79.15694202103413,0.0,0.0,0.0,0.0,33.98374439603795,35.72140405600141,0.0,0.0,0.0,0.0,0.0,0.0,0.0,0.0,0.0,0.09074208537730044,0.009399403494519731,0.0,0.0,0.0,0.0,0.0,0.0,31.54146348730862,39.73011266189835,44.2793622033371,75.51754238788314,0.0,30.93489688178345,39.42682935913577,43.672795597811934,75.21425908512055,0.0,31.54146348730862,40.03339596466094,44.58264550609968,75.82082569064572,CleaningCycle,79.15694202103413
79.4602253237967,0.0,0.0,0.0,0.0,33.957029250781275,35.667783643027235,0.0,0.0,0.0,0.0,0.0,0.0,0.0,0.0,0.0,0.08222348312791183,0.13956592668404966,0.0,0.0,0.0,0.0,0.0,0.0,31.54146348730862,39.73011266189835,44.2793622033371,75.51754238788314,0.0,30.93489688178345,39.42682935913577,43.672795597811934,75.21425908512055,0.0,31.54146348730862,40.03339596466094,44.58264550609968,75.82082569064572,CleaningCycle,79.4602253237967
79.76350862655929,0.0,0.0,0.0,0.0,34.03109007519147,35.70808906969771,0.0,0.0,0.0,0.0,0.0,0.0,0.0,0.0,0.0,0.009366330376430199,0.08217265463743217,0.0,0.0,0.0,0.0,0.0,0.0,31.54146348730862,39.73011266189835,44.2793622033371,75.51754238788314,0.0,30.93489688178345,39.42682935913577,43.672795597811934,75.21425908512055,0.0,31.54146348730862,40.03339596466094,44.58264550609968,75.82082569064572,CleaningCycle,79.76350862655929
80.06679192932188,0.0,0.0,0.0,0.0,33.98961673411131,35.58763781169264,0.0,0.0,0.0,0.0,0.0,0.0,0.0,0.0,0.0,0.0030106925083828173,0.1442492810832121,0.0,0.0,0.0,0.0,0.0,0.0,31.54146348730862,39.73011266189835,44.2793622033371,75.51754238788314,0.0,30.93489688178345,39.42682935913577,43.672795597811934,75.21425908512055,0.0,31.54146348730862,40.03339596466094,44.58264550609968,75.82082569064572,CleaningCycle,80.06679192932188
80.37007523208446,0.0,0.0,0.0,0.0,33.971561351807395,35.6770675389176,0.0,0.0,0.0,0.0,0.0,0.0,0.0,0.0,0.0,0.0,0.07951391208794689,0.0,0.0,0.0,0.0,0.0,0.0,31.54146348730862,39.73011266189835,44.2793622033371,75.51754238788314,0.0,30.93489688178345,39.42682935913577,43.672795597811934,75.21425908512055,0.0,31.54146348730862,40.03339596466094,44.58264550609968,75.82082569064572,CleaningCycle,80.37007523208446
80.67335853484704,0.0,0.0,0.0,0.0,33.90647461691606,35.631195570578356,0.0,0.0,0.0,0.0,0.0,0.0,0.0,0.0,0.0,0.0009013523137042512,0.08066207597767772,0.0,0.0,0.0,0.0,0.0,0.0,31.54146348730862,39.73011266189835,44.2793622033371,75.51754238788314,0.0,30.93489688178345,39.42682935913577,43.672795597811934,75.21425908512055,0.0,31.54146348730862,40.03339596466094,44.58264550609968,75.82082569064572,CleaningCycle,80.67335853484704
80.97664183760962,0.0,0.0,0.0,0.0,33.9701332201574,35.6307744877428,0.0,0.0,0.0,0.0,0.0,0.0,0.0,0.0,0.0,0.07723047106245673,0.081216850643969,0.0,0.0,0.0,0.0,0.0,0.0,31.54146348730862,39.73011266189835,44.2793622033371,75.51754238788314,0.0,30.93489688178345,39.42682935913577,43.672795597811934,75.21425908512055,0.0,31.54146348730862,40.03339596466094,44.58264550609968,75.82082569064572,CleaningCycle,80.97664183760962
81.27992514037221,0.0,0.0,0.0,0.0,33.97049343740376,35.662691106364356,0.0,0.0,0.0,0.0,0.0,0.0,0.0,0.0,0.0,0.0010274063606203754,0.15959551656627724,0.0,0.0,0.0,0.0,0.0,0.0,31.54146348730862,39.73011266189835,44.2793622033371,75.51754238788314,0.0,30.93489688178345,39.42682935913577,43.672795597811934,75.21425908512055,0.0,31.54146348730862,40.03339596466094,44.58264550609968,75.82082569064572,CleaningCycle,81.27992514037221
81.5832084431348,0.0,0.0,0.0,0.0,33.939086916226266,35.662653413136375,0.0,0.0,0.0,0.0,0.0,0.0,0.0,0.0,0.0,0.08058547973632812,0.15892763151036604,0.0,0.0,0.0,0.0,0.0,0.0,31.54146348730862,39.73011266189835,44.2793622033371,75.51754238788314,0.0,30.93489688178345,39.42682935913577,43.672795597811934,75.21425908512055,0.0,31.54146348730862,40.03339596466094,44.58264550609968,75.82082569064572,CleaningCycle,81.5832084431348
81.88649174589737,0.0,0.0,0.0,0.0,33.955251403304,35.61572582053098,0.0,0.0,0.0,0.0,0.0,0.0,0.0,0.0,0.0,0.08166296639237203,0.0782041014600523,0.0,0.0,0.0,0.0,0.0,0.0,31.54146348730862,39.73011266189835,44.2793622033371,75.51754238788314,0.0,30.93489688178345,39.42682935913577,43.672795597811934,75.21425908512055,0.0,31.54146348730862,40.03339596466094,44.58264550609968,75.82082569064572,CleaningCycle,81.88649174589737
82.18977504865995,0.0,0.0,0.0,0.0,34.00269523140507,35.678076954763114,0.0,0.0,0.0,0.0,0.0,0.0,0.0,0.0,0.0,0.08058547973632812,0.1565678800783985,0.0,0.0,0.0,0.0,0.0,0.0,31.54146348730862,39.73011266189835,44.2793622033371,75.51754238788314,0.0,30.93489688178345,39.42682935913577,43.672795597811934,75.21425908512055,0.0,31.54146348730862,40.03339596466094,44.58264550609968,75.82082569064572,CleaningCycle,82.18977504865995
82.49305835142253,0.0,0.0,0.0,0.0,33.98692275371204,35.710923155681414,0.0,0.0,0.0,0.0,0.0,0.0,0.0,0.0,0.0,0.07921759491733837,0.1603540934349823,0.0,0.0,0.0,0.0,0.0,0.0,31.54146348730862,39.73011266189835,44.2793622033371,75.51754238788314,0.0,30.93489688178345,39.42682935913577,43.672795597811934,75.21425908512055,0.0,31.54146348730862,40.03339596466094,44.58264550609968,75.82082569064572,CleaningCycle,82.49305835142253
82.79634165418513,0.0,0.0,0.0,0.0,33.97018259410288,35.661699891758786,0.0,0.0,0.0,0.0,0.0,0.0,0.0,0.0,0.0,0.005824532690958506,0.15561872824381595,0.0,0.0,0.0,0.0,0.0,0.0,31.54146348730862,39.73011266189835,44.2793622033371,75.51754238788314,0.0,30.93489688178345,39.42682935913577,43.672795597811934,75.21425908512055,0.0,31.54146348730862,40.03339596466094,44.58264550609968,75.82082569064572,CleaningCycle,82.79634165418513
83.09962495694771,0.0,0.0,0.0,0.0,33.98764298121228,35.617144975027706,0.0,0.0,0.0,0.0,0.0,0.0,0.0,0.0,0.0,0.07691332692021291,0.07324100027437908,0.0,0.0,0.0,0.0,0.0,0.0,31.54146348730862,39.73011266189835,44.2793622033371,75.51754238788314,0.0,30.93489688178345,39.42682935913577,43.672795597811934,75.21425908512055,0.0,31.54146348730862,40.03339596466094,44.58264550609968,75.82082569064572,CleaningCycle,83.09962495694771
83.40290825971029,0.0,0.0,0.0,0.0,34.00161176498215,35.68263256147798,0.0,0.0,0.0,0.0,0.0,0.0,0.0,0.0,0.0,0.07846477477555425,0.07847895976389196,0.0,0.0,0.0,0.0,0.0,0.0,31.54146348730862,39.73011266189835,44.2793622033371,75.51754238788314,0.0,30.93489688178345,39.42682935913577,43.672795597811934,75.21425908512055,0.0,31.54146348730862,40.03339596466094,44.58264550609968,75.82082569064572,CleaningCycle,83.40290825971029
83.70619156247287,0.0,0.0,0.0,0.0,33.969345635694424,35.75532308922601,0.0,0.0,0.0,0.0,0.0,0.0,0.0,0.0,0.0,0.0751975765955919,0.004921754172201531,0.0,0.0,0.0,0.0,0.0,0.0,31.54146348730862,39.73011266189835,44.2793622033371,75.51754238788314,0.0,30.93489688178345,39.42682935913577,43.672795597811934,75.21425908512055,0.0,31.54146348730862,40.03339596466094,44.58264550609968,75.82082569064572,CleaningCycle,83.70619156247287
84.00947486523545,0.0,0.0,0.0,0.0,33.95802713614631,35.65979604834144,0.0,0.0,0.0,0.0,0.0,0.0,0.0,0.0,0.0,0.006728274502570741,0.1466274236786944,0.0,0.0,0.0,0.0,0.0,0.0,31.54146348730862,39.73011266189835,44.2793622033371,75.51754238788314,0.0,30.93489688178345,39.42682935913577,43.672795597811934,75.21425908512055,0.0,31.54146348730862,40.03339596466094,44.58264550609968,75.82082569064572,CleaningCycle,84.00947486523545
84.31275816799804,0.0,0.0,0.0,0.0,34.006970881345,35.617622449415414,0.0,0.0,0.0,0.0,0.0,0.0,0.0,0.0,0.0,0.08585798575706605,0.08058547973632812,0.0,0.0,0.0,0.0,0.0,0.0,31.54146348730862,39.73011266189835,44.2793622033371,75.51754238788314,0.0,30.93489688178345,39.42682935913577,43.672795597811934,75.21425908512055,0.0,31.54146348730862,40.03339596466094,44.58264550609968,75.82082569064572,CleaningCycle,84.31275816799804
84.61604147076062,0.0,0.0,0.0,0.0,34.05870569888167,35.661622161716565,0.0,0.0,0.0,0.0,0.0,0.0,0.0,0.0,0.0,0.14825851210139973,0.14077204512366848,0.0,0.0,0.0,0.0,0.0,0.0,31.54146348730862,39.73011266189835,44.2793622033371,75.51754238788314,0.0,30.93489688178345,39.42682935913577,43.672795597811934,75.21425908512055,0.0,31.54146348730862,40.03339596466094,44.58264550609968,75.82082569064572,CleaningCycle,84.61604147076062
84.9193247735232,0.0,0.0,0.0,0.0,33.957770718365516,35.65149473027394,0.0,0.0,0.0,0.0,0.0,0.0,0.0,0.0,0.0,0.08420250428421383,0.02194747559452992,0.0,0.0,0.0,0.0,0.0,0.0,31.54146348730862,39.73011266189835,44.2793622033371,75.51754238788314,0.0,30.93489688178345,39.42682935913577,43.672795597811934,75.21425908512055,0.0,31.54146348730862,40.03339596466094,44.58264550609968,75.82082569064572,CleaningCycle,84.9193247735232
85.22260807628578,0.0,0.0,0.0,0.0,33.996705890779324,35.70598838089332,0.0,0.0,0.0,0.0,0.0,0.0,0.0,0.0,0.0,0.0799476891480495,0.08336758330316485,0.0,0.0,0.0,0.0,0.0,0.0,31.54146348730862,39.73011266189835,44.2793622033371,75.51754238788314,0.0,30.93489688178345,39.42682935913577,43.672795597811934,75.21425908512055,0.0,31.54146348730862,40.03339596466094,44.58264550609968,75.82082569064572,CleaningCycle,85.22260807628578
85.52589137904836,0.0,0.0,0.0,0.0,33.92626253586726,35.64381974298473,0.0,0.0,0.0,0.0,0.0,0.0,0.0,0.0,0.0,0.09666316616392834,0.07301766774602925,0.0,0.0,0.0,0.0,0.0,0.0,31.54146348730862,39.73011266189835,44.2793622033371,75.51754238788314,0.0,30.93489688178345,39.42682935913577,43.672795597811934,75.21425908512055,0.0,31.54146348730862,40.03339596466094,44.58264550609968,75.82082569064572,CleaningCycle,85.52589137904836
85.82917468181095,0.0,0.0,0.0,0.0,33.975000780146935,35.62101888318041,0.0,0.0,0.0,0.0,0.0,0.0,0.0,0.0,0.0,0.07875698779771767,0.07691842134582316,0.0,0.0,0.0,0.0,0.0,0.0,31.54146348730862,39.73011266189835,44.2793622033371,75.51754238788314,0.0,30.93489688178345,39.42682935913577,43.672795597811934,75.21425908512055,0.0,31.54146348730862,40.03339596466094,44.58264550609968,75.82082569064572,CleaningCycle,85.82917468181095
86.13245798457353,0.0,0.0,0.0,0.0,34.0038853081396,35.67939669150203,0.0,0.0,0.0,0.0,0.0,0.0,0.0,0.0,0.0,0.07104657007049298,0.14514480832379206,0.0,0.0,0.0,0.0,0.0,0.0,31.54146348730862,39.73011266189835,44.2793622033371,75.51754238788314,0.0,30.93489688178345,39.42682935913577,43.672795597811934,75.21425908512055,0.0,31.54146348730862,40.03339596466094,44.58264550609968,75.82082569064572,CleaningCycle,86.13245798457353
86.43574128733611,0.0,0.0,0.0,0.0,34.011265020440135,35.673899677549706,0.0,0.0,0.0,0.0,0.0,0.0,0.0,0.0,0.0,0.052747451469052464,0.020476878362487128,0.0,0.0,0.0,0.0,0.0,0.0,31.54146348730862,39.73011266189835,44.2793622033371,75.51754238788314,0.0,30.93489688178345,39.42682935913577,43.672795597811934,75.21425908512055,0.0,31.54146348730862,40.03339596466094,44.58264550609968,75.82082569064572,CleaningCycle,86.43574128733611
86.7390245900987,0.0,0.0,0.0,0.0,33.977111618093865,35.63049951748138,0.0,0.0,0.0,0.0,0.0,0.0,0.0,0.0,0.0,0.1382096532901258,0.1496935776157855,0.0,0.0,0.0,0.0,0.0,0.0,31.54146348730862,39.73011266189835,44.2793622033371,75.51754238788314,0.0,30.93489688178345,39.42682935913577,43.672795597811934,75.21425908512055,0.0,31.54146348730862,40.03339596466094,44.58264550609968,75.82082569064572,CleaningCycle,86.7390245900987
87.04230789286129,0.0,0.0,0.0,0.0,33.99712913343066,35.634983837615955,0.0,0.0,0.0,0.0,0.0,0.0,0.0,0.0,0.0,0.05800665958494022,0.08058547973632812,0.0,0.0,0.0,0.0,0.0,0.0,31.54146348730862,39.73011266189835,44.2793622033371,75.51754238788314,0.0,30.93489688178345,39.42682935913577,43.672795597811934,75.21425908512055,0.0,31.54146348730862,40.03339596466094,44.58264550609968,75.82082569064572,CleaningCycle,87.04230789286129
87.34559119562387,0.0,0.0,0.0,0.0,33.96016584553909,35.66324564025448,0.0,0.0,0.0,0.0,0.0,0.0,0.0,0.0,0.0,0.058420489282880794,0.1135051636650033,0.0,0.0,0.0,0.0,0.0,0.0,31.54146348730862,39.73011266189835,44.2793622033371,75.51754238788314,0.0,30.93489688178345,39.42682935913577,43.672795597811934,75.21425908512055,0.0,31.54146348730862,40.03339596466094,44.58264550609968,75.82082569064572,CleaningCycle,87.34559119562387
87.64887449838645,0.0,0.0,0.0,0.0,33.90229838270581,35.66311444507485,0.0,0.0,0.0,0.0,0.0,0.0,0.0,0.0,0.0,0.08058547973632812,0.16117477416992188,0.0,0.0,0.0,0.0,0.0,0.0,31.54146348730862,39.73011266189835,44.2793622033371,75.51754238788314,0.0,30.93489688178345,39.42682935913577,43.672795597811934,75.21425908512055,0.0,31.54146348730862,40.03339596466094,44.58264550609968,75.82082569064572,CleaningCycle,87.64887449838645
87.95215780114903,0.0,0.0,0.0,0.0,33.97154336285091,35.66296597078324,0.0,0.0,0.0,0.0,0.0,0.0,0.0,0.0,0.0,0.06742466582145568,0.17487103977740048,0.0,0.0,0.0,0.0,0.0,0.0,31.54146348730862,39.73011266189835,44.2793622033371,75.51754238788314,0.0,30.93489688178345,39.42682935913577,43.672795597811934,75.21425908512055,0.0,31.54146348730862,40.03339596466094,44.58264550609968,75.82082569064572,CleaningCycle,87.95215780114903
88.25544110391161,0.0,0.0,0.0,0.0,33.96648519656041,35.65292190411007,0.0,0.0,0.0,0.0,0.0,0.0,0.0,0.0,0.0,0.052345630579893054,0.08058547973632812,0.0,0.0,0.0,0.0,0.0,0.0,31.54146348730862,39.73011266189835,44.2793622033371,75.51754238788314,0.0,30.93489688178345,39.42682935913577,43.672795597811934,75.21425908512055,0.0,31.54146348730862,40.03339596466094,44.58264550609968,75.82082569064572,CleaningCycle,88.25544110391161
88.5587244066742,0.0,0.0,0.0,0.0,33.948358198422326,35.61242929437685,0.0,0.0,0.0,0.0,0.0,0.0,0.0,0.0,0.0,0.05243532826837338,0.1313332062529895,0.0,0.0,0.0,0.0,0.0,0.0,31.54146348730862,39.73011266189835,44.2793622033371,75.51754238788314,0.0,30.93489688178345,39.42682935913577,43.672795597811934,75.21425908512055,0.0,31.54146348730862,40.03339596466094,44.58264550609968,75.82082569064572,CleaningCycle,88.5587244066742
88.86200770943678,0.0,0.0,0.0,0.0,33.92340030641442,35.681695034145854,0.0,0.0,0.0,0.0,0.0,0.0,0.0,0.0,0.0,0.051711292610676196,0.06532613469676818,0.0,0.0,0.0,0.0,0.0,0.0,31.54146348730862,39.73011266189835,44.2793622033371,75.51754238788314,0.0,30.93489688178345,39.42682935913577,43.672795597811934,75.21425908512055,0.0,31.54146348730862,40.03339596466094,44.58264550609968,75.82082569064572,CleaningCycle,88.86200770943678
89.16529101219936,0.0,0.0,0.0,0.0,33.92209852152823,35.68300722693881,0.0,0.0,0.0,0.0,0.0,0.0,0.0,0.0,0.0,0.049472934226976406,0.050646419255279795,0.0,0.0,0.0,0.0,0.0,0.0,31.54146348730862,39.73011266189835,44.2793622033371,75.51754238788314,0.0,30.93489688178345,39.42682935913577,43.672795597811934,75.21425908512055,0.0,31.54146348730862,40.03339596466094,44.58264550609968,75.82082569064572,CleaningCycle,89.16529101219936
89.46857431496194,0.0,0.0,0.0,0.0,33.929055062808835,35.63356108772941,0.0,0.0,0.0,0.0,0.0,0.0,0.0,0.0,0.0,0.08058547973632812,0.04988395637670351,0.0,0.0,0.0,0.0,0.0,0.0,31.54146348730862,39.73011266189835,44.2793622033371,75.51754238788314,0.0,30.93489688178345,39.42682935913577,43.672795597811934,75.21425908512055,0.0,31.54146348730862,40.03339596466094,44.58264550609968,75.82082569064572,CleaningCycle,89.46857431496194
89.77185761772452,0.0,0.0,0.0,0.0,33.95710200359798,35.659686302159116,0.0,0.0,0.0,0.0,0.0,0.0,0.0,0.0,0.0,0.12751374166924734,0.09708273380044119,0.0,0.0,0.0,0.0,0.0,0.0,31.54146348730862,39.73011266189835,44.2793622033371,75.51754238788314,0.0,30.93489688178345,39.42682935913577,43.672795597811934,75.21425908512055,0.0,31.54146348730862,40.03339596466094,44.58264550609968,75.82082569064572,CleaningCycle,89.77185761772452
90.07514092048712,0.0,0.0,0.0,0.0,33.971007447110125,35.6976824774343,0.0,0.0,0.0,0.0,0.0,0.0,0.0,0.0,0.0,0.06987672387626986,0.09722602496087518,0.0,0.0,0.0,0.0,0.0,0.0,31.54146348730862,39.73011266189835,44.2793622033371,75.51754238788314,0.0,30.93489688178345,39.42682935913577,43.672795597811934,75.21425908512055,0.0,31.54146348730862,40.03339596466094,44.58264550609968,75.82082569064572,CleaningCycle,90.07514092048712
90.3784242232497,0.0,0.0,0.0,0.0,33.96375753259936,35.65147582013002,0.0,0.0,0.0,0.0,0.0,0.0,0.0,0.0,0.0,0.14332819981702016,0.11329196756278037,0.0,0.0,0.0,0.0,0.0,0.0,31.54146348730862,39.73011266189835,44.2793622033371,75.51754238788314,0.0,30.93489688178345,39.42682935913577,43.672795597811934,75.21425908512055,0.0,31.54146348730862,40.03339596466094,44.58264550609968,75.82082569064572,CleaningCycle,90.3784242232497
90.68170752601227,0.0,0.0,0.0,0.0,33.92726794191153,35.673848529065566,0.0,0.0,0.0,0.0,0.0,0.0,0.0,0.0,0.0,0.07966767219679127,0.07977988064455133,0.0,0.0,0.0,0.0,0.0,0.0,31.54146348730862,39.73011266189835,44.2793622033371,75.51754238788314,0.0,30.93489688178345,39.42682935913577,43.672795597811934,75.21425908512055,0.0,31.54146348730862,40.03339596466094,44.58264550609968,75.82082569064572,CleaningCycle,90.68170752601227
90.98499082877485,0.0,0.0,0.0,0.0,33.901695169712795,35.70313232806718,0.0,0.0,0.0,0.0,0.0,0.0,0.0,0.0,0.0,0.0987788819998272,0.10665868539959433,0.0,0.0,0.0,0.0,0.0,0.0,31.54146348730862,39.73011266189835,44.2793622033371,75.51754238788314,0.0,30.93489688178345,39.42682935913577,43.672795597811934,75.21425908512055,0.0,31.54146348730862,40.03339596466094,44.58264550609968,75.82082569064572,CleaningCycle,90.98499082877485
91.28827413153743,0.0,0.0,0.0,0.0,33.937463639643866,35.67229320849082,0.0,0.0,0.0,0.0,0.0,0.0,0.0,0.0,0.0,0.1593288705730984,0.035722488907332206,0.0,0.0,0.0,0.0,0.0,0.0,31.54146348730862,39.73011266189835,44.2793622033371,75.51754238788314,0.0,30.93489688178345,39.42682935913577,43.672795597811934,75.21425908512055,0.0,31.54146348730862,40.03339596466094,44.58264550609968,75.82082569064572,CleaningCycle,91.28827413153743
91.59155743430003,0.0,0.0,0.0,0.0,33.94611644172468,35.63535345546068,0.0,0.0,0.0,0.0,0.0,0.0,0.0,0.0,0.0,0.04266001072765846,0.11884209631873688,0.0,0.0,0.0,0.0,0.0,0.0,31.54146348730862,39.73011266189835,44.2793622033371,75.51754238788314,0.0,30.93489688178345,39.42682935913577,43.672795597811934,75.21425908512055,0.0,31.54146348730862,40.03339596466094,44.58264550609968,75.82082569064572,CleaningCycle,91.59155743430003
91.89484073706261,0.0,0.0,0.0,0.0,33.970699875940625,35.621924079308485,0.0,0.0,0.0,0.0,0.0,0.0,0.0,0.0,0.0,0.05813914745181137,0.20115120287803023,0.0,0.0,0.0,0.0,0.0,0.0,31.54146348730862,39.73011266189835,44.2793622033371,75.51754238788314,0.0,30.93489688178345,39.42682935913577,43.672795597811934,75.21425908512055,0.0,31.54146348730862,40.03339596466094,44.58264550609968,75.82082569064572,CleaningCycle,91.89484073706261
92.19812403982519,0.0,0.0,0.0,0.0,33.97929599636511,35.68695635302612,0.0,0.0,0.0,0.0,0.0,0.0,0.0,0.0,0.0,0.08058547973632812,0.12228242839552905,0.0,0.0,0.0,0.0,0.0,0.0,31.54146348730862,39.73011266189835,44.2793622033371,75.51754238788314,0.0,30.93489688178345,39.42682935913577,43.672795597811934,75.21425908512055,0.0,31.54146348730862,40.03339596466094,44.58264550609968,75.82082569064572,CleaningCycle,92.19812403982519
92.50140734258777,0.0,0.0,0.0,0.0,33.99437075128726,35.66787927637049,0.0,0.0,0.0,0.0,0.0,0.0,0.0,0.0,0.0,0.1233886823919974,0.14004268949672394,0.0,0.0,0.0,0.0,0.0,0.0,31.54146348730862,39.73011266189835,44.2793622033371,75.51754238788314,0.0,30.93489688178345,39.42682935913577,43.672795597811934,75.21425908512055,0.0,31.54146348730862,40.03339596466094,44.58264550609968,75.82082569064572,CleaningCycle,92.50140734258777
92.80469064535036,0.0,0.0,0.0,0.0,33.95769271521607,35.678788420719364,0.0,0.0,0.0,0.0,0.0,0.0,0.0,0.0,0.0,0.10199184268985562,0.10299544328741916,0.0,0.0,0.0,0.0,0.0,0.0,31.54146348730862,39.73011266189835,44.2793622033371,75.51754238788314,0.0,30.93489688178345,39.42682935913577,43.672795597811934,75.21425908512055,0.0,31.54146348730862,40.03339596466094,44.58264550609968,75.82082569064572,CleaningCycle,92.80469064535036
93.10797394811294,0.0,0.0,0.0,0.0,33.945294214754966,35.67411542689734,0.0,0.0,0.0,0.0,0.0,0.0,0.0,0.0,0.0,0.12822785845430218,0.09146947242768988,0.0,0.0,0.0,0.0,0.0,0.0,31.54146348730862,39.73011266189835,44.2793622033371,75.51754238788314,0.0,30.93489688178345,39.42682935913577,43.672795597811934,75.21425908512055,0.0,31.54146348730862,40.03339596466094,44.58264550609968,75.82082569064572,CleaningCycle,93.10797394811294
93.41125725087552,0.0,0.0,0.0,0.0,33.974094906217054,35.657918796808175,0.0,0.0,0.0,0.0,0.0,0.0,0.0,0.0,0.0,0.0665985939592062,0.023848420214996224,0.0,0.0,0.0,0.0,0.0,0.0,31.54146348730862,39.73011266189835,44.2793622033371,75.51754238788314,0.0,30.93489688178345,39.42682935913577,43.672795597811934,75.21425908512055,0.0,31.54146348730862,40.03339596466094,44.58264550609968,75.82082569064572,CleaningCycle,93.41125725087552
93.7145405536381,0.0,0.0,0.0,0.0,33.915361160357165,35.64320069170887,0.0,0.0,0.0,0.0,0.0,0.0,0.0,0.0,0.0,0.04458381186996263,0.12309383797637707,0.0,0.0,0.0,0.0,0.0,0.0,31.54146348730862,39.73011266189835,44.2793622033371,75.51754238788314,0.0,30.93489688178345,39.42682935913577,43.672795597811934,75.21425908512055,0.0,31.54146348730862,40.03339596466094,44.58264550609968,75.82082569064572,CleaningCycle,93.7145405536381
94.01782385640068,0.0,0.0,0.0,0.0,33.93906639184557,35.64542613050455,0.0,0.0,0.0,0.0,0.0,0.0,0.0,0.0,0.0,0.030634619547520003,0.11076797794615345,0.0,0.0,0.0,0.0,0.0,0.0,31.54146348730862,39.73011266189835,44.2793622033371,75.51754238788314,0.0,30.93489688178345,39.42682935913577,43.672795597811934,75.21425908512055,0.0,31.54146348730862,40.03339596466094,44.58264550609968,75.82082569064572,CleaningCycle,94.01782385640068
94.32110715916328,0.0,0.0,0.0,0.0,33.98394559943834,35.6588408299623,0.0,0.0,0.0,0.0,0.0,0.0,0.0,0.0,0.0,0.08129434760509469,0.16117477416992188,0.0,0.0,0.0,0.0,0.0,0.0,31.54146348730862,39.73011266189835,44.2793622033371,75.51754238788314,0.0,30.93489688178345,39.42682935913577,43.672795597811934,75.21425908512055,0.0,31.54146348730862,40.03339596466094,44.58264550609968,75.82082569064572,CleaningCycle,94.32110715916328
94.62439046192586,0.0,0.0,0.0,0.0,34.036577073813646,35.629494291406736,0.0,0.0,0.0,0.0,0.0,0.0,0.0,0.0,0.0,0.0825383664939423,0.08058547973632812,0.0,0.0,0.0,0.0,0.0,0.0,31.54146348730862,39.73011266189835,44.2793622033371,75.51754238788314,0.0,30.93489688178345,39.42682935913577,43.672795597811934,75.21425908512055,0.0,31.54146348730862,40.03339596466094,44.58264550609968,75.82082569064572,CleaningCycle,94.62439046192586
94.92767376468844,0.0,0.0,0.0,0.0,33.93828510547435,35.673144316998666,0.0,0.0,0.0,0.0,0.0,0.0,0.0,0.0,0.0,0.055774317655298944,0.0582702525437071,0.0,0.0,0.0,0.0,0.0,0.0,31.54146348730862,39.73011266189835,44.2793622033371,75.51754238788314,0.0,30.93489688178345,39.42682935913577,43.672795597811934,75.21425908512055,0.0,31.54146348730862,40.03339596466094,44.58264550609968,75.82082569064572,CleaningCycle,94.92767376468844
95.23095706745102,0.0,0.0,0.0,0.0,33.95989174604547,35.679699628081735,0.0,0.0,0.0,0.0,0.0,0.0,0.0,0.0,0.0,0.05201771548151868,0.0031397039637042212,0.0,0.0,0.0,0.0,0.0,0.0,31.54146348730862,39.73011266189835,44.2793622033371,75.51754238788314,0.0,30.93489688178345,39.42682935913577,43.672795597811934,75.21425908512055,0.0,31.54146348730862,40.03339596466094,44.58264550609968,75.82082569064572,CleaningCycle,95.23095706745102
95.5342403702136,0.0,0.0,0.0,0.0,33.98161919336149,35.63127057720228,0.0,0.0,0.0,0.0,0.0,0.0,0.0,0.0,0.0,0.10792341132999184,0.054849828482886664,0.0,0.0,0.0,0.0,0.0,0.0,31.54146348730862,39.73011266189835,44.2793622033371,75.51754238788314,0.0,30.93489688178345,39.42682935913577,43.672795597811934,75.21425908512055,0.0,31.54146348730862,40.03339596466094,44.58264550609968,75.82082569064572,CleaningCycle,95.5342403702136
95.83752367297619,0.0,0.0,0.0,0.0,33.95623057350842,35.636766810398356,0.0,0.0,0.0,0.0,0.0,0.0,0.0,0.0,0.0,0.025733903828466964,0.02228121812289885,0.0,0.0,0.0,0.0,0.0,0.0,31.54146348730862,39.73011266189835,44.2793622033371,75.51754238788314,0.0,30.93489688178345,39.42682935913577,43.672795597811934,75.21425908512055,0.0,31.54146348730862,40.03339596466094,44.58264550609968,75.82082569064572,CleaningCycle,95.83752367297619
96.14080697573877,0.0,0.0,0.0,0.0,33.986778203643084,35.71214331165204,0.0,0.0,0.0,0.0,0.0,0.0,0.0,0.0,0.0,0.10961946098986175,0.07726120931180702,0.0,0.0,0.0,0.0,0.0,0.0,31.54146348730862,39.73011266189835,44.2793622033371,75.51754238788314,0.0,30.93489688178345,39.42682935913577,43.672795597811934,75.21425908512055,0.0,31.54146348730862,40.03339596466094,44.58264550609968,75.82082569064572,CleaningCycle,96.14080697573877
96.44409027850135,0.0,0.0,0.0,0.0,34.01040533446467,35.693022722659926,0.0,0.0,0.0,0.0,0.0,0.0,0.0,0.0,0.0,0.13193765869873175,0.023005592162689936,0.0,0.0,0.0,0.0,0.0,0.0,31.54146348730862,39.73011266189835,44.2793622033371,75.51754238788314,0.0,30.93489688178345,39.42682935913577,43.672795597811934,75.21425908512055,0.0,31.54146348730862,40.03339596466094,44.58264550609968,75.82082569064572,CleaningCycle,96.44409027850135
96.74737358126393,0.0,0.0,0.0,0.0,34.0451412812187,35.658087817321224,0.0,0.0,0.0,0.0,0.0,0.0,0.0,0.0,0.0,0.13012025494882806,0.02100723439791352,0.0,0.0,0.0,0.0,0.0,0.0,31.54146348730862,39.73011266189835,44.2793622033371,75.51754238788314,0.0,30.93489688178345,39.42682935913577,43.672795597811934,75.21425908512055,0.0,31.54146348730862,40.03339596466094,44.58264550609968,75.82082569064572,CleaningCycle,96.74737358126393
97.05065688402652,0.0,0.0,0.0,0.0,33.99864905328042,35.62239915835908,0.0,0.0,0.0,0.0,0.0,0.0,0.0,0.0,0.0,0.07863680576289056,0.09817370535759551,0.0,0.0,0.0,0.0,0.0,0.0,31.54146348730862,39.73011266189835,44.2793622033371,75.51754238788314,0.0,30.93489688178345,39.42682935913577,43.672795597811934,75.21425908512055,0.0,31.54146348730862,40.03339596466094,44.58264550609968,75.82082569064572,CleaningCycle,97.05065688402652
97.3539401867891,0.0,0.0,0.0,0.0,33.95118236279033,35.60689704072536,0.0,0.0,0.0,0.0,0.0,0.0,0.0,0.0,0.0,0.1128036047098746,0.0961756956360631,0.0,0.0,0.0,0.0,0.0,0.0,31.54146348730862,39.73011266189835,44.2793622033371,75.51754238788314,0.0,30.93489688178345,39.42682935913577,43.672795597811934,75.21425908512055,0.0,31.54146348730862,40.03339596466094,44.58264550609968,75.82082569064572,CleaningCycle,97.3539401867891
97.65722348955168,0.0,0.0,0.0,0.0,33.95770445151503,35.62186459250458,0.0,0.0,0.0,0.0,0.0,0.0,0.0,0.0,0.0,0.05077872542849349,0.1277926674212253,0.0,0.0,0.0,0.0,0.0,0.0,31.54146348730862,39.73011266189835,44.2793622033371,75.51754238788314,0.0,30.93489688178345,39.42682935913577,43.672795597811934,75.21425908512055,0.0,31.54146348730862,40.03339596466094,44.58264550609968,75.82082569064572,CleaningCycle,97.65722348955168
97.96050679231426,0.0,0.0,0.0,0.0,33.951958703550325,35.60883054207498,0.0,0.0,0.0,0.0,0.0,0.0,0.0,0.0,0.0,0.11211111532686147,0.14693722314617474,0.0,0.0,0.0,0.0,0.0,0.0,31.54146348730862,39.73011266189835,44.2793622033371,75.51754238788314,0.0,30.93489688178345,39.42682935913577,43.672795597811934,75.21425908512055,0.0,31.54146348730862,40.03339596466094,44.58264550609968,75.82082569064572,CleaningCycle,97.96050679231426
98.26379009507684,0.0,0.0,0.0,0.0,33.97572003890025,35.646020402718236,0.0,0.0,0.0,0.0,0.0,0.0,0.0,0.0,0.0,0.11668405090423306,0.12767338301119935,0.0,0.0,0.0,0.0,0.0,0.0,31.54146348730862,39.73011266189835,44.2793622033371,75.51754238788314,0.0,30.93489688178345,39.42682935913577,43.672795597811934,75.21425908512055,0.0,31.54146348730862,40.03339596466094,44.58264550609968,75.82082569064572,CleaningCycle,98.26379009507684
98.56707339783944,0.0,0.0,0.0,0.0,33.994208277726095,35.667012658531675,0.0,0.0,0.0,0.0,0.0,0.0,0.0,0.0,0.0,0.11012796671845848,0.08151222982245088,0.0,0.0,0.0,0.0,0.0,0.0,31.54146348730862,39.73011266189835,44.2793622033371,75.51754238788314,0.0,30.93489688178345,39.42682935913577,43.672795597811934,75.21425908512055,0.0,31.54146348730862,40.03339596466094,44.58264550609968,75.82082569064572,CleaningCycle,98.56707339783944
98.87035670060202,0.0,0.0,0.0,0.0,33.9969186329633,35.67492066753162,0.0,0.0,0.0,0.0,0.0,0.0,0.0,0.0,0.0,0.11318410619376351,0.1149140463253957,0.0,0.0,0.0,0.0,0.0,0.0,31.54146348730862,39.73011266189835,44.2793622033371,75.51754238788314,0.0,30.93489688178345,39.42682935913577,43.672795597811934,75.21425908512055,0.0,31.54146348730862,40.03339596466094,44.58264550609968,75.82082569064572,CleaningCycle,98.87035670060202
99.1736400033646,0.0,0.0,0.0,0.0,33.96600822399465,35.654101590136264,0.0,0.0,0.0,0.0,0.0,0.0,0.0,0.0,0.0,0.04476617536801086,0.11164237608799965,0.0,0.0,0.0,0.0,0.0,0.0,31.54146348730862,39.73011266189835,44.2793622033371,75.51754238788314,0.0,30.93489688178345,39.42682935913577,43.672795597811934,75.21425908512055,0.0,31.54146348730862,40.03339596466094,44.58264550609968,75.82082569064572,CleaningCycle,99.1736400033646
99.47692330612718,0.0,0.0,0.0,0.0,33.959643330940175,35.65556567044368,0.0,0.0,0.0,0.0,0.0,0.0,0.0,0.0,0.0,0.0008737659151236699,0.07090794265061362,0.0,0.0,0.0,0.0,0.0,0.0,31.54146348730862,39.73011266189835,44.2793622033371,75.51754238788314,0.0,30.93489688178345,39.42682935913577,43.672795597811934,75.21425908512055,0.0,31.54146348730862,40.03339596466094,44.58264550609968,75.82082569064572,CleaningCycle,99.47692330612718
99.78020660888976,0.0,0.0,0.0,0.0,33.97925695111066,35.632143755392406,0.0,0.0,0.0,0.0,0.0,0.0,0.0,0.0,0.0,0.07266602492608598,0.05325006032932578,0.0,0.0,0.0,0.0,0.0,0.0,31.54146348730862,39.73011266189835,44.2793622033371,75.51754238788314,0.0,30.93489688178345,39.42682935913577,43.672795597811934,75.21425908512055,0.0,31.54146348730862,40.03339596466094,44.58264550609968,75.82082569064572,CleaningCycle,99.78020660888976
100.08348991165235,0.0,0.0,0.0,0.0,33.971193045491404,35.62280643985285,0.0,0.0,0.0,0.0,0.0,0.0,0.0,0.0,0.0,0.08728765950989015,0.0503351560583809,0.0,0.0,0.0,0.0,0.0,0.0,31.54146348730862,39.73011266189835,44.2793622033371,75.51754238788314,0.0,30.93489688178345,39.42682935913577,43.672795597811934,75.21425908512055,0.0,31.54146348730862,40.03339596466094,44.58264550609968,75.82082569064572,CleaningCycle,100.08348991165235
100.38677321441493,0.0,0.0,0.0,0.0,33.9626673312015,35.64553089858864,0.0,0.0,0.0,0.0,0.0,0.0,0.0,0.0,0.0,0.0738158815721377,0.049278218392373674,0.0,0.0,0.0,0.0,0.0,0.0,31.54146348730862,39.73011266189835,44.2793622033371,75.51754238788314,0.0,30.93489688178345,39.42682935913577,43.672795597811934,75.21425908512055,0.0,31.54146348730862,40.03339596466094,44.58264550609968,75.82082569064572,CleaningCycle,100.38677321441493
100.69005651717751,0.0,0.0,0.0,0.0,33.946433239297576,35.648469427469465,0.0,0.0,0.0,0.0,0.0,0.0,0.0,0.0,0.0,0.08058547973632812,0.0048067867626571115,0.0,0.0,0.0,0.0,0.0,0.0,31.54146348730862,39.73011266189835,44.2793622033371,75.51754238788314,0.0,30.93489688178345,39.42682935913577,43.672795597811934,75.21425908512055,0.0,31.54146348730862,40.03339596466094,44.58264550609968,75.82082569064572,CleaningCycle,100.69005651717751
100.99333981994009,0.0,0.0,0.0,0.0,33.93948013938537,35.65419732774995,0.0,0.0,0.0,0.0,0.0,0.0,0.0,0.0,0.0,0.0722279756112627,0.16117477416992188,0.0,0.0,0.0,0.0,0.0,0.0,31.54146348730862,39.73011266189835,44.2793622033371,75.51754238788314,0.0,30.93489688178345,39.42682935913577,43.672795597811934,75.21425908512055,0.0,31.54146348730862,40.03339596466094,44.58264550609968,75.82082569064572,CleaningCycle,100.99333981994009
101.29662312270267,0.0,0.0,0.0,0.0,33.93440200220648,35.65918734781178,0.0,0.0,0.0,0.0,0.0,0.0,0.0,0.0,0.0,0.022104869086675194,0.13746260188764126,0.0,0.0,0.0,0.0,0.0,0.0,31.54146348730862,39.73011266189835,44.2793622033371,75.51754238788314,0.0,30.93489688178345,39.42682935913577,43.672795597811934,75.21425908512055,0.0,31.54146348730862,40.03339596466094,44.58264550609968,75.82082569064572,CleaningCycle,101.29662312270267
101.59990642546526,0.0,0.0,0.0,0.0,33.94194162768574,35.64220426611805,0.0,0.0,0.0,0.0,0.0,0.0,0.0,0.0,0.0,0.02288613256818195,0.06280328075061448,0.0,0.0,0.0,0.0,0.0,0.0,31.54146348730862,39.73011266189835,44.2793622033371,75.51754238788314,0.0,30.93489688178345,39.42682935913577,43.672795597811934,75.21425908512055,0.0,31.54146348730862,40.03339596466094,44.58264550609968,75.82082569064572,CleaningCycle,101.59990642546526
101.90318972822784,0.0,0.0,0.0,0.0,33.95498519713267,35.66257074351775,0.0,0.0,0.0,0.0,0.0,0.0,0.0,0.0,0.0,0.03819475820939289,0.07857237388623872,0.0,0.0,0.0,0.0,0.0,0.0,31.54146348730862,39.73011266189835,44.2793622033371,75.51754238788314,0.0,30.93489688178345,39.42682935913577,43.672795597811934,75.21425908512055,0.0,31.54146348730862,40.03339596466094,44.58264550609968,75.82082569064572,CleaningCycle,101.90318972822784
102.20647303099042,0.0,0.0,0.0,0.0,33.98670835978957,35.69647186648773,0.0,0.0,0.0,0.0,0.0,0.0,0.0,0.0,0.0,0.044313163380358844,0.07763769178044555,0.0,0.0,0.0,0.0,0.0,0.0,31.54146348730862,39.73011266189835,44.2793622033371,75.51754238788314,0.0,30.93489688178345,39.42682935913577,43.672795597811934,75.21425908512055,0.0,31.54146348730862,40.03339596466094,44.58264550609968,75.82082569064572,CleaningCycle,102.20647303099042
102.509756333753,0.0,0.0,0.0,0.0,33.98625494960245,35.669234394920025,0.0,0.0,0.0,0.0,0.0,0.0,0.0,0.0,0.0,0.002662302728197119,0.08044285519839178,0.0,0.0,0.0,0.0,0.0,0.0,31.54146348730862,39.73011266189835,44.2793622033371,75.51754238788314,0.0,30.93489688178345,39.42682935913577,43.672795597811934,75.21425908512055,0.0,31.54146348730862,40.03339596466094,44.58264550609968,75.82082569064572,CleaningCycle,102.509756333753
102.8130396365156,0.0,0.0,0.0,0.0,33.938004290687005,35.63885660548472,0.0,0.0,0.0,0.0,0.0,0.0,0.0,0.0,0.0,0.07251125746859088,0.03584145069042677,0.0,0.0,0.0,0.0,0.0,0.0,31.54146348730862,39.73011266189835,44.2793622033371,75.51754238788314,0.0,30.93489688178345,39.42682935913577,43.672795597811934,75.21425908512055,0.0,31.54146348730862,40.03339596466094,44.58264550609968,75.82082569064572,CleaningCycle,102.8130396365156
103.11632293927818,0.0,0.0,0.0,0.0,33.93542007312781,35.64727588776168,0.0,0.0,0.0,0.0,0.0,0.0,0.0,0.0,0.0,0.11867194310926976,0.04249901636338649,0.0,0.0,0.0,0.0,0.0,0.0,31.54146348730862,39.73011266189835,44.2793622033371,75.51754238788314,0.0,30.93489688178345,39.42682935913577,43.672795597811934,75.21425908512055,0.0,31.54146348730862,40.03339596466094,44.58264550609968,75.82082569064572,CleaningCycle,103.11632293927818
103.41960624204076,0.0,0.0,0.0,0.0,33.925510907564856,35.63846832301907,0.0,0.0,0.0,0.0,0.0,0.0,0.0,0.0,0.0,0.12281694095386086,0.08058547973632812,0.0,0.0,0.0,0.0,0.0,0.0,31.54146348730862,39.73011266189835,44.2793622033371,75.51754238788314,0.0,30.93489688178345,39.42682935913577,43.672795597811934,75.21425908512055,0.0,31.54146348730862,40.03339596466094,44.58264550609968,75.82082569064572,CleaningCycle,103.41960624204076
103.72288954480334,0.0,0.0,0.0,0.0,33.95772275477983,35.63975306517787,0.0,0.0,0.0,0.0,0.0,0.0,0.0,0.0,0.0,0.12104274744690002,0.038200970933459644,0.0,0.0,0.0,0.0,0.0,0.0,31.54146348730862,39.73011266189835,44.2793622033371,75.51754238788314,0.0,30.93489688178345,39.42682935913577,43.672795597811934,75.21425908512055,0.0,31.54146348730862,40.03339596466094,44.58264550609968,75.82082569064572,CleaningCycle,103.72288954480334
104.02617284756592,0.0,0.0,0.0,0.0,33.99379295864098,35.66510664516255,0.0,0.0,0.0,0.0,0.0,0.0,0.0,0.0,0.0,0.04300725576678843,0.08076729566532492,0.0,0.0,0.0,0.0,0.0,0.0,31.54146348730862,39.73011266189835,44.2793622033371,75.51754238788314,0.0,30.93489688178345,39.42682935913577,43.672795597811934,75.21425908512055,0.0,31.54146348730862,40.03339596466094,44.58264550609968,75.82082569064572,CleaningCycle,104.02617284756592
104.32945615032851,0.0,0.0,0.0,0.0,33.91570065166816,35.669374148746854,0.0,0.0,0.0,0.0,0.0,0.0,0.0,0.0,0.0,0.044058533604449224,0.07993251801933354,0.0,0.0,0.0,0.0,0.0,0.0,31.54146348730862,39.73011266189835,44.2793622033371,75.51754238788314,0.0,30.93489688178345,39.42682935913577,43.672795597811934,75.21425908512055,0.0,31.54146348730862,40.03339596466094,44.58264550609968,75.82082569064572,CleaningCycle,104.32945615032851
104.63273945309109,0.0,0.0,0.0,0.0,33.939400658504134,35.64512161632853,0.0,0.0,0.0,0.0,0.0,0.0,0.0,0.0,0.0,0.06951727591636825,0.09165585287424705,0.0,0.0,0.0,0.0,0.0,0.0,31.54146348730862,39.73011266189835,44.2793622033371,75.51754238788314,0.0,30.93489688178345,39.42682935913577,43.672795597811934,75.21425908512055,0.0,31.54146348730862,40.03339596466094,44.58264550609968,75.82082569064572,CleaningCycle,104.63273945309109
104.93602275585367,0.0,0.0,0.0,0.0,33.98545082038995,35.66701560308458,0.0,0.0,0.0,0.0,0.0,0.0,0.0,0.0,0.0,0.05766210095749358,0.11485211042982257,0.0,0.0,0.0,0.0,0.0,0.0,31.54146348730862,39.73011266189835,44.2793622033371,75.51754238788314,0.0,30.93489688178345,39.42682935913577,43.672795597811934,75.21425908512055,0.0,31.54146348730862,40.03339596466094,44.58264550609968,75.82082569064572,CleaningCycle,104.93602275585367
105.23930605861625,0.0,0.0,0.0,0.0,34.01619520000132,35.66740194217335,0.0,0.0,0.0,0.0,0.0,0.0,0.0,0.0,0.0,0.06829225448893084,0.08230583187233975,0.0,0.0,0.0,0.0,0.0,0.0,31.54146348730862,39.73011266189835,44.2793622033371,75.51754238788314,0.0,30.93489688178345,39.42682935913577,43.672795597811934,75.21425908512055,0.0,31.54146348730862,40.03339596466094,44.58264550609968,75.82082569064572,CleaningCycle,105.23930605861625
105.54258936137883,0.0,0.0,0.0,0.0,34.01420048732042,35.675448751058404,0.0,0.0,0.0,0.0,0.0,0.0,0.0,0.0,0.0,0.09103990413660057,0.047923774573838784,0.0,0.0,0.0,0.0,0.0,0.0,31.54146348730862,39.73011266189835,44.2793622033371,75.51754238788314,0.0,30.93489688178345,39.42682935913577,43.672795597811934,75.21425908512055,0.0,31.54146348730862,40.03339596466094,44.58264550609968,75.82082569064572,CleaningCycle,105.54258936137883
105.84587266414142,0.0,0.0,0.0,0.0,33.96798099505241,35.675850058549806,0.0,0.0,0.0,0.0,0.0,0.0,0.0,0.0,0.0,0.19359987797546552,0.04762108419409117,0.0,0.0,0.0,0.0,0.0,0.0,31.54146348730862,39.73011266189835,44.2793622033371,75.51754238788314,0.0,30.93489688178345,39.42682935913577,43.672795597811934,75.21425908512055,0.0,31.54146348730862,40.03339596466094,44.58264550609968,75.82082569064572,CleaningCycle,105.84587266414142
106.149155966904,0.0,0.0,0.0,0.0,33.92557732951549,35.71197837307845,0.0,0.0,0.0,0.0,0.0,0.0,0.0,0.0,0.0,0.20993881987064356,0.09860895806576764,0.0,0.0,0.0,0.0,0.0,0.0,31.54146348730862,39.73011266189835,44.2793622033371,75.51754238788314,0.0,30.93489688178345,39.42682935913577,43.672795597811934,75.21425908512055,0.0,31.54146348730862,40.03339596466094,44.58264550609968,75.82082569064572,CleaningCycle,106.149155966904
106.45243926966658,0.0,0.0,0.0,0.0,33.91609148949466,35.70405192214059,0.0,0.0,0.0,0.0,0.0,0.0,0.0,0.0,0.0,0.14287656262996506,0.08058929443359375,0.0,0.0,0.0,0.0,0.0,0.0,31.54146348730862,39.73011266189835,44.2793622033371,75.51754238788314,0.0,30.93489688178345,39.42682935913577,43.672795597811934,75.21425908512055,0.0,31.54146348730862,40.03339596466094,44.58264550609968,75.82082569064572,CleaningCycle,106.45243926966658
