delta_seconds,AQGR0,AQH0,AQP0,AQT0,BT1,BT2,DPP0,DPT0,TRHH0,TRHSN,TRHT0,AQGR0_std,AQH0_std,AQP0_std,AQT0_std,BT1_std,BT2_std,DPP0_std,DPT0_std,TRHH0_std,TRHSN_std,TRHT0_std,median_time_AmbientSamplingRFC,median_time_BreathSampleCollection,median_time_FeNOWindow,median_time_FeNOMeasurement,median_time_CleaningCycle,min_time_AmbientSamplingRFC,min_time_BreathSampleCollection,min_time_FeNOWindow,min_time_FeNOMeasurement,min_time_CleaningCycle,max_time_AmbientSamplingRFC,max_time_BreathSampleCollection,max_time_FeNOWindow,max_time_FeNOMeasurement,max_time_CleaningCycle,event_name,unadjusted_delta_seconds
0.0,0.0,0.0,0.0,0.0,33.970699310302734,35.614655303955075,0.0,0.0,0.0,0.0,0.0,0.0,0.0,0.0,0.0,0.0,0.0,0.0,0.0,0.0,0.0,0.0,0.0,31.452650168350168,39.920671367521365,44.15468196710697,75.60733213545713,0.0,31.452650168350168,39.61824203897954,44.15468196710697,75.30490280691531,0.0,31.452650168350168,39.920671367521365,44.457111295648794,75.60733213545713,AmbientSamplingRFC,0.0
0.3024293285418285,0.0,0.0,0.0,0.0,34.03509127075283,35.61481737807159,0.0,0.0,0.0,0.0,0.0,0.0,0.0,0.0,0.0,0.08058547973632812,0.24141311485179529,0.0,0.0,0.0,0.0,0.0,0.0,31.452650168350168,39.920671367521365,44.15468196710697,75.60733213545713,0.0,31.452650168350168,39.61824203897954,44.15468196710697,75.30490280691531,0.0,31.452650168350168,39.920671367521365,44.457111295648794,75.60733213545713,AmbientSamplingRFC,0.3024293285418285
0.604858657083657,0.0,0.0,0.0,0.0,34.00242927299346,35.72582606874134,0.0,0.0,0.0,0.0,0.0,0.0,0.0,0.0,0.0,0.0020707278751288527,0.0034564302412576353,0.0,0.0,0.0,0.0,0.0,0.0,31.452650168350168,39.920671367521365,44.15468196710697,75.60733213545713,0.0,31.452650168350168,39.61824203897954,44.15468196710697,75.30490280691531,0.0,31.452650168350168,39.920671367521365,44.457111295648794,75.60733213545713,AmbientSamplingRFC,0.604858657083657
0.9072879856254856,0.0,0.0,0.0,0.0,33.988658647255896,35.61575353157906,0.0,0.0,0.0,0.0,0.0,0.0,0.0,0.0,0.0,0.08050863384299589,0.07955150921544885,0.0,0.0,0.0,0.0,0.0,0.0,31.452650168350168,39.920671367521365,44.15468196710697,75.60733213545713,0.0,31.452650168350168,39.61824203897954,44.15468196710697,75.30490280691531,0.0,31.452650168350168,39.920671367521365,44.457111295648794,75.60733213545713,AmbientSamplingRFC,0.9072879856254856
1.209717314167314,0.0,0.0,0.0,0.0,34.0185519015999,35.63273418572319,0.0,0.0,0.0,0.0,0.0,0.0,0.0,0.0,0.0,0.08020138356049245,0.0005438137173996438,0.0,0.0,0.0,0.0,0.0,0.0,31.452650168350168,39.920671367521365,44.15468196710697,75.60733213545713,0.0,31.452650168350168,39.61824203897954,44.15468196710697,75.30490280691531,0.0,31.452650168350168,39.920671367521365,44.457111295648794,75.60733213545713,AmbientSamplingRFC,1.209717314167314
1.5121466427091426,0.0,0.0,0.0,0.0,34.0363524321035,35.75884918830591,0.0,0.0,0.0,0.0,0.0,0.0,0.0,0.0,0.0,0.15624233118975184,0.001694175402732867,0.0,0.0,0.0,0.0,0.0,0.0,31.452650168350168,39.920671367521365,44.15468196710697,75.60733213545713,0.0,31.452650168350168,39.61824203897954,44.15468196710697,75.30490280691531,0.0,31.452650168350168,39.920671367521365,44.457111295648794,75.60733213545713,AmbientSamplingRFC,1.5121466427091426
1.8145759712509713,0.0,0.0,0.0,0.0,34.06482134756929,35.725044701633124,0.0,0.0,0.0,0.0,0.0,0.0,0.0,0.0,0.0,0.08063541411913633,0.07904457593268432,0.0,0.0,0.0,0.0,0.0,0.0,31.452650168350168,39.920671367521365,44.15468196710697,75.60733213545713,0.0,31.452650168350168,39.61824203897954,44.15468196710697,75.30490280691531,0.0,31.452650168350168,39.920671367521365,44.457111295648794,75.60733213545713,AmbientSamplingRFC,1.8145759712509713
2.1170052997927997,0.0,0.0,0.0,0.0,33.95656362594159,35.63254172646309,0.0,0.0,0.0,0.0,0.0,0.0,0.0,0.0,0.0,0.0011030844411195062,0.07980583208995284,0.0,0.0,0.0,0.0,0.0,0.0,31.452650168350168,39.920671367521365,44.15468196710697,75.60733213545713,0.0,31.452650168350168,39.61824203897954,44.15468196710697,75.30490280691531,0.0,31.452650168350168,39.920671367521365,44.457111295648794,75.60733213545713,AmbientSamplingRFC,2.1170052997927997
2.419434628334628,0.0,0.0,0.0,0.0,34.03594156379525,35.69447192777369,0.0,0.0,0.0,0.0,0.0,0.0,0.0,0.0,0.0,0.15506207554376772,0.08058929443359375,0.0,0.0,0.0,0.0,0.0,0.0,31.452650168350168,39.920671367521365,44.15468196710697,75.60733213545713,0.0,31.452650168350168,39.61824203897954,44.15468196710697,75.30490280691531,0.0,31.452650168350168,39.920671367521365,44.457111295648794,75.60733213545713,AmbientSamplingRFC,2.419434628334628
2.7218639568764567,0.0,0.0,0.0,0.0,34.05042665236683,35.67939744584582,0.0,0.0,0.0,0.0,0.0,0.0,0.0,0.0,0.0,0.009783939228263705,0.07130669280017798,0.0,0.0,0.0,0.0,0.0,0.0,31.452650168350168,39.920671367521365,44.15468196710697,75.60733213545713,0.0,31.452650168350168,39.61824203897954,44.15468196710697,75.30490280691531,0.0,31.452650168350168,39.920671367521365,44.457111295648794,75.60733213545713,AmbientSamplingRFC,2.7218639568764567
3.024293285418285,0.0,0.0,0.0,0.0,34.030646244729994,35.6769870994122,0.0,0.0,0.0,0.0,0.0,0.0,0.0,0.0,0.0,0.1535581595106308,0.16117477416992188,0.0,0.0,0.0,0.0,0.0,0.0,31.452650168350168,39.920671367521365,44.15468196710697,75.60733213545713,0.0,31.452650168350168,39.61824203897954,44.15468196710697,75.30490280691531,0.0,31.452650168350168,39.920671367521365,44.457111295648794,75.60733213545713,AmbientSamplingRFC,3.024293285418285
3.3267226139601136,0.0,0.0,0.0,0.0,33.92668355399054,35.63409518592204,0.0,0.0,0.0,0.0,0.0,0.0,0.0,0.0,0.0,0.07166097729645315,0.15751286762412775,0.0,0.0,0.0,0.0,0.0,0.0,31.452650168350168,39.920671367521365,44.15468196710697,75.60733213545713,0.0,31.452650168350168,39.61824203897954,44.15468196710697,75.30490280691531,0.0,31.452650168350168,39.920671367521365,44.457111295648794,75.60733213545713,AmbientSamplingRFC,3.3267226139601136
3.6291519425019425,0.0,0.0,0.0,0.0,34.00207736609469,35.69135961277671,0.0,0.0,0.0,0.0,0.0,0.0,0.0,0.0,0.0,0.08058547973632812,0.07973966896035023,0.0,0.0,0.0,0.0,0.0,0.0,31.452650168350168,39.920671367521365,44.15468196710697,75.60733213545713,0.0,31.452650168350168,39.61824203897954,44.15468196710697,75.30490280691531,0.0,31.452650168350168,39.920671367521365,44.457111295648794,75.60733213545713,AmbientSamplingRFC,3.6291519425019425
3.931581271043771,0.0,0.0,0.0,0.0,33.98495952886868,35.629541657650705,0.0,0.0,0.0,0.0,0.0,0.0,0.0,0.0,0.0,0.07661575432339873,0.08058547973632812,0.0,0.0,0.0,0.0,0.0,0.0,31.452650168350168,39.920671367521365,44.15468196710697,75.60733213545713,0.0,31.452650168350168,39.61824203897954,44.15468196710697,75.30490280691531,0.0,31.452650168350168,39.920671367521365,44.457111295648794,75.60733213545713,AmbientSamplingRFC,3.931581271043771
4.234010599585599,0.0,0.0,0.0,0.0,33.93952752500921,35.61339843596279,0.0,0.0,0.0,0.0,0.0,0.0,0.0,0.0,0.0,0.0755626001045897,0.0787256869833115,0.0,0.0,0.0,0.0,0.0,0.0,31.452650168350168,39.920671367521365,44.15468196710697,75.60733213545713,0.0,31.452650168350168,39.61824203897954,44.15468196710697,75.30490280691531,0.0,31.452650168350168,39.920671367521365,44.457111295648794,75.60733213545713,AmbientSamplingRFC,4.234010599585599
4.536439928127428,0.0,0.0,0.0,0.0,33.95757352344446,35.60396660769787,0.0,0.0,0.0,0.0,0.0,0.0,0.0,0.0,0.0,0.012261557117334121,0.07457773098749954,0.0,0.0,0.0,0.0,0.0,0.0,31.452650168350168,39.920671367521365,44.15468196710697,75.60733213545713,0.0,31.452650168350168,39.61824203897954,44.15468196710697,75.30490280691531,0.0,31.452650168350168,39.920671367521365,44.457111295648794,75.60733213545713,AmbientSamplingRFC,4.536439928127428
4.838869256669256,0.0,0.0,0.0,0.0,33.99962119065697,35.677849836419874,0.0,0.0,0.0,0.0,0.0,0.0,0.0,0.0,0.0,0.07852205362594589,0.0,0.0,0.0,0.0,0.0,0.0,0.0,31.452650168350168,39.920671367521365,44.15468196710697,75.60733213545713,0.0,31.452650168350168,39.61824203897954,44.15468196710697,75.30490280691531,0.0,31.452650168350168,39.920671367521365,44.457111295648794,75.60733213545713,AmbientSamplingRFC,4.838869256669256
5.141298585211085,0.0,0.0,0.0,0.0,33.96185767603407,35.66713952345359,0.0,0.0,0.0,0.0,0.0,0.0,0.0,0.0,0.0,0.006483818364735328,0.006462276420243995,0.0,0.0,0.0,0.0,0.0,0.0,31.452650168350168,39.920671367521365,44.15468196710697,75.60733213545713,0.0,31.452650168350168,39.61824203897954,44.15468196710697,75.30490280691531,0.0,31.452650168350168,39.920671367521365,44.457111295648794,75.60733213545713,AmbientSamplingRFC,5.141298585211085
5.443727913752913,0.0,0.0,0.0,0.0,34.04349847007887,35.69916143043955,0.0,0.0,0.0,0.0,0.0,0.0,0.0,0.0,0.0,0.13576716133316324,0.07028799476773173,0.0,0.0,0.0,0.0,0.0,0.0,31.452650168350168,39.920671367521365,44.15468196710697,75.60733213545713,0.0,31.452650168350168,39.61824203897954,44.15468196710697,75.30490280691531,0.0,31.452650168350168,39.920671367521365,44.457111295648794,75.60733213545713,AmbientSamplingRFC,5.443727913752913
5.746157242294742,0.0,0.0,0.0,0.0,33.939345592281825,35.57625458291854,0.0,0.0,0.0,0.0,0.0,0.0,0.0,0.0,0.0,0.008073873215437288,0.02898681250499635,0.0,0.0,0.0,0.0,0.0,0.0,31.452650168350168,39.920671367521365,44.15468196710697,75.60733213545713,0.0,31.452650168350168,39.61824203897954,44.15468196710697,75.30490280691531,0.0,31.452650168350168,39.920671367521365,44.457111295648794,75.60733213545713,AmbientSamplingRFC,5.746157242294742
6.04858657083657,0.0,0.0,0.0,0.0,33.954534269544766,35.67433083109519,0.0,0.0,0.0,0.0,0.0,0.0,0.0,0.0,0.0,0.07215694012013785,0.01685747821650807,0.0,0.0,0.0,0.0,0.0,0.0,31.452650168350168,39.920671367521365,44.15468196710697,75.60733213545713,0.0,31.452650168350168,39.61824203897954,44.15468196710697,75.30490280691531,0.0,31.452650168350168,39.920671367521365,44.457111295648794,75.60733213545713,AmbientSamplingRFC,6.04858657083657
6.351015899378399,0.0,0.0,0.0,0.0,33.96571897828822,35.640410871930925,0.0,0.0,0.0,0.0,0.0,0.0,0.0,0.0,0.0,0.0010478764915475836,0.15263167281032253,0.0,0.0,0.0,0.0,0.0,0.0,31.452650168350168,39.920671367521365,44.15468196710697,75.60733213545713,0.0,31.452650168350168,39.61824203897954,44.15468196710697,75.30490280691531,0.0,31.452650168350168,39.920671367521365,44.457111295648794,75.60733213545713,AmbientSamplingRFC,6.351015899378399
6.653445227920227,0.0,0.0,0.0,0.0,34.065776730983046,35.72115912709066,0.0,0.0,0.0,0.0,0.0,0.0,0.0,0.0,0.0,0.008420806864855024,0.007995392969348813,0.0,0.0,0.0,0.0,0.0,0.0,31.452650168350168,39.920671367521365,44.15468196710697,75.60733213545713,0.0,31.452650168350168,39.61824203897954,44.15468196710697,75.30490280691531,0.0,31.452650168350168,39.920671367521365,44.457111295648794,75.60733213545713,AmbientSamplingRFC,6.653445227920227
6.955874556462056,0.0,0.0,0.0,0.0,34.047925557779514,35.66435352217829,0.0,0.0,0.0,0.0,0.0,0.0,0.0,0.0,0.0,0.007998190911642666,0.007998569524232835,0.0,0.0,0.0,0.0,0.0,0.0,31.452650168350168,39.920671367521365,44.15468196710697,75.60733213545713,0.0,31.452650168350168,39.61824203897954,44.15468196710697,75.30490280691531,0.0,31.452650168350168,39.920671367521365,44.457111295648794,75.60733213545713,AmbientSamplingRFC,6.955874556462056
7.258303885003885,0.0,0.0,0.0,0.0,34.02044505848078,35.67698542930508,0.0,0.0,0.0,0.0,0.0,0.0,0.0,0.0,0.0,0.05444192722807628,0.017663995275725597,0.0,0.0,0.0,0.0,0.0,0.0,31.452650168350168,39.920671367521365,44.15468196710697,75.60733213545713,0.0,31.452650168350168,39.61824203897954,44.15468196710697,75.30490280691531,0.0,31.452650168350168,39.920671367521365,44.457111295648794,75.60733213545713,AmbientSamplingRFC,7.258303885003885
7.5607332135457135,0.0,0.0,0.0,0.0,34.028500612680254,35.66386782679522,0.0,0.0,0.0,0.0,0.0,0.0,0.0,0.0,0.0,0.08058547973632812,0.11282356327920695,0.0,0.0,0.0,0.0,0.0,0.0,31.452650168350168,39.920671367521365,44.15468196710697,75.60733213545713,0.0,31.452650168350168,39.61824203897954,44.15468196710697,75.30490280691531,0.0,31.452650168350168,39.920671367521365,44.457111295648794,75.60733213545713,AmbientSamplingRFC,7.5607332135457135
7.863162542087542,0.0,0.0,0.0,0.0,33.962714624128495,35.66392751053911,0.0,0.0,0.0,0.0,0.0,0.0,0.0,0.0,0.0,0.018953781423903138,0.1516978834579703,0.0,0.0,0.0,0.0,0.0,0.0,31.452650168350168,39.920671367521365,44.15468196710697,75.60733213545713,0.0,31.452650168350168,39.61824203897954,44.15468196710697,75.30490280691531,0.0,31.452650168350168,39.920671367521365,44.457111295648794,75.60733213545713,AmbientSamplingRFC,7.863162542087542
8.16559187062937,0.0,0.0,0.0,0.0,33.91264433192545,35.67803888034166,0.0,0.0,0.0,0.0,0.0,0.0,0.0,0.0,0.0,0.07078889020437629,0.050663121310549286,0.0,0.0,0.0,0.0,0.0,0.0,31.452650168350168,39.920671367521365,44.15468196710697,75.60733213545713,0.0,31.452650168350168,39.61824203897954,44.15468196710697,75.30490280691531,0.0,31.452650168350168,39.920671367521365,44.457111295648794,75.60733213545713,AmbientSamplingRFC,8.16559187062937
8.468021199171199,0.0,0.0,0.0,0.0,33.96539033175967,35.663222241041055,0.0,0.0,0.0,0.0,0.0,0.0,0.0,0.0,0.0,0.01037802658448328,0.13951079041350312,0.0,0.0,0.0,0.0,0.0,0.0,31.452650168350168,39.920671367521365,44.15468196710697,75.60733213545713,0.0,31.452650168350168,39.61824203897954,44.15468196710697,75.30490280691531,0.0,31.452650168350168,39.920671367521365,44.457111295648794,75.60733213545713,AmbientSamplingRFC,8.468021199171199
8.770450527713027,0.0,0.0,0.0,0.0,34.03011928457206,35.68121277374458,0.0,0.0,0.0,0.0,0.0,0.0,0.0,0.0,0.0,0.07032536641887788,0.048419951202134826,0.0,0.0,0.0,0.0,0.0,0.0,31.452650168350168,39.920671367521365,44.15468196710697,75.60733213545713,0.0,31.452650168350168,39.61824203897954,44.15468196710697,75.30490280691531,0.0,31.452650168350168,39.920671367521365,44.457111295648794,75.60733213545713,AmbientSamplingRFC,8.770450527713027
9.072879856254856,0.0,0.0,0.0,0.0,34.000857224580514,35.67976230537572,0.0,0.0,0.0,0.0,0.0,0.0,0.0,0.0,0.0,0.08058547973632812,0.06178113152299147,0.0,0.0,0.0,0.0,0.0,0.0,31.452650168350168,39.920671367521365,44.15468196710697,75.60733213545713,0.0,31.452650168350168,39.61824203897954,44.15468196710697,75.30490280691531,0.0,31.452650168350168,39.920671367521365,44.457111295648794,75.60733213545713,AmbientSamplingRFC,9.072879856254856
9.375309184796684,0.0,0.0,0.0,0.0,33.98024279878793,35.594567486610856,0.0,0.0,0.0,0.0,0.0,0.0,0.0,0.0,0.0,0.057395503431806105,0.0704082327942146,0.0,0.0,0.0,0.0,0.0,0.0,31.452650168350168,39.920671367521365,44.15468196710697,75.60733213545713,0.0,31.452650168350168,39.61824203897954,44.15468196710697,75.30490280691531,0.0,31.452650168350168,39.920671367521365,44.457111295648794,75.60733213545713,AmbientSamplingRFC,9.375309184796684
9.677738513338513,0.0,0.0,0.0,0.0,33.95032082970755,35.672926832836026,0.0,0.0,0.0,0.0,0.0,0.0,0.0,0.0,0.0,0.08116236556150369,0.057931144397919354,0.0,0.0,0.0,0.0,0.0,0.0,31.452650168350168,39.920671367521365,44.15468196710697,75.60733213545713,0.0,31.452650168350168,39.61824203897954,44.15468196710697,75.30490280691531,0.0,31.452650168350168,39.920671367521365,44.457111295648794,75.60733213545713,AmbientSamplingRFC,9.677738513338513
9.980167841880341,0.0,0.0,0.0,0.0,34.025728614572245,35.71759020094085,0.0,0.0,0.0,0.0,0.0,0.0,0.0,0.0,0.0,0.10292627979735869,0.05721718848978696,0.0,0.0,0.0,0.0,0.0,0.0,31.452650168350168,39.920671367521365,44.15468196710697,75.60733213545713,0.0,31.452650168350168,39.61824203897954,44.15468196710697,75.30490280691531,0.0,31.452650168350168,39.920671367521365,44.457111295648794,75.60733213545713,AmbientSamplingRFC,9.980167841880341
10.28259717042217,0.0,0.0,0.0,0.0,34.055846091022616,35.66066575265995,0.0,0.0,0.0,0.0,0.0,0.0,0.0,0.0,0.0,0.1214187907528057,0.036462045334964444,0.0,0.0,0.0,0.0,0.0,0.0,31.452650168350168,39.920671367521365,44.15468196710697,75.60733213545713,0.0,31.452650168350168,39.61824203897954,44.15468196710697,75.30490280691531,0.0,31.452650168350168,39.920671367521365,44.457111295648794,75.60733213545713,AmbientSamplingRFC,10.28259717042217
10.585026498963998,0.0,0.0,0.0,0.0,33.99335675068623,35.644499046277005,0.0,0.0,0.0,0.0,0.0,0.0,0.0,0.0,0.0,0.1261470627917376,0.12243193806449426,0.0,0.0,0.0,0.0,0.0,0.0,31.452650168350168,39.920671367521365,44.15468196710697,75.60733213545713,0.0,31.452650168350168,39.61824203897954,44.15468196710697,75.30490280691531,0.0,31.452650168350168,39.920671367521365,44.457111295648794,75.60733213545713,AmbientSamplingRFC,10.585026498963998
10.887455827505827,0.0,0.0,0.0,0.0,34.019319282474044,35.64922585596341,0.0,0.0,0.0,0.0,0.0,0.0,0.0,0.0,0.0,0.06852320974766712,0.0826307837065059,0.0,0.0,0.0,0.0,0.0,0.0,31.452650168350168,39.920671367521365,44.15468196710697,75.60733213545713,0.0,31.452650168350168,39.61824203897954,44.15468196710697,75.30490280691531,0.0,31.452650168350168,39.920671367521365,44.457111295648794,75.60733213545713,AmbientSamplingRFC,10.887455827505827
11.189885156047655,0.0,0.0,0.0,0.0,33.94967635192574,35.73541211626614,0.0,0.0,0.0,0.0,0.0,0.0,0.0,0.0,0.0,0.08161423814271984,0.027599268345717576,0.0,0.0,0.0,0.0,0.0,0.0,31.452650168350168,39.920671367521365,44.15468196710697,75.60733213545713,0.0,31.452650168350168,39.61824203897954,44.15468196710697,75.30490280691531,0.0,31.452650168350168,39.920671367521365,44.457111295648794,75.60733213545713,AmbientSamplingRFC,11.189885156047655
11.492314484589484,0.0,0.0,0.0,0.0,33.99983130010624,35.689533683094496,0.0,0.0,0.0,0.0,0.0,0.0,0.0,0.0,0.0,0.06534219512747086,0.039641090851496585,0.0,0.0,0.0,0.0,0.0,0.0,31.452650168350168,39.920671367521365,44.15468196710697,75.60733213545713,0.0,31.452650168350168,39.61824203897954,44.15468196710697,75.30490280691531,0.0,31.452650168350168,39.920671367521365,44.457111295648794,75.60733213545713,AmbientSamplingRFC,11.492314484589484
11.794743813131312,0.0,0.0,0.0,0.0,33.98417642673854,35.66875365577689,0.0,0.0,0.0,0.0,0.0,0.0,0.0,0.0,0.0,0.015041866458076925,0.13320008023016783,0.0,0.0,0.0,0.0,0.0,0.0,31.452650168350168,39.920671367521365,44.15468196710697,75.60733213545713,0.0,31.452650168350168,39.61824203897954,44.15468196710697,75.30490280691531,0.0,31.452650168350168,39.920671367521365,44.457111295648794,75.60733213545713,AmbientSamplingRFC,11.794743813131312
12.09717314167314,0.0,0.0,0.0,0.0,33.970699310302734,35.68046933072932,0.0,0.0,0.0,0.0,0.0,0.0,0.0,0.0,0.0,0.0,0.0216991393673851,0.0,0.0,0.0,0.0,0.0,0.0,31.452650168350168,39.920671367521365,44.15468196710697,75.60733213545713,0.0,31.452650168350168,39.61824203897954,44.15468196710697,75.30490280691531,0.0,31.452650168350168,39.920671367521365,44.457111295648794,75.60733213545713,AmbientSamplingRFC,12.09717314167314
12.399602470214969,0.0,0.0,0.0,0.0,33.967678557179205,35.62051639389554,0.0,0.0,0.0,0.0,0.0,0.0,0.0,0.0,0.0,0.015103765617666909,0.029944358367657742,0.0,0.0,0.0,0.0,0.0,0.0,31.452650168350168,39.920671367521365,44.15468196710697,75.60733213545713,0.0,31.452650168350168,39.61824203897954,44.15468196710697,75.30490280691531,0.0,31.452650168350168,39.920671367521365,44.457111295648794,75.60733213545713,AmbientSamplingRFC,12.399602470214969
12.702031798756797,0.0,0.0,0.0,0.0,33.96060424933205,35.64416103931758,0.0,0.0,0.0,0.0,0.0,0.0,0.0,0.0,0.0,0.0658520448407458,0.1478534838131722,0.0,0.0,0.0,0.0,0.0,0.0,31.452650168350168,39.920671367521365,44.15468196710697,75.60733213545713,0.0,31.452650168350168,39.61824203897954,44.15468196710697,75.30490280691531,0.0,31.452650168350168,39.920671367521365,44.457111295648794,75.60733213545713,AmbientSamplingRFC,12.702031798756797
13.004461127298626,0.0,0.0,0.0,0.0,33.99301342946764,35.640272034236524,0.0,0.0,0.0,0.0,0.0,0.0,0.0,0.0,0.0,0.03363008716269178,0.17893230516755665,0.0,0.0,0.0,0.0,0.0,0.0,31.452650168350168,39.920671367521365,44.15468196710697,75.60733213545713,0.0,31.452650168350168,39.61824203897954,44.15468196710697,75.30490280691531,0.0,31.452650168350168,39.920671367521365,44.457111295648794,75.60733213545713,AmbientSamplingRFC,13.004461127298626
13.306890455840454,0.0,0.0,0.0,0.0,34.02218416714097,35.67889094470894,0.0,0.0,0.0,0.0,0.0,0.0,0.0,0.0,0.0,0.14514119212581988,0.09704959831149296,0.0,0.0,0.0,0.0,0.0,0.0,31.452650168350168,39.920671367521365,44.15468196710697,75.60733213545713,0.0,31.452650168350168,39.61824203897954,44.15468196710697,75.30490280691531,0.0,31.452650168350168,39.920671367521365,44.457111295648794,75.60733213545713,AmbientSamplingRFC,13.306890455840454
13.609319784382283,0.0,0.0,0.0,0.0,34.009460930290075,35.67656726833101,0.0,0.0,0.0,0.0,0.0,0.0,0.0,0.0,0.0,0.016102521095596956,0.11065757945830512,0.0,0.0,0.0,0.0,0.0,0.0,31.452650168350168,39.920671367521365,44.15468196710697,75.60733213545713,0.0,31.452650168350168,39.61824203897954,44.15468196710697,75.30490280691531,0.0,31.452650168350168,39.920671367521365,44.457111295648794,75.60733213545713,AmbientSamplingRFC,13.609319784382283
13.911749112924111,0.0,0.0,0.0,0.0,33.92266670586997,35.64942756872339,0.0,0.0,0.0,0.0,0.0,0.0,0.0,0.0,0.0,0.06325046868153805,0.12650393146810757,0.0,0.0,0.0,0.0,0.0,0.0,31.452650168350168,39.920671367521365,44.15468196710697,75.60733213545713,0.0,31.452650168350168,39.61824203897954,44.15468196710697,75.30490280691531,0.0,31.452650168350168,39.920671367521365,44.457111295648794,75.60733213545713,AmbientSamplingRFC,13.911749112924111
14.21417844146594,0.0,0.0,0.0,0.0,33.98010366532695,35.61594910840252,0.0,0.0,0.0,0.0,0.0,0.0,0.0,0.0,0.0,0.10857732563249556,0.052803025781933854,0.0,0.0,0.0,0.0,0.0,0.0,31.452650168350168,39.920671367521365,44.15468196710697,75.60733213545713,0.0,31.452650168350168,39.61824203897954,44.15468196710697,75.30490280691531,0.0,31.452650168350168,39.920671367521365,44.457111295648794,75.60733213545713,AmbientSamplingRFC,14.21417844146594
14.51660777000777,0.0,0.0,0.0,0.0,33.97205711412987,35.68260713498468,0.0,0.0,0.0,0.0,0.0,0.0,0.0,0.0,0.0,0.017682386690658802,0.14349238747926307,0.0,0.0,0.0,0.0,0.0,0.0,31.452650168350168,39.920671367521365,44.15468196710697,75.60733213545713,0.0,31.452650168350168,39.61824203897954,44.15468196710697,75.30490280691531,0.0,31.452650168350168,39.920671367521365,44.457111295648794,75.60733213545713,AmbientSamplingRFC,14.51660777000777
14.819037098549598,0.0,0.0,0.0,0.0,34.01686850648594,35.68461523205667,0.0,0.0,0.0,0.0,0.0,0.0,0.0,0.0,0.0,0.06269734481330858,0.04481217781194147,0.0,0.0,0.0,0.0,0.0,0.0,31.452650168350168,39.920671367521365,44.15468196710697,75.60733213545713,0.0,31.452650168350168,39.61824203897954,44.15468196710697,75.30490280691531,0.0,31.452650168350168,39.920671367521365,44.457111295648794,75.60733213545713,AmbientSamplingRFC,14.819037098549598
15.121466427091427,0.0,0.0,0.0,0.0,33.9619808887889,35.65047789068013,0.0,0.0,0.0,0.0,0.0,0.0,0.0,0.0,0.0,0.12471542042163719,0.0810364989618364,0.0,0.0,0.0,0.0,0.0,0.0,31.452650168350168,39.920671367521365,44.15468196710697,75.60733213545713,0.0,31.452650168350168,39.61824203897954,44.15468196710697,75.30490280691531,0.0,31.452650168350168,39.920671367521365,44.457111295648794,75.60733213545713,AmbientSamplingRFC,15.121466427091427
15.423895755633255,0.0,0.0,0.0,0.0,33.979688292709454,35.65914731197809,0.0,0.0,0.0,0.0,0.0,0.0,0.0,0.0,0.0,0.019451455094198877,0.03789755035653286,0.0,0.0,0.0,0.0,0.0,0.0,31.452650168350168,39.920671367521365,44.15468196710697,75.60733213545713,0.0,31.452650168350168,39.61824203897954,44.15468196710697,75.30490280691531,0.0,31.452650168350168,39.920671367521365,44.457111295648794,75.60733213545713,AmbientSamplingRFC,15.423895755633255
15.726325084175084,0.0,0.0,0.0,0.0,33.96174631075526,35.65076643646688,0.0,0.0,0.0,0.0,0.0,0.0,0.0,0.0,0.0,0.04354508335890017,0.12300084227202035,0.0,0.0,0.0,0.0,0.0,0.0,31.452650168350168,39.920671367521365,44.15468196710697,75.60733213545713,0.0,31.452650168350168,39.61824203897954,44.15468196710697,75.30490280691531,0.0,31.452650168350168,39.920671367521365,44.457111295648794,75.60733213545713,AmbientSamplingRFC,15.726325084175084
16.02875441271691,0.0,0.0,0.0,0.0,33.97139950978804,35.67023907973373,0.0,0.0,0.0,0.0,0.0,0.0,0.0,0.0,0.0,0.020015428494872367,0.03889289495440096,0.0,0.0,0.0,0.0,0.0,0.0,31.452650168350168,39.920671367521365,44.15468196710697,75.60733213545713,0.0,31.452650168350168,39.61824203897954,44.15468196710697,75.30490280691531,0.0,31.452650168350168,39.920671367521365,44.457111295648794,75.60733213545713,AmbientSamplingRFC,16.02875441271691
16.33118374125874,0.0,0.0,0.0,0.0,33.938275671923634,35.69141352331439,0.0,0.0,0.0,0.0,0.0,0.0,0.0,0.0,0.0,0.02101335896688994,0.04139415952852943,0.0,0.0,0.0,0.0,0.0,0.0,31.452650168350168,39.920671367521365,44.15468196710697,75.60733213545713,0.0,31.452650168350168,39.61824203897954,44.15468196710697,75.30490280691531,0.0,31.452650168350168,39.920671367521365,44.457111295648794,75.60733213545713,AmbientSamplingRFC,16.33118374125874
16.633613069800568,0.0,0.0,0.0,0.0,33.98218925909467,35.6864377937625,0.0,0.0,0.0,0.0,0.0,0.0,0.0,0.0,0.0,0.0,0.00033564128097651746,0.0,0.0,0.0,0.0,0.0,0.0,31.452650168350168,39.920671367521365,44.15468196710697,75.60733213545713,0.0,31.452650168350168,39.61824203897954,44.15468196710697,75.30490280691531,0.0,31.452650168350168,39.920671367521365,44.457111295648794,75.60733213545713,AmbientSamplingRFC,16.633613069800568
16.936042398342398,0.0,0.0,0.0,0.0,33.98770624671944,35.695247202379065,0.0,0.0,0.0,0.0,0.0,0.0,0.0,0.0,0.0,0.02015775890328797,0.06043058131686507,0.0,0.0,0.0,0.0,0.0,0.0,31.452650168350168,39.920671367521365,44.15468196710697,75.60733213545713,0.0,31.452650168350168,39.61824203897954,44.15468196710697,75.30490280691531,0.0,31.452650168350168,39.920671367521365,44.457111295648794,75.60733213545713,AmbientSamplingRFC,16.936042398342398
17.238471726884224,0.0,0.0,0.0,0.0,34.0175580259331,35.64257012861545,0.0,0.0,0.0,0.0,0.0,0.0,0.0,0.0,0.0,0.06011631161512554,0.08058547973632812,0.0,0.0,0.0,0.0,0.0,0.0,31.452650168350168,39.920671367521365,44.15468196710697,75.60733213545713,0.0,31.452650168350168,39.61824203897954,44.15468196710697,75.30490280691531,0.0,31.452650168350168,39.920671367521365,44.457111295648794,75.60733213545713,AmbientSamplingRFC,17.238471726884224
17.540901055426055,0.0,0.0,0.0,0.0,33.99221453412358,35.63516050100435,0.0,0.0,0.0,0.0,0.0,0.0,0.0,0.0,0.0,0.015763669510889144,0.03974225581831092,0.0,0.0,0.0,0.0,0.0,0.0,31.452650168350168,39.920671367521365,44.15468196710697,75.60733213545713,0.0,31.452650168350168,39.61824203897954,44.15468196710697,75.30490280691531,0.0,31.452650168350168,39.920671367521365,44.457111295648794,75.60733213545713,AmbientSamplingRFC,17.540901055426055
17.84333038396788,0.0,0.0,0.0,0.0,34.029639178583565,35.65108088145055,0.0,0.0,0.0,0.0,0.0,0.0,0.0,0.0,0.0,0.11675670034087915,0.08045898060655787,0.0,0.0,0.0,0.0,0.0,0.0,31.452650168350168,39.920671367521365,44.15468196710697,75.60733213545713,0.0,31.452650168350168,39.61824203897954,44.15468196710697,75.30490280691531,0.0,31.452650168350168,39.920671367521365,44.457111295648794,75.60733213545713,AmbientSamplingRFC,17.84333038396788
18.14575971250971,0.0,0.0,0.0,0.0,33.95757445384843,35.66753400337326,0.0,0.0,0.0,0.0,0.0,0.0,0.0,0.0,0.0,0.06473949564762194,0.04299415936993256,0.0,0.0,0.0,0.0,0.0,0.0,31.452650168350168,39.920671367521365,44.15468196710697,75.60733213545713,0.0,31.452650168350168,39.61824203897954,44.15468196710697,75.30490280691531,0.0,31.452650168350168,39.920671367521365,44.457111295648794,75.60733213545713,AmbientSamplingRFC,18.14575971250971
18.44818904105154,0.0,0.0,0.0,0.0,33.93169282711332,35.678810630909624,0.0,0.0,0.0,0.0,0.0,0.0,0.0,0.0,0.0,0.08058547973632812,0.08953669783829099,0.0,0.0,0.0,0.0,0.0,0.0,31.452650168350168,39.920671367521365,44.15468196710697,75.60733213545713,0.0,31.452650168350168,39.61824203897954,44.15468196710697,75.30490280691531,0.0,31.452650168350168,39.920671367521365,44.457111295648794,75.60733213545713,AmbientSamplingRFC,18.44818904105154
18.75061836959337,0.0,0.0,0.0,0.0,33.95873830309303,35.68392308905633,0.0,0.0,0.0,0.0,0.0,0.0,0.0,0.0,0.0,0.07978230219742244,0.0816591254152641,0.0,0.0,0.0,0.0,0.0,0.0,31.452650168350168,39.920671367521365,44.15468196710697,75.60733213545713,0.0,31.452650168350168,39.61824203897954,44.15468196710697,75.30490280691531,0.0,31.452650168350168,39.920671367521365,44.457111295648794,75.60733213545713,AmbientSamplingRFC,18.75061836959337
19.053047698135195,0.0,0.0,0.0,0.0,33.96101753831677,35.69964258259949,0.0,0.0,0.0,0.0,0.0,0.0,0.0,0.0,0.0,0.09283530324344724,0.023345092688813907,0.0,0.0,0.0,0.0,0.0,0.0,31.452650168350168,39.920671367521365,44.15468196710697,75.60733213545713,0.0,31.452650168350168,39.61824203897954,44.15468196710697,75.30490280691531,0.0,31.452650168350168,39.920671367521365,44.457111295648794,75.60733213545713,AmbientSamplingRFC,19.053047698135195
19.355477026677026,0.0,0.0,0.0,0.0,33.94861732380366,35.71212907044186,0.0,0.0,0.0,0.0,0.0,0.0,0.0,0.0,0.0,0.07997564438781524,0.05617846980847929,0.0,0.0,0.0,0.0,0.0,0.0,31.452650168350168,39.920671367521365,44.15468196710697,75.60733213545713,0.0,31.452650168350168,39.61824203897954,44.15468196710697,75.30490280691531,0.0,31.452650168350168,39.920671367521365,44.457111295648794,75.60733213545713,AmbientSamplingRFC,19.355477026677026
19.657906355218856,0.0,0.0,0.0,0.0,33.970912463074384,35.69637309675092,0.0,0.0,0.0,0.0,0.0,0.0,0.0,0.0,0.0,0.02460570673132878,0.014930766746608981,0.0,0.0,0.0,0.0,0.0,0.0,31.452650168350168,39.920671367521365,44.15468196710697,75.60733213545713,0.0,31.452650168350168,39.61824203897954,44.15468196710697,75.30490280691531,0.0,31.452650168350168,39.920671367521365,44.457111295648794,75.60733213545713,AmbientSamplingRFC,19.657906355218856
19.960335683760682,0.0,0.0,0.0,0.0,33.96566820605366,35.673219698560644,0.0,0.0,0.0,0.0,0.0,0.0,0.0,0.0,0.0,0.0,0.05518005737796017,0.0,0.0,0.0,0.0,0.0,0.0,31.452650168350168,39.920671367521365,44.15468196710697,75.60733213545713,0.0,31.452650168350168,39.61824203897954,44.15468196710697,75.30490280691531,0.0,31.452650168350168,39.920671367521365,44.457111295648794,75.60733213545713,AmbientSamplingRFC,19.960335683760682
20.262765012302513,0.0,0.0,0.0,0.0,33.949598903328955,35.68557183683802,0.0,0.0,0.0,0.0,0.0,0.0,0.0,0.0,0.0,0.02548318607218647,0.04571725748334643,0.0,0.0,0.0,0.0,0.0,0.0,31.452650168350168,39.920671367521365,44.15468196710697,75.60733213545713,0.0,31.452650168350168,39.61824203897954,44.15468196710697,75.30490280691531,0.0,31.452650168350168,39.920671367521365,44.457111295648794,75.60733213545713,AmbientSamplingRFC,20.262765012302513
20.56519434084434,0.0,0.0,0.0,0.0,33.963429550054926,35.653177641302406,0.0,0.0,0.0,0.0,0.0,0.0,0.0,0.0,0.0,0.07998171976514357,0.05629205795791137,0.0,0.0,0.0,0.0,0.0,0.0,31.452650168350168,39.920671367521365,44.15468196710697,75.60733213545713,0.0,31.452650168350168,39.61824203897954,44.15468196710697,75.30490280691531,0.0,31.452650168350168,39.920671367521365,44.457111295648794,75.60733213545713,AmbientSamplingRFC,20.56519434084434
20.86762366938617,0.0,0.0,0.0,0.0,34.019123354676786,35.64538207600009,0.0,0.0,0.0,0.0,0.0,0.0,0.0,0.0,0.0,0.08058547973632812,0.085562788083962,0.0,0.0,0.0,0.0,0.0,0.0,31.452650168350168,39.920671367521365,44.15468196710697,75.60733213545713,0.0,31.452650168350168,39.61824203897954,44.15468196710697,75.30490280691531,0.0,31.452650168350168,39.920671367521365,44.457111295648794,75.60733213545713,AmbientSamplingRFC,20.86762366938617
21.170052997927996,0.0,0.0,0.0,0.0,33.983107357632164,35.67428920189987,0.0,0.0,0.0,0.0,0.0,0.0,0.0,0.0,0.0,0.02366678042348269,0.03042944183533791,0.0,0.0,0.0,0.0,0.0,0.0,31.452650168350168,39.920671367521365,44.15468196710697,75.60733213545713,0.0,31.452650168350168,39.61824203897954,44.15468196710697,75.30490280691531,0.0,31.452650168350168,39.920671367521365,44.457111295648794,75.60733213545713,AmbientSamplingRFC,21.170052997927996
21.472482326469827,0.0,0.0,0.0,0.0,33.9640076271141,35.66824066414795,0.0,0.0,0.0,0.0,0.0,0.0,0.0,0.0,0.0,0.04934169623160756,0.05362665602353189,0.0,0.0,0.0,0.0,0.0,0.0,31.452650168350168,39.920671367521365,44.15468196710697,75.60733213545713,0.0,31.452650168350168,39.61824203897954,44.15468196710697,75.30490280691531,0.0,31.452650168350168,39.920671367521365,44.457111295648794,75.60733213545713,AmbientSamplingRFC,21.472482326469827
21.774911655011653,0.0,0.0,0.0,0.0,34.083486302735004,35.69486870536244,0.0,0.0,0.0,0.0,0.0,0.0,0.0,0.0,0.0,0.08058929443359375,0.109473973712511,0.0,0.0,0.0,0.0,0.0,0.0,31.452650168350168,39.920671367521365,44.15468196710697,75.60733213545713,0.0,31.452650168350168,39.61824203897954,44.15468196710697,75.30490280691531,0.0,31.452650168350168,39.920671367521365,44.457111295648794,75.60733213545713,AmbientSamplingRFC,21.774911655011653
22.077340983553484,0.0,0.0,0.0,0.0,34.07762882159557,35.716928019495114,0.0,0.0,0.0,0.0,0.0,0.0,0.0,0.0,0.0,0.02659740788343612,0.02659740788343612,0.0,0.0,0.0,0.0,0.0,0.0,31.452650168350168,39.920671367521365,44.15468196710697,75.60733213545713,0.0,31.452650168350168,39.61824203897954,44.15468196710697,75.30490280691531,0.0,31.452650168350168,39.920671367521365,44.457111295648794,75.60733213545713,AmbientSamplingRFC,22.077340983553484
22.37977031209531,0.0,0.0,0.0,0.0,34.046489456210466,35.67891547256613,0.0,0.0,0.0,0.0,0.0,0.0,0.0,0.0,0.0,0.028027377621313576,0.1070460654724883,0.0,0.0,0.0,0.0,0.0,0.0,31.452650168350168,39.920671367521365,44.15468196710697,75.60733213545713,0.0,31.452650168350168,39.61824203897954,44.15468196710697,75.30490280691531,0.0,31.452650168350168,39.920671367521365,44.457111295648794,75.60733213545713,AmbientSamplingRFC,22.37977031209531
22.68219964063714,0.0,0.0,0.0,0.0,33.975839257588476,35.636238167447644,0.0,0.0,0.0,0.0,0.0,0.0,0.0,0.0,0.0,0.1363241571011713,0.02808353855885315,0.0,0.0,0.0,0.0,0.0,0.0,31.452650168350168,39.920671367521365,44.15468196710697,75.60733213545713,0.0,31.452650168350168,39.61824203897954,44.15468196710697,75.30490280691531,0.0,31.452650168350168,39.920671367521365,44.457111295648794,75.60733213545713,AmbientSamplingRFC,22.68219964063714
22.984628969178967,0.0,0.0,0.0,0.0,33.94367776812799,35.63689994044135,0.0,0.0,0.0,0.0,0.0,0.0,0.0,0.0,0.0,0.10686670628641082,0.05186583697204128,0.0,0.0,0.0,0.0,0.0,0.0,31.452650168350168,39.920671367521365,44.15468196710697,75.60733213545713,0.0,31.452650168350168,39.61824203897954,44.15468196710697,75.30490280691531,0.0,31.452650168350168,39.920671367521365,44.457111295648794,75.60733213545713,AmbientSamplingRFC,22.984628969178967
23.287058297720797,0.0,0.0,0.0,0.0,33.99865113114019,35.674173378583404,0.0,0.0,0.0,0.0,0.0,0.0,0.0,0.0,0.0,0.13153623695434646,0.029636125345412268,0.0,0.0,0.0,0.0,0.0,0.0,31.452650168350168,39.920671367521365,44.15468196710697,75.60733213545713,0.0,31.452650168350168,39.61824203897954,44.15468196710697,75.30490280691531,0.0,31.452650168350168,39.920671367521365,44.457111295648794,75.60733213545713,AmbientSamplingRFC,23.287058297720797
23.589487626262624,0.0,0.0,0.0,0.0,34.0018956560474,35.679946721368786,0.0,0.0,0.0,0.0,0.0,0.0,0.0,0.0,0.0,0.05199821264691451,0.028588620332826054,0.0,0.0,0.0,0.0,0.0,0.0,31.452650168350168,39.920671367521365,44.15468196710697,75.60733213545713,0.0,31.452650168350168,39.61824203897954,44.15468196710697,75.30490280691531,0.0,31.452650168350168,39.920671367521365,44.457111295648794,75.60733213545713,AmbientSamplingRFC,23.589487626262624
23.891916954804454,0.0,0.0,0.0,0.0,33.97117883511058,35.700067618716346,0.0,0.0,0.0,0.0,0.0,0.0,0.0,0.0,0.0,0.0525613957099722,0.056555071897001596,0.0,0.0,0.0,0.0,0.0,0.0,31.452650168350168,39.920671367521365,44.15468196710697,75.60733213545713,0.0,31.452650168350168,39.61824203897954,44.15468196710697,75.30490280691531,0.0,31.452650168350168,39.920671367521365,44.457111295648794,75.60733213545713,AmbientSamplingRFC,23.891916954804454
24.19434628334628,0.0,0.0,0.0,0.0,33.981966578413335,35.684546666533905,0.0,0.0,0.0,0.0,0.0,0.0,0.0,0.0,0.0,0.10125838580086821,0.04485159471354194,0.0,0.0,0.0,0.0,0.0,0.0,31.452650168350168,39.920671367521365,44.15468196710697,75.60733213545713,0.0,31.452650168350168,39.61824203897954,44.15468196710697,75.30490280691531,0.0,31.452650168350168,39.920671367521365,44.457111295648794,75.60733213545713,AmbientSamplingRFC,24.19434628334628
24.49677561188811,0.0,0.0,0.0,0.0,34.00362512452354,35.683514706043425,0.0,0.0,0.0,0.0,0.0,0.0,0.0,0.0,0.0,0.061993714619440254,0.051247542977741034,0.0,0.0,0.0,0.0,0.0,0.0,31.452650168350168,39.920671367521365,44.15468196710697,75.60733213545713,0.0,31.452650168350168,39.61824203897954,44.15468196710697,75.30490280691531,0.0,31.452650168350168,39.920671367521365,44.457111295648794,75.60733213545713,AmbientSamplingRFC,24.49677561188811
24.799204940429938,0.0,0.0,0.0,0.0,34.019523768124266,35.66296348639946,0.0,0.0,0.0,0.0,0.0,0.0,0.0,0.0,0.0,0.036896616670745175,0.007633137288472369,0.0,0.0,0.0,0.0,0.0,0.0,31.452650168350168,39.920671367521365,44.15468196710697,75.60733213545713,0.0,31.452650168350168,39.61824203897954,44.15468196710697,75.30490280691531,0.0,31.452650168350168,39.920671367521365,44.457111295648794,75.60733213545713,AmbientSamplingRFC,24.799204940429938
25.101634268971768,0.0,0.0,0.0,0.0,34.02740807980207,35.66898284066178,0.0,0.0,0.0,0.0,0.0,0.0,0.0,0.0,0.0,0.019613908021021587,0.0809578820014778,0.0,0.0,0.0,0.0,0.0,0.0,31.452650168350168,39.920671367521365,44.15468196710697,75.60733213545713,0.0,31.452650168350168,39.61824203897954,44.15468196710697,75.30490280691531,0.0,31.452650168350168,39.920671367521365,44.457111295648794,75.60733213545713,AmbientSamplingRFC,25.101634268971768
25.404063597513595,0.0,0.0,0.0,0.0,33.98629647948386,35.67842635448273,0.0,0.0,0.0,0.0,0.0,0.0,0.0,0.0,0.0,0.012762857680627349,0.013649013935157939,0.0,0.0,0.0,0.0,0.0,0.0,31.452650168350168,39.920671367521365,44.15468196710697,75.60733213545713,0.0,31.452650168350168,39.61824203897954,44.15468196710697,75.30490280691531,0.0,31.452650168350168,39.920671367521365,44.457111295648794,75.60733213545713,AmbientSamplingRFC,25.404063597513595
25.706492926055425,0.0,0.0,0.0,0.0,33.98149468967961,35.679774930588856,0.0,0.0,0.0,0.0,0.0,0.0,0.0,0.0,0.0,0.14108690513037914,0.09611964154458263,0.0,0.0,0.0,0.0,0.0,0.0,31.452650168350168,39.920671367521365,44.15468196710697,75.60733213545713,0.0,31.452650168350168,39.61824203897954,44.15468196710697,75.30490280691531,0.0,31.452650168350168,39.920671367521365,44.457111295648794,75.60733213545713,AmbientSamplingRFC,25.706492926055425
26.008922254597252,0.0,0.0,0.0,0.0,33.93903401893947,35.660940574324584,0.0,0.0,0.0,0.0,0.0,0.0,0.0,0.0,0.0,0.05130196762123518,0.019851772180054184,0.0,0.0,0.0,0.0,0.0,0.0,31.452650168350168,39.920671367521365,44.15468196710697,75.60733213545713,0.0,31.452650168350168,39.61824203897954,44.15468196710697,75.30490280691531,0.0,31.452650168350168,39.920671367521365,44.457111295648794,75.60733213545713,AmbientSamplingRFC,26.008922254597252
26.311351583139082,0.0,0.0,0.0,0.0,33.91546306153684,35.64363721115272,0.0,0.0,0.0,0.0,0.0,0.0,0.0,0.0,0.0,0.0017179740334043458,0.08009738550030931,0.0,0.0,0.0,0.0,0.0,0.0,31.452650168350168,39.920671367521365,44.15468196710697,75.60733213545713,0.0,31.452650168350168,39.61824203897954,44.15468196710697,75.30490280691531,0.0,31.452650168350168,39.920671367521365,44.457111295648794,75.60733213545713,AmbientSamplingRFC,26.311351583139082
26.61378091168091,0.0,0.0,0.0,0.0,33.96764689584647,35.649664464807294,0.0,0.0,0.0,0.0,0.0,0.0,0.0,0.0,0.0,0.0,0.06147461957279177,0.0,0.0,0.0,0.0,0.0,0.0,31.452650168350168,39.920671367521365,44.15468196710697,75.60733213545713,0.0,31.452650168350168,39.61824203897954,44.15468196710697,75.30490280691531,0.0,31.452650168350168,39.920671367521365,44.457111295648794,75.60733213545713,AmbientSamplingRFC,26.61378091168091
26.91621024022274,0.0,0.0,0.0,0.0,33.98098344243166,35.64357847134205,0.0,0.0,0.0,0.0,0.0,0.0,0.0,0.0,0.0,0.01827492618674853,0.04943020296153833,0.0,0.0,0.0,0.0,0.0,0.0,31.452650168350168,39.920671367521365,44.15468196710697,75.60733213545713,0.0,31.452650168350168,39.61824203897954,44.15468196710697,75.30490280691531,0.0,31.452650168350168,39.920671367521365,44.457111295648794,75.60733213545713,AmbientSamplingRFC,26.91621024022274
27.218639568764566,0.0,0.0,0.0,0.0,33.97793931051554,35.663380602046345,0.0,0.0,0.0,0.0,0.0,0.0,0.0,0.0,0.0,0.10161523012959606,0.026088285734573446,0.0,0.0,0.0,0.0,0.0,0.0,31.452650168350168,39.920671367521365,44.15468196710697,75.60733213545713,0.0,31.452650168350168,39.61824203897954,44.15468196710697,75.30490280691531,0.0,31.452650168350168,39.920671367521365,44.457111295648794,75.60733213545713,AmbientSamplingRFC,27.218639568764566
27.521068897306396,0.0,0.0,0.0,0.0,33.94632339995959,35.656944365032665,0.0,0.0,0.0,0.0,0.0,0.0,0.0,0.0,0.0,0.1768901876053235,0.06290449074013083,0.0,0.0,0.0,0.0,0.0,0.0,31.452650168350168,39.920671367521365,44.15468196710697,75.60733213545713,0.0,31.452650168350168,39.61824203897954,44.15468196710697,75.30490280691531,0.0,31.452650168350168,39.920671367521365,44.457111295648794,75.60733213545713,AmbientSamplingRFC,27.521068897306396
27.823498225848223,0.0,0.0,0.0,0.0,33.916397387637076,35.65927751326926,0.0,0.0,0.0,0.0,0.0,0.0,0.0,0.0,0.0,0.08285315838021035,0.026384383032301173,0.0,0.0,0.0,0.0,0.0,0.0,31.452650168350168,39.920671367521365,44.15468196710697,75.60733213545713,0.0,31.452650168350168,39.61824203897954,44.15468196710697,75.30490280691531,0.0,31.452650168350168,39.920671367521365,44.457111295648794,75.60733213545713,AmbientSamplingRFC,27.823498225848223
28.125927554390053,0.0,0.0,0.0,0.0,33.962092417595855,35.68053758846198,0.0,0.0,0.0,0.0,0.0,0.0,0.0,0.0,0.0,0.045065240385298466,0.06423240107482542,0.0,0.0,0.0,0.0,0.0,0.0,31.452650168350168,39.920671367521365,44.15468196710697,75.60733213545713,0.0,31.452650168350168,39.61824203897954,44.15468196710697,75.30490280691531,0.0,31.452650168350168,39.920671367521365,44.457111295648794,75.60733213545713,AmbientSamplingRFC,28.125927554390053
28.42835688293188,0.0,0.0,0.0,0.0,34.00497319546489,35.68515646842163,0.0,0.0,0.0,0.0,0.0,0.0,0.0,0.0,0.0,0.052646571670280196,0.04461678148416581,0.0,0.0,0.0,0.0,0.0,0.0,31.452650168350168,39.920671367521365,44.15468196710697,75.60733213545713,0.0,31.452650168350168,39.61824203897954,44.15468196710697,75.30490280691531,0.0,31.452650168350168,39.920671367521365,44.457111295648794,75.60733213545713,AmbientSamplingRFC,28.42835688293188
28.73078621147371,0.0,0.0,0.0,0.0,34.030867025505074,35.65392613645451,0.0,0.0,0.0,0.0,0.0,0.0,0.0,0.0,0.0,0.15011937581289203,0.04627095281731641,0.0,0.0,0.0,0.0,0.0,0.0,31.452650168350168,39.920671367521365,44.15468196710697,75.60733213545713,0.0,31.452650168350168,39.61824203897954,44.15468196710697,75.30490280691531,0.0,31.452650168350168,39.920671367521365,44.457111295648794,75.60733213545713,AmbientSamplingRFC,28.73078621147371
29.03321554001554,0.0,0.0,0.0,0.0,33.98945482862494,35.64015934980737,0.0,0.0,0.0,0.0,0.0,0.0,0.0,0.0,0.0,0.0897118681101361,0.04450465470335274,0.0,0.0,0.0,0.0,0.0,0.0,31.452650168350168,39.920671367521365,44.15468196710697,75.60733213545713,0.0,31.452650168350168,39.61824203897954,44.15468196710697,75.30490280691531,0.0,31.452650168350168,39.920671367521365,44.457111295648794,75.60733213545713,AmbientSamplingRFC,29.03321554001554
29.335644868557367,0.0,0.0,0.0,0.0,33.97839178159264,35.6803601469971,0.0,0.0,0.0,0.0,0.0,0.0,0.0,0.0,0.0,0.16066628461437915,0.027530439117427363,0.0,0.0,0.0,0.0,0.0,0.0,31.452650168350168,39.920671367521365,44.15468196710697,75.60733213545713,0.0,31.452650168350168,39.61824203897954,44.15468196710697,75.30490280691531,0.0,31.452650168350168,39.920671367521365,44.457111295648794,75.60733213545713,AmbientSamplingRFC,29.335644868557367
29.638074197099197,0.0,0.0,0.0,0.0,33.957580007428895,35.67068123423671,0.0,0.0,0.0,0.0,0.0,0.0,0.0,0.0,0.0,0.0444226260046392,0.04261318069305986,0.0,0.0,0.0,0.0,0.0,0.0,31.452650168350168,39.920671367521365,44.15468196710697,75.60733213545713,0.0,31.452650168350168,39.61824203897954,44.15468196710697,75.30490280691531,0.0,31.452650168350168,39.920671367521365,44.457111295648794,75.60733213545713,AmbientSamplingRFC,29.638074197099197
29.940503525641024,0.0,0.0,0.0,0.0,33.95867443188739,35.67215344250694,0.0,0.0,0.0,0.0,0.0,0.0,0.0,0.0,0.0,0.0056390894783859835,0.03747496900803071,0.0,0.0,0.0,0.0,0.0,0.0,31.452650168350168,39.920671367521365,44.15468196710697,75.60733213545713,0.0,31.452650168350168,39.61824203897954,44.15468196710697,75.30490280691531,0.0,31.452650168350168,39.920671367521365,44.457111295648794,75.60733213545713,AmbientSamplingRFC,29.940503525641024
30.242932854182854,0.0,0.0,0.0,0.0,33.995479783774186,35.67735243982575,0.0,0.0,0.0,0.0,0.0,0.0,0.0,0.0,0.0,0.1173207121232096,0.03600709773015609,0.0,0.0,0.0,0.0,0.0,0.0,31.452650168350168,39.920671367521365,44.15468196710697,75.60733213545713,0.0,31.452650168350168,39.61824203897954,44.15468196710697,75.30490280691531,0.0,31.452650168350168,39.920671367521365,44.457111295648794,75.60733213545713,AmbientSamplingRFC,30.242932854182854
30.54536218272468,0.0,0.0,0.0,0.0,33.97223894456586,35.680268328089824,0.0,0.0,0.0,0.0,0.0,0.0,0.0,0.0,0.0,0.010036357268077722,0.0789811478144884,0.0,0.0,0.0,0.0,0.0,0.0,31.452650168350168,39.920671367521365,44.15468196710697,75.60733213545713,0.0,31.452650168350168,39.61824203897954,44.15468196710697,75.30490280691531,0.0,31.452650168350168,39.920671367521365,44.457111295648794,75.60733213545713,AmbientSamplingRFC,30.54536218272468
30.84779151126651,0.0,0.0,0.0,0.0,33.97665650419325,35.625241382346495,0.0,0.0,0.0,0.0,0.0,0.0,0.0,0.0,0.0,0.08459856866378601,0.07021603383761743,0.0,0.0,0.0,0.0,0.0,0.0,31.452650168350168,39.920671367521365,44.15468196710697,75.60733213545713,0.0,31.452650168350168,39.61824203897954,44.15468196710697,75.30490280691531,0.0,31.452650168350168,39.920671367521365,44.457111295648794,75.60733213545713,AmbientSamplingRFC,30.84779151126651
31.150220839808338,0.0,0.0,0.0,0.0,34.03335717069645,35.6130644862148,0.0,0.0,0.0,0.0,0.0,0.0,0.0,0.0,0.0,0.041999905773884905,0.03981361856836685,0.0,0.0,0.0,0.0,0.0,0.0,31.452650168350168,39.920671367521365,44.15468196710697,75.60733213545713,0.0,31.452650168350168,39.61824203897954,44.15468196710697,75.30490280691531,0.0,31.452650168350168,39.920671367521365,44.457111295648794,75.60733213545713,AmbientSamplingRFC,31.150220839808338
31.452650168350168,0.0,0.0,0.0,0.0,34.01358991377941,35.65482141483705,0.0,0.0,0.0,0.0,0.0,0.0,0.0,0.0,0.0,0.042269888804021605,0.0,0.0,0.0,0.0,0.0,0.0,0.0,31.452650168350168,39.920671367521365,44.15468196710697,75.60733213545713,0.0,31.452650168350168,39.61824203897954,44.15468196710697,75.30490280691531,0.0,31.452650168350168,39.920671367521365,44.457111295648794,75.60733213545713,BreathSampleCollection,31.452650168350168
31.755079496891994,0.0,0.0,0.0,0.0,33.96296138974984,35.66218369629176,0.0,0.0,0.0,0.0,0.0,0.0,0.0,0.0,0.0,0.03739789124342252,0.037399661557806496,0.0,0.0,0.0,0.0,0.0,0.0,31.452650168350168,39.920671367521365,44.15468196710697,75.60733213545713,0.0,31.452650168350168,39.61824203897954,44.15468196710697,75.30490280691531,0.0,31.452650168350168,39.920671367521365,44.457111295648794,75.60733213545713,BreathSampleCollection,31.755079496891994
32.05750882543382,0.0,0.0,0.0,0.0,33.986386518304805,35.62452225925339,0.0,0.0,0.0,0.0,0.0,0.0,0.0,0.0,0.0,0.07922803337790185,0.08409817096013228,0.0,0.0,0.0,0.0,0.0,0.0,31.452650168350168,39.920671367521365,44.15468196710697,75.60733213545713,0.0,31.452650168350168,39.61824203897954,44.15468196710697,75.30490280691531,0.0,31.452650168350168,39.920671367521365,44.457111295648794,75.60733213545713,BreathSampleCollection,32.05750882543382
32.359938153975655,0.0,0.0,0.0,0.0,33.99493253116047,35.60672052882724,0.0,0.0,0.0,0.0,0.0,0.0,0.0,0.0,0.0,0.11992462136323212,0.04124633810942413,0.0,0.0,0.0,0.0,0.0,0.0,31.452650168350168,39.920671367521365,44.15468196710697,75.60733213545713,0.0,31.452650168350168,39.61824203897954,44.15468196710697,75.30490280691531,0.0,31.452650168350168,39.920671367521365,44.457111295648794,75.60733213545713,BreathSampleCollection,32.359938153975655
32.66236748251748,0.0,0.0,0.0,0.0,34.00198100573655,35.63077285449501,0.0,0.0,0.0,0.0,0.0,0.0,0.0,0.0,0.0,0.043086486533368884,0.12064597211335126,0.0,0.0,0.0,0.0,0.0,0.0,31.452650168350168,39.920671367521365,44.15468196710697,75.60733213545713,0.0,31.452650168350168,39.61824203897954,44.15468196710697,75.30490280691531,0.0,31.452650168350168,39.920671367521365,44.457111295648794,75.60733213545713,BreathSampleCollection,32.66236748251748
32.96479681105931,0.0,0.0,0.0,0.0,33.99509656318345,35.67114574638937,0.0,0.0,0.0,0.0,0.0,0.0,0.0,0.0,0.0,0.04128417926131789,0.16117477416992188,0.0,0.0,0.0,0.0,0.0,0.0,31.452650168350168,39.920671367521365,44.15468196710697,75.60733213545713,0.0,31.452650168350168,39.61824203897954,44.15468196710697,75.30490280691531,0.0,31.452650168350168,39.920671367521365,44.457111295648794,75.60733213545713,BreathSampleCollection,32.96479681105931
33.267226139601135,0.0,0.0,0.0,0.0,33.97051168336415,35.702994250429796,0.0,0.0,0.0,0.0,0.0,0.0,0.0,0.0,0.0,0.08030607202994844,0.12149080550140923,0.0,0.0,0.0,0.0,0.0,0.0,31.452650168350168,39.920671367521365,44.15468196710697,75.60733213545713,0.0,31.452650168350168,39.61824203897954,44.15468196710697,75.30490280691531,0.0,31.452650168350168,39.920671367521365,44.457111295648794,75.60733213545713,BreathSampleCollection,33.267226139601135
33.56965546814297,0.0,0.0,0.0,0.0,33.97897423255341,35.67859769380717,0.0,0.0,0.0,0.0,0.0,0.0,0.0,0.0,0.0,0.04017272581523912,0.0412193476490188,0.0,0.0,0.0,0.0,0.0,0.0,31.452650168350168,39.920671367521365,44.15468196710697,75.60733213545713,0.0,31.452650168350168,39.61824203897954,44.15468196710697,75.30490280691531,0.0,31.452650168350168,39.920671367521365,44.457111295648794,75.60733213545713,BreathSampleCollection,33.56965546814297
33.872084796684796,0.0,0.0,0.0,0.0,33.99493287649668,35.696489134407564,0.0,0.0,0.0,0.0,0.0,0.0,0.0,0.0,0.0,0.04004689954079055,0.11938683988290677,0.0,0.0,0.0,0.0,0.0,0.0,31.452650168350168,39.920671367521365,44.15468196710697,75.60733213545713,0.0,31.452650168350168,39.61824203897954,44.15468196710697,75.30490280691531,0.0,31.452650168350168,39.920671367521365,44.457111295648794,75.60733213545713,BreathSampleCollection,33.872084796684796
34.17451412522662,0.0,0.0,0.0,0.0,33.99519692331236,35.686080706094344,0.0,0.0,0.0,0.0,0.0,0.0,0.0,0.0,0.0,0.043251771711936726,0.0762961086013405,0.0,0.0,0.0,0.0,0.0,0.0,31.452650168350168,39.920671367521365,44.15468196710697,75.60733213545713,0.0,31.452650168350168,39.61824203897954,44.15468196710697,75.30490280691531,0.0,31.452650168350168,39.920671367521365,44.457111295648794,75.60733213545713,BreathSampleCollection,34.17451412522662
34.47694345376845,0.0,0.0,0.0,0.0,33.960994444541754,35.65518193153754,0.0,0.0,0.0,0.0,0.0,0.0,0.0,0.0,0.0,0.07797148331810888,0.08498087053755654,0.0,0.0,0.0,0.0,0.0,0.0,31.452650168350168,39.920671367521365,44.15468196710697,75.60733213545713,0.0,31.452650168350168,39.61824203897954,44.15468196710697,75.30490280691531,0.0,31.452650168350168,39.920671367521365,44.457111295648794,75.60733213545713,BreathSampleCollection,34.47694345376845
34.77937278231028,0.0,0.0,0.0,0.0,33.9724597157567,35.6797510165155,0.0,0.0,0.0,0.0,0.0,0.0,0.0,0.0,0.0,0.042247145129564956,0.16117477416992188,0.0,0.0,0.0,0.0,0.0,0.0,31.452650168350168,39.920671367521365,44.15468196710697,75.60733213545713,0.0,31.452650168350168,39.61824203897954,44.15468196710697,75.30490280691531,0.0,31.452650168350168,39.920671367521365,44.457111295648794,75.60733213545713,BreathSampleCollection,34.77937278231028
35.08180211085211,0.0,0.0,0.0,0.0,34.03746231913327,35.66153135597087,0.0,0.0,0.0,0.0,0.0,0.0,0.0,0.0,0.0,0.03702088671705184,0.07445191429933828,0.0,0.0,0.0,0.0,0.0,0.0,31.452650168350168,39.920671367521365,44.15468196710697,75.60733213545713,0.0,31.452650168350168,39.61824203897954,44.15468196710697,75.30490280691531,0.0,31.452650168350168,39.920671367521365,44.457111295648794,75.60733213545713,BreathSampleCollection,35.08180211085211
35.384231439393936,0.0,0.0,0.0,0.0,34.02471712290756,35.67347947061357,0.0,0.0,0.0,0.0,0.0,0.0,0.0,0.0,0.0,0.12713150615156366,0.04399567401383564,0.0,0.0,0.0,0.0,0.0,0.0,31.452650168350168,39.920671367521365,44.15468196710697,75.60733213545713,0.0,31.452650168350168,39.61824203897954,44.15468196710697,75.30490280691531,0.0,31.452650168350168,39.920671367521365,44.457111295648794,75.60733213545713,BreathSampleCollection,35.384231439393936
35.68666076793576,0.0,0.0,0.0,0.0,33.94251445241756,35.693867315482166,0.0,0.0,0.0,0.0,0.0,0.0,0.0,0.0,0.0,0.06328056118302783,0.037750351557875206,0.0,0.0,0.0,0.0,0.0,0.0,31.452650168350168,39.920671367521365,44.15468196710697,75.60733213545713,0.0,31.452650168350168,39.61824203897954,44.15468196710697,75.30490280691531,0.0,31.452650168350168,39.920671367521365,44.457111295648794,75.60733213545713,BreathSampleCollection,35.68666076793576
35.9890900964776,0.0,0.0,0.0,0.0,33.95009912813998,35.68766386175052,0.0,0.0,0.0,0.0,0.0,0.0,0.0,0.0,0.0,0.037419312241560476,0.006343700617890136,0.0,0.0,0.0,0.0,0.0,0.0,31.452650168350168,39.920671367521365,44.15468196710697,75.60733213545713,0.0,31.452650168350168,39.61824203897954,44.15468196710697,75.30490280691531,0.0,31.452650168350168,39.920671367521365,44.457111295648794,75.60733213545713,BreathSampleCollection,35.9890900964776
36.29151942501942,0.0,0.0,0.0,0.0,33.96951923634711,35.678153894792715,0.0,0.0,0.0,0.0,0.0,0.0,0.0,0.0,0.0,0.09399257437038955,0.04297517356410907,0.0,0.0,0.0,0.0,0.0,0.0,31.452650168350168,39.920671367521365,44.15468196710697,75.60733213545713,0.0,31.452650168350168,39.61824203897954,44.15468196710697,75.30490280691531,0.0,31.452650168350168,39.920671367521365,44.457111295648794,75.60733213545713,BreathSampleCollection,36.29151942501942
36.59394875356125,0.0,0.0,0.0,0.0,33.95414089165886,35.65399676885995,0.0,0.0,0.0,0.0,0.0,0.0,0.0,0.0,0.0,0.11578823828403273,0.04508116773124726,0.0,0.0,0.0,0.0,0.0,0.0,31.452650168350168,39.920671367521365,44.15468196710697,75.60733213545713,0.0,31.452650168350168,39.61824203897954,44.15468196710697,75.30490280691531,0.0,31.452650168350168,39.920671367521365,44.457111295648794,75.60733213545713,BreathSampleCollection,36.59394875356125
36.89637808210308,0.0,0.0,0.0,0.0,33.94595516477115,35.65564048279968,0.0,0.0,0.0,0.0,0.0,0.0,0.0,0.0,0.0,0.03527195009002071,0.07092922189193018,0.0,0.0,0.0,0.0,0.0,0.0,31.452650168350168,39.920671367521365,44.15468196710697,75.60733213545713,0.0,31.452650168350168,39.61824203897954,44.15468196710697,75.30490280691531,0.0,31.452650168350168,39.920671367521365,44.457111295648794,75.60733213545713,BreathSampleCollection,36.89637808210308
37.19880741064491,0.0,0.0,0.0,0.0,33.97408521397711,35.626233560444476,0.0,0.0,0.0,0.0,0.0,0.0,0.0,0.0,0.0,0.09218451244171177,0.009511491749670142,0.0,0.0,0.0,0.0,0.0,0.0,31.452650168350168,39.920671367521365,44.15468196710697,75.60733213545713,0.0,31.452650168350168,39.61824203897954,44.15468196710697,75.30490280691531,0.0,31.452650168350168,39.920671367521365,44.457111295648794,75.60733213545713,BreathSampleCollection,37.19880741064491
37.50123673918674,0.0,0.0,0.0,0.0,33.985298778051344,35.643882009813424,0.0,0.0,0.0,0.0,0.0,0.0,0.0,0.0,0.0,0.126429980652766,0.057134134935580505,0.0,0.0,0.0,0.0,0.0,0.0,31.452650168350168,39.920671367521365,44.15468196710697,75.60733213545713,0.0,31.452650168350168,39.61824203897954,44.15468196710697,75.30490280691531,0.0,31.452650168350168,39.920671367521365,44.457111295648794,75.60733213545713,BreathSampleCollection,37.50123673918674
37.803666067728564,0.0,0.0,0.0,0.0,33.979408206446195,35.6794282352513,0.0,0.0,0.0,0.0,0.0,0.0,0.0,0.0,0.0,0.03412194276802438,0.05580165462658471,0.0,0.0,0.0,0.0,0.0,0.0,31.452650168350168,39.920671367521365,44.15468196710697,75.60733213545713,0.0,31.452650168350168,39.61824203897954,44.15468196710697,75.30490280691531,0.0,31.452650168350168,39.920671367521365,44.457111295648794,75.60733213545713,BreathSampleCollection,37.803666067728564
38.10609539627039,0.0,0.0,0.0,0.0,33.98689743456838,35.678662046883964,0.0,0.0,0.0,0.0,0.0,0.0,0.0,0.0,0.0,0.047100057648663096,0.06778273164614035,0.0,0.0,0.0,0.0,0.0,0.0,31.452650168350168,39.920671367521365,44.15468196710697,75.60733213545713,0.0,31.452650168350168,39.61824203897954,44.15468196710697,75.30490280691531,0.0,31.452650168350168,39.920671367521365,44.457111295648794,75.60733213545713,BreathSampleCollection,38.10609539627039
38.408524724812224,0.0,0.0,0.0,0.0,33.97740822593012,35.66091138843345,0.0,0.0,0.0,0.0,0.0,0.0,0.0,0.0,0.0,0.03300912644429843,0.027967420040390323,0.0,0.0,0.0,0.0,0.0,0.0,31.452650168350168,39.920671367521365,44.15468196710697,75.60733213545713,0.0,31.452650168350168,39.61824203897954,44.15468196710697,75.30490280691531,0.0,31.452650168350168,39.920671367521365,44.457111295648794,75.60733213545713,BreathSampleCollection,38.408524724812224
38.71095405335405,0.0,0.0,0.0,0.0,33.961407494092825,35.65562483371407,0.0,0.0,0.0,0.0,0.0,0.0,0.0,0.0,0.0,0.04630427030524231,0.033523013462982476,0.0,0.0,0.0,0.0,0.0,0.0,31.452650168350168,39.920671367521365,44.15468196710697,75.60733213545713,0.0,31.452650168350168,39.61824203897954,44.15468196710697,75.30490280691531,0.0,31.452650168350168,39.920671367521365,44.457111295648794,75.60733213545713,BreathSampleCollection,38.71095405335405
39.01338338189588,0.0,0.0,0.0,0.0,33.96397350538614,35.65406621406372,0.0,0.0,0.0,0.0,0.0,0.0,0.0,0.0,0.0,0.03304722071427335,0.12812598909017225,0.0,0.0,0.0,0.0,0.0,0.0,31.452650168350168,39.920671367521365,44.15468196710697,75.60733213545713,0.0,31.452650168350168,39.61824203897954,44.15468196710697,75.30490280691531,0.0,31.452650168350168,39.920671367521365,44.457111295648794,75.60733213545713,BreathSampleCollection,39.01338338189588
39.31581271043771,0.0,0.0,0.0,0.0,33.97101951750699,35.6661155093434,0.0,0.0,0.0,0.0,0.0,0.0,0.0,0.0,0.0,0.0,0.08026434440684937,0.0,0.0,0.0,0.0,0.0,0.0,31.452650168350168,39.920671367521365,44.15468196710697,75.60733213545713,0.0,31.452650168350168,39.61824203897954,44.15468196710697,75.30490280691531,0.0,31.452650168350168,39.920671367521365,44.457111295648794,75.60733213545713,BreathSampleCollection,39.31581271043771
39.61824203897954,0.0,0.0,0.0,0.0,33.95143754589118,35.65922362045269,0.0,0.0,0.0,0.0,0.0,0.0,0.0,0.0,0.0,0.08015511754297222,0.06593038690143516,0.0,0.0,0.0,0.0,0.0,0.0,31.452650168350168,39.920671367521365,44.15468196710697,75.60733213545713,0.0,31.452650168350168,39.61824203897954,44.15468196710697,75.30490280691531,0.0,31.452650168350168,39.920671367521365,44.457111295648794,75.60733213545713,BreathSampleCollection,39.61824203897954
39.920671367521365,0.0,0.0,0.0,0.0,33.96739729628054,35.65659409978043,0.0,0.0,0.0,0.0,0.0,0.0,0.0,0.0,0.0,0.08171239748368464,0.01862525875276333,0.0,0.0,0.0,0.0,0.0,0.0,31.452650168350168,39.920671367521365,44.15468196710697,75.60733213545713,0.0,31.452650168350168,39.61824203897954,44.15468196710697,75.30490280691531,0.0,31.452650168350168,39.920671367521365,44.457111295648794,75.60733213545713,FeNOWindow,39.920671367521365
40.22310069606319,0.0,0.0,0.0,0.0,33.97737920537476,35.67286610294174,0.0,0.0,0.0,0.0,0.0,0.0,0.0,0.0,0.0,0.1789561908641275,0.03151905865320259,0.0,0.0,0.0,0.0,0.0,0.0,31.452650168350168,39.920671367521365,44.15468196710697,75.60733213545713,0.0,31.452650168350168,39.61824203897954,44.15468196710697,75.30490280691531,0.0,31.452650168350168,39.920671367521365,44.457111295648794,75.60733213545713,FeNOWindow,40.22310069606319
40.525530024605025,0.0,0.0,0.0,0.0,34.000395985294276,35.67966067038501,0.0,0.0,0.0,0.0,0.0,0.0,0.0,0.0,0.0,0.0436086228944248,0.09934471700151448,0.0,0.0,0.0,0.0,0.0,0.0,31.452650168350168,39.920671367521365,44.15468196710697,75.60733213545713,0.0,31.452650168350168,39.61824203897954,44.15468196710697,75.30490280691531,0.0,31.452650168350168,39.920671367521365,44.457111295648794,75.60733213545713,FeNOWindow,40.525530024605025
40.82795935314685,0.0,0.0,0.0,0.0,34.01874850982516,35.65937706842733,0.0,0.0,0.0,0.0,0.0,0.0,0.0,0.0,0.0,0.13004532483016362,0.048627640737500144,0.0,0.0,0.0,0.0,0.0,0.0,31.452650168350168,39.920671367521365,44.15468196710697,75.60733213545713,0.0,31.452650168350168,39.61824203897954,44.15468196710697,75.30490280691531,0.0,31.452650168350168,39.920671367521365,44.457111295648794,75.60733213545713,FeNOWindow,40.82795935314685
41.13038868168868,0.0,0.0,0.0,0.0,33.99910661789548,35.68692034063094,0.0,0.0,0.0,0.0,0.0,0.0,0.0,0.0,0.0,0.0614472435301181,0.13189358394401296,0.0,0.0,0.0,0.0,0.0,0.0,31.452650168350168,39.920671367521365,44.15468196710697,75.60733213545713,0.0,31.452650168350168,39.61824203897954,44.15468196710697,75.30490280691531,0.0,31.452650168350168,39.920671367521365,44.457111295648794,75.60733213545713,FeNOWindow,41.13038868168868
41.432818010230505,0.0,0.0,0.0,0.0,33.957279246676805,35.6907625566015,0.0,0.0,0.0,0.0,0.0,0.0,0.0,0.0,0.0,0.012481972556244614,0.05919519106230098,0.0,0.0,0.0,0.0,0.0,0.0,31.452650168350168,39.920671367521365,44.15468196710697,75.60733213545713,0.0,31.452650168350168,39.61824203897954,44.15468196710697,75.30490280691531,0.0,31.452650168350168,39.920671367521365,44.457111295648794,75.60733213545713,FeNOWindow,41.432818010230505
41.73524733877234,0.0,0.0,0.0,0.0,33.968395744035504,35.659384325270736,0.0,0.0,0.0,0.0,0.0,0.0,0.0,0.0,0.0,0.08128582056976086,0.0188092908855495,0.0,0.0,0.0,0.0,0.0,0.0,31.452650168350168,39.920671367521365,44.15468196710697,75.60733213545713,0.0,31.452650168350168,39.61824203897954,44.15468196710697,75.30490280691531,0.0,31.452650168350168,39.920671367521365,44.457111295648794,75.60733213545713,FeNOWindow,41.73524733877234
42.037676667314166,0.0,0.0,0.0,0.0,34.007519846139125,35.63671892371457,0.0,0.0,0.0,0.0,0.0,0.0,0.0,0.0,0.0,0.029194942244565425,0.08058547973632812,0.0,0.0,0.0,0.0,0.0,0.0,31.452650168350168,39.920671367521365,44.15468196710697,75.60733213545713,0.0,31.452650168350168,39.61824203897954,44.15468196710697,75.30490280691531,0.0,31.452650168350168,39.920671367521365,44.457111295648794,75.60733213545713,FeNOWindow,42.037676667314166
42.34010599585599,0.0,0.0,0.0,0.0,34.00895421121103,35.640758587009806,0.0,0.0,0.0,0.0,0.0,0.0,0.0,0.0,0.0,0.08058547973632812,0.030291098887907708,0.0,0.0,0.0,0.0,0.0,0.0,31.452650168350168,39.920671367521365,44.15468196710697,75.60733213545713,0.0,31.452650168350168,39.61824203897954,44.15468196710697,75.30490280691531,0.0,31.452650168350168,39.920671367521365,44.457111295648794,75.60733213545713,FeNOWindow,42.34010599585599
42.64253532439782,0.0,0.0,0.0,0.0,34.002296885163574,35.636603423007514,0.0,0.0,0.0,0.0,0.0,0.0,0.0,0.0,0.0,0.10366649948682038,0.05047577928186797,0.0,0.0,0.0,0.0,0.0,0.0,31.452650168350168,39.920671367521365,44.15468196710697,75.60733213545713,0.0,31.452650168350168,39.61824203897954,44.15468196710697,75.30490280691531,0.0,31.452650168350168,39.920671367521365,44.457111295648794,75.60733213545713,FeNOWindow,42.64253532439782
42.94496465293965,0.0,0.0,0.0,0.0,33.97238575380706,35.66248322800149,0.0,0.0,0.0,0.0,0.0,0.0,0.0,0.0,0.0,0.08583033308769217,0.10554620855359076,0.0,0.0,0.0,0.0,0.0,0.0,31.452650168350168,39.920671367521365,44.15468196710697,75.60733213545713,0.0,31.452650168350168,39.61824203897954,44.15468196710697,75.30490280691531,0.0,31.452650168350168,39.920671367521365,44.457111295648794,75.60733213545713,FeNOWindow,42.94496465293965
43.24739398148148,0.0,0.0,0.0,0.0,33.996300413797655,35.70041874738588,0.0,0.0,0.0,0.0,0.0,0.0,0.0,0.0,0.0,0.053382922439276115,0.055176024855271066,0.0,0.0,0.0,0.0,0.0,0.0,31.452650168350168,39.920671367521365,44.15468196710697,75.60733213545713,0.0,31.452650168350168,39.61824203897954,44.15468196710697,75.30490280691531,0.0,31.452650168350168,39.920671367521365,44.457111295648794,75.60733213545713,FeNOWindow,43.24739398148148
43.54982331002331,0.0,0.0,0.0,0.0,34.029707142673935,35.70031789297047,0.0,0.0,0.0,0.0,0.0,0.0,0.0,0.0,0.0,0.08071519228843016,0.10876086671250107,0.0,0.0,0.0,0.0,0.0,0.0,31.452650168350168,39.920671367521365,44.15468196710697,75.60733213545713,0.0,31.452650168350168,39.61824203897954,44.15468196710697,75.30490280691531,0.0,31.452650168350168,39.920671367521365,44.457111295648794,75.60733213545713,FeNOWindow,43.54982331002331
43.85225263856513,0.0,0.0,0.0,0.0,33.97115291404465,35.66334281810947,0.0,0.0,0.0,0.0,0.0,0.0,0.0,0.0,0.0,0.05458015049568843,0.0802388375380545,0.0,0.0,0.0,0.0,0.0,0.0,31.452650168350168,39.920671367521365,44.15468196710697,75.60733213545713,0.0,31.452650168350168,39.61824203897954,44.15468196710697,75.30490280691531,0.0,31.452650168350168,39.920671367521365,44.457111295648794,75.60733213545713,FeNOWindow,43.85225263856513
44.15468196710697,0.0,0.0,0.0,0.0,33.9384651184082,35.65763551386241,0.0,0.0,0.0,0.0,0.0,0.0,0.0,0.0,0.0,0.08058547973632812,0.053887408023747696,0.0,0.0,0.0,0.0,0.0,0.0,31.452650168350168,39.920671367521365,44.15468196710697,75.60733213545713,0.0,31.452650168350168,39.61824203897954,44.15468196710697,75.30490280691531,0.0,31.452650168350168,39.920671367521365,44.457111295648794,75.60733213545713,FeNOMeasurement,44.15468196710697
44.457111295648794,0.0,0.0,0.0,0.0,33.97061267733766,35.65225497776173,0.0,0.0,0.0,0.0,0.0,0.0,0.0,0.0,0.0,0.027278239600846632,0.07969888138666192,0.0,0.0,0.0,0.0,0.0,0.0,31.452650168350168,39.920671367521365,44.15468196710697,75.60733213545713,0.0,31.452650168350168,39.61824203897954,44.15468196710697,75.30490280691531,0.0,31.452650168350168,39.920671367521365,44.457111295648794,75.60733213545713,FeNOMeasurement,44.457111295648794
44.75954062419062,0.0,0.0,0.0,0.0,33.95456840905554,35.700297161002624,0.0,0.0,0.0,0.0,0.0,0.0,0.0,0.0,0.0,0.08442472698386183,0.10748486584093797,0.0,0.0,0.0,0.0,0.0,0.0,31.452650168350168,39.920671367521365,44.15468196710697,75.60733213545713,0.0,31.452650168350168,39.61824203897954,44.15468196710697,75.30490280691531,0.0,31.452650168350168,39.920671367521365,44.457111295648794,75.60733213545713,FeNOMeasurement,44.75954062419062
45.06196995273245,0.0,0.0,0.0,0.0,33.994143532366294,35.694922267754976,0.0,0.0,0.0,0.0,0.0,0.0,0.0,0.0,0.0,0.1302336319810209,0.16117477416992188,0.0,0.0,0.0,0.0,0.0,0.0,31.452650168350168,39.920671367521365,44.15468196710697,75.60733213545713,0.0,31.452650168350168,39.61824203897954,44.15468196710697,75.30490280691531,0.0,31.452650168350168,39.920671367521365,44.457111295648794,75.60733213545713,FeNOMeasurement,45.06196995273245
45.36439928127428,0.0,0.0,0.0,0.0,34.018407740545435,35.7234793140582,0.0,0.0,0.0,0.0,0.0,0.0,0.0,0.0,0.0,0.1550476536870704,0.048675167934170815,0.0,0.0,0.0,0.0,0.0,0.0,31.452650168350168,39.920671367521365,44.15468196710697,75.60733213545713,0.0,31.452650168350168,39.61824203897954,44.15468196710697,75.30490280691531,0.0,31.452650168350168,39.920671367521365,44.457111295648794,75.60733213545713,FeNOMeasurement,45.36439928127428
45.66682860981611,0.0,0.0,0.0,0.0,33.99704507006793,35.66583312113643,0.0,0.0,0.0,0.0,0.0,0.0,0.0,0.0,0.0,0.10445896563906842,0.10906826211804344,0.0,0.0,0.0,0.0,0.0,0.0,31.452650168350168,39.920671367521365,44.15468196710697,75.60733213545713,0.0,31.452650168350168,39.61824203897954,44.15468196710697,75.30490280691531,0.0,31.452650168350168,39.920671367521365,44.457111295648794,75.60733213545713,FeNOMeasurement,45.66682860981611
45.969257938357934,0.0,0.0,0.0,0.0,33.98665577074222,35.675752575260766,0.0,0.0,0.0,0.0,0.0,0.0,0.0,0.0,0.0,0.13768014176341836,0.10408011214283164,0.0,0.0,0.0,0.0,0.0,0.0,31.452650168350168,39.920671367521365,44.15468196710697,75.60733213545713,0.0,31.452650168350168,39.61824203897954,44.15468196710697,75.30490280691531,0.0,31.452650168350168,39.920671367521365,44.457111295648794,75.60733213545713,FeNOMeasurement,45.969257938357934
46.27168726689976,0.0,0.0,0.0,0.0,33.93024934390682,35.66062932258949,0.0,0.0,0.0,0.0,0.0,0.0,0.0,0.0,0.0,0.048358105801874274,0.032671881268377945,0.0,0.0,0.0,0.0,0.0,0.0,31.452650168350168,39.920671367521365,44.15468196710697,75.60733213545713,0.0,31.452650168350168,39.61824203897954,44.15468196710697,75.30490280691531,0.0,31.452650168350168,39.920671367521365,44.457111295648794,75.60733213545713,FeNOMeasurement,46.27168726689976
46.574116595441595,0.0,0.0,0.0,0.0,33.94033590192135,35.68170403041236,0.0,0.0,0.0,0.0,0.0,0.0,0.0,0.0,0.0,0.05678909502889695,0.047703190051919364,0.0,0.0,0.0,0.0,0.0,0.0,31.452650168350168,39.920671367521365,44.15468196710697,75.60733213545713,0.0,31.452650168350168,39.61824203897954,44.15468196710697,75.30490280691531,0.0,31.452650168350168,39.920671367521365,44.457111295648794,75.60733213545713,FeNOMeasurement,46.574116595441595
46.87654592398342,0.0,0.0,0.0,0.0,33.999891804850435,35.6720270432015,0.0,0.0,0.0,0.0,0.0,0.0,0.0,0.0,0.0,0.08058547973632812,0.1009364993556332,0.0,0.0,0.0,0.0,0.0,0.0,31.452650168350168,39.920671367521365,44.15468196710697,75.60733213545713,0.0,31.452650168350168,39.61824203897954,44.15468196710697,75.30490280691531,0.0,31.452650168350168,39.920671367521365,44.457111295648794,75.60733213545713,FeNOMeasurement,46.87654592398342
47.17897525252525,0.0,0.0,0.0,0.0,33.97300014495242,35.66324379820138,0.0,0.0,0.0,0.0,0.0,0.0,0.0,0.0,0.0,0.09058029044080484,0.022033345418350336,0.0,0.0,0.0,0.0,0.0,0.0,31.452650168350168,39.920671367521365,44.15468196710697,75.60733213545713,0.0,31.452650168350168,39.61824203897954,44.15468196710697,75.30490280691531,0.0,31.452650168350168,39.920671367521365,44.457111295648794,75.60733213545713,FeNOMeasurement,47.17897525252525
47.481404581067075,0.0,0.0,0.0,0.0,33.95486495574026,35.6278261064928,0.0,0.0,0.0,0.0,0.0,0.0,0.0,0.0,0.0,0.12473900149708328,0.07997872360409986,0.0,0.0,0.0,0.0,0.0,0.0,31.452650168350168,39.920671367521365,44.15468196710697,75.60733213545713,0.0,31.452650168350168,39.61824203897954,44.15468196710697,75.30490280691531,0.0,31.452650168350168,39.920671367521365,44.457111295648794,75.60733213545713,FeNOMeasurement,47.481404581067075
47.78383390960891,0.0,0.0,0.0,0.0,33.97748893431548,35.69652503647749,0.0,0.0,0.0,0.0,0.0,0.0,0.0,0.0,0.0,0.10395691202140256,0.04312215460258528,0.0,0.0,0.0,0.0,0.0,0.0,31.452650168350168,39.920671367521365,44.15468196710697,75.60733213545713,0.0,31.452650168350168,39.61824203897954,44.15468196710697,75.30490280691531,0.0,31.452650168350168,39.920671367521365,44.457111295648794,75.60733213545713,FeNOMeasurement,47.78383390960891
48.086263238150735,0.0,0.0,0.0,0.0,33.95180694586917,35.691639116210276,0.0,0.0,0.0,0.0,0.0,0.0,0.0,0.0,0.0,0.08058547973632812,0.020813125544798083,0.0,0.0,0.0,0.0,0.0,0.0,31.452650168350168,39.920671367521365,44.15468196710697,75.60733213545713,0.0,31.452650168350168,39.61824203897954,44.15468196710697,75.30490280691531,0.0,31.452650168350168,39.920671367521365,44.457111295648794,75.60733213545713,FeNOMeasurement,48.086263238150735
48.38869256669256,0.0,0.0,0.0,0.0,33.96296767238206,35.69053742625458,0.0,0.0,0.0,0.0,0.0,0.0,0.0,0.0,0.0,0.12504593255090413,0.0018995111730788494,0.0,0.0,0.0,0.0,0.0,0.0,31.452650168350168,39.920671367521365,44.15468196710697,75.60733213545713,0.0,31.452650168350168,39.61824203897954,44.15468196710697,75.30490280691531,0.0,31.452650168350168,39.920671367521365,44.457111295648794,75.60733213545713,FeNOMeasurement,48.38869256669256
48.691121895234396,0.0,0.0,0.0,0.0,33.99413656641724,35.660071215482965,0.0,0.0,0.0,0.0,0.0,0.0,0.0,0.0,0.0,0.08117606290590373,0.057593640765652765,0.0,0.0,0.0,0.0,0.0,0.0,31.452650168350168,39.920671367521365,44.15468196710697,75.60733213545713,0.0,31.452650168350168,39.61824203897954,44.15468196710697,75.30490280691531,0.0,31.452650168350168,39.920671367521365,44.457111295648794,75.60733213545713,FeNOMeasurement,48.691121895234396
48.99355122377622,0.0,0.0,0.0,0.0,34.0147793893607,35.68272820620777,0.0,0.0,0.0,0.0,0.0,0.0,0.0,0.0,0.0,0.10163518789840964,0.06012101225357469,0.0,0.0,0.0,0.0,0.0,0.0,31.452650168350168,39.920671367521365,44.15468196710697,75.60733213545713,0.0,31.452650168350168,39.61824203897954,44.15468196710697,75.30490280691531,0.0,31.452650168350168,39.920671367521365,44.457111295648794,75.60733213545713,FeNOMeasurement,48.99355122377622
49.29598055231805,0.0,0.0,0.0,0.0,34.01956001451613,35.68340987285491,0.0,0.0,0.0,0.0,0.0,0.0,0.0,0.0,0.0,0.05996538292411202,0.08058929443359375,0.0,0.0,0.0,0.0,0.0,0.0,31.452650168350168,39.920671367521365,44.15468196710697,75.60733213545713,0.0,31.452650168350168,39.61824203897954,44.15468196710697,75.30490280691531,0.0,31.452650168350168,39.920671367521365,44.457111295648794,75.60733213545713,FeNOMeasurement,49.29598055231805
49.598409880859876,0.0,0.0,0.0,0.0,33.96989797530126,35.654356182136056,0.0,0.0,0.0,0.0,0.0,0.0,0.0,0.0,0.0,0.041210136913861106,0.16150943043458454,0.0,0.0,0.0,0.0,0.0,0.0,31.452650168350168,39.920671367521365,44.15468196710697,75.60733213545713,0.0,31.452650168350168,39.61824203897954,44.15468196710697,75.30490280691531,0.0,31.452650168350168,39.920671367521365,44.457111295648794,75.60733213545713,FeNOMeasurement,49.598409880859876
49.90083920940171,0.0,0.0,0.0,0.0,33.97957056718671,35.708133616365224,0.0,0.0,0.0,0.0,0.0,0.0,0.0,0.0,0.0,0.01917901822334045,0.038815417482290115,0.0,0.0,0.0,0.0,0.0,0.0,31.452650168350168,39.920671367521365,44.15468196710697,75.60733213545713,0.0,31.452650168350168,39.61824203897954,44.15468196710697,75.30490280691531,0.0,31.452650168350168,39.920671367521365,44.457111295648794,75.60733213545713,FeNOMeasurement,49.90083920940171
50.203268537943536,0.0,0.0,0.0,0.0,33.96182170555142,35.677777280604666,0.0,0.0,0.0,0.0,0.0,0.0,0.0,0.0,0.0,0.02020813311574443,0.06297481893191303,0.0,0.0,0.0,0.0,0.0,0.0,31.452650168350168,39.920671367521365,44.15468196710697,75.60733213545713,0.0,31.452650168350168,39.61824203897954,44.15468196710697,75.30490280691531,0.0,31.452650168350168,39.920671367521365,44.457111295648794,75.60733213545713,FeNOMeasurement,50.203268537943536
50.50569786648536,0.0,0.0,0.0,0.0,33.97951499090076,35.66272265396939,0.0,0.0,0.0,0.0,0.0,0.0,0.0,0.0,0.0,0.0424066316599081,0.16231109380755981,0.0,0.0,0.0,0.0,0.0,0.0,31.452650168350168,39.920671367521365,44.15468196710697,75.60733213545713,0.0,31.452650168350168,39.61824203897954,44.15468196710697,75.30490280691531,0.0,31.452650168350168,39.920671367521365,44.457111295648794,75.60733213545713,FeNOMeasurement,50.50569786648536
50.80812719502719,0.0,0.0,0.0,0.0,33.9739289531153,35.62631899452914,0.0,0.0,0.0,0.0,0.0,0.0,0.0,0.0,0.0,0.04573343899916438,0.08058547973632812,0.0,0.0,0.0,0.0,0.0,0.0,31.452650168350168,39.920671367521365,44.15468196710697,75.60733213545713,0.0,31.452650168350168,39.61824203897954,44.15468196710697,75.30490280691531,0.0,31.452650168350168,39.920671367521365,44.457111295648794,75.60733213545713,FeNOMeasurement,50.80812719502719
51.110556523569024,0.0,0.0,0.0,0.0,33.995757390786466,35.66454210683718,0.0,0.0,0.0,0.0,0.0,0.0,0.0,0.0,0.0,0.08165638312152623,0.14376868971165635,0.0,0.0,0.0,0.0,0.0,0.0,31.452650168350168,39.920671367521365,44.15468196710697,75.60733213545713,0.0,31.452650168350168,39.61824203897954,44.15468196710697,75.30490280691531,0.0,31.452650168350168,39.920671367521365,44.457111295648794,75.60733213545713,FeNOMeasurement,51.110556523569024
51.41298585211085,0.0,0.0,0.0,0.0,34.00355390717475,35.65389723138327,0.0,0.0,0.0,0.0,0.0,0.0,0.0,0.0,0.0,0.0626440602786289,0.07392118395245717,0.0,0.0,0.0,0.0,0.0,0.0,31.452650168350168,39.920671367521365,44.15468196710697,75.60733213545713,0.0,31.452650168350168,39.61824203897954,44.15468196710697,75.30490280691531,0.0,31.452650168350168,39.920671367521365,44.457111295648794,75.60733213545713,FeNOMeasurement,51.41298585211085
51.71541518065268,0.0,0.0,0.0,0.0,34.015176257272174,35.67262775827753,0.0,0.0,0.0,0.0,0.0,0.0,0.0,0.0,0.0,0.08058547973632812,0.06581621477251787,0.0,0.0,0.0,0.0,0.0,0.0,31.452650168350168,39.920671367521365,44.15468196710697,75.60733213545713,0.0,31.452650168350168,39.61824203897954,44.15468196710697,75.30490280691531,0.0,31.452650168350168,39.920671367521365,44.457111295648794,75.60733213545713,FeNOMeasurement,51.71541518065268
52.017844509194504,0.0,0.0,0.0,0.0,34.01919077447743,35.66581378197181,0.0,0.0,0.0,0.0,0.0,0.0,0.0,0.0,0.0,0.08058547973632812,0.09343087365667202,0.0,0.0,0.0,0.0,0.0,0.0,31.452650168350168,39.920671367521365,44.15468196710697,75.60733213545713,0.0,31.452650168350168,39.61824203897954,44.15468196710697,75.30490280691531,0.0,31.452650168350168,39.920671367521365,44.457111295648794,75.60733213545713,FeNOMeasurement,52.017844509194504
52.32027383773634,0.0,0.0,0.0,0.0,33.98085957317606,35.650989470493506,0.0,0.0,0.0,0.0,0.0,0.0,0.0,0.0,0.0,0.1438420929028581,0.06348538249617519,0.0,0.0,0.0,0.0,0.0,0.0,31.452650168350168,39.920671367521365,44.15468196710697,75.60733213545713,0.0,31.452650168350168,39.61824203897954,44.15468196710697,75.30490280691531,0.0,31.452650168350168,39.920671367521365,44.457111295648794,75.60733213545713,FeNOMeasurement,52.32027383773634
52.622703166278164,0.0,0.0,0.0,0.0,33.95718865003495,35.647211766889384,0.0,0.0,0.0,0.0,0.0,0.0,0.0,0.0,0.0,0.03227928231721222,0.11387480021581808,0.0,0.0,0.0,0.0,0.0,0.0,31.452650168350168,39.920671367521365,44.15468196710697,75.60733213545713,0.0,31.452650168350168,39.61824203897954,44.15468196710697,75.30490280691531,0.0,31.452650168350168,39.920671367521365,44.457111295648794,75.60733213545713,FeNOMeasurement,52.622703166278164
52.92513249481999,0.0,0.0,0.0,0.0,33.99326487928998,35.658976677250465,0.0,0.0,0.0,0.0,0.0,0.0,0.0,0.0,0.0,0.06375422370723527,0.09749669026313512,0.0,0.0,0.0,0.0,0.0,0.0,31.452650168350168,39.920671367521365,44.15468196710697,75.60733213545713,0.0,31.452650168350168,39.61824203897954,44.15468196710697,75.30490280691531,0.0,31.452650168350168,39.920671367521365,44.457111295648794,75.60733213545713,FeNOMeasurement,52.92513249481999
53.22756182336182,0.0,0.0,0.0,0.0,34.002826311913495,35.703156644073076,0.0,0.0,0.0,0.0,0.0,0.0,0.0,0.0,0.0,0.13074890235003522,0.01673301631399937,0.0,0.0,0.0,0.0,0.0,0.0,31.452650168350168,39.920671367521365,44.15468196710697,75.60733213545713,0.0,31.452650168350168,39.61824203897954,44.15468196710697,75.30490280691531,0.0,31.452650168350168,39.920671367521365,44.457111295648794,75.60733213545713,FeNOMeasurement,53.22756182336182
53.52999115190365,0.0,0.0,0.0,0.0,33.990052956039854,35.64550050347158,0.0,0.0,0.0,0.0,0.0,0.0,0.0,0.0,0.0,0.11553362970220604,0.2250025039013721,0.0,0.0,0.0,0.0,0.0,0.0,31.452650168350168,39.920671367521365,44.15468196710697,75.60733213545713,0.0,31.452650168350168,39.61824203897954,44.15468196710697,75.30490280691531,0.0,31.452650168350168,39.920671367521365,44.457111295648794,75.60733213545713,FeNOMeasurement,53.52999115190365
53.83242048044548,0.0,0.0,0.0,0.0,33.980812005674665,35.66337355013246,0.0,0.0,0.0,0.0,0.0,0.0,0.0,0.0,0.0,0.09550499974304927,0.0414275115734597,0.0,0.0,0.0,0.0,0.0,0.0,31.452650168350168,39.920671367521365,44.15468196710697,75.60733213545713,0.0,31.452650168350168,39.61824203897954,44.15468196710697,75.30490280691531,0.0,31.452650168350168,39.920671367521365,44.457111295648794,75.60733213545713,FeNOMeasurement,53.83242048044548
54.134849808987305,0.0,0.0,0.0,0.0,33.972144312481106,35.69110277197535,0.0,0.0,0.0,0.0,0.0,0.0,0.0,0.0,0.0,0.020452234350550214,0.06540438075565902,0.0,0.0,0.0,0.0,0.0,0.0,31.452650168350168,39.920671367521365,44.15468196710697,75.60733213545713,0.0,31.452650168350168,39.61824203897954,44.15468196710697,75.30490280691531,0.0,31.452650168350168,39.920671367521365,44.457111295648794,75.60733213545713,FeNOMeasurement,54.134849808987305
54.43727913752913,0.0,0.0,0.0,0.0,34.024872716827915,35.655941645002095,0.0,0.0,0.0,0.0,0.0,0.0,0.0,0.0,0.0,0.06611476349434753,0.16117477416992188,0.0,0.0,0.0,0.0,0.0,0.0,31.452650168350168,39.920671367521365,44.15468196710697,75.60733213545713,0.0,31.452650168350168,39.61824203897954,44.15468196710697,75.30490280691531,0.0,31.452650168350168,39.920671367521365,44.457111295648794,75.60733213545713,FeNOMeasurement,54.43727913752913
54.739708466070965,0.0,0.0,0.0,0.0,33.99464577493082,35.68713725375388,0.0,0.0,0.0,0.0,0.0,0.0,0.0,0.0,0.0,0.13468974674858458,0.09432136376277356,0.0,0.0,0.0,0.0,0.0,0.0,31.452650168350168,39.920671367521365,44.15468196710697,75.60733213545713,0.0,31.452650168350168,39.61824203897954,44.15468196710697,75.30490280691531,0.0,31.452650168350168,39.920671367521365,44.457111295648794,75.60733213545713,FeNOMeasurement,54.739708466070965
55.04213779461279,0.0,0.0,0.0,0.0,33.99385232089266,35.681544745648935,0.0,0.0,0.0,0.0,0.0,0.0,0.0,0.0,0.0,0.1272851943260349,0.10986808344366494,0.0,0.0,0.0,0.0,0.0,0.0,31.452650168350168,39.920671367521365,44.15468196710697,75.60733213545713,0.0,31.452650168350168,39.61824203897954,44.15468196710697,75.30490280691531,0.0,31.452650168350168,39.920671367521365,44.457111295648794,75.60733213545713,FeNOMeasurement,55.04213779461279
55.34456712315462,0.0,0.0,0.0,0.0,34.00169113701176,35.67945136194978,0.0,0.0,0.0,0.0,0.0,0.0,0.0,0.0,0.0,0.08680112036111609,0.1473127572642241,0.0,0.0,0.0,0.0,0.0,0.0,31.452650168350168,39.920671367521365,44.15468196710697,75.60733213545713,0.0,31.452650168350168,39.61824203897954,44.15468196710697,75.30490280691531,0.0,31.452650168350168,39.920671367521365,44.457111295648794,75.60733213545713,FeNOMeasurement,55.34456712315462
55.646996451696445,0.0,0.0,0.0,0.0,33.96185688491225,35.6926637920147,0.0,0.0,0.0,0.0,0.0,0.0,0.0,0.0,0.0,0.1488954031494245,0.0683131570189417,0.0,0.0,0.0,0.0,0.0,0.0,31.452650168350168,39.920671367521365,44.15468196710697,75.60733213545713,0.0,31.452650168350168,39.61824203897954,44.15468196710697,75.30490280691531,0.0,31.452650168350168,39.920671367521365,44.457111295648794,75.60733213545713,FeNOMeasurement,55.646996451696445
55.94942578023828,0.0,0.0,0.0,0.0,33.940760053562926,35.64012642977379,0.0,0.0,0.0,0.0,0.0,0.0,0.0,0.0,0.0,0.06834368120580336,0.07033663031435111,0.0,0.0,0.0,0.0,0.0,0.0,31.452650168350168,39.920671367521365,44.15468196710697,75.60733213545713,0.0,31.452650168350168,39.61824203897954,44.15468196710697,75.30490280691531,0.0,31.452650168350168,39.920671367521365,44.457111295648794,75.60733213545713,FeNOMeasurement,55.94942578023828
56.251855108780106,0.0,0.0,0.0,0.0,34.0065862096988,35.65811146099405,0.0,0.0,0.0,0.0,0.0,0.0,0.0,0.0,0.0,0.0917955803923931,0.012621905900573438,0.0,0.0,0.0,0.0,0.0,0.0,31.452650168350168,39.920671367521365,44.15468196710697,75.60733213545713,0.0,31.452650168350168,39.61824203897954,44.15468196710697,75.30490280691531,0.0,31.452650168350168,39.920671367521365,44.457111295648794,75.60733213545713,FeNOMeasurement,56.251855108780106
56.55428443732193,0.0,0.0,0.0,0.0,33.991926805370476,35.663077591278,0.0,0.0,0.0,0.0,0.0,0.0,0.0,0.0,0.0,0.04678327882682254,0.1252224811767917,0.0,0.0,0.0,0.0,0.0,0.0,31.452650168350168,39.920671367521365,44.15468196710697,75.60733213545713,0.0,31.452650168350168,39.61824203897954,44.15468196710697,75.30490280691531,0.0,31.452650168350168,39.920671367521365,44.457111295648794,75.60733213545713,FeNOMeasurement,56.55428443732193
56.85671376586376,0.0,0.0,0.0,0.0,34.01435039887404,35.67666352194085,0.0,0.0,0.0,0.0,0.0,0.0,0.0,0.0,0.0,0.05586285977261696,0.07883692237675888,0.0,0.0,0.0,0.0,0.0,0.0,31.452650168350168,39.920671367521365,44.15468196710697,75.60733213545713,0.0,31.452650168350168,39.61824203897954,44.15468196710697,75.30490280691531,0.0,31.452650168350168,39.920671367521365,44.457111295648794,75.60733213545713,FeNOMeasurement,56.85671376586376
57.15914309440559,0.0,0.0,0.0,0.0,33.96358512452258,35.65123976843748,0.0,0.0,0.0,0.0,0.0,0.0,0.0,0.0,0.0,0.1389245180005787,0.11567039174138927,0.0,0.0,0.0,0.0,0.0,0.0,31.452650168350168,39.920671367521365,44.15468196710697,75.60733213545713,0.0,31.452650168350168,39.61824203897954,44.15468196710697,75.30490280691531,0.0,31.452650168350168,39.920671367521365,44.457111295648794,75.60733213545713,FeNOMeasurement,57.15914309440559
57.46157242294742,0.0,0.0,0.0,0.0,33.98268734826668,35.64676856976284,0.0,0.0,0.0,0.0,0.0,0.0,0.0,0.0,0.0,0.1006261392190595,0.0215778358192793,0.0,0.0,0.0,0.0,0.0,0.0,31.452650168350168,39.920671367521365,44.15468196710697,75.60733213545713,0.0,31.452650168350168,39.61824203897954,44.15468196710697,75.30490280691531,0.0,31.452650168350168,39.920671367521365,44.457111295648794,75.60733213545713,FeNOMeasurement,57.46157242294742
57.764001751489246,0.0,0.0,0.0,0.0,34.01462656340463,35.703295992005394,0.0,0.0,0.0,0.0,0.0,0.0,0.0,0.0,0.0,0.12974735263039605,0.0012378765291956029,0.0,0.0,0.0,0.0,0.0,0.0,31.452650168350168,39.920671367521365,44.15468196710697,75.60733213545713,0.0,31.452650168350168,39.61824203897954,44.15468196710697,75.30490280691531,0.0,31.452650168350168,39.920671367521365,44.457111295648794,75.60733213545713,FeNOMeasurement,57.764001751489246
58.06643108003108,0.0,0.0,0.0,0.0,34.01924900911423,35.7252915636577,0.0,0.0,0.0,0.0,0.0,0.0,0.0,0.0,0.0,0.090376388236308,0.07029710222379038,0.0,0.0,0.0,0.0,0.0,0.0,31.452650168350168,39.920671367521365,44.15468196710697,75.60733213545713,0.0,31.452650168350168,39.61824203897954,44.15468196710697,75.30490280691531,0.0,31.452650168350168,39.920671367521365,44.457111295648794,75.60733213545713,FeNOMeasurement,58.06643108003108
58.36886040857291,0.0,0.0,0.0,0.0,34.0188120034325,35.68452932343307,0.0,0.0,0.0,0.0,0.0,0.0,0.0,0.0,0.0,0.08058547973632812,0.07111814098946212,0.0,0.0,0.0,0.0,0.0,0.0,31.452650168350168,39.920671367521365,44.15468196710697,75.60733213545713,0.0,31.452650168350168,39.61824203897954,44.15468196710697,75.30490280691531,0.0,31.452650168350168,39.920671367521365,44.457111295648794,75.60733213545713,FeNOMeasurement,58.36886040857291
58.67128973711473,0.0,0.0,0.0,0.0,33.99104017592721,35.65076739687453,0.0,0.0,0.0,0.0,0.0,0.0,0.0,0.0,0.0,0.14371759127730144,0.07981190940597571,0.0,0.0,0.0,0.0,0.0,0.0,31.452650168350168,39.920671367521365,44.15468196710697,75.60733213545713,0.0,31.452650168350168,39.61824203897954,44.15468196710697,75.30490280691531,0.0,31.452650168350168,39.920671367521365,44.457111295648794,75.60733213545713,FeNOMeasurement,58.67128973711473
58.97371906565656,0.0,0.0,0.0,0.0,33.98590675015173,35.63181097294294,0.0,0.0,0.0,0.0,0.0,0.0,0.0,0.0,0.0,0.09950533309957876,0.06549219097434644,0.0,0.0,0.0,0.0,0.0,0.0,31.452650168350168,39.920671367521365,44.15468196710697,75.60733213545713,0.0,31.452650168350168,39.61824203897954,44.15468196710697,75.30490280691531,0.0,31.452650168350168,39.920671367521365,44.457111295648794,75.60733213545713,FeNOMeasurement,58.97371906565656
59.276148394198394,0.0,0.0,0.0,0.0,33.95715741178649,35.61623001948008,0.0,0.0,0.0,0.0,0.0,0.0,0.0,0.0,0.0,0.1451335863098464,0.07305381861233684,0.0,0.0,0.0,0.0,0.0,0.0,31.452650168350168,39.920671367521365,44.15468196710697,75.60733213545713,0.0,31.452650168350168,39.61824203897954,44.15468196710697,75.30490280691531,0.0,31.452650168350168,39.920671367521365,44.457111295648794,75.60733213545713,FeNOMeasurement,59.276148394198394
59.57857772274022,0.0,0.0,0.0,0.0,33.98452492633138,35.65854594223698,0.0,0.0,0.0,0.0,0.0,0.0,0.0,0.0,0.0,0.024912865701423925,0.1525228256656348,0.0,0.0,0.0,0.0,0.0,0.0,31.452650168350168,39.920671367521365,44.15468196710697,75.60733213545713,0.0,31.452650168350168,39.61824203897954,44.15468196710697,75.30490280691531,0.0,31.452650168350168,39.920671367521365,44.457111295648794,75.60733213545713,FeNOMeasurement,59.57857772274022
59.88100705128205,0.0,0.0,0.0,0.0,33.95788284497811,35.60521680718517,0.0,0.0,0.0,0.0,0.0,0.0,0.0,0.0,0.0,0.14303971764260837,0.0628310604599136,0.0,0.0,0.0,0.0,0.0,0.0,31.452650168350168,39.920671367521365,44.15468196710697,75.60733213545713,0.0,31.452650168350168,39.61824203897954,44.15468196710697,75.30490280691531,0.0,31.452650168350168,39.920671367521365,44.457111295648794,75.60733213545713,FeNOMeasurement,59.88100705128205
60.183436379823874,0.0,0.0,0.0,0.0,34.02818651642034,35.70155533107395,0.0,0.0,0.0,0.0,0.0,0.0,0.0,0.0,0.0,0.01544840963019567,0.06850727986102356,0.0,0.0,0.0,0.0,0.0,0.0,31.452650168350168,39.920671367521365,44.15468196710697,75.60733213545713,0.0,31.452650168350168,39.61824203897954,44.15468196710697,75.30490280691531,0.0,31.452650168350168,39.920671367521365,44.457111295648794,75.60733213545713,FeNOMeasurement,60.183436379823874
60.48586570836571,0.0,0.0,0.0,0.0,34.021039723014894,35.65243099182306,0.0,0.0,0.0,0.0,0.0,0.0,0.0,0.0,0.0,0.011851843920091198,0.14134354186352027,0.0,0.0,0.0,0.0,0.0,0.0,31.452650168350168,39.920671367521365,44.15468196710697,75.60733213545713,0.0,31.452650168350168,39.61824203897954,44.15468196710697,75.30490280691531,0.0,31.452650168350168,39.920671367521365,44.457111295648794,75.60733213545713,FeNOMeasurement,60.48586570836571
60.788295036907535,0.0,0.0,0.0,0.0,33.94458146797554,35.64681181994099,0.0,0.0,0.0,0.0,0.0,0.0,0.0,0.0,0.0,0.0752923667230121,0.13677832551015712,0.0,0.0,0.0,0.0,0.0,0.0,31.452650168350168,39.920671367521365,44.15468196710697,75.60733213545713,0.0,31.452650168350168,39.61824203897954,44.15468196710697,75.30490280691531,0.0,31.452650168350168,39.920671367521365,44.457111295648794,75.60733213545713,FeNOMeasurement,60.788295036907535
61.09072436544936,0.0,0.0,0.0,0.0,33.968612492255076,35.63144992430459,0.0,0.0,0.0,0.0,0.0,0.0,0.0,0.0,0.0,0.005428311419343856,0.07866370755228047,0.0,0.0,0.0,0.0,0.0,0.0,31.452650168350168,39.920671367521365,44.15468196710697,75.60733213545713,0.0,31.452650168350168,39.61824203897954,44.15468196710697,75.30490280691531,0.0,31.452650168350168,39.920671367521365,44.457111295648794,75.60733213545713,FeNOMeasurement,61.09072436544936
61.39315369399119,0.0,0.0,0.0,0.0,33.96947317477124,35.661013141930496,0.0,0.0,0.0,0.0,0.0,0.0,0.0,0.0,0.0,0.0606294848254052,0.15612889209706537,0.0,0.0,0.0,0.0,0.0,0.0,31.452650168350168,39.920671367521365,44.15468196710697,75.60733213545713,0.0,31.452650168350168,39.61824203897954,44.15468196710697,75.30490280691531,0.0,31.452650168350168,39.920671367521365,44.457111295648794,75.60733213545713,FeNOMeasurement,61.39315369399119
61.69558302253302,0.0,0.0,0.0,0.0,33.95594097874791,35.66284819747308,0.0,0.0,0.0,0.0,0.0,0.0,0.0,0.0,0.0,0.08247411446567554,0.009043891145672944,0.0,0.0,0.0,0.0,0.0,0.0,31.452650168350168,39.920671367521365,44.15468196710697,75.60733213545713,0.0,31.452650168350168,39.61824203897954,44.15468196710697,75.30490280691531,0.0,31.452650168350168,39.920671367521365,44.457111295648794,75.60733213545713,FeNOMeasurement,61.69558302253302
61.99801235107485,0.0,0.0,0.0,0.0,33.924508213615546,35.63289039197038,0.0,0.0,0.0,0.0,0.0,0.0,0.0,0.0,0.0,0.08058547973632812,0.0750583563468794,0.0,0.0,0.0,0.0,0.0,0.0,31.452650168350168,39.920671367521365,44.15468196710697,75.60733213545713,0.0,31.452650168350168,39.61824203897954,44.15468196710697,75.30490280691531,0.0,31.452650168350168,39.920671367521365,44.457111295648794,75.60733213545713,FeNOMeasurement,61.99801235107485
62.300441679616675,0.0,0.0,0.0,0.0,33.98384886053857,35.63093789848631,0.0,0.0,0.0,0.0,0.0,0.0,0.0,0.0,0.0,0.0041932264614814585,0.1491582099520059,0.0,0.0,0.0,0.0,0.0,0.0,31.452650168350168,39.920671367521365,44.15468196710697,75.60733213545713,0.0,31.452650168350168,39.61824203897954,44.15468196710697,75.30490280691531,0.0,31.452650168350168,39.920671367521365,44.457111295648794,75.60733213545713,FeNOMeasurement,62.300441679616675
62.6028710081585,0.0,0.0,0.0,0.0,34.01727569048218,35.72236287381851,0.0,0.0,0.0,0.0,0.0,0.0,0.0,0.0,0.0,0.07654846958575234,0.07760963463205428,0.0,0.0,0.0,0.0,0.0,0.0,31.452650168350168,39.920671367521365,44.15468196710697,75.60733213545713,0.0,31.452650168350168,39.61824203897954,44.15468196710697,75.30490280691531,0.0,31.452650168350168,39.920671367521365,44.457111295648794,75.60733213545713,FeNOMeasurement,62.6028710081585
62.905300336700336,0.0,0.0,0.0,0.0,33.97363256527141,35.713825755045455,0.0,0.0,0.0,0.0,0.0,0.0,0.0,0.0,0.0,0.14936926104132198,0.1489873849174046,0.0,0.0,0.0,0.0,0.0,0.0,31.452650168350168,39.920671367521365,44.15468196710697,75.60733213545713,0.0,31.452650168350168,39.61824203897954,44.15468196710697,75.30490280691531,0.0,31.452650168350168,39.920671367521365,44.457111295648794,75.60733213545713,FeNOMeasurement,62.905300336700336
63.20772966524216,0.0,0.0,0.0,0.0,33.97108310296928,35.694775800441946,0.0,0.0,0.0,0.0,0.0,0.0,0.0,0.0,0.0,0.005607901380770386,0.15858753996722896,0.0,0.0,0.0,0.0,0.0,0.0,31.452650168350168,39.920671367521365,44.15468196710697,75.60733213545713,0.0,31.452650168350168,39.61824203897954,44.15468196710697,75.30490280691531,0.0,31.452650168350168,39.920671367521365,44.457111295648794,75.60733213545713,FeNOMeasurement,63.20772966524216
63.51015899378399,0.0,0.0,0.0,0.0,33.98586129754673,35.6175109228678,0.0,0.0,0.0,0.0,0.0,0.0,0.0,0.0,0.0,0.08113239099311897,0.2374875638376892,0.0,0.0,0.0,0.0,0.0,0.0,31.452650168350168,39.920671367521365,44.15468196710697,75.60733213545713,0.0,31.452650168350168,39.61824203897954,44.15468196710697,75.30490280691531,0.0,31.452650168350168,39.920671367521365,44.457111295648794,75.60733213545713,FeNOMeasurement,63.51015899378399
63.812588322325816,0.0,0.0,0.0,0.0,33.924786838780946,35.58352880116055,0.0,0.0,0.0,0.0,0.0,0.0,0.0,0.0,0.0,0.08758613743408006,0.16368248418523734,0.0,0.0,0.0,0.0,0.0,0.0,31.452650168350168,39.920671367521365,44.15468196710697,75.60733213545713,0.0,31.452650168350168,39.61824203897954,44.15468196710697,75.30490280691531,0.0,31.452650168350168,39.920671367521365,44.457111295648794,75.60733213545713,FeNOMeasurement,63.812588322325816
64.11501765086764,0.0,0.0,0.0,0.0,33.99952973617351,35.65781034240654,0.0,0.0,0.0,0.0,0.0,0.0,0.0,0.0,0.0,0.07210275911947406,0.07045680964671419,0.0,0.0,0.0,0.0,0.0,0.0,31.452650168350168,39.920671367521365,44.15468196710697,75.60733213545713,0.0,31.452650168350168,39.61824203897954,44.15468196710697,75.30490280691531,0.0,31.452650168350168,39.920671367521365,44.457111295648794,75.60733213545713,FeNOMeasurement,64.11501765086764
64.41744697940948,0.0,0.0,0.0,0.0,34.00329096800838,35.66358118519703,0.0,0.0,0.0,0.0,0.0,0.0,0.0,0.0,0.0,0.08058547973632812,0.15400659046401444,0.0,0.0,0.0,0.0,0.0,0.0,31.452650168350168,39.920671367521365,44.15468196710697,75.60733213545713,0.0,31.452650168350168,39.61824203897954,44.15468196710697,75.30490280691531,0.0,31.452650168350168,39.920671367521365,44.457111295648794,75.60733213545713,FeNOMeasurement,64.41744697940948
64.71987630795131,0.0,0.0,0.0,0.0,33.971984497965,35.661365219891096,0.0,0.0,0.0,0.0,0.0,0.0,0.0,0.0,0.0,0.002426525084850084,0.003812144974439491,0.0,0.0,0.0,0.0,0.0,0.0,31.452650168350168,39.920671367521365,44.15468196710697,75.60733213545713,0.0,31.452650168350168,39.61824203897954,44.15468196710697,75.30490280691531,0.0,31.452650168350168,39.920671367521365,44.457111295648794,75.60733213545713,FeNOMeasurement,64.71987630795131
65.02230563649313,0.0,0.0,0.0,0.0,34.049658460238014,35.646963685540776,0.0,0.0,0.0,0.0,0.0,0.0,0.0,0.0,0.0,0.0036905883456981314,0.15579513388581034,0.0,0.0,0.0,0.0,0.0,0.0,31.452650168350168,39.920671367521365,44.15468196710697,75.60733213545713,0.0,31.452650168350168,39.61824203897954,44.15468196710697,75.30490280691531,0.0,31.452650168350168,39.920671367521365,44.457111295648794,75.60733213545713,FeNOMeasurement,65.02230563649313
65.32473496503496,0.0,0.0,0.0,0.0,34.03521433067978,35.63125139011201,0.0,0.0,0.0,0.0,0.0,0.0,0.0,0.0,0.0,0.0020501161563473147,0.0785592420064134,0.0,0.0,0.0,0.0,0.0,0.0,31.452650168350168,39.920671367521365,44.15468196710697,75.60733213545713,0.0,31.452650168350168,39.61824203897954,44.15468196710697,75.30490280691531,0.0,31.452650168350168,39.920671367521365,44.457111295648794,75.60733213545713,FeNOMeasurement,65.32473496503496
65.62716429357678,0.0,0.0,0.0,0.0,33.98756834476791,35.72715625516008,0.0,0.0,0.0,0.0,0.0,0.0,0.0,0.0,0.0,0.07978244881621777,0.0004898618723032655,0.0,0.0,0.0,0.0,0.0,0.0,31.452650168350168,39.920671367521365,44.15468196710697,75.60733213545713,0.0,31.452650168350168,39.61824203897954,44.15468196710697,75.30490280691531,0.0,31.452650168350168,39.920671367521365,44.457111295648794,75.60733213545713,FeNOMeasurement,65.62716429357678
65.92959362211862,0.0,0.0,0.0,0.0,33.954769445476295,35.66315842159555,0.0,0.0,0.0,0.0,0.0,0.0,0.0,0.0,0.0,0.07519253469524045,0.15924819030814774,0.0,0.0,0.0,0.0,0.0,0.0,31.452650168350168,39.920671367521365,44.15468196710697,75.60733213545713,0.0,31.452650168350168,39.61824203897954,44.15468196710697,75.30490280691531,0.0,31.452650168350168,39.920671367521365,44.457111295648794,75.60733213545713,FeNOMeasurement,65.92959362211862
66.23202295066045,0.0,0.0,0.0,0.0,33.90623444811898,35.63088118768826,0.0,0.0,0.0,0.0,0.0,0.0,0.0,0.0,0.0,0.07870444924476772,0.08003772610946669,0.0,0.0,0.0,0.0,0.0,0.0,31.452650168350168,39.920671367521365,44.15468196710697,75.60733213545713,0.0,31.452650168350168,39.61824203897954,44.15468196710697,75.30490280691531,0.0,31.452650168350168,39.920671367521365,44.457111295648794,75.60733213545713,FeNOMeasurement,66.23202295066045
66.53445227920227,0.0,0.0,0.0,0.0,33.970913186961454,35.663061220278394,0.0,0.0,0.0,0.0,0.0,0.0,0.0,0.0,0.0,0.08218571118502638,0.003449245586054417,0.0,0.0,0.0,0.0,0.0,0.0,31.452650168350168,39.920671367521365,44.15468196710697,75.60733213545713,0.0,31.452650168350168,39.61824203897954,44.15468196710697,75.30490280691531,0.0,31.452650168350168,39.920671367521365,44.457111295648794,75.60733213545713,FeNOMeasurement,66.53445227920227
66.8368816077441,0.0,0.0,0.0,0.0,33.971011662512744,35.66258657596408,0.0,0.0,0.0,0.0,0.0,0.0,0.0,0.0,0.0,0.0012940352037631442,0.16040834930215908,0.0,0.0,0.0,0.0,0.0,0.0,31.452650168350168,39.920671367521365,44.15468196710697,75.60733213545713,0.0,31.452650168350168,39.61824203897954,44.15468196710697,75.30490280691531,0.0,31.452650168350168,39.920671367521365,44.457111295648794,75.60733213545713,FeNOMeasurement,66.8368816077441
67.13931093628594,0.0,0.0,0.0,0.0,33.98569814833713,35.64601405948393,0.0,0.0,0.0,0.0,0.0,0.0,0.0,0.0,0.0,0.0006228358168627324,0.07836779500897961,0.0,0.0,0.0,0.0,0.0,0.0,31.452650168350168,39.920671367521365,44.15468196710697,75.60733213545713,0.0,31.452650168350168,39.61824203897954,44.15468196710697,75.30490280691531,0.0,31.452650168350168,39.920671367521365,44.457111295648794,75.60733213545713,FeNOMeasurement,67.13931093628594
67.44174026482776,0.0,0.0,0.0,0.0,33.93949501864076,35.63094705191785,0.0,0.0,0.0,0.0,0.0,0.0,0.0,0.0,0.0,0.07877673434159504,0.0023477947805545796,0.0,0.0,0.0,0.0,0.0,0.0,31.452650168350168,39.920671367521365,44.15468196710697,75.60733213545713,0.0,31.452650168350168,39.61824203897954,44.15468196710697,75.30490280691531,0.0,31.452650168350168,39.920671367521365,44.457111295648794,75.60733213545713,FeNOMeasurement,67.44174026482776
67.74416959336959,0.0,0.0,0.0,0.0,33.98838010429249,35.61852428803222,0.0,0.0,0.0,0.0,0.0,0.0,0.0,0.0,0.0,0.07781741221652538,0.07595428070437293,0.0,0.0,0.0,0.0,0.0,0.0,31.452650168350168,39.920671367521365,44.15468196710697,75.60733213545713,0.0,31.452650168350168,39.61824203897954,44.15468196710697,75.30490280691531,0.0,31.452650168350168,39.920671367521365,44.457111295648794,75.60733213545713,FeNOMeasurement,67.74416959336959
68.04659892191142,0.0,0.0,0.0,0.0,34.00014089111767,35.72509862975486,0.0,0.0,0.0,0.0,0.0,0.0,0.0,0.0,0.0,0.0800406319995588,0.009539262454957509,0.0,0.0,0.0,0.0,0.0,0.0,31.452650168350168,39.920671367521365,44.15468196710697,75.60733213545713,0.0,31.452650168350168,39.61824203897954,44.15468196710697,75.30490280691531,0.0,31.452650168350168,39.920671367521365,44.457111295648794,75.60733213545713,FeNOMeasurement,68.04659892191142
68.34902825045324,0.0,0.0,0.0,0.0,33.94083548137396,35.6599661303805,0.0,0.0,0.0,0.0,0.0,0.0,0.0,0.0,0.0,0.07466070071347986,0.1590109245392739,0.0,0.0,0.0,0.0,0.0,0.0,31.452650168350168,39.920671367521365,44.15468196710697,75.60733213545713,0.0,31.452650168350168,39.61824203897954,44.15468196710697,75.30490280691531,0.0,31.452650168350168,39.920671367521365,44.457111295648794,75.60733213545713,FeNOMeasurement,68.34902825045324
68.65145757899508,0.0,0.0,0.0,0.0,34.017558371738936,35.600711297409234,0.0,0.0,0.0,0.0,0.0,0.0,0.0,0.0,0.0,0.08058547973632812,0.08058547973632812,0.0,0.0,0.0,0.0,0.0,0.0,31.452650168350168,39.920671367521365,44.15468196710697,75.60733213545713,0.0,31.452650168350168,39.61824203897954,44.15468196710697,75.30490280691531,0.0,31.452650168350168,39.920671367521365,44.457111295648794,75.60733213545713,FeNOMeasurement,68.65145757899508
68.9538869075369,0.0,0.0,0.0,0.0,33.98786789384175,35.645617520143674,0.0,0.0,0.0,0.0,0.0,0.0,0.0,0.0,0.0,0.07203630709060604,0.07898277950651789,0.0,0.0,0.0,0.0,0.0,0.0,31.452650168350168,39.920671367521365,44.15468196710697,75.60733213545713,0.0,31.452650168350168,39.61824203897954,44.15468196710697,75.30490280691531,0.0,31.452650168350168,39.920671367521365,44.457111295648794,75.60733213545713,FeNOMeasurement,68.9538869075369
69.25631623607873,0.0,0.0,0.0,0.0,34.00293353848438,35.6185218986911,0.0,0.0,0.0,0.0,0.0,0.0,0.0,0.0,0.0,0.07265210105001074,0.005989342490103411,0.0,0.0,0.0,0.0,0.0,0.0,31.452650168350168,39.920671367521365,44.15468196710697,75.60733213545713,0.0,31.452650168350168,39.61824203897954,44.15468196710697,75.30490280691531,0.0,31.452650168350168,39.920671367521365,44.457111295648794,75.60733213545713,FeNOMeasurement,69.25631623607873
69.55874556462057,0.0,0.0,0.0,0.0,34.0024208442513,35.674239842145916,0.0,0.0,0.0,0.0,0.0,0.0,0.0,0.0,0.0,0.07922715241150513,0.07249446285999284,0.0,0.0,0.0,0.0,0.0,0.0,31.452650168350168,39.920671367521365,44.15468196710697,75.60733213545713,0.0,31.452650168350168,39.61824203897954,44.15468196710697,75.30490280691531,0.0,31.452650168350168,39.920671367521365,44.457111295648794,75.60733213545713,FeNOMeasurement,69.55874556462057
69.86117489316239,0.0,0.0,0.0,0.0,33.98694079321941,35.60454686504643,0.0,0.0,0.0,0.0,0.0,0.0,0.0,0.0,0.0,0.08029974942220974,0.07516613492259694,0.0,0.0,0.0,0.0,0.0,0.0,31.452650168350168,39.920671367521365,44.15468196710697,75.60733213545713,0.0,31.452650168350168,39.61824203897954,44.15468196710697,75.30490280691531,0.0,31.452650168350168,39.920671367521365,44.457111295648794,75.60733213545713,FeNOMeasurement,69.86117489316239
70.16360422170422,0.0,0.0,0.0,0.0,34.00309499612872,35.70831845694378,0.0,0.0,0.0,0.0,0.0,0.0,0.0,0.0,0.0,0.07588798089057036,0.07611396830730399,0.0,0.0,0.0,0.0,0.0,0.0,31.452650168350168,39.920671367521365,44.15468196710697,75.60733213545713,0.0,31.452650168350168,39.61824203897954,44.15468196710697,75.30490280691531,0.0,31.452650168350168,39.920671367521365,44.457111295648794,75.60733213545713,FeNOMeasurement,70.16360422170422
70.46603355024605,0.0,0.0,0.0,0.0,33.99874827907489,35.66204735595666,0.0,0.0,0.0,0.0,0.0,0.0,0.0,0.0,0.0,0.07461890388807291,0.004796179201079553,0.0,0.0,0.0,0.0,0.0,0.0,31.452650168350168,39.920671367521365,44.15468196710697,75.60733213545713,0.0,31.452650168350168,39.61824203897954,44.15468196710697,75.30490280691531,0.0,31.452650168350168,39.920671367521365,44.457111295648794,75.60733213545713,FeNOMeasurement,70.46603355024605
70.76846287878787,0.0,0.0,0.0,0.0,33.94196860099635,35.650828313924876,0.0,0.0,0.0,0.0,0.0,0.0,0.0,0.0,0.0,0.08495875568572586,0.07291974519031186,0.0,0.0,0.0,0.0,0.0,0.0,31.452650168350168,39.920671367521365,44.15468196710697,75.60733213545713,0.0,31.452650168350168,39.61824203897954,44.15468196710697,75.30490280691531,0.0,31.452650168350168,39.920671367521365,44.457111295648794,75.60733213545713,FeNOMeasurement,70.76846287878787
71.0708922073297,0.0,0.0,0.0,0.0,33.98579824112828,35.6913507669855,0.0,0.0,0.0,0.0,0.0,0.0,0.0,0.0,0.0,0.1640956616718796,0.0872535817072162,0.0,0.0,0.0,0.0,0.0,0.0,31.452650168350168,39.920671367521365,44.15468196710697,75.60733213545713,0.0,31.452650168350168,39.61824203897954,44.15468196710697,75.30490280691531,0.0,31.452650168350168,39.920671367521365,44.457111295648794,75.60733213545713,FeNOMeasurement,71.0708922073297
71.37332153587153,0.0,0.0,0.0,0.0,33.969078562796845,35.64547787205326,0.0,0.0,0.0,0.0,0.0,0.0,0.0,0.0,0.0,0.05458746037706419,0.15308341264002223,0.0,0.0,0.0,0.0,0.0,0.0,31.452650168350168,39.920671367521365,44.15468196710697,75.60733213545713,0.0,31.452650168350168,39.61824203897954,44.15468196710697,75.30490280691531,0.0,31.452650168350168,39.920671367521365,44.457111295648794,75.60733213545713,FeNOMeasurement,71.37332153587153
71.67575086441336,0.0,0.0,0.0,0.0,33.95495998457579,35.63341849453539,0.0,0.0,0.0,0.0,0.0,0.0,0.0,0.0,0.0,0.08238976648330976,0.07315585607570085,0.0,0.0,0.0,0.0,0.0,0.0,31.452650168350168,39.920671367521365,44.15468196710697,75.60733213545713,0.0,31.452650168350168,39.61824203897954,44.15468196710697,75.30490280691531,0.0,31.452650168350168,39.920671367521365,44.457111295648794,75.60733213545713,FeNOMeasurement,71.67575086441336
71.9781801929552,0.0,0.0,0.0,0.0,33.95877297203201,35.66449544252955,0.0,0.0,0.0,0.0,0.0,0.0,0.0,0.0,0.0,0.022750259355795777,0.07392192161253774,0.0,0.0,0.0,0.0,0.0,0.0,31.452650168350168,39.920671367521365,44.15468196710697,75.60733213545713,0.0,31.452650168350168,39.61824203897954,44.15468196710697,75.30490280691531,0.0,31.452650168350168,39.920671367521365,44.457111295648794,75.60733213545713,FeNOMeasurement,71.9781801929552
72.28060952149701,0.0,0.0,0.0,0.0,34.00093893264966,35.67757196316893,0.0,0.0,0.0,0.0,0.0,0.0,0.0,0.0,0.0,0.0734376762183615,0.07234290720805348,0.0,0.0,0.0,0.0,0.0,0.0,31.452650168350168,39.920671367521365,44.15468196710697,75.60733213545713,0.0,31.452650168350168,39.61824203897954,44.15468196710697,75.30490280691531,0.0,31.452650168350168,39.920671367521365,44.457111295648794,75.60733213545713,FeNOMeasurement,72.28060952149701
72.58303885003885,0.0,0.0,0.0,0.0,33.98657313648143,35.66103936453576,0.0,0.0,0.0,0.0,0.0,0.0,0.0,0.0,0.0,0.008309902394827873,0.12579252039022037,0.0,0.0,0.0,0.0,0.0,0.0,31.452650168350168,39.920671367521365,44.15468196710697,75.60733213545713,0.0,31.452650168350168,39.61824203897954,44.15468196710697,75.30490280691531,0.0,31.452650168350168,39.920671367521365,44.457111295648794,75.60733213545713,FeNOMeasurement,72.58303885003885
72.88546817858068,0.0,0.0,0.0,0.0,33.9874026391926,35.645650700307456,0.0,0.0,0.0,0.0,0.0,0.0,0.0,0.0,0.0,0.07015220090205787,0.05129459563944039,0.0,0.0,0.0,0.0,0.0,0.0,31.452650168350168,39.920671367521365,44.15468196710697,75.60733213545713,0.0,31.452650168350168,39.61824203897954,44.15468196710697,75.30490280691531,0.0,31.452650168350168,39.920671367521365,44.457111295648794,75.60733213545713,FeNOMeasurement,72.88546817858068
73.1878975071225,0.0,0.0,0.0,0.0,33.982136909469816,35.638973835949095,0.0,0.0,0.0,0.0,0.0,0.0,0.0,0.0,0.0,0.203417802799855,0.06564776302191433,0.0,0.0,0.0,0.0,0.0,0.0,31.452650168350168,39.920671367521365,44.15468196710697,75.60733213545713,0.0,31.452650168350168,39.61824203897954,44.15468196710697,75.30490280691531,0.0,31.452650168350168,39.920671367521365,44.457111295648794,75.60733213545713,FeNOMeasurement,73.1878975071225
73.49032683566433,0.0,0.0,0.0,0.0,33.95280367160244,35.7097779172713,0.0,0.0,0.0,0.0,0.0,0.0,0.0,0.0,0.0,0.07163328293597715,0.0716664167861083,0.0,0.0,0.0,0.0,0.0,0.0,31.452650168350168,39.920671367521365,44.15468196710697,75.60733213545713,0.0,31.452650168350168,39.61824203897954,44.15468196710697,75.30490280691531,0.0,31.452650168350168,39.920671367521365,44.457111295648794,75.60733213545713,FeNOMeasurement,73.49032683566433
73.79275616420615,0.0,0.0,0.0,0.0,33.940671118768535,35.69184807639988,0.0,0.0,0.0,0.0,0.0,0.0,0.0,0.0,0.0,0.05305635840151979,0.08938921776251618,0.0,0.0,0.0,0.0,0.0,0.0,31.452650168350168,39.920671367521365,44.15468196710697,75.60733213545713,0.0,31.452650168350168,39.61824203897954,44.15468196710697,75.30490280691531,0.0,31.452650168350168,39.920671367521365,44.457111295648794,75.60733213545713,FeNOMeasurement,73.79275616420615
74.09518549274799,0.0,0.0,0.0,0.0,33.95994126188833,35.66214873619908,0.0,0.0,0.0,0.0,0.0,0.0,0.0,0.0,0.0,0.07187193921375723,0.06852286107923078,0.0,0.0,0.0,0.0,0.0,0.0,31.452650168350168,39.920671367521365,44.15468196710697,75.60733213545713,0.0,31.452650168350168,39.61824203897954,44.15468196710697,75.30490280691531,0.0,31.452650168350168,39.920671367521365,44.457111295648794,75.60733213545713,FeNOMeasurement,74.09518549274799
74.39761482128982,0.0,0.0,0.0,0.0,34.007237091410154,35.66123737829916,0.0,0.0,0.0,0.0,0.0,0.0,0.0,0.0,0.0,0.09072378043195783,0.11799668473567237,0.0,0.0,0.0,0.0,0.0,0.0,31.452650168350168,39.920671367521365,44.15468196710697,75.60733213545713,0.0,31.452650168350168,39.61824203897954,44.15468196710697,75.30490280691531,0.0,31.452650168350168,39.920671367521365,44.457111295648794,75.60733213545713,FeNOMeasurement,74.39761482128982
74.70004414983164,0.0,0.0,0.0,0.0,34.02245540147281,35.6487766821425,0.0,0.0,0.0,0.0,0.0,0.0,0.0,0.0,0.0,0.15220849831110428,0.058290442270283904,0.0,0.0,0.0,0.0,0.0,0.0,31.452650168350168,39.920671367521365,44.15468196710697,75.60733213545713,0.0,31.452650168350168,39.61824203897954,44.15468196710697,75.30490280691531,0.0,31.452650168350168,39.920671367521365,44.457111295648794,75.60733213545713,FeNOMeasurement,74.70004414983164
75.00247347837347,0.0,0.0,0.0,0.0,33.94277467905948,35.66498623420929,0.0,0.0,0.0,0.0,0.0,0.0,0.0,0.0,0.0,0.08058547973632812,0.17197469030013224,0.0,0.0,0.0,0.0,0.0,0.0,31.452650168350168,39.920671367521365,44.15468196710697,75.60733213545713,0.0,31.452650168350168,39.61824203897954,44.15468196710697,75.30490280691531,0.0,31.452650168350168,39.920671367521365,44.457111295648794,75.60733213545713,FeNOMeasurement,75.00247347837347
75.30490280691531,0.0,0.0,0.0,0.0,33.974858621082326,35.67608572790567,0.0,0.0,0.0,0.0,0.0,0.0,0.0,0.0,0.0,0.03396016536453317,0.12405947565870434,0.0,0.0,0.0,0.0,0.0,0.0,31.452650168350168,39.920671367521365,44.15468196710697,75.60733213545713,0.0,31.452650168350168,39.61824203897954,44.15468196710697,75.30490280691531,0.0,31.452650168350168,39.920671367521365,44.457111295648794,75.60733213545713,FeNOMeasurement,75.30490280691531
75.60733213545713,0.0,0.0,0.0,0.0,34.00790711662669,35.65563754301335,0.0,0.0,0.0,0.0,0.0,0.0,0.0,0.0,0.0,0.057423401827158216,0.14961205587915316,0.0,0.0,0.0,0.0,0.0,0.0,31.452650168350168,39.920671367521365,44.15468196710697,75.60733213545713,0.0,31.452650168350168,39.61824203897954,44.15468196710697,75.30490280691531,0.0,31.452650168350168,39.920671367521365,44.457111295648794,75.60733213545713,CleaningCycle,75.60733213545713
75.90976146399896,0.0,0.0,0.0,0.0,34.027599892990075,35.698738902523324,0.0,0.0,0.0,0.0,0.0,0.0,0.0,0.0,0.0,0.044555413621715445,0.04432997610204126,0.0,0.0,0.0,0.0,0.0,0.0,31.452650168350168,39.920671367521365,44.15468196710697,75.60733213545713,0.0,31.452650168350168,39.61824203897954,44.15468196710697,75.30490280691531,0.0,31.452650168350168,39.920671367521365,44.457111295648794,75.60733213545713,CleaningCycle,75.90976146399896
76.21219079254078,0.0,0.0,0.0,0.0,33.98939755840219,35.63856627184974,0.0,0.0,0.0,0.0,0.0,0.0,0.0,0.0,0.0,0.02580445217551386,0.1488077197506854,0.0,0.0,0.0,0.0,0.0,0.0,31.452650168350168,39.920671367521365,44.15468196710697,75.60733213545713,0.0,31.452650168350168,39.61824203897954,44.15468196710697,75.30490280691531,0.0,31.452650168350168,39.920671367521365,44.457111295648794,75.60733213545713,CleaningCycle,76.21219079254078
76.51462012108261,0.0,0.0,0.0,0.0,34.021033294533744,35.681995071737106,0.0,0.0,0.0,0.0,0.0,0.0,0.0,0.0,0.0,0.01348617730612034,0.05463849264421583,0.0,0.0,0.0,0.0,0.0,0.0,31.452650168350168,39.920671367521365,44.15468196710697,75.60733213545713,0.0,31.452650168350168,39.61824203897954,44.15468196710697,75.30490280691531,0.0,31.452650168350168,39.920671367521365,44.457111295648794,75.60733213545713,CleaningCycle,76.51462012108261
76.81704944962445,0.0,0.0,0.0,0.0,34.100357831499856,35.68967823221046,0.0,0.0,0.0,0.0,0.0,0.0,0.0,0.0,0.0,0.03796224555967598,0.09425655153745538,0.0,0.0,0.0,0.0,0.0,0.0,31.452650168350168,39.920671367521365,44.15468196710697,75.60733213545713,0.0,31.452650168350168,39.61824203897954,44.15468196710697,75.30490280691531,0.0,31.452650168350168,39.920671367521365,44.457111295648794,75.60733213545713,CleaningCycle,76.81704944962445
77.11947877816627,0.0,0.0,0.0,0.0,34.011089802747854,35.657583417622114,0.0,0.0,0.0,0.0,0.0,0.0,0.0,0.0,0.0,0.09392334569137262,0.13405508859884918,0.0,0.0,0.0,0.0,0.0,0.0,31.452650168350168,39.920671367521365,44.15468196710697,75.60733213545713,0.0,31.452650168350168,39.61824203897954,44.15468196710697,75.30490280691531,0.0,31.452650168350168,39.920671367521365,44.457111295648794,75.60733213545713,CleaningCycle,77.11947877816627
77.4219081067081,0.0,0.0,0.0,0.0,33.976124529936044,35.63072031542278,0.0,0.0,0.0,0.0,0.0,0.0,0.0,0.0,0.0,0.028096452934853744,0.051915776274583436,0.0,0.0,0.0,0.0,0.0,0.0,31.452650168350168,39.920671367521365,44.15468196710697,75.60733213545713,0.0,31.452650168350168,39.61824203897954,44.15468196710697,75.30490280691531,0.0,31.452650168350168,39.920671367521365,44.457111295648794,75.60733213545713,CleaningCycle,77.4219081067081
77.72433743524994,0.0,0.0,0.0,0.0,33.98925973417905,35.625362648911114,0.0,0.0,0.0,0.0,0.0,0.0,0.0,0.0,0.0,0.06665601223448192,0.06747000697929195,0.0,0.0,0.0,0.0,0.0,0.0,31.452650168350168,39.920671367521365,44.15468196710697,75.60733213545713,0.0,31.452650168350168,39.61824203897954,44.15468196710697,75.30490280691531,0.0,31.452650168350168,39.920671367521365,44.457111295648794,75.60733213545713,CleaningCycle,77.72433743524994
78.02676676379176,0.0,0.0,0.0,0.0,33.93417858084523,35.60738710790059,0.0,0.0,0.0,0.0,0.0,0.0,0.0,0.0,0.0,0.0,0.013771674330790518,0.0,0.0,0.0,0.0,0.0,0.0,31.452650168350168,39.920671367521365,44.15468196710697,75.60733213545713,0.0,31.452650168350168,39.61824203897954,44.15468196710697,75.30490280691531,0.0,31.452650168350168,39.920671367521365,44.457111295648794,75.60733213545713,CleaningCycle,78.02676676379176
78.32919609233359,0.0,0.0,0.0,0.0,33.993370071606776,35.644229940075505,0.0,0.0,0.0,0.0,0.0,0.0,0.0,0.0,0.0,0.03276832678388075,0.04976792425804888,0.0,0.0,0.0,0.0,0.0,0.0,31.452650168350168,39.920671367521365,44.15468196710697,75.60733213545713,0.0,31.452650168350168,39.61824203897954,44.15468196710697,75.30490280691531,0.0,31.452650168350168,39.920671367521365,44.457111295648794,75.60733213545713,CleaningCycle,78.32919609233359
78.63162542087542,0.0,0.0,0.0,0.0,34.00604548127226,35.640635152090134,0.0,0.0,0.0,0.0,0.0,0.0,0.0,0.0,0.0,0.06483762084969413,0.08160485833128206,0.0,0.0,0.0,0.0,0.0,0.0,31.452650168350168,39.920671367521365,44.15468196710697,75.60733213545713,0.0,31.452650168350168,39.61824203897954,44.15468196710697,75.30490280691531,0.0,31.452650168350168,39.920671367521365,44.457111295648794,75.60733213545713,CleaningCycle,78.63162542087542
78.93405474941724,0.0,0.0,0.0,0.0,33.96098144849054,35.66585057520318,0.0,0.0,0.0,0.0,0.0,0.0,0.0,0.0,0.0,0.0,0.11354453981741841,0.0,0.0,0.0,0.0,0.0,0.0,31.452650168350168,39.920671367521365,44.15468196710697,75.60733213545713,0.0,31.452650168350168,39.61824203897954,44.15468196710697,75.30490280691531,0.0,31.452650168350168,39.920671367521365,44.457111295648794,75.60733213545713,CleaningCycle,78.93405474941724
79.23648407795908,0.0,0.0,0.0,0.0,33.98371717766578,35.608413775370614,0.0,0.0,0.0,0.0,0.0,0.0,0.0,0.0,0.0,0.016460876805574287,0.0646069698729761,0.0,0.0,0.0,0.0,0.0,0.0,31.452650168350168,39.920671367521365,44.15468196710697,75.60733213545713,0.0,31.452650168350168,39.61824203897954,44.15468196710697,75.30490280691531,0.0,31.452650168350168,39.920671367521365,44.457111295648794,75.60733213545713,CleaningCycle,79.23648407795908
79.5389134065009,0.0,0.0,0.0,0.0,33.977179788289064,35.58841978367771,0.0,0.0,0.0,0.0,0.0,0.0,0.0,0.0,0.0,0.033366250352315774,0.06518679156782525,0.0,0.0,0.0,0.0,0.0,0.0,31.452650168350168,39.920671367521365,44.15468196710697,75.60733213545713,0.0,31.452650168350168,39.61824203897954,44.15468196710697,75.30490280691531,0.0,31.452650168350168,39.920671367521365,44.457111295648794,75.60733213545713,CleaningCycle,79.5389134065009
79.84134273504273,0.0,0.0,0.0,0.0,33.99680127150033,35.62882273218753,0.0,0.0,0.0,0.0,0.0,0.0,0.0,0.0,0.0,0.14329048746450468,0.047363384135785225,0.0,0.0,0.0,0.0,0.0,0.0,31.452650168350168,39.920671367521365,44.15468196710697,75.60733213545713,0.0,31.452650168350168,39.61824203897954,44.15468196710697,75.30490280691531,0.0,31.452650168350168,39.920671367521365,44.457111295648794,75.60733213545713,CleaningCycle,79.84134273504273
80.14377206358456,0.0,0.0,0.0,0.0,33.97729068541601,35.665179194819004,0.0,0.0,0.0,0.0,0.0,0.0,0.0,0.0,0.0,0.01861793117932109,0.07946313307799358,0.0,0.0,0.0,0.0,0.0,0.0,31.452650168350168,39.920671367521365,44.15468196710697,75.60733213545713,0.0,31.452650168350168,39.61824203897954,44.15468196710697,75.30490280691531,0.0,31.452650168350168,39.920671367521365,44.457111295648794,75.60733213545713,CleaningCycle,80.14377206358456
80.44620139212638,0.0,0.0,0.0,0.0,34.00636688901753,35.62839358584942,0.0,0.0,0.0,0.0,0.0,0.0,0.0,0.0,0.0,0.04425240316533774,0.026946828060175676,0.0,0.0,0.0,0.0,0.0,0.0,31.452650168350168,39.920671367521365,44.15468196710697,75.60733213545713,0.0,31.452650168350168,39.61824203897954,44.15468196710697,75.30490280691531,0.0,31.452650168350168,39.920671367521365,44.457111295648794,75.60733213545713,CleaningCycle,80.44620139212638
80.74863072066822,0.0,0.0,0.0,0.0,34.00283281162167,35.664555128938034,0.0,0.0,0.0,0.0,0.0,0.0,0.0,0.0,0.0,0.053991366515788286,0.04371749141753156,0.0,0.0,0.0,0.0,0.0,0.0,31.452650168350168,39.920671367521365,44.15468196710697,75.60733213545713,0.0,31.452650168350168,39.61824203897954,44.15468196710697,75.30490280691531,0.0,31.452650168350168,39.920671367521365,44.457111295648794,75.60733213545713,CleaningCycle,80.74863072066822
81.05106004921005,0.0,0.0,0.0,0.0,33.955746354748236,35.61820993889778,0.0,0.0,0.0,0.0,0.0,0.0,0.0,0.0,0.0,0.11637484492591454,0.06269122067429578,0.0,0.0,0.0,0.0,0.0,0.0,31.452650168350168,39.920671367521365,44.15468196710697,75.60733213545713,0.0,31.452650168350168,39.61824203897954,44.15468196710697,75.30490280691531,0.0,31.452650168350168,39.920671367521365,44.457111295648794,75.60733213545713,CleaningCycle,81.05106004921005
81.35348937775187,0.0,0.0,0.0,0.0,33.98291784498031,35.623825076364824,0.0,0.0,0.0,0.0,0.0,0.0,0.0,0.0,0.0,0.12476795785576655,0.09925247948183369,0.0,0.0,0.0,0.0,0.0,0.0,31.452650168350168,39.920671367521365,44.15468196710697,75.60733213545713,0.0,31.452650168350168,39.61824203897954,44.15468196710697,75.30490280691531,0.0,31.452650168350168,39.920671367521365,44.457111295648794,75.60733213545713,CleaningCycle,81.35348937775187
81.6559187062937,0.0,0.0,0.0,0.0,33.9859284893649,35.61022260678882,0.0,0.0,0.0,0.0,0.0,0.0,0.0,0.0,0.0,0.0011271704912232394,0.020524936580713415,0.0,0.0,0.0,0.0,0.0,0.0,31.452650168350168,39.920671367521365,44.15468196710697,75.60733213545713,0.0,31.452650168350168,39.61824203897954,44.15468196710697,75.30490280691531,0.0,31.452650168350168,39.920671367521365,44.457111295648794,75.60733213545713,CleaningCycle,81.6559187062937
81.95834803483552,0.0,0.0,0.0,0.0,34.02325418344836,35.65833009177134,0.0,0.0,0.0,0.0,0.0,0.0,0.0,0.0,0.0,0.04141613617198203,0.06499083475678447,0.0,0.0,0.0,0.0,0.0,0.0,31.452650168350168,39.920671367521365,44.15468196710697,75.60733213545713,0.0,31.452650168350168,39.61824203897954,44.15468196710697,75.30490280691531,0.0,31.452650168350168,39.920671367521365,44.457111295648794,75.60733213545713,CleaningCycle,81.95834803483552
82.26077736337736,0.0,0.0,0.0,0.0,33.999387594174635,35.695116727973804,0.0,0.0,0.0,0.0,0.0,0.0,0.0,0.0,0.0,0.06115611953552502,0.04035696321078319,0.0,0.0,0.0,0.0,0.0,0.0,31.452650168350168,39.920671367521365,44.15468196710697,75.60733213545713,0.0,31.452650168350168,39.61824203897954,44.15468196710697,75.30490280691531,0.0,31.452650168350168,39.920671367521365,44.457111295648794,75.60733213545713,CleaningCycle,82.26077736337736
82.56320669191919,0.0,0.0,0.0,0.0,34.015260254207746,35.691274370764745,0.0,0.0,0.0,0.0,0.0,0.0,0.0,0.0,0.0,0.08058547973632812,0.09945529722519098,0.0,0.0,0.0,0.0,0.0,0.0,31.452650168350168,39.920671367521365,44.15468196710697,75.60733213545713,0.0,31.452650168350168,39.61824203897954,44.15468196710697,75.30490280691531,0.0,31.452650168350168,39.920671367521365,44.457111295648794,75.60733213545713,CleaningCycle,82.56320669191919
82.86563602046101,0.0,0.0,0.0,0.0,33.9582588359906,35.68219573199305,0.0,0.0,0.0,0.0,0.0,0.0,0.0,0.0,0.0,0.059800310455031536,0.10137446371489034,0.0,0.0,0.0,0.0,0.0,0.0,31.452650168350168,39.920671367521365,44.15468196710697,75.60733213545713,0.0,31.452650168350168,39.61824203897954,44.15468196710697,75.30490280691531,0.0,31.452650168350168,39.920671367521365,44.457111295648794,75.60733213545713,CleaningCycle,82.86563602046101
83.16806534900284,0.0,0.0,0.0,0.0,33.97660411102197,35.67859926778106,0.0,0.0,0.0,0.0,0.0,0.0,0.0,0.0,0.0,0.04166760191176877,0.07987030429946884,0.0,0.0,0.0,0.0,0.0,0.0,31.452650168350168,39.920671367521365,44.15468196710697,75.60733213545713,0.0,31.452650168350168,39.61824203897954,44.15468196710697,75.30490280691531,0.0,31.452650168350168,39.920671367521365,44.457111295648794,75.60733213545713,CleaningCycle,83.16806534900284
83.47049467754468,0.0,0.0,0.0,0.0,33.9836086493479,35.63550760961017,0.0,0.0,0.0,0.0,0.0,0.0,0.0,0.0,0.0,0.07111277184359466,0.14028767923452534,0.0,0.0,0.0,0.0,0.0,0.0,31.452650168350168,39.920671367521365,44.15468196710697,75.60733213545713,0.0,31.452650168350168,39.61824203897954,44.15468196710697,75.30490280691531,0.0,31.452650168350168,39.920671367521365,44.457111295648794,75.60733213545713,CleaningCycle,83.47049467754468
83.7729240060865,0.0,0.0,0.0,0.0,33.95901531999655,35.638136946697834,0.0,0.0,0.0,0.0,0.0,0.0,0.0,0.0,0.0,0.09788198671405013,0.0586523058745243,0.0,0.0,0.0,0.0,0.0,0.0,31.452650168350168,39.920671367521365,44.15468196710697,75.60733213545713,0.0,31.452650168350168,39.61824203897954,44.15468196710697,75.30490280691531,0.0,31.452650168350168,39.920671367521365,44.457111295648794,75.60733213545713,CleaningCycle,83.7729240060865
84.07535333462833,0.0,0.0,0.0,0.0,34.00107908133582,35.63633834819153,0.0,0.0,0.0,0.0,0.0,0.0,0.0,0.0,0.0,0.14194113638008332,0.039027458936288895,0.0,0.0,0.0,0.0,0.0,0.0,31.452650168350168,39.920671367521365,44.15468196710697,75.60733213545713,0.0,31.452650168350168,39.61824203897954,44.15468196710697,75.30490280691531,0.0,31.452650168350168,39.920671367521365,44.457111295648794,75.60733213545713,CleaningCycle,84.07535333462833
84.37778266317015,0.0,0.0,0.0,0.0,34.039625050769715,35.6648860076117,0.0,0.0,0.0,0.0,0.0,0.0,0.0,0.0,0.0,0.09750000090940603,0.05994070129891327,0.0,0.0,0.0,0.0,0.0,0.0,31.452650168350168,39.920671367521365,44.15468196710697,75.60733213545713,0.0,31.452650168350168,39.61824203897954,44.15468196710697,75.30490280691531,0.0,31.452650168350168,39.920671367521365,44.457111295648794,75.60733213545713,CleaningCycle,84.37778266317015
84.68021199171199,0.0,0.0,0.0,0.0,33.91204628993596,35.613677048381376,0.0,0.0,0.0,0.0,0.0,0.0,0.0,0.0,0.0,0.05566228943315821,0.11954005119320499,0.0,0.0,0.0,0.0,0.0,0.0,31.452650168350168,39.920671367521365,44.15468196710697,75.60733213545713,0.0,31.452650168350168,39.61824203897954,44.15468196710697,75.30490280691531,0.0,31.452650168350168,39.920671367521365,44.457111295648794,75.60733213545713,CleaningCycle,84.68021199171199
84.98264132025382,0.0,0.0,0.0,0.0,33.9096609204678,35.69568363423991,0.0,0.0,0.0,0.0,0.0,0.0,0.0,0.0,0.0,0.06563847183394245,0.03514174172183715,0.0,0.0,0.0,0.0,0.0,0.0,31.452650168350168,39.920671367521365,44.15468196710697,75.60733213545713,0.0,31.452650168350168,39.61824203897954,44.15468196710697,75.30490280691531,0.0,31.452650168350168,39.920671367521365,44.457111295648794,75.60733213545713,CleaningCycle,84.98264132025382
85.28507064879564,0.0,0.0,0.0,0.0,33.96375164394027,35.67140696749216,0.0,0.0,0.0,0.0,0.0,0.0,0.0,0.0,0.0,0.03235699838510442,0.03235967157985442,0.0,0.0,0.0,0.0,0.0,0.0,31.452650168350168,39.920671367521365,44.15468196710697,75.60733213545713,0.0,31.452650168350168,39.61824203897954,44.15468196710697,75.30490280691531,0.0,31.452650168350168,39.920671367521365,44.457111295648794,75.60733213545713,CleaningCycle,85.28507064879564
85.58749997733747,0.0,0.0,0.0,0.0,33.996370295624224,35.64332932281836,0.0,0.0,0.0,0.0,0.0,0.0,0.0,0.0,0.0,0.023271378385011587,0.03404162136259714,0.0,0.0,0.0,0.0,0.0,0.0,31.452650168350168,39.920671367521365,44.15468196710697,75.60733213545713,0.0,31.452650168350168,39.61824203897954,44.15468196710697,75.30490280691531,0.0,31.452650168350168,39.920671367521365,44.457111295648794,75.60733213545713,CleaningCycle,85.58749997733747
85.8899293058793,0.0,0.0,0.0,0.0,34.004398482778114,35.68727994318802,0.0,0.0,0.0,0.0,0.0,0.0,0.0,0.0,0.0,0.08058547973632812,0.05027435582220363,0.0,0.0,0.0,0.0,0.0,0.0,31.452650168350168,39.920671367521365,44.15468196710697,75.60733213545713,0.0,31.452650168350168,39.61824203897954,44.15468196710697,75.30490280691531,0.0,31.452650168350168,39.920671367521365,44.457111295648794,75.60733213545713,CleaningCycle,85.8899293058793
86.19235863442113,0.0,0.0,0.0,0.0,33.98119747186162,35.64558382509921,0.0,0.0,0.0,0.0,0.0,0.0,0.0,0.0,0.0,0.07511979605708774,0.19214182148878933,0.0,0.0,0.0,0.0,0.0,0.0,31.452650168350168,39.920671367521365,44.15468196710697,75.60733213545713,0.0,31.452650168350168,39.61824203897954,44.15468196710697,75.30490280691531,0.0,31.452650168350168,39.920671367521365,44.457111295648794,75.60733213545713,CleaningCycle,86.19235863442113
86.49478796296296,0.0,0.0,0.0,0.0,34.0173737051855,35.689078293291615,0.0,0.0,0.0,0.0,0.0,0.0,0.0,0.0,0.0,0.13989171727321548,0.08058929443359375,0.0,0.0,0.0,0.0,0.0,0.0,31.452650168350168,39.920671367521365,44.15468196710697,75.60733213545713,0.0,31.452650168350168,39.61824203897954,44.15468196710697,75.30490280691531,0.0,31.452650168350168,39.920671367521365,44.457111295648794,75.60733213545713,CleaningCycle,86.49478796296296
86.79721729150478,0.0,0.0,0.0,0.0,34.035970957857984,35.721896853267616,0.0,0.0,0.0,0.0,0.0,0.0,0.0,0.0,0.0,0.08058547973632812,0.028705271242550623,0.0,0.0,0.0,0.0,0.0,0.0,31.452650168350168,39.920671367521365,44.15468196710697,75.60733213545713,0.0,31.452650168350168,39.61824203897954,44.15468196710697,75.30490280691531,0.0,31.452650168350168,39.920671367521365,44.457111295648794,75.60733213545713,CleaningCycle,86.79721729150478
87.09964662004661,0.0,0.0,0.0,0.0,33.97683909872143,35.72287379126623,0.0,0.0,0.0,0.0,0.0,0.0,0.0,0.0,0.0,0.08074491931470362,0.025169746503955537,0.0,0.0,0.0,0.0,0.0,0.0,31.452650168350168,39.920671367521365,44.15468196710697,75.60733213545713,0.0,31.452650168350168,39.61824203897954,44.15468196710697,75.30490280691531,0.0,31.452650168350168,39.920671367521365,44.457111295648794,75.60733213545713,CleaningCycle,87.09964662004661
87.40207594858845,0.0,0.0,0.0,0.0,33.92292369638897,35.674109938030526,0.0,0.0,0.0,0.0,0.0,0.0,0.0,0.0,0.0,0.08058547973632812,0.026257466337526125,0.0,0.0,0.0,0.0,0.0,0.0,31.452650168350168,39.920671367521365,44.15468196710697,75.60733213545713,0.0,31.452650168350168,39.61824203897954,44.15468196710697,75.30490280691531,0.0,31.452650168350168,39.920671367521365,44.457111295648794,75.60733213545713,CleaningCycle,87.40207594858845
87.70450527713027,0.0,0.0,0.0,0.0,33.94339467045344,35.662703671057386,0.0,0.0,0.0,0.0,0.0,0.0,0.0,0.0,0.0,0.13458186421751606,0.10931655226961823,0.0,0.0,0.0,0.0,0.0,0.0,31.452650168350168,39.920671367521365,44.15468196710697,75.60733213545713,0.0,31.452650168350168,39.61824203897954,44.15468196710697,75.30490280691531,0.0,31.452650168350168,39.920671367521365,44.457111295648794,75.60733213545713,CleaningCycle,87.70450527713027
88.0069346056721,0.0,0.0,0.0,0.0,33.99774851979602,35.65713803046858,0.0,0.0,0.0,0.0,0.0,0.0,0.0,0.0,0.0,0.05062891558767291,0.10716521359974251,0.0,0.0,0.0,0.0,0.0,0.0,31.452650168350168,39.920671367521365,44.15468196710697,75.60733213545713,0.0,31.452650168350168,39.61824203897954,44.15468196710697,75.30490280691531,0.0,31.452650168350168,39.920671367521365,44.457111295648794,75.60733213545713,CleaningCycle,88.0069346056721
88.30936393421393,0.0,0.0,0.0,0.0,34.01326747977574,35.66890426937981,0.0,0.0,0.0,0.0,0.0,0.0,0.0,0.0,0.0,0.028476374303231466,0.1326983998666904,0.0,0.0,0.0,0.0,0.0,0.0,31.452650168350168,39.920671367521365,44.15468196710697,75.60733213545713,0.0,31.452650168350168,39.61824203897954,44.15468196710697,75.30490280691531,0.0,31.452650168350168,39.920671367521365,44.457111295648794,75.60733213545713,CleaningCycle,88.30936393421393
88.61179326275575,0.0,0.0,0.0,0.0,33.987240988899686,35.67369035940726,0.0,0.0,0.0,0.0,0.0,0.0,0.0,0.0,0.0,0.0042875385932532595,0.05074055874253247,0.0,0.0,0.0,0.0,0.0,0.0,31.452650168350168,39.920671367521365,44.15468196710697,75.60733213545713,0.0,31.452650168350168,39.61824203897954,44.15468196710697,75.30490280691531,0.0,31.452650168350168,39.920671367521365,44.457111295648794,75.60733213545713,CleaningCycle,88.61179326275575
88.91422259129759,0.0,0.0,0.0,0.0,33.95463522761908,35.63204300624474,0.0,0.0,0.0,0.0,0.0,0.0,0.0,0.0,0.0,0.10474906716348897,0.05368897581991661,0.0,0.0,0.0,0.0,0.0,0.0,31.452650168350168,39.920671367521365,44.15468196710697,75.60733213545713,0.0,31.452650168350168,39.61824203897954,44.15468196710697,75.30490280691531,0.0,31.452650168350168,39.920671367521365,44.457111295648794,75.60733213545713,CleaningCycle,88.91422259129759
89.21665191983942,0.0,0.0,0.0,0.0,33.9543180786542,35.67193319517163,0.0,0.0,0.0,0.0,0.0,0.0,0.0,0.0,0.0,0.08041114730271914,0.031137412168341427,0.0,0.0,0.0,0.0,0.0,0.0,31.452650168350168,39.920671367521365,44.15468196710697,75.60733213545713,0.0,31.452650168350168,39.61824203897954,44.15468196710697,75.30490280691531,0.0,31.452650168350168,39.920671367521365,44.457111295648794,75.60733213545713,CleaningCycle,89.21665191983942
89.51908124838124,0.0,0.0,0.0,0.0,33.97174459400488,35.64775514983401,0.0,0.0,0.0,0.0,0.0,0.0,0.0,0.0,0.0,0.13136197871276067,0.08049190379162496,0.0,0.0,0.0,0.0,0.0,0.0,31.452650168350168,39.920671367521365,44.15468196710697,75.60733213545713,0.0,31.452650168350168,39.61824203897954,44.15468196710697,75.30490280691531,0.0,31.452650168350168,39.920671367521365,44.457111295648794,75.60733213545713,CleaningCycle,89.51908124838124
89.82151057692307,0.0,0.0,0.0,0.0,34.00862017568139,35.678888592922775,0.0,0.0,0.0,0.0,0.0,0.0,0.0,0.0,0.0,0.06676726275223643,0.02965860962413558,0.0,0.0,0.0,0.0,0.0,0.0,31.452650168350168,39.920671367521365,44.15468196710697,75.60733213545713,0.0,31.452650168350168,39.61824203897954,44.15468196710697,75.30490280691531,0.0,31.452650168350168,39.920671367521365,44.457111295648794,75.60733213545713,CleaningCycle,89.82151057692307
90.1239399054649,0.0,0.0,0.0,0.0,33.995669063332926,35.66799301366542,0.0,0.0,0.0,0.0,0.0,0.0,0.0,0.0,0.0,0.1306686725445232,0.08087718034850866,0.0,0.0,0.0,0.0,0.0,0.0,31.452650168350168,39.920671367521365,44.15468196710697,75.60733213545713,0.0,31.452650168350168,39.61824203897954,44.15468196710697,75.30490280691531,0.0,31.452650168350168,39.920671367521365,44.457111295648794,75.60733213545713,CleaningCycle,90.1239399054649
90.42636923400673,0.0,0.0,0.0,0.0,33.9720256951433,35.64722346916541,0.0,0.0,0.0,0.0,0.0,0.0,0.0,0.0,0.0,0.04969815392488641,0.029330173665606196,0.0,0.0,0.0,0.0,0.0,0.0,31.452650168350168,39.920671367521365,44.15468196710697,75.60733213545713,0.0,31.452650168350168,39.61824203897954,44.15468196710697,75.30490280691531,0.0,31.452650168350168,39.920671367521365,44.457111295648794,75.60733213545713,CleaningCycle,90.42636923400673
90.72879856254856,0.0,0.0,0.0,0.0,34.003367893221295,35.63459706076866,0.0,0.0,0.0,0.0,0.0,0.0,0.0,0.0,0.0,0.06147053951426784,0.10097516209887658,0.0,0.0,0.0,0.0,0.0,0.0,31.452650168350168,39.920671367521365,44.15468196710697,75.60733213545713,0.0,31.452650168350168,39.61824203897954,44.15468196710697,75.30490280691531,0.0,31.452650168350168,39.920671367521365,44.457111295648794,75.60733213545713,CleaningCycle,90.72879856254856
91.03122789109038,0.0,0.0,0.0,0.0,33.99639642349349,35.62027589853334,0.0,0.0,0.0,0.0,0.0,0.0,0.0,0.0,0.0,0.08058547973632812,0.01969702099725623,0.0,0.0,0.0,0.0,0.0,0.0,31.452650168350168,39.920671367521365,44.15468196710697,75.60733213545713,0.0,31.452650168350168,39.61824203897954,44.15468196710697,75.30490280691531,0.0,31.452650168350168,39.920671367521365,44.457111295648794,75.60733213545713,CleaningCycle,91.03122789109038
91.33365721963222,0.0,0.0,0.0,0.0,33.98672217884557,35.63737314519288,0.0,0.0,0.0,0.0,0.0,0.0,0.0,0.0,0.0,0.0,0.02989352362155273,0.0,0.0,0.0,0.0,0.0,0.0,31.452650168350168,39.920671367521365,44.15468196710697,75.60733213545713,0.0,31.452650168350168,39.61824203897954,44.15468196710697,75.30490280691531,0.0,31.452650168350168,39.920671367521365,44.457111295648794,75.60733213545713,CleaningCycle,91.33365721963222
91.63608654817405,0.0,0.0,0.0,0.0,33.97463576905629,35.647043409518645,0.0,0.0,0.0,0.0,0.0,0.0,0.0,0.0,0.0,0.030276191815055142,0.11199310877740487,0.0,0.0,0.0,0.0,0.0,0.0,31.452650168350168,39.920671367521365,44.15468196710697,75.60733213545713,0.0,31.452650168350168,39.61824203897954,44.15468196710697,75.30490280691531,0.0,31.452650168350168,39.920671367521365,44.457111295648794,75.60733213545713,CleaningCycle,91.63608654817405
91.93851587671587,0.0,0.0,0.0,0.0,33.94845044235376,35.6532893017018,0.0,0.0,0.0,0.0,0.0,0.0,0.0,0.0,0.0,0.06292407509490516,0.06453195752016683,0.0,0.0,0.0,0.0,0.0,0.0,31.452650168350168,39.920671367521365,44.15468196710697,75.60733213545713,0.0,31.452650168350168,39.61824203897954,44.15468196710697,75.30490280691531,0.0,31.452650168350168,39.920671367521365,44.457111295648794,75.60733213545713,CleaningCycle,91.93851587671587
92.2409452052577,0.0,0.0,0.0,0.0,33.947875105957785,35.66267811948415,0.0,0.0,0.0,0.0,0.0,0.0,0.0,0.0,0.0,0.08180858765203425,0.08063817076988755,0.0,0.0,0.0,0.0,0.0,0.0,31.452650168350168,39.920671367521365,44.15468196710697,75.60733213545713,0.0,31.452650168350168,39.61824203897954,44.15468196710697,75.30490280691531,0.0,31.452650168350168,39.920671367521365,44.457111295648794,75.60733213545713,CleaningCycle,92.2409452052577
92.54337453379952,0.0,0.0,0.0,0.0,33.9723089699821,35.65696012773311,0.0,0.0,0.0,0.0,0.0,0.0,0.0,0.0,0.0,0.05576152907791965,0.06594843959229024,0.0,0.0,0.0,0.0,0.0,0.0,31.452650168350168,39.920671367521365,44.15468196710697,75.60733213545713,0.0,31.452650168350168,39.61824203897954,44.15468196710697,75.30490280691531,0.0,31.452650168350168,39.920671367521365,44.457111295648794,75.60733213545713,CleaningCycle,92.54337453379952
92.84580386234136,0.0,0.0,0.0,0.0,33.98045355150582,35.63396217823255,0.0,0.0,0.0,0.0,0.0,0.0,0.0,0.0,0.0,0.0668264393337239,0.06575553594851868,0.0,0.0,0.0,0.0,0.0,0.0,31.452650168350168,39.920671367521365,44.15468196710697,75.60733213545713,0.0,31.452650168350168,39.61824203897954,44.15468196710697,75.30490280691531,0.0,31.452650168350168,39.920671367521365,44.457111295648794,75.60733213545713,CleaningCycle,92.84580386234136
93.14823319088319,0.0,0.0,0.0,0.0,33.970733405871385,35.60135057548911,0.0,0.0,0.0,0.0,0.0,0.0,0.0,0.0,0.0,0.03310268602253075,0.04748279371379738,0.0,0.0,0.0,0.0,0.0,0.0,31.452650168350168,39.920671367521365,44.15468196710697,75.60733213545713,0.0,31.452650168350168,39.61824203897954,44.15468196710697,75.30490280691531,0.0,31.452650168350168,39.920671367521365,44.457111295648794,75.60733213545713,CleaningCycle,93.14823319088319
93.45066251942501,0.0,0.0,0.0,0.0,33.98461492410458,35.62968638960662,0.0,0.0,0.0,0.0,0.0,0.0,0.0,0.0,0.0,0.07897933387395994,0.10126734200895982,0.0,0.0,0.0,0.0,0.0,0.0,31.452650168350168,39.920671367521365,44.15468196710697,75.60733213545713,0.0,31.452650168350168,39.61824203897954,44.15468196710697,75.30490280691531,0.0,31.452650168350168,39.920671367521365,44.457111295648794,75.60733213545713,CleaningCycle,93.45066251942501
93.75309184796684,0.0,0.0,0.0,0.0,34.0158257983597,35.694844812391,0.0,0.0,0.0,0.0,0.0,0.0,0.0,0.0,0.0,0.08058547973632812,0.1402167645736796,0.0,0.0,0.0,0.0,0.0,0.0,31.452650168350168,39.920671367521365,44.15468196710697,75.60733213545713,0.0,31.452650168350168,39.61824203897954,44.15468196710697,75.30490280691531,0.0,31.452650168350168,39.920671367521365,44.457111295648794,75.60733213545713,CleaningCycle,93.75309184796684
94.05552117650868,0.0,0.0,0.0,0.0,34.00104990209613,35.69516045865324,0.0,0.0,0.0,0.0,0.0,0.0,0.0,0.0,0.0,0.03485431042687992,0.04747023913037651,0.0,0.0,0.0,0.0,0.0,0.0,31.452650168350168,39.920671367521365,44.15468196710697,75.60733213545713,0.0,31.452650168350168,39.61824203897954,44.15468196710697,75.30490280691531,0.0,31.452650168350168,39.920671367521365,44.457111295648794,75.60733213545713,CleaningCycle,94.05552117650868
94.3579505050505,0.0,0.0,0.0,0.0,33.941019347446144,35.68194188052717,0.0,0.0,0.0,0.0,0.0,0.0,0.0,0.0,0.0,0.08058547973632812,0.09159090936998382,0.0,0.0,0.0,0.0,0.0,0.0,31.452650168350168,39.920671367521365,44.15468196710697,75.60733213545713,0.0,31.452650168350168,39.61824203897954,44.15468196710697,75.30490280691531,0.0,31.452650168350168,39.920671367521365,44.457111295648794,75.60733213545713,CleaningCycle,94.3579505050505
94.66037983359233,0.0,0.0,0.0,0.0,33.94300116540153,35.683585275250586,0.0,0.0,0.0,0.0,0.0,0.0,0.0,0.0,0.0,0.0346383254426712,0.09265957321887441,0.0,0.0,0.0,0.0,0.0,0.0,31.452650168350168,39.920671367521365,44.15468196710697,75.60733213545713,0.0,31.452650168350168,39.61824203897954,44.15468196710697,75.30490280691531,0.0,31.452650168350168,39.920671367521365,44.457111295648794,75.60733213545713,CleaningCycle,94.66037983359233
94.96280916213415,0.0,0.0,0.0,0.0,33.98498131336502,35.70472316813417,0.0,0.0,0.0,0.0,0.0,0.0,0.0,0.0,0.0,0.0,0.06897271633882696,0.0,0.0,0.0,0.0,0.0,0.0,31.452650168350168,39.920671367521365,44.15468196710697,75.60733213545713,0.0,31.452650168350168,39.61824203897954,44.15468196710697,75.30490280691531,0.0,31.452650168350168,39.920671367521365,44.457111295648794,75.60733213545713,CleaningCycle,94.96280916213415
95.26523849067598,0.0,0.0,0.0,0.0,33.96745553286558,35.66652420694082,0.0,0.0,0.0,0.0,0.0,0.0,0.0,0.0,0.0,0.035701891650838036,0.044259547814405664,0.0,0.0,0.0,0.0,0.0,0.0,31.452650168350168,39.920671367521365,44.15468196710697,75.60733213545713,0.0,31.452650168350168,39.61824203897954,44.15468196710697,75.30490280691531,0.0,31.452650168350168,39.920671367521365,44.457111295648794,75.60733213545713,CleaningCycle,95.26523849067598
95.56766781921782,0.0,0.0,0.0,0.0,33.94412054466346,35.63828967334989,0.0,0.0,0.0,0.0,0.0,0.0,0.0,0.0,0.0,0.036456329462289716,0.05527035592336915,0.0,0.0,0.0,0.0,0.0,0.0,31.452650168350168,39.920671367521365,44.15468196710697,75.60733213545713,0.0,31.452650168350168,39.61824203897954,44.15468196710697,75.30490280691531,0.0,31.452650168350168,39.920671367521365,44.457111295648794,75.60733213545713,CleaningCycle,95.56766781921782
95.87009714775964,0.0,0.0,0.0,0.0,33.97771134953771,35.66852932674817,0.0,0.0,0.0,0.0,0.0,0.0,0.0,0.0,0.0,0.072098466643844,0.03551723585785993,0.0,0.0,0.0,0.0,0.0,0.0,31.452650168350168,39.920671367521365,44.15468196710697,75.60733213545713,0.0,31.452650168350168,39.61824203897954,44.15468196710697,75.30490280691531,0.0,31.452650168350168,39.920671367521365,44.457111295648794,75.60733213545713,CleaningCycle,95.87009714775964
96.17252647630147,0.0,0.0,0.0,0.0,33.971808079957874,35.673666337528516,0.0,0.0,0.0,0.0,0.0,0.0,0.0,0.0,0.0,0.07795653913179734,0.1171656543979509,0.0,0.0,0.0,0.0,0.0,0.0,31.452650168350168,39.920671367521365,44.15468196710697,75.60733213545713,0.0,31.452650168350168,39.61824203897954,44.15468196710697,75.30490280691531,0.0,31.452650168350168,39.920671367521365,44.457111295648794,75.60733213545713,CleaningCycle,96.17252647630147
96.4749558048433,0.0,0.0,0.0,0.0,33.9626937828418,35.669195196749016,0.0,0.0,0.0,0.0,0.0,0.0,0.0,0.0,0.0,0.12633521650526802,0.12397271371993668,0.0,0.0,0.0,0.0,0.0,0.0,31.452650168350168,39.920671367521365,44.15468196710697,75.60733213545713,0.0,31.452650168350168,39.61824203897954,44.15468196710697,75.30490280691531,0.0,31.452650168350168,39.920671367521365,44.457111295648794,75.60733213545713,CleaningCycle,96.4749558048433
96.77738513338512,0.0,0.0,0.0,0.0,33.97761860644648,35.6650297270138,0.0,0.0,0.0,0.0,0.0,0.0,0.0,0.0,0.0,0.08014450058902867,0.0332893041647111,0.0,0.0,0.0,0.0,0.0,0.0,31.452650168350168,39.920671367521365,44.15468196710697,75.60733213545713,0.0,31.452650168350168,39.61824203897954,44.15468196710697,75.30490280691531,0.0,31.452650168350168,39.920671367521365,44.457111295648794,75.60733213545713,CleaningCycle,96.77738513338512
97.07981446192696,0.0,0.0,0.0,0.0,33.9715841951077,35.63035658972729,0.0,0.0,0.0,0.0,0.0,0.0,0.0,0.0,0.0,0.08005002804372907,0.11690677695669649,0.0,0.0,0.0,0.0,0.0,0.0,31.452650168350168,39.920671367521365,44.15468196710697,75.60733213545713,0.0,31.452650168350168,39.61824203897954,44.15468196710697,75.30490280691531,0.0,31.452650168350168,39.920671367521365,44.457111295648794,75.60733213545713,CleaningCycle,97.07981446192696
97.38224379046879,0.0,0.0,0.0,0.0,33.96953335039438,35.63849632368992,0.0,0.0,0.0,0.0,0.0,0.0,0.0,0.0,0.0,0.077999617640792,0.11920509867422169,0.0,0.0,0.0,0.0,0.0,0.0,31.452650168350168,39.920671367521365,44.15468196710697,75.60733213545713,0.0,31.452650168350168,39.61824203897954,44.15468196710697,75.30490280691531,0.0,31.452650168350168,39.920671367521365,44.457111295648794,75.60733213545713,CleaningCycle,97.38224379046879
97.68467311901061,0.0,0.0,0.0,0.0,33.987338773134226,35.68535922249439,0.0,0.0,0.0,0.0,0.0,0.0,0.0,0.0,0.0,0.038070800466719845,0.042826917991362734,0.0,0.0,0.0,0.0,0.0,0.0,31.452650168350168,39.920671367521365,44.15468196710697,75.60733213545713,0.0,31.452650168350168,39.61824203897954,44.15468196710697,75.30490280691531,0.0,31.452650168350168,39.920671367521365,44.457111295648794,75.60733213545713,CleaningCycle,97.68467311901061
97.98710244755245,0.0,0.0,0.0,0.0,33.96371420330662,35.689256217268884,0.0,0.0,0.0,0.0,0.0,0.0,0.0,0.0,0.0,0.08166643212057068,0.04132112107878072,0.0,0.0,0.0,0.0,0.0,0.0,31.452650168350168,39.920671367521365,44.15468196710697,75.60733213545713,0.0,31.452650168350168,39.61824203897954,44.15468196710697,75.30490280691531,0.0,31.452650168350168,39.920671367521365,44.457111295648794,75.60733213545713,CleaningCycle,97.98710244755245
98.28953177609426,0.0,0.0,0.0,0.0,33.96141150147395,35.63125596089942,0.0,0.0,0.0,0.0,0.0,0.0,0.0,0.0,0.0,0.04231230498971428,0.04267791685109046,0.0,0.0,0.0,0.0,0.0,0.0,31.452650168350168,39.920671367521365,44.15468196710697,75.60733213545713,0.0,31.452650168350168,39.61824203897954,44.15468196710697,75.30490280691531,0.0,31.452650168350168,39.920671367521365,44.457111295648794,75.60733213545713,CleaningCycle,98.28953177609426
98.5919611046361,0.0,0.0,0.0,0.0,34.018234931266115,35.6463713017295,0.0,0.0,0.0,0.0,0.0,0.0,0.0,0.0,0.0,0.03985511981260004,0.08059837956236038,0.0,0.0,0.0,0.0,0.0,0.0,31.452650168350168,39.920671367521365,44.15468196710697,75.60733213545713,0.0,31.452650168350168,39.61824203897954,44.15468196710697,75.30490280691531,0.0,31.452650168350168,39.920671367521365,44.457111295648794,75.60733213545713,CleaningCycle,98.5919611046361
98.89439043317793,0.0,0.0,0.0,0.0,34.01158576612694,35.662589460578886,0.0,0.0,0.0,0.0,0.0,0.0,0.0,0.0,0.0,0.07945371361768139,0.07991500366898663,0.0,0.0,0.0,0.0,0.0,0.0,31.452650168350168,39.920671367521365,44.15468196710697,75.60733213545713,0.0,31.452650168350168,39.61824203897954,44.15468196710697,75.30490280691531,0.0,31.452650168350168,39.920671367521365,44.457111295648794,75.60733213545713,CleaningCycle,98.89439043317793
99.19681976171975,0.0,0.0,0.0,0.0,33.970377986140576,35.64683382949431,0.0,0.0,0.0,0.0,0.0,0.0,0.0,0.0,0.0,0.08068103623817535,0.07982200580440235,0.0,0.0,0.0,0.0,0.0,0.0,31.452650168350168,39.920671367521365,44.15468196710697,75.60733213545713,0.0,31.452650168350168,39.61824203897954,44.15468196710697,75.30490280691531,0.0,31.452650168350168,39.920671367521365,44.457111295648794,75.60733213545713,CleaningCycle,99.19681976171975
99.49924909026159,0.0,0.0,0.0,0.0,33.92996321045174,35.6468305825259,0.0,0.0,0.0,0.0,0.0,0.0,0.0,0.0,0.0,0.07908761905402173,0.04009084756683734,0.0,0.0,0.0,0.0,0.0,0.0,31.452650168350168,39.920671367521365,44.15468196710697,75.60733213545713,0.0,31.452650168350168,39.61824203897954,44.15468196710697,75.30490280691531,0.0,31.452650168350168,39.920671367521365,44.457111295648794,75.60733213545713,CleaningCycle,99.49924909026159
99.80167841880342,0.0,0.0,0.0,0.0,33.93967057668641,35.67138857507308,0.0,0.0,0.0,0.0,0.0,0.0,0.0,0.0,0.0,0.03974965339727987,0.04047568460983797,0.0,0.0,0.0,0.0,0.0,0.0,31.452650168350168,39.920671367521365,44.15468196710697,75.60733213545713,0.0,31.452650168350168,39.61824203897954,44.15468196710697,75.30490280691531,0.0,31.452650168350168,39.920671367521365,44.457111295648794,75.60733213545713,CleaningCycle,99.80167841880342
100.10410774734524,0.0,0.0,0.0,0.0,33.98665044916147,35.699530969009366,0.0,0.0,0.0,0.0,0.0,0.0,0.0,0.0,0.0,0.03784623257105579,0.02099636368885882,0.0,0.0,0.0,0.0,0.0,0.0,31.452650168350168,39.920671367521365,44.15468196710697,75.60733213545713,0.0,31.452650168350168,39.61824203897954,44.15468196710697,75.30490280691531,0.0,31.452650168350168,39.920671367521365,44.457111295648794,75.60733213545713,CleaningCycle,100.10410774734524
100.40653707588707,0.0,0.0,0.0,0.0,33.94453844408536,35.69027515100778,0.0,0.0,0.0,0.0,0.0,0.0,0.0,0.0,0.0,0.12524375407221555,0.1665195958903496,0.0,0.0,0.0,0.0,0.0,0.0,31.452650168350168,39.920671367521365,44.15468196710697,75.60733213545713,0.0,31.452650168350168,39.61824203897954,44.15468196710697,75.30490280691531,0.0,31.452650168350168,39.920671367521365,44.457111295648794,75.60733213545713,CleaningCycle,100.40653707588707
100.70896640442889,0.0,0.0,0.0,0.0,33.93213253067837,35.68832587508176,0.0,0.0,0.0,0.0,0.0,0.0,0.0,0.0,0.0,0.04136906183558153,0.11039829441629223,0.0,0.0,0.0,0.0,0.0,0.0,31.452650168350168,39.920671367521365,44.15468196710697,75.60733213545713,0.0,31.452650168350168,39.61824203897954,44.15468196710697,75.30490280691531,0.0,31.452650168350168,39.920671367521365,44.457111295648794,75.60733213545713,CleaningCycle,100.70896640442889
101.01139573297073,0.0,0.0,0.0,0.0,33.95471668920716,35.65207237636888,0.0,0.0,0.0,0.0,0.0,0.0,0.0,0.0,0.0,0.004635080029686378,0.042010750567200716,0.0,0.0,0.0,0.0,0.0,0.0,31.452650168350168,39.920671367521365,44.15468196710697,75.60733213545713,0.0,31.452650168350168,39.61824203897954,44.15468196710697,75.30490280691531,0.0,31.452650168350168,39.920671367521365,44.457111295648794,75.60733213545713,CleaningCycle,101.01139573297073
101.31382506151256,0.0,0.0,0.0,0.0,33.954272737748056,35.64049865024075,0.0,0.0,0.0,0.0,0.0,0.0,0.0,0.0,0.0,0.03820470564314604,0.11236301167005536,0.0,0.0,0.0,0.0,0.0,0.0,31.452650168350168,39.920671367521365,44.15468196710697,75.60733213545713,0.0,31.452650168350168,39.61824203897954,44.15468196710697,75.30490280691531,0.0,31.452650168350168,39.920671367521365,44.457111295648794,75.60733213545713,CleaningCycle,101.31382506151256
101.61625439005438,0.0,0.0,0.0,0.0,33.95449160183505,35.66342953478896,0.0,0.0,0.0,0.0,0.0,0.0,0.0,0.0,0.0,0.0,0.08693468506700697,0.0,0.0,0.0,0.0,0.0,0.0,31.452650168350168,39.920671367521365,44.15468196710697,75.60733213545713,0.0,31.452650168350168,39.61824203897954,44.15468196710697,75.30490280691531,0.0,31.452650168350168,39.920671367521365,44.457111295648794,75.60733213545713,CleaningCycle,101.61625439005438
101.91868371859621,0.0,0.0,0.0,0.0,33.96401504498438,35.66260421619687,0.0,0.0,0.0,0.0,0.0,0.0,0.0,0.0,0.0,0.11761632323224092,0.017867073601721017,0.0,0.0,0.0,0.0,0.0,0.0,31.452650168350168,39.920671367521365,44.15468196710697,75.60733213545713,0.0,31.452650168350168,39.61824203897954,44.15468196710697,75.30490280691531,0.0,31.452650168350168,39.920671367521365,44.457111295648794,75.60733213545713,CleaningCycle,101.91868371859621
102.22111304713805,0.0,0.0,0.0,0.0,33.988014882273575,35.6451355541843,0.0,0.0,0.0,0.0,0.0,0.0,0.0,0.0,0.0,0.08221058984400997,0.11818144041858858,0.0,0.0,0.0,0.0,0.0,0.0,31.452650168350168,39.920671367521365,44.15468196710697,75.60733213545713,0.0,31.452650168350168,39.61824203897954,44.15468196710697,75.30490280691531,0.0,31.452650168350168,39.920671367521365,44.457111295648794,75.60733213545713,CleaningCycle,102.22111304713805
102.52354237567987,0.0,0.0,0.0,0.0,34.01141371658777,35.65772784538676,0.0,0.0,0.0,0.0,0.0,0.0,0.0,0.0,0.0,0.0873709930170321,0.12412590139909696,0.0,0.0,0.0,0.0,0.0,0.0,31.452650168350168,39.920671367521365,44.15468196710697,75.60733213545713,0.0,31.452650168350168,39.61824203897954,44.15468196710697,75.30490280691531,0.0,31.452650168350168,39.920671367521365,44.457111295648794,75.60733213545713,CleaningCycle,102.52354237567987
102.8259717042217,0.0,0.0,0.0,0.0,34.01065685921207,35.65257687977725,0.0,0.0,0.0,0.0,0.0,0.0,0.0,0.0,0.0,0.07288945421437631,0.07098804479022647,0.0,0.0,0.0,0.0,0.0,0.0,31.452650168350168,39.920671367521365,44.15468196710697,75.60733213545713,0.0,31.452650168350168,39.61824203897954,44.15468196710697,75.30490280691531,0.0,31.452650168350168,39.920671367521365,44.457111295648794,75.60733213545713,CleaningCycle,102.8259717042217
103.12840103276352,0.0,0.0,0.0,0.0,34.00295810223428,35.64026594955595,0.0,0.0,0.0,0.0,0.0,0.0,0.0,0.0,0.0,0.08058547973632812,0.010729480798161717,0.0,0.0,0.0,0.0,0.0,0.0,31.452650168350168,39.920671367521365,44.15468196710697,75.60733213545713,0.0,31.452650168350168,39.61824203897954,44.15468196710697,75.30490280691531,0.0,31.452650168350168,39.920671367521365,44.457111295648794,75.60733213545713,CleaningCycle,103.12840103276352
103.43083036130535,0.0,0.0,0.0,0.0,33.975916982396754,35.64639560923281,0.0,0.0,0.0,0.0,0.0,0.0,0.0,0.0,0.0,0.12655121431981087,0.1014671862945562,0.0,0.0,0.0,0.0,0.0,0.0,31.452650168350168,39.920671367521365,44.15468196710697,75.60733213545713,0.0,31.452650168350168,39.61824203897954,44.15468196710697,75.30490280691531,0.0,31.452650168350168,39.920671367521365,44.457111295648794,75.60733213545713,CleaningCycle,103.43083036130535
103.73325968984719,0.0,0.0,0.0,0.0,33.935820832240076,35.67438609651268,0.0,0.0,0.0,0.0,0.0,0.0,0.0,0.0,0.0,0.07054057205499475,0.03530388262675643,0.0,0.0,0.0,0.0,0.0,0.0,31.452650168350168,39.920671367521365,44.15468196710697,75.60733213545713,0.0,31.452650168350168,39.61824203897954,44.15468196710697,75.30490280691531,0.0,31.452650168350168,39.920671367521365,44.457111295648794,75.60733213545713,CleaningCycle,103.73325968984719
104.03568901838901,0.0,0.0,0.0,0.0,33.95949679518266,35.65882914102291,0.0,0.0,0.0,0.0,0.0,0.0,0.0,0.0,0.0,0.03339220029872081,0.06725324148576561,0.0,0.0,0.0,0.0,0.0,0.0,31.452650168350168,39.920671367521365,44.15468196710697,75.60733213545713,0.0,31.452650168350168,39.61824203897954,44.15468196710697,75.30490280691531,0.0,31.452650168350168,39.920671367521365,44.457111295648794,75.60733213545713,CleaningCycle,104.03568901838901
104.33811834693084,0.0,0.0,0.0,0.0,33.98719298396294,35.64923500707421,0.0,0.0,0.0,0.0,0.0,0.0,0.0,0.0,0.0,0.04623413186281766,0.034504949640492555,0.0,0.0,0.0,0.0,0.0,0.0,31.452650168350168,39.920671367521365,44.15468196710697,75.60733213545713,0.0,31.452650168350168,39.61824203897954,44.15468196710697,75.30490280691531,0.0,31.452650168350168,39.920671367521365,44.457111295648794,75.60733213545713,CleaningCycle,104.33811834693084
104.64054767547267,0.0,0.0,0.0,0.0,33.95840348365553,35.690824615018705,0.0,0.0,0.0,0.0,0.0,0.0,0.0,0.0,0.0,0.03296860248266853,0.04688891337121959,0.0,0.0,0.0,0.0,0.0,0.0,31.452650168350168,39.920671367521365,44.15468196710697,75.60733213545713,0.0,31.452650168350168,39.61824203897954,44.15468196710697,75.30490280691531,0.0,31.452650168350168,39.920671367521365,44.457111295648794,75.60733213545713,CleaningCycle,104.64054767547267
104.9429770040145,0.0,0.0,0.0,0.0,33.995671366886654,35.67396591641204,0.0,0.0,0.0,0.0,0.0,0.0,0.0,0.0,0.0,0.021040892464903038,0.0631035333534058,0.0,0.0,0.0,0.0,0.0,0.0,31.452650168350168,39.920671367521365,44.15468196710697,75.60733213545713,0.0,31.452650168350168,39.61824203897954,44.15468196710697,75.30490280691531,0.0,31.452650168350168,39.920671367521365,44.457111295648794,75.60733213545713,CleaningCycle,104.9429770040145
105.24540633255633,0.0,0.0,0.0,0.0,33.98708274237397,35.65571514339558,0.0,0.0,0.0,0.0,0.0,0.0,0.0,0.0,0.0,0.11261074417649297,0.04366719641388528,0.0,0.0,0.0,0.0,0.0,0.0,31.452650168350168,39.920671367521365,44.15468196710697,75.60733213545713,0.0,31.452650168350168,39.61824203897954,44.15468196710697,75.30490280691531,0.0,31.452650168350168,39.920671367521365,44.457111295648794,75.60733213545713,CleaningCycle,105.24540633255633
105.54783566109815,0.0,0.0,0.0,0.0,33.9547971089681,35.66361677609068,0.0,0.0,0.0,0.0,0.0,0.0,0.0,0.0,0.0,0.09495468111553151,0.07929301880103168,0.0,0.0,0.0,0.0,0.0,0.0,31.452650168350168,39.920671367521365,44.15468196710697,75.60733213545713,0.0,31.452650168350168,39.61824203897954,44.15468196710697,75.30490280691531,0.0,31.452650168350168,39.920671367521365,44.457111295648794,75.60733213545713,CleaningCycle,105.54783566109815
105.85026498963998,0.0,0.0,0.0,0.0,33.90579799204569,35.68223595765236,0.0,0.0,0.0,0.0,0.0,0.0,0.0,0.0,0.0,0.05007669838007445,0.0,0.0,0.0,0.0,0.0,0.0,0.0,31.452650168350168,39.920671367521365,44.15468196710697,75.60733213545713,0.0,31.452650168350168,39.61824203897954,44.15468196710697,75.30490280691531,0.0,31.452650168350168,39.920671367521365,44.457111295648794,75.60733213545713,CleaningCycle,105.85026498963998
106.15269431818182,0.0,0.0,0.0,0.0,33.97059784353122,35.655378160049075,0.0,0.0,0.0,0.0,0.0,0.0,0.0,0.0,0.0,0.04581796262353066,0.1454329149448057,0.0,0.0,0.0,0.0,0.0,0.0,31.452650168350168,39.920671367521365,44.15468196710697,75.60733213545713,0.0,31.452650168350168,39.61824203897954,44.15468196710697,75.30490280691531,0.0,31.452650168350168,39.920671367521365,44.457111295648794,75.60733213545713,CleaningCycle,106.15269431818182
106.45512364672364,0.0,0.0,0.0,0.0,34.03516845703125,35.660731928057984,0.0,0.0,0.0,0.0,0.0,0.0,0.0,0.0,0.0,0.08058547973632812,0.1416940207645183,0.0,0.0,0.0,0.0,0.0,0.0,31.452650168350168,39.920671367521365,44.15468196710697,75.60733213545713,0.0,31.452650168350168,39.61824203897954,44.15468196710697,75.30490280691531,0.0,31.452650168350168,39.920671367521365,44.457111295648794,75.60733213545713,CleaningCycle,106.45512364672364
