"event_name","AQT0","AQH0","AQP0","A1","A2","A3","A4","A5","A6","A7","A8","B1","B2","B3","B4","B5","B6","B7","B8","C1","C2","C3","C4","C5","C6","C7","C8","D1","D2","D3","D4","D5","D6","D7","D8","E1","E2","E3","E4","E5","E6","E7","E8","F1","F2","F3","F4","F5","F6","F7","F8","G1","G2","G3","G4","G5","G6","G7","G8","H1","H2","H3","H4","H5","H6","H7","H8","target_ppb"
"AmbientSamplingRFC","24.12465237456287","19.439266508913565","993.7002407554243","684.9149903825701","598.1460934299288","5107.577999713488","6559.528406254091","4248.766865150051","4035.128867468102","6966.218332691911","6602.175335289466","276.9291603086115","10355.743679569116","8026.463840355741","2534.3931053272154","1868.735255196429","2062.872458725014","23295.71974345485","14530.395997030852","670.8589400790486","1927.3325035526618","7533.070559299253","779.1330821939788","84302.66542407157","59925.02901984828","19093.62994243975","17640.571889926454","112.45450448073903","126.62033582636546","1188.5677274845048","1354.765126259474","106.14016028462358","121.83474234401653","525.5502991965286","652.6239071455955","372.31907865232375","400.408009862626","361.30670356333576","318.01712601708687","3499.3423912135404","2156.7675704153","913.2083519301295","742.5918920239714","877.9705647627118","5187.855238946524","7213.290888826593","8437.327185240234","27736.16874325835","896.7037138020287","965.7352787218058","1076.855093022033","85423.11325516799","86470.11690827357","69105.94035021531","72507.68353695983","42698.78777969639","239.48180702600084","504.36298021463307","227.43363677107988","21114.106458667688","17025.20446464183","15159.05651408161","15904.724619081888","7278.551762065624","6916.440102269546","6482.273388434748","5967.705179559314","25"
"AmbientSamplingRFC","24.121051449658793","19.593970018800015","993.8663563916548","685.7902035128367","598.8045432383025","5110.347078695981","6560.039661115545","4250.951249204329","4038.056184838674","6968.903164682734","6606.5457776753055","276.9211687540706","10297.011414351677","8049.9705731822705","2536.555815886331","1868.7395711425652","2066.9244667024273","23468.732759413953","14563.322557246904","670.7025594857562","1931.067671455471","7506.591486998186","779.0507333547145","84334.95897986917","59960.89203165593","19103.68859850613","17648.973188809854","112.50552990745406","126.66751800123336","1187.618171105271","1357.7725658408397","106.19651771044352","121.84327312139763","525.3324251169007","654.1604344956573","372.5655835382223","400.62057573392","361.52293879693093","318.1312399849303","3500.481689143771","2158.319330771117","913.6174520726256","742.9246127832627","878.7336620612233","5198.25299332018","7216.99070459668","8440.475807069053","27771.7252151466","897.1321277543583","965.7593976068654","1077.232945820451","85475.1140973404","86518.5564480925","69145.10572857385","72524.79945055908","42499.17614280967","239.56638508449902","505.4107620735363","227.54820533734417","21125.104600607367","17033.320590249303","15165.501293582895","15913.701014055534","7281.936685922521","6921.479483473673","6484.194747927005","5970.214860803532",
"AmbientSamplingRFC","24.120820374544856","19.435351149824207","993.7610422086498","687.2159747332477","600.0718171627602","5122.795425544158","6576.873370084397","4261.374622652409","4047.235366814799","6986.331383434887","6620.385129559336","277.6769092388671","10339.001564736836","8047.33747711127","2542.3538061886825","1870.7721009406919","2069.917547900012","23242.87118175477","14512.719632650527","673.440833437328","1933.0703102017455","7563.073390988429","781.1132053717172","84551.05452102162","60114.035812387134","19150.9107718524","17692.410180130977","112.8337299504528","127.01229127320012","1190.4508610537805","1353.3897856619456","106.45995168496465","122.1634898254045","526.6705211470924","654.600547228454","373.50392476459564","401.6006499558223","362.46284179525475","318.91012317623245","3509.1480963087015","2163.5906565107607","915.8485224223851","744.7645108556239","883.5518953602485","5211.924149496573","7237.2478963299845","8462.043116496849","27870.44231987874","899.3176885371473","968.1960834598353","1076.493955319781","85691.14368667301","86733.3945411258","69310.04177442647","72706.64107955748","42681.33768442804","240.11827942807187","506.1209877966407","228.13965349693612","21177.675382055404","17074.611137822227","15205.034115748567","15953.356697263673","7300.354337912823","6938.516917642067","6502.576630846267","5985.468303843879",
"AmbientSamplingRFC","24.13129204423332","19.463035338586067","993.7290624738473","688.6103615732186","600.2072425031611","5121.5505834424785","6576.758243580565","4261.396792541016","4047.0693327650924","6986.491746044049","6618.1979862431135","277.7003845928034","10345.819620861279","8008.601436621516","2543.07144151356","1874.4992212063175","2067.286343045976","23663.616092610282","14601.700115698775","672.8708983315473","1934.315013149018","7524.923070948561","781.3331015201687","84518.33542241613","60114.23617299377","19144.51257846154","17684.418010072528","112.79037956516164","126.99472668778397","1189.968657246865","1359.1099925356846","106.41310969798492","122.13783661238747","526.7785633478837","654.9727921600379","373.40936852371226","401.5028764391681","362.36950546391887","318.8583749911537","3508.288027088539","2163.079705818016","915.4780166870878","744.7811441040288","883.2054194549619","5205.756629453925","7236.139972224161","8461.400488326264","27810.63377897997","899.3203167307431","968.1022351095819","1077.947462010928","85654.60027664926","86698.30132252505","69314.88664578545","72692.84036491904","42603.86815674427","240.12633301154253","506.2830649988701","227.89640888368484","21172.377325166395","17074.082147304765","15201.015548622698","15950.262239379508","7299.482191535673","6936.802156744209","6501.036453456497","5983.530722595801",
"AmbientSamplingRFC","24.12154808289859","19.415453800949784","993.8616353192259","685.9805771673283","599.4989368972238","5117.018417386561","6570.193929886194","4256.895466745252","4042.9805071126248","6980.304672535806","6613.371518178438","277.3700744088445","10312.79234999","8044.375968566508","2539.5669313579942","1866.4881877473413","2067.8057593152153","23429.01546067029","14525.857892433001","672.7327278725573","1932.523702642032","7534.290654019476","780.1301797281924","84426.39900642518","60036.74151129429","19124.68574910558","17670.836005658035","112.69868469345974","126.87743245685861","1189.765154791148","1357.593490522141","106.3456467628541","122.02762023175316","525.9161680293431","654.0983752267391","373.0693401623297","401.1884919839906","362.0955735217345","318.51047247085535","3505.404290431137","2160.8929488188587","914.8735932177823","743.9880639645638","879.310325841317","5205.399968480359","7225.902102010496","8452.06356730689","27830.0125574435","898.4736724973966","967.5968530842429","1077.0182569556691","85585.02679756274","86647.72684956032","69243.4376361375","72631.02030217886","42541.61545281139","239.88655717857418","505.757670670448","227.82227995294642","21152.558569444107","17056.35625538901","15186.17540817741","15936.31989829566","7291.651285564779","6930.695793348465","6495.2214021022855","5978.337131989487",
"AmbientSamplingRFC","24.12081295478065","19.35155951209215","993.5573635324984","685.8523814028642","599.2822021948306","5111.184812041555","6562.559183797124","4251.720183479942","4038.050105510959","6971.789517670961","6604.827418647577","276.87577671645084","10334.142593932005","8042.3102324275405","2534.3196098095364","1876.7374627883871","2064.1076728798735","23478.270948732694","14533.91505453026","671.2794036664119","1929.899148781806","7509.637942108668","778.9777510652455","84364.28605743422","59962.822897375394","19106.85391090437","17655.871700421023","112.56700896323757","126.72209808960201","1187.3116467128136","1354.4215325171808","106.2005647798193","121.87845672202091","526.0574798232244","652.7976615071027","372.6546155634673","400.71870816810974","361.5742988688095","318.2050824422974","3500.197091714528","2158.6223288878455","913.6526577766591","743.1007301848246","880.196394452405","5193.43649421772","7219.22174102713","8442.500536635967","27773.044222908386","897.5062273472109","966.3399036343462","1075.949011522237","85484.37969773213","86547.88035942003","69166.6414848419","72545.00325074718","42175.971925051155","239.6629861713717","505.2385825977608","227.40267299129684","21129.801431052252","17038.85621532157","15169.15595909673","15917.334564066949","7284.5662947898845","6920.942076726921","6488.88247526793","5971.505548520863",
"AmbientSamplingRFC","24.13141811099096","19.559441445358008","994.0912705493807","687.0364239101012","599.8333049192954","5120.381303007802","6573.491525004274","4259.1987218870945","4045.106450756436","6984.389629480428","6615.401755174596","277.5485144497639","10316.483158291361","8029.081069506338","2536.9328809629483","1873.3874983569985","2071.5453836643674","23365.54924918906","14575.975429030883","672.2128073474892","1930.578155967912","7519.115415266007","781.1066870075279","84495.04226963078","60063.55709064905","19140.824929344908","17667.758881192112","112.75451959219318","126.93752968634658","1190.4259224559532","1358.5422809975869","106.38465175248295","122.09783748201163","526.2709324416765","654.0315781432844","373.22421496551107","401.35908680613574","362.2195272960151","318.7295461864401","3506.1821511879407","2161.836844501033","915.190233697518","744.4409112163452","881.7460711656126","5202.555461696478","7232.72565919162","8455.102620043195","27801.032525797673","899.1032895131613","966.7019900192258","1078.733868198062","85622.7802735449","86668.67918327969","69278.41481106545","72665.70924590882","42603.33460300226","239.96085344918606","505.99454652773017","227.82880624859814","21162.695726097467","17064.82413397488","15193.456574764448","15944.127697310943","7296.3698056953635","6934.486505170614","6498.93117869923","5981.981641175147",
"AmbientSamplingRFC","24.123888629531123","19.54622909833413","993.676702505379","686.104839677755","599.3559856428184","5112.6427451664795","6564.735070940882","4253.2095281044","4039.9173772244153","6973.396993250671","6607.686363956659","277.19163091388043","10306.458688972609","8014.646602622964","2533.0910810024093","1874.5644811424647","2062.2404440651126","23576.783720082956","14596.402052783258","671.9532889757967","1929.8143448785236","7518.108189881429","779.4162423392022","84361.73552356282","59985.11759223415","19115.135796675928","17650.192331059723","112.5924701211807","126.747960611085","1189.7333358351016","1359.6718571838328","106.2577827844987","121.91099382769693","525.9836839379016","654.0122010277279","372.7260862207002","400.8143551825927","361.7778693889268","318.2548925362988","3502.0871162342814","2159.2974540109985","914.00628053902","743.3237960327069","879.1914140913689","5184.799070298006","7218.048081019439","8444.750125380022","27779.075196251615","897.6835588864275","967.8145931783354","1074.9340781649428","85507.33175340513","86549.74355062722","69182.71217008322","72569.9583319549","42651.4420649025","239.72267473732978","505.86678956562497","227.5873243044662","21134.137589181904","17042.10183235869","15173.09284643342","15921.36156277846","7285.463519728927","6925.6488792966065","6491.061710812926","5973.032304212622",
"AmbientSamplingRFC","24.117264702690917","19.49067027622973","993.6191650013313","686.7862867117332","599.3400346566198","5117.472668822983","6570.489645505501","4257.732505811278","4043.589141250407","6981.122804758552","6612.490894498947","277.2965505877109","10349.107697765176","8035.821974966294","2538.726842476996","1873.8022579104784","2071.2048050288786","23238.0437407812","14523.611725817029","672.4803766127097","1931.7372598891475","7556.089834084723","780.0911583921592","84449.03813155674","60045.62889779827","19130.652286395933","17669.017012806496","112.72391298681208","126.86236228603609","1192.695730633377","1356.7720327196548","106.29704811533301","122.02617584784994","526.1904631358659","654.2924755468902","373.0898275759836","401.1067215924023","362.0589652308704","318.5474615605917","3505.655616969168","2161.313334632572","914.95801454791","744.0052450798029","880.3786156386024","5190.971132898143","7227.637635304451","8453.83651755204","27791.113042278175","898.3022950688425","967.0815137032235","1079.7375979157923","85574.98914900917","86637.35271990119","69245.4127647021","72623.76646215559","42757.254319280604","239.9034363186554","505.58564057051433","227.8633339715283","21151.748162791984","17055.6909164402","15187.569578840807","15935.34711465481","7292.110007194235","6929.491392787246","6495.257161044172","5978.6581469394005",
"AmbientSamplingRFC","24.1149312548268","19.414756790666512","993.7210827741915","686.8051622310551","599.0757692863746","5113.613323207634","6563.659126866294","4253.940577701983","4039.7387338841922","6973.631347964135","6609.423985122725","277.24135375932707","10326.97672554763","8079.170098141656","2531.941807590187","1873.3067960934195","2066.638365050044","23064.198477642833","14624.107699399467","671.769253537089","1926.4703407347283","7524.149401573434","780.0552267179338","84386.03501703464","59988.43329143619","19114.680032497163","17651.863928649593","112.61089505799936","126.74649977469753","1192.2416392565449","1352.0969607990082","106.20626411493588","121.96044275721974","525.9095551579056","653.953160675927","372.8028920727339","400.8747494179552","361.68237158843925","318.36633831594963","3502.8157180271533","2159.4567989991083","914.0508393090685","743.28789317283","879.5915121100829","5198.83769932588","7221.965737620095","8445.288649706332","27821.08918808979","897.8110499051855","966.1155896035423","1075.8960543023684","85520.7645609744","86554.0720103026","69182.42825584777","72576.68054441582","42527.57995364828","239.7211968290156","505.2070262807953","227.58568751538348","21134.557655208893","17042.77656168548","15173.794039939472","15922.54522511709","7285.786397417122","6923.978575726879","6490.425428297934","5973.597209024484",
"AmbientSamplingRFC","24.12967368074612","19.434151903509704","994.1350502153301","687.4678437738393","599.5100881297225","5118.233983172934","6570.421696179964","4256.646168484526","4042.314856349813","6979.539550755641","6612.022399914306","277.34676043640343","10328.233490401528","7990.009059445314","2537.5566718800064","1873.2811645790016","2066.138605082328","23196.904945099883","14599.686992364868","672.3537904736414","1934.831789481399","7536.406523690836","779.910176656739","84444.99015117435","60041.259675581794","19131.458418017013","17668.298709640883","112.68177662151025","126.87555436366776","1191.1515250795546","1356.6030968410757","106.3389888722784","122.0102085011054","526.7567466778511","653.7385815871955","373.0133880862945","401.135834517944","361.9815819901576","318.56229609841824","3505.3666405913837","2160.8564617018656","914.688556954692","743.9671341483482","878.5193548605823","5194.089735866176","7226.941173411379","8453.573260951182","27765.05698220246","898.2577553668996","967.2786021927606","1076.0961614902458","85579.48437433812","86639.85117428996","69241.45686738275","72617.43338718954","42604.78542840544","239.84149453519976","505.77194426966474","227.7443627108312","21152.71078278224","17056.852164575903","15186.315197976202","15936.182147980631","7292.513078317499","6931.755981760181","6494.976695328068","5978.609002898004",
"AmbientSamplingRFC","24.131271931928993","19.636151753852264","993.6099002018208","686.3335328256588","599.6906143807655","5120.077898919466","6573.508649159491","4259.142697384446","4045.3327757515895","6982.213837032577","6616.64416700805","277.53064729466564","10359.272133642304","8060.225927662788","2539.513154733162","1869.7078193354332","2070.4605511034993","23154.185501750675","14550.036553420035","672.4531164940879","1932.3359010284478","7519.108002048561","780.7211636185606","84491.80841903512","60069.52264271383","19138.979135413647","17668.209425971098","112.7342306957279","126.94319446018605","1195.1583144230858","1356.8439547976589","106.37796679436245","122.10862064125484","526.5807310460547","654.8126159163292","373.1843314430117","401.33930079069313","362.223888121461","318.71749565716016","3506.596645227449","2162.084114354122","915.4107413457563","744.2494524989551","881.0332116587688","5200.911209409025","7230.287422520243","8455.446637679492","27823.03651841465","898.7467372740489","968.6638710217089","1079.1218414789053","85616.45963126981","86677.06852686226","69277.08742945224","72658.77121596393","42583.451828841586","239.99207879992576","506.39647567929796","227.95520402471365","21165.19962232579","17063.350505816023","15193.822855140019","15942.000602106415","7295.350141226266","6933.123764408737","6497.422090262491","5981.115508716453",
"AmbientSamplingRFC","24.129684850045564","19.535793876079847","993.8065590367166","688.7024130043018","599.9299494176137","5122.199123099506","6575.431327920575","4261.3400929393065","4047.206083866546","6985.6999105529185","6619.321487927206","277.6743192875204","10338.773683895146","8030.786304389621","2539.2703317979826","1878.510074724572","2066.38165683756","23433.549915223866","14641.07109508631","673.559017772829","1934.9326308145316","7508.906439159938","780.970336095753","84525.68600264107","60094.41271557277","19150.412164844543","17684.33326630753","112.74471164752515","127.0225551282858","1192.0489621123543","1362.242768574339","106.42864611889362","122.14194573550846","526.7981344084527","654.7416018685523","373.4624815932197","401.5376223841972","362.3359123972723","318.82024422312793","3507.3595547297655","2163.09109058595","915.8484789941729","744.6161561577379","882.6000249307602","5207.653504376792","7233.443944110845","8460.713466684718","27866.444291800188","899.1972491098779","968.9815258394558","1081.250083768107","85661.7165010893","86730.10370832603","69299.12361148074","72704.42651440621","42613.80821015131","240.1385645977929","506.65365123716305","228.05882063969645","21172.02687572499","17070.77797450607","15200.290336564442","15949.76195432557","7298.74427367448","6934.278590796838","6502.549638351804","5983.871603035009",
"AmbientSamplingRFC","24.121394133235096","19.527838041205037","993.80333736542","687.1569430056932","598.7458031317377","5113.185341190622","6564.95870427833","4254.140618117499","4040.361709753168","6974.156406305597","6610.240003975772","277.1389432087684","10318.823073276919","8030.0083347301725","2536.6801019970208","1867.6508027199736","2065.956205494681","23335.670911101348","14624.329317774691","671.2055848283958","1932.3714617358914","7517.058935650549","779.6836204706683","84371.5701356119","60000.267116814706","19115.868927577994","17647.396287977313","112.56882410442337","126.79364470464112","1191.0939090048744","1357.8663760734712","106.2448280095451","121.9179982490299","525.89930173119","653.7675449824237","372.7523851562671","400.83121043240664","361.78787722752827","318.29712109996404","3502.170085596533","2159.3970438678007","914.0947128941999","743.363121635329","877.171013119663","5185.486951150984","7221.023423328532","8444.282711797909","27778.045523173805","897.5035600349185","968.1819215740553","1076.059298416522","85520.86610883067","86554.26394908411","69173.96615789855","72568.31800539624","42789.35601215787","239.62548540367666","505.6826920261229","227.51979867146275","21136.058053162116","17042.8057848359","15172.68623716794","15921.466064749446","7286.480105035899","6923.506305543099","6489.523903952152","5973.60889634179",
"AmbientSamplingRFC","24.13045706631913","19.509498418328622","993.7453710947347","687.2790991732505","599.8069741853619","5121.405796089658","6574.6110097426235","4259.821819584795","4046.194185652402","6985.320858943423","6617.399954312891","277.52302831261034","10334.73355541128","8053.519522088004","2536.6018329506405","1868.2439075485072","2068.65039072329","23474.855759163056","14649.896061794063","672.2200604640593","1930.823179047447","7519.881408290344","781.2977569596571","84502.7326438619","60091.333721236464","19144.28205092866","17670.89571315846","112.74626829553897","126.95400999932603","1188.6667352735547","1359.8491640749796","106.3796512835669","122.11079064125559","526.4361386457033","655.0660818933475","373.34324847039346","401.4275909761916","362.26316299398076","318.76156230858686","3508.270204064583","2162.670754846638","915.5883338935877","744.3724392123343","879.7371442559923","5200.84833044903","7231.331464052441","8459.614218245777","27837.605374408195","898.9840835187412","968.2654243610932","1076.6545591910879","85639.0017407783","86676.19715564855","69294.40363784389","72673.42335915644","42695.04085818041","240.0213021237169","505.95524268316234","227.8703179380861","21166.883211249144","17068.35196269473","15198.077160981256","15946.431823705136","7296.364902827234","6935.158971515332","6500.983364143385","5982.3214298122975",
"AmbientSamplingRFC","24.11846531223909","19.49899178128293","993.8916363184177","685.7339670807346","599.6669978490329","5117.462627141568","6570.605436532092","4258.645759016051","4044.0212701271093","6978.875929081492","6612.231127607051","277.61537411051995","10351.417693344958","8041.96094231601","2538.9014539380955","1868.4998266942016","2068.570132532408","23360.784921938335","14640.310540097867","672.667386380404","1929.9550673348165","7535.8380380363415","780.0952491698334","84434.1972875676","60047.89789367994","19129.326131807644","17666.274006667154","112.68769498808349","126.86588908072324","1190.8134539298026","1357.0872321511708","106.38050656264895","122.00653891015065","526.3361933507814","653.0602016514445","373.1021098201693","401.2065875828211","362.0053573864138","318.5811175923936","3504.567602924311","2161.8042487868465","914.9808906832974","744.0434828583734","879.4539703759158","5193.702882732948","7229.5628386489325","8452.91779197439","27844.20314514305","898.3640841923312","968.8484065568548","1078.7137450525115","85589.83288592688","86647.03983229735","69242.12636217609","72640.58319104185","42624.4464087701","239.90873004028455","506.01263043340055","227.754067797056","21155.21735476156","17060.102438694044","15188.014506561918","15937.981486211007","7292.734695867781","6932.048535872269","6496.953740373504","5978.876206202057",
"AmbientSamplingRFC","24.12783969833392","19.50942293639002","993.7565632638308","686.197412272932","599.0928986964755","5113.767186412244","6566.137265894117","4253.704158245899","4040.5865641122414","6974.543692329816","6609.116017144799","277.31403865055165","10336.910658374343","8015.902029689576","2538.4056660455044","1864.7937324812451","2065.997721355878","23316.754196370173","14607.80172539932","671.2854601149402","1932.2748780271986","7541.236878418186","779.372261117607","84377.88584341021","60000.42209589611","19120.564448414345","17643.034500220987","112.61091573296211","126.79616167432833","1191.0589895518929","1357.59272325497","106.2610390074193","121.94578135408332","525.9182374356583","653.4691591315749","372.7825308276754","400.80088181034506","361.73755813910975","318.3206323019645","3502.8467669812653","2159.139733756463","914.2063862965691","743.3702998700662","878.825464439515","5196.767074544477","7222.416516135496","8446.291628589568","27754.12020353636","897.7594875863236","967.4107381029448","1077.008945657506","85522.11900839226","86553.37900026166","69191.83176297223","72567.3557844213","42964.815910263955","239.72523694461668","505.71639802443855","227.6619276964183","21138.39911881345","17044.639235965486","15175.052820708968","15924.040020402594","7287.3664100790265","6924.747369787969","6491.2639670484095","5974.571343102791",
"AmbientSamplingRFC","24.124390240049113","19.62195892399614","993.8076383523952","685.7976000191552","599.2694903412411","5113.377743064888","6564.469671401084","4252.635298504141","4039.941314337377","6973.52631979722","6608.089951979815","277.2409266620663","10360.926301288031","8017.411581197016","2536.398815856111","1874.7337575025845","2064.374952697948","23405.786558397213","14653.495798719303","671.4179294629671","1929.3450226275504","7536.897128781316","780.1375262208082","84365.07519866848","60006.89677488558","19115.469932783413","17648.374465503697","112.60647836980048","126.73510848028381","1189.5544975433536","1353.047572963091","106.25901957259926","121.9494035474402","525.6425853237272","653.5606451457012","372.7526331779277","400.8214226293641","361.66591604152086","318.22414214651286","3501.504058414824","2159.78467049267","914.3178327138597","743.4080957557447","877.3484154280419","5204.074347789278","7219.137288560389","8445.814943720088","27759.637338113313","897.6497374199653","967.4789600664186","1075.9889789864608","85518.02995494532","86547.663960839","69183.87184681732","72565.54529733233","42737.973362761455","239.7243387960566","505.33099235487447","227.57734977266017","21134.00971540358","17040.40708060666","15174.464856512592","15920.690991415477","7286.22556170992","6923.609839336422","6490.155311893217","5972.885673370067",
"AmbientSamplingRFC","24.12303371527759","19.57778618773995","994.0968285015977","686.9106690895635","598.6812020007292","5112.31608062465","6563.806608517758","4253.88607142292","4039.3773335728697","6974.266979932619","6605.286801712475","277.06732211280035","10348.050858971928","8043.7988627956765","2535.063591770305","1872.9415364134518","2066.222732459939","23541.506257268207","14607.916825716839","671.2327479839571","1931.0934466578665","7522.006815742641","779.6113867522465","84368.93180801772","59986.64622617924","19108.172746080327","17646.721773328645","112.58141308583605","126.74602533024652","1192.0727056020773","1356.8615210586775","106.24658553728831","121.91590490185348","525.4520334225843","653.1633032031182","372.7058863132175","400.78660332281447","361.6120332687211","318.21004975142074","3501.4192567277673","2159.3827660944266","914.1982981301373","743.2828995503486","879.673211215125","5212.248498552639","7217.007479880479","8444.417070510208","27772.54174997077","897.4556787420523","967.4480594845755","1077.2442024036134","85514.98923017389","86548.69028938605","69173.13391560473","72552.60518535197","42501.26728321008","239.63234525373403","505.0262475048827","227.63101668395555","21130.999920262864","17041.067721393458","15171.417041808183","15921.244967695971","7285.700338595624","6923.640624647174","6489.599469249059","5973.120836142665",
"AmbientSamplingRFC","24.131612283200813","19.48523446285788","993.6369557142633","687.9146222925756","600.4286978000717","5124.495481793646","6580.9579389765695","4263.3134828556385","4048.616518333153","6991.135538529845","6624.669500537931","277.65898334793104","10398.54927686652","8032.082607657688","2545.84396867439","1865.6895830750632","2071.4675706625967","23354.069516750133","14627.032874461025","673.128508489065","1932.244525789816","7556.033157115851","781.2381858720341","84544.18171700742","60147.7685608605","19157.077340657783","17686.81259139654","112.83246689013636","127.05354742410024","1194.3365472043483","1360.1070886136918","106.50626503501199","122.2411248287077","527.378348351549","654.9707588993701","373.68078449092036","401.74804711866176","362.4983612199999","318.90661965576265","3510.0409365814553","2163.9601875311687","916.0686598654847","745.1131626917728","880.7304268370316","5211.094814758245","7241.493541189627","8464.45909487651","27850.919841404368","899.7362697416283","968.0125337087217","1080.6699019212263","85713.97488684951","86759.79091746519","69329.70495960332","72732.15685384105","42829.245746199966","240.22569164532854","506.96506673793385","228.05391099079705","21181.732883523036","17081.844694965086","15209.348888479424","15958.68908371617","7303.855302579258","6940.1185645155465","6505.527330979466","5986.508895934993",
"AmbientSamplingRFC","24.115393277569957","19.641061249297618","993.7045780897831","686.7969806666398","598.4430881452747","5112.61891954587","6562.8717470977535","4251.492434951045","4038.8253421143163","6973.755191547822","6610.3137375074875","276.76812983430585","10324.160806266245","8010.2162352343585","2534.1644321608333","1868.3372968738458","2068.747068221759","23300.271660752554","14546.303373422681","671.3456681498429","1929.4768294396013","7512.55093832539","779.273812168951","84343.72689038585","59979.5534532427","19109.018676352538","17647.703268441808","112.54523899862335","126.74159661542386","1189.400783742145","1356.6009667970518","106.23240355408349","121.88306812547893","525.9310532576424","653.9084351223202","372.6598204556843","400.6897242843066","361.6470987146045","318.2005625426201","3501.837301921834","2158.911249293011","913.7736895575952","743.2118223520896","878.2059293537069","5189.402199006811","7219.322169182277","8444.348283826166","27803.977123789246","897.3015956352726","966.590917110365","1076.113565710627","85502.90388618338","86541.33580842681","69165.30323592757","72562.28496875831","42487.47664665071","239.57477956504965","505.5476099298504","227.69662427194478","21131.092716752817","17038.606155420315","15170.274078361193","15919.284197700437","7284.899636228069","6922.88070734873","6488.899898134272","5972.693836956328",
"AmbientSamplingRFC","24.101712747453995","19.462054620551218","993.7998018982198","685.7291816001072","598.1052043451118","5107.079411649538","6557.823273764082","4249.978097950185","4035.0940338990727","6966.74140941881","6602.867472248709","276.8273873366685","10303.134759433162","8032.986929651333","2531.3112267021484","1862.1606951173437","2065.0916305303294","23387.258205116515","14628.890525418508","671.1051411822829","1929.0178098801273","7539.004476775443","778.7444832848887","84307.94084229207","59942.19079543926","19098.209422082404","17632.61881683722","112.46979631313417","126.65579430604456","1188.9075094090028","1354.4776603220166","106.14414322172523","121.81756096456097","525.4213061499172","653.2267989343403","372.3908988554455","400.3973176056457","361.43757672440535","317.9606010579374","3498.97254625123","2157.1925258957635","913.1508851991211","742.5962658254704","877.9568098879961","5184.565447249797","7214.0841778476815","8437.468087888314","27732.581406228484","896.6783909073507","964.485457298984","1076.6613068972617","85432.86390986992","86459.57169772827","69110.05997481104","72495.0754913393","42710.824333209086","239.35183480447242","505.55342758206365","227.34446243631336","21114.872707703144","17025.867903486993","15159.93321527939","15905.982846880965","7279.437359335378","6919.209643299202","6483.414049970724","5967.9271981735255",
"AmbientSamplingRFC","24.122456089354664","19.557325948849552","993.5890818553618","687.1391191775011","599.4040296942652","5115.858498811251","6569.177394576571","4255.487602000254","4041.93367124431","6977.4462683170705","6612.398676862856","277.119591271172","10343.10643032478","8048.313686334311","2533.562363770059","1874.365091352774","2064.2372321938005","23636.98833329645","14584.053298336594","672.2773896528613","1931.9985591180243","7537.86949741982","780.1113107500668","84430.27163654231","60026.781271370965","19130.414815109572","17666.551828668","112.70164673636529","126.81867893973555","1189.546008334072","1357.4118539717958","106.32726156325464","122.02698166673152","526.0867578956187","653.6659051413079","372.9889640708733","401.0955114332215","361.93799815055667","318.5125613735966","3504.9848135177253","2160.9348520395865","914.634364667952","743.798151815094","881.4514965863683","5191.781708876393","7224.196601243888","8452.278042307387","27784.511192239657","898.2142089190793","966.1411271970243","1077.2505552973817","85576.57656564494","86615.18639812905","69224.84543233344","72611.54989182373","42906.692233439026","239.83487410245706","505.4085268891935","227.77649246589021","21148.27921537598","17053.483814434312","15184.861792431291","15931.620194806852","7291.0560033143765","6928.967087943264","6494.27676320705","5977.348910815994",
"AmbientSamplingRFC","24.12876784555956","19.39273506113805","993.7249905990382","687.4459862874313","600.4945686399884","5123.688385255798","6576.927651859182","4260.794748597284","4047.521432917974","6988.044472082806","6616.848694633893","277.86786426772903","10352.191111072701","8053.999837390916","2536.952390809076","1871.4556020291077","2068.3161507316972","23497.868949578184","14623.209597476283","672.8809334316298","1935.4622979763726","7505.074862750025","781.154296773576","84547.07297307045","60103.70673844105","19152.686136201242","17681.311683674056","112.83170029991715","127.00389435912895","1194.5582030000116","1359.3495919283832","106.45545234182502","122.19861262658813","526.6622323817796","654.5657548628355","373.4564085900106","401.57916602480816","362.39304798697776","318.8985960456656","3509.0104703552674","2163.5356979705325","915.9133320158332","744.7915697332645","881.2053156814748","5213.140116634503","7231.450528244403","8461.062222494082","27829.220045855804","899.486124420693","969.427116852004","1077.0711080435944","85683.51969738446","86734.24393416617","69309.05039373806","72716.43593835285","42393.875922059895","240.14949936031448","506.42669790377835","228.01406434460174","21178.538072821677","17075.27965669208","15203.663736428782","15952.725620269604","7300.6795807638155","6938.938970083113","6501.54328641569","5985.494869943492",
"AmbientSamplingRFC","24.13106148528155","19.583405914476575","993.7489608452519","687.9742460447544","599.4288655471593","5119.115343238547","6572.532070643023","4260.006380766152","4044.9587006324805","6983.735041839105","6614.783133234616","277.3795370611351","10315.874385759655","8057.877857385016","2536.5566606038224","1872.4560265135744","2072.163676859812","23292.81497249008","14562.311792989038","672.5029701960472","1932.3696201693692","7531.775468244479","780.3514707555009","84473.18261933597","60055.24386313137","19138.28792479716","17668.479282149397","112.68165768377497","126.89513279143763","1191.365424894453","1356.2957652251769","106.37813240600994","122.08528835759338","526.2354039078659","654.5168352951822","373.19453792192775","401.2911274203322","362.09225281261376","318.6764051711591","3506.7262127143813","2161.4628512420104","915.2685655499668","744.2674357409395","880.4923021462661","5215.695285240819","7229.920805594285","8456.003807081857","27814.17171730149","898.747030601178","967.0650326910944","1080.211482040698","85625.06849032785","86675.60733483096","69264.74065937652","72653.47415298015","42746.17741732888","239.96063342866904","506.3143862203162","227.74496986111643","21161.55233134976","17062.233524610503","15191.968009520991","15940.868796857794","7294.141608106795","6931.693966792931","6497.153458536221","5979.9913291380735",
"AmbientSamplingRFC","24.142551435396314","19.417772337110307","993.8990732793533","685.8408828537781","598.8055233792053","5111.944842933741","6565.866259803749","4253.312597257355","4039.2881437170468","6974.481630772909","6608.977450034547","277.29623455972205","10374.224802832548","8066.725234497059","2536.2717363611087","1872.7433965768487","2067.2015324901986","23105.834500813788","14475.070898844078","672.1089561075947","1931.7380578133145","7549.0553585296875","779.7863304730103","84360.16140576196","60008.04228919601","19110.33268769285","17649.888135449895","112.59593343067952","126.75105870011048","1186.545776773001","1359.1328101435806","106.21827742743065","121.94886284195998","525.8031417884549","653.2566817087401","372.6789832570783","400.81111011616787","361.7412634245768","318.3508383212248","3502.381229320256","2159.3974319756335","913.8865385896996","743.4022033325933","878.3268818830791","5198.509272093807","7220.626526454266","8445.131987880586","27776.995822346104","897.7895368554844","968.1234696947938","1074.5794527832352","85524.75131133053","86559.94802287323","69184.33288986562","72559.73746041437","42369.1843428509","239.72181102904818","505.5526356209318","227.60400307139884","21134.89056626423","17042.163926152887","15172.705641061237","15922.25926972391","7286.2182122789345","6924.118415072394","6490.103663719846","5973.170933323431",
"AmbientSamplingRFC","24.12825605851771","19.466388554147983","993.8179380945006","685.5753717442532","598.2317083247282","5102.516502339836","6552.630783919939","4245.311955318667","4031.8632657819508","6960.122252538964","6595.518950516025","276.54268335336087","10319.954789053834","8010.266860240406","2527.6249828302252","1859.6136647525598","2064.2372248840834","23102.814836595164","14556.272335463562","670.4580781738551","1928.328144103494","7536.980516217285","778.1746105550674","84217.4795684097","59873.484193562","19075.793344400034","17624.147955363384","112.36161403828206","126.55907964801406","1188.4522278892211","1355.0290792975716","106.02615272004883","121.72496395845984","524.6493219398322","652.2887835842904","372.0458646270826","400.0637590776347","361.0428387983382","317.7063443612382","3495.4604749805044","2155.1264443990785","912.4779698477566","741.9353412638213","877.401145704677","5193.1354190764605","7208.344599108987","8429.375213102157","27771.981667360713","895.9529262397915","965.0129888539611","1073.889717949679","85348.9451688535","86405.9404580417","69049.51860548931","72431.39700409553","42363.69716571356","239.2435630087086","504.7743302239062","227.2096867752161","21096.030665582042","17009.039471535278","15146.289759394413","15891.829283163761","7272.842008291683","6909.128728443443","6478.637072456657","5962.651152673354",
"AmbientSamplingRFC","24.116445505345684","19.584535572483198","993.6845159853964","687.5076777747508","599.4044123816903","5116.601858160185","6569.026412353018","4256.148103134802","4042.161128587604","6980.900458881281","6612.2486729451675","277.4912312368936","10355.803765065175","8017.7817997887505","2539.8721928298505","1867.9212481444988","2070.1094679985163","23473.962453960212","14596.88354027388","672.7067806391134","1931.2271343297245","7562.334667526565","780.5304710061738","84443.15484518248","60036.03062879828","19120.37030598955","17659.780466307875","112.64635692604487","126.82009150695042","1189.1975126043938","1357.8055001766254","106.29459909044556","122.00606761700799","525.9451275319091","653.3851004006216","372.9943135487219","401.08036860215344","361.94944957062825","318.4663002423575","3504.229494776739","2160.95581005809","914.5076966611682","743.8739967134276","880.1728486699906","5191.004449124205","7223.4673155031805","8450.522102771545","27835.197819196506","898.2894196953615","966.231651114293","1079.1532507671016","85574.93907463115","86608.70427418925","69220.12890327006","72610.23087946585","42460.834554426416","239.85270814962823","505.89429104236467","227.72412770811488","21149.82569134866","17052.529657151004","15183.80486151561","15932.088165037554","7289.852091346766","6929.634316193657","6492.939785183443","5977.077065226469",
"AmbientSamplingRFC","24.13592643266309","19.5803840656829","993.7331232984977","687.9488665923518","599.7653853666504","5118.340305027354","6574.226596626874","4260.371382032548","4045.1853945527746","6983.090258665422","6613.356674937186","277.46429934140787","10352.407969814905","8036.751939201967","2542.7893146321353","1874.8016845479171","2069.85931188035","23452.814252105414","14464.917673971966","672.2455438947416","1931.4130196050219","7534.180438120179","780.8093664520725","84478.67639373368","60080.60541923132","19137.464028072856","17677.386067938245","112.72973507799327","126.95612386772116","1190.026792470784","1359.8476678004336","106.38515982356111","122.05832837587248","526.5638844506316","654.0909851504384","373.1996610377336","401.32370437736404","362.14767188672147","318.6988803041099","3507.112099781851","2161.927025072612","915.1360377222065","744.3077266006305","880.0870973946486","5188.760380536333","7231.558042979752","8457.520854045675","27825.03581072851","898.7097054817689","966.5601391989958","1078.193434701764","85631.36725807257","86669.26819493624","69268.96756357161","72666.72925748426","42528.830920942484","239.96994247317","506.0698913788137","227.68313220554205","21162.350756384316","17063.892564043017","15193.69623802592","15943.547131295321","7295.934716368506","6932.363676486241","6499.302327632511","5981.411560858431",
"AmbientSamplingRFC","24.133880626024293","19.664922530791664","993.9219849763742","685.0940201647126","597.7403335506237","5102.192833797831","6551.446184240522","4244.636514674957","4031.5102841389566","6959.029314115706","6593.470228587054","276.60808648235695","10331.9485681732","7993.144359768821","2528.191142255712","1874.2215487425115","2062.1878320702976","23023.400757870975","14567.881845915137","670.036774929095","1925.6805536735862","7521.542023704069","777.9765121944348","84199.55832950547","59880.6579123648","19075.439159479698","17620.361140341225","112.35560086501148","126.5375302692537","1188.1344468133107","1353.429283316233","106.04809972572195","121.69147596637747","524.9834571295899","651.3927219475446","372.01359925296725","400.04878033363036","360.9182008104689","317.69827891368703","3496.2910107619814","2154.712129958415","912.2616571914967","741.7964103594624","878.748570166197","5179.155534856794","7203.158543275243","8428.981709434662","27747.67429693657","895.8981570568867","964.7414793862905","1074.0155728344193","85336.92432874473","86381.49482989828","69044.7508479497","72429.561036111","42580.94642649586","239.23696487733463","504.1614638215657","227.11268870939742","21092.435210849228","17008.649005947114","15143.739840150887","15891.992651891544","7272.316718160708","6910.7502701935955","6477.120549827532","5961.216647739752",
"AmbientSamplingRFC","24.12509038488781","19.37944272921772","993.5786956205991","687.6896179787983","599.3500347424349","5118.747870858493","6571.810050870074","4257.103028876728","4044.162618935948","6983.480350780765","6614.828776341147","277.67016581789704","10363.772625146907","8029.0119789441405","2535.39974849882","1867.488013234881","2070.5879703709943","23105.03775826946","14644.379621205502","672.4830737391948","1934.0474229265544","7533.790618889978","781.0162212384586","84470.15287724043","60058.44577915395","19130.986152982307","17675.54351891388","112.71643411083916","126.87210418323909","1189.8899883596573","1360.0290165223971","106.37343365508482","122.07263377898865","526.7074348127047","654.5797765764073","373.1103380359392","401.2897835506713","362.0811858940155","318.60176566483835","3506.745429179573","2161.5627152217444","915.108501597145","744.1777714298157","879.9299142213803","5197.525477314703","7230.837388580663","8453.537794464932","27801.714264055947","898.6465559420379","967.8625608487744","1078.0089770573727","85612.02673767852","86650.03988918207","69258.53734869671","72647.40045372343","42680.216074555305","239.9935848418903","505.89689854994293","227.71022052288436","21157.48031804439","17060.05843860601","15191.247710917884","15940.190604988773","7293.964097075551","6932.5335711275","6497.137431728981","5979.76612662166",
"AmbientSamplingRFC","24.114548189723568","19.51232149296419","993.5178384306661","685.2846298335821","597.845361630483","5104.637369090422","6552.134497613318","4245.168616239123","4032.7720736670776","6962.173473665885","6597.30182565253","276.5854928519248","10274.598733631712","7989.348521165238","2531.254362744995","1861.8072450280044","2063.7140187776495","23171.885312005084","14651.156015063132","670.3369741101516","1924.5321363756966","7526.576705095561","778.2871120608396","84211.83209881626","59885.51907844052","19078.856861380766","17622.84803502212","112.37093414233206","126.56156073251734","1186.4994307527588","1351.9980012549306","106.02707507116706","121.71622106711266","524.8515179217344","651.9972740476283","371.9909701916665","399.9993664616146","361.0378278749322","317.67599685672536","3495.3297393706093","2155.2394275121237","912.5380145062092","741.969573376407","875.8452898301152","5173.312989592022","7205.193713395252","8429.311682352569","27744.711414344143","895.9146835532364","965.7710950216982","1072.7415229889089","85353.12552605085","86373.14352059283","69057.56973723858","72426.92662105695","42692.20920232224","239.32188829242796","503.8955515899735","227.3086124018366","21096.854927119653","17009.418385175308","15145.170379108045","15891.886330862399","7272.747558437281","6912.283569767599","6478.20083571743","5963.092663805179",
"AmbientSamplingRFC","24.133136584428488","19.441892670409203","993.8241739531101","686.3904336474266","598.6981934943602","5111.801504802931","6562.190932946359","4253.055314081768","4038.962398773284","6972.147106787901","6605.701876950048","276.9735081493613","10334.573853687878","8041.443015399566","2537.574495407787","1868.3492071879173","2064.3119616327253","23537.141822009788","14541.777664289282","671.5967066077692","1930.5327713891354","7522.9257721900785","779.4428589405944","84355.32905665041","59980.177993046585","19115.333450903792","17651.660962217324","112.55673049441124","126.76629491978717","1188.6490901505156","1358.397530195334","106.22138525939813","121.91437089577296","526.181521626121","653.5779614069025","372.65439106350345","400.7603719430351","361.58924888923923","318.26382590115","3501.651462468142","2159.0893910847435","913.9213902301923","743.2741134763227","877.9460752263542","5184.836493423416","7218.827947215658","8444.12220992351","27793.040591986042","897.4769017069024","966.5739442198558","1076.000782855553","85504.20111907643","86535.8890549631","69165.7297784165","72556.4916224432","42719.72624683619","239.64861319821136","505.70626916225194","227.483100076164","21129.832351169716","17039.776437552482","15171.92480247783","15917.56490029411","7285.320937907565","6923.076155554527","6488.434824774703","5972.617775018134",
"AmbientSamplingRFC","24.130649938652663","19.46103821447489","993.7030447980991","684.6262477337032","598.0694354899332","5105.714665845998","6555.80094857371","4247.112402082667","4034.193966029183","6966.579356340788","6600.276624610941","276.88821801416117","10295.863716519516","8028.1638728565395","2534.281615846304","1870.0385326074672","2064.521898170396","23250.93082492873","14578.724283245243","671.4148954446697","1926.7341392186206","7521.840786823907","778.4856148605712","84238.48326351991","59916.97998478293","19084.790896686314","17629.82510548132","112.43376450072783","126.59342743778667","1189.0648657054537","1352.0923764490578","106.11268776238909","121.76389796213243","524.9980653400901","652.8487455437212","372.21742760824975","400.3174141058245","361.38385329651754","317.87332227884673","3498.1855108642444","2156.447324558098","912.9733612026915","742.3621557059381","878.9090733328485","5188.291715010647","7212.314364178356","8434.23570399087","27718.183028369876","896.4285422729611","964.1550274375426","1075.364065794147","85403.30101368958","86436.3713602877","69098.28631919158","72472.39187136533","42490.4644572796","239.4055030438362","504.95536441152143","227.20837231564315","21107.34239102239","17019.138467779077","15152.797052079952","15901.691997986802","7276.385419614024","6916.827693972452","6480.832310212782","5965.577714414955",
"AmbientSamplingRFC","24.117519264323928","19.42369308456902","993.7430706979168","683.798869565956","598.0832424225952","5104.375497605071","6552.163274887613","4245.239368880154","4032.721918765749","6962.210734549111","6598.561014715268","276.6791573247965","10288.729549036701","7998.702208885922","2529.0756810494045","1868.8862721277262","2062.979385463333","23357.8619476728","14489.411483995016","670.1082677218449","1931.0726309017898","7511.451277371674","778.3345562194203","84228.64041954099","59890.092738180276","19078.67226360352","17625.05354748076","112.39908503518691","126.53521629188154","1187.3703887626125","1356.5499057130296","106.04828371503137","121.71727278513212","524.8079502385594","652.532788174194","372.07885559816054","400.10265310587516","361.1070678633194","317.79767863027473","3497.004079318671","2155.3649449008276","912.5547544313656","742.0505193711066","876.6905755059328","5175.9487211810365","7209.665323912914","8431.646785223289","27731.100185204916","896.1351939597834","964.9661243401854","1075.1884905894428","85362.83527064575","86412.87071057112","69056.16584066222","72438.52830225436","42830.87989584453","239.27694987318606","505.17839293872447","227.33433518973627","21097.72723332937","17013.328115655266","15147.495903265522","15895.456674946636","7272.918926057266","6912.230035533896","6478.285030813769","5963.011736652165",
"AmbientSamplingRFC","24.13394674428978","19.472245171535725","993.674925951099","686.5647551287154","598.6710194625147","5107.812909754676","6558.366460303053","4248.971924440745","4035.602193134116","6968.237692660868","6604.630919096267","276.7077378314317","10272.146848810931","8016.179592237942","2533.781915974952","1869.2383059532858","2064.009686387907","23202.630890188473","14616.524736076552","670.4237453511221","1929.8175116146003","7527.478819475721","778.5130303682391","84284.09558087138","59933.898152564","19095.47683102874","17653.89118627499","112.50205921692148","126.6546337860289","1189.1151087352823","1356.2206002846997","106.15610898925229","121.82842300798065","525.3895797900805","652.2947181158215","372.38004232679947","400.48338393498545","361.3282647884333","317.962015875942","3498.9493997721097","2157.298557520789","913.0571253255007","742.7436463921289","880.332128503176","5190.723670124963","7215.443922364724","8437.732471606947","27744.427859692187","896.8396192838038","966.0885173941122","1076.329444975001","85431.43992643662","86483.51201539629","69118.6832896298","72504.04791072069","42310.428016138976","239.537090124966","505.28887740542876","227.4790268195087","21116.26432957691","17027.451549983707","15160.089276606133","15907.754053386943","7279.562281103804","6918.522437548569","6483.462679239455","5967.867565204894",
"AmbientSamplingRFC","24.11308961670296","19.51640773709564","993.9541052450523","684.5836688621187","597.8394025837299","5103.7047861311175","6551.934445917181","4243.901379911885","4032.834210381001","6961.359506659858","6595.777592078527","276.504692070845","10313.371132765249","8012.704007055324","2532.690847162531","1861.6920416283322","2061.2266079650335","23213.398804016328","14560.070708122688","670.3627836595617","1925.5513851110384","7511.662676812853","777.8895426990626","84239.99722324163","59880.450728829856","19081.24945774583","17617.90615608614","112.37799479778586","126.52229327196977","1186.5890907681812","1352.4041157303038","106.02308572641576","121.70433862112488","524.4920567248081","652.2813468729838","372.0977735482833","400.12369023123824","360.9963638161593","317.72589503006645","3495.9714704840458","2155.14020015633","912.1910835080406","741.9514289556947","879.6821228524769","5195.287761641432","7207.0195637502475","8429.197207027275","27745.584793299236","895.9950864020298","964.7470005086221","1076.8386898501396","85348.8686386613","86388.5381911578","69059.92790248315","72429.4067762829","42544.72184122391","239.18745930326813","504.327120742587","227.27540537640223","21092.950070053343","17009.84980951996","15146.00031984313","15891.94254867989","7272.261280540047","6909.906540868307","6476.508406051757","5962.639795127418",
"AmbientSamplingRFC","24.127766292129095","19.556636530036627","993.8440840180102","685.5967094079438","597.7572549274748","5101.144329992346","6550.258779651887","4244.627945720974","4030.4924296872473","6958.017156251298","6595.106185431013","276.52794097382633","10326.686306129723","8029.090079026544","2529.923850586887","1864.1337070107297","2060.7236058993053","23275.043969115388","14470.666589098926","669.5288806348711","1923.8065710172525","7505.77995381619","777.9650791810078","84179.26065740827","59863.62988972801","19072.649166230254","17619.285678807915","112.33421218268737","126.48981237024427","1188.5313057946853","1352.8340144073488","105.9864074692144","121.65656903959577","524.6398944837359","651.3127446974954","371.915638019467","399.9658031353472","360.9271250739337","317.6056616239619","3495.1998996297802","2154.9615694101462","912.110994825864","741.732823574453","877.139612748165","5174.605033468847","7206.101485259863","8426.656241577197","27730.467856760926","895.6493666832096","965.1253913604119","1076.269170708816","85322.453552915","86384.42201085696","69028.74842854077","72409.23227571925","42406.02768241754","239.13875885158234","504.61861407395094","227.02315208055052","21086.396636717844","17003.267140466403","15139.620014874281","15885.248615912089","7269.965766719842","6910.699689953849","6475.2895145533685","5960.481674395931",
"AmbientSamplingRFC","24.121710561341065","19.586240683892957","993.5610731210983","685.0897116749438","596.6829386097564","5096.21566085549","6543.229399496869","4239.4700992979215","4027.585883273139","6950.974990917201","6585.538788612451","276.323578405425","10275.490204420077","7982.241450491794","2526.8493518694777","1861.7359359418724","2059.34492923683","23261.062692365216","14578.652031790223","668.8372993516299","1925.7774539526042","7514.933596664199","777.0789579595244","84080.35339559086","59795.0868813266","19049.870017357127","17591.066754124","112.23052936732523","126.33831095501453","1187.4038698957197","1353.8209501331776","105.91088278219847","121.52071600564064","523.941251169809","651.1352056425699","371.52463185297296","399.46653074067024","360.5826580747917","317.2014446031965","3490.4539161348835","2152.252799730157","911.1277061587126","740.9004021238695","876.5551214003538","5187.621724281458","7195.415879477066","8417.767644199977","27646.22191031888","894.6993830884716","963.0515798577227","1073.5527708083366","85239.09300024588","86266.62592909591","68946.22470345223","72333.9736033164","42559.80890800055","238.80523644662927","503.51362390119004","226.9032147036293","21064.2974181949","16985.666467816227","15124.765014765195","15868.742734701442","7261.353682810012","6902.761241477354","6467.44284825755","5953.996263705941",
"AmbientSamplingRFC","24.130695184435172","19.44071031346701","993.7941737722788","684.8625922204095","598.3128030992427","5107.542290130072","6557.886138088313","4247.87721237659","4035.6928770739173","6965.948098924859","6601.109488335445","276.931804806828","10311.34863653012","8009.673240873171","2532.0347897592133","1867.202759435462","2064.635549529802","23098.050228176326","14567.405120737196","670.9155217788226","1931.0681230060209","7504.71618526083","778.5015684746112","84309.9601528309","59922.8893142698","19095.84936974634","17645.186314755334","112.467551930029","126.61630325571394","1189.3571079934486","1356.0809976070204","106.14914735762227","121.83337223912285","525.3823403018624","653.0819953996865","372.36602448040077","400.3901685695301","361.2863286416441","317.97688765309016","3499.001998226578","2156.8632107602493","913.4363970750932","742.5772191710579","877.1539784026822","5194.108160324542","7213.352693427156","8436.576647417809","27754.32517107419","896.6654073746021","964.4980905816639","1078.657534144382","85420.94674480733","86465.60294508123","69112.3253970195","72494.2531996458","43061.5495186775","239.44863386537756","505.3105901244367","227.37947730099017","21112.017788788045","17024.033117389587","15158.399921510994","15905.728901699264","7278.638413466861","6917.747128281369","6483.593268569751","5967.1401604216135",
"AmbientSamplingRFC","24.12379553660611","19.686090015535395","993.8946118000051","685.2054033339986","598.2395984688087","5106.309485404994","6556.278019535509","4248.613914787754","4034.6078747267093","6964.063264545002","6600.888153669188","276.63923233850323","10335.195330851615","7977.824354836057","2533.3348876423934","1863.2935617773462","2064.88816343464","23122.321338518643","14586.651978215135","670.2708475104073","1929.2425136973168","7495.851717616985","778.4711413893215","84281.65139375812","59910.04971977267","19094.42679296033","17632.43769116403","112.4363068676192","126.63290152617029","1189.8907000113804","1353.960213226286","106.09639755487503","121.739498342042","525.3521733641601","652.2019890337983","372.2304107638413","400.27353813810333","361.26395882267366","317.8977221266089","3498.1811811013076","2156.900348525344","912.7661967556661","742.3599373478431","877.8043760755816","5180.262618954589","7212.262393249332","8434.141359200148","27774.755253390947","896.5595370166619","965.133195786761","1073.9440506980213","85402.67546899573","86444.0357022296","69093.73669266995","72480.176089468","42533.06176926768","239.40132646484327","505.2890912263407","227.19533510804652","21108.195030090665","17021.996679085238","15154.770722923899","15902.216995989267","7276.25259987576","6914.274325405051","6481.7982912645675","5966.359849238124",
"AmbientSamplingRFC","24.13011481178282","19.57876236353838","993.7879456001002","686.9042661541356","598.2274758503613","5107.781191581853","6558.402582064871","4250.045178355026","4035.4122510584225","6966.235853038555","6600.502020095601","276.6657217565816","10325.638598785903","8007.869412576712","2535.8991167273475","1868.6465186261091","2064.8120953989405","22962.78472561477","14580.323799129346","670.954708953062","1928.9443666415905","7517.609876028381","778.7611255001128","84292.30848664265","59921.47224540257","19099.976154508968","17630.297088109335","112.48757863964309","126.62572347526661","1186.3068116797804","1354.4999984166207","106.14530510791035","121.83146776058219","525.3017373582336","652.6937215636796","372.4198819845618","400.38345395407026","361.36703841578543","317.9649886494799","3499.2062233767833","2157.052575227432","913.0791153271737","742.5746416050805","880.0232879463554","5182.843416247609","7213.354664201061","8436.248730695568","27733.54923606396","896.684925904331","965.572033644048","1075.2002513117545","85414.85551113031","86473.56623341392","69118.570890173","72489.9576456018","42454.69399780124","239.44490210328303","505.22078242518313","227.48437737317877","21113.58301923971","17024.740986539928","15159.313746224227","15905.169925174845","7279.8408451674","6916.93444758962","6483.707971461485","5966.907566795205",
"AmbientSamplingRFC","24.133709027481864","19.438768790240978","993.648567751134","684.5825683627291","597.2833192034832","5102.48017766835","6551.443209393123","4244.358024924788","4030.1763145923896","6956.621394109222","6593.28734767374","276.50701760088145","10325.697070848883","8007.067519824374","2528.5664188218234","1867.8333404018897","2061.736421731901","23334.59468375561","14600.035406126652","670.4499581446925","1925.820696379767","7514.062804131204","778.0946444788148","84204.34056135321","59865.13299831455","19072.383803379715","17617.12852571844","112.35099793483067","126.46824968653674","1186.8013398305943","1354.731292283616","105.99957467083007","121.659008097033","524.6701510825471","652.6315228698224","371.93612926274767","399.95976505408527","360.9204185599663","317.62021856541406","3493.7068108763006","2154.8962549613066","912.2128409507402","741.6971943885244","875.7156724021041","5185.3972323494","7206.3217450359225","8427.964889022445","27731.592271155507","895.6302001777839","963.15479209667","1075.3999208707664","85325.67707078507","86372.2256985134","69035.81523427571","72412.48369573297","42403.41801984682","239.0808825789695","504.0177644491495","227.12234033064075","21090.070205882574","17005.848728372577","15141.054065545419","15887.768686627793","7269.030308864678","6908.468371966025","6474.740711608199","5960.409680050299",
"AmbientSamplingRFC","24.127158349610085","19.51327632452401","993.4771291815846","686.5880550933939","598.4812151498392","5108.760499726555","6559.776207966476","4250.880140763527","4036.7642340099915","6967.6037998622905","6602.103146893602","276.9658564566043","10288.191720055574","7987.696790375829","2531.9238959479594","1871.6765663780784","2066.5079961542147","23409.85233289544","14564.658900738868","670.8228798469469","1928.2568391058123","7522.022455854966","778.9091402911048","84305.55158055326","59937.6516395478","19097.287467007784","17630.43307368355","112.47870428469892","126.68207624543905","1186.6911619407265","1352.5390779766508","106.15350479762806","121.88740482736367","525.9858897674332","653.5071376443145","372.42837046496726","400.4990514034851","361.3713248404118","317.997934282856","3499.9253367426313","2157.0269429856985","913.3673750029689","742.7100910843371","876.0427677599209","5179.060807040878","7214.24759983702","8440.156979875115","27743.177371648395","896.8751537231371","965.4413596390802","1078.1066743630379","85454.28972809928","86490.37198093503","69123.71486033552","72512.2804142507","42669.65864522296","239.50281830464593","505.15009130513624","227.4533579466445","21118.044513121287","17029.72160364783","15163.777333049695","15907.969547872395","7279.70789884661","6918.2901767062485","6484.922683279706","5969.246812391653",
"AmbientSamplingRFC","24.128281819946974","19.510764272675388","993.6441251606635","684.8965494442897","597.3530262013958","5099.0976870777295","6544.895113005831","4241.889591136212","4028.189716138553","6953.595819812624","6590.3171747083325","276.29045059869196","10300.44847319158","7960.71637503648","2530.116121934339","1866.271629707339","2059.003546125655","22976.051125037604","14473.157414344169","669.3405216934996","1923.2490324354249","7504.765567827762","777.574068706509","84144.72801645218","59833.44487606481","19061.220033072248","17596.42744766792","112.26621923707191","126.40617342827177","1187.847095796044","1353.730811729042","105.9585165475586","121.60492685308799","524.3037839242662","652.152731294626","371.6772143180825","399.6704027919087","360.749547506469","317.33255541605274","3493.3369357743395","2152.9697092250144","911.6905537788701","741.2274154280013","876.1603813413639","5169.8405581731895","7201.683514687587","8422.039711995249","27691.408666007537","895.1178622260321","962.8944348746586","1074.427739728262","85269.44130877437","86319.80046329829","68987.61193492838","72358.59900609792","42051.85994490011","238.9169057890951","503.5708398606225","226.9896557037545","21072.722179397504","16993.69132980195","15131.26622178763","15876.635229456851","7264.764570198506","6904.971209846534","6472.1849132198895","5955.354462654282",
"AmbientSamplingRFC","24.120588731085288","19.3661598389672","994.0159065924917","686.4358435114618","598.7923093006495","5112.3999234601015","6565.690705528577","4252.492787306418","4039.2500195290486","6974.032105873134","6606.482225723258","277.3575182383987","10336.72995790503","8025.241505238649","2538.9508272034795","1864.8380734838065","2065.232021779431","23603.621242390873","14587.776360393478","671.3492020581431","1930.8465899351027","7556.222778663016","779.6043661644891","84355.69411858717","59990.848106851954","19113.109672690895","17646.88482973892","112.54823036174892","126.71546121501311","1193.7960450351104","1354.456301641305","106.2150352197281","121.91479920087808","525.6312681374266","653.8335117233728","372.6915344039967","400.78814032139377","361.8045495675551","318.22182451746426","3500.8706121530495","2158.7811725106462","913.9372815190075","743.195123666542","878.9592611924212","5191.019392046866","7219.296991891132","8444.082263760336","27765.810203948808","897.4837716655607","966.3962893079783","1075.1120479120168","85515.3373566547","86536.84223672187","69184.43821326912","72551.27781891178","42665.288282694346","239.6455102962303","505.4092740401804","227.5476200435435","21131.794146509365","17040.095199994175","15171.25063826085","15921.075441873252","7284.563095968408","6924.132098101626","6487.143595268244","5973.276980230565",
"AmbientSamplingRFC","24.127237918104353","19.522269599836047","993.819451238052","684.2160086925256","597.4094373454526","5099.115772208367","6547.284503772334","4242.287723921352","4029.1058685617004","6955.033134768651","6587.929313059382","276.5219090544992","10284.24309524231","8017.883487308281","2525.424914310189","1865.3645526616124","2061.659599662012","23071.31451935425","14503.625369368743","670.1486047040478","1924.855353864863","7508.217055204653","777.5445025778141","84142.45643384276","59829.89286347607","19066.249328099588","17604.13201105363","112.29218023534249","126.42167477156292","1186.3497912155626","1351.197406566131","105.91987475258772","121.58977599156465","524.5316317422854","651.2517566120135","371.7356049207095","399.75647668598305","360.75672908338873","317.3728337227277","3492.865152183719","2153.2741506710613","911.5479620977395","741.348085905639","878.2917677980288","5185.5306075367835","7202.39599992538","8422.500648291785","27696.401164541905","895.1953115842279","964.6611413171745","1073.5906665818968","85289.44848378793","86309.70566122103","68993.52051537244","72367.86000335343","42488.06510769506","239.05679743140993","504.0952862641864","227.0534315093346","21078.67590361946","16995.510478474207","15132.189926363357","15878.546687914713","7265.048870129097","6906.635984082112","6471.618059403874","5957.281179599404",
"AmbientSamplingRFC","24.12827292416527","19.541518242464374","993.7965862777957","683.9843046087794","596.8419821441348","5094.496890058155","6540.388523755255","4236.6010123132655","4024.965401685717","6949.395544037204","6584.130033057521","276.1289959015258","10316.312335663551","8026.530329553921","2527.9128128062225","1862.4420028148306","2056.8289981818543","23009.01556637712","14542.960706471817","669.039251425217","1925.1408479820068","7504.165786409159","777.0346929703591","84054.49367041094","59778.32535944157","19045.21843023428","17581.445911740855","112.1997580350411","126.31374289028956","1185.2696804112493","1351.1844049351305","105.89093729588572","121.51073616651675","523.6962611314515","650.9917269840962","371.33582101973604","399.4189265999839","360.4321387712164","317.16176435864685","3489.659714334703","2151.4979009469357","910.7847535946729","740.6005775596448","877.3918058549514","5181.70073992441","7196.322575999598","8415.24388124963","27704.43573364974","894.2903947441002","964.0474031427599","1074.3361518290835","85223.34097525771","86251.3352253962","68928.90344734475","72307.6143185382","42575.724416804325","238.802896438629","503.93135069911193","226.84950964081318","21057.370642593596","16980.161843876213","15118.721367310593","15864.38135114372","7259.9029571283045","6899.800285818112","6466.110865335405","5951.967502463708",
"AmbientSamplingRFC","24.12804547387523","19.60627652896657","993.5230662652713","683.961459858862","597.6792775239392","5100.508699022559","6549.813848708835","4242.841285289855","4029.52817702301","6958.137734339849","6589.753013936012","276.30070705086814","10286.561486033304","8019.096035807371","2531.7934092629052","1866.2140360654414","2064.352358936761","23234.374073460072","14505.251612719383","670.382201098551","1926.0079615697375","7494.835787337647","777.8177609816655","84152.34636328193","59845.0463842341","19065.01197686044","17613.850120488936","112.30485061477566","126.47114318581119","1189.412205997587","1350.5634731409386","105.99529983456706","121.62548882769912","524.9179261949654","651.9520233458204","371.7918218010034","399.8108116263904","360.8928897132428","317.4921683175233","3493.7378731721656","2154.300010993859","911.5156574215216","741.5603105302694","878.465440121289","5177.9760981171985","7203.685304011438","8423.86969987612","27724.329693554828","895.2935485890474","964.7256979478803","1075.705085212758","85323.35821830845","86341.55642974282","69011.36472633494","72385.43595157363","42687.68771165857","239.03228444250755","503.84736689702953","227.0607494101998","21082.97931866978","17001.283418225892","15136.48530229821","15883.6187722816","7268.343749019544","6905.200122159507","6474.512570874866","5958.40235091223",
"AmbientSamplingRFC","24.121225339633128","19.64249069097706","993.815628056754","683.708527765193","597.452567877509","5096.447924162883","6543.739819847782","4238.482630289544","4026.5132164456268","6951.964720456462","6587.952728999584","276.27369852833607","10301.78223270463","8015.360216285811","2530.0937239643786","1859.8673156642142","2059.6980495465496","23141.974133739048","14468.632821718793","669.2413521095627","1925.0971229895474","7517.78339891064","777.7309594729326","84100.70935318759","59800.47738821029","19058.456811574404","17604.90766015164","112.19930398153669","126.35373868506687","1187.171529243966","1350.6474719930084","105.889684836391","121.54376175532268","524.4412373444449","650.9900109139255","371.55169985627276","399.5735705101282","360.509725170441","317.27651791022635","3490.7912898108066","2152.1117289857016","911.0735744655381","740.9641109865524","877.3436416794297","5163.158963968374","7199.139042615198","8417.465660748556","27714.620114177284","894.8108416850554","963.6907223887823","1075.7140430495408","85244.43943528249","86277.1520476844","68960.91228608423","72337.43254144792","42582.15213476619","238.92993055034552","503.5082231589186","227.04105625456526","21065.943192043513","16989.680916855297","15123.999300115063","15868.985931901154","7261.763853907585","6901.994374528213","6468.939518645871","5954.104495086378",
"AmbientSamplingRFC","24.1287108801558","19.426464266595943","993.7376659655047","683.1746622400584","596.2501806175835","5090.33370894129","6535.14138611706","4233.414520362432","4021.090062283342","6942.087471950923","6577.606870714645","275.9306632442171","10281.96982332142","7987.130984501286","2524.9238596211994","1856.2886016033015","2054.031046555703","23390.58710992921","14561.360115474441","668.6002510599246","1920.8992978064211","7501.494543013832","776.2432665941453","83992.14919886085","59710.7593947313","19024.728994868885","17569.70449257499","112.06309515457312","126.16016013702573","1184.62279381182","1350.166084316864","105.73827918499741","121.33845782735553","523.6985393053523","650.3976155274336","370.99677218777947","398.93583989417374","360.05766638409403","316.8676275420632","3486.926005934534","2149.073218499337","909.8429544398642","739.8421829584868","876.0036170497085","5158.168571360234","7189.354588882263","8407.509788815923","27659.439951796576","893.4428710881181","962.8389442512911","1070.1713441759628","85125.03215264318","86142.29347551263","68861.7852429863","72231.54986260859","42463.52357263362","238.55242625237264","502.8399342037395","226.67693152537544","21036.90753957674","16964.14428613669","15102.844209211296","15847.521034444864","7252.208477945954","6891.610909214006","6461.403908021309","5945.665026391757",
"AmbientSamplingRFC","24.12210658661769","19.551466668198458","993.6276698343985","685.8778027503976","598.601500764807","5108.5890753702515","6558.501706443156","4249.68657208924","4034.811992433807","6968.158954630776","6601.614808751376","276.8710769287021","10346.562007361827","8017.786201314662","2534.9965348114206","1863.4198945957214","2065.0475713668357","23334.65345133729","14581.005312345806","671.2874746177308","1929.7505078564807","7523.498433104343","778.690739035239","84298.74500018577","59932.91464653799","19095.454002840503","17627.709138715098","112.52258809242458","126.64933216935663","1189.4539813526774","1357.3837543699233","106.10359614575582","121.80193035543816","524.8705952722281","652.7599271267177","372.3685474873754","400.3976122680569","361.35732799986357","318.0095286432368","3498.5122268924883","2157.2703343583967","913.2995097263214","742.6393503573228","878.1736937763819","5191.400656365295","7215.208278321528","8438.746634998275","27739.57547821663","896.6288328499323","965.892796482907","1074.689799267835","85434.10700173437","86470.86916657812","69124.00765170998","72490.08012389523","42803.71531547813","239.49636544052197","504.7484001137112","227.42359779118365","21114.40455735185","17026.477871660354","15159.702069327961","15906.30326925314","7278.28368192985","6917.620405394343","6484.577632525271","5967.864353346423",
"AmbientSamplingRFC","24.12498529597903","19.618977139493772","994.0502941905193","685.2557187007226","597.9618082795026","5102.863992040519","6553.596176087238","4245.484220590499","4032.165036707182","6963.231261288668","6594.819111848775","276.518896813187","10289.796724984239","7995.625844465364","2531.016390146795","1866.7808141918285","2061.892039085178","23107.49775063813","14530.272726819543","670.5135157970717","1927.252168177731","7528.9396992876955","778.476955930897","84208.46158254298","59897.08020880223","19075.111388497047","17616.209721306972","112.37639064592072","126.52288379270504","1185.773289360042","1350.8715006993484","106.06579255084661","121.740609982084","524.7865240213584","652.30441457409","372.0873428819886","400.11399051403214","361.1426442821803","317.7234222886624","3496.1830377616916","2156.18992988541","912.3626330844869","741.9860009881864","878.1330406132852","5183.649009697903","7207.082910036104","8430.234175816657","27704.857713183526","896.3054157307555","965.8429121661973","1075.2822207970517","85358.7608971602","86409.21626339847","69061.2385490928","72442.47829070744","42491.949852185404","239.28738272257982","504.9934351689402","227.25589594662938","21097.25130914946","17012.727372178684","15147.101125897245","15893.851279376664","7271.91375598414","6913.035168122767","6478.863291227367","5963.171653720446",
"AmbientSamplingRFC","24.137097054104743","19.532462501016823","993.6222490213386","684.5427161424906","597.2556000285556","5094.334283008746","6542.094941706766","4238.79124165058","4025.452826848084","6948.270763361841","6587.427901739424","276.40683437892636","10277.74405398473","7995.620834749941","2526.2183724220827","1863.8624531421335","2058.0627281021975","22836.86236011479","14600.760956781209","670.2325155306083","1922.8646732436491","7512.404480869962","777.0173016220047","84066.28723294367","59779.248716826776","19048.904727872727","17582.833955057326","112.18084881784486","126.32575624634632","1186.9380614641386","1352.9292180762347","105.8491892775651","121.5212379229406","523.9873189742127","650.8860354336458","371.49590631369165","399.40189501675223","360.5482555810342","317.13481818560695","3489.196919829015","2151.8389414106123","910.6363830754012","740.7792801243747","875.0278389195183","5170.677795803178","7196.562016475826","8416.482005919066","27709.218788877868","894.5544177240273","962.7695811581231","1073.2714776292962","85214.71373945988","86249.83872361714","68935.95938315388","72315.1706552505","42243.58146109286","238.86745574693774","503.8689538363103","226.71069476329419","21064.342860922643","16980.171510220745","15120.447657921452","15866.608855803235","7261.2626880779535","6902.465834513176","6467.500131494825","5953.061590454906",
"AmbientSamplingRFC","24.12313469638891","19.590277320060906","993.6205684386489","685.3715027903781","597.6623096406715","5101.388376015937","6550.825131272283","4243.517699317593","4030.9243145071164","6959.396330856095","6591.451946717884","276.5222491172199","10341.278813606546","8010.448921471211","2532.239090613003","1869.5689991591094","2062.4658047583584","23141.40209754449","14512.681507160014","669.770728595522","1923.6937562581963","7514.897237209884","777.7740936886239","84203.3695718845","59871.80043392084","19076.757652260876","17612.031492631304","112.34583316148111","126.47754890494846","1187.1859406818617","1350.923707289942","106.00232028463356","121.66745939068136","525.3644136456546","652.2250054456845","371.95845252383856","399.99404687120233","361.0157336802666","317.6001878125615","3494.8829321072267","2154.599771202097","912.2728540376125","741.8101111026301","877.1698758933364","5161.553318540522","7206.257293721499","8428.273618372341","27732.977977090937","895.9266271617593","965.2889416620503","1074.309090775154","85338.11591884456","86372.95068688852","69038.16116447789","72412.15665770101","42533.08968342142","239.141329676606","504.246828719295","227.21555027585813","21091.115250503724","17006.965678840832","15140.487372042051","15887.62996083131","7270.789647955976","6908.967797724505","6476.131171956833","5960.970605234877",
"AmbientSamplingRFC","24.12131854397964","19.671093014616574","993.374917189614","682.7823421109256","596.3327437036212","5090.281132781859","6535.730130486951","4234.768775134293","4021.5407078225953","6943.3764350176125","6577.5442758378995","275.7477008264606","10282.768951061562","7992.028471702942","2521.645703287124","1857.5011344456752","2057.0716835826347","23188.41770537479","14525.846598734313","668.1944000121666","1920.2756985961114","7490.932174511362","776.115630354394","83998.1051761149","59733.249072276085","19027.972426378197","17568.24175495703","112.07672649147929","126.15137303999761","1182.7574547498903","1350.7487505249264","105.78341004787397","121.3684982218994","523.3147676770832","650.2353290043587","371.0775212632969","399.0807429610931","360.1041880567239","316.8654606319199","3487.579089696902","2149.769710210373","910.1792992667403","740.0346955327692","873.6739360510073","5175.957954467966","7187.418430640325","8407.070363647545","27699.752548242333","893.6333496845668","962.395031433017","1072.6091556823353","85124.30014358091","86174.25368036074","68873.97242554741","72248.10438735952","42281.54944115481","238.57512583550096","503.5296185460824","226.52570391635552","21038.771202619893","16967.546553803015","15106.583772951622","15849.659217397879","7253.123995368193","6893.242067504862","6460.976386161685","5946.629358739927",
"AmbientSamplingRFC","24.1338475659128","19.545254081414313","993.9189493056214","684.675236096601","596.462759591714","5096.649804452051","6545.178712877656","4239.732096400024","4027.0173393636373","6951.618599049926","6587.746932445383","276.1514199050618","10315.167187413756","7989.304577619047","2528.6361574852917","1859.4708220546497","2057.9615276828627","23328.9343933178","14470.665419727473","670.0698838033437","1926.6350726528535","7509.256010515709","776.735299939349","84105.02085428777","59813.88160182494","19050.061875909912","17600.65320330163","112.23491618591217","126.36389521662566","1185.239602639594","1353.441381453284","105.92179885727413","121.5539361993246","524.261391535532","651.0571564774898","371.56948790892557","399.45789509644993","360.5492203220367","317.2912018787078","3490.4273558782493","2152.2613024333177","910.878983600819","740.9885026330347","876.5962127650441","5164.932477626417","7198.585232850189","8418.653388570148","27710.624447520026","894.8664545490138","963.849221694142","1075.4415116008422","85245.73139676549","86281.60709585994","68971.38768468965","72330.72697487025","42593.413401955004","238.9078810932744","504.1747032915189","226.7141147705618","21069.33857083403","16986.60604932336","15127.192547602459","15871.642287326056","7262.986273190533","6901.759134497633","6469.143078492772","5954.038597382349",
"AmbientSamplingRFC","24.11940503015918","19.555776113800498","993.7348710088424","683.4147062186864","596.3681542231916","5093.029484157378","6538.951615648537","4235.79362469936","4023.827085055697","6947.018695083446","6580.37419451555","275.84104008921497","10254.680713178013","7992.310116576677","2528.33274471288","1865.3644033125715","2059.8953879451296","23367.58406030078","14534.528550638142","669.3681243381974","1922.519912019555","7496.924611469719","776.7050954479914","84035.31134682494","59757.9241151929","19040.545579054997","17585.5404113364","112.13759785320319","126.24046993786031","1187.232483336845","1353.7246257589018","105.84275358174672","121.41076724481567","523.7544254132856","650.0395469892753","371.2151615488294","399.23365196197284","360.31304523425507","316.9718060409901","3487.9128813582856","2150.879448482044","910.6013699905899","740.4414151494368","875.4634879631677","5170.839074501409","7191.590722186254","8412.157387893534","27724.03536627452","893.9943518951785","962.8092120787016","1072.3494473037404","85175.8767623262","86207.92075363145","68904.42461589939","72286.82791262769","42288.417585060335","238.69209921643161","503.888841150839","226.7539117927471","21051.13510418864","16974.344379919316","15114.461592573809","15858.500826569496","7257.325544653499","6896.958420820098","6464.465948732733","5949.745579672389",
"AmbientSamplingRFC","24.119259472878163","19.558902790300557","993.6289506845725","684.3802836780568","597.7259460867457","5099.345676468291","6550.828514963856","4243.968725752257","4029.6405937583277","6955.664351473347","6592.363037247098","276.28615293565554","10309.15638924916","8001.892507961984","2529.7462626818988","1872.2497262946606","2058.5417974015645","23156.278232331162","14526.270763573139","668.584981721981","1924.9390148865853","7471.143572226225","777.8710689812124","84178.13112493037","59850.0435977857","19070.308159331584","17618.918164696628","112.30069851743387","126.46164501451099","1185.4506184931843","1354.5847565386373","105.9824073070577","121.6626650856583","524.2604777254295","652.0830839068146","371.86488497975887","399.86294931540516","360.87317503325085","317.5228409342052","3494.28587937594","2154.1828580943766","911.8215245193446","741.6317100746508","876.9137319583454","5173.815648294472","7203.2627422698015","8425.233846376334","27727.820827788637","895.640305219306","965.2900265391544","1075.1381828889942","85305.87595181382","86351.4500938588","69009.3222364947","72401.03229477227","42600.38735353421","239.1556420817008","504.51579439041717","227.11928150801606","21085.845110672995","17001.328687937366","15138.16727334541","15884.287908344457","7268.275673051101","6909.176206158491","6474.391962803267","5959.313563276478",
"AmbientSamplingRFC","24.112608393270794","19.422045094819474","993.7600591694599","683.6974594768585","596.382703525502","5090.607829449675","6536.026244377503","4234.690503891981","4022.0410295574125","6943.510969579509","6577.477878184486","275.8858231829143","10291.956306329079","7983.8718167398865","2523.3829184882825","1863.5304184381578","2059.130265278473","23217.342234227774","14583.017121921666","668.6425764042822","1921.880145980925","7483.071494007843","776.1742354336832","84008.4460233933","59722.76475929855","19027.57831378288","17571.441425012632","112.07970793065977","126.18363713153073","1185.6126141506977","1348.049968528813","105.76849434175466","121.4149520636936","523.8089171752977","650.6855705444405","371.0909576702039","399.06355636762106","360.16270336851005","316.9112155831645","3486.3640085435118","2149.654889937825","910.1352555652676","740.0973304585737","875.5671769536187","5160.160768190598","7188.859047871703","8406.785568245838","27720.006172285008","893.7551504907835","961.8836783562958","1071.428255780829","85114.86477047075","86170.90976147185","68866.11093355156","72236.18614514776","42313.37202156796","238.60196026379745","503.3306874008863","226.52943958191966","21039.044106643316","16966.090145499733","15107.051673791837","15852.511759594605","7252.080203487192","6892.966389153575","6460.00315123332","5946.385150002506",
"AmbientSamplingRFC","24.128162431056246","19.485571201339933","993.8038348577128","684.6071983176736","597.1927609237498","5097.197792847749","6544.257945069322","4239.84593200583","4026.686191727032","6954.187364086863","6587.983051506442","276.18471779253196","10286.735696629283","7968.105571209868","2526.5976413029825","1868.3385827068566","2059.4211428254534","23338.01804767683","14537.903307296061","669.2272504189361","1924.6326234328571","7498.315483856514","777.1215774035926","84107.18303642012","59799.376828839704","19052.327455862072","17587.59856358805","112.20411295128936","126.38591729861429","1184.582738068147","1349.2767248689297","105.94549922255302","121.53542100255127","523.9699956823526","651.5546205980681","371.5630642607625","399.5922899305951","360.51867461544975","317.27497821319287","3490.3583787709013","2153.0678372681923","911.2397676839635","741.0023271539953","877.1944293524591","5172.131747490317","7196.558572176939","8418.038552910495","27690.222931663386","894.5240354017375","963.1762072184142","1072.5882751207498","85255.89938630753","86289.34114884751","68959.25659419225","72333.20829588691","42369.13727849079","238.9020164649693","503.99687751699594","226.82682971802453","21066.949266334082","16990.739274937834","15126.197014751693","15870.803447751265","7262.961884325271","6900.495731762862","6469.146224705124","5954.308623127287",
"AmbientSamplingRFC","24.113015427123425","19.406570503088044","993.865043862165","685.7805852238704","598.0812022493257","5102.497288769454","6550.441575866836","4243.624071010046","4031.4175607691286","6959.282499033432","6594.082830983015","276.5908479432617","10360.399197977604","7962.079781533586","2529.1758779278052","1866.626617824611","2062.230001505165","23528.84569138288","14578.004424848095","669.6858477763294","1926.5018866230598","7522.0440322006425","778.3129309837547","84211.06912334624","59875.78037229271","19072.469195816513","17613.781776403015","112.34358388664292","126.48806033229685","1190.7804763158217","1352.270165022774","106.06940080034614","121.66222310236128","524.7418913433236","652.5471766913338","371.98128029113974","399.9760869623759","360.9335355772782","317.6839702227379","3495.042199022804","2154.8204258121677","912.3462465803125","741.8847741623832","879.2754644489921","5179.4997940716685","7204.842966259013","8427.148228506634","27766.51930175886","895.6696537143334","965.3139200154999","1074.8056414913913","85341.57149858901","86377.60459653648","69031.30182679943","72413.16200277883","42409.87181815607","239.1351115022307","504.4919312454607","226.9271973943842","21088.25891910186","17006.23821855818","15141.230913941976","15887.02508930002","7272.339892256053","6910.911281159494","6475.780638034718","5960.703492350203",
"AmbientSamplingRFC","24.12014090874465","19.563691620859093","993.7460134105481","684.323759737081","596.0754254760849","5091.573848279484","6538.186612421678","4235.278921006635","4022.9393275378625","6944.953382020721","6581.723856349739","275.9620902049766","10347.393533398903","7972.523216719047","2526.4095258405405","1866.5931651575136","2060.342231345687","23574.766147270824","14616.335485111262","668.2073450241126","1923.6061087554228","7521.322386097134","776.4939757674537","84034.65998307832","59751.50077317208","19030.22845529786","17574.726121372816","112.1111719036383","126.25856434815059","1185.2588084745262","1347.3411828009885","105.80333204985897","121.45179360189994","523.3175530389273","650.7807553327904","371.23475751478946","399.2415268951653","360.3520194535088","316.9212421396839","3488.6992517678","2149.985335269646","910.5282500775601","740.356245195009","876.4482231450312","5178.271106917706","7192.212751061443","8411.12373123704","27718.872186459463","894.1161964512049","962.5892154639607","1071.7996951855202","85139.39079497023","86199.15574853934","68906.44709984248","72268.6766770456","42358.37718143069","238.7023854388173","503.2146179797619","226.7216224202577","21048.939904881878","16971.17538122768","15112.285535741697","15857.11906347213","7257.557559290589","6898.67712675263","6465.187556474947","5949.376596935188",
"AmbientSamplingRFC","24.131157199029996","19.568726496822464","993.9288810291058","684.535215933562","598.103693895017","5103.840981845727","6553.750318025284","4245.18306974335","4033.08129717697","6962.261119345417","6599.887903767141","276.7173918397262","10303.319988821417","8057.4932231727","2530.5917321418715","1861.9258634422174","2063.239786223687","23274.52424410706","14474.249102018437","670.2386738181613","1927.932073841522","7524.693126112797","778.7713710969174","84234.90391767214","59887.67141676321","19082.10161423535","17618.11002646186","112.38793475906503","126.57781807067019","1188.7566728105855","1352.2113145659043","106.05402147969853","121.75117318422411","524.564174607284","651.8096276247968","372.1208335530433","400.1166603726596","361.04456064202157","317.8110538148879","3496.0186689273114","2155.6232759380105","912.4323677893173","742.0772349177984","877.6701522032125","5189.221930033061","7210.017712397545","8429.773421025282","27749.020654389507","896.1410834561883","966.0596234895274","1074.0890297133444","85361.13302241197","86398.79405681182","69061.3545113321","72441.73493770318","42315.941156788685","239.30902413332257","504.7185492160818","227.19757122008707","21097.56348484066","17014.08419690009","15147.020715244807","15894.183982698558","7273.684468238811","6911.439592142803","6479.177297009902","5963.245901470351",
"AmbientSamplingRFC","24.121857417664817","19.490366824799924","993.5529962373762","683.3299381204508","596.7170104573596","5091.354638114977","6537.434835581287","4235.06062984025","4021.9171751320478","6945.518579357779","6580.563144660826","276.0016393926804","10300.252281635929","7999.482456877278","2524.0862223719873","1860.3961607605072","2060.1780550432427","22941.64969767822","14546.58936556745","669.2015492553202","1922.073298203014","7505.639249430502","776.1505960359038","84019.70888494216","59738.379237483896","19030.66044905366","17575.144979742163","112.12630112920907","126.25679539757003","1185.5112579928675","1353.652147616688","105.76124114576648","121.42905320877398","523.9593081633084","649.7117721940033","371.1867421535757","399.10010673755875","360.15158038769533","316.88779119226","3488.5763256304","2150.4789837379403","910.3579230881802","740.1371260327189","875.1420512768209","5171.854698113631","7191.608172738893","8408.880900683573","27656.433496150454","893.9217650226904","961.2095819472306","1071.7488146289352","85148.68422516836","86187.8260296199","68884.53153692574","72271.03187854309","42384.97041384107","238.64709024221466","503.57029976023637","226.65670792657187","21045.787492386","16972.018955215026","15111.41357855911","15855.3918288047","7254.7353325605445","6895.500924925213","6462.858977787068","5948.119173851613",
"AmbientSamplingRFC","24.12210223306086","19.55649978916244","993.7788313179274","682.4930672148613","596.6454037805153","5092.4182489168525","6537.9484976402455","4235.94535600822","4022.1374441090875","6945.646439404542","6582.20293846782","275.88842919404794","10247.752350289247","8015.958720944443","2524.2534579784992","1857.6330781021552","2058.65296931596","23088.245411472402","14483.016562736468","668.563041718792","1923.158490666693","7512.673830362583","776.2758371467608","83998.28380286689","59732.990459637374","19039.32156651166","17575.68388802902","112.11358702914947","126.29077886900913","1184.6637561130235","1348.4103807708334","105.80810359393654","121.4077002007769","523.4402530928162","650.1199105711638","371.1403690711668","399.1087345866654","360.18354548645874","316.94860152104314","3488.745774672579","2150.704041688396","910.1883734495364","740.166939450471","876.1538098841205","5155.356710358469","7188.138840609947","8408.643641726643","27665.37479852525","893.7008859438612","962.5408447343183","1074.036505684219","85156.28057693181","86181.63969988043","68890.43753105235","72259.96898190881","42196.595420149984","238.75393634169635","502.72853043175127","226.70010752463833","21047.123553500245","16970.1977486332","15110.489610368526","15852.993027492632","7255.227275275046","6894.777571799176","6462.745346658299","5947.817694629679",
"AmbientSamplingRFC","24.127883176418162","19.360977495248516","993.8772069798293","683.5180290960363","596.0655981353699","5087.932559615484","6532.967564727316","4232.023139935053","4019.9480515368277","6938.1635023290555","6575.304988544079","276.0184809818309","10278.842114929337","7973.137534606206","2526.686953481477","1853.6774320735442","2054.566986646704","23510.03633484804","14419.672340613333","668.4457252608489","1916.44458418461","7480.5710969500415","775.6660436405754","83956.86535136994","59679.3524375524","19018.500651595088","17572.230063442454","112.04645502154222","126.11758984294238","1184.652012610326","1348.250982683535","105.71932283136276","121.33282219765205","523.4457076796821","649.7541943937389","370.8201254767087","398.80487629708153","359.98924192772836","316.7022499250608","3484.928797267779","2148.527095046036","909.3653555388395","739.546643785497","875.6428562268126","5162.655714614953","7185.706700625832","8403.842677985069","27667.292310427692","893.4397728953708","962.3151819011051","1072.0705799012812","85078.33823670195","86115.08191549359","68828.54102928293","72202.38524146989","42467.908905021024","238.4392774822417","502.9398726212023","226.52981098289715","21029.858357656904","16957.794130143488","15098.683066189153","15842.240439544425","7249.65762617465","6889.407495271497","6457.618662755025","5943.646022482879",
"AmbientSamplingRFC","24.140699919462083","19.413731657034425","993.7677769977063","684.6090692530233","597.0668006082072","5092.898741990072","6539.185549032386","4236.161184780038","4023.3458893058837","6945.230297951979","6583.344724726898","276.2499988772846","10276.008187761958","7986.016722335933","2525.3155531984667","1869.3157776655219","2059.185582423008","23305.752444166814","14446.525843273459","669.0652065682632","1920.2025379126076","7495.254704043904","776.3624026322041","84059.15527829567","59758.935278677345","19037.7184168678","17583.62158658043","112.16204186298641","126.24090681389613","1182.534125851961","1353.8106862882462","105.81166409237666","121.46029365747172","523.5618857881177","651.2399652791323","371.2640887997952","399.27134843087816","360.23042539861865","317.0362201299507","3489.2117813611594","2150.8016253617698","910.5987398720135","740.4523891618194","877.8728925437481","5162.410958714127","7193.088661351838","8411.247645954823","27680.362161716334","894.1152455464141","963.6681880596284","1074.8700470648143","85172.62348369486","86220.61876041922","68920.49035111105","72276.5499059253","42489.94620034274","238.75378246242198","502.9561832028142","226.86329525940747","21053.069251743644","16977.723917597235","15115.075832652788","15859.15060710508","7257.599112569538","6897.228313232194","6464.413586800726","5950.423308682412",
"AmbientSamplingRFC","24.11434075295732","19.436043252600204","993.4733227336214","683.8714348645501","596.4363180408964","5091.835300191834","6537.4348470279065","4235.036726651091","4022.6688248853707","6944.509484684797","6579.650210016509","275.9356774432244","10284.604931960555","7982.787443035418","2529.064118235884","1862.4262929684216","2058.168296097868","23089.534056940145","14468.805805336136","668.4614520552146","1922.9789875866063","7518.3334155424845","776.3607793991384","84050.1541880089","59753.38845151226","19027.871951172205","17566.003965428008","112.1025260484258","126.23284065719388","1184.542847414668","1349.1357646043582","105.8076888863345","121.41932062452571","523.7990620982981","650.7311914756676","371.1780656963587","399.18213865575575","360.14966220513065","316.89391626259743","3487.260075604195","2150.807628584045","910.1971475953707","740.1998232230703","876.6963565943649","5183.401344444643","7192.682725554075","8410.733432411613","27657.909454982382","893.610964612676","961.4848027143042","1073.1807551679979","85160.15741700977","86184.5503210787","68890.64153151143","72269.57211826275","42356.25589551727","238.6615457906887","503.56569154429064","226.66545368482926","21045.767658992107","16971.834560174488","15110.616344836852","15854.163608371338","7255.221907221413","6897.585675565295","6461.660573385003","5948.810082670338",
"AmbientSamplingRFC","24.11895195789221","19.600848595843626","993.6319541200099","684.4696374130111","597.0512532309525","5097.16570147112","6542.5570354408765","4239.060746344927","4026.973354623854","6953.574815635486","6586.920103646024","276.14099822529107","10305.827031594594","8013.706233031615","2527.0655022121705","1860.761949548174","2058.2882666066694","23311.118881657974","14410.198568251124","669.1737444834865","1922.36167427891","7507.4760938680865","776.5308587284526","84095.54146129852","59802.98141462354","19050.51829565287","17598.291290185723","112.24611953898966","126.35413636378593","1184.5950796794584","1357.3728426001542","105.89146217818862","121.56679427523898","523.9016598024123","651.3014462935498","371.51964454843244","399.5954676725392","360.5583645580693","317.29234829478025","3490.2253093883146","2152.784204130373","911.401109490846","740.9624161889119","878.9649635995493","5173.240429022071","7198.413823340205","8419.642773590092","27706.413166909973","894.9013140856199","963.8779086364402","1072.581338727876","85238.45762251281","86288.78939873244","68957.7662048471","72334.93900249954","42567.5737862017","238.9163254310774","504.07591530382905","226.8499100573934","21066.60306645183","16988.074707097057","15126.155847465567","15871.64278604889","7263.224680588695","6902.638048126689","6470.312073449175","5954.257889480194",
"AmbientSamplingRFC","24.125544624859305","19.389985241414703","993.5373152060797","683.5396321408185","596.7216598050597","5092.415270143094","6539.616663527657","4236.382989860198","4024.3387313386816","6946.3486066551695","6581.292853068511","276.0455760901866","10303.321145332557","8030.4714781053635","2523.1322940854943","1861.159307603056","2061.2697008748387","23061.578169764074","14514.922519125083","668.7908221298222","1925.8736352352507","7505.114880342972","776.8070013726951","84072.90967227763","59769.12331138743","19038.20807723594","17582.489766986342","112.13787153473864","126.28184600627898","1183.8802899085244","1351.9234278732952","105.81534038238864","121.43703611439314","523.7151125185867","650.838538103645","371.27077260926575","399.2734480113667","360.34162062765745","317.06868676007076","3489.0031415949907","2151.5610447029976","910.5417167879452","740.536344755273","875.2399950312745","5175.88676857379","7194.9502498048005","8411.919678557377","27660.3651061857","894.1429115505407","962.7420115016585","1072.3060473807786","85202.1767990953","86211.40666254034","68912.6313950754","72276.47967948242","42053.524991609185","238.7490081472866","503.5373080318994","226.57855071938275","21052.48963746939","16977.663856599993","15114.258058352456","15861.445687620922","7258.693617254097","6896.463318497188","6466.065207042233","5950.167179034838",
"AmbientSamplingRFC","24.12465166087729","19.523223676643475","993.8804396951389","683.0077121024455","595.9689892922906","5088.4302070828","6535.10004339753","4232.874150574166","4019.907701301176","6938.232573704652","6576.7402515997555","275.7062381300603","10307.406418307157","7983.555121167277","2522.9792629528183","1868.9496366246524","2054.7209525186454","23001.883151652753","14473.308624222871","667.7131301969366","1923.589331219316","7497.784577481898","775.5608236894392","83951.86254024824","59702.83335548418","19016.74853504955","17567.67471977922","112.0115773766583","126.11009448410047","1183.0899181531363","1346.379084870291","105.7156948961376","121.31308051945283","523.407707413314","649.9276487226973","370.86792583777003","398.83954025419257","359.96735047064635","316.6771680722795","3485.5461870748964","2148.2132820656957","909.8053941368906","739.6955464661642","873.8117346967","5179.050220627351","7184.659485748658","8404.316492316262","27664.148413448267","893.0783712111377","962.9544088098639","1071.833974465185","85103.70248464851","86132.15146647893","68850.65359977887","72212.7353982115","42132.53240907071","238.56217569039052","503.40260655451146","226.46395105112265","21029.743294731918","16958.06159947616","15099.466950450125","15843.608992339505","7249.524840980318","6891.413899190999","6456.586680733233","5944.270632275962",
"AmbientSamplingRFC","24.132050455506246","19.56841887251227","993.7616908073416","683.2041760754138","597.1216726666422","5094.462364294171","6542.933973681824","4238.399816332315","4025.707139437096","6949.868075294745","6585.015247323532","276.31495312904747","10299.057024488979","8016.871522799943","2527.818320697021","1865.2659135408182","2060.8442095225955","23486.440482833463","14565.032485591426","669.825197629894","1922.99376247582","7477.281517137636","777.2328795047518","84075.16731172452","59796.8493145507","19049.493066449544","17604.440333695668","112.20468061996027","126.32457968192601","1186.502450137174","1353.4413653017198","105.87081005758009","121.4776722613944","523.928486353271","651.7529770914462","371.4659333875636","399.43747374115725","360.50109540396323","317.1923547318663","3490.279729634906","2152.148751647826","911.1570042243062","740.8901984286382","875.4556977491796","5175.97152515588","7197.210313673603","8415.899740554609","27684.235973991068","894.4841123836828","963.5732837490456","1072.7239448840303","85238.01787912009","86248.42219306431","68946.97318542624","72317.21525018927","42204.965549675435","238.8408564386483","503.58186565058173","226.92425167055555","21063.164499786297","16983.696028433325","15122.41270666021","15866.816334634577","7261.353329172779","6899.9824702299675","6468.575277181245","5953.211911629757",
"AmbientSamplingRFC","24.11822335625618","19.512792009690276","993.7211605669269","683.1835678705394","596.6913209509319","5093.32837330958","6537.788275842068","4237.461900655433","4022.9546204062485","6944.6497028734675","6579.398511852387","276.0855215713371","10235.963206900866","8014.622574720779","2525.9320422437345","1865.5468816357863","2055.3335865552854","23008.542373718596","14469.554785759925","669.0268477955902","1919.0650423530242","7492.756795085371","776.2400661696089","84037.61696134524","59743.65073774689","19032.23147398749","17579.196489858587","112.10012884058479","126.21055580305591","1185.039379710209","1349.4446956914676","105.7928961166179","121.41890717883435","523.7995842052301","650.7940653946869","371.2277547423828","399.1596312027738","360.14669645261506","316.8917055016918","3488.8275411650393","2150.6370089794927","910.1991371009046","740.211765779292","876.0649697121463","5187.462180289564","7191.47402442356","8410.07826476937","27695.822579479533","893.8313043047016","962.8846598882964","1073.7007823607926","85155.30728869153","86208.76279556363","68898.09543454663","72272.69407574412","42460.34641468469","238.6749645988971","503.64098933445644","226.63959669900876","21046.528521957767","16971.177260111243","15110.502055473959","15855.584942948004","7254.812471007427","6895.089545990021","6463.443717674961","5948.359415094949",
"AmbientSamplingRFC","24.126082572780415","19.499963304976603","993.8767773632702","683.6316479099339","596.661381559994","5093.560427283952","6541.788317726645","4238.129032008963","4025.021465540742","6950.616880999804","6583.343235672634","276.23983624961915","10262.397293795248","7992.334690056787","2522.9386440355916","1866.8889176165276","2061.273099900619","23412.56418093958","14593.564517588748","669.6861480805184","1922.8894629102076","7499.856382557876","776.4221854315684","84063.17584032971","59777.63170041306","19041.817985525893","17598.072257574284","112.15898442567735","126.29889145489443","1186.0738333443521","1350.7592232745744","105.8632786339495","121.52451371614855","524.5234072669957","651.273702243678","371.4380074081499","399.37258920711685","360.4029475622092","317.15714254639386","3489.7894483347363","2151.4781081946235","910.9888442552025","740.664441908011","876.0443554200967","5189.365842922749","7196.861517969599","8414.798098375399","27697.49276262804","894.3537338249348","962.3571754241589","1073.4206899861733","85198.91448431484","86243.97255508005","68927.64827344682","72308.26926932255","42491.623012891","238.78001236191824","503.5077551244597","226.79041239244017","21059.544529724637","16980.4437018942","15119.002785715398","15863.17394036713","7260.283155257309","6899.985979938931","6466.236414666093","5951.984697718816",
"AmbientSamplingRFC","24.1154238739138","19.673544402932908","993.6489427270924","682.209934378312","595.0703211181184","5080.459117082928","6523.888102135122","4225.896390552495","4014.2258447449826","6929.762704107007","6566.4947729014875","275.51816819993866","10271.60607315464","7979.707518319814","2520.207206526438","1860.3026585705934","2055.2309904395033","22998.104526976003","14551.142129093423","666.6774995543469","1914.53552917988","7483.545114064871","774.749891520433","83847.4650631023","59623.75377640637","18992.07920483303","17544.44809186565","111.87688564587135","125.94068213742193","1182.8422037538157","1346.940805282644","105.5748415086448","121.1785386114267","522.4750819768559","649.7468326822815","370.3841006338388","398.26100192016975","359.37420913537596","316.32270025327625","3479.9416697626953","2146.0267610949054","908.2639322478261","738.6026174920344","872.6523230203153","5160.453415945584","7172.0803225172685","8392.78809020142","27586.91213147445","892.0068942236708","960.1836174653902","1071.7625510064493","84980.57289710313","86014.67348774373","68745.3323377779","72109.63384706689","42194.57342616862","238.17978860231705","502.1337089973798","226.1360887000328","21000.97037602166","16935.70205017296","15076.349065996903","15820.479503507484","7240.206388023937","6882.3400234124365","6447.989211091064","5935.754036318476",
"AmbientSamplingRFC","24.11229548579637","19.623965390791724","993.6940300407229","683.166864286109","596.0334026985155","5092.417579478993","6538.552360817131","4235.165160879504","4023.275452248634","6945.7695299676225","6580.814455995435","275.9149565250939","10302.98294610088","7985.455979131585","2529.125013525509","1861.3073876555993","2057.366998501527","23157.11884534766","14555.301244608012","668.1129021623849","1925.0105612013465","7465.0310216290745","776.5752991319036","84039.55134602835","59737.40666806812","19029.947872034503","17579.803380206944","112.11845094372363","126.25426517718552","1186.5318347403743","1352.0662665475222","105.79702684877728","121.44477116340325","524.0007524799786","650.7498079581405","371.3207168989947","399.25940002018876","360.22915620197114","317.0470594129971","3488.508399639069","2150.3982911624894","910.3594526335362","740.304496205385","875.4801006784484","5165.091326598962","7191.559129341791","8411.280542760082","27654.15590816595","894.0720683342306","962.9851902990125","1075.590257267749","85173.79603729554","86209.74724336585","68901.09010286498","72269.36753012906","42229.85926613422","238.71371325575765","503.3674982775585","226.7226962069784","21047.323790902345","16974.372964863436","15113.271290795039","15858.930922385829","7256.57847378646","6895.846528747405","6463.192245492878","5949.563324424185",
"AmbientSamplingRFC","24.12604217060985","19.51243588604635","993.7528101778357","682.4621266466852","596.4882072377351","5090.961938782502","6536.480278933524","4235.013706468253","4022.401115465374","6944.475868091177","6579.437767595646","275.9984312201893","10304.7407622527","7971.563986728402","2524.082558704726","1861.7500291566791","2056.4471140413993","23486.07833057589","14560.764345908277","668.8571589894455","1924.4465743193916","7495.2165180991315","776.9820946224319","83997.42711537579","59743.36103011124","19034.974675249305","17579.82308206495","112.11933519108379","126.2354974220627","1185.0309899367815","1351.274959475234","105.79097022704683","121.43980919191085","523.7328516869289","650.1781994175537","371.0773115012195","399.11535983713617","360.18669526940886","316.94140316834057","3487.122475192859","2149.5820136345956","910.3854337147438","740.2487782980361","874.0645162254608","5167.523295925302","7190.012976156931","8407.961095589113","27657.752349462455","893.8262360241825","962.5357925721357","1071.77123661319","85143.78372147761","86157.819253649","68890.17151297841","72251.92146865276","42304.45809709584","238.62517739468652","503.07127560817736","226.61952616489975","21044.85110823203","16969.01664139995","15111.134780484212","15853.685377544602","7255.529490303289","6894.944784282253","6461.304455491604","5947.958509826461",
"AmbientSamplingRFC","24.132344649847546","19.467086108152856","993.588517734797","683.434713961593","595.5774058311071","5085.076725666469","6530.003120092004","4231.4119222216195","4017.775667686094","6935.64636305503","6572.562114122366","275.5746389020939","10236.130713603228","7982.707065897774","2526.59032555768","1856.5635501422278","2054.799888999229","23212.634618121094","14497.721503757379","666.9914081100435","1921.1888422904888","7491.542310712838","775.5332448042734","83908.13102972085","59677.25798467075","19008.662737907358","17560.146226667657","111.98550895266996","126.04253637834445","1181.5805141239705","1350.165934417638","105.66404134912833","121.2494144894741","523.0654118359955","649.9065690651989","370.7338012723139","398.6786872591114","359.8163438313237","316.5777065163431","3482.4205933561225","2147.6928054112295","909.3092318303553","739.3174683185208","874.8883504327405","5161.072127184377","7182.321733099226","8399.498362814977","27637.597404025975","892.8848343911271","962.8221340916436","1073.4490911372188","85032.17468429146","86090.659429675","68811.51355583972","72162.00794749224","42296.62946677515","238.39747645454142","502.5207812722781","226.37425318819623","21020.0889606684","16950.18553301628","15091.86547191284","15835.879016752915","7247.448595655302","6884.857063662392","6454.048403560431","5940.67842943847",
"AmbientSamplingRFC","24.138058419997435","19.54333295054052","993.8841941384605","682.6644693867676","596.081826207563","5086.391663325681","6531.4226727695695","4232.143589188388","4019.588479106287","6939.043655675143","6576.638199382788","275.7413872916532","10282.271242288627","8034.015728472797","2524.0429052986815","1862.9913475876153","2051.8935070921566","23391.428142226658","14480.337695494127","668.1644478552239","1919.3070643331512","7508.525519015943","775.9608532199869","83947.15334551802","59689.52914832687","19017.053633528725","17566.403130312814","112.03696837321561","126.14469175834543","1183.4302047929607","1351.354403858011","105.71795433931561","121.32742495418223","523.1635123377058","649.8533706972371","370.88250921700995","398.7806222755281","359.94676695230197","316.7089319382133","3484.8824812796197","2148.014335148351","909.4991334651863","739.6366092775548","874.4624220820498","5190.974124169063","7186.197882061741","8403.381327284598","27646.7784002839","893.0815375167948","961.6454604041431","1073.0852693210447","85088.90541657689","86122.70814078602","68835.61175755771","72204.38133716006","42352.83029362038","238.48508196218972","503.15188516668167","226.53873671176348","21029.69071430367","16958.224896275395","15097.512661181687","15843.556789940456","7249.392960635858","6889.108847927357","6458.117316377413","5943.278091405107",
"AmbientSamplingRFC","24.133714268977556","19.562909110466933","993.8884470491814","683.4240374227878","594.9952241089458","5082.964881520723","6529.278358785365","4230.013880411099","4016.6079342634334","6934.9094665846815","6568.414283955499","275.50908196555025","10278.645648752321","7985.836625166983","2520.2040300104313","1859.1942443801393","2058.0817062319165","23099.447840994548","14519.322982726071","667.6041659057541","1918.2959747769467","7459.19286063656","775.1731498723315","83904.26609990653","59669.2493426609","19002.729315516022","17552.97305020954","111.89941898197775","126.03980021582359","1186.9445553580506","1348.0466047334805","105.59266569448816","121.24036360131576","522.5930571657996","649.4009306931983","370.6360611796345","398.57052815970064","359.6652791533805","316.5555427168648","3482.351937117598","2147.261905856313","909.2648786929333","739.2256485719175","873.0394955849564","5169.678238629604","7182.838564438394","8398.621684734566","27632.20788779934","892.5203623177327","960.6593099732708","1070.2845069421237","85016.4498431119","86078.83883435218","68788.71194367777","72161.97023522163","42658.388663074744","238.27524229719336","502.7423287933348","226.42517036981087","21016.222393894088","16946.85040573695","15088.044445360229","15832.309617356148","7245.139543493207","6885.863316776265","6452.55192299573","5939.749358452076",
"AmbientSamplingRFC","24.122270534422377","19.379561923136006","993.6768463852837","682.7238003053923","596.5322884218007","5090.733300572607","6538.439092305443","4235.130042510502","4023.1058583692593","6943.671966068384","6579.469648477144","276.0081941902142","10295.139054785963","8010.898013627145","2523.4135989322644","1859.95859946987","2057.8663357227388","23379.156150151288","14505.036240105539","668.2402609468753","1922.3602880028375","7501.836379009362","776.1291123305201","84037.55570989315","59746.92056552905","19034.18298039143","17584.517852916444","112.10289182994731","126.26567684027876","1184.977839663077","1348.9390084273011","105.79528450124474","121.40677688720025","524.1050173003443","650.6469341163371","371.19655450890514","399.167066379151","360.19615204469284","316.9395394253393","3487.0012664586707","2150.377418235501","910.3440231852443","740.2252297998842","878.28470909296","5175.003084802976","7191.894598387919","8408.959931796931","27652.002545690015","893.7481380761278","962.6208422020655","1073.9441879571177","85142.5220997836","86197.63694062701","68889.30414317883","72288.62479406895","42305.89234764595","238.6311094466935","503.33213616772616","226.77164943861146","21045.028305971933","16971.737896185205","15110.382610754103","15855.534436717533","7255.612602164288","6895.895399791723","6463.886853505592","5948.6286945292795",
"AmbientSamplingRFC","24.12354171792893","19.45471846378722","993.7803901199669","683.0116293613374","595.6162005805431","5083.379922018869","6527.321001517381","4228.340179734994","4017.1022135343956","6934.572625593269","6571.995766357155","275.535095388986","10252.80533811462","8004.9590503772615","2522.203350847538","1856.948177878146","2051.5812857909345","23049.37194736801","14493.890762066581","667.8768302343215","1920.6418554006639","7491.399042629699","775.2845971353183","83892.24446706523","59647.79241540425","19001.881220615076","17552.180664818305","111.90276329101182","126.05661170536574","1180.3093492251103","1345.1469438646","105.66609200891571","121.22364660568428","523.4265593851685","649.5094702820145","370.5599399771066","398.46680124219665","359.7294065871185","316.4539481500668","3482.9359674259563","2146.626562597591","908.9392616804101","739.0426442148796","874.1524992439589","5165.3111260994065","7178.401843714187","8394.748419645917","27601.874731672156","892.3395439764622","962.5026134399372","1069.5391529129142","85023.94851208452","86059.64393478323","68780.20202493752","72153.25111516973","42611.26768821597","238.22169681262417","502.77188661439675","226.3534806824578","21013.6012876848","16944.912808640966","15086.20721346995","15829.846529794053","7245.390506089466","6885.616728996601","6452.921465866852","5939.37981562367",
"AmbientSamplingRFC","24.108529529914726","19.54117923103645","994.1284013084444","681.252597514429","594.3121233848588","5075.044630504602","6515.965442384291","4221.232414209841","4009.712589756307","6920.867818406659","6557.154481146852","275.15021527157757","10209.09433550079","7978.838673735201","2517.921219907999","1859.9260959088265","2051.326202903404","23049.047153214648","14440.9644337965","666.9214520396281","1915.7493644190968","7445.862786762838","773.3456130690863","83769.92215847736","59559.54250612527","18968.19545880958","17517.29362176499","111.72902423990921","125.83030662088815","1180.018034436262","1344.759493521213","105.44836750081328","120.98214991590075","521.7024453726827","648.3262569250833","369.9215166004316","397.8500186738014","358.9038441775318","315.96972734644356","3477.79465180415","2142.9463924418046","907.2212944997989","737.792890472679","873.3846957701581","5149.233786084739","7170.562088389063","8381.838173171287","27585.54650200758","891.1094513578324","960.5761514053784","1070.45414953583","84870.61957766325","85904.46750113684","68667.45229418874","72022.18302708914","42339.55565678027","237.9121107131819","501.5455932163496","225.90224568464737","20977.9028035033","16913.956823597346","15059.512505616905","15802.345963316617","7230.820316824296","6873.401863276671","6441.9475340726085","5929.129220007952",
"AmbientSamplingRFC","24.120516231067075","19.56669748391071","993.6752482994439","682.7375422815317","595.7571598527511","5084.628595273264","6527.545019952698","4229.418443587113","4017.311090244759","6934.637263087087","6568.392233328982","275.54394704182624","10257.733190441391","7975.824902580278","2525.569358693988","1858.614147326962","2053.9668251194066","23261.349152635867","14548.659749688703","668.6965743030795","1920.672651729167","7501.420877012419","775.0847267733468","83893.49366538046","59648.36011083261","19009.000068407975","17547.934769411186","111.9556392448853","126.04306822192946","1184.254755432931","1347.670559896012","105.65828904800362","121.20503680070657","522.7869061017338","649.5079854849308","370.62712230415184","398.6149965356136","359.54675980558005","316.46899957873956","3482.175762679013","2147.4987753939026","908.8418537907984","739.138848448378","875.129841057387","5165.94431847394","7178.590104924612","8397.467329221443","27643.619338434022","892.4794130043289","961.3780102961811","1070.6781860013728","85036.64684732546","86077.00925914342","68794.55596222909","72154.76302955628","42497.62635164005","238.37399287630913","502.4756852039026","226.2668854247842","21015.606114242782","16946.415093451484","15087.75114627719","15830.896776684405","7244.764964368938","6885.311423096115","6452.43494973003","5939.506324550648",
"AmbientSamplingRFC","24.12867779700321","19.667167967130723","993.9503984962392","681.3594606587843","594.7529896255285","5078.328405001584","6521.451869564153","4225.76856049518","4013.0520938210357","6929.463639463673","6565.353418605769","275.5112877568486","10280.762988948063","7964.915820624211","2518.613698315347","1857.331607548744","2051.864265355137","23375.394545415747","14604.845655755153","667.5852432566941","1916.2005122753792","7494.352826224396","774.3055508388835","83813.99770217043","59603.13508606097","18989.888049550238","17536.964046872865","111.83702298309395","125.9593509402599","1182.2338231264257","1344.2542552178043","105.55173891844073","121.1241199480753","522.4624365391118","648.9279378847742","370.32330899056393","398.18710926155825","359.37939730418924","316.2256926298095","3480.6547571846545","2145.624951123553","908.0470834226297","738.5254229540799","873.3624972240369","5158.982428943431","7173.239048884822","8389.474727392993","27580.39522798045","891.7030994695272","960.5237180578397","1070.2036919612383","84944.86846229536","85982.68614703866","68737.8518722864","72087.88885231869","42343.16823163326","238.16153056359255","502.2198526545374","226.1376867771239","20996.926455746827","16931.993046458927","15073.984599006664","15817.043067046372","7238.29789902243","6881.36720233759","6447.029573442971","5935.076688305773",
"AmbientSamplingRFC","24.117621955541214","19.557428043553266","993.7640978111749","682.8046693783922","595.8132197865589","5085.472104847653","6529.069467671056","4229.959532570602","4017.191136935587","6937.780699474816","6569.834370133073","275.70684699508575","10251.502626136356","7999.52124005679","2522.0505885139287","1858.2305855300804","2056.170402579436","23059.87120900441","14489.127846273606","667.6351130513284","1919.7336232467758","7487.203837340047","775.431342218902","83901.67320051073","59668.535911527004","19013.611391162034","17567.308971017996","111.99313179858855","126.07361377534158","1183.821627727859","1348.7844887655529","105.66665332274057","121.24484246821669","522.5307888639024","649.807086379072","370.6773139141974","398.6212488306714","359.761918186525","316.5481206945041","3483.3176306931796","2147.3200212927313","909.2118814613253","739.2069626877097","874.7768725233412","5157.273484979863","7181.160035552187","8399.431310432452","27623.68514058667","892.7304988211255","961.8360717035978","1071.371025303361","85053.38531368792","86102.18054352928","68807.18606680621","72167.92397227824","42531.47701797359","238.35602316798386","503.61925590436925","226.35525918028063","21018.730353106686","16949.722110606872","15091.72521499243","15834.93584444877","7246.886290945704","6884.891272938045","6455.163493687846","5940.954291311182",
"AmbientSamplingRFC","24.116918455513886","19.66263808026812","994.0404540039943","681.5901467900932","595.1189503396876","5080.790660607668","6523.491999217183","4225.895186966136","4015.201823511605","6931.047373044506","6567.6506720714815","275.34899180731566","10269.329918978516","7965.624276521369","2521.772284701145","1854.7686898200166","2051.91629401332","22919.65091520948","14500.917442852115","667.3905013646314","1914.105028169947","7490.694291223203","774.7320377964242","83844.37588318963","59609.42627864368","18993.439330923997","17534.4967692012","111.88032685085136","125.98819339469728","1181.5124505245678","1346.9286561943413","105.56111676810215","121.17934726683949","522.3376910040774","649.5987052316484","370.39199043350936","398.37095622366655","359.46979936861","316.2973109318969","3480.3240761779034","2146.251546750019","908.2371368119103","738.7220327341985","875.7716817326693","5176.27893281506","7175.7557757051245","8392.361541328097","27593.825231147388","891.9495709535303","960.3856486333801","1070.3215029079636","85004.75425827043","86002.64524438871","68756.96895921801","72106.61111778156","42241.37605284796","238.1713791593177","502.2217248866488","226.03972491444318","21002.363791203872","16936.28460963047","15078.441809901775","15820.71139257413","7239.602180050935","6881.011736238382","6449.489809356998","5936.1062653665085",
"AmbientSamplingRFC","24.124967838587278","19.61144471424788","993.9886159340623","681.8626849703519","595.360731104088","5081.180934883942","6524.27150037651","4226.7423219533075","4014.652072805572","6929.31358960824","6566.7230779807605","275.5232835182594","10306.24333965809","7959.500779055109","2515.468470541829","1850.4018792106413","2049.776787712873","23095.502968577483","14531.30201718913","667.0693300832831","1919.2237041167477","7497.3569637396395","775.3429830159668","83859.71575384746","59623.31662366961","18998.099677766288","17542.056651158327","111.91506924048113","126.00822936422365","1180.7275553448553","1347.6846961364977","105.63051639396743","121.1636884839145","522.8333602174818","649.9038866952593","370.4976290833265","398.38219361147344","359.4415704121369","316.2767708673754","3481.2304022862454","2146.4551423847524","908.5691073204001","738.8114690037798","873.6611948028059","5170.301869893291","7175.807323117547","8394.045605107991","27629.046744506093","892.3276380941588","960.0622594919421","1070.4901945667332","84989.60867951134","86032.12282712417","68755.31161545444","72117.97572250378","42324.781700958876","238.1944021521324","502.72831454928524","226.06126914459242","21004.830269871014","16936.752436285587","15081.278734779293","15824.958497523718","7241.596165787998","6881.511830533225","6450.431598905053","5936.885918372511",
"AmbientSamplingRFC","24.120486366490937","19.573172932711962","993.9153346265707","683.16053316318","595.909730053817","5086.927469504196","6532.765718458191","4231.514773306632","4019.160869943583","6940.42256213426","6574.724487094089","275.83193077978865","10260.300072916505","8002.445147902562","2520.330722913556","1862.5314215872493","2051.7704318494966","23300.51898348799","14531.189158513032","668.081415868232","1919.11525471968","7496.209674715852","776.1471222164336","83957.11844172077","59690.08755679409","19013.1251966176","17572.965592283028","112.00630571892071","126.1609784318356","1184.788830376324","1348.4614321007025","105.71365972579963","121.36565860545103","523.3373430514702","649.9923688696744","370.84162477074904","398.850139544065","359.93420181530706","316.6807122908588","3484.973376027224","2148.173602253091","909.4064083385273","739.6538569709545","874.5057777606459","5147.698797607353","7184.261375171883","8402.945113743523","27609.657318101155","893.1356530170663","962.2817605782741","1072.1617481453527","85103.81368300914","86111.94829154667","68844.10006043197","72211.90450421852","42404.37777247593","238.4548275060716","503.0659751583938","226.52209832355857","21028.66236402865","16958.037605243204","15098.238893599755","15843.122876086501","7250.710892536734","6889.874002776619","6456.526041513243","5943.530897109348",
"AmbientSamplingRFC","24.125635385267184","19.455136832686804","993.6057390809675","681.334232145806","594.9981257457996","5077.40821778435","6521.31325835563","4225.074940209657","4012.8682329502494","6927.022340678493","6561.295898877847","275.12779161490124","10249.197979124572","7978.2788420151355","2519.644728590203","1853.1522452553252","2051.5100099232145","23253.84738588555","14467.369725072705","666.5483889975196","1916.7909674525529","7493.856770134129","774.3200864106907","83796.16316456955","59601.84884974637","18992.503859316832","17528.72653714309","111.8334736198264","125.93829399622983","1179.8161301087268","1348.4292031899527","105.5648067569836","121.11794645074885","522.0085814629534","648.4767809346696","370.2179449650991","398.0813261562951","359.2372285978767","316.1933541795647","3478.7618317298347","2144.815635117808","907.8113262236703","738.353688580066","872.3380511257635","5136.218815491726","7173.933634487374","8388.784196085051","27607.719926380832","891.6098746185476","959.6150089611657","1069.5811664119108","84922.9157423988","85983.12713746776","68716.05952909426","72079.42038053894","42418.31729628623","238.0903055457158","501.9970314185395","226.0672853198088","20991.855688823278","16928.78339738709","15072.223175768167","15814.374868084473","7236.962528273938","6877.000594369611","6446.228534654572","5933.491991297358",
"AmbientSamplingRFC","24.132596151131636","19.477424242068828","993.512467075808","681.9742672737036","594.8862370421581","5080.303911446063","6522.030076654359","4225.954782652308","4012.9804798041246","6928.47885752441","6564.493013401818","275.44412737098736","10231.677548889136","7960.5640402215295","2514.721204133353","1857.9526119098048","2050.314893678695","23053.66648585529","14425.036830322224","666.7035592501076","1920.0816248147978","7491.5084028044685","774.8124217673377","83816.28974620382","59596.25096061167","18987.48673271773","17538.375837822026","111.87800706735906","125.90545312989009","1184.17156152453","1344.8558986017438","105.5445175170444","121.1253648130597","522.5468708250734","649.5909075242218","370.2823732733398","398.16358398485784","359.37734946996767","316.2363304052086","3478.981096711303","2144.877066227146","908.3736139466088","738.5414480808545","872.6947383119623","5155.72573050875","7173.178550062369","8390.620305490267","27651.17977289911","891.7995243522912","961.1943448109931","1072.6138256463946","84948.6510269072","85975.33695449369","68727.08157464632","72088.14320069306","42322.187151158345","238.14552093974254","502.4392426933292","226.0194797863689","20995.845574189698","16930.765311964074","15074.693242681435","15816.204695169385","7238.489369282225","6878.77188514514","6446.972216511061","5934.509654678353",
"AmbientSamplingRFC","24.12569493397164","19.53813456060587","993.795877622914","682.1764359770651","594.8663708627178","5078.169642240668","6520.854608590539","4224.082142358931","4012.6336565762645","6927.493671158191","6563.552340784438","275.43787608750483","10279.721397738631","7964.721956039063","2515.30912449584","1858.843501342401","2052.2608825319826","23479.59606958432","14430.931579929098","666.3265108495355","1914.674249468567","7481.852215480794","774.1908962661179","83816.8977313473","59582.43006838328","18983.357213215535","17541.29586735782","111.8242483288535","125.90268716704242","1181.8023363987083","1346.6625470691522","105.4988401305437","121.09220156148537","522.6980189746024","648.6282835007419","370.2224037771545","398.10344362363554","359.1865080527164","316.1868977284611","3479.9657050441015","2144.8361310681535","907.9965547148191","738.371068078148","872.8546998387386","5164.694465215765","7175.45872014221","8388.135539134355","27588.401091503438","891.5822818748538","960.4337842301796","1069.3670164642303","84940.26534507876","85975.70601705222","68714.75672953254","72082.20352475841","41895.57728059111","238.0847347392598","502.4278656839852","225.96943185942817","20994.466736015154","16927.305969222354","15071.205472871861","15814.711390431954","7236.614087990326","6877.275605290124","6446.141076982631","5933.237566381505",
"AmbientSamplingRFC","24.1272707746974","19.4804117385626","993.7416129397412","681.6256485519126","595.6444108238928","5082.372871020129","6525.966983535194","4227.712918475802","4015.3808084964276","6931.728335873887","6570.448754883104","275.534673336459","10222.49006668002","7966.502396181157","2521.0552764119425","1857.6560993088908","2055.2391622002438","23204.826498112794","14502.254845719113","667.2282002963265","1917.248370524791","7474.270537006463","775.0305303034582","83865.0204951675","59651.03749655209","18997.931684098996","17541.892690552853","111.91041322699931","125.97496674262351","1180.4797280509708","1346.9416424713324","105.58554772040833","121.2099608755996","522.587288625903","649.5711563629438","370.52121641357104","398.3874254742828","359.5727806814198","316.2804489194122","3480.9620432445","2145.818868584565","908.6192395019248","738.7771123563149","872.0850710353716","5157.654729764576","7178.470629141591","8395.656212513146","27623.038788462698","892.2025278115663","960.1246860430222","1070.4109514284808","84989.33227276902","86033.34996793552","68761.57417685883","72123.8395147126","42455.45647998773","238.19281655887318","502.5413338395076","226.3484553572112","21005.960286599875","16939.37552319096","15082.292146703772","15825.385115980338","7240.145782473492","6882.921961515896","6451.678119300663","5937.682009389378",
"AmbientSamplingRFC","24.1162429558171","19.617964201896733","993.5579457098387","680.0069577047245","593.5131302086488","5067.333472455159","6506.529606683712","4214.919257812973","4002.8639266111827","6909.89954406357","6545.831931342079","274.57402770057763","10257.531142566373","7990.233180956124","2509.680980050812","1856.1815038494083","2044.5356232370648","22889.41137395983","14478.05804139605","665.1915515075735","1914.9830665612315","7451.9819008842405","772.6007581132501","83610.47649731023","59454.7014894838","18944.25955917599","17497.75801833821","111.55467939473296","125.63846993800459","1180.3121455456935","1343.670574277549","105.31329846877591","120.80157349071527","521.0950797064222","647.5462099349569","369.3579877997934","397.16536025839576","358.4666194712543","315.37921931839577","3471.7817186833854","2139.833358695967","906.0481709866555","736.603552847549","871.2042881457273","5139.317650563785","7155.094909965972","8368.754167321684","27549.13286961436","889.3718417008936","958.0495613353594","1066.8689178824143","84715.29921802992","85774.80426436893","68546.54091505709","71910.60227154051","42568.72543513708","237.49750610548648","500.75780871665415","225.508354654596","20941.746387313582","16888.437911326066","15036.019064052367","15777.573140824325","7220.102747576227","6860.905558858427","6431.112772507579","5918.676147521095",
"AmbientSamplingRFC","24.122630568259556","19.511730008871226","993.9445865299081","682.1957563157755","594.0957241610732","5076.850762369199","6518.893012082896","4223.3653819594065","4011.4032393419884","6925.237777009894","6560.7994531332215","275.3098211159096","10254.399286369406","7968.019618635867","2518.1744415271874","1863.085637235954","2052.224614071728","23092.661555651746","14522.05484606303","666.7859606101346","1917.4375025192646","7469.654160916386","774.6577114883673","83796.80347696156","59582.12818787776","18977.552659142184","17537.650875840154","111.79703167735511","125.86313551507423","1181.482588795993","1344.8524079630804","105.49251949821284","121.10194480252545","522.3705314950337","648.2898803773679","370.16479151706426","398.089080608629","359.3056637591605","316.019577374629","3477.372394072465","2143.890888600839","907.7855801226063","738.2319151193082","874.3012982765989","5134.330639206619","7169.0002026124575","8386.824849372895","27609.716224667867","891.4035865350891","961.3050121433707","1068.1890146860178","84917.76173981372","85959.57338771707","68703.21313784995","72066.99768886286","42481.98648913454","237.99973880131276","502.12690376429276","226.0149981272947","20986.237203638313","16924.234399924608","15069.144956805349","15812.87192107976","7235.321706699485","6874.744794416961","6444.9787629012035","5931.843877498686",
"AmbientSamplingRFC","24.123255570144746","19.489204193197867","993.8442497257435","681.7342341615175","594.8215043983705","5076.847876793614","6517.942828791414","4224.281498804815","4011.350009849374","6925.461411930227","6561.109518851581","275.25854641277823","10270.069215112766","7968.836079484076","2515.9464730436744","1860.4103035219136","2051.4836664226214","23121.502671331415","14419.39194153718","667.2117155002904","1917.021495950959","7487.605354652052","774.1503964135482","83772.74396086481","59564.49972190188","18970.965816489163","17527.038208537837","111.75286656334596","125.90979741875088","1182.4747939710805","1347.0066533250017","105.46372792990715","121.06313232043455","522.1436205135464","649.2122400237179","370.099639000382","397.96710274056323","358.99404658813677","315.9820173995317","3477.5989498950953","2144.1456124503056","907.576259856431","738.1555063812391","874.1702598810815","5158.453672682381","7169.707056661224","8385.821596257148","27602.252326399805","891.3512244635663","959.8329520962536","1068.1248635811228","84929.77797873408","85958.8452488722","68689.80459606765","72045.35057680581","42308.697430119224","237.93788334866673","502.1469681678944","226.0044935001484","20985.781625135172","16921.549602514184","15066.266721688005","15807.70225694755","7235.2198116114105","6876.408865581398","6442.584651622926","5931.356635156128",
"AmbientSamplingRFC","24.14144436646411","19.51071541026394","993.607117945055","679.8361789876923","594.3011973572643","5068.564972169417","6507.715601977606","4216.424518284061","4005.1725156022358","6912.616886266404","6551.434636481699","274.6268282766692","10192.281687770446","7952.66851864898","2513.3499448484563","1861.1074983236517","2053.161209911841","23129.12313832497","14516.673069328157","665.7852281148292","1911.7062051130372","7483.9937986973055","772.3401431483289","83635.5388868794","59469.37483939533","18944.796546834117","17511.17028313184","111.63022208816406","125.66191756223536","1179.7025211585808","1343.0614957153343","105.33248023046944","120.83451470294266","521.7199846564179","647.6139536565873","369.48082291878086","397.31018577003016","358.56491260198777","315.5541216902117","3471.754946548726","2140.938175884364","906.0840858602718","736.9088987850221","872.9281883398528","5159.08324262883","7157.070441999857","8370.982687437498","27566.008640199034","890.0001911025296","958.3690325806488","1069.9926251605223","84775.80361771963","85796.67616809835","68580.55823275844","71942.22495642502","42113.154236020775","237.57625613893782","500.43984798982353","225.73593951306842","20951.92375645607","16893.6600226179","15043.543421300918","15784.279540332915","7222.886503346083","6865.923572726928","6432.8801988243695","5922.176407417527",
"AmbientSamplingRFC","24.136222364990022","19.46803150149861","993.6297806497461","681.4311035032371","594.4284867106893","5074.116570230521","6514.547429195334","4221.1199468746745","4009.0808303460794","6921.565891124996","6556.409648138866","275.17452953513583","10237.111922423981","7992.936932300623","2516.01005204068","1858.9906617136212","2051.2197236078523","22949.80035109451","14438.009139332711","666.6610564114802","1913.9453472245564","7471.658521103029","773.4718491007454","83728.13731218148","59555.25478723638","18972.675698150764","17517.085118819083","111.76342818288104","125.79966006261533","1185.1762812903364","1346.4008628037332","105.41916473863387","121.01485241985367","522.0846684100164","648.2324755998418","369.9528631955127","397.80239678616744","358.9544039677829","315.81377299945467","3475.451800301582","2142.741881441779","907.1644194969967","737.7182590066453","870.4628232191304","5157.610795895075","7165.750690860772","8382.299308633264","27565.882738263324","891.1657928202666","958.6399441870777","1068.2052770672785","84870.73496750838","85902.65311944466","68655.05890174293","72022.49789260329","42037.0256639918","237.84377232169132","501.37085746667503","225.9229438879729","20976.31303606969","16913.723097773283","15058.040719473916","15801.408747847083","7231.233952787313","6871.5243615529125","6440.251224703558","5928.236620947217",
"AmbientSamplingRFC","24.120955603015","19.417132465964933","993.7925734034519","682.2960922791015","595.3893179843766","5078.242450318558","6520.756400322853","4224.104903273993","4012.372724967099","6926.099574875939","6567.519496173445","275.52679943529694","10285.467632319656","7961.076993844097","2521.039816350619","1858.5332962161156","2052.2840298508304","23066.172562339943","14591.772220911806","667.518515813064","1917.9056351739287","7491.733584671502","774.287217581917","83800.89929281337","59600.004929520845","18982.454545096203","17525.720034529793","111.82414066185655","125.92191607373307","1183.1497340056196","1346.245627578217","105.52450105157217","121.1135318413497","522.4137717522326","649.6491405848074","370.18755433890146","398.13899631863336","359.315881173961","316.1571360646002","3478.9691246187645","2144.1187717842354","908.004390981807","738.3165909988714","874.3452404595984","5146.203946470962","7172.751375914601","8388.540780593125","27611.43564072396","891.817041653461","960.3330701166327","1069.3845128684845","84945.72000689067","85972.76506642115","68707.09033298655","72089.01825611567","41979.10975033547","238.0568241166186","502.57449058452676","225.9906259658786","20992.906562350807","16928.241098779225","15071.90167146532","15814.27924197199","7237.625183101726","6877.7071647633675","6446.637881198217","5933.6025754933335",
"AmbientSamplingRFC","24.136075170617854","19.566799432902908","993.8031175807793","680.6664404993702","593.5194333422623","5066.330269198461","6504.956416716303","4214.919609545026","4002.6765863356427","6909.792585281702","6549.821508864569","274.70230393240877","10269.589381873257","7979.904870007873","2514.6736791966705","1853.3233124484232","2047.3450927392496","23000.342556545907","14520.129181391003","664.9646621739303","1911.6019762638084","7458.898515927812","772.7508093016324","83601.43285803524","59441.11772730657","18944.808944846525","17493.20204071422","111.58548615999862","125.63458815275284","1178.8764587525077","1344.9565524637499","105.27234087941581","120.78097621958514","521.1116105800586","646.6248210673261","369.359684023604","397.18065788367994","358.3122624247168","315.3741869045263","3470.4147526824677","2139.7839374259993","905.7254478471062","736.6983472203185","871.787594553763","5138.2622032010095","7155.861964353918","8367.484533344343","27552.784231883194","889.6517549325524","957.6344978595275","1067.1036554125228","84715.67604773519","85774.8541989036","68547.01794857107","71906.71037852667","41964.31791943461","237.56516536239272","500.8439605726753","225.52993599430152","20942.727193720184","16886.708607806475","15035.87961462509","15776.777210450513","7219.571756597933","6861.692105228552","6429.345960005243","5919.275355071225",
"AmbientSamplingRFC","24.129842566638604","19.517521261430804","993.5619913682513","680.4936799482356","593.8029265264972","5065.709663560488","6504.683964313595","4213.923455059393","4003.5967258728438","6909.373681354124","6548.150833079307","274.5429544670068","10211.62562430061","7968.256108849978","2514.4072633825617","1861.6945486091117","2046.7109130941199","23212.73614535616","14454.80584998301","665.1069823446517","1908.524688450113","7440.574379785358","772.2656038325794","83593.95159715724","59446.87991101235","18937.151673284712","17499.099225064983","111.55351923377927","125.63011832031037","1178.6686482233204","1347.7576467159145","105.26451486675741","120.80386425033446","521.229990524538","647.3873133702973","369.2880964073477","397.1582735568977","358.44262198731366","315.35683438841704","3471.2296161132035","2140.123590516754","905.8803950610079","736.5853349159925","871.7689734032633","5133.911307860155","7155.095982608721","8368.007886200132","27540.355433072255","889.4701678887878","958.1151002496555","1065.774323844481","84727.97388855401","85760.74500701453","68541.89155810737","71905.67391290446","42227.71969107542","237.5286441607122","500.92210904402776","225.52162212172695","20940.625049344544","16884.566164903496","15035.377140281824","15777.117843853051","7219.433679961153","6859.003532750426","6429.908382908789","5918.109680694573",
"BreathSampleCollection","24.20406264296162","19.45058416896608","993.7560091122608","685.9005314784594","599.3149562336083","5112.561912989487","6564.142394527368","4252.599168145579","4039.624518710732","6978.744959483194","6604.102006133692","277.21970804145104","10350.528448728988","8056.478868529722","2535.610438895956","1889.4399368497825","2063.846630796749","23409.101608867015","14759.855403425761","671.1551669322639","1932.7854628231557","7541.698461695619","779.588470576498","84435.6722655981","59887.433721802336","19122.34212479471","17629.53461558226","112.74553722314354","126.621633981007","1190.269300034548","1357.6350684805543","106.26331263431216","121.77589793651919","525.2933758584062","652.9278053607792","372.35452123404366","401.030067127655","361.6574439815909","318.2598650755785","3502.146261888848","2158.0194416104578","915.6044662376369","743.2614398651555","880.3066818142345","5277.414761034553","7225.456178836062","8465.691156225508","27819.932970356596","898.1398263545556","964.9604974002408","1079.818928260529","85480.81217693865","86734.0966129636","69292.43772438403","72525.35077397201","42724.71362511917","239.2806740001787","505.76811973480227","227.96467578472058","21146.514114720303","17064.03092097972","15213.098774894534","15918.068705299911","7295.043261736315","6931.507093902222","6494.752671779634","5981.05894334291",
"BreathSampleCollection","24.196383903561998","19.53059364327021","993.9385377274657","683.8504263890256","598.6099956554","5108.807292715478","6557.591128071798","4249.462610885474","4036.9652127372506","6972.517109366455","6596.302195974862","276.95550900709827","10311.366114403765","8019.421327275042","2531.8805894001357","1897.3130833293485","2059.096922624111","23853.398824870303","14745.226618556902","670.1735685704768","1931.5699091248543","7528.13506320284","779.3018684209444","84355.30821279509","59842.875948289235","19109.530768985016","17621.027754822422","112.6361565012614","126.52533492477292","1192.650065492937","1357.658710692866","106.16416308317127","121.66324923152739","524.7087442959591","651.916937497989","371.9777623604374","400.62138843016476","361.44970591081716","318.10752844386633","3498.532081973402","2156.931030542825","914.8147042851494","742.666343438958","875.1279229109161","5277.489755535413","7220.87498138076","8457.926180107204","27740.10456051429","897.3729085995152","966.1841821750855","1077.8002827705","85428.43317028465","86654.09399614763","69239.3946845659","72476.86547308174","42718.58377805119","239.1076209589113","506.0415923596906","227.78058039203142","21133.53073934535","17049.540758589254","15200.688889528303","15905.83804482131","7291.234184639432","6925.44334879006","6490.267083563231","5976.656531128351",
"BreathSampleCollection","24.186037523555612","19.410526255108298","993.9350870247404","683.2867943910132","597.5010486374655","5103.419179597814","6551.132832669026","4246.1776099367835","4032.657294199302","6967.771882417752","6590.678120435741","276.8004870579529","10323.826466288225","7994.160816056612","2532.668017500641","1880.481120062052","2056.2147280258946","23493.805911782187","14675.187729333838","669.351484956855","1923.2341539475392","7522.611869140846","778.3837954998015","84271.84207246493","59784.87835495616","19094.735057256705","17601.220096842924","112.55235455051783","126.37082780405404","1188.6784460342772","1359.061584041918","106.05674235611407","121.5502871881866","524.4971684111671","651.2891006828538","371.6509517119547","400.25025956170066","361.0492814646811","317.70217293337566","3495.4163242315285","2154.743833124828","913.8505143055148","741.8544213203975","878.9553772312662","5252.293013330157","7209.373966750154","8448.087114582568","27784.181425658808","896.5195044938929","963.324477819678","1076.4398247350202","85308.20216931327","86582.85254128627","69168.18452988197","72387.25062348192","42919.89647090756","238.8025875608898","505.19171776662915","227.54308254829473","21110.4796392515","17032.820861762528","15184.923067254953","15889.492760436198","7283.155029911911","6920.388518455862","6482.985819772369","5970.633958783169",
"BreathSampleCollection","24.218431479124025","19.720029188947432","993.7519191932182","683.6571750213824","597.2110852239147","5094.069087144004","6541.019909956338","4238.28975025389","4026.159600304259","6954.939677442268","6577.370919333412","276.21168010981177","10297.092508761283","8013.265402464649","2530.856334659541","1885.4914239817879","2056.136622851945","23559.70161700966","14672.384113565853","669.0431466783876","1923.806834995485","7526.280052954562","777.4209769923548","84124.10155562276","59674.640909704634","19057.559011493995","17572.11706103205","112.36068030482254","126.2111910731122","1185.6834510976778","1353.2400592092652","105.89007811761971","121.36359948034232","523.0752721163853","651.0271643489629","370.96974892704486","399.6170047005687","360.48740294202486","317.2495277995002","3490.7789470423068","2151.4183838768663","912.5575286855062","740.6589387174766","876.8142501770991","5243.369290448544","7199.938478310782","8436.672908042012","27695.806176088303","894.851613553597","962.6515088107809","1075.1375292835694","85190.31531420704","86415.15349762532","69059.6424459721","72270.60381337543","42557.74516618128","238.43470276189322","504.1585941775119","227.13953797256121","21075.68282903702","17005.67866291012","15160.12613087734","15864.073520393371","7271.165120479465","6906.588030978768","6472.028817953473","5960.695636633601",
"BreathSampleCollection","24.202978431242887","19.47124907953154","993.9746865013727","681.4302557315744","594.8103799355761","5075.191160117732","6515.192324403628","4221.689309666768","4010.3316631566854","6927.84935765225","6552.855263387815","275.25319039299615","10230.083189894527","7933.686982394258","2519.1546294504433","1880.6894041213154","2047.5946370530403","23543.687175418763","14651.139144431041","666.1739699253836","1915.1081153763437","7489.91422703729","773.8501911280683","83787.54586786657","59456.543005377396","18983.090662878283","17498.658374195147","111.95098370636283","125.69548382479822","1184.3899497802915","1347.7538502951486","105.42783740969962","120.87644760054239","521.4430824274011","647.9559487810174","369.4877068111177","398.1032870040209","359.03208104973106","316.00724355089335","3476.267871252661","2142.33796013927","908.8004953741812","737.6987497958283","874.0962893072638","5233.258064044348","7171.1312356973895","8402.76998353757","27584.842939801674","891.5488743692122","958.895684939507","1069.6770193578661","84856.8768152845","86067.6744977199","68777.0197077399","71995.18588954624","42185.560183763504","237.4918546528037","502.85923702665343","226.25323248855722","20991.84052436145","16938.141375371597","15099.81912508489","15799.786672609025","7241.107278567673","6881.129331018437","6447.427702552535","5937.179963017387",
"BreathSampleCollection","24.222312245504078","19.436108884797097","993.985686032922","684.0577744562854","598.3125045400933","5106.245296117598","6555.644279860338","4247.213520304226","4034.976775181401","6971.419949019664","6596.374310632357","276.77934030798696","10245.862667292133","8016.153120520417","2533.9889035629317","1884.6094038588062","2059.511135433347","23694.327528148733","14771.537214180784","669.7930764212085","1927.5608281552095","7546.4071675473415","778.3717142870544","84323.01806701151","59819.380809664224","19103.931511463863","17607.108048891354","112.63404861150806","126.47674987817474","1189.011590601903","1356.9772596160972","106.06714669007275","121.62417906810686","524.3185412126526","651.912777202512","371.86604203385286","400.46473169987223","361.24877946598957","317.91426787627375","3497.555456258703","2155.748813622751","914.2543941547692","742.3050782253781","877.67561727275","5266.6420697639305","7217.452336481151","8455.03983039971","27774.410467277652","896.9888729514199","965.4130455145057","1075.2678593540338","85373.06779392957","86612.98957949963","69209.33188484618","72427.51597952557","42186.45643287144","239.00662467869887","505.59786287461753","227.6582442683609","21121.6660423102","17042.39620746546","15193.63855038522","15898.825497248106","7285.484511853242","6923.600934733736","6487.564808695484","5973.885071369209",
"BreathSampleCollection","24.179079684158616","19.672542594676887","993.3972321210188","685.7651280942406","598.030693744567","5107.212107047517","6557.663184971752","4247.627512219641","4035.812404458935","6972.104895794261","6594.600440008474","276.805140900638","10296.001795979524","8033.56349188279","2535.612173547759","1889.0440120868034","2060.003191742608","23782.790650651234","14782.45571505449","671.3348400578361","1929.6381662563963","7547.811564565702","778.5771982221955","84316.64735473387","59825.78004235213","19105.281114138346","17617.334410421954","112.62659171991696","126.50116017671228","1189.408948659239","1356.4207242711034","106.14773520972584","121.6546193258687","524.5621783339187","651.9920249110711","371.8870466816159","400.56863048726","361.2851920089438","317.9579067436435","3498.654956419343","2156.4889579008445","914.5167990509607","742.4262210934343","878.8256521275764","5265.7501688963275","7215.484427690964","8454.777640370312","27745.61542498268","896.8620201039819","963.5685841863615","1077.9405061407317","85402.85522268184","86639.18710055656","69218.9379223669","72441.54381263355","42712.60708297063","239.0272933060401","505.43599179139824","227.55072631772862","21126.735414484778","17046.041404551426","15196.256204436082","15901.33712304101","7288.493069327219","6923.461093089913","6490.064206045803","5975.318933996662",
"BreathSampleCollection","24.201109960370363","19.556056017933223","993.8750843177615","683.6975185475795","597.6150126601863","5101.247915471025","6550.751762491796","4244.613687412928","4031.9466561885843","6966.169180005789","6591.068949012181","276.6444201806476","10342.079371354697","8027.230412768231","2535.852908992237","1881.2469318201745","2059.6536253872887","23639.394219369653","14569.177496963815","668.691018525537","1928.6775628733192","7527.176174436846","778.4150987586944","84251.21700437907","59758.8904906783","19093.741704490683","17591.540491035146","112.5118475229707","126.3460669936908","1188.7537897844463","1353.6949895779821","106.0417542799353","121.49708766806752","524.247963018489","651.0106454194174","371.56238148298536","400.22787586023975","360.94546195015687","317.7082233551151","3495.280983559818","2154.595385120686","913.3165009207961","741.6664350077842","877.9943347087697","5247.072455106314","7210.4631761230185","8447.746777401988","27744.185966663154","896.5834715293018","962.7473124757489","1076.2487124522816","85307.18769902505","86539.87277703604","69149.43630137437","72369.11184854539","42801.96069065412","238.72914505610666","505.43117483126076","227.51564979355285","21106.26114774539","17029.08870278669","15180.977875785646","15886.556195105255","7279.971940821326","6917.635668898657","6481.81752761893","5969.475519820523",
"BreathSampleCollection","24.213956433359904","19.57814044561202","993.7487850685567","683.2002526350722","596.8807126584549","5095.215370387637","6542.250226679643","4238.172744106427","4026.9132292349063","6956.623627025875","6582.7711885443905","276.21235073979074","10322.704624555266","7992.253851619866","2531.228592069586","1881.420227536854","2052.631488164943","23615.05956557951","14801.42857750925","668.2472054662799","1923.8906713350705","7525.08077323706","777.8955150293127","84137.84196518971","59704.60495665655","19061.030693350353","17575.341236195207","112.39765089525255","126.20876178059223","1183.810135553094","1354.0404487404915","105.89092321083598","121.36230696940756","523.4461864951442","650.4014352147532","371.1147916250888","399.7245119338783","360.4759787119525","317.27322468720666","3489.941173866839","2152.0350738456023","912.1978428521454","740.8569767076865","877.2637342289814","5245.931842643362","7201.632200296242","8437.315358145603","27721.972573827","895.2864998686077","961.7500905051348","1076.3128004654657","85210.20689230075","86465.69321658862","69069.82891018743","72292.04473574235","42161.01017606536","238.46460710694103","504.3701980227863","227.188371192348","21079.5669093949","17009.505855501455","15164.561942426437","15866.008125569657","7273.246790015578","6909.395953277758","6474.525310409948","5962.243889510954",
"BreathSampleCollection","24.22126726179273","19.467693857189893","993.662603899253","684.4469703588567","598.4739242483406","5110.743240183313","6561.010736793051","4250.350205136284","4037.983666687076","6977.87284245255","6600.456846090973","277.24483795067613","10376.96073612122","7998.809994506347","2537.6410895438744","1888.3035747100366","2062.211553324907","23432.71635392977","14629.038384246529","670.6768676939745","1929.2984571205966","7511.875086873587","779.1132884965258","84377.87629743731","59864.20168096495","19115.724847714653","17624.45933542634","112.68257352066223","126.55271848875371","1191.1740819449426","1357.1695491473831","106.18323411316749","121.71549128069621","524.9371364042534","652.6505203949471","372.1967835165476","400.79098022161605","361.5828805493966","318.2744752064062","3500.839602158515","2157.6110509523637","915.041636134922","742.8287250622708","880.6510623706063","5256.102438504666","7223.410970525826","8461.302988839798","27788.227106654496","897.6467841177","966.2780042994069","1078.7297133501215","85454.52435428507","86673.91082636174","69269.85529124115","72484.11940651205","42831.31872481383","239.20042170538574","506.45189055595193","227.87817331937416","21139.99464362159","17057.20382217378","15206.698146975014","15911.327211480237","7293.196467447302","6928.373471424951","6490.960941875263","5978.835984641624",
"BreathSampleCollection","24.21660881902779","19.507337242489985","993.6898809138573","682.5630921084203","596.2705493980266","5086.9580811030355","6531.666698281622","4231.762250581378","4020.2092064421313","6944.795145403436","6569.881546223174","275.88879073894736","10245.89580325058","7995.735166632997","2521.7525462290987","1884.5542080444682","2056.764644220638","23695.706346344243","14577.015396651128","667.2692732656651","1922.0879479195519","7510.257047697262","776.131222580414","84009.55122455527","59599.83536915168","19033.706882658338","17548.839282155102","112.21607519058989","126.01358806473223","1183.9802227426765","1352.5939317581306","105.73771959609505","121.18389537741412","522.8821697960032","649.7856419573541","370.4512324978817","399.0283652893619","359.9333854571246","316.7427680230487","3484.381143057765","2147.9527715972554","910.7258863290654","739.5972438189348","874.3248895384443","5246.423275814275","7188.528987609439","8422.265817956217","27662.31724293557","893.5236394594416","959.9473454352177","1070.8799782690053","85062.21131438132","86294.3377657884","68953.48868247836","72157.56311161254","42548.57051784099","238.11328868520908","503.63579326132043","226.8798337374109","21043.2445333288","16980.582258203092","15138.22085014518","15839.389501224461","7259.7207760815245","6899.342734430077","6463.196721255142","5951.873117012053",
"BreathSampleCollection","24.200122634023984","19.49180881131026","993.9624724769478","684.940477690773","598.4283633213622","5107.178423444465","6556.830858782188","4247.853450104023","4035.5922142754353","6972.150859520333","6595.57143303038","276.88448170931537","10295.648388034711","8031.789640591501","2533.0745930313087","1882.6356708540989","2057.7179929168124","23534.569584549827","14730.201888878823","670.6172714270348","1925.546046108232","7534.27571036049","778.3365263153898","84331.40914184856","59819.21111248867","19103.786400048753","17608.360455893908","112.64544698110207","126.48406522023856","1191.7274062429844","1357.2091386937275","106.10657875256453","121.59061495884552","524.5893252184982","652.4013704358423","371.85347562082063","400.5248612845457","361.3693197703524","317.97103405594544","3498.20167708318","2156.1702196478336","914.5878514743929","742.4272557546308","879.3963574288565","5276.484827148723","7217.572181699668","8455.498440101246","27735.915910830798","897.04088828239","964.6462683097764","1075.6285326404122","85370.28371600443","86614.90062326832","69205.23927991533","72427.68812545406","42282.46931139297","238.95962765125947","505.78296317974406","227.56967003844787","21123.702216990427","17044.361774731537","15194.936197975841","15900.664185261934","7287.821123547882","6922.195399548933","6487.310718322051","5974.832243860102",
"BreathSampleCollection","24.21577260868752","19.499935987084218","993.7405097449746","685.2163858389445","598.9245396243791","5110.858638561125","6563.160949907304","4252.713315017448","4040.258724729127","6979.170076015072","6603.950440944506","276.93689404969945","10306.720796771064","8053.482696834121","2536.2023118341926","1884.7308866593585","2061.1830565126256","23559.501673821273","14762.937735052856","670.2486790603939","1930.439975940638","7562.42352872319","779.8088217995621","84400.43373768713","59885.68471492949","19123.82004025898","17644.66837101834","112.75988769528482","126.60236950001084","1194.7193716379504","1356.3821545375067","106.21516804313251","121.76998883101912","525.0903779850524","652.0297038893985","372.23077314484766","400.97929041848704","361.5940553579604","318.2436282294964","3501.641343404365","2158.182482290644","915.3452702936145","743.2080236765206","880.7382579724884","5252.242862607274","7222.535016378747","8464.049592347008","27765.33078154602","898.0349802776491","963.9539169008839","1078.5278778105846","85469.24974585627","86725.49246086073","69295.13890940767","72513.40730390408","42545.63910621311","239.16101760758798","506.0717402558775","228.00626411531985","21147.74687086275","17061.856805819607","15211.759998636871","15918.355134721483","7294.156705187366","6931.79689944329","6496.033689856484","5980.72157593581",
"BreathSampleCollection","24.202368951847863","19.47019107714387","993.667524185334","685.7685523195454","598.7227405589355","5108.937050253323","6559.885971047644","4250.9934034227135","4038.1083805106095","6976.311109664048","6600.608980060258","276.85721651253266","10323.866214356516","8033.314816381517","2534.0034897489604","1892.9477402859306","2059.1751053401385","23550.02254155419","14755.844246392537","670.9234674607592","1930.783632536264","7526.540820857679","779.6111095067524","84378.60343617525","59858.21771437748","19117.333643577622","17633.619807080442","112.678544433447","126.54199607701662","1191.2091306054706","1355.4439628258897","106.19344889996525","121.72470627432116","524.9578911172698","652.2158252528371","372.1457168344784","400.78363832888243","361.59312947954623","318.1757800604993","3500.7214748701977","2157.1162932283028","914.9881027252715","742.9100093043608","879.9767577719658","5263.588736830813","7221.727093358915","8460.568285132798","27771.92091864363","897.6901589915057","964.2791598405628","1077.4798337355887","85439.94014563659","86674.50633924293","69264.27638764874","72488.38115949891","42228.38313445196","239.15501706292628","506.1722275409354","227.78035552160864","21139.58303665147","17056.361131119556","15204.60986368058","15910.483540674753","7290.794969802382","6929.306071992751","6490.5122830873715","5977.940497782943",
"BreathSampleCollection","24.198685453088384","19.733528312891067","993.7596779832511","686.0098088721809","599.3854586638796","5114.54520399837","6564.480703090682","4254.06352839032","4041.324088604572","6980.324218242485","6604.797034077819","277.2279677941083","10343.344462605923","8043.183492947706","2535.163551941181","1898.1270900837908","2065.6158545622684","23661.540947352383","14794.199026638853","671.2049548269366","1930.5564115346358","7537.733508194633","779.5239637235571","84436.0372500747","59913.16357781549","19133.509340922814","17644.242809247302","112.79275678177757","126.67239479541496","1190.2408842233601","1361.0975935719723","106.30479643760609","121.80004369219967","525.7075232228121","653.0334839060879","372.43634425298444","401.10269229057553","361.7947921659759","318.4104519355152","3503.6029896551763","2159.238573222858","915.8571557054439","743.3845976041493","879.3791227168374","5280.370948901025","7226.932414993541","8466.459741717217","27827.456322304562","898.2773567522368","966.6797171720997","1078.667204804034","85514.94650121857","86748.04182705894","69328.94124762366","72549.18842809572","42559.838883170734","239.25376864932917","506.1435239722558","228.05938832913807","21153.489408823363","17069.13392794913","15219.159300049478","15924.537144667906","7299.699403787585","6934.162526664046","6497.674462916521","5983.943108860512",
"BreathSampleCollection","24.25691032410059","19.581014188991308","993.6462631574531","685.080910591033","598.4445445034397","5108.619901134914","6558.767491444348","4249.7536327237485","4036.4885332365616","6973.744494822243","6597.18146438963","276.99098754896323","10307.85945544722","8028.22761181055","2532.7554901558105","1894.3681520076634","2060.9590279020604","23296.63250940157","14741.925981148976","670.1950158942298","1930.7625430219282","7549.783811003889","779.3724909566982","84348.26653975973","59841.6730847961","19111.00829643819","17628.31158978083","112.67957816566413","126.50705373792748","1188.0280559427144","1355.8728770995654","106.17431898629178","121.67987863864312","525.0518480607168","652.7187912109038","371.97322325784353","400.72886826159","361.3792005551233","318.05199211901345","3499.468668803668","2156.5015825065843","914.8693727913552","742.6398215742415","878.37399068014","5265.319372408734","7218.932446857596","8459.123558979301","27818.353334444313","897.3298477493128","964.8208555022633","1078.098885097216","85412.32081723562","86637.7611378494","69236.12677578392","72461.66458524471","42651.92033224218","239.12406461522488","505.51213824492964","227.69123854970348","21131.722418619138","17050.3049987315","15201.534754108117","15905.016248941974","7289.835110033907","6926.740077881033","6490.809444704908","5976.1357368023055",
"BreathSampleCollection","24.20997583687108","19.633597313949537","993.7688326869135","681.9352722857451","594.9760963444118","5079.006999472977","6521.448389390359","4224.177272917805","4013.1559274393544","6933.420584550096","6558.475591799365","275.31364941923084","10237.30885892117","7980.481661187885","2514.1542093034127","1880.8545064556233","2045.2090441588534","23358.5073339032","14718.940526380642","666.5128419229917","1918.8426575958233","7488.042680309512","774.5612962863644","83865.8730824477","59502.056735548984","19000.98724617129","17515.911703666752","112.0098011752013","125.77075659310553","1180.9879444369649","1345.9609927184767","105.53764778046616","120.96061247567035","521.5954778227265","648.2921672060982","369.8484579972635","398.3873191030849","359.3063380518069","316.2626546241511","3478.9185405066473","2144.016651899334","909.2901734453075","738.3397744149464","872.6754694943987","5244.485522323127","7175.946008030629","8408.312116055515","27657.49538645083","892.0264679891972","959.823780484602","1070.3131472020739","84909.46535218119","86148.05505176302","68832.50251156415","72039.91321709109","42440.86359673391","237.69193208318418","502.7750152089915","226.51659785606878","21009.8437127486","16951.672377605875","15112.045502724357","15813.641968035572","7248.254436325139","6884.794509698869","6453.3089601171705","5941.91402319627",
"BreathSampleCollection","24.206869674540325","19.653388363065474","993.6772815236269","682.9331897519204","596.7775469334971","5092.572696776895","6537.862691496248","4235.359722831699","4023.7681223926716","6950.555231019836","6576.644712413231","275.9582298447762","10330.462628890804","7991.607742353596","2526.2730255591728","1876.761420906113","2055.1862717031527","23691.34439472952","14747.761677677703","668.505877036571","1922.903509542731","7516.2657225064395","776.2319869474946","84097.83440915568","59663.87107078948","19046.224772322163","17565.82227568231","112.30715134682804","126.09702698309633","1186.4048924350338","1350.668292399848","105.79000253629115","121.27856673063928","523.4019655291371","649.703461159163","370.81577232222054","399.3302270822097","360.24149377117453","317.09654175740496","3487.0251548373235","2149.9755207796416","911.819166609127","740.3090885355547","875.4445070393247","5228.64182751964","7194.706899334876","8430.894371054183","27669.545277651723","894.3565709944278","962.4680243454912","1072.932607515818","85160.23165636713","86373.45476716939","69008.30746624774","72219.576695653","42652.02553883487","238.32341764261432","504.1271642926419","227.06258731977746","21062.2942709532","16996.469736983505","15152.024218084274","15852.634701793722","7265.662140522469","6904.503406966534","6469.380016641964","5957.006367286438",
"BreathSampleCollection","24.264084438042882","19.53983388390828","993.6552442094948","683.247451268169","597.5262456355458","5098.767315405352","6547.816622803311","4241.867556639002","4029.8946556520914","6961.90040264893","6587.629884399526","276.3914955309955","10318.761712087713","8008.752677048969","2532.018784933491","1886.1340681705185","2059.1724801701225","23529.346693248004","14570.822820401367","669.5003086924128","1925.7702493996835","7528.486442678767","777.4120937690053","84215.32919783183","59740.28497493216","19075.328044174512","17597.273756096783","112.46219740010943","126.30941196557872","1187.693248725848","1355.1106249604088","105.92228413604887","121.46396931097149","524.275010385227","651.367241638834","371.33544705448406","399.9415554156501","360.77179175477573","317.4849202612985","3493.421419189215","2153.329234597002","913.1666638424109","741.3297213904661","877.5132025798349","5256.189130357782","7203.780250862256","8443.235705847528","27735.003628682916","895.947530660633","963.5321494939916","1076.2449694573284","85283.51693742104","86501.86582799673","69120.3836257626","72337.41301817285","42547.62261634748","238.6372008243101","504.63408730588935","227.42156174763318","21095.16005807466","17019.996676477487","15174.01016749003","15877.323937834613","7277.634402996614","6914.927203983151","6478.894705042116","5966.8383783934205",
"BreathSampleCollection","24.21120505839423","19.656368875294504","993.7659506657106","684.1844424363717","597.0354261594214","5094.031888921234","6538.89338344302","4236.955555457532","4025.6569151917106","6954.438986073192","6580.62858059467","276.1340007430408","10260.36854035382","8006.157164865231","2529.2537243247552","1885.465271941596","2053.2856578202154","23080.608163636112","14668.597382438604","668.4578133097849","1923.5886405543342","7505.92755803748","777.1338428883253","84095.68104347315","59681.171773521164","19057.10033284897","17569.28655382016","112.3516924318259","126.18701384980692","1187.7170030139346","1355.8406310767878","105.85206430805047","121.3287071251301","523.4228141201758","650.1005611051858","370.92634556073443","399.5639611286858","360.3909925641544","317.15755824848384","3490.2553106039845","2150.6324119126075","912.1755221753167","740.6524222160756","876.0644668770059","5254.583249191893","7198.38951040495","8435.40366566518","27710.31894598106","894.8055448619673","962.9314379870575","1073.3148020723966","85170.93122011331","86413.13722279291","69044.95965355322","72268.22493327502","42603.031769345565","238.40631944187956","504.16482548608695","226.97471078691427","21073.975907013104","17003.135892761846","15159.232483105128","15861.868078227293","7269.409349835516","6906.105343312335","6472.033234719855","5960.283428922929",
"BreathSampleCollection","24.241892988299877","19.636959861701","993.6543497877891","685.1383688466173","598.6084539506439","5107.895759812244","6557.649392465092","4248.828440723618","4036.5995373650026","6973.7756265735725","6595.1939135159","277.0986934528446","10326.200146461913","8027.985385275638","2536.1486583308497","1887.3924180683482","2056.283458538403","23790.05153259497","14855.75689415801","670.1185145240303","1928.726792145285","7507.6604121803675","778.8013397525638","84340.38820510825","59837.38000342907","19111.156058711673","17615.200793138807","112.6431663350263","126.50136371162718","1188.4349257626955","1357.499788626214","106.14040862399887","121.67984317606447","524.3281751646141","652.4370101443875","371.9415429046043","400.65890547604295","361.5076701194993","318.0432028273623","3498.5711064972434","2156.37656841538","914.5046960223361","742.5477863909431","879.2037833455825","5246.614259453852","7219.420699699394","8456.042753369524","27782.23170631802","897.2641650269952","964.5849378239321","1079.946293347328","85416.4798103139","86645.03370348389","69235.7746093121","72462.94360902831","42408.62653968809","239.03679151133454","505.51875283967735","227.55607732078084","21129.613210897664","17048.56615191704","15199.851693884346","15903.989569482279","7290.1787926990055","6926.451489531907","6490.629141740086","5976.227736888558",
"BreathSampleCollection","24.256545708857153","19.43074396728247","993.9129582908959","684.3971945509845","597.8743885088802","5104.214652906528","6552.268056233144","4246.566982380336","4032.826414182645","6966.953319531888","6589.749903725026","276.7166175696322","10361.261618866578","8006.3033261714","2534.411838732046","1888.3133925535378","2063.491807654313","23716.012916720727","14706.575725213605","669.7615825658165","1925.7094656500883","7524.565703107428","778.0947575238426","84255.53594186516","59790.19890260735","19089.34248835345","17600.1570278017","112.58245406773183","126.39540771304605","1188.791281757588","1353.2657184634834","106.0608292775225","121.56063403924017","524.185477081096","651.7184328235611","371.6816416993754","400.28716953781066","361.16513356600586","317.8229337366155","3495.3622073040638","2155.0922436501855","914.0676986066466","741.9609849514766","877.9913150275112","5256.423970485064","7212.2159380304565","8450.428395243947","27790.90081326873","896.7033275246393","964.5142733745147","1077.5219990681717","85314.60557219137","86574.6808362782","69178.22458935741","72402.17474147034","42739.26051100991","238.80955935709687","505.0071640842146","227.58834032351254","21110.94757373221","17035.706831095635","15187.416680501072","15891.154967070288","7282.697077223303","6919.659282530556","6485.356222102186","5971.509724153883",
"BreathSampleCollection","24.289414377656804","19.529439665821393","993.7182943591869","683.1480041310319","596.7374919270417","5094.175976868994","6539.731873305364","4237.093371106281","4024.8967598657428","6955.261931129266","6578.731716636182","276.35602246248544","10303.698932930418","8027.585310777746","2522.55512597196","1887.086349717648","2056.1102002821026","23445.6026702821","14788.813944599155","668.4530072905287","1923.203454732793","7532.775851562425","776.1859051903489","84109.5684621549","59673.73721347051","19054.318448088325","17567.21099475095","112.34194099624541","126.14068772654237","1186.071245562768","1349.4873768378848","105.83277244910533","121.35483572561671","523.4224290749119","650.8480444165353","370.91358164816114","399.46167266251473","360.36827797357904","317.07769268750775","3488.4317356496454","2150.622413819668","912.1229540368329","740.4818460348617","875.8447867773756","5260.063240538424","7197.426364783923","8431.604067502745","27696.996215208394","894.5657452489836","961.2658078696608","1072.1271578573826","85173.58681792671","86383.08388186968","69043.27239593188","72259.88619661522","42606.472883889466","238.3154097458457","504.44127014552964","227.164131683647","21068.974009839152","16999.915512252916","15154.481015035873","15858.041821109002","7267.897795930941","6906.607230044511","6470.896100927841","5958.820879243587",
"BreathSampleCollection","24.235028688508034","19.50965731149928","993.948255988707","682.0554267071652","596.4573876236336","5090.768446537916","6536.255523860744","4235.274364606486","4023.2502607162883","6949.561496493359","6575.940474671428","275.955712474056","10306.726564448874","8010.475092706433","2524.043246840257","1886.5514579251476","2052.6026707289902","23267.80183365784","14730.734461776787","668.6531034821326","1919.7808261168168","7495.871946819028","776.3676368363983","84081.87325887728","59635.13561464014","19050.482021628326","17561.638552970304","112.27509334581296","126.06498865849716","1184.7471829854237","1351.2187958997793","105.79686040688851","121.28496366965813","522.2447797759378","649.7516038648624","370.75314458792747","399.31322569034097","360.13427224331605","316.98209223722193","3485.974636393772","2149.5238611790637","911.8532751616109","740.1405698485147","874.4059582529035","5244.179745223635","7192.328470182524","8430.0309119635","27718.797250601285","894.441772187284","961.5396573140104","1074.1747782143818","85131.31575097622","86367.56229974705","68997.57007809338","72221.74066607228","42081.203161228506","238.20463533223375","504.0498803967198","227.0183852616566","21060.93897334883","16992.48224279449","15150.782532262441","15851.634339035994","7264.656270035994","6902.03608475897","6468.9819918990515","5956.858927094753",
"BreathSampleCollection","24.23878450223079","19.596393629580003","993.6235766164338","682.2393403127053","596.7862989668366","5092.684711752602","6535.92510190784","4234.8497082897875","4022.9059369668503","6947.678657615756","6571.596462965599","276.00380753805337","10305.970016803223","7999.3432044342635","2522.6131414037845","1884.3555964072484","2052.513444915905","23687.069362219416","14651.687876516611","668.667004629556","1924.0116696460977","7510.926683418298","776.3308761066348","84075.90068815339","59644.18372602982","19044.496005854875","17561.74222405499","112.29799324374338","126.10331758338206","1186.9617468838746","1354.8137472213148","105.78261472088869","121.31341924921014","522.4821910916677","650.0538118729198","370.78052702089576","399.2760391533476","360.1963345610326","317.05538884643386","3487.815160956039","2149.903433892593","911.5004836688369","740.157061866358","877.0615540493726","5236.898906430597","7194.573423889511","8428.256282480344","27643.99425210756","894.4899371461302","962.3618621094968","1074.5858331558115","85128.27131571757","86364.7138394225","69000.79426980302","72218.82469600682","42327.56118545798","238.293969255047","504.23136211934394","226.96064073231273","21060.74791235622","16993.397986522737","15149.156998578324","15850.533198616606","7265.300347505684","6902.423189773504","6467.09810568828","5956.406009660506",
"BreathSampleCollection","24.22606232484906","19.533521692108206","993.5879934211451","681.9837561401142","596.2978667940616","5088.5199399746825","6530.876097795725","4232.282554793457","4020.414860842979","6944.856060856275","6569.335387863283","275.78158313391094","10237.574915905792","7977.3274588949425","2522.0702315049916","1880.9517823254887","2052.7526663567273","23633.217994997252","14728.948724738917","667.3852759434187","1922.462471439307","7535.947942526278","776.3122360059704","84009.41056066072","59615.43658614536","19030.79181422909","17548.82677788","112.23213974218446","125.99558232942334","1184.4454160485604","1351.5772930190446","105.70119941991526","121.15543224953743","522.8516073992876","650.1572652289562","370.45349686526475","399.08806632651925","359.7777518739524","316.8381788490529","3486.056546835308","2148.6692220114865","911.2619905755299","739.5921043283635","875.2348523958678","5250.038408439877","7187.6234106532775","8422.87838948174","27683.8234872357","893.6099952459703","962.2276179182423","1074.606491125327","85067.22490915781","86286.98200796275","68959.0373605888","72181.98795608456","41969.49976900002","238.09813523850164","503.6734147638714","226.89650985972358","21044.88519209572","16980.26135283266","15139.618572972633","15840.766843291569","7260.665491371161","6899.562707647744","6463.610035596409","5952.34286077312",
"BreathSampleCollection","24.27039601695972","19.54150296968703","993.8927486262617","682.5810493993284","595.8200737609747","5086.240394204491","6528.760892645044","4229.946456821722","4018.860602472797","6945.0026291059885","6566.238759438278","275.8499056066425","10273.81974695267","7949.411481818346","2527.3455099466787","1884.9277923669256","2054.6020555750647","23631.405700830168","14587.205168137574","667.3079595543089","1919.5451953567122","7516.997400326027","775.8693124021848","84004.57862427583","59568.366549929815","19028.665543767926","17541.133889694716","112.16293261320124","125.9597207299345","1186.2257245393803","1349.4405571064744","105.65991549749872","121.08767831019296","522.4698223737411","649.7089790595467","370.3726201512823","398.9109802303291","359.7057429467236","316.622844877986","3483.749093841046","2147.3602045068696","910.5479544983466","739.3213476966665","873.4338016698146","5254.040063630226","7185.244116076936","8420.498087918779","27661.81305661746","893.2445555408763","962.0649363592648","1070.9379749669574","85027.82351398781","86251.85224065538","68925.69013253697","72143.68359658605","42230.765338429606","238.06750091878928","502.77901115806065","226.6886968519256","21035.77350818474","16974.515550197237","15132.741658569312","15833.666064952315","7258.29573858693","6894.718814232534","6461.492962591049","5950.692516548523",
"FeNOWindow","24.28455627980573","19.460759422323328","993.9119535414067","687.0961259440868","599.7476183947749","5119.783756330515","6574.582731392149","4257.962437021079","4045.362197078528","6988.887622822495","6611.106159089355","277.4575599144532","10377.650758724387","8040.46363652144","2544.2084794692796","1893.8597408820428","2063.5576426545394","23388.367176681862","14778.678559745384","671.9441131366168","1933.1740392432578","7543.560534649803","780.7091611545517","84536.45298059091","60005.1801128152","19149.099844553242","17653.787159840627","112.91910343981482","126.79456940677132","1194.371327967811","1359.9959418252322","106.38752358996224","121.94941865813453","526.0913686017955","652.7872998531955","372.8041383515786","401.52982316004193","362.14464117114983","318.7715095193783","3506.9067034718355","2160.7910998871434","916.7441740341029","744.2477853330862","880.3419167140067","5273.550985043612","7234.889748564732","8475.998100228251","27839.439150259303","899.2061162000732","966.5015562776173","1079.2980685809941","85543.30311759925","86852.13270414405","69380.98898502557","72624.28828008125","42523.71600295786","239.57303921228254","507.21981775409944","228.2682010533899","21175.806608735526","17087.347719987745","15234.025036769539","15938.907446181482","7306.3867627792515","6942.674660610905","6502.935020613594","5988.962574235161",
"FeNOWindow","24.2167070329756","19.355867607921898","993.4241727920811","686.9121760933813","600.1199763210293","5122.356166987389","6577.947524396209","4259.911765588921","4047.2633078553886","6993.427766430875","6614.955835318963","277.6995332539276","10362.990193976577","8033.922329241943","2544.73451388386","1895.9230127890276","2064.4870884055076","23504.662106397736","14729.83837095033","672.5462333732928","1934.1551651497757","7554.844424498736","781.0944336516604","84588.04400442177","60034.47382547665","19158.16293246333","17665.393271943016","112.97014177871557","126.8756725262276","1195.8393909874026","1360.409730459473","106.40869587249509","122.00463641969839","526.4247406863135","653.4832368492775","372.9838090567575","401.7077881600121","362.3659512930233","318.92167938845216","3508.471128343963","2161.9937634132707","917.0805265529882","744.6098383252843","880.8661052632165","5279.279370767598","7239.85269227147","8482.204662429114","27856.89710374328","899.6651485806001","966.1481802875481","1078.8138210377274","85587.17401686207","86888.93843248472","69407.9271179739","72650.57557136817","42711.62564441133","239.6921947477906","507.3104093178632","228.44544744776857","21185.086462829477","17095.493401785825","15241.74201347782","15947.765477289024","7310.249814750917","6945.165437747823","6506.159990987413","5992.047611272696",
"FeNOWindow","24.2598411530268","19.63478562871196","993.8892520096506","686.7078071636013","599.3176966673597","5113.438912796314","6567.260076790489","4252.447715046372","4040.0009834958505","6981.1240709834865","6604.148967795067","277.11271914930256","10364.361499763882","8041.724786085166","2542.7539940294787","1891.7375869987588","2060.730202174885","23506.734257055745","14818.158137880408","670.8785747478723","1932.3978185578394","7546.638879877883","779.7481358767158","84452.04153863776","59930.96607227292","19129.866481624485","17639.421022535185","112.77207376276623","126.66049031859409","1194.2296752226314","1362.944409540952","106.24226782052376","121.80336014458163","525.5483588688928","651.7061096747314","372.35703916786224","401.11001086845533","361.7920132314872","318.3538309195082","3502.7128436675634","2158.419718087269","915.5493464630727","743.4092406213576","878.6363516666074","5288.491785979032","7223.800698170059","8466.182887103549","27818.72349481385","897.9588747907557","965.795897263482","1078.4019064568743","85450.8199711819","86759.13854610315","69291.30549698319","72534.64260388748","42462.8792835656","239.21634319426965","505.96307039017273","227.9407242251405","21150.743986184003","17068.13857202616","15215.820406845447","15921.518789599024","7297.370765217529","6933.0068049059255","6495.3873949868275","5982.075169609664",
"FeNOWindow","24.251946973928945","19.444082618566085","994.0041155574283","685.5762852327946","598.6273971751629","5110.195817837548","6563.832036066111","4250.279424598557","4037.973914448845","6977.878518839798","6600.096234254461","277.0135295537544","10378.857760222252","8032.540392525503","2539.76504034011","1899.1845412322173","2058.3831982239894","23704.942526624625","14728.166120333735","671.0001879366037","1930.01581035483","7545.876939217105","778.9856860279496","84388.78789889827","59901.552133540485","19115.03017419023","17631.395245051866","112.7109253500619","126.5809678632597","1193.3940424108791","1360.2083814600421","106.17105437008286","121.71954858267438","525.2339923846974","651.6628674520342","372.1594771758111","400.82388304930834","361.58815026358207","318.2200602061","3501.1229894263533","2157.0520815302693","915.066835527859","743.015343711352","879.4216731776955","5265.806526982402","7222.035788173699","8461.678021523474","27785.578591127716","897.5329620996147","965.5120693678139","1077.2027114064347","85405.02114138157","86680.05796833019","69268.7957627744","72495.26179900975","42286.446427504714","239.2007695297411","506.15030825053805","228.00367483224267","21140.048653235564","17058.16421633487","15207.785974287708","15911.949633800152","7293.934254913965","6929.192317828504","6491.087960353742","5979.010262719534",
"FeNOWindow","24.208434446941652","19.32017580538801","993.7827416689842","683.1393170395887","597.1288783789827","5097.969433874748","6547.57601250751","4239.673271248035","4027.6697787400017","6958.9625767838925","6583.520366168481","276.23485969741256","10335.995269312705","8002.323129648565","2528.4239765455154","1891.172786861247","2055.3043384005323","23490.54372988865","14684.719181257753","669.0064949962344","1924.360711055306","7522.948236735345","778.0346351608853","84162.05453937591","59736.0659275578","19063.397976643595","17584.87681840701","112.41077349380001","126.25117478314841","1188.8942048063807","1356.0280886235084","105.91270362130795","121.40029177372121","523.79724267316","650.1333466012621","371.2181339715181","399.81000947017606","360.6717640680066","317.3838431921766","3491.4890978552144","2151.615838039438","912.7287780879799","741.034895017108","876.0746374801092","5247.744450457536","7200.589644535878","8439.802666690231","27728.205338648135","895.0821545526429","962.7854190687488","1074.1102408182908","85171.8857965589","86484.44656354794","69074.29499209291","72305.75925655734","42304.819075210646","238.50858454297793","504.64352300693724","227.42355036080193","21083.099368877174","17014.031010756262","15169.209507304335","15870.404702762695","7274.3435217428505","6910.572079498132","6474.584982929342","5963.544365865469",
"FeNOWindow","24.241589840494484","19.56127587925663","993.6163088684733","684.3264779118406","598.6232191463648","5107.703313798852","6560.39397203942","4248.848379825402","4036.633850644531","6975.106951366792","6597.9574920113","276.9793735256758","10342.872212493614","8025.096658619117","2536.4046926541814","1889.9328125524019","2060.8115493573637","23162.908325995417","14834.579008652017","671.0623666711854","1927.2412203902602","7537.272889172706","778.787622770646","84354.6998467115","59870.39965622639","19106.982574011374","17620.755559310677","112.6698924116654","126.52134892829736","1193.5360072798749","1355.5253500270658","106.14396594619966","121.65173654098128","524.878280310434","651.1004086333311","371.9799214063873","400.64147429709925","361.33997790482846","318.0180301126006","3498.7723695487466","2156.152438949086","914.5648160306743","742.6862045548008","879.3218076266319","5282.300670028818","7220.444230657546","8459.085734060061","27799.277182724945","897.157894088274","964.575602471116","1078.953341735334","85348.61473621479","86660.7561529517","69232.54498574248","72454.40086059546","42488.684845329546","238.98421790567508","505.85389836588826","227.78011822835796","21126.51238892734","17049.43458570349","15199.907194515485","15904.40489253545","7291.261067207237","6924.955208933906","6488.165146626136","5976.180450721451",
"FeNOWindow","24.239149318421138","19.453953184485403","993.6924565661507","681.907589642829","596.1612768407633","5087.57231477507","6532.4308725009","4231.292793935253","4020.182931480126","6945.467901982416","6569.910074772743","275.6203685476211","10321.329337382813","7998.339859036256","2525.6880029303097","1884.503928659015","2049.8562056789765","23406.438805259782","14661.048049340221","668.211596407293","1919.7513761034822","7508.947023849563","775.7549167330553","84010.09830447746","59623.416288484244","19030.07760976855","17542.34043501592","112.22810640637934","126.0105075320115","1187.295240267085","1350.9357932136568","105.72903901372575","121.17610975028266","522.7089513080437","648.7971717576308","370.5003400300022","399.04507586272825","359.89467880382307","316.67515681492904","3484.3338428541942","2147.3305909468713","910.9234925753357","739.5491587536435","875.0020581550082","5252.531907533523","7187.85718865481","8425.39379307798","27696.63984358963","893.5968774602563","960.6746266122163","1072.2389428219528","85002.11182011086","86312.71354197107","68945.34160803744","72167.43628618451","42138.337169515675","238.03534253222907","504.08007535387355","226.76865161589836","21041.19020516556","16980.943492559174","15138.646176928522","15840.232901053081","7261.164081702117","6897.79450891311","6461.306770786339","5951.6254927217215",
"FeNOWindow","24.252725615072407","19.6078813066986","993.7599351533696","683.5329083164171","596.9847663504964","5094.741498105805","6541.689082864958","4236.628647813841","4026.0719959981243","6953.270216088136","6580.43499697837","276.1873163884383","10337.088367232473","8024.063391370873","2527.6580870890207","1886.61246194009","2054.05320535078","23522.41667787288","14677.38231655168","668.3808848753406","1924.3579719407824","7537.982721360233","776.8404903022745","84120.40919072136","59707.91986410287","19058.80753732193","17574.094574995645","112.38359214014491","126.17858799564038","1187.599042492687","1353.8562440225849","105.8472913097674","121.32754765609523","523.7571957336502","649.7631396456753","370.9477226934815","399.5687258840232","360.3794696474037","317.1694164831558","3490.1675212368937","2150.4595301401437","912.0285623049429","740.5954051211056","875.9651186872787","5242.348091707007","7198.384165659174","8433.800596040604","27719.15524585903","894.8149691156136","962.0477846002801","1070.4804773836802","85127.09980121182","86418.88604431287","69038.97641811639","72270.1235117688","41970.78524369879","238.36483654774818","503.85878186579646","227.1724749482825","21071.07687225272","17002.212411810262","15158.815904731824","15860.5651928464","7270.038952693373","6908.163294832549","6470.406684313004","5959.786166147349",
"FeNOWindow","24.246143275357785","19.49866298875673","993.6950021296728","685.2869284049111","598.1595002321601","5107.8671053464805","6559.501170187494","4246.6624459640225","4036.109874942613","6973.483349265327","6596.382152437861","276.74317467135705","10311.990282613378","8037.741217019699","2537.894747951381","1894.5321242252767","2059.2777987514864","23501.74681823092","14719.669873726514","670.312102192732","1927.978999322436","7531.698422176422","778.7051635292152","84326.30073522194","59872.786417205614","19105.154638804845","17607.863528220874","112.67176527375523","126.50859827894125","1190.8777230569542","1357.5083521507197","106.13112894677067","121.61977402818356","524.8257690039395","651.0294568216988","371.9538414316259","400.6657983379418","361.40589103978175","318.0291065289001","3498.83799878141","2155.7975934775036","914.4870271389766","742.3973607631882","876.0254406867919","5268.267739191598","7217.034586576685","8458.246226930796","27783.145278060772","897.040008872296","964.4990539596008","1076.9568539682518","85334.54975852942","86650.32422006008","69223.98318302813","72450.17164580822","42574.962211663056","238.9742358978173","505.7713985783486","227.82743957901164","21126.03460763818","17048.62088055803","15197.386554417339","15901.83549260235","7289.45360476137","6925.567498217784","6486.944867871857","5974.943382509605",
"FeNOWindow","24.263006180098436","19.56183870280728","993.8304114386557","681.5507048379518","596.7154805920622","5091.5449965262815","6538.35261928779","4233.63632964534","4023.3303674202084","6951.1519245690315","6575.449827400906","276.03429528787154","10287.600384542715","8001.895428844181","2528.117895994579","1880.0621236305724","2053.7338626554524","23455.743998883692","14725.73637517464","668.8341744887449","1925.4771501540074","7509.065157927663","776.522448356132","84070.28108827642","59675.4790966108","19043.698370142396","17566.559607600444","112.2721971643115","126.07913379382943","1188.4393764037989","1353.092213227298","105.8013353156763","121.24724329384007","523.357611606759","649.4382924151049","370.7492754517644","399.34175726381585","360.20813585555965","317.0112377090094","3488.3653791250754","2149.7368638178837","911.5544378907523","740.2117502333773","876.2225013686069","5236.018216356952","7197.031057013535","8430.993783973896","27678.478072115937","894.1021976627605","960.4464956445032","1073.3586045756197","85070.83847216143","86373.82747615546","69004.23477460636","72218.6783047294","42448.32131790338","238.20364957124113","503.83150140053334","226.92196452374822","21057.651299835106","16994.95862931291","15149.243295357956","15851.771566959975","7266.236794018901","6902.812567520553","6467.36511035876","5956.616285197969",
"FeNOWindow","24.24084215032996","19.535688300490094","993.8818543789182","685.0768996256244","598.5812767871535","5108.035922794703","6559.469018885119","4248.18014999441","4035.6099167920293","6973.826907858295","6596.37526304756","276.6073099198354","10373.239902611445","8044.326738451495","2534.874199508182","1890.7331624160875","2060.555277296115","23480.258564449094","14774.724426083656","669.7984564213593","1929.3526267025097","7514.5133201935","779.2738053531746","84371.0644512965","59850.56703239544","19103.585950296565","17618.2276863133","112.6365646575446","126.48808321668128","1191.5836240723768","1360.0362194310453","106.15820791315603","121.62489339748427","525.1298220467108","650.945705402567","371.9066092474347","400.5494651394754","361.264984930736","318.0037314949196","3497.334861326837","2156.2664370020248","914.4371395751172","742.4738395619714","879.1210425030421","5267.372701874339","7217.122866401453","8457.038220280068","27738.508961198277","896.974723410177","964.24448744086","1075.6907834839683","85345.38342617392","86638.0036124535","69212.02189963196","72453.11826845427","42296.96225787921","238.91941095908993","505.76926592710146","227.653692147038","21124.898593435275","17047.44865105565","15197.984470615971","15900.910477356312","7289.386623959122","6925.610016213614","6487.187069606337","5975.164068294082",
"FeNOWindow","24.232059094843244","19.4907360836539","993.5263707191509","684.058309221077","597.4202975777416","5100.37455488088","6549.6035538285","4241.454283108956","4029.8516252457252","6962.376865886632","6587.2131254400765","276.6018098658467","10310.0739782975","7993.93730856794","2531.813313885938","1889.8477084796966","2053.0968142094002","23399.707531639262","14756.166975724018","668.7835481552809","1921.7420843489049","7513.74316341458","778.0788707333522","84195.01490056145","59782.232591268825","19079.566473414798","17599.621878420257","112.47083572069498","126.28654056786667","1190.7288930104264","1351.9077768809311","105.95307692518122","121.50110570906097","523.9463491215276","650.7154910570681","371.393336752705","400.02454962579003","360.82441264088027","317.5741656634662","3493.428196988324","2152.442954432017","913.1261746271666","741.3818263027523","880.9634802081379","5262.197631614371","7207.298204945815","8443.525438593886","27729.866705738295","895.6400984394886","962.7116584416398","1075.8957023215132","85218.78245792077","86511.67582029806","69112.50053808595","72348.38923436505","42323.83143966223","238.71690319988983","505.1402395022428","227.49010177958314","21093.878233887397","17022.966310394724","15175.330121628804","15878.75789900786","7277.686260300107","6914.88532929654","6478.540244332957","5966.166416757585",
"FeNOWindow","24.190514516078842","19.543782519326435","993.9130899766172","681.8382454554524","595.4440337706155","5082.971979042296","6527.107296307876","4227.335970106566","4016.439695851147","6939.7053309333605","6565.818996069063","275.5545691968853","10291.296067124205","7982.349024406676","2527.3553570023487","1879.286799882831","2050.282309359245","23455.49958857588","14656.154576704941","667.4643637239088","1919.7376125593894","7510.986136625578","775.2506755996413","83929.09002455861","59585.40616566714","19009.12988866361","17539.236620147065","112.1373702872068","125.87754998084878","1188.2890676881457","1350.978274822297","105.59678981535582","121.07086829160953","522.2548735863556","647.8659176626061","370.18240572118486","398.61585294982564","359.510963008329","316.37311611270115","3481.6097279960445","2145.080225713972","910.1706884755436","739.0488325899164","873.372175097253","5234.217687130928","7180.74072863059","8416.976149486969","27600.031833666584","892.6957045595007","959.6415778362747","1068.9722450430788","84939.53224682694","86249.42980500098","68883.76907217922","72092.96738960699","42257.46202331799","237.87166910281715","503.47208893134774","226.66818774334456","21024.625202739106","16965.15216553884","15125.630366539717","15825.541474480464","7253.0691118618115","6891.544588753605","6456.1346628911115","5946.327682427602",
"FeNOWindow","24.24617553245337","19.489565267045773","993.7580518368176","680.9258863632454","595.4499337514278","5078.579835125278","6522.832963620814","4223.58450674544","4013.6782334618692","6936.684024170983","6557.495587797119","275.377937703734","10332.975647157646","7974.735351205965","2523.0668675747143","1887.5823546251318","2047.9714227118172","23295.184044666457","14684.98542433118","666.5867623888549","1919.0175594716864","7490.659567175855","775.1713303573954","83884.92877006356","59539.93050064977","19000.015461419953","17514.37154940472","112.03955413218459","125.80499739639376","1185.7715171684747","1350.7797007751058","105.53832371659456","120.97413411391632","522.1024543368254","647.8615680605304","369.92622365478246","398.35008784687784","359.3083413631198","316.285727624131","3478.389711700098","2143.9721041149255","909.407337094467","738.3881953601039","873.012091843625","5241.236208923354","7180.115351207649","8409.981692844274","27606.00655238134","892.2209707571051","958.3166224195601","1070.885217019817","84861.08638491393","86168.98341413368","68838.37284818261","72054.25583071464","42101.77888301603","237.6982683938862","503.2575417189043","226.64437683769123","21007.570270771415","16953.888997899532","15114.043619319516","15814.803013825214","7249.496285554769","6888.102616946086","6452.093102763045","5941.87429080229",
"FeNOMeasurement","24.263556055292263","19.584384631041424","993.8563697040834","677.8882621911575","592.5716869582461","5057.130653267188","6494.161407252064","4204.039826286821","3995.2575073928338","6901.005578186575","6530.194240999316","273.9235373120555","10305.565452328685","7944.3536510939575","2517.2428575899908","1868.8861876321746","2034.2908613129716","23049.14658335041","14737.13795354499","663.5029099956214","1909.8491849957304","7495.770207021067","770.2488418146067","83510.87120079377","59259.84133401319","18916.470622804056","17445.174210319507","111.50449497234189","125.20437737646787","1186.0083937069853","1341.2328518971958","105.10127693489319","120.39848563686364","520.1722491969867","645.1957994861455","368.1485564564386","396.49298478559365","357.6742327719021","314.8191951895808","3463.883088683155","2134.475690651549","905.111466238373","734.8680057124157","869.4967039553734","5231.247207823883","7145.021098221157","8370.56916603362","27435.382104903285","887.6732590447602","954.1559023731736","1062.7708589269498","84490.59245318724","85761.21602718378","68521.52925255382","71715.89376065355","41950.95524966424","236.61867640105265","501.44656648880215","225.6258726014978","20913.624537433443","16875.185629208165","15045.544266380995","15743.22814128051","7216.613844302799","6856.188105357258","6420.044779873571","5914.831648135317",
"FeNOMeasurement","24.226545782388364","19.51929026799504","994.0874632680654","678.0118840123879","592.6670512840348","5061.288145029297","6499.399131421615","4208.908217973743","3999.236253451598","6908.967940366713","6534.553764289578","274.5356461278608","10204.878669994026","7931.734487511741","2510.984599731092","1879.8343834977554","2032.687924985325","23275.615444268442","14591.337875505178","663.7280664346811","1913.8480548105922","7446.0124402071815","770.793789491539","83584.70218668671","59323.429034062494","18930.652527178085","17455.851753827053","111.61983203996382","125.32943989873091","1183.5053331253507","1341.9926525877756","105.10610748338416","120.54083788337364","520.3943093425361","645.0820530072806","368.58654461024275","396.99120158209274","358.03101904708734","315.14395959359365","3465.995991309858","2136.3071099928984","906.2773333376937","735.7762931689339","872.1271609791265","5224.852145494119","7151.8323771205005","8380.078724967456","27484.83234559708","888.9184741575026","953.2745423200739","1068.285652897305","84578.50579194116","85865.85090157224","68592.14537726768","71778.91676589148","42380.18416747748","236.80329049345173","501.13328095235755","225.71700978002144","20934.380189732103","16890.935045706294","15060.692508317368","15758.821935070853","7222.818203729259","6862.80206694779","6427.457082883747","5920.328192732414",
"FeNOMeasurement","24.230340587491067","19.432916644823305","993.8001330683571","677.8767605707969","592.0909140251663","5063.83094861595","6500.2782682661555","4210.593924721096","4000.7372239470433","6911.990523605657","6537.130551699533","274.4994660171774","10229.1028724895","7946.4904295938695","2510.4004462573425","1872.2350789913844","2030.947988819291","23452.668195690534","14563.858084906893","663.0830553996533","1907.3616651267046","7449.522614569156","770.5508842909086","83605.53714815315","59326.04421141402","18942.290985319247","17474.417389389157","111.65585513778618","125.40989777264969","1180.9433549708713","1347.0945448598318","105.16774299870139","120.54875802868546","519.8630554199963","644.6714018832645","368.71372849023","397.07627446053385","358.15972646520476","315.20772308953724","3468.5379648954736","2137.28464874911","906.7600402838927","736.0590919773215","871.6421757382668","5219.7958226151","7155.856417249578","8383.098604797056","27530.680087433313","889.0133322633528","955.629092709719","1064.763192103227","84589.92526081091","85889.62116064414","68613.01404312342","71838.99696886475","41836.303615616634","236.82898882642652","501.3769487295832","225.5548571152343","20938.81084423996","16900.718690286496","15065.832112291113","15763.09058895869","7224.204821049331","6865.208955564073","6428.76206624958","5922.747051043661",
"FeNOMeasurement","24.243606124401072","19.649968668621785","993.7665895867902","675.0420154083067","589.8884154073467","5047.143622697949","6482.725582394879","4196.788445995683","3987.956655175593","6888.978451258572","6519.2693464396425","273.2647924211188","10171.777423665002","7924.3705802783425","2496.082022754271","1865.3566861499746","2031.427266750043","23148.047013765132","14629.370937087637","661.2835189756844","1899.520643922374","7459.36729262957","768.51247616992","83358.91878574037","59155.31352233027","18877.5298277292","17401.925599236252","111.28735178870056","124.97328111100153","1179.5933340199265","1342.4683576511459","104.80105938804728","120.15020294464495","518.0337163516404","642.4858014676342","367.486065548123","395.8009025236629","357.05376870045865","314.3121496040391","3456.10656251946","2131.0570781795805","903.8533542717298","733.6860866895852","866.1918657545123","5203.583645925359","7131.806696979348","8353.611141129399","27460.02305579843","885.9936009903187","950.7298229441323","1061.8298361748941","84328.24804388288","85617.9020026819","68387.27707359887","71589.08484458516","42150.69588080762","235.96887703392628","499.45923781757534","224.92103850056353","20875.582985822442","16844.63618802587","15017.317035858676","15712.794920867978","7202.122687619591","6842.303575548366","6409.289773180565","5902.668769331791",
"FeNOMeasurement","24.252092989097015","19.631231898064797","993.7838326736535","680.5860610844289","593.4747331094635","5079.105877542404","6521.764883016974","4223.582920657389","4012.9308318511607","6933.854460383309","6559.248356231264","274.9698599699453","10276.873633709947","8017.720481625474","2519.370881196043","1878.327888792701","2041.3740748760276","23242.262363950478","14733.203093663475","664.9029095682025","1916.5210972172629","7486.283942677095","773.3790884418096","83872.03687963968","59528.90609611522","19003.07938379833","17513.876186038015","111.99862448431399","125.77253344656323","1186.4203959693787","1352.919942126901","105.48431189265419","120.89163396453166","521.3565199559491","646.0739178310567","369.8666273722284","398.3223764301537","359.2696723086442","316.2066314149775","3479.7920213196157","2143.9889307121803","909.2306391704775","738.3128540639545","871.9034925534024","5245.17463124128","7177.780427180201","8409.598105378283","27643.080527554623","891.6203381815593","956.3471647206659","1071.4889181498056","84859.86227143415","86170.82658749534","68829.43516124475","72044.71763026326","42627.824436307565","237.4718331662468","502.2549382628184","226.23560287446588","21004.113439304016","16951.168094472854","15111.405754379364","15809.620467292822","7246.698474617321","6884.95915875024","6450.952153917907","5939.7033418097735",
"FeNOMeasurement","24.234722787832116","19.647529655889016","994.1279942893732","678.1501350739574","591.735937977697","5068.130029465556","6508.658885759713","4214.814468102472","4003.455766024795","6916.342501912879","6542.604745540883","274.4619639575753","10272.356107935733","7952.228618328121","2511.57076592484","1874.2593883571406","2035.8560767242043","23162.66744250221","14540.769393409822","664.792740039945","1912.0312108797784","7480.39582703679","770.9141130314869","83697.6998047105","59400.93486492577","18957.552176626716","17479.361770363383","111.74622577142388","125.46406712846303","1182.0071981780372","1351.1826465190716","105.21768203109679","120.6355505574285","519.9467528399481","644.1922456856361","369.03137988725206","397.4316604709215","358.53953770043364","315.5335358423605","3471.441364353431","2139.5008741036513","907.6482310040283","736.7250747828506","869.2902297884539","5219.890311793457","7162.431456226712","8390.528937954728","27533.569799480796","889.5443682624475","955.0214461629323","1068.0498832379342","84673.68988214854","85960.94857236333","68673.07683959484","71889.94367406463","42381.27620574731","236.9220012758265","501.2132446135637","225.66721134837366","20959.93339286678","16914.75445343641","15079.557141417574","15777.006152528273","7230.147641748628","6870.650718219322","6434.742427547051","5927.255725714048",
"FeNOMeasurement","24.239468774258164","19.43168104196581","994.1069538569033","679.9854698752157","593.717386335067","5086.994638042164","6532.917996451047","4229.813405789575","4018.867240590431","6943.8282592309715","6567.213721635712","275.56193954327983","10316.042211458805","7996.824450889175","2520.094469810054","1886.9561328808443","2041.125048029294","23273.74056609699","14755.469902134493","666.4699606088718","1917.97456738323","7506.359455201509","773.7384889028983","84024.77199933493","59626.939654380214","19032.621615241587","17546.792318293454","112.14655727574268","125.96890679338341","1186.8430924408094","1356.2227713138136","105.58373350393727","121.04344334927312","521.4672129612371","646.7223676289863","370.33360936627963","398.9167725399378","359.8586688653582","316.7078725064948","3484.620369837698","2147.3969281580585","910.9141526891352","739.444459221653","874.5869030424345","5258.110557415129","7189.868535170815","8422.367770031897","27697.170929978598","892.9826434490399","959.4233218324049","1068.9016018173509","84979.14096232348","86321.77598497923","68943.23413688905","72163.82748634405","42269.638115972666","237.72924944212616","503.1036563818993","226.63321081741879","21038.286462497494","16976.082910507448","15135.920130569799","15836.415466075094","7257.378833010971","6896.186650735466","6458.792130230454","5948.934351036962",
"FeNOMeasurement","24.255960327648246","19.570667557671413","993.7579320119745","679.7839833635161","593.6409587325065","5084.22557562738","6529.117353883477","4227.595330024038","4017.125400832843","6940.24229310698","6567.597944058356","275.39847551451203","10308.793107873109","7988.3912005890115","2520.2197205060743","1882.510232004868","2041.2906221348094","23126.874530077363","14684.946862114724","665.8438970266303","1920.2547351011501","7481.100801035871","773.0744860083826","83961.57842015741","59596.86005769792","19019.161775746372","17535.33174097847","112.10791567995281","125.87458185630233","1182.116554102738","1355.845032256649","105.53783240742894","121.0173807910898","521.6245238022536","646.629387425352","370.15671026008107","398.72543849716595","359.62677208126956","316.53907370346906","3482.4618086651008","2145.848110761543","910.3371858886518","739.0832694708939","874.3119634550659","5236.445732090623","7182.785083884728","8417.09272191159","27659.11799076132","892.2867073678889","958.7222911648224","1069.191973794505","84958.98450249482","86246.57140302908","68898.4257397139","72113.63920311036","42332.24917075576","237.68446152952586","502.8952295983461","226.34083332575915","21028.38441917053","16968.984577976673","15127.69846906386","15826.541988670837","7254.27438933457","6893.517362647852","6456.442246618482","5946.214446902565",
"FeNOMeasurement","24.25131616147931","19.605031151172742","993.7523463782924","678.2666089945008","591.4605656321097","5068.1411242470285","6509.9750265096045","4214.454177549446","4004.346262813823","6915.970944618831","6547.7597082092","274.2184420892234","10240.164065686333","7956.712997644653","2509.1993072315468","1873.4202315739615","2031.7166578245728","23193.969004632752","14614.827265286407","664.4073859818045","1911.4863978937715","7467.828346561021","770.5761895823617","83667.7820162713","59420.292896372455","18961.66214711527","17491.62012570796","111.75171599084014","125.50763033820628","1179.6050437868425","1350.1476498184995","105.22150653207393","120.59182099969603","519.3515000344335","644.1572202334614","369.0193745985564","397.43327370477306","358.5802542656546","315.5249323232249","3472.539959738588","2139.4246684834015","907.7091624304361","736.7299485146359","870.8521970578034","5203.197946212651","7161.025836728382","8392.583298982388","27584.876038177405","889.5643942988362","956.3429892867202","1068.5177468732793","84665.07766757417","85962.75337077149","68685.76267133227","71894.42060906367","42350.8541783478","236.9483293166284","500.90575123831894","225.65657226702956","20960.833575804354","16916.618367891322","15079.156146746816","15778.962722273447","7229.97604818773","6871.529491286687","6434.16270755597","5927.091886939141",
"FeNOMeasurement","24.252618338707943","19.488185727049885","993.7257831581048","677.6466067431135","591.009949273427","5065.268675038064","6505.378679680756","4212.545381781138","4002.3244572464405","6913.530730746887","6543.35733432777","274.1054661345646","10234.352875982791","7933.227396250689","2509.1105143717","1875.830022995416","2037.0555292962003","23407.263214731545","14555.796437902285","663.6955254428967","1910.0730667398045","7484.980457053099","770.0294798751388","83657.49278937804","59370.63678845449","18949.012650030123","17475.5255795642","111.66962208955736","125.45107515393597","1181.1908794322999","1347.5591191354856","105.16440180380273","120.53895809369999","519.435906677545","643.7617276649332","368.8092516286058","397.30217357979615","358.3752624699244","315.3765667836933","3470.544685322153","2138.2954787101853","906.7468910129685","736.3483582503302","869.7988430664675","5234.354603287209","7157.096133962328","8386.97571626795","27525.52094007654","889.0202178571635","954.9032181428595","1066.9731495348374","84641.11731567285","85934.07870371804","68646.17929837957","71863.3698239918","42329.985941384606","236.78229116853032","500.29523907238394","225.62432280353394","20949.449259924248","16906.366892186878","15071.955142378949","15769.732266908404","7227.614647879786","6867.448003952316","6431.784517243029","5923.434059955228",
"FeNOMeasurement","24.247609908826295","19.531887669547377","993.8320599401318","679.0229111102876","592.6063452804627","5076.196367974924","6519.315894448076","4220.7303109501","4010.883316462592","6930.585499451587","6555.037909779823","274.8231863460379","10250.186764604436","7967.31858873211","2514.972143759796","1880.6402204899493","2032.829552675627","23229.057555598258","14653.605477918136","665.133477725845","1914.4029940261212","7468.826826016199","772.1478896450778","83863.17061157315","59511.008440968675","18988.512789148648","17506.763893171632","111.91165217390046","125.70169383146325","1181.3475440944978","1351.0422163587332","105.3947687174448","120.84179824305662","520.7165362832773","645.4026188849055","369.6273507439315","398.1146990687551","359.24865880137907","316.07009236668557","3477.3683771063374","2142.8595989864502","909.0382476621281","738.0864301312942","870.2751546870973","5231.002639462739","7170.74424107573","8406.302427412473","27560.586665147337","890.9807042329876","956.8083489103865","1068.8820128914613","84839.88284132154","86136.86014728241","68793.15428233215","72017.95647092628","42193.66998538547","237.2604507318402","502.41556000269753","226.07015786248323","20997.72123705891","16943.54207645073","15105.603655720952","15805.086944271052","7244.0056122354","6883.5879880193415","6447.735387127519","5937.291670135159",
"FeNOMeasurement","24.252539372703616","19.614823561389535","993.865316885259","679.1230451736636","592.3932893737224","5073.666331250512","6517.165818459687","4219.378187069447","4009.0088555202806","6926.291302466209","6552.906250073303","274.7990452418063","10248.330798921548","7973.70730720838","2511.5128011334286","1871.462529890593","2037.0102377609508","23201.253082920113","14603.935238897668","665.7772918911878","1913.2025064956727","7451.796411038157","771.3289637768918","83794.87495584488","59475.79169284335","18979.94375898478","17492.104786852087","111.89412107177758","125.60777100210962","1182.3807397053904","1350.419136480202","105.31406089698051","120.75369085543743","520.359627554753","644.5987835333098","369.4509676320289","397.9729721412157","358.9299381057659","315.85580210011443","3476.3319867498903","2141.869794809673","908.5572301942408","737.5720479147662","872.5823081180604","5229.348274271008","7169.1235682919205","8399.941557174763","27567.22345612793","890.205159127678","955.6393665041488","1067.7447289560746","84787.09164192081","86080.68389143019","68745.83759717918","71976.2439435875","42128.84357191497","237.17984624286134","501.306478514627","225.93263345367075","20985.704383540015","16934.873361615926","15096.264256759723","15794.959012011564","7240.036692050605","6878.998355503292","6442.155226258469","5933.965209384762",
"FeNOMeasurement","24.2634439482838","19.51649238705334","993.7467391944283","681.0088429774383","593.2668899016161","5081.357469703439","6526.244477852225","4226.237714864435","4016.088181288966","6939.127403369848","6562.17329687088","275.3115275972876","10289.88568706723","8032.241315260272","2518.167198174131","1880.9992579353623","2039.3484401119215","23392.553367121473","14774.43285059227","665.8513270783251","1916.3659212932396","7469.657373519854","772.453582754624","83931.90899464421","59557.12625533132","19014.599046209096","17524.244126998085","112.0364173369845","125.84506913092132","1183.4728036017011","1356.4665515575732","105.49147486929482","120.93725299471787","520.8035342770658","646.5554158123133","370.03012663523884","398.63735647562874","359.50266475349105","316.32208124665436","3481.912228271547","2144.791217827264","910.0231609149754","738.7943388661956","871.6618948031147","5240.561971432624","7182.945569835939","8414.515263022233","27612.662991457397","892.1436763886036","957.3762187202182","1068.6067329219823","84925.24047795153","86230.23545920828","68873.68439004691","72091.75690755743","42739.16332415639","237.470223117532","502.60163588715164","226.4330792832456","21019.344353184206","16962.77237441995","15120.607043120723","15820.922242368253","7250.824449726808","6889.674479761614","6453.245619204014","5943.621491824994",
"FeNOMeasurement","24.253255602489652","19.50205377170961","993.6968841996445","681.4233183713059","593.727274584093","5090.542652493879","6537.422133018733","4233.166364783761","4021.639452557208","6946.776689270859","6574.241202598731","275.639212248946","10318.23551117326","8006.554961839146","2521.434352713363","1892.6406810606659","2041.6566239454996","23351.40203886188","14789.29969453842","667.218208620727","1918.0294193633893","7485.282284995885","773.784195790047","84065.04411155834","59664.96963185819","19043.880718302487","17554.63254468266","112.22109962494287","126.04545131286605","1185.8199967556893","1350.499242116922","105.68770899644646","121.14710046341594","521.9972122629708","646.3661598177086","370.6461962283099","399.21253258525223","360.2003675690059","316.90255202524014","3487.6239775000436","2148.706917612675","911.7140062668321","740.0587551886821","873.5992777240725","5246.300779838822","7190.641869726371","8429.316190649819","27640.340671270438","893.357109448712","959.8813770242518","1071.9799761844333","85056.23110034422","86360.04658393709","68978.24219792118","72211.302992141","42454.15324067097","238.0100488737887","503.2442875704348","226.6652075069984","21054.02262745885","16990.09259763759","15147.47724258195","15848.405002257563","7262.26559754948","6901.578544745498","6462.86567844902","5953.37529848823",
"FeNOMeasurement","24.286036346767045","19.442629949526623","994.0019090954098","677.983992652825","591.5343610705058","5067.8534369583","6508.56421999547","4214.611540332796","4003.923333732335","6917.407405385441","6542.560354867853","274.47867089272785","10282.480022573747","7971.662628620966","2511.455916746424","1876.8283359651887","2035.7752241881144","23402.29474903914","14594.796583627422","663.8926077738964","1910.8470171157103","7472.563149571666","770.2125271667728","83678.75319106938","59403.195782108276","18954.252155692808","17470.816329692523","111.72436397789478","125.44175267101187","1180.385709875845","1348.6611305365752","105.19125406880148","120.62000030772127","519.3126345572197","643.6930842915649","368.9648370961359","397.4369388994769","358.5507693273657","315.4494537765825","3471.141240853707","2138.7014545894694","907.5029187017042","736.6008276540525","871.2180494372269","5222.294331550294","7158.560885301525","8390.633235559802","27526.95811806973","888.9740660360582","955.2486602599743","1065.6018985278515","84682.43137158804","85964.27991736248","68671.36136642132","71874.17938119595","42334.354620622296","236.84433097330137","501.44918219485737","225.5914580817651","20957.395536281183","16912.532946249714","15076.74775842012","15775.39707272616","7230.420422497316","6870.553939225159","6435.748160659301","5925.55166665732",
"FeNOMeasurement","24.269937612211947","19.477997599243434","993.839545794433","678.1141716604268","592.1780909872928","5074.092501138717","6518.097483159472","4220.7784613030335","4008.304036436118","6927.558225717476","6550.693534319191","274.5772653760271","10298.574492812115","7986.68695819398","2516.2839163692424","1879.0287172870014","2035.1943751182723","23351.62639594225","14686.138935779356","665.6893877929641","1911.7842327977078","7461.925451574117","771.8616451394043","83818.0559988267","59485.46472913059","18979.94977268537","17495.925616550932","111.89847459896473","125.62471663734574","1181.8441851004345","1354.3275852308136","105.31420595929997","120.7554027315376","520.6027124240806","644.3097486749991","369.5033122678716","397.9490362479815","359.01069491430377","315.8775019785821","3476.9482772690158","2142.1880835929182","908.4299915047447","737.68043586534","867.7825291526196","5216.161062294138","7173.3488527247","8401.433364720267","27558.267868741863","890.2882116707732","956.6700554067446","1068.288929277482","84791.82594180974","86083.4765435572","68759.60049468317","71969.00737699273","42371.89070149144","237.22837701164994","501.94214247649313","226.02087496686573","20985.62388050371","16936.452042385023","15100.003648212074","15797.500378259048","7238.93996208837","6878.225363684869","6444.447567294805","5934.193520407546",
"FeNOMeasurement","24.284651930983305","19.49586209099958","993.6367386264528","677.3469833779864","591.253661923297","5066.70845869601","6506.96074069905","4213.23153064652","4003.0194259373957","6916.096643529663","6542.861216624894","274.34354254673065","10276.729319182494","7963.072599937043","2507.391201707478","1874.8513419943324","2031.4485738412575","23088.207459884983","14637.805541624533","663.9233905307973","1913.442504851878","7456.540165179821","770.0520485149508","83689.65441839726","59385.47948075811","18956.57717265548","17471.149934143545","111.68329156307921","125.45764544011936","1181.6905512385968","1349.128426711181","105.17787765438104","120.57757582116045","519.6963208895744","644.3456724711407","368.9193062365363","397.3726384640004","358.4048880103545","315.4148177662087","3471.8205797702135","2138.675861894585","906.9180485574896","736.5444386732148","866.9919227868996","5212.890307119589","7159.943036730632","8389.751645593486","27598.372020921313","889.15786767074","953.4313744820704","1065.9250988834149","84666.14816820287","85933.5565592932","68664.56319177119","71880.22107437992","42749.15440593956","236.84060171577312","500.67684808794263","225.49070283877896","20952.906237560233","16909.18098960344","15075.617104382185","15772.809296202426","7227.80012453379","6868.9314768976155","6434.304009908523","5926.2101104162975",
"FeNOMeasurement","24.27441690186653","19.727826974371876","993.9401324424329","680.7526505612724","593.8403202225952","5091.733672815953","6541.109767720101","4233.32580654262","4023.7207077763683","6950.475824214907","6576.073907494832","275.78769948892284","10296.509157767037","7998.821082919073","2523.636705211247","1878.0276338446706","2042.728194945148","23557.581506139","14705.75955175556","666.9723743124227","1919.6238725144474","7504.845179708107","774.0365703673826","84089.18250456573","59671.47047240222","19048.94902246669","17561.253062465643","112.25189535301527","126.08433570811115","1188.5139025849562","1355.2974314461435","105.72142212467223","121.17704200120362","521.9491679522357","647.1514184257193","370.74322109954","399.3880830075893","360.2273957194746","316.97209149072364","3489.435323082618","2149.2678784385903","911.7970853963348","740.2515317643664","873.9019313080784","5257.644104169806","7193.840925980665","8431.580228251742","27668.326509671126","893.6565838704622","960.557351811508","1068.7161212788542","85080.62085007176","86378.34165936314","69004.33131538799","72223.84444122475","42614.35091625393","238.04626951657843","503.55299698666073","226.7864557497052","21060.285858942003","16996.425675204187","15151.964596153506","15852.766632871077","7265.178261512036","6903.144026647986","6466.58309959864","5955.144390104749",
"FeNOMeasurement","24.23772254409551","19.48029407633242","993.7398728298268","678.9574887431544","592.4715996561396","5081.592443344313","6525.771019376232","4224.802459886174","4014.9150204350058","6935.032991010324","6559.319236523451","275.2699852893585","10286.026441229715","7979.70789247354","2516.935854425475","1876.4916753938005","2041.8038414679445","23477.71754763177","14686.83856498839","665.7516600948878","1913.1396592512162","7461.6001396102365","772.481912676869","83920.85064978954","59555.54396653422","19005.80962340509","17525.565646228202","112.03087847197105","125.79978275921167","1182.2395939017777","1350.4030879771076","105.46863176935605","120.90594370731367","521.2571271298784","646.0481289634212","369.9952847617648","398.51916829716373","359.4745454804149","316.35083117753413","3481.1944866844265","2145.2370531121283","909.9345870536326","738.6536540888677","874.8489762006247","5234.796194745971","7179.276549645671","8413.193977759549","27630.08787381378","891.6667026275467","957.7864800448793","1069.683049064805","84902.44658408829","86215.17576997764","68860.94956486058","72076.58958664566","42458.1756024221","237.50696213258027","502.2243826455056","226.32442266275964","21014.629666222678","16959.522934071236","15118.42030376796","15819.0755944069","7249.680922058413","6887.959826763696","6453.923254257763","5942.314838382817",
"FeNOMeasurement","24.24711254290116","19.50165654861777","993.843144889792","680.3505723512915","594.5399328812913","5096.280312901114","6545.32652784286","4237.967070663382","4025.816842819278","6954.897391522281","6578.062619336243","275.75422322854894","10331.132004993613","8019.500809684853","2529.033505606179","1887.7053160086414","2045.9176519681216","23475.472795506907","14723.115731899114","667.5134655068379","1921.07103138427","7505.593161540886","774.1089903822715","84168.28372420098","59723.962815921215","19065.971172614103","17574.637296352907","112.3784499083972","126.19859277735841","1188.4137253854265","1356.7936287354864","105.79365101813208","121.23811831927503","522.0960078462938","647.6773725677076","371.03271395821173","399.55240200012577","360.4879397427297","317.21801700587065","3490.542842264707","2151.2775096293162","912.5197729567576","740.7442009796235","873.4865900360504","5248.271336914695","7198.15635442373","8437.45827553332","27674.77094111213","894.2220664648247","960.5518252687799","1073.2098368549398","85150.63991248776","86453.7723961836","69046.64543493387","72281.81888438812","42457.05857852331","238.185640693754","503.7477050342422","227.0631050919125","21073.25419142165","17008.19916992141","15161.099732477665","15862.074545485513","7270.634857923958","6908.550573432404","6470.826781866079","5959.627848674363",
"FeNOMeasurement","24.218549158140327","19.570332880426875","993.8721750024321","681.392252664395","594.0466760162761","5093.285151621779","6539.157130483428","4235.272440527448","4023.416336117751","6951.851729319835","6577.319892157999","275.92324882123773","10305.032602193827","7990.293146386426","2515.9386986390823","1881.2246806569794","2043.9916249795035","23078.687637077473","14764.093276986334","667.4338680036781","1919.7123706842115","7492.007871381442","773.243483487606","84118.13049739596","59687.46302941598","19049.488699056757","17561.72059495866","112.25854660372268","126.06853637765913","1188.441663124382","1354.4517484268038","105.72968255219908","121.15822466725012","522.0391995065769","646.0920744213983","370.79953183755293","399.3666868782062","360.283229016218","317.0513365062547","3488.817371331457","2149.9501952179353","911.9776964363665","740.3402988229753","873.5032572765597","5238.594431107771","7197.368325174359","8431.476603285606","27688.38098487456","893.706926750207","959.5180106959012","1072.0286025965704","85095.75725694989","86391.12870919229","69006.44647047139","72235.96968001849","42199.73728775255","238.04489736841617","503.6415664440276","226.8939332266038","21060.85587521324","16995.408685773604","15152.098298164172","15853.996198597632","7265.265394411536","6903.60362815194","6466.222343520513","5955.091169563679",
"FeNOMeasurement","24.252633347436422","19.581868817485738","993.6966772696652","678.4008650456191","591.2645078944992","5068.245140160073","6508.828447532912","4214.427454884998","4004.667064129452","6916.94951081417","6543.5554412305455","274.5937703999793","10252.966738746063","7962.146403097515","2509.5686732117097","1880.8989053514317","2033.334594897301","23247.766259445216","14595.516395554194","663.6424940579673","1909.3714596631219","7446.2145530299495","769.9906111297736","83706.8842800071","59395.93415400657","18956.801305578272","17480.233518895348","111.72534433577803","125.46664900243475","1182.002982322815","1348.3846812297968","105.22888580597534","120.59435855179545","519.5865051365953","643.5230123451762","368.94823304256755","397.4746791210452","358.5736218442936","315.50421777197244","3472.2764683262476","2140.074310428692","907.5057946286859","736.6778573860843","868.5876629148347","5222.663495779157","7159.61681417019","8391.865456196065","27531.328487611616","889.4250365546444","954.9389345012395","1065.0424799196487","84686.48108876943","85960.21794303936","68664.03563470193","71877.47574414634","42559.50459044847","236.91487759024815","501.20060032160643","225.7118354069369","20959.005069792704","16915.227087614043","15078.438926539915","15776.675741465611","7230.403283492319","6871.024086931851","6435.9472009548035","5926.565129692552",
"FeNOMeasurement","24.230688566899765","19.615302271560626","993.927128249716","677.9751427053046","591.6610207562537","5075.778835231304","6519.65599620747","4222.156606514741","4011.2591448796393","6929.89977345931","6556.257288353919","274.915347190368","10310.940359933875","8004.4110445806","2513.9853433104017","1880.1020509128016","2037.5430704553983","23144.26773550884","14582.352840200723","665.1630978066783","1914.1908845786234","7475.587767103954","771.5622287075115","83844.31051361604","59498.771057934406","18990.696213408948","17518.390519550856","111.94173421389053","125.68844709067285","1184.4112763140986","1350.293238783175","105.39695018940533","120.8019075762874","520.4791183622219","644.8832856918709","369.6597579114507","398.1404496823643","359.0581655988203","316.0865136039274","3477.9863006479054","2143.1793331571907","909.0175692619799","738.0541769045478","869.6090868433224","5239.01716241429","7172.422520109197","8406.213058257206","27590.85497569195","891.0171848213027","956.2248112028585","1067.7853710329591","84837.37965677457","86136.24176549332","68795.84288737824","72007.79987659218","42186.67488493587","237.331104016572","502.1587932311016","226.13557540935807","20996.80368635736","16943.905402140073","15105.407584041366","15804.554401673311","7243.737375493414","6882.7109696577645","6446.450958765106","5937.118436363288",
"FeNOMeasurement","24.245593682992418","19.69103737142607","993.8848070679805","678.6756569581254","592.009161233409","5080.529977292135","6524.833105499072","4224.101141494072","4014.084645076644","6937.189936866033","6561.43701027685","275.17277104696984","10288.946495881766","7976.13510773095","2516.0707181169464","1880.741532745708","2039.4279295557421","23226.5798891168","14574.184490727825","665.018525220023","1914.5331114691007","7491.970067135622","772.0082492919232","83905.29047771706","59545.713315819514","18999.451364522585","17516.043268742553","112.00545367064558","125.76490215403695","1184.211871511218","1354.0990355537688","105.45177412371511","120.8508523955341","520.4951638356803","645.2126739449631","369.87642311651774","398.38772653438633","359.41102307979634","316.290273692869","3478.8254154165083","2144.207724192065","909.8905557647247","738.5018204566203","871.157626301852","5235.159414206162","7178.66830754379","8411.814534133742","27565.49014712718","891.565070295027","957.5541149363784","1069.7374472701283","84887.77560373988","86182.48136104645","68835.54793806662","72051.64561372896","42317.70823917249","237.4323570187955","502.54148299731565","226.27671715761082","21008.835698579456","16953.294012048667","15113.619567626698","15813.308495426956","7247.732728258886","6885.419153646831","6451.472995540807","5940.911095181712",
"FeNOMeasurement","24.26852053988795","19.548105481005443","993.7016473798991","682.1790934287194","594.5560444255979","5101.184039599244","6550.474947033137","4242.227120663392","4030.023801927524","6960.692582628464","6585.303771885627","276.09289837291686","10280.466184811145","8051.718063794183","2526.170830724721","1885.7220655047638","2048.0906991992765","23492.865838101152","14728.86423616518","668.1416877447326","1925.289294879607","7533.301796444661","775.7095915105314","84230.93502019795","59778.90211334464","19079.64095996361","17595.04743910447","112.43397297763367","126.24826828817837","1188.9332753816298","1360.124130028122","105.87177791248449","121.35133472628165","522.8495112851851","648.2939765212104","371.3369370959528","399.9635476180967","360.81479829975007","317.48218976927694","3493.648682763747","2152.53940495163","913.211404989689","741.3473531052861","876.481903954157","5246.718111427273","7202.484012995786","8443.916034017113","27750.89321605048","894.9084125932678","962.2196041244722","1072.6878230111708","85204.19031751712","86527.49473938893","69105.34215965596","72342.36388929922","42158.2734996903","238.34923245923403","504.5673523813264","227.08741255206326","21092.668589169556","17019.92631986069","15174.126867375255","15878.245984073843","7277.663980798556","6914.035432860643","6475.631591410336","5964.120448518396",
"FeNOMeasurement","24.247496413909513","19.492763941255227","993.8785985099449","679.9112359335729","592.8922937216971","5087.060725146918","6531.9708777528895","4229.906572133436","4018.158524089631","6942.623051727942","6565.950794054521","275.25316592132725","10306.105511563585","8026.799562072273","2517.4735802924642","1882.747004481251","2043.9052047029272","23053.11555120578","14689.531715084711","666.8063467714127","1920.3191623608002","7483.8841218623365","772.9838727696574","83995.39404485867","59607.18346318675","19025.843864651557","17531.110163571346","112.1487298378837","125.8891259784052","1186.0003732470936","1354.836461640838","105.6049386973435","121.01999286630368","521.2651286438396","645.757258150846","370.34461968032696","398.85815011415565","359.77644055534245","316.6460858788541","3484.566942924292","2147.1091705088875","910.4742559827703","739.3979030146045","872.4784809674512","5227.597874350588","7186.989053749639","8420.469508553339","27593.93303046987","892.632606787684","958.9161150845736","1069.9395024699327","84983.79450890364","86296.91120097588","68912.58980039203","72142.14881019552","42567.61047558474","237.77942732619093","502.9157152826626","226.4147257549677","21035.16110623805","16973.840863520363","15132.047667304772","15832.019533527333","7256.348716302871","6893.56483833281","6457.669795201333","5947.874659289428",
"FeNOMeasurement","24.26901102532187","19.549640402607633","993.5523795438463","680.2149999329771","593.6812642295288","5083.332864695354","6528.196578394251","4227.64908780016","4016.0213073851905","6937.55684348624","6564.361420559302","275.23530713909025","10256.370831137014","7992.444611862502","2519.1700747805958","1879.8492645942558","2042.3852807727826","23527.812539829374","14710.102633113871","665.636179565969","1916.2633434770744","7507.042538982304","772.9422225793078","83946.08773656882","59583.64887443429","19012.24516197404","17525.124326373767","112.06460757582119","125.89372117020808","1185.3948774482412","1352.3300873367893","105.51676683934153","120.97916922838509","520.9165151246792","645.2574004056092","370.13981058828386","398.61944566381857","359.59795792470453","316.55806707812894","3482.619166221995","2146.081998076414","910.3503375681973","738.9391600518551","872.3052304845694","5222.7379087054605","7184.219149580259","8416.248103931392","27636.293321795394","892.1220514344137","958.3730845811086","1070.089711466846","84926.808866391","86237.80380519948","68889.53407621947","72103.01112826102","42469.82854115343","237.56981096250772","502.41303612862316","226.3447550174024","21024.50780588653","16965.070518174532","15125.036432523139","15824.205280551882","7252.679500634616","6892.148608238833","6453.685930939513","5944.4420983812815",
"FeNOMeasurement","24.28419920150696","19.567414064286336","993.753623778849","682.2893271669737","595.0151983353649","5098.445300405093","6550.030027543697","4240.582948466842","4029.1558563763347","6959.561619388785","6584.47302215886","275.95050304902804","10314.800831160472","8013.830228900101","2529.0515278806256","1889.1309675717782","2046.0212757166396","23408.435832640083","14795.363643154782","667.810248879787","1921.5097019594286","7494.336275095456","775.2074905070285","84205.210142507","59765.030743309406","19073.939995793182","17586.02793736148","112.39837284183206","126.27489426352457","1185.6406875974474","1354.9533634886118","105.84407443375086","121.35694980836763","522.8232347488633","648.1850963373215","371.2374572785849","399.864722032587","360.73869927868907","317.38893972285086","3492.99721104812","2152.244902693817","912.9167590734846","741.18183897813","875.0673265726618","5240.372460432254","7205.877723349911","8441.784505477337","27709.035115346116","894.8911918594489","961.1483526940672","1070.1195693081977","85202.86361424619","86519.00639901207","69099.09557526889","72330.06989354637","42569.392386764244","238.23317474735967","504.27073347932276","227.01903803486906","21088.585810983444","17017.533663523147","15171.720129795853","15873.370544510828","7274.2542731711965","6912.322956989808","6475.4981989415155","5963.767836888591",
"FeNOMeasurement","24.252113560729757","19.46979456178933","994.0034421620477","682.9140495823917","595.5949153843965","5102.541206007112","6553.55823553383","4244.226213248236","4031.931255499876","6965.963377874591","6589.829053292511","276.42425904226985","10320.208565038614","8049.950444750139","2527.1345774509336","1888.8191694662883","2048.0768552385225","23479.802690906246","14786.665790363775","668.381155352034","1924.0208513465689","7522.186781705898","775.5563253106666","84267.65001216694","59804.12889793983","19094.23315346499","17600.998229531582","112.51734530602035","126.34116350683634","1189.6728805347075","1358.3986222503618","105.97272262912126","121.41283656233317","522.5906508396292","648.6414280972809","371.5158758703635","400.1635207096496","360.9778840536087","317.6172001878487","3495.875505155027","2154.524228429342","913.7775946085973","741.8122658600068","874.8233766559338","5259.237301642878","7209.141696373","8448.919576866983","27748.404074447437","895.6016695144815","961.9414124195582","1074.6134256505297","85275.49211605014","86574.62497769957","69147.82331402595","72393.13280352914","42255.6333669976","238.48123411792204","504.34489009921225","227.12905466987158","21104.805259787336","17030.539348438524","15182.935232455737","15885.067898948564","7280.957279817047","6916.248306208806","6480.772491318955","5967.753961461187",
"FeNOMeasurement","24.23575216397265","19.40754138718357","993.7551788721333","680.5069451719158","593.9138487180135","5090.390105270169","6539.017098381373","4234.684400020197","4022.113532450087","6949.216501806439","6573.089894207878","275.44097445591365","10276.559028420603","8012.595307896189","2514.8444558674987","1886.7000770952209","2044.6888128258229","23481.769070452236","14628.969436429985","666.8978596456467","1918.6807663452048","7484.340206528705","773.8868479283249","84072.12882783826","59678.051796470754","19049.36234004644","17565.77518571068","112.24805655066456","126.03103661608992","1187.9492163229434","1353.818120257602","105.65752244455958","121.15254999005876","522.200823807343","646.652334493106","370.73178379073914","399.273861091504","360.13057575550795","317.00705515209387","3487.1882310058845","2148.6691688393644","911.6524556860098","740.1548477988823","872.165583786416","5246.387851360292","7192.948844679842","8429.619549421024","27640.782157979243","893.4002412316966","960.5790309682897","1071.9971367180547","85056.8528719559","86359.00011544101","68992.0386616587","72204.68460501019","42365.36460823445","238.0330797811472","503.3942128915491","226.66056856092035","21055.472131154067","16992.970125636926","15149.550701594593","15850.214043786747","7263.0320149013605","6902.7969570309","6465.077493638649","5954.264330773123",
"FeNOMeasurement","24.242440728839608","19.616884040877366","993.6124300435987","680.1905057645013","593.0790232317966","5086.695644026023","6532.746441096043","4229.805211439916","4019.009758213937","6940.996346409598","6570.025880800523","275.6466963259784","10285.011922239773","7971.3206553033","2519.1022509772547","1882.9899047848667","2041.0183333260857","23196.26166554958","14622.133742351212","666.662461565445","1921.2068759329422","7478.576021852101","772.9195984952195","83974.7964642825","59610.86846437847","19029.01601727255","17550.46738427872","112.15123055162523","125.93951775285116","1183.598619289164","1354.7685021979494","105.56464733626572","121.04240096547659","521.6351333907955","645.9584609177622","370.3305647895869","398.91570101778586","359.83010063414747","316.6425871775399","3485.1739848514976","2147.3035237139916","910.794451533273","739.4378625491504","874.4249829584295","5226.798726455485","7188.845506189004","8420.724436557122","27636.81295495026","892.592817749235","960.0214325588998","1070.2528245229623","84987.57385582758","86300.47416997446","68924.44471149711","72155.11777633679","42380.094714346844","237.7518760484499","502.5965345498556","226.41876715848554","21035.577740490924","16976.430552625345","15133.566359711527","15834.451947778276","7256.688383667224","6895.743777556371","6457.781264671311","5949.206509003852",
"FeNOMeasurement","24.260663660062413","19.660964892661767","993.8712909941754","679.824461282535","593.968735808249","5091.273580966896","6539.9466373989","4234.358804769092","4022.86911515291","6949.542849580154","6575.856055199429","275.73515071301676","10299.342184182324","7995.116200281045","2522.826154916698","1882.7909245365133","2044.9034174479943","23576.63577231817","14740.06445170373","666.7876684983421","1922.186571204102","7477.401482131176","773.845435621294","84085.57834800551","59692.623478186455","19049.947970174235","17567.794135210366","112.2582383425324","126.07219694573038","1187.6982325447689","1356.4236514595061","105.7140121245266","121.14992351635757","522.1505628367429","646.5071914032418","370.8049893098932","399.3117066146903","360.1997843585927","317.0495812788973","3487.4903481754986","2149.043067355382","911.612510283649","740.2765507804584","873.4876371471514","5243.7130362987955","7196.168243337344","8429.22259305358","27660.0490449119","893.4925224503803","960.4685034652241","1070.9457079631","85082.22500761197","86374.40239814513","69004.07602206967","72225.6229210585","42213.40343507602","237.99406998049463","503.1959697532359","226.65647097132253","21059.70463707188","16995.853953135716","15148.686868299548","15851.657963385407","7265.751556567272","6901.798603804854","6465.535165783614","5954.778825456524",
"FeNOMeasurement","24.23046167669186","19.561986256311332","993.6667902978473","680.2817916790373","593.6629697695125","5091.806742991016","6538.639282852156","4234.407286617497","4023.688168560669","6948.395189935069","6574.14067179044","276.0251094907335","10277.120001709472","7998.436317646309","2518.750768434932","1882.0156525428959","2042.1167667799484","23564.256493617206","14754.814863752246","666.1627748002408","1919.7040147932676","7477.7499400846955","773.5440473119792","84077.15558610037","59683.90679237162","19047.132127647335","17561.123868149887","112.26031176858571","126.05565756259276","1185.868681353919","1355.8870758792857","105.70311697654611","121.10576907378007","521.9004370769617","646.9899942240303","370.7158403770147","399.2473142222612","360.12802516501375","317.0265132173155","3487.519823419086","2149.178441878799","911.6666796775272","740.1568638834591","873.4366411923963","5236.646836489809","7191.375245064331","8429.264272584162","27668.26443853497","893.2523579947973","959.432555014619","1070.5762355084198","85062.90503632893","86384.50461630305","68994.98842819664","72219.24467421397","42207.16763440685","237.99875899733465","502.8802536564822","226.68106159351458","21057.25404240086","16991.903681348394","15148.612178425652","15849.427192725647","7263.125648887147","6901.594074626537","6465.587558936653","5953.630291584757",
"FeNOMeasurement","24.21663937857417","19.696833668691795","994.132401309127","680.650953737505","594.1690080591819","5093.041249489858","6541.4346277300565","4235.7083355065915","4023.624810582118","6951.024914181911","6576.200559652767","275.7150742377821","10320.9331166439","8001.129408837457","2520.6934806548425","1882.8046524408537","2045.96348488866","23588.07008787163","14676.440988508695","667.4275765741017","1919.3826202940575","7463.027431832706","774.2005208915836","84100.06509663403","59690.055932810814","19051.52155426012","17551.6684238303","112.24309577777275","126.11863629464946","1187.2064214385862","1360.0153069269484","105.70743294394735","121.17859554473512","522.3867851705218","646.9077053822045","370.77500431713963","399.4438223172688","360.27204632908234","317.09034500143076","3489.5138681160083","2149.722036637194","911.6702929049502","740.3075711526023","874.3460629233754","5244.4139472614825","7195.493417021649","8431.220156835763","27656.385239935003","893.8563734572656","959.8061162217477","1075.511800105885","85078.98820777102","86396.09086290782","69013.62503970912","72242.26927306308","42554.66151869338","238.067339257508","503.5781409655798","226.70746274776752","21062.237777590944","16997.456299404","15152.682414574392","15853.511714317407","7265.951837916117","6902.65994596659","6467.5604327176325","5955.844506484059",
"FeNOMeasurement","24.27069436142964","19.466697689797535","993.6506177374441","682.3105176779654","594.5175206626026","5098.852838177219","6548.047192269652","4240.89297505535","4028.344990384641","6959.694277781029","6584.559639229362","276.234002567623","10285.614406248154","8027.808486537037","2525.3869950151466","1887.6139348127344","2043.1048387631934","23381.90034493986","14698.896974690198","668.2927810052606","1920.5094253363086","7536.933677512588","775.358707181397","84208.60076026342","59764.92449239329","19075.91055843185","17584.943822990856","112.44739440847833","126.21800127784064","1188.849407089111","1357.8083336755947","105.83556216734792","121.36085158275564","522.7649024836817","647.4968162943691","371.26033930619315","399.87313624248","360.7751949781952","317.44842159110436","3492.12323287923","2151.9672364591784","913.1482089077738","741.1268436026802","874.4853484349877","5243.207565867713","7204.051719687487","8444.005913335179","27732.901929875785","894.7653598488241","962.3657721606514","1073.4897948503585","85183.45478367017","86494.00186989484","69098.46096580589","72344.23064237862","42723.320743612974","238.33223044023288","504.26618081791105","227.11201159310482","21088.24449087987","17019.595160528825","15171.729021868208","15874.159420581946","7274.022875947687","6913.54201506552","6476.1760922602325","5962.826451481595",
"FeNOMeasurement","24.26168716982888","19.66982950623978","993.9248144289522","681.7941170432898","595.1092517679177","5099.425436465237","6549.276488498137","4241.716734671985","4029.417142952509","6959.720287784395","6586.126531458188","276.06715367940933","10317.095382276446","8001.539500265917","2526.354137356479","1882.6568059172273","2049.4192901930983","23591.04191728793","14685.29119984024","668.3688986979736","1922.5103053685568","7495.496456676421","774.8767908808235","84197.46157572325","59780.836253552465","19075.710116437655","17585.24843083541","112.4894345683761","126.2445588433648","1188.48428481621","1357.622997838107","105.8662789548106","121.31756084901518","522.871413438469","647.3488660020681","371.29263623308066","399.973765573403","360.74841808133516","317.44350089517997","3493.1840986567213","2152.717267986441","913.2240542470834","741.3822300493797","873.297266874396","5251.9739359770565","7205.39438181404","8442.566332411383","27717.60562513045","894.8929292804303","961.0116128206932","1071.6586470077684","85217.9619128734","86505.88012284566","69102.37534979913","72345.95198305762","42575.38926130404","238.40830044109225","503.9394785165559","227.067838488904","21088.215459923016","17020.017239384546","15172.924450504235","15874.785053869502","7274.731154369067","6914.50520009139","6476.572030752427","5963.515434545841",
"FeNOMeasurement","24.267307430606323","19.49153156018231","993.8604190458389","679.1003563880417","593.0322577371905","5081.563135839764","6528.882448914715","4226.252222209652","4014.7228473728096","6935.606693657711","6564.141642191853","274.81991207418207","10267.248755209515","8019.921663335035","2514.866186651328","1880.3803428805256","2039.9594327104192","23397.77168225378","14614.356510755404","665.809785040035","1918.406279778991","7469.714364418707","772.3873392634032","83927.6577639925","59548.59987001195","19020.31677620214","17520.350738029996","112.03528817039776","125.787959665239","1185.3424368260553","1352.2268491066313","105.45817200331206","120.88339884124768","521.1574421425339","645.1708294464645","369.97481106929047","398.5159817885952","359.43311033961413","316.3311981836278","3481.0122246143974","2144.72017004505","910.1371851351041","738.7111285818279","873.2547368445636","5227.582896184997","7178.977739039409","8412.46346596727","27620.313587118104","891.8291840520191","956.7829059130742","1068.3668075933238","84892.13363039788","86202.79975102058","68853.86670225639","72080.87922356365","42289.66605768175","237.5331398624053","502.2938590513335","226.27434070797977","21015.49397206476","16958.926691581095","15118.807353017874","15817.890682478896","7249.540592491188","6888.997679461585","6451.91213406198","5942.610092963411",
"FeNOMeasurement","24.27626624217722","19.565528798493595","993.6116465105856","680.9985640235994","594.817669684383","5100.521257988725","6550.644756884531","4242.289759158896","4030.3855671786596","6962.166887271345","6587.697114344692","276.1013889415908","10314.085133362669","8017.656437513296","2526.522257345373","1892.3223897636838","2045.53372808284","23523.084549403502","14633.11501941597","667.4184202210829","1922.1696495096176","7530.502473814323","775.2427785998909","84241.98265835582","59799.258273564454","19078.74179961938","17588.60404904623","112.47262948295207","126.28539700773507","1188.9165511296733","1360.502264935401","105.84925762029056","121.35399899120605","522.7341288989732","648.1008876956283","371.41536843046987","400.0137108519282","360.81814800113466","317.55191852491754","3493.6453069451113","2153.26167795374","913.5832802213264","741.4382723086734","875.9867342083716","5264.002553967473","7205.355806635619","8445.722926323686","27712.177251656434","895.3808860846491","961.6545532206384","1073.9414205348965","85223.32195959965","86544.48126383501","69114.21954613428","72361.61066526343","42394.31069881828","238.3913605550787","504.096180051234","227.07335313525783","21094.750303036202","17022.490815515695","15177.751978514694","15879.466993583723","7276.86926535396","6914.9769733812445","6478.502132795282","5965.5646638032595",
"FeNOMeasurement","24.271752688519257","19.531315676698686","993.8379350264549","679.988644170954","593.6017746297134","5089.720530504341","6537.142657480312","4232.331534148258","4021.418666831953","6947.408931442143","6571.813454478793","275.61873789265906","10267.62065371801","7997.386636720042","2521.12908713949","1879.2371000809699","2040.6173015665058","23375.03424591438","14689.789309555563","666.2669064841707","1920.500970084997","7449.536675212062","773.2432418062871","84080.77793306431","59649.91724501304","19035.545804542424","17561.437568310757","112.18725290008564","126.0240901819641","1189.446610808264","1353.5442553276534","105.67716247948498","121.10758802152387","521.8996301481978","646.7108694137349","370.5660773867319","399.23863675561967","360.03201848820845","316.844528964894","3486.3311770869545","2148.704088273518","911.350024047117","739.9175739146436","872.7032206180547","5232.71953734117","7191.396522229767","8427.485690797148","27673.867707901198","893.4103737921469","959.3979773278535","1070.6784233668461","85037.33049048824","86339.79584791472","68961.64550118257","72194.7569252574","42518.983443857236","237.89047255153048","503.1663828914591","226.57721643466058","21048.661234416057","16985.451263580075","15142.351904733296","15843.99277459853","7262.487039922708","6899.743435737514","6462.606740559041","5951.676681522193",
"FeNOMeasurement","24.27966156724949","19.48465873734422","993.9953053778679","680.6875661625876","593.6606286973029","5091.350468945109","6537.493831450204","4232.964263736688","4021.4698495103567","6947.47838209884","6573.7838826394445","275.4601067937356","10294.489783265304","8035.345410472223","2520.6273274184496","1881.887250377728","2042.9886602596987","23391.70655068064","14604.871114816622","666.9154111182673","1916.141079581454","7512.449670988708","773.7923187582086","84035.1785217233","59666.57079302335","19037.014398077354","17552.592995745934","112.22307387851434","126.01372320100462","1185.8499507596296","1354.135860939978","105.6368163425073","121.14585625391847","521.895670927184","645.7745658062388","370.6268744529621","399.25754937968316","360.022777092082","316.82191758681097","3487.7914592354377","2148.550278481201","911.4647391975577","739.9660664810447","874.4174300369243","5243.763372976959","7192.813312955164","8428.288473936429","27714.864181409255","893.2739096126818","959.5392864669601","1071.0424149041708","85044.54213862168","86343.54011291233","68974.21386291049","72208.99067413755","42331.43758802108","237.92956220963742","503.526629756806","226.86959249256358","21052.41033381935","16989.53055890054","15143.132285814314","15844.401262657744","7260.915941505342","6900.904224548619","6463.8355972412355","5952.370128179549",
"FeNOMeasurement","24.24669513988545","19.47377024794068","993.9430651394856","682.4589752190691","595.0739431941631","5101.493675910385","6549.569002173966","4242.687496768798","4029.99846356077","6960.800321475268","6588.28541229395","276.20464059022305","10279.955871615393","8008.14767700619","2526.0661520255126","1885.1641100101526","2045.0336118837106","23555.0835712167","14732.69899368521","668.289123749922","1922.946608184874","7486.3001340557485","774.9857222182173","84230.46295472917","59776.84269922645","19079.487635140376","17603.68989235085","112.42243813543466","126.30854259981193","1190.94129994873","1359.1929159462622","105.89582666529707","121.38338652666229","522.8711296738869","647.7099657598427","371.374808935861","400.0766060491578","360.93112265072244","317.5621197012341","3494.7166724484287","2152.701882868995","913.4250522869966","741.5363428019944","876.09292749948","5259.680901886716","7205.359347341551","8443.471625082546","27672.107703602036","895.2281607792684","962.462519937687","1073.197946776195","85224.53997498791","86528.20928304964","69121.70529211409","72346.01856049485","42548.25922308863","238.34962998670355","504.05288676243475","227.07024104089476","21094.689045217296","17023.450963175506","15176.469078908585","15877.676081797834","7276.534788089351","6913.996694070006","6477.615782759289","5964.911657000073",
"FeNOMeasurement","24.271158116685363","19.52686320342663","993.7043236893617","682.8801400686222","595.0953892042052","5100.309502380752","6549.282865125181","4240.803869773189","4029.449053739919","6960.541798954084","6583.796154955686","276.0770814351113","10312.404069894064","8017.441297736692","2525.0917841408836","1882.6817342810366","2050.2981458572963","23258.308851117923","14781.081762153228","667.937174259874","1924.296841585582","7516.275480604293","775.4560780770144","84218.0386621122","59771.948264915816","19081.56703265955","17584.392220685153","112.42527775335391","126.27969801603042","1188.815843717006","1355.909371702191","105.88412969788833","121.38710393876677","522.8598564961421","647.4346941685551","371.3570241536354","400.057828537755","360.7946328829879","317.5693779820748","3494.8202977046426","2153.183286298401","913.2984074544501","741.3267340884796","875.0655191613085","5244.672966071845","7207.545518054518","8444.62763667391","27724.963103340975","894.9933653679658","960.882319737675","1074.8218349057051","85212.80100456785","86527.86847669186","69108.02868205105","72348.93992248566","42767.01144378328","238.38623554099743","504.0274298753836","227.17937290085084","21092.595921882406","17020.67713779206","15174.46271798806","15876.86179576755","7276.925334161581","6913.625095618466","6475.435107370313","5964.594629583452",
"FeNOMeasurement","24.214957489450907","19.666714456522058","993.7966132095555","680.822055135979","594.8738443505239","5099.821957921763","6549.865685089675","4240.18133868268","4030.1902885107083","6960.797003633403","6583.958416958597","276.01802768997726","10313.5810327264","8025.272124543402","2524.369989240324","1889.510208548584","2046.4631292530376","23403.312895980715","14706.79182133953","668.5423823228003","1920.5822546891","7495.77597582745","775.1412666856025","84247.61267764545","59784.841458662115","19082.208473754366","17593.594728443535","112.44753162762562","126.28112442340883","1191.2333956213008","1355.937770061995","105.88147273510418","121.34677342350942","522.7498749901044","647.8204975606347","371.3901077780917","399.98999623699314","360.8119554757394","317.5395216801831","3494.198685491208","2152.8757615056306","913.3178086103753","741.4807738715136","874.5902742871355","5249.741934505518","7208.479291354436","8445.119750632495","27716.97759588693","895.0227097275954","962.32470522365","1075.2297452384291","85225.67289485931","86534.42668970936","69107.73074631425","72349.62613314095","42690.94168055931","238.40281738637609","503.8062860018337","227.1687261435215","21094.851429610273","17023.799426921618","15175.47696309241","15878.504484871075","7277.258008679665","6914.222955231713","6477.89891656519","5964.00893820887",
"FeNOMeasurement","24.253558802358135","19.669342390289557","993.8819096659369","678.6195343177563","592.7046171802856","5081.072398178876","6526.494978580217","4225.7574780241475","4014.8006622876933","6934.8145370321745","6561.65599717353","275.16669157062006","10273.07955534738","8009.993528748868","2513.884084982342","1872.6217002981264","2038.2493638477558","23454.69479534963","14681.767010301695","665.7924461726456","1919.2130352212837","7494.183143180254","772.335496917225","83914.23918804732","59566.0378887488","19008.602054133626","17525.602942575246","112.01667503763095","125.81264306621784","1182.6665792887893","1348.7598716475522","105.47477702142788","120.9063170190826","520.9506682611319","645.1157394624787","369.9529844291056","398.5485535562432","359.46514429959166","316.3775921458693","3481.642617708765","2144.6502440172035","909.9404606917063","738.7086482864487","871.108988372235","5252.784473710503","7180.936593145164","8414.475996402078","27611.047667195133","891.6561734154446","957.8503338464012","1069.0950947212534","84890.62344968412","86209.65083139134","68859.8746256241","72090.52388442228","42636.79375153049","237.52345242205953","502.0023605497461","226.213271279059","21016.214919712616","16959.512264118835","15119.571507263745","15819.000577178704","7248.899596061797","6889.137653970777","6453.350168517024","5942.104315144289",
"FeNOMeasurement","24.26525690785217","19.51528438525985","993.7098751475745","683.1603922017761","596.0325844579006","5111.090523614521","6565.427682206248","4250.89614705925","4038.320787362722","6976.942711501352","6602.08834834574","276.63693895952537","10354.832957306648","8018.057773885924","2531.1464217601324","1889.2193185595431","2052.7494715397406","23353.77722203447","14806.499782394125","669.8772591602929","1922.4911178953057","7521.926450410677","777.1107144943726","84412.49960527719","59904.74610350662","19123.257499895968","17637.946444005338","112.68837585986427","126.52687208976215","1190.481291758533","1361.4580756892692","106.09862831111909","121.59568275535094","524.1054859049586","649.4653938283114","372.18712863238164","400.8899585781818","361.5775678046178","318.19661539971617","3502.401457069633","2157.7751852006077","915.3105947942696","742.9859743993073","877.8178597763963","5268.53956025923","7224.233540112389","8462.710721837278","27766.17675233513","896.9751259683438","964.380397022909","1076.5276255934712","85401.1768863092","86710.7976144612","69262.79441640075","72509.67371981069","42520.53653914865","238.90485934776294","505.58527509568273","227.5036810100326","21141.882387457495","17060.263456393848","15209.109958729534","15911.020766942413","7292.20775516173","6931.158946502269","6490.102457123061","5977.434630144853",
"FeNOMeasurement","24.265927006413573","19.349447368725873","993.8350968796211","682.4251951427811","595.5209286082911","5106.96270807246","6557.394790594585","4246.3127810586675","4034.3266057653873","6970.16497138447","6592.076359556709","276.36689812095153","10342.977259537207","8006.95882661398","2530.9167919947686","1886.320328631195","2048.2981709492324","23659.583261849803","14728.219196051601","668.680524232763","1924.4815379210295","7508.0815509677095","775.5371040167024","84321.1194127368","59850.21872715791","19103.271343497654","17607.42225499761","112.56442041298315","126.37484598826","1191.2574756603583","1356.6343788126094","105.98770069041518","121.49665392016541","523.8621769217723","649.148549046185","371.88411361023464","400.4393214849183","361.2618053219078","317.8955070721525","3498.313053787582","2155.4364925276877","914.1033734459395","742.2745656479101","875.504431813144","5278.33756182839","7216.106853311904","8454.437779186339","27800.610945975728","896.005582333952","962.1490834917346","1073.3781202013888","85328.37189419278","86622.30559561781","69194.53810273386","72433.20454200567","42563.63737996431","238.70127008217963","504.8246714056015","227.3488331361399","21118.340350862767","17041.4955417993","15192.426518429977","15894.872125461154","7285.259293080532","6921.31318580271","6484.205277741433","5971.2838867759665",
"FeNOMeasurement","24.257527344509292","19.650360351647155","993.7896649817746","681.3918765419533","594.1507971655635","5095.04036780965","6544.231363241648","4238.205531270664","4025.398320419861","6953.890380025327","6581.346727732392","275.79239168996514","10308.322232664925","8025.642324453658","2521.556221978043","1880.9279277001272","2045.0164567243637","23310.135218782623","14684.034524355848","667.5113242760001","1922.9380155082458","7520.852570229772","774.5288523417099","84168.92068178277","59721.35501954208","19060.569324862998","17574.456153847168","112.34159571364398","126.13470871482278","1188.9528852368198","1356.1571086821853","105.80839881837548","121.25683165483103","522.2161187107885","647.4324354137968","370.98741305170233","399.56887547369195","360.4732112042557","317.1475412862756","3490.7351727439814","2150.7306637555635","912.4539675708064","740.7461061058414","875.0399484081735","5249.046477580456","7198.037558629495","8436.102284891236","27718.057580426517","894.1791015844907","960.1703309386492","1074.4310420036925","85135.00980220147","86434.86191333018","69031.87351148887","72281.29250602353","42425.234522610466","238.1561554043116","503.4333052079436","226.97384512425023","21072.345028591128","17006.074501661504","15158.391812619573","15862.070412947905","7268.54213480587","6906.814779938828","6470.394793088101","5958.9983428693995",
"FeNOMeasurement","24.283288788621668","19.74986227257655","993.7504326383898","681.8922526796134","594.8018026671908","5094.726782416677","6543.577835110799","4237.588343910099","4025.3824670314934","6952.638406366318","6578.897572940592","275.91343975941845","10284.348392989377","8053.409668178026","2524.1707576381295","1880.5413771551998","2045.0997717445646","23406.98215893057","14698.619929257502","667.495698721537","1922.3387268252184","7524.848260744738","774.6331130059693","84138.2233187436","59718.824680992235","19060.31149998192","17564.149920262633","112.33628932956884","126.14830881422613","1189.0931784105132","1356.525541791462","105.75707445490397","121.21091420218323","522.371124225125","646.6736419095269","370.997266279146","399.5329420876661","360.45585043764015","317.1325101967009","3488.561174670204","2150.5065412904214","912.1101069705142","740.5639154267946","873.2142197195558","5252.227429663176","7198.6816839189105","8435.030659735232","27683.82344480183","894.1698186223933","960.0460602753261","1070.8162019483948","85131.5444177503","86445.59633879362","69031.52625001722","72263.43905810278","42578.197899123654","238.10066704468994","503.8745354829311","226.88099101423683","21070.436542323845","17005.46278145149","15159.14797409836","15861.109219521584","7268.869750868607","6908.81680385411","6469.277565777856","5957.8487160923505",
"FeNOMeasurement","24.24150277195853","19.47417161431266","993.7462628800126","681.2633275533688","593.5914979801906","5088.741070090138","6536.745473704491","4232.590830434116","4021.7051207697345","6945.679032102553","6572.707934079151","275.56861567863115","10280.02506197764","8005.257204518213","2519.821010670718","1877.1205943968853","2043.6822391656233","23235.518693529557","14676.4062344807","666.8670057094166","1920.9165171400077","7475.146107603794","773.7390403790417","84039.61131012726","59654.83590020863","19039.31347917806","17556.968824231037","112.21943933879014","125.97036051188537","1187.157877248023","1351.3349630697749","105.65442363242946","121.0964628047522","521.9035609858021","646.221950219892","370.6230070827051","399.19634656534083","359.9791359642224","316.8776489124413","3487.168012438604","2148.473626492466","911.3388236761663","739.8757754760067","873.9570996793298","5241.010553046632","7191.461217815344","8427.563256299793","27748.91346355828","893.1661156700227","959.5215156087057","1072.555750485313","85062.68036480047","86337.97298496721","68966.3776703719","72203.90629069386","42077.71319043299","237.90829638850929","503.1590147570466","226.72223142452174","21048.808675766973","16987.559051908014","15142.814971111411","15845.385885807264","7261.194306367797","6900.099007447689","6462.829821997068","5951.844864821848",
"FeNOMeasurement","24.28630738533735","19.53648074017632","993.748689414913","682.5873127792728","595.5719114183975","5104.360514060667","6554.690490996527","4244.414014550585","4032.8957625533703","6965.1446153922325","6591.009199157811","276.38923422843203","10317.61684351839","8052.796051502265","2529.6608853034704","1890.9022510605046","2052.971068043915","23477.34936933925","14782.050385410263","669.2385910015976","1923.949121354593","7514.264858475177","776.0258639036078","84278.16736964186","59817.54575391881","19093.422030405003","17597.591916614194","112.50007832982945","126.35817348925387","1192.9194443525103","1356.059954528552","105.94769021442382","121.46134186675047","523.0047975988376","648.4731546710365","371.5824631357904","400.28962675171636","361.0784758714948","317.70433881266104","3496.4670936330685","2154.8691226354113","913.84916787279","741.9543658434918","875.6907702009057","5266.7425684701375","7214.084549176656","8450.63607946364","27759.13745788425","895.7139639491522","962.020812603027","1073.906861848566","85274.99327554907","86588.968630186","69151.53878637284","72406.39573116909","42504.761907724926","238.56279990627408","504.3504865162647","227.2193613902279","21107.116835454744","17035.191325821917","15186.39449206856","15887.533338434963","7281.22274741016","6918.58965249658","6481.358090429591","5968.399177874482",
"FeNOMeasurement","24.222351282116982","19.52392851092062","994.0412291884545","681.0045436637906","593.7306796687982","5089.872995772343","6537.910358096787","4231.910854586173","4020.691968598439","6946.075898286297","6570.757265012903","275.70172122096074","10280.078941327714","8015.3169918128715","2517.8930107585984","1883.2613373180493","2045.328258344918","23420.354807236","14618.653675824035","667.141049706736","1920.8633450257164","7486.265758923496","773.1962227850278","84042.89304051032","59648.03128294926","19039.167984787095","17545.71972109866","112.20394813302049","126.03185051165944","1184.9656792113624","1356.4739498321742","105.62152857068938","121.08404932077363","521.7103295694003","646.5484732218092","370.5486615403049","399.07532879835657","360.0320145185431","316.83478710936976","3486.1761295081606","2148.246794651377","911.2521121207933","739.8533031498815","873.3057151729379","5243.65035862975","7191.103212341787","8426.074659511789","27646.612983419393","893.2095139692317","959.2298394488245","1070.7599071643153","85029.32756243982","86345.49219679105","68968.84330548107","72195.6093098957","42467.36960817465","237.8851689401046","503.10874955550355","226.6548133963623","21048.35658085163","16986.163020918284","15142.913576718729","15842.077446064486","7261.763511295292","6900.940740831099","6461.802083083886","5951.6654172926355",
"FeNOMeasurement","24.249730009225722","19.592737726598916","993.8187823267642","683.607268771612","597.2846312423136","5117.008310367045","6572.588149154946","4254.814235597044","4042.6630862964316","6983.852105498705","6607.549704307295","277.09453797371214","10339.537233991874","8041.063921661787","2533.3181052159075","1890.5327226406553","2053.350766891099","23464.208858013713","14833.730909897622","670.3429601355297","1931.8940844215167","7547.281667736988","777.7436362367213","84496.3313695145","59977.53116909196","19140.79162826521","17647.802213589974","112.8118425649003","126.63640793982181","1190.831458722525","1360.944304900129","106.22743632716231","121.74197834618039","524.4519974328529","649.6274644014859","372.5298118228681","401.20646501235575","362.08751543640386","318.54929454619656","3505.7453232006924","2159.961487925882","916.2537221567148","743.9097046334045","876.0532480692899","5270.42328078031","7230.453154746906","8471.634465652623","27817.42995700824","898.1932031714185","965.1678758661833","1076.0743915051828","85494.76161878883","86787.46347632782","69342.06991321045","72589.08014692993","42868.628195363795","239.21745297296644","505.39899907050926","227.8677113991267","21160.780117943497","17078.053312219374","15224.354102391855","15928.113536638102","7300.475886973714","6937.865058478293","6496.378524973881","5983.596225642844",
"FeNOMeasurement","24.245394608019666","19.365262578822392","993.8657964659799","682.6943262536937","596.0374615094914","5107.510927846042","6560.14337817374","4246.761450993091","4034.689348257377","6970.5894480297375","6593.310680736738","276.3999757873553","10322.05769848461","8056.64045818168","2528.0701489657363","1886.7766404154204","2049.4176683982955","23452.46073721158","14703.673968373321","668.3495501055497","1925.537670228725","7512.274915342496","775.9800061131539","84350.34981165118","59856.62213037099","19104.26884261523","17607.064673721783","112.58684544363825","126.4420284234518","1191.30493014254","1355.8554844237117","106.00485596526106","121.51809657292054","523.7815763218244","648.6314038382409","371.8581713514167","400.49036634391337","361.29430642776595","317.97561778578836","3499.0031443024486","2155.8163302314733","914.5818892845932","742.3538466214349","874.9533584074047","5251.76090470447","7215.166663194617","8455.922736323813","27762.10135353659","896.2912351311314","962.8213720909323","1073.2624143544938","85320.41401772478","86640.39710653467","69203.11721921062","72442.61304101403","42382.846520197265","238.754712087424","504.9251018931684","227.5094824045274","21121.91411863592","17044.70956539134","15193.84123379081","15898.721617266829","7287.191069590316","6922.341038917897","6484.656101461354","5972.247318018618",
"FeNOMeasurement","24.22393333413564","19.700062352046803","993.8011867575177","682.8952130903626","595.3735703905302","5105.283087840009","6557.617654729804","4244.804579324073","4032.9856558252195","6969.265075573527","6594.461484223682","276.5308435002754","10358.683546955806","8061.11010784194","2523.5287714758256","1890.9037348833776","2046.2976792608656","23346.707788025025","14786.345960937042","668.9874147175818","1927.391365557401","7514.580015208525","775.661816959802","84300.92699412441","59826.813537854745","19095.563653316913","17608.268900620744","112.53950407494025","126.37434211034163","1190.6729001204665","1359.0246954874299","105.95857967029417","121.49546437358539","523.2876116106823","647.6434523504118","371.71205232828254","400.33952442309857","361.1007639165512","317.7434685379401","3497.3956821568754","2154.5825638738584","914.1833511862219","742.1397524641145","877.4887453290517","5255.207641969038","7213.131634038345","8452.792640576336","27723.414910027022","895.939918757639","962.3442617902977","1073.6325994773915","85291.2581731472","86607.33532727425","69166.11299803422","72419.21492143266","42601.34701641889","238.6385653630167","504.5788636951243","227.45729828375022","21112.656807305928","17038.837774364685","15188.74742198742","15892.892674456984","7283.820019132271","6921.53039331759","6482.7393249496545","5969.841843257136",
"FeNOMeasurement","24.265231643264755","19.511228941289033","993.871305797155","683.6407560581331","595.802402379084","5105.331601821079","6557.044322767613","4245.233667636718","4034.193138892885","6969.345085480655","6593.209265691132","276.2328583267808","10328.520365846958","7993.893047847046","2529.977184505147","1887.4640329807798","2045.679850251263","23446.78641967354","14760.441903858995","668.8902998372533","1926.2880918945748","7510.995121060301","776.1215685731645","84321.3177295215","59833.67194347787","19103.81096376141","17612.8609977127","112.56361136341336","126.43272022514275","1191.0025770658212","1358.618962039778","105.98299521537214","121.45226305865552","523.8421703109824","647.8795232124276","371.76609774949094","400.428562972113","361.25037778663227","317.83667983195267","3496.5582947562975","2155.739564054561","913.8420764638688","742.198989161557","874.0386569352617","5277.379603826035","7215.669099641744","8453.558497410326","27760.285733356548","895.8480947406521","963.0460731594048","1076.6755912355745","85318.01242817118","86626.5789114193","69183.8462315849","72435.75730267036","42728.72935843404","238.6162928527467","505.2326464074133","227.2651114257982","21116.020105632215","17040.78135537066","15190.915749160855","15893.565569817618","7284.681959867222","6921.122486637081","6483.36386680019","5970.461431473306",
"FeNOMeasurement","24.259325371506797","19.592038467446095","993.5188923956625","682.6175798153087","595.8143305434837","5106.187600164367","6558.063842924621","4246.483975114942","4035.24341585975","6969.468996740612","6593.925826455812","276.652679816407","10327.144266843032","8082.063207241095","2528.854791927518","1888.5925761337114","2048.473094594276","23576.749990832923","14739.656366529938","668.8216695659144","1924.687671218413","7506.909005433255","776.2900896282755","84338.33974586989","59849.89222857219","19102.560876084495","17616.082829036768","112.56978282635268","126.41699124632946","1188.222614965508","1357.641164039094","106.00471039063164","121.53552967840355","523.6660168656048","648.0780627926778","371.8026460807937","400.48027380166815","361.2443114486585","317.90868609730694","3498.2567223492924","2155.680264329563","914.5326812257706","742.2283875669707","877.2612851247284","5259.259064051943","7218.750714398356","8454.494128901086","27752.674014510263","896.1670772281265","963.5284852468488","1072.0607736725387","85333.16464230647","86646.55293055336","69205.29867307981","72436.40370775","42560.90872868307","238.7104811132927","505.39347822264796","227.5165510637443","21118.747049209134","17042.172242548953","15193.839910156143","15898.339591755597","7285.273323629919","6923.763254962965","6484.054103698488","5972.28271334256",
"FeNOMeasurement","24.24601279995928","19.556598637014044","993.853970713203","681.3493619180297","594.5484197375534","5096.621237749083","6545.1048850501365","4238.648588095708","4026.5646050122627","6957.130172962565","6582.435882019055","276.0499174249142","10336.314439556383","8015.517328511737","2520.9158266688974","1883.3031629728018","2045.299862353884","22914.613700574664","14768.770370348402","667.5016435057225","1920.738286616252","7515.970198230844","775.0543522735824","84176.63248571228","59738.55167757072","19063.915495715006","17578.974170353045","112.36898543082607","126.18621371195381","1189.6028088490282","1353.597516038345","105.79496282917229","121.27961881718396","522.0227321223205","647.0405583411035","371.10986748871954","399.67626778390326","360.5285034253389","317.3445248810635","3492.4387671845525","2151.54687359977","912.5377873660875","740.8046528008758","876.5958164621308","5252.712034867006","7201.552432886365","8439.192677415844","27712.220091994113","894.429312779691","961.6337717082713","1073.697938063181","85164.09892345715","86464.7229975603","69060.10546112478","72300.8258998108","42616.138165915065","238.2254771167107","504.2315444498562","226.87748600873317","21078.47467879834","17009.69477892755","15164.56839756015","15865.119711713138","7271.115334506646","6907.590267089568","6471.298075935209","5960.541081391629",
"FeNOMeasurement","24.24967434582595","19.572407748485677","993.7489588690562","685.6333049194895","598.2467244683695","5126.03191791038","6583.741638707842","4263.4054348887985","4050.131047325745","6998.1111713167875","6618.1365237058135","277.64138984920913","10353.333597429133","8079.392828436568","2536.8645319785614","1891.6277648786527","2055.022111031791","23437.67036210838","14720.454374106184","671.3997474604166","1929.6291206514904","7553.075324769493","778.9095117370869","84654.63719578138","60083.14864872059","19178.351173238167","17678.050492626124","113.02489899676132","126.91677261901214","1197.8704372134553","1366.9342288923306","106.40409812070112","121.97911025059277","525.3755703969686","651.5137119299083","373.31867926792467","402.01297814914426","362.69758511215827","319.1245948974665","3511.8437831665838","2164.1271685169595","917.8362269786039","745.1178153975774","880.2791514459727","5282.562915074796","7244.164253742968","8488.39677763661","27833.63602889872","899.5023438930749","966.6500658506689","1079.223657545348","85653.4810997992","86975.37790420504","69462.9488547302","72714.41254927393","42747.5756008827","239.65852480546323","507.1392714281423","228.19701086629593","21201.03610128313","17108.606425551847","15251.627045288913","15956.656355936053","7314.079370854003","6948.654055498503","6509.100172865702","5995.009581495639",
"FeNOMeasurement","24.24467102350551","19.578207214713757","993.761824557613","682.4843715808797","595.8865731862778","5108.5253133158","6562.326625039574","4248.757378847465","4036.801638663902","6975.07955134747","6596.4021929954","276.7115877250693","10308.738496601307","8034.15191499972","2529.2073918740634","1888.9358839935787","2048.763489961373","23594.859028278315","14707.665357043767","668.8343497923273","1925.879740887441","7506.095493864391","776.1878763014896","84344.9288980995","59888.58809956772","19114.2995364162","17623.574170249834","112.66759084237182","126.48443994302727","1190.7140156433084","1362.0594442258725","106.0468043930103","121.5603398374456","523.7120166634559","648.6267013179306","371.9806834728876","400.703647094707","361.3823153473147","318.1301952892395","3499.960083210982","2156.8528766798995","914.8325659757555","742.6698292866793","877.8268994442674","5264.7931311745115","7220.645859016705","8459.103840712462","27753.33334471568","896.5783677768243","962.807550945722","1076.3244590875981","85380.68944272467","86669.4361169276","69223.38550778305","72476.47110828516","42235.88425048106","238.74251701736932","504.55656342531887","227.4793732222679","21129.386364147755","17052.773448831605","15199.76249513117","15905.145846424777","7289.350965579483","6925.9471221761205","6486.911965775598","5974.402743316636",
"FeNOMeasurement","24.23787055814074","19.480993176289488","993.6499978943659","680.7750882989238","594.4394423214563","5096.809263101144","6547.010685294695","4239.396521599362","4027.1098665487407","6956.535113275515","6581.607625490586","275.9979839085155","10330.190471418446","8026.266134008087","2525.1997861756386","1883.3845714284123","2040.0149226191604","23302.0364227827","14706.697741157524","668.1728929003114","1920.226727440223","7510.160241322605","774.5573887579014","84178.68813823732","59743.86072994832","19065.556168314448","17582.541531798597","112.37305666097804","126.13647364517732","1188.3254546506212","1357.678133778043","105.7812351368771","121.24595998257186","522.6793306968793","647.26427227099","371.13670160898374","399.72198476216715","360.54421886677926","317.2866064348344","3491.011084237795","2151.2169871800634","912.6487453739019","740.9869216169251","875.4997206656508","5247.0717582968055","7203.982033864498","8439.48431054759","27696.607155387075","894.6488642057225","960.5877144581995","1072.0300692965343","85166.56855630418","86481.59292838615","69070.7681111612","72300.77400145639","42699.37090418229","238.27307898719332","504.1163150788809","226.98647345351228","21079.551687404743","17010.710648519263","15163.936982443714","15866.46398351249","7272.593012305444","6908.6269059233","6471.916238839764","5960.846749633118",
"FeNOMeasurement","24.263108976428104","19.466449641016055","993.9482911422415","682.9035276967684","596.4262404328872","5109.70886675313","6562.1408845650885","4250.116157213189","4037.3583940184035","6975.063264784762","6599.6368981716605","276.26451378361713","10311.316651502533","8028.974342969636","2531.8810049002655","1889.5174290185619","2052.569229205127","23392.998456066605","14890.667573390867","669.6924351167957","1924.7959327594451","7528.366576703287","776.5203420844042","84385.90771686744","59894.07357047537","19116.92239380123","17615.320924933283","112.67002787838122","126.54947036806428","1191.4371882705148","1362.0709650740591","106.06080235513616","121.62555697235328","523.7358783275674","649.1833718717324","372.06680943474043","400.76721350739206","361.582198970349","318.118283818549","3500.8955744304594","2157.5140679994342","914.9591510708699","742.936400782272","876.0978965372061","5279.235243286108","7220.913581977998","8460.38021343404","27756.003422339174","896.8520305708541","963.0106468352915","1074.5303989342517","85386.64609289839","86699.40922028867","69250.9359121698","72483.29657602118","42540.917119515645","238.82608327431683","505.5068829295149","227.7220319528406","21135.80070950363","17056.78559493807","15204.336491827564","15908.211855521571","7290.226355246462","6928.900939622501","6488.521775497864","5975.918421031443",
"FeNOMeasurement","24.258370630058135","19.464253245698423","993.5513778371535","681.9940968913073","594.1583447054613","5097.818584008654","6546.835497315856","4239.472716355785","4028.7320931534873","6959.08222232447","6586.324510538768","276.27405178998686","10320.968743196334","8013.4419066491555","2523.8461316437515","1887.8884838080066","2046.4794764870983","23317.118066457104","14773.941974267536","667.2829782289612","1921.9102076707518","7489.421235918649","774.9338221203922","84190.91086106795","59756.64418151842","19074.686748298678","17576.95339331496","112.39258863097312","126.23593563797148","1187.0843220595348","1358.0286955024555","105.83463060553991","121.31377551186961","521.8725566643593","647.3817682512562","371.2259171882416","399.8294518726943","360.6311286673047","317.3160293223569","3492.6207152973725","2152.520747541527","912.7362670841052","741.127774395883","874.5510964883302","5239.997475767918","7204.844657143623","8441.852440867022","27683.287528345507","894.708784761447","961.6506795844424","1073.4691743954495","85189.5717608866","86483.20727978428","69086.05212221204","72324.39979019025","42572.944119876156","238.3137589519072","503.66089371346004","227.14973507509467","21085.871005588895","17015.798392349523","15170.11365103741","15871.772609900987","7274.303991045248","6912.476958529578","6474.991403025058","5961.859233252226",
"FeNOMeasurement","24.252466641561224","19.70253210942527","993.8764843858634","683.2239294118156","596.0387902383746","5109.366911234005","6559.893572711368","4249.352987457308","4036.369822357232","6974.821153626578","6598.325995884342","276.7442988922769","10350.48033402017","8048.253536560915","2526.519039587839","1892.4879575460338","2044.5357426347332","23522.12904545346","14741.101111994227","668.8737680793381","1923.7500581631734","7525.465119733828","775.9501254292535","84374.5082106994","59881.3522149997","19113.846611323184","17616.922637562617","112.64295321407329","126.50212684759701","1191.4962284896756","1363.5649160314472","106.0576927258569","121.55888668441744","523.7798097058898","648.426476266497","371.9776901098189","400.6649460921951","361.5037941219961","318.06566275790993","3500.0285144573686","2157.202821833687","914.7258444728881","742.7020800737404","876.0213801032351","5256.037082525414","7220.0630308866275","8459.856672646867","27789.628653650932","896.6300477777172","963.197322711003","1074.4857838824469","85363.94534138069","86683.61095051804","69232.66295794975","72478.32408452664","42672.69549639173","238.80437911985126","505.0455002769792","227.58927534921222","21129.980509522422","17051.314345885665","15202.476416795742","15904.098410223363","7288.946527201837","6927.255335003442","6486.989427372251","5975.216137549136",
"FeNOMeasurement","24.249326436470188","19.428376057007224","993.9337860727718","681.7238981845497","594.3989393803158","5094.548063463397","6544.903212474871","4237.224704375724","4025.5207430065516","6953.424796171953","6581.044129590878","275.93010422675167","10304.572845597788","8018.386985134153","2521.544533599128","1887.128033726232","2044.5071111335344","23492.924444378506","14690.854449341274","667.4315221606988","1922.3904048064558","7508.429880857404","773.8707701643125","84152.50202918338","59711.81196471554","19057.038176940016","17565.354240994046","112.35161119663677","126.13077066044467","1189.536182895827","1356.0146232109942","105.77269320112909","121.17300144409397","522.6834739442744","647.4841855931269","370.9881719994286","399.60848080319226","360.4028835388335","317.2012004936715","3490.1250408782344","2150.6349714139988","912.5532502433971","740.6470355271185","875.2285552135684","5250.943901515231","7199.24272092679","8435.159736648016","27665.365210277778","893.9980437255556","960.5434233515673","1073.5599860186735","85138.581831885","86437.15391276931","69036.92973012466","72274.19784590937","42224.144697918804","238.13057067911782","503.9134102524636","226.99766869396547","21069.901791651373","17003.243534083336","15158.471747488496","15860.027431228236","7269.393750306005","6908.201254888462","6470.092435244102","5958.1273611267825",
"FeNOMeasurement","24.249818580947657","19.71364659604495","993.8333065718489","681.7595746530593","594.5668102240315","5091.108519157581","6539.487202512028","4234.837583125501","4022.8375739659036","6950.5524086549085","6575.942167971159","275.64943678687723","10310.672508363868","7992.3306647137415","2516.2304266249544","1879.4868784966493","2040.8262369519518","23296.027454346888","14722.782597823389","666.0590947203608","1918.3282805171043","7496.613661248876","773.9349873111253","84085.99166907233","59676.79734819082","19045.967216608096","17563.69678953684","112.2534102732415","126.05877960473948","1188.7278129102567","1354.0614305927957","105.69486955611559","121.16974399442692","522.095465944381","646.1536502805262","370.73257750320784","399.31796759595835","360.18297549603415","316.9987253357933","3486.9151248658836","2149.4009835702045","911.7516830536152","740.2006834847349","875.425949618263","5245.227680693061","7196.711807221042","8431.340471551322","27695.97688051929","893.5829784351738","959.0843112497747","1070.3888370317732","85089.33564457392","86385.19608251685","69004.18926411704","72221.17232861834","42286.93989694875","237.97074042359733","503.60485833825214","226.8028673818298","21057.741845726174","16995.33088694405","15148.804467124784","15850.63238649954","7264.771111737384","6903.867811551314","6464.413479466867","5954.788770968578",
"FeNOMeasurement","24.250793288530605","19.410001882663174","993.6423356569159","682.3079206203004","595.4498759629766","5100.259796960279","6549.621651632982","4240.640979895412","4029.3691248957225","6959.70909552467","6586.503781436304","276.13015973472596","10361.331924502429","7992.97302559533","2528.020486137622","1884.0504473804203","2044.0349824199327","23279.460578804796","14699.088811460964","667.7652189781112","1920.8629527965713","7483.860025232462","775.102214518832","84241.92772772096","59775.582049694814","19084.104834701953","17589.769131506695","112.45243324706043","126.27709799439282","1187.5013056308355","1358.2962316671449","105.87630743712049","121.39121417315404","522.7190202393149","647.6131653650851","371.33764619133467","399.9934962800831","360.6569743370861","317.56359983514136","3494.334117222322","2152.800113049238","913.2657913105196","741.4549664727164","875.1391698730981","5238.272853911391","7209.076969971031","8444.735991309855","27704.980958323307","895.0443759514488","961.3793076196591","1071.3365312970332","85220.29764400904","86520.36131688209","69116.45783828288","72341.95294268397","42505.79471388264","238.4875168801055","503.7905888974609","227.14193789614205","21092.78499241893","17022.45751464302","15174.089311509057","15875.316898686717","7276.390588015265","6913.373417186741","6476.18783434939","5964.540555454739",
"FeNOMeasurement","24.235341531706215","19.351401131865675","993.9349863694265","686.0035895726925","597.614590436564","5126.192470841154","6582.637943327216","4262.424358221991","4049.3070527467526","6997.618430615336","6618.812259913357","277.54065766758833","10364.236069705723","8058.417942528703","2534.921293317035","1890.2273389014904","2055.925256422718","23483.133628298307","14859.8935866199","671.6342803589337","1932.2906546977376","7546.006652038912","778.6981455110465","84636.58421782796","60077.51381625736","19173.489287637134","17667.46540101103","113.00306382952371","126.89291926310976","1193.1515061895327","1368.2213051185256","106.39457929061295","121.96763048676304","525.7879387060713","650.9436595279237","373.2491913750153","401.9418854073412","362.602502046508","319.11179168459546","3510.579242603033","2163.4555132945998","917.4658437929731","744.9928847679586","879.1291210482256","5258.709399313234","7245.390958590906","8486.17483463723","27873.466198749575","899.344055172249","966.1141467843586","1077.4268475453268","85651.80621207278","86960.25165567052","69452.68519684071","72704.28728034528","43001.19679878762","239.57703709343937","507.09291124771534","228.35090876554574","21196.96969395907","17105.30480459759","15250.370737217809","15955.562397992688","7312.7908329063575","6947.358895758495","6508.971058826202","5993.535633002166",
"FeNOMeasurement","24.25932994474078","19.484720965907837","993.5061133417901","682.7460824975511","596.1643548307726","5110.902816963257","6563.937788637907","4250.258930712415","4038.164165142695","6978.342954852474","6600.5747229113695","276.8301799104992","10356.950162166013","8086.019680163578","2530.7019666041315","1894.1729047254596","2049.9567343593453","23330.785062335348","14824.716314319247","670.4375246520573","1927.302167378156","7534.583646569786","776.6617155817335","84411.47748809353","59909.042846851036","19128.883590878322","17622.46571864485","112.68048807989183","126.58748678677419","1192.0543733775357","1363.64221255579","106.10575706927033","121.63228981300618","524.1258715437948","649.3732608150302","372.1878361586527","400.923520788301","361.6745237424322","318.20608709270243","3502.36965237635","2157.8906000786424","915.2012277294804","742.9954820791039","876.4481079967426","5255.693246731304","7221.786720616184","8464.151223396495","27792.48050586339","897.0456163124958","964.0290905694147","1076.172904697718","85412.59812421729","86727.19031635227","69267.44545691683","72498.53246481593","43069.87530335328","238.9122683663542","504.9894647685221","227.60335051857163","21139.41291979533","17059.831901436948","15207.492162292443","15912.753235210763","7293.588807551176","6930.876716946121","6491.086981083729","5978.3225850956305",
"FeNOMeasurement","24.27695287684602","19.662248059895557","993.6236123726197","682.4599329814905","595.8328383159502","5105.20607747392","6557.425647598907","4246.389866231467","4033.233545250191","6969.533679883979","6591.948800776546","276.4616947583806","10348.087225849367","8013.70452311335","2524.723347444652","1886.0679009385192","2046.2958056500588","23498.325134170613","14806.50117626579","668.5296433816429","1929.6846762456828","7489.120444842138","775.6616170974924","84279.47086134984","59841.31884012788","19100.714443301924","17606.725862603453","112.5748775800039","126.37408955557308","1189.6153836848237","1359.2848125477333","105.95089594264192","121.4998843246279","523.2908432024908","648.6141436495072","371.73946002248596","400.41206783415225","361.15844274259325","317.8798499354334","3497.7726443203396","2155.255594388729","914.1529324503144","742.1304010976409","873.3319965074091","5268.080059810585","7215.36879067802","8453.319550336058","27692.429655491855","895.799982563196","961.602496329929","1073.8653562915736","85295.09613123265","86613.7954077186","69185.01591416857","72426.00517482677","42574.11737959547","238.6398517305733","504.865475698503","227.3335990779792","21114.14991781162","17038.072707286927","15190.20626634432","15893.009080436288","7283.385040870356","6922.269786423742","6482.587718320162","5970.2791749815815",
"FeNOMeasurement","24.276661843834393","19.48228271171478","993.8508195052367","683.6227516318273","595.8242696466721","5109.210283661231","6561.697057332099","4249.63648505494","4036.682141837327","6972.540507472222","6596.286931351985","276.90914739563885","10330.93725716348","8038.993284468855","2530.4437043861185","1893.3635423843507","2049.9852295856144","23539.551829755725","14674.484378039488","669.518703011738","1925.5007768465866","7513.656122439862","775.9495118130505","84360.77548167019","59886.29472976418","19112.408515725056","17610.796587243512","112.65948980297753","126.51775074966366","1190.499881201992","1362.4989220688312","106.07200851004464","121.5792024750724","523.9718484870178","649.035180887853","372.04648925266366","400.6917324315043","361.4318213825802","318.11064788079307","3500.220514925266","2157.0864127609534","914.9830285949772","742.6941939470366","876.684133593166","5246.280899060692","7218.894781722494","8458.638851281392","27818.34974590943","896.763990606286","963.4737542985099","1074.9313735903681","85375.80790740538","86681.57607753098","69233.41240544034","72469.91479588133","42530.22781488456","238.7925022460491","505.2486807405019","227.5368655679327","21130.361674468288","17052.12587568779","15201.044695376035","15905.66508884402","7288.902755570944","6927.66862127558","6487.725125611797","5975.297680683684",
"FeNOMeasurement","24.24792629471833","19.717987060104107","993.7390622592678","683.9151531527513","596.2824813261237","5114.202971462558","6568.027768354515","4252.473116148467","4040.3902638360746","6979.904670987681","6604.794273287356","276.7919082591111","10343.096826283756","8029.5840675399995","2532.6181644851117","1890.1993098142805","2052.892108966463","23235.38599515856","14737.968613330388","670.353627641839","1927.8135736502195","7535.763716491227","777.3558314777495","84469.69331588557","59937.04709893072","19130.03796913724","17641.20166221113","112.77519069030647","126.60097305640134","1193.2425378532246","1358.0489791911175","106.15306203412884","121.6642382292177","524.5452367766193","649.9518211814396","372.42610171786185","401.0072472720452","361.8316129720781","318.3963979446552","3503.9342853477806","2159.0929456436447","915.5837592358221","743.420490386055","876.5968127794325","5268.532554346392","7225.7548030066455","8467.291383359789","27817.442828989693","897.5610889925176","964.5040491467969","1078.5492282726984","85460.2127363676","86751.3277814554","69307.65620806022","72544.6292235974","42583.60318788397","239.0673831453794","505.82048158908333","227.7538953109148","21150.516105849292","17067.770219055965","15216.131893986174","15921.099461645861","7296.4879967873","6933.0488520811205","6493.141403487802","5981.23279931214",
"FeNOMeasurement","24.274221889917403","19.463788673362178","993.8694531613538","685.1624408143666","597.3277678302899","5119.434332196721","6574.790562010277","4257.502216686935","4044.016683985615","6985.821396898017","6610.907941637915","277.1214066373766","10368.900834767304","8032.272850456546","2534.542708515817","1894.0669953546296","2054.357730980801","23545.325247169978","14871.154540397092","670.7794246182048","1928.639053931444","7543.809464045646","778.5669959155542","84540.78780684489","59994.774854520976","19150.5260453468","17647.058532410574","112.87007280392626","126.71989544067284","1193.3975326767572","1364.8453152497436","106.23310184138235","121.85421150006052","525.0225425124322","650.4347758091642","372.6616192856673","401.5185872953529","362.04319390663784","318.6760726085245","3506.7496783751876","2161.0481413993157","916.4248006445464","744.0992508644051","879.2380324817094","5268.770807071791","7233.781578723858","8475.173643706335","27844.79284136125","898.1288483763792","965.6800565089976","1078.525721729542","85527.48300831301","86845.37604619096","69366.68927485928","72618.96802982772","42702.619119450326","239.29070800415772","506.225565330082","227.9443757210062","21167.55487271855","17082.916430623667","15231.476487772194","15934.77663471724","7303.501793870082","6939.070095557025","6500.247123898165","5986.4798825987145",
"FeNOMeasurement","24.271575351605048","19.726563763539293","993.7458604358351","685.1924004555079","598.4753560134969","5130.575026296539","6588.93820906442","4265.849668305146","4052.8449549268903","7001.83275649096","6625.556818276695","277.7512863388774","10401.993983428449","8054.3659899546865","2542.0282233473763","1897.3414089465173","2056.5016851258238","23472.291361219708","14874.55661144548","671.5109824368641","1934.1432125178512","7546.908922511414","779.6012339995245","84723.31184260162","60126.354088255044","19189.64339832178","17696.93397091447","113.0941532176062","127.0151760270352","1198.2359766832399","1366.1671388965033","106.49861960719599","122.05487757593373","526.6166894487859","652.1033269477279","373.56791615951954","402.29611840042736","362.86334735362595","319.2732212661949","3514.525026331564","2165.158087703902","918.5323081820205","745.766427883592","878.450465121781","5284.538839833286","7248.736571316169","8494.326813169997","27889.943527502663","900.0878112888764","967.2084118282103","1079.03806816621","85712.37467259055","87025.82925870085","69515.11126192685","72770.23260239026","42909.773192764296","239.71707073737727","507.350642619819","228.29860239231311","21216.32933614223","17121.87173612264","15263.337809018116","15970.611652135327","7318.536809349538","6954.324940863872","6514.704033273555","5999.062620787484",
"FeNOMeasurement","24.27283965082637","19.57170540903701","993.7898669539076","682.3388758862875","596.1267421418884","5108.958523715995","6561.484826309948","4248.0056361647285","4036.2860140768134","6973.180271967337","6595.095622486405","276.4694878603192","10313.175964345726","8065.79959415237","2534.90806764749","1885.4005899240983","2048.5420958072737","23756.075813746236","14807.80572752577","668.7826043266731","1931.8019071045783","7504.5435678417725","775.6993662575159","84343.39789636989","59872.09216071921","19109.018737238457","17613.580383194476","112.64314986287314","126.44330262466713","1188.9802359427167","1357.6168599336881","106.05200305214956","121.57788266110373","524.0177585867373","648.5071333483769","371.985912108045","400.6413568559821","361.4025896632049","318.02369444291867","3498.8649470586015","2156.0549523145514","914.773933445518","742.5476187719376","876.4800574193783","5248.584878377","7218.215419767832","8457.811065796837","27764.37817429936","896.3255956860124","962.4295622415505","1073.6709148548132","85340.71712250558","86661.58392434349","69217.03210579808","72455.96453445953","42636.00722613064","238.7732119354353","505.3106509854525","227.48198064556018","21124.409716093163","17047.478458263715","15198.193144084793","15900.184366352289","7287.731024033921","6924.862791179228","6485.936044879423","5973.683318428753",
"FeNOMeasurement","24.259028888209716","19.492541119743386","993.7810889845085","682.8128964514465","596.1946804494096","5112.625361348617","6565.929778683671","4250.761797514753","4039.3420981264962","6976.689375237296","6600.849509996338","276.9044779166632","10364.015469133297","8057.550224593739","2531.0463314560534","1895.2859109617696","2046.3766696405542","23337.94245942781","14753.460676438886","670.2167028996148","1927.8666070568481","7548.14198974413","777.2799876197115","84408.088187209","59927.18964471381","19121.2641200228","17618.14464442378","112.68352162379033","126.55363770650014","1195.278679096634","1358.7362195924063","106.09439275433606","121.65715389722368","524.216601633949","649.6843024115144","372.20294227341185","400.8869980458689","361.6924703333604","318.22631385132473","3501.807232184781","2157.936755413274","915.4853571629084","743.1320880130983","875.769577093301","5259.759928746701","7222.027833094018","8463.889627868442","27809.72699671803","897.0597410206612","962.7631854432992","1074.96412621187","85403.88908947329","86708.91659241545","69262.26820431376","72516.05657037391","42728.268642685725","238.86191113713062","505.0720473415324","227.68170368032602","21140.912981425285","17059.553697182404","15209.523124024088","15914.535494831644","7293.22015526163","6929.100865394634","6491.018998148678","5978.3245467679235",
"FeNOMeasurement","24.277978595164228","19.460709357204504","993.6216696133597","683.888115836701","597.0109038064206","5118.156128099967","6572.220013816171","4256.089921746843","4043.9857517949417","6986.067892669981","6609.861786195036","277.1444335354027","10346.921190451278","8075.056837202197","2534.1319471271377","1893.5928077088251","2053.666495471926","23412.976807607938","14811.852484298504","670.539251614528","1929.3617014921458","7531.552109712608","777.6731330465311","84485.3533979389","59988.81733945586","19145.70253810667","17650.009129832728","112.83496551024274","126.74005094710616","1196.4552211062685","1364.9280170524482","106.20702432357935","121.80545165474992","524.9962642927165","650.3555179967082","372.66071813383576","401.3644836967021","362.16467537725237","318.61638257395543","3505.4620456423045","2160.314454450628","916.7400818999815","743.8626259251674","880.467729653564","5267.740402226142","7232.917338530385","8472.781770400843","27830.21013117631","898.2352512652535","965.0097330390875","1078.6820903094003","85507.607896956","86815.9654302257","69350.6646061998","72600.39796780683","42779.68352546989","239.22903197049015","506.2005361192016","227.93882796903267","21164.364025287687","17080.646694230174","15225.698808784648","15931.010549013496","7301.712347021117","6938.254060476306","6499.522147070897","5985.119749983109",
"FeNOMeasurement","24.26173460822184","19.502863421864213","994.0387524360958","685.4259994997394","598.7452466784533","5131.115718781316","6589.8970105329145","4266.1942646114185","4053.821319003123","7004.446359444202","6623.837344424712","277.85130103973495","10405.66205033923","8054.740542463979","2540.2623649884645","1904.6145198688023","2056.5067673259596","23465.111859097844","14739.797079750026","672.7231229169065","1936.5724306648788","7548.478783896116","779.7114418832102","84738.8063704504","60139.429843624115","19195.539668498855","17694.693758656555","113.1046095404986","127.04968897691514","1198.262473914808","1369.0997331684537","106.51898677925057","122.06926570839802","525.9734651655142","652.2440843927291","373.59994585161326","402.35335990873364","362.9752870924452","319.4936394809873","3514.078813304632","2165.873721165629","918.6049218058243","745.9338557110701","880.5903150907026","5297.215396686271","7251.320255846715","8497.095405943532","27903.937289366775","900.3963877654085","966.1887839671172","1076.9180279640227","85726.23801221976","87065.26478281485","69531.88114218997","72789.48291390963","42629.004331280645","239.8625878719995","507.6670813100449","228.55482500497587","21222.209711645148","17125.904101707638","15266.244010754712","15973.547035268077","7319.829061918126","6956.76163409187","6516.481108393179","6000.156306390403",
"FeNOMeasurement","24.248158764446796","19.435516597535475","993.7903914890012","683.412885544418","595.7333671527338","5107.1589167247885","6559.448046831776","4247.142667828313","4034.950837500978","6971.907119663624","6594.8388984219855","276.63741806436974","10305.818480431983","8034.231039564211","2528.707978313473","1887.9886906480783","2046.846245902469","23739.954180869212","14716.729670568327","669.020437797183","1926.377996388854","7519.467069116174","775.9236465956109","84330.46031066029","59857.30318419659","19107.004876380855","17606.984054246852","112.596619893771","126.44188690931354","1190.2111094634843","1357.6580239501652","106.01993350087639","121.50753744594194","523.6372093961967","648.6583428794379","371.8890345298368","400.55293072575233","361.33671976038386","317.94774919113985","3499.6188644757203","2155.0987917315188","914.548844164494","742.5151980101266","877.5297026353647","5268.505406323","7215.953979585012","8456.149316567617","27748.879185824975","896.1913662367955","962.8835436119278","1075.3501310662477","85312.22724568976","86645.82369299077","69199.86133700998","72443.02399672818","42933.021861584515","238.76615202444316","504.99220680484467","227.48610081654098","21123.00441285379","17045.591552655198","15196.703766981227","15899.10182162237","7286.410116706016","6924.81503037086","6484.761118957831","5972.763004765477",
"FeNOMeasurement","24.266681305295837","19.678213903524696","993.7193486477547","682.3720991634837","593.9719299510506","5094.081120408858","6543.029818446205","4236.641575603365","4025.178405848683","6952.011607364035","6577.494344204476","275.80938449674096","10324.06113394052","8018.959003383578","2519.879726805971","1884.1300400612183","2047.6173248085843","23372.043792161407","14698.917090070301","667.3671716092621","1919.245801579106","7518.957512368665","774.4758493473978","84143.66424807506","59719.37438080136","19060.2824276339","17554.18867882651","112.32373269903184","126.09475771408032","1189.7372680289977","1354.4652946802119","105.78857245898192","121.23284343123152","522.4593786052297","646.743009745201","370.9449518406642","399.49863637828554","360.4369782286512","317.1278525888","3490.435958714143","2150.889276243873","912.3176831184179","740.5901688375981","873.641937236201","5238.533892138272","7196.700328406068","8434.546348995924","27691.42011110172","894.07919254862","959.752763752371","1074.0758312822077","85117.54007591048","86412.76597584049","69037.16245014506","72269.29969913994","42398.142909899005","238.0915166786474","503.7088576137899","226.85832273041441","21069.891770363916","17003.2506177242","15157.003751893664","15860.17120066887","7268.6235592537405","6907.214019912361","6468.848352437629","5957.98992633469",
"FeNOMeasurement","24.261374278767946","19.428418917119128","993.600478936823","682.7434194025776","596.1274970524214","5111.708068891924","6563.283569936753","4249.851277082438","4038.0318613579702","6976.519123855005","6598.607120355363","276.81433005235004","10336.416849943887","8043.2783044058615","2531.2674796250853","1891.4193216863355","2052.526132434021","23585.03073965928","14782.830862621564","669.5728361149405","1924.9633645856868","7515.108991521056","776.4629178588048","84383.90116257047","59906.71669099811","19114.365813757355","17624.502978732133","112.66511899378634","126.55206328452834","1190.9585283583135","1359.2397649265113","106.11614778281721","121.63999200500848","523.9808088914822","648.7333945384246","372.1417112818483","400.8803325142317","361.50414425260806","318.2545805088166","3502.145985902116","2157.57755028707","915.1276795467127","743.0167122767845","875.6875116325468","5265.910355072405","7222.143307881497","8462.856161128726","27771.95041058195","896.83849884841","962.9292143970401","1074.6690867088457","85403.56014497367","86705.91940790316","69260.68367067508","72501.24534168857","42934.690340368","238.87131334726772","505.7879285081525","227.68757414217393","21138.12004472605","17059.973906815107","15206.748436651122","15910.325023841795","7291.479966461112","6927.745814848158","6489.788991820655","5976.785782720745",
"FeNOMeasurement","24.262736607687188","19.568915121841346","993.7667739650415","682.7660523457832","596.0846361031491","5110.177663227001","6563.76694185708","4250.108573604001","4037.3938776885634","6975.187226762439","6598.283898714119","276.584433299643","10360.506807654961","8042.250934782605","2528.672918384933","1893.4915087064135","2052.839932717243","23301.197788788377","14654.202706332308","669.3749207838371","1929.3315457502692","7513.082435737845","777.1026514735373","84375.12383670549","59901.426857244725","19118.263770386013","17616.19735826996","112.61880823088336","126.53361780979907","1191.8198260762858","1357.4674203552643","106.08975114142264","121.55599682307485","523.7111901065459","649.0082152670424","372.07462467434345","400.7374866720181","361.4546717585326","318.10822796183265","3501.048015752808","2157.0062787836114","914.8871802588858","742.8351279135749","878.1954861454443","5264.165089979357","7221.355523520033","8461.059397860843","27722.258825679684","896.6474100678208","963.4409409517251","1077.2646919859283","85396.75036992764","86669.64938605888","69250.29768890004","72497.37572810406","42934.01275831647","238.89345298784843","504.80277996604394","227.5260405382349","21133.181247030894","17055.023181078956","15205.21347254225","15906.910408985084","7290.612527448056","6928.13823427916","6490.234561373981","5975.958848952208",
"FeNOMeasurement","24.24263806801344","19.401071505625765","993.6482738621609","687.1484533393527","599.6978109221338","5141.938934470604","6605.302019291481","4276.624161926344","4062.9193985162906","7017.548941628396","6641.616921477949","278.59453486074057","10406.845093522197","8063.5899804392775","2543.3617413294014","1901.3573214554178","2064.0490995200116","23746.989741488196","14922.383867099876","673.7529843386958","1939.6326648868196","7578.082460885065","781.6538303989778","84939.69144819185","60283.895409964534","19242.60512426327","17729.933840193284","113.3985600591128","127.31291020142154","1201.1152614860275","1371.5889392841093","106.73729766930833","122.35247791929898","526.6200972940915","652.8660450273624","374.45362086841817","403.28247271832305","363.7931926418744","320.1454104270236","3523.1297108750596","2170.5292733499623","921.0241526249761","747.6004238144394","881.358459043777","5293.240190510631","7262.222521935179","8513.680358493635","27941.534649428257","902.3318630036654","970.125210567918","1084.339585893318","85929.5350649777","87227.43933962884","69683.52702617823","72936.3916154305","43103.74528955449","240.38471100861534","508.05690728374105","229.0386609082074","21267.7795084132","17162.41262911061","15300.25693780411","16008.29312225677","7337.2042693501335","6970.60762669838","6529.765729074447","6013.786663043785",
"FeNOMeasurement","24.255947784291262","19.542459433603486","993.8507533259066","683.7738142392673","595.9322887442992","5112.5934081643","6568.2665150824705","4252.485303115082","4039.83293073292","6977.625563434736","6602.998720841415","276.6169219280608","10355.357260803376","8068.396374421811","2531.6707308043165","1895.2038012695612","2053.5684643138384","23654.62408256695","14814.223397685115","669.982668558014","1929.4034299490356","7524.465966342009","776.604987000431","84443.88075235723","59940.58397907751","19132.373898843165","17638.76693467953","112.73499026091565","126.6143713136704","1193.5726548270864","1360.76089137367","106.16704176109663","121.6884053798078","524.0987202301649","649.8284335670137","372.30375069522177","400.9972883856813","361.76222127044133","318.4250156786821","3503.2493390019295","2158.4368558448978","915.867407377945","743.3138223747865","877.0438095026667","5273.401707587281","7227.038990664739","8467.362687416735","27787.68980956074","897.3661082193044","961.6455640295833","1076.3402135563933","85435.50300458286","86750.43970168763","69296.37591023587","72526.76739406759","42315.73134330991","238.97444813952805","505.19938736802084","227.62201433352843","21147.64137260143","17064.731887446218","15213.904310340928","15918.685886789537","7295.403824505848","6933.143067541013","6494.079855593815","5979.824025601916",
"FeNOMeasurement","24.25616592002038","19.54940677900939","993.810343836539","684.8474933874137","598.0770397990442","5125.464309754386","6582.547287417249","4262.00905102715","4049.269907515156","6996.296542988243","6615.164441156581","277.5134273317629","10364.295823122739","8059.905591824544","2539.429659742877","1891.196379185903","2053.3451820354603","23641.467946512883","14789.742686129815","671.4149045311796","1933.267908734429","7572.347681089653","778.9853540564065","84645.54639915559","60084.221370804305","19171.407420129734","17672.81662517206","112.99023631936583","126.89604002247209","1195.130384752823","1362.0432651902236","106.39211269418436","121.96045594653363","525.4500464544736","651.2069996100975","373.16655423817497","401.9618155009349","362.563729279271","319.06218632033745","3511.3677101287635","2163.059362923674","917.7104129206408","744.9967365287259","880.3410681228601","5281.973857462809","7243.571353544778","8485.045332851629","27801.210433369364","899.4709686927532","966.4769432860433","1077.2094180052338","85631.63870670382","86945.33171886769","69459.26734725523","72704.05673595141","42712.01132976353","239.56846191630575","506.5870353864426","228.29688138236838","21196.926117619012","17105.34497913091","15250.3949153956","15955.984854180662","7311.554017764161","6948.721563937685","6508.8681658655","5994.183573614002",
"FeNOMeasurement","24.222575112290173","19.523438243303445","993.9241045060702","684.0407003210325","597.2067162486414","5119.482912454011","6575.779734293919","4257.839938421078","4045.799555638681","6986.749714827908","6609.425780551923","277.2090104663497","10368.840647704259","8040.617375113831","2531.562863438381","1887.7411216450148","2053.490205400346","23375.647509096485","14709.726231925606","671.0486855365292","1930.133690702492","7534.485928861807","778.2722712167038","84537.1863525528","60012.04503007986","19156.296443117408","17656.68559927949","112.86703082825032","126.75795613466872","1195.770722641716","1363.0991072672448","106.27562651879194","121.81762908422925","524.9655919616015","650.2888092010027","372.80101724557863","401.47249197501594","362.12621731268536","318.72800219052056","3507.2455797352477","2161.4838979947626","916.7046775106804","744.3275655225306","879.7834369985758","5263.2680012433975","7235.984849644781","8476.442469671887","27784.70542635032","898.5268151638263","964.3550508287666","1078.2187293964068","85554.57679621679","86861.66770737305","69390.21494733055","72609.83692274656","42571.750672007445","239.3227548783793","506.62303144147165","227.97780727496476","21175.43742029325","17086.103441387677","15234.40125254913","15937.661190688314","7305.2297003182875","6940.714875120923","6501.855230762495","5986.732672871275",
"FeNOMeasurement","24.280116656629396","19.65919955283739","993.6806115175037","679.3133933403533","594.0444934246409","5089.971873555788","6537.123377699828","4233.206794781228","4021.6623035312564","6950.0395641299","6572.020201119976","275.6980036537953","10318.587581188842","8023.156460387281","2520.214882326963","1881.9551909838017","2045.55665916964","23388.672534360474","14676.8768898484","668.0903163842224","1923.3191685884053","7480.479919776973","773.5513240963531","84042.24543161785","59662.78243203138","19046.450512614134","17551.665015809955","112.23547449151941","126.03123027792557","1184.678310983148","1361.634407956395","105.66244238219313","121.14891641141685","521.8160698947489","647.0238689513432","370.63549343814753","399.199177510796","360.04628362547214","316.93591343462634","3487.1469522550938","2148.3179379000344","911.6073950851463","739.9967308061848","874.4136104805498","5226.273570705207","7191.268683511509","8427.927449261075","27634.825339470553","893.1640338441322","959.1735459242838","1068.9034954084718","85036.87270444952","86367.57306503698","68975.77211874576","72200.89631509254","42484.922305178596","237.87482346347744","503.64144281564046","226.88804090929784","21050.85749683618","16988.068650068555","15145.506533832353","15846.784945448095","7261.392503568563","6901.724334555627","6464.334584999049","5952.907112848414",
"FeNOMeasurement","24.285710435259663","19.76971691508557","993.914651577066","684.4582420719389","597.0549704020638","5112.415252218418","6567.068786866373","4252.365396003639","4040.291239921692","6978.427690647047","6602.346090308991","276.6651632840154","10402.96615518733","8044.501081671884","2530.271324978063","1890.0032572207974","2052.454911181502","23505.727756240252","14813.117496038647","669.3966984513773","1927.2437143274756","7512.985813020229","777.2115597150672","84444.33354060426","59918.2166811852","19125.894325407575","17637.865974715583","112.76636888524739","126.57291327327742","1192.7562600691022","1365.6172664793767","106.12855514344291","121.64689348999491","523.598498217564","650.1272632109951","372.25223341036263","401.01578064174026","361.70002845852053","318.2577813857269","3502.3558036066624","2158.5360995381134","915.2254639591304","743.2920788801302","878.3507507243212","5254.350840641964","7227.7947769378925","8465.290620822463","27777.371546603204","897.3104992227819","964.1403937773185","1075.399241242924","85439.44680062233","86755.4329761675","69281.37695322625","72522.51412420672","42494.91710649193","239.01044221750786","505.2012573163869","227.57034133330362","21146.428449639636","17063.750353764375","15212.735765528509","15916.016091615673","7294.882890035102","6930.793081462211","6491.2179850499715","5979.809362238513",
"FeNOMeasurement","24.211080811852614","19.655768659036326","993.6080147962406","684.1627390663224","597.1700723214378","5122.984024768612","6578.364586515462","4259.978462405274","4047.2653665966513","6991.864498120087","6614.189452944053","277.3686077681327","10347.595842098277","8061.401485317486","2534.956598542705","1889.2027405794142","2055.0247782183733","23297.016306176924","14802.482101366584","671.5436405845147","1929.2687003746257","7539.175403234904","778.8565979362543","84592.44325091035","60028.54899687136","19167.301413197758","17671.274078767237","112.9375227970472","126.81507390982118","1195.8387648435605","1366.3508295154406","106.32125822841328","121.86508158148098","525.2011194437778","651.295710477304","373.0094235313028","401.7997064592359","362.3606926688616","318.8915087669938","3509.9700929429687","2162.746099508429","917.349218188266","744.7128390349867","878.2087267787831","5268.336464436475","7238.5265848666395","8481.584101846563","27845.041004154744","899.1761860331501","965.2450721240396","1080.0544470830198","85590.63397357771","86883.34243452009","69417.51772916666","72663.67071309948","42928.35032071419","239.46551628328115","506.73510907448343","228.07145050110876","21185.90202903068","17097.091981115536","15241.922426688325","15947.873820939527","7307.9917822067055","6946.210685907513","6504.223857442387","5990.514673415905",
"FeNOMeasurement","24.271269303593396","19.473162190135028","993.7506752092979","682.283453333338","595.0796662162455","5101.249157785931","6550.473301870985","4240.32063094818","4029.465912963931","6962.344020663143","6586.40663095077","276.031672875155","10335.077684499127","8022.896012410694","2523.623731615744","1884.2711529228059","2047.7185135031684","23433.93364228841","14685.63663314464","668.0550009618504","1919.064825105186","7497.199076936422","774.4426387521082","84219.21850097644","59771.90960276144","19083.429133279256","17590.547658773714","112.44885569057848","126.22408113957061","1189.962962655705","1358.5819756613712","105.8812262593797","121.38206991115318","522.6479239310271","647.796364116994","371.3536888942549","400.03227923600434","360.90903125360705","317.49111063956326","3493.2292994266186","2153.0736576702875","913.1800503571219","741.4228256459755","875.4097008225996","5254.647568553661","7206.939248893872","8444.499679531476","27735.71530044336","894.8823555015501","961.3916329985339","1073.248495578285","85220.610832089","86541.47161046608","69113.51788422778","72347.89968943605","42519.407530489305","238.4700581686661","504.681934616459","227.05034796116894","21092.27451965536","17021.17322042229","15174.768445070722","15877.25010125186","7276.399398432048","6913.627170093414","6475.732338141777","5964.700001632508",
"FeNOMeasurement","24.230575559481515","19.527710992420136","993.8221211435546","680.0312907463664","593.4869761188837","5092.444317780287","6539.6783319184","4233.821962047729","4023.029390019303","6950.021640539287","6572.965523477945","275.7275554670571","10303.712427376826","8002.25218253183","2522.014658105488","1887.859313409913","2046.0221079796004","23694.543874616164","14647.89220431433","667.1869947526524","1920.9135271489183","7512.055440275037","773.9397490060119","84091.97604953362","59688.69856679045","19045.173597716275","17564.850754880394","112.22592525106106","126.06766376491939","1184.7112999458172","1356.5001561771448","105.75116327068218","121.16579085288681","522.3959677325977","646.5600375377759","370.7800279317922","399.3310692938304","360.18326661345947","316.9988885645017","3486.8607581390334","2149.2464625103066","911.7911710452544","740.1397803682846","872.4594187212014","5239.942022057282","7194.744431886587","8430.677073298866","27649.971537885544","893.5590632934095","959.5257862149679","1069.6054938553616","85075.18890152988","86373.95591589238","69002.34450299348","72220.70296916412","42637.85510832256","238.03466867696946","503.20318369863537","226.75373399720857","21058.306484399844","16992.686099214137","15149.47867096578","15851.19357132149","7264.443847964548","6901.912092719069","6465.086573275777","5954.054975343372",
"FeNOMeasurement","24.25549179742838","19.5736526645661","993.7911769151675","684.2961110461458","596.9203773774511","5120.390013067334","6576.655586064176","4257.889054114984","4045.044502100224","6988.9640003156965","6612.452873141049","277.2639156362561","10371.237436108508","8042.136142280644","2537.0021772404384","1891.1222799859074","2055.846801001385","23751.051808369255","14789.020324428888","671.0939337514158","1931.986697975844","7548.265546047303","778.5662499486339","84568.59552877268","60017.442481191174","19157.05302512666","17657.491087082693","112.87827961926575","126.77097382631428","1195.4290166705744","1363.567933835011","106.31390470367616","121.82078374818025","524.8525915306989","650.7930035072583","372.8099940872628","401.5940168930484","362.35585616581284","318.78522335977624","3507.5427958076743","2161.4599592190643","916.8294652009005","744.4324815694304","877.8705820323083","5281.67324498938","7232.212667330955","8478.388344194113","27788.508643762514","898.498909670425","966.1225776485614","1074.5715639862","85553.19260495753","86867.78938175601","69385.10678991639","72634.54314630895","42431.466710338755","239.32893118225624","506.56664528400984","228.1860839484701","21176.89085372779","17089.559675484128","15234.94954429497","15940.106177364169","7305.36121878759","6941.693003528172","6501.897811487166","5987.890809191197",
"FeNOMeasurement","24.24270535271865","19.440089131581203","993.7102308315546","684.4056482403091","596.8723601275514","5115.983632161204","6571.585775702224","4255.024857206198","4041.236545962817","6982.605728887753","6603.36452437582","276.98765692884996","10341.425350182277","8048.584985475115","2536.7065835319877","1890.1990485691929","2052.365515619686","23353.777015843825","14770.823332851242","670.3436826884115","1925.7075442493012","7558.0243955517635","777.3109657813054","84487.04099811491","59969.046243239354","19137.315498268432","17633.22983213336","112.78851903244698","126.68309566124815","1192.1384091520545","1364.4776459793486","106.19769194684172","121.73460561023336","524.1989678967866","650.1402034876415","372.49434193515697","401.2424242386303","361.90377666215966","318.5003342169843","3505.3598268200985","2159.3914526504805","916.1567837988537","743.6671480855074","878.3642502620146","5280.669273499054","7229.764926316857","8470.161038235869","27787.32084128059","897.6399329885456","964.3853280118958","1077.7625014307937","85477.5455012661","86788.14199326906","69328.58100279729","72571.55551748039","42775.325903436606","239.11402679148938","505.73546031383916","227.75550078127213","21158.035264226906","17073.642598642058","15222.484165331067","15927.03251336572","7297.424810341792","6935.796153355665","6495.426738869565","5983.148739246864",
"FeNOMeasurement","24.262241696099647","19.454394655174667","994.2322144206785","685.3398993064417","597.8911651390953","5124.821991199017","6582.613167765319","4261.997774274557","4049.0896697343646","6994.8442635132105","6618.952975541406","277.5324896565383","10390.670875486612","8080.126794256484","2536.7670469605187","1893.2501329686042","2053.1574797593444","23607.354136070237","14827.491163280738","671.7148896524549","1931.9447791133575","7545.558359588426","778.5697960903989","84638.96140756398","60079.733199134265","19171.217143305323","17670.77970650076","113.02118900546579","126.90298705520534","1194.2094580514777","1365.2462003368887","106.36516087142188","121.96196794611468","525.5913354460822","651.0405659176047","373.138472545873","401.940623091246","362.55880651870996","319.063503784024","3510.506961620274","2163.484302396911","917.6622033733374","744.9872734194978","878.0394577223775","5275.20617030136","7239.429934697888","8485.53327942386","27853.151021641792","899.370909840027","966.751853707819","1078.268129001318","85626.90453724441","86940.12879018088","69452.51862956739","72702.70803468947","42766.551958078344","239.52668383594647","506.2719133054202","228.13848870136138","21198.21724325206","17105.683175461636","15249.564019907592","15954.756996471839","7311.583942779559","6948.228219311082","6508.140634037229","5993.418103558991",
"FeNOMeasurement","24.255257678997836","19.59919779481693","993.8387356326242","681.9072347943174","596.2004868705689","5109.74645497952","6561.014120667221","4248.689795742109","4036.8088551231335","6974.568888725794","6597.2315231251905","276.647171018732","10307.108587765435","8055.95606710678","2530.385552035455","1889.327013684792","2052.206064367241","23402.159746517613","14735.810401338103","668.746484118073","1928.1274562131237","7526.883172658964","776.4169553908756","84353.2963633398","59878.92559422757","19105.79205359279","17624.649245440294","112.63565210674439","126.48919773669479","1190.9872411393608","1360.987155392305","106.06235968821227","121.54520858245876","523.7215528805541","649.0782887834993","372.02655541468994","400.66434218195616","361.42610730488366","318.04884489312064","3499.790206796126","2156.9455772706306","914.9317942266345","742.7191150658658","875.6561632486303","5256.275809618447","7220.463009034224","8457.792780988868","27763.430524515396","896.7338662892048","961.3194518737765","1076.7210656083316","85363.20297176084","86664.28364972385","69238.0540255382","72473.97087488035","42688.19210338888","238.79529873404854","504.89687253364326","227.47494308877327","21130.702510585874","17052.597213505633","15200.982034454195","15904.754266162368","7289.118322562847","6928.673102196908","6487.802806121413","5975.005070673622",
"FeNOMeasurement","24.257063998943426","19.641165319329723","993.9568590415255","682.1332952009296","594.4992027909445","5097.5379929160445","6545.682782180961","4239.192477224999","4027.0879127943563","6958.051614979265","6582.203722934112","276.04559094540093","10355.511717361052","8041.621649955598","2528.874646388396","1885.5676650732535","2043.9627202259796","23600.85886214939","14669.057920586703","667.4193140950324","1922.8385684839473","7516.6011210527095","774.7897488935254","84171.55920761172","59746.97978326186","19068.453485134636","17573.82518975787","112.4117399828406","126.18671184911479","1189.3643359421394","1359.4115120624792","105.77623521598063","121.26552301583222","522.4281765792616","646.6230779249181","371.125096629622","399.7183218602694","360.617602736523","317.3891558948769","3491.5278810474024","2152.0244074049497","912.4796672557358","740.9523489267949","874.5083280253644","5258.781411410879","7203.064296451437","8439.456074767571","27734.500794184278","894.3524135642983","960.266416811032","1072.1185156593608","85175.54449338642","86457.05132614997","69065.69742424678","72289.56940640976","42383.189029019704","238.15913133304596","504.27322573915836","226.98629217511262","21077.557742655135","17009.281186193697","15165.122856714805","15866.05016870587","7271.609681443654","6909.155036213451","6474.721223143869","5959.7758965249095",
"FeNOMeasurement","24.263976902220843","19.393925530334343","993.7043126191696","685.5391122871945","598.68286250601","5128.706483010173","6585.409654166705","4264.618476509867","4052.1961852238774","7000.520315785589","6622.057359534783","277.5597213757137","10369.870585515137","8039.507597305116","2540.2092161608343","1893.8207763244936","2060.901714492556","23319.363320935503","14899.69978184559","671.689245369626","1935.7719957540976","7554.120188196143","779.64846262952","84696.33393818405","60102.1476657966","19184.121610515147","17681.416456237625","113.06880969181336","126.97854381945916","1195.39364980981","1364.8959130315473","106.49685695719943","122.04346747104704","525.7626190969751","651.3190667246065","373.3960584045748","402.15836841061093","362.6986802744558","319.22119517076874","3511.925125536677","2164.586690693773","918.2359552550698","745.461277917381","880.7229192968733","5277.798464052508","7246.095161699388","8489.87950626472","27887.56966392056","900.1444959283743","966.721694142623","1080.0743257008814","85689.56495555106","87010.97822756798","69491.49016766167","72739.86279994813","42962.877631522184","239.69803670778373","506.71300929559413","228.4006207005176","21208.24596878901","17115.430509957798","15257.623131343738","15963.652348903805","7316.345117078077","6952.2702051405495","6511.174586507297","5996.98811027763",
"FeNOMeasurement","24.254642035293333","19.517460643197914","993.5543572223902","684.585820562798","598.1611939993794","5126.137724830776","6582.128827101121","4262.122218026532","4049.203470622156","6995.533294540799","6616.303796409537","277.37516807840865","10348.873210696256","8094.669860707176","2538.5933629150563","1898.6750663735086","2057.048477323638","23589.288170774602","14840.277213860378","671.6395560364205","1934.5293169603515","7551.945466584295","778.8858202252262","84624.76152809389","60065.913042665714","19172.23361883708","17678.89986190468","112.99623259206435","126.89266690592959","1194.1479738857145","1366.7257865628135","106.37717068507317","121.96320931278818","525.2933602043189","650.1684604965018","373.1392167852486","401.97351048407194","362.46092422976426","319.0520243268764","3510.726578639646","2163.0342286707123","917.5360853606403","745.0721455493346","880.0032582158765","5286.481650353379","7243.70328506794","8485.485715219445","27845.364606805186","899.2234852889195","965.4450909189106","1079.7336324045837","85624.78397555271","86939.10861601797","69443.04371325986","72693.66304030923","42448.357083189454","239.52115050531643","506.65799570072534","228.2509335939162","21193.86209964523","17104.322876451813","15248.709531153294","15952.50606217274","7311.494351864306","6948.189242041262","6507.687148973197","5993.6993495294955",
"FeNOMeasurement","24.27341319853594","19.39535697858659","993.7301512808376","682.715374003124","597.3587707342242","5119.052961128121","6575.14771510223","4257.014290747743","4044.090454794127","6985.8239888506805","6609.101345978189","277.1934034748575","10362.31096985768","8034.854272776839","2532.846203038063","1888.596498946154","2052.329476554358","23622.431650480426","14725.459953000283","670.8407822622215","1931.1193848412474","7514.649642100398","778.1142004267531","84566.77709202026","59995.9678507761","19147.322433255802","17643.491608406188","112.86594112503403","126.76496051205055","1193.7563030050196","1362.0300778398894","106.24422210901298","121.81195835481259","524.5933861797974","650.456237746023","372.74937589287526","401.4563931796839","362.1587300825111","318.64305369626044","3506.5502176322143","2161.226218234743","916.539667713967","744.1907494409897","880.6734054107055","5282.065963430847","7234.5018786615365","8474.110911335427","27820.48891328407","898.2582229399619","966.1924332676757","1077.4582267524675","85527.39466470698","86822.62171881356","69363.38223125518","72602.9147819166","42494.99729476041","239.23690878615383","506.4263993149851","228.00529228796643","21168.91319068662","17084.7292974624","15230.518782052555","15934.319267333427","7302.620325294193","6939.339512485054","6501.091016622399","5986.01808641468",
"FeNOMeasurement","24.26752934442751","19.725182283894753","993.8631943222665","684.0911276978651","596.9749141377766","5116.698050991397","6571.541540424073","4256.019421382275","4043.507303915326","6984.281995687255","6608.035560503111","277.0791579229077","10359.642625852564","8043.2532563474515","2537.036620120282","1885.7307512044545","2052.281746968442","23711.400717843746","14857.740263824453","670.3436700179853","1931.0090029896555","7554.679995824799","777.64183511244","84513.06756894286","59981.51043424689","19142.492789543052","17652.2908687052","112.79821213571883","126.68212760285935","1193.1178568336625","1361.5221128657727","106.21594712600775","121.75558989182382","524.7120971284043","649.9804975135523","372.6232084369761","401.2859582145094","361.95434471376535","318.5711372282127","3506.0181228605366","2159.8542640709293","916.188311014968","743.9180804131472","877.3338860958648","5264.529376638153","7229.846043551566","8472.067031930277","27814.991219558236","897.7602591712947","963.9393371223246","1080.0377403387324","85490.74632028636","86817.94471834139","69342.42938065679","72574.6622381089","42908.27646229707","239.14629744281487","505.5628679043288","227.75678732467625","21163.6769903632","17078.743356899577","15225.575988921893","15929.683579468985","7301.795023963609","6936.273088232863","6499.247450955956","5984.981223325813",
"FeNOMeasurement","24.260293621082234","19.52709466124072","993.949229358251","686.3177470791775","598.4640115069834","5129.385372583659","6586.5593398900755","4264.651699755273","4052.2250409823664","7000.651878176074","6621.567328432102","277.85162996658266","10359.319631000695","8041.308449248856","2540.5480738063716","1896.428157229213","2055.8427022526116","23870.19742314446","14815.687020596066","671.8830463415184","1936.6009689831408","7523.73703988293","779.6091960169822","84729.46859396237","60121.11632948674","19188.402806784412","17688.74634541515","113.10502627511472","126.98958386904353","1193.0987461883376","1366.1184858019224","106.48118811032067","122.01273251631262","526.0258664683085","651.5836427313691","373.4930880395676","402.27494620830277","362.90258912711505","319.30443624734033","3513.321045200304","2164.590812821598","918.4232027488562","745.6378375600857","879.360147575425","5279.424620375563","7246.040128637884","8491.168521816813","27858.68589788119","900.0974796081722","966.638266705616","1077.9720391781693","85700.83084252512","87004.76738025533","69498.49055733827","72752.87555069757","42582.52869179192","239.74894124167912","507.2722526381568","228.49798428020065","21213.896266658972","17118.170937372557","15261.321942776123","15966.458970952437","7318.798161963075","6953.888057050922","6512.037364621384","5998.007452177292",
"FeNOMeasurement","24.267395324258136","19.526126259001444","993.841761267138","684.5074411929379","597.6429258641116","5118.80125947876","6575.581573141407","4256.885356945633","4043.806358401804","6986.193134850894","6609.972383198169","277.25022412013203","10340.44073738669","8033.771784499081","2535.087900249623","1891.6751155097375","2052.894746675324","23411.724275464323","14767.746749679962","670.393524695849","1931.555072469796","7558.617139293444","778.1409415289429","84526.48530700497","59989.21407260198","19146.903288272057","17666.854462969004","112.85934725301858","126.70606132462561","1190.5710729804002","1361.3960985181714","106.25080780741102","121.82937529021773","525.015362156963","650.7822874364169","372.73588439445035","401.478852353046","362.0705485792596","318.7166473651271","3506.3966485515994","2160.642923850107","916.6693198486323","744.1098635482861","879.6733526119932","5260.2442998250135","7231.08203049785","8474.827071989585","27837.274312996007","898.3213461544707","964.2331732000232","1077.4564534269246","85534.92772413","86848.49252621195","69361.03859121392","72610.20629498518","42716.00136324811","239.21444497925242","505.6747076225501","227.7810651575301","21170.632720999285","17085.89096118247","15230.843204619394","15935.734653911602","7303.175081165149","6938.976062269304","6501.021666420454","5986.314321172092",
"FeNOMeasurement","24.24930221490764","19.66613885226984","993.5388304548194","684.2441091046046","597.375484433971","5124.263002942165","6581.584705844816","4260.35567721449","4048.076401261395","6992.262906227922","6616.871101833269","277.29135341411535","10403.22467796469","8063.086353614186","2538.4165609435017","1893.2378828505512","2054.8048959394573","23361.045430510385","14858.115983674252","669.7481269806107","1932.9851035778627","7552.5545139777605","778.7177421127911","84635.86652903279","60045.834543949444","19161.196225729327","17666.820763362044","112.94776016494927","126.8768404817747","1192.7779846795597","1364.3382833258293","106.33392516599775","121.89667014837822","525.4844512729321","650.8386099473397","372.9888035686513","401.7749916110281","362.44304199250274","318.97601487895986","3509.8343296614944","2162.925056518451","917.2537339802913","744.7584477340108","879.0851330385146","5281.691796659705","7240.094916807834","8482.915372583335","27864.142095851406","899.0570618631924","966.2527474721278","1079.2259968935793","85600.71177740229","86927.8752129853","69430.31506144087","72673.74693028153","42722.98508996704","239.4735482587179","506.49436523772107","228.19686831537615","21189.164631742875","17099.941580803472","15243.589444632025","15950.546777541898","7310.169327452367","6945.105343352108","6504.766332690838","5991.547033504183",
"FeNOMeasurement","24.260525115538478","19.47959755573019","993.7908541501495","683.7230445609299","596.0467632249879","5110.713121420963","6565.376189332737","4250.725968432757","4037.7961562051937","6976.333903337678","6598.235390027125","276.69391821827503","10364.511373550235","8060.703153146072","2531.8245552542016","1881.377928761953","2048.3687478200036","23240.593203844568","14666.637418645349","669.8058306971197","1927.6015083974185","7506.149470291546","776.9131463463414","84416.40131325122","59900.315214190625","19120.071546331143","17628.834503735106","112.69413486013097","126.53217872781747","1192.0437969578911","1359.8887132210311","106.11543109917965","121.60253770216212","523.9336837542435","649.2082334126133","372.09982593937355","400.7616741928841","361.5649070770345","318.1320962861777","3500.028920636401","2157.2640333077256","915.0259944299474","742.9862571927978","877.3468756877925","5265.3858666150245","7222.408558597593","8462.367263072227","27807.369491180023","896.8342570585932","962.4153850489838","1073.794276821361","85398.62933120271","86690.2447454188","69256.91628958029","72507.55957405208","42381.70332811316","238.91043029340707","505.5203997380701","227.57238791935163","21137.957484575007","17057.30240535491","15205.654847046979","15909.336883913596","7290.796267940057","6929.1707224592765","6490.611662100675","5976.7171816067985",
"FeNOMeasurement","24.244769928153097","19.494733207346457","993.7524721972628","685.9484016102826","599.138891112258","5136.198124871232","6597.005596640278","4270.955033229","4058.3025170175297","7009.948090433712","6630.315044690612","277.915117840946","10383.66202744048","8069.906870738757","2544.0632053803465","1903.1396676416973","2058.307706872923","23763.994068402295","14865.820614485358","673.266618293435","1938.4613430155384","7574.647619669275","780.444271661237","84825.73091970071","60197.96715835127","19213.194588623923","17710.272871112982","113.23857006507467","127.17659804328798","1197.5035049199541","1367.0317192760945","106.62116773402637","122.21209611845072","526.4368626071785","652.8617349973035","373.97509780942","402.8076744067189","363.31608002820906","319.6869480093103","3519.083561175752","2168.3356972084175","919.8027740471733","746.5407504319733","880.1766955093113","5292.338007989516","7257.52258230814","8502.105083213713","27894.047851552103","901.3045913627293","969.6532291887268","1082.6880366439807","85819.23223452539","87137.30414591885","69592.90140996149","72873.09152894992","42845.784737261936","240.01571764252606","507.7328305461417","228.74912897349856","21240.762453895473","17141.49727092981","15280.943475236729","15988.106659796009","7328.667412975248","6964.157759151941","6521.654149049037","6006.106486985944",
"FeNOMeasurement","24.2556156826867","19.6562076123945","993.6650393004533","685.598561369544","598.0057976581095","5125.798273033778","6582.319716547643","4261.275483944304","4049.5878844056892","6994.021952362744","6617.42691415812","277.6165198993602","10347.064192563894","8049.7357069834825","2533.4315317722867","1897.0196936145385","2055.261939678008","23551.582973166514","14725.176951722955","671.2830256376133","1932.7942980811622","7555.755077651195","778.6231905737152","84637.17336022224","60084.10211127503","19176.778160596616","17671.37560601383","113.02798833914771","126.89663693606197","1197.1262353367383","1365.7246645793853","106.38860077505079","121.9353756228785","525.5063072009859","651.1834152268754","373.224776249286","401.9298483040429","362.5473911923097","319.04900049003044","3510.785348786237","2163.353878806088","917.7553276425436","745.0216166926964","882.8688635994585","5271.445007237984","7241.798314980814","8487.938635116856","27907.300276223883","899.5605567799212","966.387786025519","1077.1802924767358","85627.45715501967","86932.85272823842","69456.16070565376","72698.06824773864","42818.64466520621","239.56224635620612","506.99160672107394","228.2520495133959","21199.701361207713","17105.98147598879","15249.079543215084","15956.655359592449","7312.251520679011","6946.937053426677","6507.449495819501","5993.293057500394",
"FeNOMeasurement","24.292348814244015","19.417360588888844","993.5939433042338","685.216577162034","598.3081484174886","5124.196227166613","6581.5647221805075","4261.727243884862","4048.354217578186","6994.825436239073","6615.651593804314","277.3811707680162","10364.19651751282","8045.211534732588","2538.813094661038","1898.8466653998391","2055.50689118556","23639.11078956957","14858.6096528982","671.8442630617543","1929.3332907225454","7572.257217515012","779.2899242432323","84636.53616675259","60070.63339174684","19174.930777670637","17665.334479134493","113.00168932583684","126.81750077264729","1194.3786151067081","1363.55439128523","106.38021625992431","121.94201021848086","525.008352141952","650.7466631765964","373.09987005871494","401.8664079636233","362.55399638821126","318.98300016877715","3511.3796534892695","2163.394385824432","917.5605542623257","744.9408391769882","880.8514069022708","5254.798904015504","7241.25059620649","8484.006404368141","27842.351360958914","899.1119550984565","965.9897644523119","1077.5501948185922","85624.32961209805","86938.81284650508","69446.87498548436","72679.08083492749","42930.3952685968","239.52984682409686","506.63863157747085","228.29031100245763","21191.870999816714","17101.689276609064","15246.225323381923","15952.28654635756","7311.388160086578","6948.449676551658","6507.051878220375","5992.59446984852",