"event_name","AQT0","AQH0","AQP0","A1","A2","A3","A4","A5","A6","A7","A8","B1","B2","B3","B4","B5","B6","B7","B8","C1","C2","C3","C4","C5","C6","C7","C8","D1","D2","D3","D4","D5","D6","D7","D8","E1","E2","E3","E4","E5","E6","E7","E8","F1","F2","F3","F4","F5","F6","F7","F8","G1","G2","G3","G4","G5","G6","G7","G8","H1","H2","H3","H4","H5","H6","H7","H8","target_ppb"
"AmbientSamplingRFC","23.565193584427252","17.27818501506366","1001.9580583166431","599.0704061452458","975.5578393341681","5951.640156881778","5785.779016879147","5968.387820438476","5884.8077196937575","10528.947279595792","8519.20344055425","541.4194209485124","544.9455000453017","2439.455486610139","1572.3652556670268","10110.533977474648","599.553077615453","1748.7342290915653","1103.3324200118577","1097.5257076188607","656.8332072771831","6590.357341966841","6241.491921750534","152308.85704836773","72865.95009950254","27410.933013988215","18556.65523974418","251.2980469079676","514.244244543644","5433.341133869961","565.383498732381","135.55374161661229","138.8906245458068","978.0612199394507","3472.1912390836706","329.9193746090774","310.0404510887188","251.80278657327625","198.2304860488744","1486.1843962956707","1380.299865075385","737.7638624111827","1997.9279392616265","4217.44570364017","3673.8989443182745","10910.519664787833","4984.276248984308","223.04449618627774","2747.0787304473233","2189.2698491765696","30703.48753081073","86114.48403123507","86911.21951161721","75328.81039634817","97907.25952345405","219157720.12348112","17681.076311187455","325.7016677253548","585.5760613549177","37480.6340253199","37912.87781880258","30090.71100655091","40114.8462929311","8007.544931959324","8381.636051439247","8213.541032794643","9740.586628074298","100"
"AmbientSamplingRFC","23.564436336444796","17.46750467496054","1002.0082367921423","598.9977434177048","975.5377829252931","5949.6229342032175","5786.431410943476","5968.837687851284","5884.609047256593","10520.50463388212","8516.525664371095","541.218176360389","545.1737931115739","2440.8814971408115","1572.2093153467474","10090.089423401498","599.5415268917427","1751.0486398886771","1104.0761321450432","1097.1240683644437","656.2668255405974","6571.063542135984","6221.318380140904","152401.2902150922","72883.33139837555","27409.605979655906","18561.15986025779","251.3886853533591","514.6634207987371","5430.141695755111","565.3851040007956","135.5616924899154","138.8600111747153","976.2942803156718","3472.7953692910273","329.88796388121204","310.0191500825691","251.79136721232499","198.22435759700065","1485.985333576875","1380.3544312308748","737.8923815029568","1998.1392570159421","4214.855238178321","3682.09867733944","10907.018368482222","4984.542101636715","223.00904862110616","2744.803841029529","2192.433791062103","30764.521433020887","86130.90023280223","86924.16858169301","75324.03838227442","97934.24964650924","218877648.83270228","17734.956358459374","325.68738772241807","585.3743569305981","37504.23861510593","37912.42936265055","30099.77878088093","40048.89526519986","8009.1009928134135","8382.284410974877","8212.817233165166","9741.461282810114",
"AmbientSamplingRFC","23.590453858517087","17.2278175105024","1001.8392823896993","599.1212816953548","975.645250381433","5952.629092687034","5787.652947076994","5970.811643675697","5884.781739017272","10529.022486882823","8521.294099242037","540.9073890887573","544.4672011460503","2444.5141722658627","1570.691647935762","10141.67327305704","600.1262042175152","1748.6604261771813","1103.7427137701839","1097.9079801641471","655.5522657786486","6578.366749667151","6239.587014278296","152376.5902482459","72907.89831517774","27416.220445129667","18557.479103597863","251.51239051120024","515.0498628705001","5460.636303676607","565.5873554025666","135.61771466405617","138.91737883686724","979.253755507931","3467.061881407785","329.9950923498933","310.1794839268371","251.84074741855335","198.3098233696114","1486.628414588712","1380.734867096028","738.1094736339574","1998.37606742565","4209.303853098007","3677.2034163042663","10910.103578453425","4985.9038296665785","223.0961533858477","2745.319293109267","2197.050865800517","30689.98001202171","86158.10933431097","86940.53982473777","75340.5025289063","97955.39965817647","219771248.18456087","17664.165704928113","325.9263125570898","585.5624711370957","37514.90810155721","37940.01255926473","30094.62028366714","40080.367182669856","8009.838028088509","8385.618622898306","8218.718922693999","9747.506707237335",
"AmbientSamplingRFC","23.565057057895622","17.38025794695352","1001.7536693837309","599.0196866016631","975.8938466425188","5951.83791661034","5786.186798047346","5969.0852557675835","5884.418996590552","10531.567398690513","8518.23599936701","541.5598242114353","545.0765548313491","2433.730078991039","1571.7616886810158","10131.236479159374","599.365439290014","1749.0939084324839","1104.5840243500913","1096.8942704445337","656.8354884731441","6589.317672730056","6235.901615784585","152352.9965660876","72885.36074621078","27407.98400577108","18554.520913651682","251.480862733991","514.7295447653523","5423.569613635538","565.8249734836078","135.5770894878805","138.85863928102128","979.429030015418","3470.7506096761226","329.9858163855991","310.1228517644661","251.83239239786778","198.28762644506347","1486.186885655064","1380.5489379271414","738.0341645761386","1998.0689288068497","4228.289028018205","3672.3102294191735","10906.893822376374","4984.480832050958","223.10022848153616","2745.602577865352","2193.030814821981","30688.674044776813","86147.64967058148","86932.39141389496","75333.8664491455","97940.60246857398","218400434.40620595","17717.147341240016","325.66517229967417","585.4852739337342","37502.63044567177","37919.53048857072","30090.09338160105","40073.92230982724","8009.933001160798","8384.048293887196","8215.746534011134","9743.54157273985",
"AmbientSamplingRFC","23.571829019568447","17.311342558847308","1001.959246098699","598.7169376166651","974.8274257767447","5948.6433105460455","5784.961160455878","5966.693841039756","5880.79281615657","10519.788889334284","8511.55424693851","540.994236800126","545.140925889923","2434.2532805515243","1569.3199430963978","10074.2640408626","599.3098357862036","1747.6554292438707","1103.5004964914062","1096.041905951167","656.5000948487785","6587.861015048895","6239.644904283525","152293.3985187419","72839.99689508304","27399.700330474156","18549.753274501272","251.45240367436793","514.2243623379969","5419.594972710494","565.2305973515884","135.5164506731111","138.82434708120522","976.7121449626246","3480.5074038080193","329.72644279952425","309.93505127914773","251.69793584257175","198.1587512036561","1485.3331212167632","1379.6464481689786","737.5808328109067","1996.6234163885938","4218.920243704055","3681.667077753724","10903.040119956202","4982.709482747473","222.84169130233104","2745.06206182439","2192.882660115619","30804.32337674777","86100.6181705233","86894.9963835788","75302.67688005211","97865.59114658445","217910150.4088543","17780.090994062037","325.5544378647082","585.0987633316955","37489.22727321229","37893.308005012485","30063.964443683024","40091.47655885095","8004.914636905807","8379.211024638498","8212.401275887065","9740.403670430418",
"AmbientSamplingRFC","23.570344550034037","17.320447232770643","1002.0609488053177","597.0795952048167","972.4607082231294","5932.326374369207","5766.464107006087","5950.029204296248","5862.040590506569","10488.857858222882","8488.47657887557","539.4089250327478","543.2468363809911","2425.4218328721595","1566.894667423182","10066.668542481255","597.6565613659911","1743.6425209993295","1099.9760615024134","1091.9347555355873","654.6841921746615","6560.517090208389","6211.124072111674","151820.19694027974","72639.9011654413","27330.8759019283","18504.361190014104","250.80076259752985","512.5708341450863","5404.08223468647","563.2033132674643","135.11091208865014","138.4056366625863","974.5804796840297","3453.5262184152175","328.8447976427221","309.0186589568413","250.96152972880608","197.6212430270956","1481.138760755228","1375.6974622536059","735.6034615301542","1990.7482087560002","4205.282522469856","3666.545835261206","10873.734809357053","4967.50490721132","222.41210849663415","2728.5818658848707","2182.44617265434","30658.058915270572","85854.05361914715","86645.86123231347","75080.8913554566","97611.86732400638","217097375.1717985","17657.355448779515","324.6885662515359","582.7745188892762","37384.72234583379","37784.0056554063","29989.374166590133","39959.5493839519","7981.145395922339","8355.532577558773","8187.035980477079","9714.36858463066",
"AmbientSamplingRFC","23.568722282373653","17.100029675992964","1001.7423716619886","597.4893452840956","972.8458705717893","5936.934523067345","5773.222440638436","5955.0054654715095","5870.304105248304","10496.79884773915","8497.757039271455","539.3266259897542","543.7425178736961","2424.679266499511","1566.1933059652313","10109.711374829752","598.2132495209925","1746.3936897462086","1101.849592173911","1092.9788012767829","654.8235688983674","6560.388770933438","6206.236208685581","151956.8110666644","72724.93895094785","27356.997016237267","18519.7799677254","250.87808028190867","513.266724141902","5412.373813795079","564.4501255091096","135.26793513450514","138.51948429746645","973.6782823336358","3466.571668645662","329.1913545945568","309.3233932490464","251.26950826909922","197.8046914954222","1482.8076679048845","1377.2357831932488","736.2965054990827","1993.4746820269158","4211.123701067049","3669.553251088464","10883.115203680252","4972.868270932027","222.56552756380702","2734.697445674517","2186.6410906254737","30570.06624583999","85945.1890210337","86727.65079842495","75154.61692586931","97708.57159032855","219110214.3982502","17727.847516098704","325.13576169858834","584.4630568828064","37415.91802591214","37837.58637409643","30020.702387060694","40010.11488825001","7991.569947338528","8362.928905589006","8195.499649123693","9721.787570562477",
"AmbientSamplingRFC","23.576762804763415","17.289953060421084","1001.8672446059963","599.6901149724544","976.5968666300115","5955.621264705563","5792.952926673293","5973.14958225215","5887.893729803435","10535.600345832534","8522.139236173227","540.9320300862508","545.7550743060896","2445.1878266036997","1572.527812136753","10066.319937312928","600.2533018858302","1751.2323253781851","1105.6355290512004","1098.3035978422263","657.2510720852556","6569.47929118903","6238.838957626905","152475.41496129663","72943.76425453598","27426.757240366343","18573.079135024327","251.62785875679953","514.6355419748055","5436.964524096775","565.7249830866862","135.677038770395","139.02726126639774","977.7085973228037","3473.8356523706807","330.1809732353153","310.3060035556201","252.03626801332803","198.45063392632903","1487.2038914848513","1381.6080039972858","738.533182394843","2000.0812787549773","4235.987873480234","3684.4942997692306","10914.527819919116","4988.6879517933685","223.21283567705478","2750.2526127899564","2188.2579820545543","30802.257710418533","86197.11590720627","87006.72301298333","75380.46747471257","97992.69249564907","220181968.9108309","17592.40184088697","325.9954166424383","586.822709321213","37516.32636630034","37950.70713184292","30110.416613089954","40110.64353468063","8015.551581145967","8386.312323898337","8222.224077809116","9750.865526828893",
"AmbientSamplingRFC","23.572422566862205","17.20035510991913","1001.8566295443125","598.290318653484","974.2701993678266","5947.16084133511","5780.724149229343","5962.072985196603","5879.067524709904","10513.202902478592","8507.825224877217","540.4876701710119","544.032742533637","2433.757603957303","1568.705585489922","10091.48654301555","599.1262212086791","1746.1568947384067","1102.9549813394035","1095.861468491964","655.8706930772478","6579.525137258814","6238.937512098527","152139.8597069971","72805.86005961095","27395.31006828946","18539.59377699019","251.449481740768","514.3511998143941","5425.479050209758","564.9206878069155","135.4310959444736","138.76210104296638","976.0990526623305","3468.832479560815","329.60051355439447","309.7334885963783","251.52695490266905","198.08471865821764","1484.7976102014152","1379.1504454290143","737.171784424357","1996.8388347073503","4215.118433205837","3669.927551058532","10897.777217091412","4979.658125848058","222.74248050220177","2746.494760439303","2188.95549795214","30787.50278820729","86061.13824517427","86850.56941908716","75251.06243881093","97834.81245826834","216482269.9544625","17763.08680642099","325.3660095196304","583.678770182367","37472.99745665785","37880.50588880427","30050.591370028727","40038.06931506667","8001.428737811427","8372.625317320111","8207.914615660035","9732.559656568092",
"AmbientSamplingRFC","23.571769056491394","17.35055802196353","1001.870409476109","599.0836572166603","974.7338534334908","5950.719029745066","5785.743402192229","5965.93912009851","5882.4259103969525","10525.2606066884","8515.327670344868","540.482791075892","545.1314647976803","2439.5539846480488","1570.9441796841684","10111.53217728619","599.507356621216","1747.607955343965","1103.7966087887664","1096.5327174630063","656.9731915673996","6565.3004520989525","6236.987958519553","152311.60684311704","72848.14548032769","27388.118907168537","18553.04664118517","251.25957643019865","514.2548598757344","5417.425804582288","565.27626472397","135.54064000634224","138.77695579616872","976.938977037947","3468.295752783753","329.7839172032145","309.94606944848636","251.70716896596875","198.19341881808867","1485.7391529624326","1379.6938398105324","737.6382224436848","1997.054831918066","4224.674134464439","3678.914554298227","10897.01705968863","4982.227159556396","223.01814563809782","2753.6456546951235","2192.9696991238234","30597.334729543094","86110.34764506517","86883.02720467532","75305.91346114424","97889.01440658816","221217516.6101389","17728.353640040208","325.5582209841891","584.7964648434181","37483.88617676651","37884.39696843634","30062.72852242109","40055.45365036515","8005.139399205602","8378.61966370914","8210.761115860121","9739.643561411083",
"AmbientSamplingRFC","23.583423138586124","17.34619039068036","1002.1278504051969","598.8142590524562","975.2596231457138","5950.767039754321","5785.406372273793","5966.605401426137","5882.875631038479","10523.907083858881","8515.28219389119","540.8675409510925","544.6920570453624","2435.3085259665386","1572.3027531685732","10080.470456047588","599.3976273943358","1750.4932530123465","1104.2192525518706","1096.6990965108505","656.875759081608","6580.732246492805","6255.973662633101","152295.81678616616","72860.91654572258","27395.56350790057","18556.40841142087","251.50175787853198","514.777152886343","5448.952247168348","564.5963910260618","135.54734300057876","138.8571373937868","978.9060181900859","3478.038152376699","329.86535185115736","309.99679610934226","251.78244280446208","198.23242135926313","1485.8473762382164","1380.173296621993","737.82259913757","1997.7700586359465","4222.963142139337","3671.986716228493","10905.92009347692","4983.572137607023","223.08554678559176","2750.000689210941","2191.57667718723","30665.880632222117","86117.19159958287","86923.54732071084","75315.28383140107","97934.52142170344","218617684.35614008","17734.934278301775","325.5840219745142","585.2339696654816","37496.42055530782","37915.22292892588","30069.50998056793","40067.58610279406","8008.106069486698","8380.558184049403","8213.228109746462","9743.937279123242",
"AmbientSamplingRFC","23.575230588998462","17.351974683042798","1001.8310893236809","598.2581959086598","974.9622063244605","5946.394449359012","5782.580255851366","5963.321916705232","5881.2489354542395","10515.03975346344","8509.264222947175","540.7716047882906","544.6685047064481","2438.1665650198133","1568.3610057213446","10070.252087109291","599.3088379149527","1748.0151132428653","1103.3449247465908","1096.2654110539418","657.2225514515382","6604.493873887925","6245.68148693842","152232.4405823641","72817.45924582418","27389.223144830008","18542.832404279634","251.03323024149677","514.0005300928225","5416.2878612211425","565.5261100895697","135.42696342751836","138.74619432549147","974.3041582743176","3464.197944361019","329.66043726024947","309.7798046541732","251.55771801713678","198.07143992056155","1484.8753413227125","1379.149154171631","737.2818659321412","1996.0392410435832","4218.669981753556","3676.337515079719","10902.423504126105","4980.917633790644","222.856125552827","2737.9213415469644","2192.7512652528853","30768.183558506636","86072.75629033514","86853.62905106711","75267.94199533529","97843.57765833354","221198088.42267126","17708.18823377307","325.45171538156995","584.4363726366995","37464.033633301755","37875.98560336474","30052.210135024103","40024.15936623623","8003.074385267181","8374.639890728718","8207.765566475558","9732.867278488893",
"AmbientSamplingRFC","23.57897006465948","17.408995151435253","1001.8535521958722","597.2998163369452","973.3452258808433","5935.484320783125","5773.259180048442","5952.833965980048","5869.913880296423","10500.3009434139","8492.812441343814","539.7348649004531","544.265318720295","2429.5818418197073","1568.0781776942863","10083.445134878328","598.0757298504918","1744.3341381249727","1101.6109466617452","1093.9033729950395","656.083519844341","6551.716784743301","6245.200789620823","151984.46489450298","72717.43560137157","27344.477314430875","18510.24782023208","250.95031672647067","512.4407711688132","5411.745505775127","564.4043696061608","135.24127232635954","138.50238712360365","975.6040192733589","3453.248842656685","329.07635712525905","309.2823274138312","251.21399110158447","197.7927246428451","1482.392327990939","1376.8372571004368","736.0442987207832","1992.7311202528833","4207.376585277281","3669.628555283224","10880.789230347913","4971.380160621754","222.40121492308276","2753.867325139721","2186.661384408648","30595.070020122297","85924.8484015949","86714.68681307278","75134.72995939758","97706.91485617614","218741124.68302363","17642.14947070484","324.779488891961","582.7562229120888","37418.09485767223","37817.62995214669","30002.649088522237","40021.54202260706","7990.758043085224","8361.914454234337","8194.048388957191","9715.364007516164",
"AmbientSamplingRFC","23.574873948914522","17.467381388383142","1001.9289257683615","599.6426331633055","976.1801114624889","5953.56143444082","5790.403444079887","5971.8001947279645","5888.599152744721","10536.07450938029","8519.215533880155","541.0578110410698","544.819716211984","2443.6462806041645","1572.9007818432988","10087.111012015466","599.8610458442271","1750.0719052933741","1104.7780943182643","1097.882751481895","656.8418907194216","6615.046865294509","6244.203815573243","152446.29198991152","72929.91223775518","27439.592985215448","18566.44324666487","251.68879619024668","514.9072906755175","5443.077198091589","565.6099928012828","135.60975093417693","138.96614892165871","978.8669097015553","3470.5712795815493","330.1292916739201","310.26968565983844","251.96459182401884","198.376826999995","1487.0761347627079","1381.2754552819304","738.4025596672742","1999.154630886958","4221.977736756561","3678.415874059357","10916.081309824498","4988.324830937384","223.20715799340266","2749.1837125207953","2197.569507645934","30774.821767320955","86196.73052109168","86993.34837091679","75378.89785900741","98013.57035371802","219387739.36986768","17765.204660357653","326.0538046067792","584.491010550755","37521.58509840098","37945.119776362975","30098.645315323854","40101.36621866675","8014.557496268037","8384.841631242154","8220.105649663466","9750.559898743317",
"AmbientSamplingRFC","23.566177690661245","17.593952760003567","1002.0168941475281","599.0010528075248","975.8649148254988","5951.274497509733","5786.336933233724","5968.33624403198","5884.8439796726825","10522.111570165222","8517.905338117314","540.3538964374035","545.6870439926248","2443.237852480896","1571.2729326923163","10044.889470503715","599.8237021672614","1749.4797257172188","1103.7866424775323","1098.8927901572065","656.5471690330364","6582.566911061853","6230.2262204725475","152308.82530739816","72868.56892284947","27415.444836375613","18558.323002102603","251.48477249116036","514.1285419222276","5428.2482075701","566.4436131542368","135.5564370829715","138.92342506460017","974.0067876169028","3465.200993651494","329.95767168657244","310.0890118076365","251.7952783496884","198.2533987360879","1486.209414191111","1380.4287639053412","737.9256360703099","1999.293586043282","4234.626049264692","3678.1863341297408","10908.951807701707","4984.694305130272","223.19372204586372","2745.11224323727","2188.090317639528","30645.472290086673","86143.58423157864","86934.97524982036","75322.88186514168","97942.83556065006","218542434.82821524","17705.08353802986","325.6283959266132","583.8125130255276","37507.82809553607","37905.31219041277","30080.24602293492","40087.50778951267","8008.180568759028","8380.956903405018","8216.188265089624","9746.727913243178",
"AmbientSamplingRFC","23.569125922968002","17.367312238343903","1001.9937049397674","599.0513969524551","975.5224320583867","5951.942187695662","5791.350560526132","5969.273968700633","5884.379309631698","10530.913512664223","8520.194978200636","541.1759792104608","545.2752557241366","2435.1021849250674","1572.0870896450836","10117.936266302508","599.5257469851597","1751.1452691673446","1104.093460222488","1096.0560913574175","656.6283855468537","6596.669170068327","6229.381479511999","152357.9222159633","72899.08227959088","27415.464544104503","18557.875952700433","251.7224015449023","514.8153556911632","5449.163653920114","565.7629367228976","135.60772800760088","138.9193949537961","979.4587904680402","3476.7563633624945","330.0211742584589","310.14237198337656","251.8484679725721","198.30818671518855","1486.4299577391012","1380.6402573224418","738.1246530122137","1997.592558753443","4226.796963913315","3676.636529617929","10910.639198406483","4985.363039427865","223.03308635992155","2752.537112164901","2187.392022144441","30628.62991404204","86170.22351629318","86952.43254119095","75337.89202257723","97973.95258997008","220402388.98322344","17689.728797327778","325.8817053988467","583.8493857923421","37508.83183315354","37919.400592924176","30082.327564334046","40100.45710572079","8010.341328064438","8382.742005429205","8215.441120308436","9746.091373300258",
"AmbientSamplingRFC","23.587534571967144","17.17121030545857","1001.7188675262472","598.4370982830908","974.4277222444223","5945.0213200318685","5783.579233046603","5964.031771423432","5879.256657887022","10517.714746906377","8511.232591095632","540.752462134657","544.6661045126649","2436.281918695827","1570.4080103302115","10107.034225540432","599.4249670819032","1746.9381690488806","1104.5225275035127","1095.9849751753288","655.6501916229232","6569.463961665283","6266.617982802812","152174.60265815622","72811.15688968929","27394.15914199468","18544.402156650565","251.36189803214276","514.1572641716945","5436.478340667301","565.6776132814842","135.44172826082422","138.72868154650584","974.5337002831997","3470.4392833457314","329.63895763124896","309.8121698990723","251.56411720414462","198.10926347098697","1484.855496516824","1379.406352567668","737.3008469131636","1996.0915905748634","4225.642030223709","3681.2311833526937","10898.463550563905","4979.933197873501","222.89871169203818","2738.2102859440224","2192.776866419359","30633.6358577553","86058.26931691398","86862.738204728","75277.60869722479","97826.98877716878","218666448.78339535","17680.59448198692","325.6370227566291","584.6574069151203","37470.66966611281","37887.297274731645","30078.674239504657","40031.65091166268","8002.3050262969955","8373.76711434852","8207.948588258023","9735.00474827516",
"AmbientSamplingRFC","23.585239930777195","17.35280019497376","1001.6840972957447","598.9445404960937","974.9470461892986","5951.419083871878","5787.980489505829","5968.05073353226","5882.290153035699","10521.078688229949","8515.194236807385","540.6175420895495","545.516158294052","2438.5779058472094","1571.4143637227055","10089.41837168682","599.539646874578","1749.4391020946734","1103.7946226309366","1097.0229850582514","656.3460171963716","6575.604104477956","6228.833446343968","152364.2861525218","72882.90385304867","27417.38356879488","18557.62238293155","251.53241274968022","515.2276566700592","5455.478502063315","565.8325004979948","135.51329122370782","138.856420728891","977.8306449023288","3476.304604780179","329.8631354703616","310.0146236504733","251.7946427843722","198.23827723256008","1485.8278311374595","1380.2177333738184","737.8482986839326","1996.8017343352612","4226.7428252492","3678.6849671246223","10909.254200612662","4983.849399388152","223.03405285960528","2741.991190386946","2188.445604908769","30727.375920504604","86107.1886292577","86930.23981694861","75319.68185401919","97916.91965705862","219852535.53215188","17716.877126598505","325.6648570708933","585.0618031581007","37485.32584062458","37920.77708601167","30078.63746729412","40068.28377118725","8007.670624538678","8381.235436010486","8211.929152873698","9743.926699480748",
"AmbientSamplingRFC","23.56427508380415","17.298082467777895","1001.71685124825","598.6785226191953","974.7745649522968","5947.208684528366","5784.054359344363","5963.695492745087","5879.531825892023","10518.603045886395","8508.262413705525","540.5789484870645","544.4781070762507","2441.8845426504386","1570.250849899102","10118.45962109987","599.0799367033811","1746.7698514344","1103.0605900900946","1095.861867601169","656.1188599087224","6595.622492977077","6256.1916255208935","152224.66644958916","72812.04063359575","27371.938057922533","18543.382395453795","251.34410487519625","514.2616797843979","5406.988122349147","566.2396777118054","135.42794333037062","138.75105867340798","975.6524304284465","3479.265979170611","329.62993475339204","309.77729474316504","251.60183969593513","198.07026908468274","1484.8596556152659","1378.9905332703017","737.2415726677865","1995.9129636781752","4213.584509776381","3677.124123226027","10903.417370326626","4979.925733194057","222.83432317301785","2746.3902727238824","2192.9075661567795","30714.718808871596","86074.71731390106","86844.15312788397","75265.26478298818","97829.6711565468","217409094.04028237","17593.70058319089","325.41130111480487","584.4977840787458","37476.648073282835","37899.529929748955","30072.102242934114","40059.6198473906","8002.452697528135","8373.928559643542","8208.015759825063","9730.45836939112",
"AmbientSamplingRFC","23.56213563361087","17.48051672531874","1002.0471285913375","596.7760393121738","972.2574999350828","5929.661289177195","5767.103156060638","5946.946177642067","5864.037066177393","10488.832042640619","8487.249282532053","539.1219463151285","543.147674375146","2435.499638538531","1567.0129951765664","10041.380622390394","597.4502596544345","1743.2025644028784","1100.3565719570686","1093.1469065169535","654.15347169114","6543.687083786281","6216.440249181855","151788.63120086398","72613.36704957091","27337.36295122143","18496.252189846477","250.7418234302639","513.0183211182062","5424.892676239881","563.851014447436","135.1222896758425","138.37438269733147","972.4536364397435","3461.0909244113996","328.8132494419511","308.97470074182866","250.9236306704695","197.54578466523515","1480.9883582549223","1375.7221955094988","735.3525247469582","1990.9368538840477","4207.689507878081","3663.986091696862","10873.58623334352","4966.926598388082","222.28896821245456","2736.257761470437","2189.1410103207227","30670.39669705634","85843.17340290982","86630.90642975863","75068.77575233293","97597.50583697994","216555471.7368293","17622.658939982488","324.6004418526968","584.1954370363063","37381.01737144797","37777.781700800704","29966.443943711118","39932.61290843882","7981.329173086491","8353.102742773544","8185.917262576735","9709.205141309003",
"AmbientSamplingRFC","23.558738026689912","17.263024277974374","1002.0572731582325","598.3464685044959","974.8250357201141","5946.344656902638","5782.707209716032","5964.184854687247","5879.017760551207","10520.532574346164","8507.45464315596","541.1472193882524","545.1815429030825","2435.4727850984764","1570.110324603467","10142.47812404623","599.4495510089733","1747.4867936475325","1103.8675524885496","1096.7332289582864","656.0470309683235","6563.711033306933","6220.4260374233645","152211.28735340334","72820.736004959","27391.41026047751","18546.79709189545","251.1822284520063","514.2083470736966","5406.310306987384","566.1113609844723","135.45125551886338","138.73785399443452","975.0966960530234","3475.0627126981426","329.64205785211215","309.8062095380284","251.61721863183027","198.10491093803077","1484.9776547124357","1379.28185055321","737.2927777357578","1996.013106742206","4227.570002423039","3665.3920847261434","10897.93211859216","4980.814102515866","222.96607334686374","2737.173391484149","2191.1576612077433","30734.48498725215","86077.9920728267","86846.04454098042","75272.59167937012","97859.33962351413","220298615.0777067","17717.542933813682","325.5564760713096","584.4918817950909","37464.87328225552","37886.24633575961","30066.304680902536","40042.03372871562","8001.978093646261","8373.125293868157","8207.908090450752","9737.12664214188",
"AmbientSamplingRFC","23.56419826234717","17.0614435536881","1001.9486301413372","598.0546017792875","974.2524093858011","5943.030914754424","5780.353776313929","5961.0175939296605","5877.688141836491","10512.80292097416","8505.198441541426","540.219999834671","544.4779529564155","2431.778616362821","1567.7255351644612","10083.203586187872","598.8310325607902","1747.2118806920002","1102.6285146573616","1095.823214548134","655.0962164759679","6615.010429721688","6212.6664814643245","152144.89649621182","72772.60301660029","27378.527303402545","18538.24896089767","251.08285741438013","513.6251350414155","5420.862766359068","565.5062119002893","135.37257464973752","138.68548118221446","975.4941577806735","3473.542521296413","329.4485954236689","309.60347028603337","251.4422803184322","197.9963551852191","1484.1675778509305","1378.310736090128","736.9273419753761","1995.0617860733862","4222.529233811524","3680.6688081776138","10894.135452110704","4977.152220782982","222.76746293826008","2738.936306676816","2189.4973988317743","30660.622608779064","86015.31701733633","86819.22739811373","75223.31230255975","97826.5594849046","219471745.22492042","17664.85022170069","325.49594603143373","585.1059634236257","37455.834918023524","37844.44878851547","30041.046788918586","40044.21029146126","7998.00663433123","8370.778408046766","8204.34854135628","9726.907715039402",
"AmbientSamplingRFC","23.576773634596822","17.1317837614471","1001.9113201755982","597.2845980689968","972.9282951440958","5934.010032039697","5773.379126829134","5952.133449458952","5866.936805908239","10493.973690385636","8494.56383001162","540.0889722852459","543.462377637574","2428.5897409110967","1566.3895170863304","10017.820116085986","597.9596680949415","1745.3187348364988","1100.717190577992","1093.6720512416096","654.4288720078688","6574.25784293761","6214.722623475992","151927.04328232937","72665.47820461658","27331.461095185296","18504.821349912632","250.77267540841595","513.1264926330311","5432.809217596903","563.9841656558948","135.19464026913303","138.47890967539288","975.1453603979871","3456.56852970067","329.01073827395084","309.2259231276171","251.09940707957074","197.72043103740347","1481.9518221061192","1376.544629571077","735.9486110740975","1992.4635427416","4203.642725205219","3661.4427477922127","10880.961422521954","4970.489263825074","222.40455394578186","2744.837482084101","2191.3682882716075","30681.8845611303","85901.95242710969","86692.39973473457","75118.50944709535","97670.20567940899","219462537.67715195","17695.83521396446","324.8891652777604","584.44453546809","37389.49066772804","37811.70258058783","30011.63344210672","39980.27467556043","7986.567280582367","8355.631668086695","8191.678288075984","9719.085796120347",
"AmbientSamplingRFC","23.578733695129703","17.24436659010088","1001.7664211990167","599.1952856354488","975.7682026051805","5952.29469833923","5787.028440651922","5968.206056978224","5883.907018731974","10528.557220555025","8515.451543336014","541.6754585467044","545.6985502167453","2430.068537470014","1571.084543509168","10072.071157819413","599.7241311760855","1748.8533806685816","1104.2989608187288","1096.340239312693","656.8642738404242","6569.064130260613","6260.097580202994","152372.84829173237","72884.04794196264","27428.488468257256","18552.725358709602","251.4207661619788","514.3938804757368","5420.132011686535","566.8061188500045","135.52445051582836","138.84009581407153","974.9862365932954","3479.0540194307478","329.91489698846436","310.08640346119","251.8454460881292","198.2538276635755","1486.0271018025585","1380.4544996763923","737.9883842337222","1998.6727273333515","4229.70690889472","3674.887330799659","10907.768681558062","4984.291446334451","222.9754038355813","2739.905987848466","2195.8676977500672","30662.720961836632","86144.96235280005","86924.24368233488","75327.46191684982","97938.73294580112","219791283.09364414","17751.455153923813","325.7490636526093","585.0906128465024","37495.45745082643","37911.412786352215","30092.829138170368","40107.659159670424","8008.642949477375","8381.578586259146","8214.395412107207","9743.839633269152",
"AmbientSamplingRFC","23.562727927677972","17.166874759856935","1001.8017065150411","599.2514888640807","976.2962260849953","5954.3371627599645","5790.826883339019","5971.949653056347","5887.916298933122","10531.956629855467","8524.269692155327","541.4218292781165","546.2617412722228","2435.877286910752","1571.7683838823168","10120.033987104389","600.1086446465114","1747.8448004338393","1104.3454555529752","1100.0125324508529","656.4439909911556","6594.472117484724","6247.805082911761","152468.06782162003","72920.02561372537","27431.494976546906","18570.851855766476","251.7013292753701","515.1896096532024","5417.452949092211","566.3461033099363","135.64591690404194","138.9720521920539","978.3615266819054","3489.5090381319865","330.11254023591397","310.2482339317238","251.9529264461144","198.40203976641234","1487.0728293291247","1381.1879965654116","738.2900019124812","1998.8769657129108","4228.549089924748","3675.8968836601002","10919.073711069253","4988.021453305989","223.1590913549399","2749.1645193953786","2191.9136794130495","30626.613314295308","86191.66522599249","86979.92389613712","75380.48383992155","98003.98216541456","220515432.42011717","17683.327512618078","325.99834005305405","585.0511630744269","37527.4127271108","37931.089087021865","30103.588164976984","40104.3344555639","8014.674263053595","8387.152632316958","8220.182504539678","9749.30153092133",
"AmbientSamplingRFC","23.567962865961015","17.337638280453408","1001.8243556913327","598.5404461070426","974.7214217373361","5946.5175292850345","5781.868402157813","5965.722377998944","5880.152529794056","10519.802830160288","8509.989377109809","540.9138114473113","544.1937944779074","2437.99653632477","1570.9487339389218","10106.700883671327","599.1358633677243","1749.1577871160537","1104.0797995544312","1097.3390252262807","655.8493421059362","6591.298930361093","6237.881320342044","152232.51759296647","72832.45563000113","27395.484070987535","18547.624914002627","251.3160539324397","514.5194585234976","5422.848180248572","565.8250898729349","135.48401068748706","138.7908255325004","974.8765718097928","3466.0513112476488","329.70554304492543","309.8336189861007","251.6346144046602","198.11124207741804","1485.020620812362","1379.356451706082","737.3071524086439","1997.096723366026","4214.1110866518275","3681.5425306888474","10901.283124177162","4981.097580310734","222.98531261097756","2734.230729854558","2189.420886778137","30622.480047350884","86091.0267989553","86868.2119604815","75278.76601268718","97890.05909442465","218648991.3499137","17749.094190771782","325.51543155093816","584.7814564613789","37470.95025029895","37888.311027151845","30076.900729381967","40065.354846332906","8002.441488730919","8374.885486579402","8209.23034209864","9735.386472301707",
"AmbientSamplingRFC","23.560976868914516","17.34620804676395","1001.7761659554459","598.7284254172109","975.0607031753398","5948.153678712675","5782.924364573697","5965.308157013905","5880.70895968706","10514.804256970327","8514.379031796481","540.9250984947352","546.0189739767131","2440.5799258935403","1572.5867343014072","10086.039978989718","599.2587083453949","1748.2703498575834","1103.7116546222078","1097.3458804858153","657.3984862062598","6570.257473958122","6241.607569110829","152306.97423871915","72848.34439908156","27399.489132802722","18557.589813050483","251.5152517456397","513.99385264864","5452.107689548957","564.8666669209658","135.48342515632788","138.8163410064717","979.202029928496","3471.073928992776","329.77900739347564","309.91598067274913","251.65104659297975","198.18756978237997","1485.2893229406106","1379.8007352175755","737.6016491702534","1996.9119099313616","4204.470889264448","3678.0536945469976","10903.936099343833","4981.713379421179","222.84050828942435","2737.4786139797407","2188.8522848153566","30686.27082736376","86102.10805101783","86893.68628652477","75283.23632495877","97865.28335638468","221533649.70005885","17611.538158600848","325.60241433761087","584.1227835528199","37476.31716197267","37890.03833761277","30087.158939497043","40046.622546875624","8004.71803337875","8376.750438955763","8210.805487649777","9739.297949484038",
"AmbientSamplingRFC","23.56887252270429","17.28761654890436","1002.1318457148893","599.0316270965009","975.4690851079049","5949.420134135321","5788.52561858267","5966.375157379594","5882.492376598942","10517.662301477318","8512.900944423296","540.7326821984166","544.2130119486687","2435.1594430885907","1568.484570034282","10109.622176326944","599.3322359316318","1747.182288957795","1103.173280876305","1095.2062350325375","656.1622808767388","6582.129401966448","6239.042704928694","152315.6964136162","72854.22048217473","27406.810410342234","18542.5213310574","251.43998247426978","514.9238859506125","5414.408891824018","565.6882074052819","135.53023097560384","138.802948436072","973.9503985226777","3467.379243216177","329.8439616999351","309.9523265835277","251.70518313382226","198.19900176495696","1485.6392015708107","1380.101895954226","737.6985280779083","1996.8601033696266","4234.73153047416","3677.7619511056846","10905.518269205053","4982.610476924836","222.9512687177126","2748.528904493483","2193.6515840117213","30613.094469146836","86102.19421427735","86903.4457833922","75299.94533345128","97902.08721521487","220291371.2836955","17715.05375346179","325.63000475760134","584.764912677106","37482.571518401295","37889.54275466698","30056.214037352656","40082.35169589262","8005.76945559042","8380.435306709629","8211.894816595479","9740.732852910918",
"AmbientSamplingRFC","23.577579445897776","17.363041435867764","1001.968228839412","598.9984114819079","975.5748284359361","5949.914937010134","5787.0002913275275","5966.850637822733","5881.755872050027","10525.32049430186","8519.21443266119","541.5605868761668","545.3582155584036","2435.768245640189","1571.0436917851819","10124.882712991886","599.7469879545905","1747.9490343032678","1104.3788013101823","1096.899443419767","655.9513680734674","6603.942511898863","6229.265015690019","152365.6415717052","72874.98464038533","27416.53617446467","18557.68354767284","251.2611157192646","514.8875467516802","5412.195220164409","565.1485687223939","135.54104915137592","138.89773720225455","978.7501164177855","3474.2205727287133","329.94397945652054","310.05488311621275","251.79266399386935","198.2654171707721","1486.2068091688338","1380.4133906027153","737.862368054555","1997.7823300065736","4222.858058653824","3673.475728612714","10906.182508475966","4984.878577538167","223.09001798066262","2738.9511202607378","2189.4099177588487","30738.30244793628","86134.57377261257","86932.9974908732","75341.50944523232","97942.16780517342","218540359.4679908","17776.175999054427","325.8092919441861","584.418438428429","37494.81306952623","37919.41255468063","30070.182224104075","40070.85022604909","8007.9516989887725","8382.464183177894","8214.43483828805","9744.822888784402",
"AmbientSamplingRFC","23.567928004478894","17.465829769313775","1001.5396345559628","599.156077950368","976.424421340649","5954.561705075865","5791.957087663124","5971.714867355649","5889.031191211751","10538.52943262169","8522.380505801022","541.4062512800143","545.1963865335821","2444.059836725529","1572.160852999841","10134.773466710896","600.0302761142189","1749.5334394635377","1105.1954292101111","1097.9839114542847","656.6699255058949","6560.2014396940385","6231.31721433877","152397.8856616637","72928.84448420952","27435.2648518942","18566.819395377355","251.650204498047","514.876031826589","5421.982998294292","566.3398617348909","135.6551457640968","139.00902608574887","979.2821565983467","3475.24954098996","330.1539089976191","310.26732992699","251.98089393470937","198.38575478737454","1487.1465825663795","1381.4032503550359","738.4003478189428","1999.2752722436924","4222.090477613652","3685.5138014689746","10913.563787289173","4988.611796332723","223.1829271563981","2747.0478768290427","2192.5726396460723","30768.028624831386","86211.02489789913","86990.09284820728","75382.93077874657","97985.036313335","219731574.74074578","17791.37703940698","325.85808329613513","585.5635911374213","37531.97949877149","37938.9559428301","30103.443347471683","40122.54642325635","8015.103116550743","8388.16389422333","8221.460824847814","9751.38125206296",
"AmbientSamplingRFC","23.582731754581864","17.281213845139064","1001.9840138025862","598.1177356417452","973.6195408110968","5940.185044409824","5778.817510968629","5959.876645680398","5876.205594870257","10509.558637108932","8502.672382029226","540.6580818067491","543.8367621825806","2433.255052364731","1568.850500251136","10061.23934633862","598.4872880164459","1745.5054522030373","1102.5422217742077","1094.9439878146761","654.8878380378334","6590.543459229036","6235.839106016296","152078.62844529428","72738.4201805183","27360.056356144738","18518.641045052205","251.0434165760353","513.5708622261033","5410.177697503185","564.6239327997305","135.3447455847215","138.63479590950706","974.1359525568628","3467.133939271615","329.36262995489403","309.55672820315266","251.4192292514838","197.9374526664563","1483.5539375477329","1378.1563618783644","736.6407979354842","1994.963614027424","4210.370218677026","3675.6697546076143","10890.90867938857","4975.9810869262055","222.58875455928847","2725.1439990091058","2192.4498339573006","30675.07721870365","86000.53649004157","86777.57776149303","75194.0078018084","97777.80818146799","218144276.83344343","17678.960430400184","325.3036495056751","582.461868314648","37445.77894586826","37856.255910583386","30034.654477282256","40035.27583455737","7997.42572461086","8369.297747400366","8200.706308399362","9725.737319665117",
"AmbientSamplingRFC","23.561754419815006","17.110371230971698","1001.7793673040921","599.9081663331531","977.5863446821343","5962.1080584749","5798.2260295813285","5978.8203997173705","5895.956087251084","10542.327034448845","8532.240935450747","542.5239438751438","545.7558152399326","2449.850548344107","1572.0927796730464","10154.951652327472","600.7615013970379","1751.701193664403","1106.0802208369448","1098.7933985846153","659.1958499316321","6593.434003885094","6227.375135179159","152653.2862553888","72998.65937679612","27465.966533359475","18593.92247963613","251.87378662534192","514.7853815955989","5446.641208348433","567.0604152642081","135.82212584026283","139.06000842021618","981.3797418513417","3473.9749094965764","330.4812098357979","310.58003920055427","252.25205347673824","198.64276197348514","1488.7850490690819","1383.0712720190368","739.122054332918","2001.9004320126573","4238.282266407862","3684.3356900537233","10927.476372716015","4993.4947432357685","223.46498092942497","2746.0437293116315","2196.9150780004366","30779.911370269667","86289.2630099862","87090.01227467062","75458.51538626869","98105.99817112688","220679869.78398672","17751.81889639765","326.45182859289","586.3441426085964","37574.1621828129","37982.0515169191","30161.882965498935","40143.62183875655","8023.188632637789","8397.32482646573","8228.354914547637","9760.546706296547",
"AmbientSamplingRFC","23.555021544337986","17.334144546777576","1001.9312248088498","597.4928365954436","973.5443158023351","5934.776816318841","5772.301120711644","5952.745287823879","5869.876025732457","10501.120852366466","8499.176110148377","539.416931608844","543.6758095678422","2431.611671020093","1568.1594480026138","10054.44264801394","597.8683857315166","1745.5956239207583","1100.6452841536757","1094.620222783251","654.6366111676009","6548.692346678969","6229.3531645189605","151951.1960252654","72688.96049317873","27342.800964348895","18507.97390598831","250.799858131229","513.3956958386182","5423.460296306825","564.4300519511308","135.20712102491777","138.51671012819645","974.4841278129942","3462.6175343047785","329.06681872619754","309.2465294780291","251.14487924937782","197.73265415064304","1482.3082702845459","1376.7851681130876","736.0988342008242","1991.8717045166654","4211.280385351416","3666.6767880991824","10881.864232233902","4971.423533269886","222.4878569064783","2737.8671056084186","2184.1719543487475","30547.577967879923","85933.70370805572","86704.595882502","75151.17222465169","97680.4906067746","218846215.80517024","17719.95506017436","324.95828552683275","584.0150371465234","37421.78190082515","37803.39391835845","30013.774825196073","39983.22805840897","7989.049411727229","8358.895121706566","8193.71323345766","9718.386456131035",
"AmbientSamplingRFC","23.574531960372187","17.194814096465976","1001.9946660495395","598.3341432656663","974.0930451255008","5941.2531777108425","5777.29796043435","5961.295189174343","5875.187698878728","10512.350896023616","8502.396046063643","539.9828795941178","544.1747436994624","2441.314634822039","1568.4344339867725","10071.165055199523","598.4648148709313","1747.1930584971933","1102.8601985513178","1094.6103690403638","654.5634952056608","6600.513203973085","6224.53508669911","152122.129193021","72779.405359882","27376.76541648754","18533.907438969734","251.10289811677356","514.118242851463","5394.463690427829","565.1023209953318","135.34967483958945","138.64857616527135","974.3963930698698","3458.4729274371466","329.41662891918895","309.5968790490235","251.40119111133404","197.95442472758208","1484.013441824954","1378.5047625299546","736.8335370158063","1994.952179192181","4204.296489833489","3671.9098246862764","10890.228367879445","4976.362254473332","222.68010419582473","2733.8288351890274","2189.2782999894876","30668.742632782112","86010.94828108809","86791.13094785408","75218.92843859881","97790.91687605224","218480217.0736845","17654.88814236086","325.2272129310199","583.5085514154104","37446.26979211575","37883.37089993789","30052.155102100856","40029.2896034853","7997.506009164256","8368.756337305647","8203.655092337554","9729.950769977944",
"AmbientSamplingRFC","23.579484666952684","17.189246138585013","1001.7785980960551","599.1001092617092","975.6647383172825","5952.32293005737","5788.408951058689","5970.88884105635","5886.754440749592","10534.137577656875","8519.365153134833","540.5247519441051","545.0165076604491","2446.0954754700842","1571.1958993578473","10096.645306173736","599.8393714434441","1748.1125466418655","1104.1316271487478","1096.7069120147544","657.5400087576282","6617.75414754453","6234.9452200616015","152392.68512388263","72899.01202676701","27417.49359942631","18565.7856436619","251.68144005401066","514.2398569573589","5448.562580635997","565.8605686695779","135.59943468595193","138.94470380878258","974.2396724616955","3476.8722978332785","330.0358243346094","310.1122608563585","251.87382894627285","198.32377112245487","1486.6584510851867","1380.8653015677812","738.1191980252858","1998.1889859946787","4217.732847919687","3683.0937668305996","10911.097718293126","4985.710330038639","223.0893341114223","2749.788870750414","2187.5644013227597","30764.93470425757","86183.179459932","86954.52932257882","75353.65312475422","97960.69628433528","218461984.7154194","17732.32798946579","325.7865232398258","585.6350054622999","37513.6401540331","37937.47185046208","30086.80263614258","40050.383176763695","8011.843070114984","8383.178623840133","8216.181316076734","9748.49294727759",
"AmbientSamplingRFC","23.558500080366123","17.30918659799457","1001.9852394093838","599.0146104672442","974.8049657325446","5948.9660070799255","5785.598505246915","5967.268952184097","5882.704636929221","10523.679403196365","8515.005880599685","540.5259863292241","545.0553065095354","2435.587217266491","1573.6744214134017","10097.646144086768","599.151387558777","1746.969408789642","1103.9024892404948","1096.8178945674417","655.2004481118305","6580.349683467162","6240.394689046855","152330.57066424686","72859.94932044095","27407.00366394013","18548.468554737152","251.34562536689293","514.0732877079631","5435.717316851464","565.9926300891755","135.5109394586568","138.8039698228155","977.4372832138724","3461.4211326418404","329.80139959216774","309.9791373036416","251.74458091338076","198.21626185228635","1485.8156060070198","1380.1149051332327","737.7156621877339","1997.5754483192725","4219.3287142893805","3680.561752910944","10907.668781851602","4983.222802443586","222.97853593106845","2744.1354641325224","2190.042618911694","30633.53237421046","86102.21072514335","86911.93573731082","75299.85179945838","97894.23448213017","218835551.85121107","17797.857434504167","325.77927816003177","585.2064071721263","37482.19207182065","37907.40530400594","30067.120566986283","40071.81960835129","8007.650031703334","8378.274375942075","8212.59373486639","9735.213010150135",
"AmbientSamplingRFC","23.56658341615752","17.279277969230307","1001.7426283652082","599.0285893523064","975.5695106724563","5949.606421955823","5787.766141125038","5967.7238099757005","5882.618731073701","10525.576403621604","8515.761716347344","540.7771915257498","545.127279790629","2439.3621515690625","1568.8765277075508","10054.082812798802","599.6806457220775","1749.4033460430269","1104.9762943485139","1097.673417416989","656.8842038456096","6598.105067084618","6269.613438784344","152395.58472044737","72876.17279477503","27407.036478763184","18558.010022448943","251.61815940695","514.8813488810345","5430.074328220614","565.9681938722397","135.53632786655035","138.85951959769457","974.8018505524267","3482.895304694225","329.90307304948794","310.0237061784851","251.79345902723685","198.26380623878066","1486.057782348554","1380.3584858696427","737.9454405193244","1997.8164240500244","4218.553228081576","3678.506626462724","10906.008473086236","4983.88888146094","223.0772978429841","2739.8427559176916","2193.5184673343397","30683.078100130417","86137.55280199622","86928.44077046143","75336.89322602586","97961.89459169866","220730354.4807004","17716.233547190055","325.68448676130043","585.1501624196724","37487.86540989146","37917.554641466806","30062.38029555197","40050.07996606454","8009.12093017451","8381.080035877305","8214.917120188356","9742.351354071441",
"AmbientSamplingRFC","23.571513848453883","17.17050549772072","1001.9049086374947","599.0665773063026","976.4230184935511","5956.737681552173","5794.471857705323","5974.750124876207","5891.153591185957","10537.037014885047","8523.977841896234","541.6028534618974","545.4891074168006","2441.8369367120913","1571.895191755536","10112.700710353547","600.3562090905004","1751.044355702189","1104.86949994635","1098.2497865053415","657.885951417345","6583.098854524505","6239.213908159661","152475.94474654293","72934.63793737338","27431.202056842263","18572.98854976453","251.74499471761158","515.3836819604463","5434.338789189761","567.2410308562381","135.70903226687548","139.01142422097197","976.2518271157169","3475.4775435053702","330.2536072686488","310.34789974553973","252.0560432636722","198.47800313127703","1487.7640941338163","1381.9458142260182","738.6788525328418","2000.291068267476","4225.006393914649","3690.455753190106","10915.489828412645","4989.6275853477455","223.11067318957117","2755.0160104385063","2192.697553431034","30767.277853797656","86219.5173211101","87011.6095842174","75398.97488065655","98054.60786201282","218678526.479591","17769.860616657796","325.9594929026517","586.2056997623866","37552.00567053571","37951.53726174409","30125.58828913126","40108.81029449319","8016.603261781479","8389.95031774926","8223.041660783989","9752.928595183508",
"AmbientSamplingRFC","23.56564759472356","17.320407038295002","1002.0331242993108","597.4424910586363","973.1189141517973","5936.360559308159","5771.537168707963","5954.423974843038","5868.546661382998","10499.487658205966","8498.420228288349","539.3760576314315","543.819450551212","2433.7584244282452","1568.1898225574294","10096.508657995308","598.0554739143749","1743.276834099024","1101.564758826382","1094.6389746010943","655.2496476094061","6569.136097317301","6215.2450167326815","152009.34144360063","72693.26355550469","27355.648784566878","18515.815467972257","250.99113472974628","513.3837324578873","5409.189961165155","565.094868824937","135.25394401824022","138.54834456372495","974.96630468016","3460.8909994445453","329.1478410353895","309.3212805691239","251.21202851404445","197.81434348233083","1482.620296951071","1377.2383506783021","736.1519870634746","1994.2131747801661","4212.607563688108","3676.944359597752","10884.060427232782","4972.711689035078","222.58471538115637","2743.001366281198","2181.5702996360633","30743.65151154985","85948.24063028584","86723.8778761869","75158.58641363867","97706.70809764904","218642849.79936606","17620.036650771814","325.001974796082","584.141832439674","37401.40816661869","37807.53600117825","29993.69424617672","39979.09268105049","7990.158302588007","8362.749696529672","8195.24578798794","9720.518968666784",
"AmbientSamplingRFC","23.584710066850302","16.970898301424793","1001.8607696912175","597.7478366309708","974.1585954284174","5940.674475723149","5773.269882250401","5957.250124368349","5871.8293544591215","10506.312426583665","8498.250692489359","539.781034058616","543.0295300383605","2431.7313991416017","1568.5710600136963","10113.812007960347","598.4142142822448","1746.0576328544025","1102.2418396159364","1094.3798837107393","655.7878584749302","6580.23978868233","6187.689615938188","152011.80107530812","72734.99196098643","27363.97992684139","18522.62369122775","250.88130035039987","513.5370192072323","5412.030127814119","565.5545156614813","135.28730708421224","138.57570568256324","972.7996691602046","3463.859060583843","329.22065602488743","309.42710914956047","251.27014270997444","197.84906648839126","1482.9662359014542","1377.5852473551713","736.444076950952","1993.4841151375683","4209.380260393609","3671.060169359384","10889.808549297824","4974.19152274013","222.57012807918593","2735.871624406999","2189.0208700399876","30658.390268625324","85964.1044936798","86749.37492889566","75160.36211525326","97742.17286163357","219120751.99379948","17622.990746399915","325.1005089782297","582.9152090271812","37435.371734737004","37826.11874641271","30018.065857659985","39954.66642189226","7993.626874031831","8364.082186374264","8197.434072615699","9722.60639877903",
"AmbientSamplingRFC","23.55874474316011","17.29268969041108","1001.9778688394154","597.3890955367211","972.5638735651657","5935.399185608774","5769.376913323953","5951.533512858134","5868.062250624068","10495.875138567764","8492.827533089701","538.9302536035243","543.4858925437308","2431.2054056424536","1567.3768160711695","10066.236963429265","597.9327580568932","1744.212702592781","1101.3270157438997","1095.3875425915146","654.6806959383592","6572.571329023446","6246.3981814441395","151897.41077027953","72675.10897645826","27341.229250807708","18499.94053997927","250.7888135990537","513.1585523013607","5405.08700335422","563.3881699673926","135.19724755073332","138.4768759755443","973.1465205639417","3458.0560818469776","328.9935900009686","309.23745574899124","251.10304637929428","197.72728914818364","1482.0561048396091","1376.5118984165283","735.8352212086303","1992.807160887699","4222.544225389682","3657.2979855400285","10881.664061247255","4970.6914348223445","222.39427392342182","2746.603352334818","2188.5084892070513","30579.931535269647","85908.75886385096","86684.88299191052","75121.51653162666","97642.27031016833","220518435.07414934","17549.228215446197","324.8286442504508","584.2838417024243","37395.05406841031","37809.393392547114","30008.13271632634","39979.42084495037","7986.537548899875","8359.281651153082","8192.936769449334","9717.780827334422",
"AmbientSamplingRFC","23.5592262971311","17.135193726038782","1001.6732247149829","597.2391944875565","973.1974617478124","5936.809380097531","5772.233429115799","5952.660473782117","5870.103828162586","10500.041341765369","8498.5378322783","539.3249393180762","543.6150807976586","2432.861329723717","1569.0910204187223","10096.534718758357","598.0969810992557","1744.3951221954517","1101.6143739985296","1095.0010842759962","655.4550985371966","6553.704252665644","6224.472190557955","151960.8242805068","72690.716571515","27352.840644323147","18515.673424570294","250.9346481852514","513.6988365221546","5422.121465814388","564.7595635120572","135.24809847362533","138.5236528946192","973.9283368055565","3467.5779152555756","329.12239851418343","309.31497648523896","251.21492152002156","197.78875339464776","1482.552331585737","1377.2579923005108","736.0542452229612","1993.5183405574855","4201.994242599545","3668.8244431731005","10886.803654966792","4972.290536945062","222.5052259021476","2726.618198126533","2188.03968512756","30702.13790936038","85923.48566681625","86713.38190563885","75141.90123665796","97683.4338157882","217139796.12545848","17611.80839167226","324.77036995468893","583.4997806672361","37414.01884509589","37817.64267966059","30019.23023393904","40000.03459410911","7988.031614003764","8359.58368623135","8194.205064087986","9717.78954968457",
"AmbientSamplingRFC","23.564602092075184","17.06076942847638","1001.8275174536691","598.8321985206287","975.4814102479963","5949.816588015296","5785.228703121747","5969.286473337258","5883.577872937875","10524.275873738436","8513.8181830129","541.0250318336377","544.904358273784","2442.749999650404","1570.650051797524","10109.143669877478","599.6023433388989","1747.5110410521968","1103.220666121735","1097.1987185075163","656.9518791793771","6579.456434887396","6251.645651283799","152386.5653663932","72877.71498406597","27414.621035611264","18559.448560931014","251.5017298348117","514.4430913845575","5426.247776890695","565.9497785433849","135.57438064180994","138.83371040471624","973.659263292955","3468.331772501907","329.918557564306","310.0488547371954","251.8158997402473","198.27909949447766","1485.9175687845172","1380.3559003885573","737.8835473087331","1997.8473359530612","4222.786803328564","3680.059298898263","10909.817805649102","4983.982177775788","223.03761336616253","2749.295527805775","2192.404506454393","30722.548180188853","86133.21930000045","86912.3687143144","75328.47799972264","97922.60222078298","219931749.4750975","17709.528327530654","325.69788404651274","585.0747372231255","37511.46406619223","37893.94081469223","30081.601422147858","40066.34829711169","8009.256392546411","8381.645004702847","8214.579424297252","9743.66938159294",
"AmbientSamplingRFC","23.575871740590596","17.181712414870052","1001.9898830747869","598.7424348995619","975.3745542423044","5946.296158932867","5785.12083217261","5964.812187520298","5880.7236055875965","10516.232162655238","8510.336918642359","540.4277171664013","544.2949113329871","2441.75288490504","1571.0609691697803","10130.734292146655","599.3400398436343","1748.5001914675724","1103.3601633080755","1097.1006627790073","657.6024327282274","6574.7600270745825","6254.009578564349","152277.43222372464","72827.74738543142","27381.236175571696","18548.993864709395","251.41741356592325","514.384624405576","5413.77018044313","564.8807382850616","135.45961342888864","138.81686636127586","976.9811215268386","3464.093514534752","329.73245263763255","309.82492192583715","251.63834315916702","198.14353078155492","1484.8824420310655","1379.5701089797965","737.4094872674066","1996.4361221671868","4220.933156776831","3671.840169906498","10903.223029725677","4980.654401622216","222.88522102753868","2742.7413963306485","2192.777287955767","30684.01795562592","86079.77616682257","86872.14781304428","75278.93685460126","97871.62288411582","217955127.16381887","17704.917736328982","325.4029904825265","584.8200493834809","37476.33442683451","37892.35827947874","30065.333094605896","40039.01895674239","8004.714930838777","8374.680808492898","8210.051040841683","9740.947534201598",
"AmbientSamplingRFC","23.585907881387207","17.2097815190176","1001.9361467504474","597.2962172586311","972.944568226152","5934.8743747882745","5772.173682757971","5951.282480173171","5866.842675908572","10498.163526291219","8489.648739472168","539.692936706417","543.8382878143117","2429.7137338721363","1565.5991309089409","10076.64546968211","597.8210852281517","1742.2070268837595","1100.3558507522298","1094.5807483926762","654.4864346879937","6569.397933234536","6197.958140667663","151850.16080480893","72666.6799591346","27336.89455658074","18504.15308710392","250.86963746162508","513.82752149679","5436.734389156313","564.574720761288","135.1972826464806","138.48632636505798","973.749672489759","3477.972418079185","328.9656691906467","309.1169713507704","251.07434487586448","197.68625085113175","1482.0861278556927","1376.4170599143056","735.7258551780631","1992.4306750523858","4220.9633648143945","3664.082566196776","10872.93455238249","4968.972350949389","222.38229529203053","2727.678743460548","2192.9748512455294","30571.433287079413","85887.2573951727","86675.746486514","75106.65709976635","97618.59563377936","219922926.79657173","17636.626375711287","324.7270854750412","583.4499459293237","37387.035192137475","37795.87164898995","29994.647263026647","39978.25458980516","7985.343870402487","8359.320615434643","8191.477034539908","9715.742220657003",
"AmbientSamplingRFC","23.580917302160604","17.421914189350673","1002.0054825468675","598.5933569284641","974.2322973792278","5947.271837879823","5782.387803223941","5965.04888400396","5877.690504643084","10519.009860512784","8510.382547184352","540.8647394385904","544.8525807323076","2426.2656079818353","1570.7986021931024","10136.516863726278","599.1004592230979","1747.904508075808","1103.276912477068","1097.4019521786813","655.528977354026","6611.159359007742","6237.665852080255","152199.91469179027","72811.09039488941","27385.43353516259","18546.21450132736","251.33412365697072","514.0161931708973","5447.050975768953","565.3056509508184","135.4367653359129","138.74170863251896","976.6491384055737","3470.214760156035","329.65685153848113","309.82924827499534","251.57907528757653","198.14572188165926","1485.1024319104288","1379.276129907334","737.1792612028065","1996.6183374162272","4227.67199524869","3668.076895257871","10898.898792519778","4980.629294235263","222.90116779397448","2754.931051817567","2192.325054781453","30685.861238349837","86079.21839774105","86883.01164125247","75262.63035716591","97848.29094528737","217770655.7764829","17636.343227993497","325.4425052948101","583.8954899906056","37461.42718049951","37891.38592979596","30068.120303428626","40022.4260681829","8001.5187513956525","8374.002524792852","8207.849843970032","9739.036055761342",
"AmbientSamplingRFC","23.562332570579592","17.375182266630674","1001.985657252529","599.7394785023835","976.7896720025902","5957.51197314326","5792.1855275666685","5972.737862450834","5891.091111966916","10539.179240057814","8524.879959492158","541.9042990229561","545.1493501605523","2439.00355711313","1574.820942818556","10117.064025258298","600.3508787547927","1750.03060480036","1105.8995219176968","1098.6630269362943","658.1413775874847","6618.698820076001","6251.326140731153","152487.17670022568","72931.52048859897","27431.548491609727","18580.565529508756","251.76604877815052","515.0610263341803","5433.132758449963","566.8738925086709","135.68160044343145","139.02509777176417","976.7816438121464","3477.5721109716233","330.29236868809033","310.37875755941974","252.05822011325048","198.45811379998773","1487.894223206149","1381.7780447485109","738.5737362837779","1999.6701687127509","4214.70862635862","3682.3755078290574","10921.797303456282","4989.138305431345","223.27025796197495","2748.888692940439","2192.4685355136585","30721.602436191435","86238.81312145454","87016.43373621735","75404.49788363434","98051.60341526709","220218916.17499498","17707.415492041924","326.1568655947147","585.6817855442715","37554.63677517076","37968.77764880611","30123.3223591178","40158.65113239756","8017.488937949943","8391.629910378993","8223.084277882503","9749.885286804067",
"AmbientSamplingRFC","23.578030695641534","17.26411842374734","1001.9562590194165","598.6456056880547","975.1882743506211","5948.441753342285","5784.738086448665","5965.37981908199","5881.887210633601","10518.115455355388","8511.244430366369","540.4438044695263","544.5314756186534","2434.3299970088274","1572.4192093717777","10119.327919381598","599.1740398930631","1746.152130175959","1103.5156703878426","1096.0814916388513","656.7282721031253","6595.966634009275","6216.571009130075","152223.39552052692","72843.86336972877","27405.771365325294","18546.73068856547","251.2075604530412","514.1204641364457","5424.629743545776","564.9176797424882","135.4682649713416","138.79596879546702","976.7477175892642","3471.1977314150295","329.705468525775","309.85416903414523","251.6518216705984","198.1643558935637","1485.206245302612","1379.465326223223","737.4323205636036","1996.7048000424375","4225.460693790137","3678.1417372336678","10903.319424815694","4980.977577964172","222.83881561730968","2746.1209784469575","2191.3412062135067","30776.547253339093","86077.247988425","86884.50478310706","75288.16636453294","97862.50470289534","220275268.2904571","17692.716495183533","325.59937441529314","585.205205013048","37477.84670534146","37878.914270327055","30062.77869328606","40067.96533593472","8006.359207079183","8377.454712127977","8210.52931548125","9739.231218547786",
"AmbientSamplingRFC","23.576982713108134","17.016336410339417","1002.0589740923808","598.5348295588446","974.0428907602932","5946.401812361179","5782.696544463243","5964.195423067117","5880.465695570629","10518.349556846528","8508.841592508248","540.5978805346986","545.0186632065452","2434.111104758621","1570.4263025453151","10111.51942600786","599.251655404464","1746.7542559687552","1103.5544048846366","1095.845998974653","655.9081380869651","6602.300097088792","6232.55184033524","152281.6857986328","72811.18729540342","27384.069157954098","18538.37693563338","251.26138776783966","514.6586926628139","5435.965895039787","564.6449494978439","135.42196362580168","138.7236187686163","979.5908562198293","3466.1460742718723","329.61215394522685","309.79400919983755","251.57896132384514","198.10354816378202","1484.6320190489046","1378.878909974902","737.193828536424","1995.6940894407498","4225.602178892034","3683.6098383287963","10897.526220330541","4980.073611893879","222.8068991989882","2740.225301375873","2194.646383804306","30781.200083553987","86054.892315088","86848.08636901816","75261.60484659966","97860.11544935154","220285800.7675154","17668.888443045933","325.4743790624393","584.5731025289485","37458.90834427805","37883.64681356534","30060.969031453576","40046.60831526382","8001.986681641729","8373.519452305582","8207.37393067771","9734.340847028845",
"AmbientSamplingRFC","23.585976450370914","17.221199884904966","1001.9407030637242","598.1381682385318","974.3135525422651","5943.976833396555","5782.1171475998735","5961.5135723886815","5878.4240113741525","10515.779095741396","8508.069180988956","540.4280561121695","544.4758871380049","2437.591521550754","1569.2237876105214","10104.32082470969","599.3037764103526","1747.060326118275","1103.0497891252921","1096.6327217016242","655.685306795206","6554.280227695592","6237.692635093451","152151.35404610436","72800.13086252584","27376.801495058895","18543.618498928005","251.3377614097735","513.8772112868697","5408.237814004765","564.2988995557835","135.43713086383897","138.7541235439181","978.5172138778963","3473.9294459287885","329.6177313945521","309.81463711428745","251.54510653915926","198.0755240126782","1484.6171399848522","1378.9117557580098","737.1110748866217","1995.90233989918","4216.928130948645","3679.4895618189635","10904.907530993478","4979.72689834681","222.90806338115172","2739.4297275704334","2193.07960150496","30565.050273157725","86073.49367905616","86847.73605471446","75253.77032722015","97848.89609533014","220541039.49337092","17685.987296321397","325.35722328285334","584.9239267239199","37459.67893277787","37874.54644761399","30061.420156827135","40021.86441371267","8002.846713323483","8374.836133711102","8208.47409710874","9732.890642015687",
"AmbientSamplingRFC","23.56644046841862","17.33572427582242","1001.9232745354319","598.8225951535272","975.3078940829024","5951.611170710068","5788.012399840545","5968.927143642527","5884.104101808955","10526.734980762969","8515.926429933434","540.5851084384849","545.469308379869","2437.956448051738","1571.212961424242","10073.971146377817","599.5154058990815","1748.7760496117537","1103.794515843714","1095.8368172668609","657.0183316721933","6588.945781221852","6234.839269290784","152361.69842783897","72895.40989572165","27404.920556945814","18555.21262744254","251.59552815802436","515.0584506363381","5435.33861815069","566.0511444287858","135.54474210121455","138.9075561271022","976.5371238654546","3472.2848262113057","329.95349720514605","310.1162049450036","251.8266333590423","198.27674998043878","1486.3352882009144","1380.3783866423728","737.9149504850085","1998.670607097576","4223.547704383341","3679.505614954707","10908.325778947645","4984.783769366938","223.04178027603922","2734.411187641199","2192.3315453798987","30694.94622065607","86137.9757967682","86936.74565829031","75333.04163259604","97949.92082856326","220029084.62984943","17754.886126086687","325.6131084991414","584.8016750236728","37515.505693786414","37904.23158607253","30072.495216118536","40094.94550258065","8009.275237255908","8382.475153996462","8216.00909947882","9747.85602484617",
"AmbientSamplingRFC","23.587409216176916","17.37766763639497","1001.8522849074012","598.8395106497129","975.2476904463058","5948.629607041481","5789.188547493723","5968.883557735303","5886.241626879877","10529.806660035687","8517.886290918894","541.1262714553048","545.4524948008775","2434.4752068771563","1570.4951338716064","10059.667058312169","599.46585600647","1749.14641269541","1104.9513258038685","1097.1171177542426","657.4436717592577","6612.573035712045","6245.312287574818","152348.07173268872","72872.08775461467","27410.880011999277","18563.013782268234","251.46725633923538","515.0935082472622","5428.443390420025","565.7989149636111","135.58136627323572","138.8866861591476","974.8555569678477","3466.6067181858543","329.9453917053269","310.0440748478031","251.79511636249075","198.3057271269279","1486.4924509808466","1380.4970703909914","737.9666961997211","1997.9921136088774","4218.50752368711","3683.7368777251763","10910.28130507668","4984.3427701770015","223.07203262234773","2747.9683819774577","2187.656245002063","30660.628362660966","86133.79067953106","86951.22568706647","75350.32991454328","97938.02793496748","218404595.52761692","17686.883830952116","325.7139165665491","584.6517739055843","37493.33463899811","37915.165969665315","30116.039381359835","40072.71360985025","8008.986678640507","8382.416554832073","8215.49406908672","9745.29085281602",
"AmbientSamplingRFC","23.574725068761243","17.27040699190055","1001.682669697186","598.184666134015","973.4873657130704","5941.5060821124825","5776.941028900212","5957.592044856577","5873.91197663168","10508.230986267517","8498.986033592795","541.0371321936384","544.061509749287","2439.4841647904495","1568.024006216454","10061.35593856985","598.6093752211741","1747.0296349450443","1101.9913804932044","1095.031109870238","656.4291684257068","6583.105131002822","6219.444626772885","152027.03190737712","72745.2551443053","27371.653791869692","18525.5915398265","250.93580776603272","513.540509456905","5441.821036551304","564.2943301767341","135.31954703166255","138.6079403495757","972.8403671144595","3472.4657175218663","329.3281444800221","309.512029495333","251.361369672628","197.93077145142448","1483.459069441948","1378.2167629822893","736.5675780365092","1994.3567410489256","4205.951642065511","3667.872775533937","10888.208388512692","4976.0243475566585","222.6837470559042","2731.8169751734918","2194.8267684496477","30654.32205732365","85998.29375680698","86775.97246429535","75191.01297570842","97775.12150427882","217896354.80342782","17637.530614771298","324.9850174396934","584.2230588312894","37437.825826342174","37836.322191664134","30047.489721460075","40037.09464186911","7995.383331290658","8368.74500956493","8200.65457730477","9726.389109242682",
"AmbientSamplingRFC","23.578789357594314","17.34726777240204","1001.8425721951614","599.0353077993868","974.9397708583009","5950.734871187091","5786.28709250346","5967.164585689062","5882.7618317251","10525.633349938136","8513.87505060848","541.4850988147235","544.594672768323","2432.5849854224653","1569.3571523276537","10086.18333292743","599.4064087487733","1748.8006405144674","1103.8938250654485","1095.9401522220212","656.5320193961045","6587.494171255247","6230.092418025869","152259.4899683671","72883.06755674696","27397.483631271447","18550.759183210455","251.59148583152387","514.4790323485414","5406.404820154083","565.2646220381473","135.516075323226","138.82038096603893","978.0925712240892","3474.206073042931","329.87632025209604","309.96047244449716","251.76798695138598","198.23817640899136","1485.7891226929405","1380.1341349432278","737.7224922286799","1996.411054841835","4215.880141476594","3683.72818427645","10908.136311019804","4983.73222275296","222.97212611425283","2741.833989829177","2192.434632036811","30695.801662235604","86128.59673774429","86917.73236757037","75317.16551128407","97913.34247713907","219627608.50432596","17790.049195873667","325.71449107702523","585.8322097578995","37491.88903236286","37896.720982689236","30074.68601606594","40075.60616860055","8008.3426580095365","8379.489359471308","8211.131449128214","9742.848388875636",
"AmbientSamplingRFC","23.570328986972104","17.24237557459073","1001.866494156788","599.0766245501164","975.0937367805057","5949.890071263127","5786.700820875387","5971.172723140683","5882.9995945141245","10526.426433336304","8516.661418935864","540.9802383801896","544.7225151186047","2447.331128871964","1571.6406152048237","10052.185244860908","599.9223575898768","1748.9152314061","1104.543423294151","1098.3420903720607","656.9313723485923","6580.727461642981","6223.427546400602","152261.16506453606","72875.26901200783","27418.60168901645","18566.222657488026","251.4381697558419","514.6046079657411","5441.8759207010835","566.3224074716917","135.56476394219416","138.87898991547846","978.1664287586539","3477.5763992014504","329.9455287081297","310.10359990560494","251.8232495607589","198.28554120681224","1486.3466890879884","1380.529254768007","738.0443833884414","1997.7884700719192","4216.6789909540485","3671.437118076858","10908.939228561758","4984.932137282612","223.0526454609719","2739.2563099597405","2192.27586070274","30641.455729090067","86147.40893712791","86938.6601888997","75332.61948528253","97943.45980259417","219865479.4008554","17669.46192063514","325.8457918070495","584.4461245661944","37509.39131343157","37919.81021427129","30092.65322271029","40091.102432360654","8009.362049667001","8382.136791630188","8216.022088994028","9744.937074201987",
"AmbientSamplingRFC","23.572926439402092","17.27464421380425","1001.7839572907883","598.3075218131946","974.8633351957577","5943.870451637812","5782.295181958563","5962.008820497534","5878.15101432411","10518.767961881245","8505.237394037416","540.4721947577467","544.7896957072153","2442.2378566396155","1570.3954124505965","10078.533036923789","599.0865249594759","1746.0138844287262","1102.5149045477103","1093.8430461233822","655.7394562375981","6595.939790118497","6242.850108558931","152134.63661050587","72798.7590195266","27373.6008554652","18535.700720693563","251.24543676122923","513.8004173865353","5417.460700742827","565.8974959234066","135.38596933351275","138.71357755429955","980.2640348855534","3460.6938319862484","329.49759565396704","309.7059480919086","251.5223712672634","198.03857945980084","1484.3081983868608","1378.7566229203546","737.1432845529176","1995.365805024762","4215.370148760982","3675.080200134106","10894.961721302472","4978.472483226589","222.7398405312032","2742.97800537769","2187.5506499282296","30676.387038519642","86030.80282338419","86842.1217700872","75241.77880713851","97819.21002584153","219072572.18884483","17729.454757084404","325.32423600758545","586.0130273676405","37471.549909026224","37860.65323434414","30055.129507903763","40046.2099168629","7999.691090743613","8369.531374428343","8204.686313723862","9733.591500126817",
"AmbientSamplingRFC","23.569619562941725","17.401851683662745","1001.8687083661397","597.0899264831957","972.0918066491207","5931.086985435055","5769.073502620148","5949.258098507989","5865.1604706134685","10489.050051020458","8490.55890628539","539.6369662391992","543.1283101807559","2436.933173259099","1565.0053089767503","10053.677873550021","597.9595104941047","1743.7670231167494","1100.3077382537506","1094.1512876678903","655.428394985653","6562.905086005421","6230.7940668402325","151862.12839826616","72649.76333118256","27318.417596858835","18501.492292639134","250.81498170422935","512.8811601725946","5382.115707227203","564.2020975239775","135.12162164079842","138.4010424178748","972.8947626448215","3465.924870113872","328.85605004307655","309.0366338016786","250.98184130934325","197.6083564960123","1481.422303679094","1375.9277547040258","735.5459447163314","1990.6223155382274","4212.735034372004","3656.833497544726","10872.538770001547","4967.919656585557","222.29477491788026","2744.8531548776014","2189.0130500067035","30637.426139462004","85862.3907957122","86655.76580978248","75083.58984913527","97607.63064142894","216063901.08777678","17675.68124784518","324.6244232087776","582.8502827956851","37381.26195677763","37791.22864244323","29984.295378661747","39969.713598371774","7982.979698331997","8354.789158199523","8187.298432276315","9712.170929387989",
"AmbientSamplingRFC","23.56495963923474","17.122543543848874","1002.0251914609115","599.6612861898889","975.9306346971302","5956.615490128305","5791.36359557279","5973.50878172932","5887.760705436713","10532.414660763292","8522.555457239556","541.7676677757813","546.121576101332","2437.6419629173065","1574.6497515707658","10134.798828026096","600.0707162713338","1750.3731218469172","1105.2260280983319","1098.2123593689325","657.3746784787032","6591.984484650439","6261.931733538688","152471.06605172335","72909.28879139837","27421.401337007974","18567.847317692722","251.61846489974553","514.9369083650637","5393.276062050173","565.8420144638569","135.65728428083503","138.9187487205014","980.070212152412","3479.5090379851213","330.15321010924094","310.2506848734137","252.00441787532912","198.41594751579544","1487.2712019539113","1381.260770701763","738.4272526770205","1999.0448454916361","4217.477602126304","3682.529124738789","10910.65594743274","4987.781595053845","223.25947226128366","2734.2826425533804","2187.600990294754","30739.83840947553","86207.2983996318","86985.68180622839","75376.00106005285","98016.16300790003","218290863.74897885","17716.392439856343","325.87092045684784","584.4890440061973","37530.009705609875","37938.57412017562","30117.1853874664","40084.53860424729","8016.394332899494","8389.516383772512","8221.740194172538","9747.967848058648",
"AmbientSamplingRFC","23.577246287916854","17.272545847486615","1002.0014398277253","599.187986784481","975.907213106804","5951.832305043172","5789.903535421098","5970.74979834106","5884.8362478341205","10528.923743247673","8518.210475662741","541.2446054931954","545.0059509820053","2437.86364130855","1571.237369088185","10091.799244863598","599.6571495221623","1750.1380072927902","1104.3342760444032","1096.7026029551546","657.8901859156109","6607.916175450508","6224.9850781469395","152370.67901110163","72881.59837591641","27427.38709080026","18564.66792182426","251.6195348684584","514.0024032215753","5436.743070621886","565.877446101487","135.59409405438623","138.9175682019494","979.0385862090768","3471.5164832182113","330.01220939226886","310.15600741676514","251.85428247045397","198.31042575024912","1486.6718005386992","1380.9265174445752","738.176961904677","1997.8522395707303","4224.18330044171","3672.839557337781","10914.341428632652","4985.504845408538","223.1979611777528","2742.2952735961494","2189.5165385485157","30684.140097827152","86161.93518568111","86947.49921993696","75353.81231854946","97966.07152935081","220762101.7401244","17721.174182674466","325.8967028739638","584.7259301956478","37510.96061671859","37923.79260907033","30099.261890764938","40055.00705887749","8012.652157536281","8383.949876391098","8217.710033475054","9745.421183279092",
"AmbientSamplingRFC","23.56828239721675","17.364244705417676","1001.657850562779","600.8267061119169","977.452735567543","5964.642278885546","5801.808458228532","5981.464047734644","5898.124444639199","10548.130603288808","8537.14823111239","542.395062427857","545.7256879690539","2442.6719930381","1575.5238356516256","10181.962763232881","601.0276925121217","1752.636489086573","1106.589671972772","1100.0970983075024","658.6170184539421","6605.544465674239","6251.471636900259","152673.41359709075","73037.70053079077","27488.857779222984","18596.30820809457","252.19958982545535","515.6077168704688","5445.635517486624","566.3370943399016","135.88049616383378","139.21813886936647","979.4844028054517","3476.5440473711487","330.6707897583434","310.76898880072685","252.39687698916833","198.74072969679955","1489.749842956009","1383.591805360784","739.6264318887978","2002.9240979205147","4234.255503881966","3680.123206863094","10931.01810705782","4996.1208725187","223.7053025169501","2757.527608364507","2197.6603021027977","30832.784706428924","86338.91683213992","87133.94784663524","75503.94531765781","98172.86526402448","218127995.4554273","17711.730806090047","326.5716289997236","584.4060431662004","37587.40559406723","38009.75984159602","30141.40503358651","40176.69406536845","8027.980939796704","8401.975182969136","8234.619127982214","9763.752366655504",
"AmbientSamplingRFC","23.57428202243709","17.411961966547818","1001.6517935188782","598.0805260283548","974.0660423842799","5944.165147436259","5776.877415374784","5959.788644776946","5875.320137456001","10509.602645512983","8504.583020535778","540.8750547832936","543.9978357062661","2433.938468225524","1569.3536472532805","10079.721576300939","598.9164003589806","1745.053109175387","1101.9479851012134","1094.2063307473459","656.3902027520749","6587.268144226467","6255.0016897449095","152166.80210031688","72758.47152002352","27373.785694293445","18535.29439032868","251.1754564338438","514.0146994077445","5421.900443587751","564.7222343311126","135.34612204124787","138.6636092360752","973.8995014306868","3460.055391497122","329.4746189497762","309.6167010339206","251.44785006541133","197.97637118189394","1483.5877819333289","1378.3806091247309","736.8299937140276","1995.3661790533765","4225.143245581777","3672.219684610623","10890.408191738323","4977.00081654587","222.61263643575722","2724.78551860097","2193.7002658122965","30628.855738692586","86021.24784420732","86811.57474785624","75210.38048092974","97806.91175159554","217475400.13156742","17652.345889140182","325.3852536705999","583.9989880101178","37433.42383180376","37850.15949560341","30052.424582882715","40011.49962337572","7997.319696631562","8369.676593780785","8203.93376649919","9728.641379006516",
"AmbientSamplingRFC","23.57805129297798","17.23582727639955","1001.9056806910779","599.4301854965279","976.4561428168784","5954.313011633226","5792.447115805976","5973.622754700482","5887.89895311612","10526.81909218616","8521.280668960191","541.4137492884981","545.7097611679735","2454.579156921017","1574.6429029073372","10100.04803054893","600.033404022413","1749.722395999253","1104.671190476784","1096.9070816699623","658.2979661570876","6606.932075421363","6235.7932706436895","152480.48652788784","72940.32532811805","27442.16984764427","18574.489301907197","251.7446852402755","514.9555592696433","5456.224271540294","565.8524949142175","135.69094385684065","139.00114629895066","980.3244054047715","3475.4498147620866","330.1348770283797","310.2747169848463","251.95302697131285","198.4190419055805","1487.2612707582257","1381.242849413643","738.436679483401","1999.4272831120084","4229.170670303995","3674.2097282088753","10910.489528367369","4988.003592143776","223.21560151749304","2740.56794190394","2191.685551702309","30638.520669862817","86201.36668585584","86988.24849841977","75372.12387997056","98024.96394102799","219222328.4851419","17780.716839989964","325.954534706969","587.4240650220729","37526.750981693076","37945.83900672785","30110.97768534454","40122.81893944755","8013.10645337976","8387.782354394507","8220.806496498319","9755.194673912842",
"AmbientSamplingRFC","23.57923940949555","17.186182540111915","1001.6795992685151","599.0947569830282","974.9995099895385","5951.825098943939","5788.062231085865","5969.929354486989","5884.969886673834","10528.988868826145","8519.149849429383","540.9917360921718","545.3721811940233","2443.8611674374974","1571.2207515953396","10107.804187342856","599.4085433821757","1750.7606294922773","1103.9002014115758","1097.1434146648478","656.8989510383276","6583.191268101843","6236.071781992038","152353.5856357621","72906.29848426355","27407.89648684307","18563.1959946954","251.54190410436536","515.091562245758","5451.981173257518","566.5052651541394","135.60363189532382","138.91652382498654","978.8212193654173","3478.6848847235447","329.9937760953636","310.1236641645379","251.84542829281878","198.31167384420942","1486.5693868699418","1380.6812771255293","738.182586315465","1998.192474082103","4222.261943510788","3671.340337365658","10911.883124409525","4985.524569683872","223.10547918015834","2748.8830195580454","2191.866304661539","30746.44573950312","86164.57763179307","86944.58455393508","75356.93855089584","97965.71790633445","217714738.32178468","17646.92907358992","325.79800104245805","584.8027461394927","37515.89031061795","37923.290780385665","30099.651025589574","40084.67816660615","8013.033559992379","8382.487244483515","8217.114977958649","9746.057282190191",
"AmbientSamplingRFC","23.577411979953514","17.27078590031019","1002.0056339159316","598.5978851941437","975.8589528972165","5950.113468994598","5789.352542130491","5969.785372291938","5883.453270864204","10525.116069381269","8518.48498477902","541.0626883579482","545.2262148176563","2444.9238677723292","1570.7520173198734","10097.994315381744","599.8865681882615","1749.0867758711577","1103.9894108853646","1097.4460445653278","657.8387835688308","6584.388329825674","6222.628182511547","152309.88389132716","72863.3932506994","27420.418158782897","18557.635420131865","251.5863667745658","515.0673542055175","5441.52732262017","566.070943433986","135.6070261784217","138.8438220133812","975.049691891076","3482.810908939037","329.94418898123433","310.07445606585975","251.81262064593523","198.29723903489528","1486.0858020456853","1380.509191722066","737.9830363117812","1998.1117239006194","4233.147288021168","3684.2454362556027","10912.604951337597","4984.508178653509","223.0051491521048","2742.6424568168386","2188.2903113120597","30654.12560364085","86150.9329557616","86946.20053112495","75332.33748855411","97926.26410543082","220790463.04595852","17736.846207954826","325.88524602463207","586.6917505016481","37506.17868276595","37910.37667019635","30086.140782829934","40075.97653152985","8009.307118733454","8383.441872121848","8216.87376499436","9742.175350045994",
"AmbientSamplingRFC","23.580227783531296","17.071455370765914","1001.8415975839769","597.7081868707255","974.0830470132132","5938.259010500463","5775.82777175254","5958.347361383511","5872.717921596386","10507.274888456634","8501.98836569542","540.152184815396","543.6443785125007","2433.2697749453914","1567.685873526001","10064.858860718548","598.6886051835527","1745.6312022662994","1102.7147312234738","1094.416489368242","655.0334294299523","6597.170370100391","6231.3564735078","152017.9320675377","72741.99752811958","27374.098270726427","18527.06108780308","251.0288638326581","513.5376715498461","5379.2652070985","565.013884764966","135.32923606725564","138.62804911581216","974.3695500590351","3475.3714260159218","329.3530201354141","309.5177553574714","251.3421318906564","197.92641732149693","1483.4486240088597","1377.8614655560566","736.6192791922298","1993.98992974769","4210.364315041686","3678.8496921520355","10891.9115366611","4975.063492401515","222.64427443035603","2737.2392423353813","2189.648308009822","30684.54649442134","85987.1425288751","86764.28714808902","75198.04337868442","97782.04386054222","220250405.4644143","17708.54576147218","325.14132231825363","584.0689830632604","37434.40691501993","37837.08009455295","30017.061059449195","39995.51423386516","7994.366174134114","8365.729982968485","8199.624502549597","9729.170121220095",
"AmbientSamplingRFC","23.574837242509723","17.169029082784608","1002.1059528020321","598.8583298082027","974.2345602010032","5946.635525508198","5785.562408187762","5963.315200442072","5879.080417579365","10520.210728688151","8510.635102501592","540.9094915635576","544.3776447074491","2438.3961524140286","1571.3639692024747","10099.236756212964","599.0066995920125","1746.871413160132","1103.1065055100112","1096.5678142598738","656.4118335658281","6582.5268176865375","6218.110317242958","152218.48331119685","72829.3632071379","27386.950753436744","18540.35594501686","251.46663269845277","514.3210418079059","5406.967970997947","565.5844365933735","135.44295615049234","138.7533553198757","977.1230740706616","3464.1185421735986","329.658345949433","309.81195598700566","251.60627255587423","198.12309953407646","1484.954464072534","1379.3894487524979","737.2764269533002","1996.1056891802023","4210.4864726703","3674.5675975448175","10898.355923978828","4980.146477839457","222.8360268658049","2741.7931595744576","2188.690944579295","30680.673566224443","86067.21310951185","86866.06097240055","75267.12267994366","97854.86033591113","219595453.9727424","17639.16172288262","325.46469505796404","583.8239911575157","37464.454652048255","37882.231780214046","30064.13390178709","40008.79142046663","8003.496099195433","8373.18373589283","8207.818457502537","9734.018920046821",
"AmbientSamplingRFC","23.557132996627878","17.472544684563395","1001.9217821471634","599.7381023084281","976.8006539021706","5958.5710128807195","5797.0832515103375","5977.327847208844","5891.020329149636","10545.548776829468","8527.511836668413","541.4934695367115","546.5173191332569","2439.7649166565266","1571.9430855749758","10112.21123783819","600.4294448183697","1751.0130635001958","1106.3673536166916","1097.3395191636441","658.7824502705649","6594.146802728728","6241.5363073204335","152492.34248157826","72963.64331288276","27457.205813140197","18585.415916302474","251.91194047050212","515.7629207526497","5447.1645247239985","567.5749288645081","135.71714972471537","139.0691875941862","975.9424977554133","3476.4477367322957","330.35372052032835","310.4916871030145","252.1530323179602","198.5682733992801","1488.2667605055015","1382.2615517547806","738.9163979163338","2001.129729958787","4238.793899569489","3680.4668346019216","10921.688184259854","4990.704746103316","223.25560081544603","2736.380519007445","2194.5821385428017","30713.418588040924","86266.45230722545","87056.35141863437","75429.68431297812","98068.7930402181","217718200.2325239","17762.58241384545","326.07195991066567","585.5284827473427","37552.112736244875","37964.85403694445","30135.60195063607","40121.89445171307","8018.615620653895","8392.886225144357","8227.15741156155","9755.165976742783",
"AmbientSamplingRFC","23.563151030712447","17.285829342792123","1001.8920280164149","599.2456532133278","975.9268230853437","5953.87263396843","5790.973112926637","5972.803736795101","5889.481606084893","10535.265765411028","8522.80813883777","541.1181777369162","544.9152750702463","2444.7741172137744","1574.167340684952","10086.476841487902","600.0910285386401","1750.6728905774962","1104.9699222203383","1097.123010115203","657.6399798439819","6578.2604015965035","6238.1827711896285","152460.7576537693","72919.57543339822","27427.246933458806","18569.942011638443","251.6843542874723","515.2280209481565","5425.39673939306","565.4633261615644","135.63752813397434","138.96709059159616","977.1461866855507","3466.3761679487475","330.1102948055066","310.2278408662779","251.9694610752667","198.41549711273845","1486.8415625446576","1381.3136231784065","738.3783610109975","1999.75601798039","4217.933277606565","3704.402100317888","10917.666477372599","4987.077937979009","223.1845978854784","2751.5790155674476","2196.5159226635133","30779.535383104067","86184.05629569337","86985.76430579576","75372.1986306582","97993.38101878525","220584745.90731627","17752.907421308617","325.8917089686937","585.4990153006845","37526.05060713087","37945.55506517621","30105.122431966334","40122.48953488529","8012.362493259144","8388.420811070637","8221.808804024966","9747.260879844494",
"AmbientSamplingRFC","23.567819486665364","17.101098688056343","1001.888622935433","599.5729269598414","977.3081084379335","5957.97553131373","5793.599520727615","5975.040322561146","5892.097266539645","10540.872554337764","8525.958992459764","541.4986149849665","545.6587968203161","2446.6011413092892","1573.235299282366","10093.584820703341","600.3082192226292","1751.0020375195043","1105.4099805138562","1097.795581327736","657.9754961076021","6593.437136576077","6237.844908644343","152508.9117512395","72967.91521183762","27445.183265593587","18580.402211361554","251.75642073794836","514.8758252667781","5440.171570970534","566.4208014983484","135.75044039627602","139.0271062664527","976.3262289984277","3478.041573817619","330.3197559342203","310.43329214178226","252.11182574134298","198.48818696719994","1487.9637333071373","1382.1214850810914","738.8359320861725","1999.593072290889","4223.449710880905","3681.281927319033","10920.024704855925","4990.630175909898","223.3282199148055","2746.1210430578126","2195.3470911779814","30718.398984626798","86241.4108864852","87038.84045657564","75417.63332622674","98050.56592520847","220323510.43027735","17675.755088537833","326.15368356520446","586.241493743127","37549.20182939288","37936.50985263003","30119.045739408455","40155.842645895995","8018.913367569499","8391.632831845476","8223.476749323292","9755.978149040498",
"AmbientSamplingRFC","23.556849695447955","17.238339552689126","1001.784491659427","598.9425898783961","975.3015087393959","5948.5260542493725","5785.001001083293","5967.204290266573","5881.355161272434","10517.07668021202","8514.352001270803","540.3746322763255","545.6124799345528","2436.3716936411315","1571.6665419771218","10079.674609149437","599.5558324203462","1749.4264010457382","1103.0893158113702","1095.3550337725005","657.0181601202195","6579.565662039194","6236.075298056678","152302.87373014417","72852.50995474437","27399.219082612683","18546.876416144765","251.52213708611856","514.7349350958938","5442.145006081112","564.9567735812909","135.53891057638324","138.81736908330703","974.9144536658355","3463.570190800387","329.7842642088755","309.93841773879615","251.7388917683108","198.2061179126549","1485.5324253614435","1379.9072097509359","737.6171745916993","1997.3791637999782","4231.470353435689","3681.637927906273","10905.268078944686","4983.174223919668","222.9385241544129","2732.280510955704","2192.217495352235","30733.65856714508","86108.11967690526","86889.10192987142","75291.48601197505","97909.59718808731","219825851.10487866","17716.676667881293","325.57577414866444","584.6578054496483","37472.996402095676","37903.70508200469","30057.36520964608","40067.20617057796","8005.099707793661","8377.889516248733","8209.8820851225","9740.764835566632",
"AmbientSamplingRFC","23.575809885032495","17.313257487602982","1001.9739867579493","598.6793161743642","974.6580471876246","5946.385604896353","5784.702506813143","5963.752269984535","5879.712688292771","10511.408859264555","8512.731898196955","541.6514235079342","545.4913310985487","2435.61573436441","1570.5459519509145","10085.012947806192","599.2633660357849","1747.2208816184818","1103.0354370498665","1095.9966314311757","655.4334443914647","6573.936176272716","6233.875280078944","152269.82905301117","72844.85433596282","27396.966345116514","18544.564059003398","251.3927552333096","514.112817098249","5464.67837881901","564.9286782695305","135.47253314062877","138.81660541758427","976.9079538213657","3472.4707057891846","329.6973826124146","309.8620612364262","251.68571719898551","198.16713671859654","1485.1841243420945","1379.4396136080536","737.4929708226244","1996.4937857307323","4220.770588901936","3673.546881788294","10902.524186501647","4981.633170265355","222.86308459790703","2741.2876893502794","2195.004471326949","30722.576270857116","86078.29226083336","86880.93418724899","75271.2762807617","97879.08941281422","218405119.62352833","17727.216027318824","325.62876064847194","584.8650656477588","37472.47369513969","37886.242619159966","30071.284641223054","40042.49471668649","8003.830044129306","8375.569204120486","8210.234648643016","9737.961062141889",
"AmbientSamplingRFC","23.574036140681393","17.182461613884126","1002.1224033332919","597.8898910480665","973.2646975049789","5936.882265689413","5775.663320963068","5956.16720217186","5871.785242419081","10502.55142068086","8497.676023446815","540.5211825184648","544.3752317147541","2429.850783345835","1570.607664591008","10102.006657244536","598.369509779753","1746.9244514109957","1101.4953713997215","1094.8171893297922","655.5857119545599","6577.983780376423","6197.8251691228215","152025.82736841292","72713.67679685335","27343.950104155898","18519.920492819","251.05627699234594","513.6873121590072","5423.258346812739","565.063449694947","135.2735558880621","138.58770027692054","976.4754044830105","3468.5714785103137","329.22106496025253","309.409442462433","251.27014381089433","197.86626492496424","1483.1633055052628","1377.6299636982515","736.3632759343182","1993.6203015540223","4216.978355498604","3669.50004702444","10890.287982814754","4973.9720230040275","222.48573082984373","2737.72390719418","2187.987663927621","30673.41630217366","85938.05882341217","86753.35861887004","75177.24768478693","97725.3502107793","217154214.19457737","17705.22558978467","325.09049343110837","585.0860116515722","37428.60396648039","37827.582413606266","30027.634247816826","39964.60121784256","7991.610393502235","8365.038255175572","8197.60594671175","9725.50151110902",
"AmbientSamplingRFC","23.58184345016989","17.260731226589126","1001.8815290182987","599.2938864044111","976.1237809310229","5955.461292641083","5790.443104506071","5974.127076826492","5887.843822366789","10535.378702762358","8522.172206072342","541.3974802063502","545.4507844665231","2437.7712776073463","1572.145388527816","10146.74584541372","600.1119758269483","1748.3838930658026","1104.1800370077617","1096.553326124371","658.0451520933293","6592.8775427446135","6238.341893252785","152446.97311207122","72922.2081585262","27435.929406647374","18575.375775623903","251.74626950537692","514.7961554622694","5392.716186771719","565.7440814385853","135.63823100421328","138.94668420059017","977.944411290764","3474.8488434838405","330.10486230953893","310.2699227818469","251.94889402679925","198.35944923811087","1487.3953922362161","1381.2215110058755","738.3264915649377","1999.5737533102601","4215.773774901729","3677.340177318038","10916.334876808774","4987.242587757858","223.17137576718204","2739.5622496021865","2191.0783058218567","30749.850549037932","86199.94868995667","86975.92517808304","75379.82296535268","97988.1810697702","218235146.07411802","17652.686399313665","325.9585973773685","585.831442167414","37534.510044462695","37930.95775358375","30107.304588833395","40099.40119836284","8014.7028480063755","8386.911541735353","8219.190303282609","9747.88047657336",
"AmbientSamplingRFC","23.575826381204607","17.198198424384394","1001.7820667284255","597.9544008868157","974.594084321917","5945.533248906883","5781.424187870019","5963.83646868419","5878.3315485677895","10520.047225291908","8507.022754996775","539.9933033504982","544.0930259441377","2435.38689707847","1569.8459455729867","10109.061684769102","599.1938046237257","1746.533442152585","1102.522347137509","1095.6149045010955","656.5721266969518","6580.714739138503","6230.344419283371","152158.0460878233","72791.80586146786","27382.55179208316","18542.468535961623","251.38891674397112","513.8763948656326","5466.560003989234","564.980089744321","135.40136246315507","138.70230107206118","976.862645012931","3473.788499598921","329.55217116725186","309.7174808733004","251.52626071366845","198.0775909063642","1484.6438735265672","1378.9281872168337","737.1256275766278","1995.7562673397297","4212.377064991575","3666.0129876605647","10895.527800536594","4979.790304111934","222.8266536472393","2732.516479212004","2191.514927489756","30681.40198872245","86050.57870662639","86837.71815158575","75253.53972062712","97839.16876542002","219567186.11303678","17693.726229270014","325.4768066046142","585.6558833781249","37459.06611760131","37873.47055409259","30051.04284976522","40022.642269162","8002.331435205801","8373.536491997156","8207.282859823828","9732.93292440675",
"AmbientSamplingRFC","23.577411694830655","17.49794068704637","1002.1425578364006","599.0836139390401","975.8379594705366","5953.824491227878","5788.3322841283925","5972.409865201364","5887.690786827196","10523.60993412476","8521.039565511974","541.1342842481001","545.2591277258402","2440.235222019621","1571.9027447248166","10135.076958491873","600.2759175679402","1748.6652093610294","1105.0278341268872","1097.7857214959859","655.948066879333","6588.8576582628175","6234.078837960091","152400.87600011966","72909.99619676139","27414.417790502128","18566.395333462795","251.74860230102925","514.7897450787615","5415.229783031368","566.0875085596848","135.64431728205176","138.93480026575986","978.8063721727927","3481.3049973817383","330.04238725207114","310.22561074822323","251.9148888409144","198.3567340726028","1486.7650829874801","1381.037387404597","738.3622430528784","1999.0821941512284","4213.172818612892","3682.695047576684","10913.636640450592","4987.237246635728","223.13599061462352","2741.013969779273","2192.014049013856","30691.220242140786","86184.12963520049","86949.76684766183","75362.18983315359","98001.25747121112","219046747.2345983","17619.98420320966","325.868573678564","585.5998371976124","37512.81710539375","37932.859592321714","30100.68255571002","40039.73446810164","8012.493380503066","8382.923405985925","8217.557764927944","9748.220404390671",
"AmbientSamplingRFC","23.557470237637048","17.171666054192098","1002.1495225108092","598.7351127407401","975.1574119952104","5947.421419169671","5783.693593265304","5963.785493347289","5880.42100756152","10518.618442462326","8513.914516038352","540.3685861677105","544.9491519563887","2434.2708196904528","1569.8317125866035","10105.606437525006","599.6099011926004","1747.6737747596176","1104.1140818732715","1096.948520013974","656.5650202188085","6595.344284883756","6233.562350549945","152258.6070727328","72821.99063679909","27380.2874396773","18544.17512817907","251.4116363975452","515.0918430302447","5433.588143497363","565.579459982451","135.4761942338223","138.7478179202141","976.7092759507226","3469.1986065937444","329.6719323544347","309.8562200330068","251.63280879936545","198.10910610636844","1485.1768922154474","1379.5561356305777","737.4240438356543","1996.3063593385957","4226.996751421782","3671.926585622284","10901.694083054063","4980.39670239305","222.91645758371783","2735.017069064998","2188.93795002235","30669.440009849484","86078.27253134249","86867.39819023968","75284.83352408292","97871.73035613839","218579230.8207742","17627.030227472325","325.53834113342134","585.3048733481502","37459.70604589488","37887.08645853377","30062.642913282663","40045.25333957817","8001.510813529233","8376.811146526923","8210.698003320187","9739.009717537163",
"AmbientSamplingRFC","23.582101871437136","17.36203270672366","1001.9170238603012","600.1162954116866","976.5422833986038","5960.0752198528935","5796.539133818629","5976.099095211275","5891.80732834185","10541.557046642742","8528.113942220598","541.7199454752051","546.5356828709195","2443.8867255233013","1573.6774145536413","10111.989510153715","600.3105648344587","1751.2628574246041","1105.895453893067","1098.5308317568374","657.6910996457478","6581.40927460968","6243.878116754965","152560.09482010448","72984.26112143142","27458.75276187656","18584.21036183072","251.93182075179834","514.9864379578003","5442.461350157355","566.8255802807948","135.74564434386795","139.0415001453136","978.4971495863514","3482.245030839339","330.34437918169976","310.49144223239125","252.13623186706533","198.50312553221144","1488.1006444865584","1382.3827942736436","738.8485449071729","2000.7424512034486","4228.8446638607165","3681.7989812641044","10927.1080555353","4991.045080206314","223.33019007968568","2742.8727571619597","2193.7410023048396","30723.44039714839","86258.28477537047","87050.19522706523","75419.27332159012","98071.35158647006","220053246.3545309","17788.37188789901","326.2320177017799","586.5395595813656","37547.21724057906","37973.54005262801","30127.931036446025","40098.33055695446","8019.93685893522","8393.012985343805","8226.44513509041","9758.286981537092",
"AmbientSamplingRFC","23.581755953010152","17.350250740952973","1001.916815213761","598.4216863307394","974.8875379064428","5946.649219932813","5786.720509267404","5964.75496441132","5879.602449336178","10525.627866679917","8510.113480986223","540.9648889525305","544.4855954620205","2437.7832931373214","1570.4290847111897","10128.461018692182","599.2444319418842","1747.9264781141596","1103.709262774709","1096.6973910083173","655.4447943671788","6580.069324172535","6237.279964049237","152293.3039924026","72841.9746680547","27397.837058338195","18547.180084079147","251.5067789957833","513.6766031377562","5446.486404193862","565.7865329941621","135.50019187322837","138.80404756403468","975.3645703594096","3478.98556974545","329.7799574094949","309.9245340006521","251.6986232913178","198.1758772327832","1485.5493348596508","1379.723279509716","737.5544077298256","1997.851112837836","4224.357811656197","3694.349528206415","10903.91188477942","4982.777668820904","222.96916263973557","2740.9530948552165","2191.8144912813937","30662.317350714737","86099.52311099286","86895.31025493296","75299.17154078327","97880.68459021428","218440484.61197287","17654.79356131475","325.554148551532","584.8597097769667","37482.474632232945","37901.33426003029","30078.226414257064","40095.57137902709","8006.753226509455","8377.71297650707","8210.572237723145","9736.903205503284",
"AmbientSamplingRFC","23.571726964309995","17.279314115554033","1001.7116031269112","598.8569055878896","975.5128907132786","5955.068102811103","5790.51369545789","5971.611933239349","5887.892954308491","10533.798779532804","8518.60988116641","541.7450643735284","545.1052324811968","2439.2165123385457","1574.3985605271866","10088.80529254619","600.0367418325463","1749.586272118211","1103.815702244155","1097.3066752888506","656.6604857210897","6569.124280566739","6228.274623611721","152448.07273978516","72898.46919857693","27420.914452059224","18570.298574092467","251.67060852004528","515.3550954537893","5428.80380662232","565.6726987510854","135.62857466604163","138.94476401845864","977.7249298396365","3479.4015225962266","330.07567812846605","310.22417106632383","251.90839140280596","198.38951162112136","1486.7798146748921","1381.1045709945834","738.2657626416506","1998.4766352954769","4211.788045459708","3679.189058929719","10916.73758280989","4986.617483919796","223.1432000011808","2743.1391752312966","2191.495860781274","30643.12842353277","86179.62322716632","86977.92142558405","75368.80040597288","97996.15622241098","220666258.6708247","17716.159692028406","325.93976076724795","585.1360867236385","37532.31115910242","37929.09051946967","30098.888613407784","40142.144605458285","8013.292249540426","8386.131524536251","8218.405134593842","9748.641766499451",
"AmbientSamplingRFC","23.559277574806327","17.346042015734145","1001.9779617108078","600.0691458738602","976.1871075065062","5959.40719378163","5794.021277180214","5975.130780897678","5893.912952954409","10537.483077959267","8525.76010723593","541.9315956462772","545.217554079805","2441.3003626341274","1573.0227411849048","10108.249392727335","600.3429119241671","1751.6229447632118","1105.7260355587484","1098.5313349833566","657.3173921724084","6577.810769610122","6232.426177806757","152511.00046981516","72955.01835309829","27448.497242101697","18581.606212749437","251.91854415375346","515.3735814306124","5392.101612626573","566.9388655747036","135.72709767395733","139.0528733215625","976.9265555224001","3478.3425199286826","330.3136696179655","310.40978476860306","252.11101032695586","198.49665845432523","1487.9189031505011","1381.9416727923058","738.6870936117149","1999.7899010559563","4223.280206491618","3693.650802129224","10920.306278011016","4990.350788482236","223.29524686061512","2760.3818046024303","2192.4096550812374","30761.887569812196","86238.09029945727","87032.35322911692","75415.46979225936","98047.31451093026","219020613.48911446","17741.783836006853","326.2085303747331","586.6009400068732","37544.37099248026","37951.99627297699","30119.335841033433","40125.66466560328","8019.249515762102","8392.336065053152","8224.711335029211","9756.000889107416",
"AmbientSamplingRFC","23.560107741259845","17.210277411162323","1001.7563478880498","599.4809714784675","975.6095618602201","5953.819395716078","5791.4921474524","5969.479012384031","5885.61180176268","10533.518274692693","8520.813598306311","540.5466983543832","545.7236224143762","2438.1690009100635","1572.0923284586795","10065.537060363427","599.9992090509857","1749.488712846573","1104.6288069807451","1099.0274324598445","656.4300112014577","6592.801564842929","6253.566426827884","152393.30904254864","72894.99330297521","27432.383761837962","18564.07718411071","251.46911019265616","514.8930852367761","5433.530701211019","565.6238265869459","135.5834147673102","138.90711937792307","977.0396727320881","3471.8284074067587","329.997661933259","310.12665694882423","251.8606432789694","198.34612176586313","1486.4972775488463","1380.6683713220928","738.0985197784829","1998.4541481185938","4230.7601375962195","3676.3338014626534","10913.134925454811","4985.806444454292","223.13160184236966","2751.587242359683","2194.0294219580833","30662.04702733287","86150.66328767184","86954.33383720687","75345.70893500034","97966.29403226661","218042355.045534","17748.588309899365","325.8428107281914","584.820628895782","37507.92612908123","37925.43026529668","30093.627253601517","40094.54229392549","8011.745251186584","8385.298431106428","8217.213530694251","9745.903663234327",
"AmbientSamplingRFC","23.576936609391034","17.260414455412707","1001.9834230308937","599.6339147686724","975.887986185563","5949.272210417906","5785.684204331057","5967.424986059686","5884.687500381094","10522.639110017717","8513.08764443997","540.6755512347385","545.3912484260343","2442.773416087996","1573.5100850982963","10097.852170929096","599.4560560854117","1748.8711969797996","1103.336386927216","1096.5983984696693","656.7772552115385","6612.586944121734","6238.009658618263","152276.3905889666","72863.78635119664","27396.073833033868","18554.889369711003","251.33166309791235","514.8286710158417","5394.992294507289","565.3781031411207","135.50802305322205","138.82372731613674","974.9209084222589","3480.144079108976","329.79590306725953","309.9924933064123","251.6969841250509","198.22864853361486","1485.938963463236","1380.0562193074763","737.6881860043342","1997.1217596207869","4215.491313272383","3669.9410056309266","10908.465075714936","4983.501586476732","222.90913518034262","2738.8785943641074","2191.2031648948173","30666.244142819116","86127.17177115347","86903.47897486556","75308.15097181353","97900.96728028182","216813298.6646746","17752.51139820522","325.7930569464699","585.1823202267215","37480.04184570611","37897.29435858605","30066.29496028467","40061.37763529575","8007.411526867005","8381.506354842235","8212.035103882821","9739.460779381747",
"AmbientSamplingRFC","23.565214951045633","17.0213019295791","1001.9145013589614","599.8538015201025","976.8219132039262","5957.263368704327","5794.051361178155","5975.143385112047","5891.946283471676","10541.266605239314","8524.943289228304","541.5995269034981","545.578455118808","2449.6320168428833","1574.146078766921","10132.519645966122","600.286733113645","1751.1714558201527","1105.5243861776626","1098.7159442192112","657.9052066089522","6604.187028963878","6250.740347005049","152552.95125888265","72976.54240180891","27460.071549302083","18583.354483586878","251.93086965208008","515.2164131825402","5442.934397638992","566.7212553620467","135.78515539553473","139.02685280751194","978.0589553745738","3481.520472523549","330.34094741261003","310.44209762489254","252.12040012777632","198.51174765091102","1488.082205437627","1382.1907019155133","738.8949168214197","2000.790596261254","4219.8567614327585","3676.0465492419103","10924.670966926391","4990.257899686065","223.34061965657193","2750.570422733401","2190.9466611675293","30688.18824029753","86257.34106553033","87041.46604071214","75422.98552178849","98057.84749864876","220538352.12341282","17593.7236589004","326.23009082859295","585.8117270062097","37538.883301921036","37956.63593460152","30133.94110418897","40102.88670807136","8022.41246548122","8394.097716782911","8224.179053183954","9759.505232470952",
"AmbientSamplingRFC","23.56840480337432","17.351646307142534","1001.9621950810531","599.8044279467385","977.6684094671247","5960.3800497950315","5799.534475719347","5978.4832102743085","5893.693374818457","10544.584772653343","8531.391814652452","541.7394127601253","545.5509721314519","2436.861505095139","1575.7998509073543","10087.106717463852","600.6782639182112","1752.644827791775","1105.6045985018195","1098.1344656536612","657.8874528093636","6598.938859726541","6243.402029098683","152587.28112696487","73003.18429317241","27455.60798860237","18602.8514955716","251.9396953864587","514.7253497217185","5442.351073544494","566.4747507134515","135.80215625372972","139.12180752862633","979.3186636699236","3475.41204353399","330.4650355135497","310.6097392138026","252.22412154356172","198.61264053368265","1488.7242521125083","1382.7652050140603","739.0741265156672","2001.519251545706","4237.047745533437","3683.4497482359993","10928.29361939216","4992.77257267056","223.50106674573118","2738.8250965678612","2196.159807781456","30712.938234009518","86297.05469959728","87084.47226117767","75451.99103588234","98088.70575268682","219439831.69906896","17768.70829795178","326.304017620662","586.4624508915066","37572.73745217632","37984.06694142655","30144.79801134621","40185.67506810202","8023.639486056793","8396.719744095291","8229.814010168633","9762.76350793066",
"AmbientSamplingRFC","23.564963386283214","17.5113278520614","1001.9098097867044","599.1259219621401","975.5468488293002","5950.9003141610465","5789.382169185149","5967.715392242245","5886.348011466937","10527.839576032164","8521.758458616012","540.8099041427419","545.3904489182071","2440.1413522645103","1572.0979165296192","10093.585580065304","599.7159041198432","1749.4788653461633","1104.1279972271498","1095.914623720207","656.6956905841217","6608.874385247166","6226.476890805847","152354.05290790056","72899.91063427455","27420.427148219667","18559.858239383248","251.7939910590271","514.8238214821638","5425.629622351563","565.0046365234612","135.62110352872","138.88598457874897","977.6782010327545","3467.9266290924197","329.96068770922585","310.09441912978326","251.83178733929202","198.30226970222546","1486.744068206917","1380.533127178027","738.0923466109765","1999.0990465708728","4207.821356313027","3675.969836219772","10911.90310578267","4986.098586244981","223.01174414742354","2740.959281920373","2196.6483802133334","30756.269206452936","86158.68063248803","86940.08660177111","75349.6189131754","97955.31958909807","217831518.87122267","17649.5931218286","325.9194508220031","585.2178559930516","37512.183327233935","37926.15236253139","30097.043141000795","40082.78665050424","8009.984713225071","8385.283736066498","8216.91765762647","9743.51826201047",
"AmbientSamplingRFC","23.57242707052741","17.369128820780592","1002.0321770106253","599.4519215895535","976.6332842823884","5956.105688744685","5791.962899184017","5973.063403528334","5889.281096355259","10537.382761164143","8523.83191293092","541.0517611570396","545.1991980344767","2441.5983345993127","1573.6742590479703","10104.91805902236","599.9769595239726","1751.9368207299583","1104.3415957831965","1097.221886492995","657.0849055806084","6585.608003633701","6239.705308172758","152477.12980835175","72940.03661074757","27427.308723442962","18577.144517366178","251.8707143544207","514.3128598041769","5408.239692605203","566.2913799948659","135.6736670655756","138.98584451591674","980.0816822634665","3466.0643401891402","330.19712053621487","310.29388759829493","252.0101108418183","198.45329859874323","1487.2906752625422","1381.4891346996421","738.5444107641474","1999.9439637580037","4227.700453004709","3676.9209641108146","10915.604688660269","4988.284533483141","223.1788458761131","2740.0461664079216","2194.4670589440093","30826.454983484593","86203.01727356717","87001.08365486113","75379.67333768809","98001.88223449943","218802705.5667017","17692.698971875107","326.1126136837268","584.9823765476361","37535.01403364005","37945.51032431298","30114.138683199308","40100.00772404766","8014.079374773477","8387.999902246685","8221.137328144992","9750.97952544522",
"AmbientSamplingRFC","23.57169336499096","17.328291015169917","1001.9457692720538","600.0680444463032","978.0171842849676","5961.890049688111","5799.849134150109","5983.488730970884","5898.677757361312","10548.888292896298","8534.29955069049","542.4021382772545","546.9691602492973","2447.8740152340115","1574.4361908337748","10105.27161740555","600.9726336593022","1753.4254238055505","1106.31480444064","1099.1241051687268","658.2156434037726","6613.976808422547","6271.287745158582","152682.48508434","73044.83994936496","27464.91664633801","18599.338567188624","252.04130061538666","515.5681525361538","5451.534085284527","566.6082593827815","135.8694889195005","139.20732086837145","978.4560207131477","3477.027572043281","330.59951872252833","310.7680063459824","252.3799061283269","198.73803614718992","1489.4463761326263","1383.6401431939187","739.5658697370474","2002.578293807885","4238.804949318847","3686.0475443552377","10932.165108570227","4995.59390903372","223.4974886155547","2748.6689994197386","2194.6930822575437","30822.350423574502","86321.9813028554","87126.00402750936","75498.6251750345","98151.6271088928","220391438.90078646","17751.43601709929","326.43406982904975","585.2976905987123","37592.49245392317","37984.885025680676","30169.747785748394","40162.201626394664","8026.849558583558","8399.808954890894","8232.311104221206","9764.193641935122",
"AmbientSamplingRFC","23.568983609758906","17.29923902304982","1001.8401462865069","598.9249600340061","975.5055256971023","5950.277318358015","5786.820249475037","5966.369005792596","5882.388616197676","10522.454946240861","8512.564816432585","541.0808058458016","544.99833161482","2430.1306756527624","1572.749820626359","10143.92162019651","599.246693832992","1749.632775608801","1104.1644148327393","1097.3328229911674","657.4437791590253","6557.195327422711","6246.251297730534","152312.5018134993","72856.19646068363","27412.914389644226","18552.58683946423","251.41228441490247","514.4098304682373","5439.251077934035","565.4197250009298","135.54021308451146","138.8023661303811","975.8586347964579","3455.5999213494274","329.81019924211887","310.00146573570737","251.71366116010316","198.1887425939128","1485.789753622106","1380.0897512961947","737.7498098559165","1997.5955169333463","4228.28039900426","3671.4597838871396","10903.921550069921","4982.9655421088655","222.95577752051736","2741.845418853019","2191.708738264324","30641.82025936994","86108.1775186122","86903.3711898709","75304.16465330785","97906.46754355804","221421113.87693074","17700.706015060478","325.65613243080475","584.8082605395192","37498.04757424445","37916.181186807","30071.88067580217","40086.01187643046","8009.032381789548","8379.062029920004","8211.160571691371","9741.788867511099",
"AmbientSamplingRFC","23.565011457379807","17.161368662191855","1001.9268551479904","598.6574338598006","974.2398482049538","5946.481503567513","5782.640261514909","5962.2120639769755","5878.468607620062","10515.287794816986","8508.313138368232","540.7716213499373","544.0560116192037","2437.3212431044844","1570.5384531636062","10072.42937023196","599.0203689660331","1745.9828155707044","1102.9462453235355","1096.2340918460905","656.0963849625388","6577.7612264836835","6230.070769047177","152136.1776410579","72799.9505314371","27377.892833198457","18537.828567457236","251.29778558158011","513.963182374093","5442.3301492586725","565.1630509139933","135.46372232523302","138.70001899770955","977.980896889521","3469.959119572938","329.56517897857594","309.6929024179194","251.51409710871488","198.03989570498095","1484.390813282154","1378.9455359753247","737.0735993446878","1996.0788886044154","4223.809810812971","3670.695218014114","10899.18169384984","4978.411701033239","222.84368978808794","2737.8913617762905","2190.568765708507","30685.210323697323","86027.02594576438","86830.19988448767","75241.44333452886","97826.69605366273","217765011.4790977","17656.998314194625","325.45827250593015","583.1547925766909","37456.52256040036","37863.305489764665","30053.114912558856","40023.395557112046","7999.6136299181235","8371.345919617537","8204.295294930584","9731.843395184598",
"AmbientSamplingRFC","23.569937700410986","17.158855356306052","1001.8197510283269","599.9482330357275","977.3292653731531","5960.907113176496","5795.482808889353","5978.795482287168","5894.2681464949555","10547.710186727965","8530.155718861395","542.3436144272191","546.5711771420389","2442.252899234911","1576.971430331356","10119.09636089155","601.0714503209105","1751.1878767397704","1105.6858413323791","1098.848045523076","657.3376227726338","6612.913107914661","6234.841546955707","152599.3422051503","72999.47803017027","27455.35929631663","18588.988148385797","251.85904397341636","515.2682290176081","5446.821103306533","566.4102728649074","135.7605915266839","139.13599313760378","977.2310601192144","3479.3922363000756","330.4860085723279","310.53313741535027","252.22066052863488","198.61500318012685","1488.5686824374407","1382.722441009207","739.1576617196839","1999.935090448982","4225.9037357235","3671.267904111298","10925.676614061847","4992.616543698591","223.49367460806792","2755.7444574341866","2195.676513017371","30833.778268603586","86298.79673287034","87066.60680374324","75454.05458907779","98103.93217543575","218470697.75260955","17706.518256532097","326.3762514218774","585.2860331222015","37561.28015689184","37965.174401462486","30136.014980886608","40152.74847948961","8022.057252491332","8398.000221295413","8228.289692659648","9758.515541017283",
"AmbientSamplingRFC","23.57803099571442","17.346127856706584","1001.7867771857093","598.6754959159813","975.1493078622852","5948.898811164228","5783.529714229571","5966.834473462198","5882.6035458204215","10517.059798905346","8512.073099348803","540.7251477190663","544.7430645500203","2442.9174430640505","1569.886814224733","10097.251614433044","599.5486800403174","1746.811514969329","1103.3854992606375","1096.5307178648734","656.5824430519385","6571.118342778414","6236.929109686908","152259.47949968404","72842.1096783151","27416.61380160455","18543.141812989474","251.40140606831943","514.7000512935574","5418.394559799252","565.3688063992558","135.47232966299057","138.79390788621998","976.8812734187479","3467.64617974356","329.7338532661421","309.8644318144394","251.64985794581284","198.15200008795313","1485.3475016931689","1379.663391535441","737.4156485877406","1997.9858092329432","4200.967219056759","3680.965986331037","10899.513878235528","4982.11151355915","223.02874189161074","2739.328845959698","2189.8359728677315","30675.972446369346","86083.02898183299","86884.43389472426","75282.44394137098","97857.4510795634","219619163.98412699","17686.70824229492","325.65062048951387","584.5111099752584","37476.08025434363","37881.62877636278","30059.16375415138","40061.11707074194","8002.722813868693","8376.315545100862","8211.541938126742","9738.370308490817",
"AmbientSamplingRFC","23.565223648804086","17.244032131322037","1001.8338371116051","599.4242985332273","975.9625699808686","5957.1301095876415","5792.952759946983","5973.889709467985","5890.38438442531","10532.594226415744","8524.941334311088","540.8734335803515","545.970974065206","2440.7106208441583","1571.5056622846125","10101.105557520888","600.1739455907186","1749.2646488976825","1105.4166769469534","1098.4452729616726","658.0075095120508","6571.68709822996","6245.926524775126","152462.99914236207","72954.51945406059","27436.1708858261","18573.7243419798","251.72742629591525","515.0002125824423","5435.302926244933","566.1211094866843","135.71513784902433","139.02077340266212","978.1248001525565","3486.9495283725973","330.18559886186034","310.32907260732844","252.03087008295603","198.43728689539424","1487.4128687922241","1381.536544194126","738.6800958717461","2000.1924855881603","4233.239523571163","3682.8162062107535","10921.125194431484","4989.8336046123295","223.32038146630467","2745.51562798992","2194.5387504898135","30780.418701805378","86224.94590372486","87005.69720947088","75397.24525199732","98034.57014654664","218831046.25808913","17772.13937518646","326.02372666898736","585.7131928380528","37529.69906108225","37961.113483605426","30125.38207476298","40103.874571080356","8016.89854813799","8388.912823700111","8223.363232694439","9752.868798091939",
"AmbientSamplingRFC","23.577314556342195","17.216323566260506","1001.75692292405","599.5363228432306","976.5453095284242","5955.6445483971165","5792.571143240953","5974.243628507091","5890.4771064031775","10539.750800197944","8521.674858571383","542.1039656874749","546.42124147525","2443.687327769935","1572.6218849946317","10152.548597597099","600.2633849549825","1750.6434808619672","1105.462102990673","1098.3193765005772","657.4533792935787","6605.262003857541","6253.520478265008","152455.3331079085","72931.7696655765","27430.533139581035","18572.073541146794","251.62758274007257","514.8778137340139","5407.510637735654","566.5460629237475","135.64787137552017","139.03083052658582","977.4365210410048","3483.830688010037","330.17497496706335","310.3074448255634","251.98388306988372","198.4250297903859","1487.4309542014098","1381.451298172339","738.4503082777302","1999.9148514388423","4218.826984766975","3683.90278822072","10916.590599715099","4988.321552513557","223.21806444785386","2748.795297441337","2187.0172962265137","30698.452926062742","86205.16524205205","86995.646560002","75386.4215996706","98016.05330867246","219899690.28922838","17772.18149075114","325.8885441029802","585.339751181822","37531.32680351596","37920.93678561652","30105.29889098024","40117.66352772992","8015.408353437291","8388.227664024862","8222.012296419492","9750.877268075395",
"AmbientSamplingRFC","23.576504185620603","17.44422890491042","1001.8738833580944","599.2874939715916","975.2270369718512","5951.875735668439","5790.0878945025615","5969.187696786245","5886.732263544064","10526.902493908807","8518.464368089157","540.7255161212482","545.2309871903535","2442.7989577001886","1571.3945660512882","10066.092942412564","599.4678743409697","1750.7961086218393","1104.5822398532553","1096.4073689884415","657.3677371886491","6598.613335412386","6254.826932538425","152440.93583432148","72914.08272535751","27425.534785436055","18557.525341287837","251.59237025382035","514.5633013063496","5434.793487263871","565.4782625414132","135.59454183252538","138.92497726928397","975.4557165554231","3468.5250886239783","329.96688546485507","310.11401507705966","251.84685076263096","198.31845269128087","1486.603065285116","1380.6373458843257","738.1314805396607","1999.0295008907312","4221.028619508778","3679.8883295258356","10911.366416126895","4985.928220788653","223.03570349164775","2754.9133345526106","2192.486606520594","30808.997190031423","86166.50614926299","86946.04620412472","75348.72677139891","97945.17969184785","219562612.1128369","17779.183653991673","325.66308989274427","587.5222335761903","37515.569750774324","37912.46774455432","30077.856856014794","40108.47927232084","8010.446917609826","8383.92844759554","8219.119621418686","9746.115984954116",
"AmbientSamplingRFC","23.59003689436225","17.146914061460976","1001.7888002126424","600.0613413186504","977.2203096472884","5961.764230574768","5795.642080664233","5978.97736397403","5894.989095989859","10541.335943446662","8530.841158232706","541.9425221063602","545.0659059379751","2444.353037044063","1572.536184163158","10071.16694845452","600.6228328030174","1750.9975050069638","1105.3898705403733","1097.1109189060055","658.0261187143094","6583.043148120242","6234.836832224026","152590.8858395434","72998.39422820757","27451.869995719095","18588.761117816644","251.77994283492538","515.556017441255","5446.941851022182","566.4093476870889","135.77555311306978","139.10863521435826","978.1489973300545","3483.2233119083944","330.4653566227302","310.5895098230305","252.25207785394943","198.61700078122553","1488.4897630504472","1382.7678883723893","739.1759621349971","2001.6338972319536","4240.232543153271","3679.477591756873","10924.668524231154","4992.48272206886","223.38003558863812","2759.8665235267067","2195.1876410795344","30797.440724808363","86280.48050124911","87058.96601284885","75452.49671842855","98130.03863630368","219639134.35145715","17669.07205519273","326.31897897663094","585.8798835191258","37564.33496395892","37969.637437969555","30133.338453673445","40131.83827322689","8020.884101589493","8395.669700799177","8228.97100424205","9762.187945235306",
"AmbientSamplingRFC","23.57240297998334","17.122254304658146","1001.5244490607838","599.0471097909732","975.519784011639","5951.124153731076","5786.360635750802","5970.038683200336","5884.76713388172","10528.631786965312","8516.505124598969","541.1523601269384","545.3785148033268","2442.500233411328","1571.4543657212828","10079.55828665803","599.4248021411013","1749.0813981954348","1104.3666919260113","1097.0831795768997","656.065162498366","6599.7990936386095","6218.451986591762","152357.2196282467","72882.27696559059","27412.59091611801","18561.656438560374","251.6419988790368","514.9700613280365","5427.003737694172","566.470128620892","135.58308581195988","138.89389019632355","978.9461188910789","3463.097054688894","329.9421648338644","310.0732167678168","251.8353888409537","198.27612225851016","1486.3431613877906","1380.4047889351543","737.9585528492905","1998.4633452704418","4212.778925568441","3674.6898503487982","10909.045955782154","4984.768589468629","223.06649541322608","2750.78862047138","2188.3599663587843","30708.6844683849","86141.616476552","86943.23907267285","75337.1513941982","97937.93215982585","219524929.1258236","17700.69265823505","325.7663773763089","585.0570168413548","37500.52888862317","37919.79026470624","30071.099853669035","40084.602433236134","8010.534780779565","8382.915595824163","8214.378720454974","9744.332198522963",
"AmbientSamplingRFC","23.580398940940714","17.2793660993104","1001.8805262289769","599.7686904595189","976.1080043559435","5956.373308819784","5792.386422871965","5973.027467672671","5890.373884835469","10537.46161072625","8524.829915958759","541.4063047750902","545.544789286798","2443.4167926213263","1574.6892552552665","10122.549160191604","600.2344713641759","1748.4383419467033","1104.768757084039","1098.675668386598","657.1488822934697","6599.774937128673","6250.004046861209","152510.35621124873","72938.90373088136","27440.74774615348","18571.69802776147","251.66066455191697","515.3550679710164","5417.6382599795115","566.4067658143543","135.67247761949798","138.97419269642126","976.6861751212031","3469.5448102503974","330.23237268731685","310.35465014600527","252.05108018500206","198.44381512389782","1487.4044831691756","1381.6289698340297","738.5203311906073","1999.556770520659","4213.400714850086","3666.666246677875","10922.943736694619","4989.1274980426715","223.25064661789253","2742.2483585157534","2201.7746741851042","30642.686726832304","86210.41724281297","87007.4090730394","75401.22151299377","98020.34697203535","220995206.55155936","17664.37817714932","326.16145756114605","585.9976187682679","37518.70017401754","37961.184589130695","30117.05657938522","40131.65769426955","8016.669684646006","8388.99787474734","8224.09927153416","9750.425355890617",
"AmbientSamplingRFC","23.571895923916923","17.28178215582187","1001.8094868146246","599.7912487392709","977.0027711095628","5957.313666644105","5792.872103170223","5974.045788180745","5889.709146677611","10532.505762118559","8521.94906971169","540.7478462997303","545.9084601956589","2439.3102777915797","1571.8606778041958","10092.838867287623","600.1919608521297","1750.735874264661","1105.4826749846081","1098.221379236711","657.9153419152194","6623.144534346357","6264.74482257087","152450.39933454874","72922.17924656773","27441.20586404048","18574.727156947774","251.72768781614656","514.9160016252767","5443.270363959296","566.0819799377783","135.6769441036302","139.00013012109684","979.9627246980303","3473.2908979335493","330.19746409497714","310.3345591173483","252.02155301970197","198.443823936137","1487.270465276006","1381.7280605344158","738.6246812731588","1999.6454569327798","4236.201095254835","3677.9897455822424","10922.595473136618","4987.846277401947","223.22260670404972","2746.841447256946","2196.4925369768616","30704.727027608926","86206.69345310038","87007.90514836942","75390.28109572783","98040.70590040575","219871318.3064808","17707.93210797794","325.93809951944615","585.4250030595898","37537.5717835381","37958.06467039017","30106.73174067636","40093.12534638195","8014.419749803803","8389.350559643568","8223.603667662277","9753.537736151367",
"AmbientSamplingRFC","23.583116397300063","17.35700621605159","1001.8373399920864","599.7338576869175","976.262454532658","5957.85866671116","5793.528503612191","5975.979388676439","5891.887445738028","10537.54624776364","8526.912425662453","541.4117317186358","545.4753832842035","2450.881850619803","1574.7707743066164","10108.837298163467","600.1749184724565","1750.2797634828728","1105.2606417955826","1098.204091887506","657.9288355269588","6598.8127462129705","6233.188889495351","152510.92211949383","72961.51852207257","27444.723639619493","18586.130304064427","251.81361927454645","515.3475103935641","5448.937112617435","566.579920236928","135.74135526788427","139.06419673255826","978.854555187888","3484.389188961089","330.35044314211035","310.43380852538434","252.13667465488555","198.506499517527","1487.8278888264213","1381.9557635496","738.8144519111383","1999.5493942633739","4225.309841174777","3684.7083232819227","10922.329170023057","4991.083727909535","223.35954544886673","2740.295716302997","2198.0797757716023","30660.981524116494","86242.83261525202","87042.57159645324","75421.80612475176","98053.63874856834","219498438.48921025","17693.776372281172","326.0658066290123","586.8794689333951","37544.770764049106","37957.923557230424","30127.40660908983","40154.44988124639","8020.215377869969","8389.95799628787","8223.881403294003","9754.039176734746",
"AmbientSamplingRFC","23.55965064019772","17.235297842873916","1001.7057007674123","599.3082519122354","975.8957338763784","5953.606080128993","5788.655585517461","5969.899462230456","5885.881202622167","10532.024962183235","8518.012501863339","541.4033147333741","545.3909025972881","2436.9713841531548","1570.1819121733076","10095.356353443698","599.855003613869","1750.8051387703842","1104.3028863183347","1096.8114244617434","656.888030962766","6598.753006700013","6264.27721883844","152360.56334266978","72905.9194686598","27421.23604145055","18568.89487018045","251.65098383464078","513.8838181431104","5426.989681449981","566.2252115788092","135.63028225030595","138.9317117299387","978.0645306735148","3466.4568266297333","330.11885005682933","310.2072621707806","251.91993535467097","198.38174043044836","1486.7771030623542","1381.1455398971475","738.2259889360662","1999.1161961918872","4231.673509745543","3677.7254111689454","10912.037127691554","4986.601453664315","223.05398039822933","2751.365475370124","2196.0849948269706","30758.807160210315","86178.97611284557","86964.24517137597","75356.3455942971","97984.33342264591","217840487.94298822","17748.372847073115","325.97254528212335","585.8358414964895","37508.35846009793","37923.36048188727","30086.769801196057","40055.151437217486","8014.360151910963","8387.343268107014","8218.407669643228","9749.159744407021",
"BreathSampleCollection","23.602596481163854","17.17366953079582","1001.9714456527022","601.3524328476186","981.764486506029","5987.692107460304","5807.707214305109","5988.9211140223515","5913.014966229016","10579.724592617209","8551.135860644148","544.2828876447379","547.9059195751862","2449.747075687324","1579.5215142442592","10130.1809834838","602.918525746934","1756.9970300201535","1110.232114064012","1102.9759255688962","658.391590673489","6687.514757893891","6270.550153052554","153097.74662223135","73092.30393813332","27518.92979459252","18640.165106216904","252.998294918753","516.3815221735756","5425.56617327997","568.4580730539316","135.88192468766556","139.39428726264686","993.5484778752292","3490.0695346307853","331.8877133050946","311.8392188572739","253.16164304135182","198.97447999903522","1490.8080861394012","1385.4798209916587","739.8314262897014","2005.9690702464466","4241.839041522499","3693.7827342683177","10951.099489359769","5009.113918450033","223.83162306740232","2767.7515252813832","2201.000114178543","30866.2751448153","86308.97823875138","87333.85775241924","75582.73446554627","98395.2802793506","222824577.13240612","17815.506437830765","326.9418903519403","586.432391661872","37636.157842163186","38098.24894151567","30208.872199967227","40263.13334396691","8038.271418704009","8409.643731262133","8247.697862822477","9783.275409683569",
"BreathSampleCollection","23.61086404324933","17.30728155408272","1001.937855256808","602.0670943028119","982.1955099928866","5988.554481794066","5810.922095354498","5991.136090741807","5915.738401691484","10590.335149643388","8554.90989953473","543.5051223357002","548.4574354996879","2448.680957174248","1578.782486032783","10166.043749374774","602.9097489005233","1758.9023300746403","1110.9498908968246","1103.6337832391896","659.2813587130644","6644.222477822634","6271.2580202909085","153154.05464892735","73140.2494084771","27527.1692976725","18651.107782513816","253.11902859535022","516.1226820473532","5457.696639259234","568.4716276167534","135.94079052992316","139.4202988403617","996.2619143481616","3484.4991066561856","331.9982607510142","311.9370693163458","253.27014688875053","199.05193368710633","1491.3926939554547","1386.0352093379377","740.0286957986094","2006.652105299043","4243.36663358051","3703.2473781553895","10953.696429624102","5010.921367025229","223.92179568616663","2769.8755831343015","2203.8806551086577","30931.13761687414","86349.50009468214","87362.30542875022","75613.38299735394","98425.92730047643","219489237.34123752","17788.112768409326","327.02738295681934","586.3596935384851","37653.35599631259","38106.647536836186","30240.483363416555","40271.92847668354","8043.045286450302","8410.228574559958","8250.481345904162","9785.23911749961",
"BreathSampleCollection","23.60858570994573","17.27094350602721","1002.1630902008533","602.6116440124707","983.248104781681","5994.256775818282","5818.117526903104","5995.2499562299145","5920.936859740635","10598.26956278574","8564.859595017864","545.1129646747341","549.8065709049331","2457.802124225802","1583.0037791817672","10172.895874048563","603.2850627185173","1760.1698484731269","1111.6285933502425","1105.0999646451287","660.0968570584176","6690.981330575379","6278.761557947323","153283.87481240582","73217.45171377328","27556.20408053598","18670.652959108396","253.37851076808846","517.1978750822434","5441.611047390207","567.8308568799687","136.03629317235433","139.59212111424074","994.9734759985542","3496.473935420729","332.282941227319","312.2802540284375","253.45141855651235","199.22198389357388","1492.8128266019676","1387.4800944731526","740.840726960898","2008.370532821046","4262.044374535433","3701.3423026375194","10967.320697488107","5014.917128924559","224.01787647264172","2774.951005566534","2206.030533188819","30859.114274547454","86422.4182127191","87437.6701479296","75686.0167755325","98511.7815711371","220753015.90594596","17845.7838182464","327.3089610122708","587.9196487045895","37693.49012941956","38119.507250444716","30273.07333115599","40293.93456423349","8048.055187719264","8418.373309934728","8258.458840488673","9793.647305171397",
"BreathSampleCollection","23.57166940089132","17.41881002934561","1002.2014252660991","600.6269540137848","980.994060637888","5979.692412213284","5802.132667919055","5980.266629267138","5905.852856350731","10570.412455176558","8542.89070452045","543.6006445048365","547.3416131858629","2444.952101918338","1577.5251536683875","10142.049575926454","601.9294699383563","1754.757867488125","1108.2892122771382","1103.6652500605167","658.2061152802113","6671.883237927178","6254.494627401256","152874.1782118933","73014.62080641129","27487.693997562812","18612.659354822583","252.76181059205408","516.1252943251424","5447.893149987568","567.0586538176719","135.6978244536901","139.212237244877","991.5491679322033","3492.167652585645","331.4717477160157","311.49136267723367","252.85544075323162","198.76141468928287","1488.8839621050697","1384.021319848167","738.964980074479","2003.642583005378","4243.76831361691","3691.0275040371293","10940.451113683948","5003.316796388982","223.54638627701422","2748.972675373017","2204.7851500536503","30785.35284751467","86213.5494093405","87226.61987414512","75503.14951018106","98254.46644266452","222228143.39475426","17802.505647587335","326.51070839270693","586.4299016568793","37594.21283620049","38033.922988395825","30196.18547397334","40169.9417732138","8027.035338129427","8397.213399111757","8238.215600049312","9771.302999699736",
"BreathSampleCollection","23.607919333842393","17.329869482074002","1002.2986756502833","602.8668130631589","983.1406601997354","5995.623776332875","5816.771113518094","5996.061796524832","5921.77637483899","10594.578068622683","8567.08305603119","544.5802988188492","548.6905146705426","2449.93429178767","1580.856571073384","10117.886374594302","603.4309450145015","1759.786591587288","1111.513320427994","1104.1122050419415","661.2837503884903","6697.605746989538","6271.653610724028","153322.34068137305","73202.53069072924","27565.269006140687","18678.015376307554","253.4431718852962","517.4673597210538","5429.398283838715","568.8628162787683","136.0931224558198","139.5797795512533","994.9778785199169","3498.9535729540626","332.3739376434423","312.315836054318","253.5459486421142","199.2566208228214","1493.0438132557065","1387.6534911147444","741.0487304208717","2009.0553082115664","4256.846416645062","3699.6130916778116","10967.843963734376","5016.549615387953","224.02045814588988","2779.4517823393194","2202.729346852661","30846.9049052918","86459.2661175476","87468.11690262228","75708.20377160436","98527.99973512228","221829690.11644644","17794.74771923917","327.5227227414168","589.0019700351548","37691.539779248975","38144.48666131295","30271.36345069489","40333.585860558065","8052.377750282463","8417.74069770615","8260.232527278762","9798.346520849986",
"BreathSampleCollection","23.600425848652925","17.38041725991121","1001.9097282121213","598.6896818706249","977.5829489733642","5961.302106575848","5786.413520775159","5962.997394534797","5887.754800425901","10541.776503012134","8513.829357759505","541.3870033501584","545.7811986625196","2433.7623773893783","1574.3274099516718","10108.290306765757","599.9638169098974","1750.2968244622857","1105.4859089589904","1098.020545280738","655.7142018195634","6666.924207693319","6220.478390341026","152434.90881847704","72783.48695005561","27411.77714195799","18560.661155543527","251.849604969823","514.4990988775274","5440.741265325917","565.8336196143435","135.26412733013547","138.78649249720985","990.227689543178","3484.4386213620232","330.3981408251367","310.47515633642837","252.04127923198618","198.08749940589854","1484.1763696383055","1379.7307837533128","736.6585266551604","1996.6549479484117","4225.759063477344","3689.8606430062596","10907.712052547862","4987.432987471641","222.73964286415043","2745.3998244403183","2195.142467297872","30810.20112329637","85953.01756032718","86969.69639170874","75261.60219150907","97979.26411996983","218287903.50012162","17639.77985754831","325.49897038895466","584.6694863765679","37482.25523572475","37932.469930413565","30088.69011168355","40097.84355569094","8004.246565965023","8371.691342644604","8212.924668389955","9739.515137214823",
"BreathSampleCollection","23.61096463605427","17.603520155904235","1002.0627369691827","599.970419122107","978.6707488488862","5965.412950440994","5787.266627075603","5966.338334616105","5894.385655761279","10546.824744476118","8521.824070689858","541.9084793854668","545.5433133257046","2442.466061587235","1573.528867888024","10117.730056099319","600.5100460114509","1750.9860623646985","1106.0856455065968","1099.8160252956038","656.1008100489423","6666.21773444417","6256.756881623638","152572.22182142566","72835.58051740425","27420.279605905278","18583.746003469136","252.18539148392406","514.7284140094092","5462.28763245985","565.1735887947693","135.38909542510154","138.90362739476996","989.2255715745141","3471.6629032304363","330.701920546981","310.7452209500643","252.2659983321205","198.29321104607146","1485.627684624838","1380.652227480428","737.3212758011842","1998.7129506815631","4221.69829510027","3683.5699277161916","10918.528438051813","4991.472804992898","223.00333699353806","2740.1975574572866","2194.8836360986443","30712.873842853256","86013.95931328004","87041.32023547415","75322.3232451038","98046.76680172223","218036016.12289476","17717.06717775601","325.8503500761648","585.7657383505652","37511.36201613198","37971.9838213591","30105.03421605581","40101.59253796151","8008.897419160146","8377.66289164839","8218.016935535616","9742.54035873382",
"BreathSampleCollection","23.585322372507797","17.311381395616873","1002.1525464874893","599.6967353703301","978.9411346679578","5965.765028628204","5790.753787864642","5967.751150313673","5893.048795870414","10547.761123095177","8525.389158194748","541.4847889795584","547.003700499403","2439.308956959396","1573.5732133062504","10144.695866979206","600.6020472526453","1750.8680088137246","1106.459427107451","1098.8785471034266","657.3215651944813","6677.395934364263","6269.5812404844655","152609.39448908955","72858.48545643875","27426.032177257384","18591.194081588856","252.26910161762657","514.4804596799999","5431.415822923486","565.9452763563598","135.3945128079985","138.93342543007205","990.4858338674168","3479.385938470449","330.75342897288294","310.80208277743213","252.30100015427539","198.34495049107022","1485.8872795518403","1380.9957655156502","737.3770805331678","1999.3575792732122","4237.726325551521","3692.1820001540077","10915.048147752474","4992.096026619209","222.96730746657124","2747.4068629040194","2193.246650922145","30758.487100878512","86023.95065899908","87033.23770310989","75338.80273002369","98053.92664037543","219739697.54229423","17706.822966454376","325.90581805778663","582.9818847003583","37516.651113546366","37969.95997433547","30127.4892372069","40060.987185561215","8011.712919833787","8379.677926399867","8219.713167886328","9753.160064669497",
"BreathSampleCollection","23.596975914913255","17.438706464156404","1002.0261554315429","598.882136589455","976.4349968130083","5952.678945864627","5779.860243840558","5954.762674961389","5883.716108211979","10529.934491361364","8506.283766276294","540.7403183731341","545.1220813762649","2428.5407269261686","1571.515510266587","10089.443736821186","599.0647044742525","1747.4253289636188","1104.425236100551","1097.030487579881","655.7370212272409","6653.518821064861","6246.41796159377","152282.96243515148","72694.55634430092","27369.588118836564","18540.32671638066","251.62855936876667","514.1430409891369","5405.441097388084","565.2612249266355","135.10887988561177","138.63057859064915","988.3495385334812","3454.086753838515","330.0825948906614","310.14525177550894","251.7785724416346","197.8923719765546","1482.937063375279","1377.9897754030408","735.9066575682665","1995.431004917983","4232.348376555822","3679.7164007714155","10895.520812165178","4981.984044440442","222.40805612067464","2732.3885973534793","2197.1668924094765","30659.184177380088","85849.68853716366","86850.95284605116","75175.70920458369","97855.92056580084","221085166.67106512","17679.57282978567","325.2101304545794","583.8709361682812","37440.963504070496","37886.01687577953","30056.156546552218","40036.44583553395","7995.500842614104","8361.957841680844","8202.547031254726","9725.081674862238",
"BreathSampleCollection","23.627557247812955","17.56677728845599","1002.0959230198172","601.7440506674985","980.8304769393216","5981.9753967830065","5803.329607789708","5983.6824768292445","5908.186085101604","10577.245408996747","8547.52087163151","543.1247144528448","547.4900443502951","2443.2131263199676","1576.5177350327774","10142.979991124505","602.4164785930099","1756.2055597419376","1108.6593838298818","1102.378473084402","658.3257197095642","6692.635154183849","6260.816037483632","152999.96274708756","73064.16834783496","27499.724907145574","18638.880147815817","252.91856015028793","516.0738318135233","5475.25869059056","568.1776749201401","135.76809350385554","139.29387287263768","993.8854423873141","3493.8801496038413","331.6179522274177","311.62149982950524","252.99346443174005","198.86789141163905","1489.8320362165935","1384.478612346275","739.4515218124073","2004.6386747695392","4243.851183552576","3694.5040009237487","10945.399219127969","5005.30445361497","223.65409129640062","2764.7016122746213","2207.4887373711367","30774.202980475628","86246.03165236115","87276.56453292535","75531.08559161375","98304.44880994088","220031367.4100546","17846.25459963151","326.602149128836","587.752952457747","37620.05188232082","38046.82888011715","30199.759725340497","40213.40158964009","8033.538101588664","8401.787825579342","8241.748068405981","9777.708988140614",
"BreathSampleCollection","23.593290243204386","17.531979952458983","1001.8948280222851","598.2925190716619","975.4471749563512","5948.897785375424","5772.558023543103","5950.3984624745335","5876.080519227171","10518.671745577103","8497.878310963022","540.0236747920873","544.2257835616001","2432.9977534185764","1568.022800121434","10127.065560299634","599.0419338805343","1746.4315455990309","1103.1693739269883","1096.8622804652114","654.5475155154444","6647.333820611843","6218.775611790994","152156.37976142752","72662.56477137415","27352.244006936326","18523.465281429108","251.45480748929177","513.4466077562197","5424.317054041979","564.5648096629664","135.03095476341434","138.5238757261489","988.4591277182589","3473.33416769188","329.81337670093893","309.90427669554646","251.5845790293657","197.73611155701522","1481.6136289048054","1377.0722368974593","735.2537499017159","1994.0919118741301","4228.202507298295","3681.9053872892036","10882.949755116979","4978.497117878016","222.35064869485498","2746.7558651670574","2186.047558766798","30633.248223660143","85785.97666806477","86795.16606847271","75126.57833435368","97778.96570458943","219996532.23219138","17737.103559421426","324.86265212676096","583.4930150631839","37405.88767738093","37848.083371430235","30041.688711767943","39977.9687931273","7987.501180928246","8358.767789593856","8197.662439016316","9721.17768175608",
"BreathSampleCollection","23.59642152845228","17.37335370747222","1001.9934658844812","596.3913583129574","973.531582127038","5932.763216281701","5757.96492973418","5933.813315091393","5860.84360851295","10491.160976271738","8478.63714936381","538.7515165429202","543.024356803797","2422.461458704983","1566.1233285759586","10074.141915870447","597.3920021055404","1742.2507962379716","1099.9146021525173","1092.5015636424732","653.8165183503451","6615.538024349769","6218.867007505396","151766.51893252227","72475.78777781768","27299.100683733173","18477.932949788006","250.72935280494403","511.6034477099668","5415.12218267153","562.7306808314167","134.68924463135124","138.165834739946","986.9712175394449","3460.9632126071797","328.95487693366516","309.0567500059165","250.9427464305397","197.22980201255885","1477.7626467298737","1373.0750698416177","733.3050591805896","1988.9693987005408","4205.228648184725","3673.297562930462","10857.995794028046","4965.274380450377","221.75956857147165","2733.8820690849357","2182.6789813895684","30558.938799115225","85561.49715546267","86563.43238483292","74926.3870559461","97497.18570765387","219848272.1363381","17703.649380107254","324.08219558744725","581.3451914230965","37312.75065631942","37756.9108478505","29981.584160798546","39873.05882085035","7968.664954616288","8332.70619487358","8175.813924865997","9693.38665191464",
"BreathSampleCollection","23.58600766633944","17.32689078748019","1001.9289133569832","598.468160126676","976.2597885344577","5949.586527778092","5778.621988699983","5952.804024635964","5878.111595005009","10520.606577529052","8505.021631672467","540.5822128991872","544.7821604796978","2426.3419489134963","1567.899915876091","10080.841751555823","598.7915219526739","1746.5873343956284","1103.8171129714135","1097.3909584013093","654.6159830850155","6657.082778764617","6225.7453394481245","152174.7915113111","72663.11696472965","27356.45359156257","18534.934679744936","251.3782433500261","513.5744281958955","5449.172509277013","565.0609614199282","135.1000637894382","138.5663346181565","990.8420865236004","3493.4501890888173","329.92735213148404","310.01122558541095","251.65536865671945","197.8399647510537","1482.2071624563844","1377.5158361461126","735.4819394626352","1994.5818495027097","4211.254191694576","3675.0250921907423","10888.019365734563","4979.670210392824","222.44112632865662","2747.0460289267235","2193.4664938609762","30548.683479629377","85812.7108779725","86825.0278871697","75141.79097228026","97795.94444945033","216563684.87550595","17703.6126390298","325.0833585460013","584.3199624896763","37418.30653621542","37873.39621557362","30055.457169430316","40031.73265764091","7991.048654279964","8359.690777292022","8199.959627874621","9725.468260638165",
"BreathSampleCollection","23.610413080705776","17.562869110274356","1001.7868080281877","597.624483154254","974.3633035897129","5940.863340642161","5762.994544018002","5941.509021224028","5866.590717818549","10504.474091206584","8486.358727586672","539.8060209622907","543.8420321427401","2430.5802113826085","1565.9247945287254","10028.207156168495","598.0957680863089","1742.6065183736384","1101.220678080817","1096.1583581257999","654.2666625801191","6628.327076880079","6205.180242548204","151903.73433253367","72543.51964538619","27310.258770972192","18499.38185354568","251.17977456777808","512.0538750393358","5405.526460765046","563.3934829694837","134.81948298504122","138.2810365419196","985.7325252178049","3468.744951347925","329.26679933496456","309.39077001168926","251.16803286389444","197.40529088049695","1479.1829208362522","1374.7017467851617","734.0813146728432","1990.5313250048666","4216.064755186791","3667.062991711825","10864.118606073966","4970.348461749983","222.05519574273055","2756.272193897868","2181.9701680468525","30516.71674876758","85625.80266157","86666.96592008436","74991.65503861112","97602.68031979149","217334811.48377803","17791.69691416524","324.3982005267542","581.5787334898865","37346.13514488728","37788.5796153859","29996.02348718623","39935.64595264663","7975.925203406915","8342.070166659625","8184.9383115642195","9703.166114208554",
"BreathSampleCollection","23.641713933913213","17.351441897414205","1002.2127948283692","599.1644236757654","977.2647119281453","5958.442767490358","5782.757736089018","5960.319443105043","5885.211196309077","10534.724212383184","8514.512751379638","541.4486794039025","545.7245879393222","2441.676862654291","1571.9139828002262","10106.535462020169","599.8647683209543","1749.5075301282966","1104.8120000325828","1096.6176355272205","656.4263670049004","6669.374586173845","6247.707605740815","152400.70853159946","72790.00894357859","27373.33418454723","18563.477947163792","251.81353106798957","513.8350507692327","5423.14107791537","565.7979716925273","135.264211410619","138.74206374144794","988.0832242449326","3481.190910766774","330.3080714658886","310.3816235383228","251.96349901057778","198.04573836441057","1484.0028694059495","1379.0608054371764","736.4389907461779","1997.5093204495954","4240.59684818937","3683.873639594875","10896.979662831756","4986.388153085696","222.69499549116406","2743.248705550987","2192.7544726206306","30734.442751558323","85898.33838737878","86930.56498636144","75235.91007449833","97917.48719340569","219158255.7865023","17653.81118499241","325.36706886342205","583.9208992689981","37443.6711992658","37919.24703872158","30078.163378202236","40086.55939176417","8001.068369455111","8367.0228039991","8208.429793913881","9736.868958892777",
"BreathSampleCollection","23.59633991371865","17.696277277129163","1001.90487446346","599.3685277974753","977.2448257708958","5957.807282658619","5780.5776980951705","5960.523273596382","5885.167148121137","10536.959746954204","8515.821253453803","541.2448743612954","545.9607354197515","2433.945667574468","1569.9074061134459","10113.521940489623","599.5492389241812","1746.6958997586241","1104.7309026694463","1097.7179892489225","654.9493764765758","6675.955510264152","6243.6614627931895","152364.88530580315","72769.09638042194","27390.03278168847","18552.307927870814","251.92056319685793","514.185233006231","5428.013976619404","565.2921885481172","135.25678938334823","138.7239104051339","989.2018599578803","3480.4689187652893","330.26627076316","310.36383588061244","251.98564263403298","198.00738171160364","1483.7148206254903","1378.9012207267408","736.3765821773065","1996.5682040471982","4224.167065457772","3681.290861518752","10897.64022049884","4985.516414395998","222.65428537525887","2756.28605886656","2191.2686974413564","30648.041605194565","85889.25885318572","86930.498844193","75237.21193234828","97892.9505690639","215957648.222471","17673.895531200473","325.36134886381495","583.6283751259137","37462.45844790246","37899.193665278406","30074.41173206269","40061.71619213101","8001.173115870515","8368.134877578917","8209.698310798205","9737.490113136013",
"BreathSampleCollection","23.617649489627237","17.20238856258323","1002.1086143521298","598.0037622058534","975.1121646096831","5945.585734822999","5769.376032214506","5946.912228134002","5873.007544534384","10514.906316421937","8493.717243416013","539.8576310583946","543.7931024821645","2431.159651543282","1567.2850645725052","10110.599119750648","598.2457391336968","1747.3091528183752","1102.222609779837","1095.8371998634982","654.1472212846294","6667.033167678354","6226.321699208601","152034.6320758418","72615.15542403917","27346.296253776254","18521.701950428087","251.1881088403907","512.8983455115415","5443.710952287221","564.4157071416723","134.9708848787093","138.43547581616446","989.711940766395","3460.5124261682204","329.6231101419229","309.69113200392144","251.409281902111","197.6143224324556","1480.663936828485","1375.9738040863365","734.8904645719134","1992.4686849475352","4217.274319021987","3664.2954121001885","10876.807232636733","4974.904107320703","222.21281994188612","2728.0638119691766","2186.028136991915","30513.812911931727","85723.88082096801","86737.35689979294","75079.88449853634","97704.29631376275","218163851.72529364","17656.606915958357","324.8009195397908","583.6742713432818","37386.71731407643","37826.12025762294","30006.71238776113","39958.656520180004","7982.762202123669","8348.514442194799","8189.918742723074","9715.182071747606",
"BreathSampleCollection","23.61518482743942","17.336176968144645","1002.0726274173619","599.3639831205345","977.2449667446595","5960.468427802891","5784.144215401816","5961.606429701235","5889.213152998718","10538.309107976127","8516.098808822457","541.5201685955917","546.1782012404377","2437.0992645283163","1570.4706763420447","10060.985483856599","599.7645520330641","1749.1475617406816","1105.032740409352","1099.0374312365016","656.057512496923","6674.635061373382","6251.260984080522","152447.59328941148","72796.27007364455","27408.263577050493","18560.80885364033","252.1040183071549","513.9509241044699","5421.413660653255","564.9894063741959","135.28519510491142","138.75385862165683","987.7142054706874","3487.205642503427","330.399639441451","310.5156057610327","252.03358802623606","198.08407742225734","1484.1937589660818","1379.4130465469495","736.7675008816036","1997.6551287423106","4234.762561076206","3682.723899500809","10904.116951596201","4988.379705017632","222.66570642452274","2755.8609764263247","2195.385680478349","30644.440947997995","85923.77207319999","86971.19426349325","75263.78864095685","97948.12574528693","219932743.80207565","17711.446185512494","325.6764431727168","584.5169736722496","37472.400389990544","37917.68587268603","30094.172406096564","40067.677269394124","8003.055904739121","8370.418660090672","8213.25717851895","9739.577340451871",
"BreathSampleCollection","23.611837331319624","17.552056775839322","1002.1350059322351","596.7802108601851","973.6671355335094","5934.482587927085","5760.032251307796","5935.171789146478","5862.3946937225355","10494.507440002517","8480.130008642664","539.094159409362","542.6435807174296","2429.958153216338","1563.7270165870502","10071.742251421925","597.3573502868253","1741.817201798312","1100.947403234068","1093.6780065903936","653.4646190507973","6610.048933782915","6221.171949070154","151767.23196423805","72472.21963295167","27278.556233099956","18482.413281415415","251.0011913163163","511.55515848388944","5407.53093421692","562.7484323447001","134.69707803387578","138.1950295025532","981.786885451822","3469.2271605421397","329.018555131186","309.144269018608","250.961633958419","197.24393662272033","1478.1118711447562","1373.8593581884681","733.5931891345787","1988.2824384568632","4204.839149934496","3663.23288254236","10855.328203872175","4965.686559541294","221.8320314463938","2734.571500313312","2184.112906935059","30549.361708912675","85572.55815147687","86580.98980520802","74940.4730292205","97507.70827169497","217353098.37957713","17636.186099350853","324.11506302404047","582.5282167722625","37312.08870856855","37769.33939197815","29949.870911977818","39919.012407488146","7967.824596699194","8338.109678377703","8175.690098096361","9696.609531840626",
"BreathSampleCollection","23.627087896381585","17.599323525586765","1002.097291375078","598.9176205849793","977.1462942865608","5956.833513091647","5776.938156280283","5955.783390715687","5880.48175423146","10526.874069540654","8506.256929571684","540.5491098923474","545.8816540357402","2436.1075601610887","1569.5187502625545","10114.808997312472","599.2761778908507","1747.0956117683504","1104.110082301086","1097.9027634788024","654.7366748082509","6668.669258684655","6250.896387756652","152284.6891836262","72722.651758902","27375.086448239905","18544.931655660723","251.49523890689306","513.1100148840688","5449.063349944188","565.0138637208249","135.1089636615702","138.6418545932028","986.5076083864495","3480.73216082037","330.04405097899564","310.1765668736879","251.789508128707","197.8674830722859","1482.6572678836105","1377.9991340150266","735.9158053920584","1995.1510110172683","4241.896651385824","3675.08687007325","10889.993552176411","4982.703950548475","222.51500569964455","2750.112644707266","2193.006319173287","30723.551506179087","85852.9399635223","86861.21955940046","75181.50012465005","97821.42505044077","220674399.3600963","17665.902439822014","325.2016254944819","584.0578119488013","37439.1105636936","37890.97624291254","30049.488608710137","40009.74398557473","7996.385035047449","8362.976978746774","8200.959835966867","9730.030783936363",
"BreathSampleCollection","23.60795106004955","17.58250379539769","1001.9655559337316","597.2642840722532","973.0771237353457","5932.79797719216","5757.874816643202","5935.971815937882","5860.350370741642","10494.419581721519","8476.233325090292","538.771811726159","542.9354710981736","2424.6888096875705","1565.4739632719804","10037.875764702701","597.2621850626258","1740.6808170099405","1100.2242624976243","1092.9391692608328","651.8870503625044","6618.951308641699","6188.273788766785","151716.44597796036","72468.23010929691","27287.03754505961","18477.128844214883","250.9361788570822","511.7325202080657","5385.895146758278","562.6243725778763","134.68225193023895","138.1872852958134","983.9325536523489","3460.5622117432335","328.9888462639327","309.07787292348263","250.91511925473725","197.23118068550966","1477.7558098219251","1373.2874739364954","733.389865368139","1988.843994201676","4219.723189040011","3677.376209571577","10855.317038802244","4964.544980421106","221.8953812805472","2735.5537370601437","2182.110484111676","30515.006882739148","85557.91830855179","86574.97764044006","74923.59439530259","97505.8010270151","218498791.97435886","17592.00843171046","324.0221266124597","581.3919661740274","37306.29392213237","37756.186423781495","29954.036771194766","39885.00729891084","7968.593855263986","8335.305522641514","8174.960892336265","9696.00980605099",
"BreathSampleCollection","23.606801579254576","17.415263516474383","1002.080501296254","599.3874477979506","977.1668957983534","5959.5849349419","5781.091326320702","5958.956059621823","5885.808765173935","10531.530227662592","8514.675241970135","541.2576744965479","544.9658734611403","2435.834044818011","1570.6244419442762","10121.984849922075","599.7207833347933","1748.2822459622214","1105.2949794786518","1098.8635334705875","655.5707900250875","6643.600139434524","6240.658331072195","152341.06187148564","72755.29426946824","27392.76886134086","18559.82494524027","251.77236574810723","513.4991512998781","5441.323908016474","565.249141096747","135.20716124207578","138.74425781404764","988.4912754097658","3475.3711110443023","330.31677076247337","310.3281160661998","251.96646116095695","198.00774470568027","1483.6581019519751","1379.0972122773662","736.3289876310217","1996.2710097875622","4239.466962021995","3683.8352359933897","10895.956939514683","4985.977627998169","222.68028172332367","2744.6977994585122","2187.067537177303","30743.715623851152","85915.70506606618","86941.09947302962","75219.5246821262","97909.30309104339","218490343.78820467","17675.609858891654","325.2773585107978","584.0344422898509","37463.7498488137","37924.48661724288","30089.8573791704","40045.179815283205","8001.314639915397","8366.448446542832","8207.746703748624","9734.348314626128",
"BreathSampleCollection","23.615669840457898","17.32791874793457","1001.9807184923148","597.8865915368281","975.1486766037181","5943.746341640542","5767.95581435617","5945.870500057935","5873.743734605782","10511.593270604808","8495.620088651285","540.7527485308569","543.9666893625446","2428.5536437416563","1567.670416271626","10062.802429429708","598.4823241308661","1744.2795883410517","1102.4598949935694","1095.495655792577","654.7933773808555","6632.674618190696","6231.310807601037","152002.6702697834","72595.43925933221","27342.530300640563","18516.826492273096","251.20049226363423","513.1666127858571","5407.222386621304","564.5046942422695","134.95875392375018","138.45111472697266","987.2532758175145","3474.678614189979","329.55509022561654","309.69494986445443","251.3806852805389","197.59258164357436","1480.7665390446552","1375.9815610633243","734.8085665240951","1993.1847371385354","4223.381856669931","3675.642578984908","10874.455744707167","4975.298862222972","222.10653622375676","2730.5988510114","2187.9229257613392","30642.441721615247","85703.1379508803","86734.19485214609","75076.36707271282","97717.97651447215","220699010.9317674","17695.077775117068","324.6474809217067","584.0723684737545","37383.40799856371","37815.730163871165","30028.92116220936","39935.329157702065","7983.58726820015","8349.531737044013","8190.776151708593","9716.012289840019",
"BreathSampleCollection","23.624318577804434","17.274611890393977","1002.0268566772824","598.0052451307937","975.4055044802244","5945.5448909958395","5771.879557634695","5945.6105442255375","5871.685433620549","10512.075721753303","8492.421935861423","540.2611936506531","543.7029138148124","2431.111953615563","1567.1643894747965","10096.438821620972","598.6320982343118","1743.9489981223605","1102.8110598350274","1094.7257981803045","653.6647010651025","6682.163698050202","6216.5174057148","152041.54440533998","72605.62391729851","27322.237973463925","18513.062624435115","251.4501196000766","513.6123472985788","5424.40602780684","563.9141349707927","134.96252439238728","138.38795531387797","986.4998490027913","3464.5850253083604","329.54816339658794","309.68243694507913","251.4061891898762","197.57214209019747","1480.2932724062964","1375.790067937702","734.861143822163","1992.7375437039736","4216.474506200366","3677.0597101418534","10877.657309734293","4975.1138595668","222.18522021203003","2739.0804667199372","2188.5255877944246","30654.169117928337","85729.45929954984","86735.86787750096","75066.42873482018","97713.80580163574","219740339.14468908","17614.244616883814","324.62542454159717","583.1621532220986","37378.97651649756","37840.43856474491","30019.375799528334","39997.90506890324","7983.497407830249","8350.121015573943","8191.519965050047","9713.836272213712",
"BreathSampleCollection","23.603206318072402","17.70922180089282","1002.124112061482","598.8873968858849","976.7768691381092","5956.293018491742","5778.739812958239","5956.483701890667","5882.639562185141","10532.321989819788","8510.571391113614","540.5397499120073","544.9779304422291","2428.896073107118","1570.6056529730902","10101.605247275147","599.4528412912299","1746.9114920372217","1104.1374838269537","1097.2606637626423","655.1199572484583","6637.882992846409","6215.476919800462","152265.8351376953","72722.94386629315","27374.755706140022","18540.92398394245","251.8532569351083","513.2230246717858","5416.80819755228","564.6045294832271","135.21064442149856","138.66983609317074","988.5446577448514","3477.9455532458487","330.12489781067836","310.2590913147628","251.8631938001724","197.94682401209897","1483.0387525745157","1378.523811715553","736.0960397203039","1995.185380723068","4229.269162503991","3674.466145042868","10898.62491731908","4982.7233416351","222.59034879388182","2735.45320710486","2198.3548849853114","30675.67446016453","85862.42931940951","86887.63907028911","75196.54064195234","97890.21128320335","220161606.78546807","17665.746051995455","325.2580600510607","585.0792755283532","37444.97450090837","37879.840634965905","30076.979722179552","40033.63218697166","7997.500817291081","8365.143864401252","8205.095194175563","9731.823216850968",
"BreathSampleCollection","23.622090451394868","17.411223101470462","1001.9842555544458","596.8569578530522","973.4521947158784","5934.049692669639","5758.016408085909","5936.697564043804","5861.41423197345","10494.74938304156","8477.78577910512","539.0304624250306","543.58608922059","2431.4304195886184","1564.0683886534578","10011.541939238727","597.4457217197612","1739.1266115205608","1100.2861072554049","1094.2360942712578","653.1400830416903","6634.990919938608","6223.606848972423","151751.4860073934","72479.11773187836","27285.43407723167","18486.858872390123","250.8186411945225","511.7597389017883","5378.366467717423","563.3446950600706","134.70901781877214","138.19577966159505","983.5974952921489","3464.656659671639","329.0129748241811","309.14227683458773","250.9371116891432","197.23728853603373","1477.8177503337622","1373.4888910532063","733.4334273510536","1989.6101198078354","4221.4964669428","3669.3439136685065","10851.999611108738","4966.281266021434","221.8512143432505","2734.725241144219","2182.3281202141525","30634.192187337347","85582.8947951603","86589.35204212925","74929.71500689836","97515.20501212588","219666533.4454475","17692.846299268796","324.1480298294604","582.0067436549383","37313.30535194384","37760.76281685284","29990.58057625718","39895.86411632776","7968.856391241835","8336.21284876906","8175.859410220745","9699.515129604464",
"BreathSampleCollection","23.615772067205477","17.397808392431084","1001.6891816457526","595.5384135624416","971.573114851819","5923.510114930659","5745.56959453889","5923.949861388037","5847.781988771672","10473.081026042595","8461.643655758739","538.3881552901087","542.1257649659136","2418.5507133362075","1561.4586264487284","10077.244714538307","596.1307963371187","1739.8172063131155","1098.025661716416","1092.0664468920781","651.3604065785008","6612.761494156033","6219.718916367975","151465.17853041782","72303.63463234936","27212.511289655748","18442.04865883739","250.36278254811694","510.444300219845","5398.066015271964","561.9810354715681","134.43051719952547","137.89953228283323","982.434450482834","3471.2304069265533","328.27240640304797","308.45300218071407","250.43104630913982","196.83726744376787","1474.8857435927268","1370.7479812767367","731.91670178943","1985.7974098747802","4207.389053821687","3660.635998807672","10831.726609080071","4955.45744866924","221.35910392829098","2737.3723823264027","2178.998936186693","30511.245709039827","85377.42250234386","86387.20850392623","74772.06123128129","97320.06683863206","218599381.1865258","17561.404421134812","323.4347687981943","582.0059107347827","37233.67582203382","37677.8553438883","29885.04373329724","39850.716347818925","7953.055079628203","8316.218956122559","8158.76618811429","9677.193935512845",
"BreathSampleCollection","23.6314331080861","17.4589984757968","1001.9429355547894","596.2051203823224","973.3446199726546","5934.362791277806","5758.073033649979","5935.909879105418","5860.894975412771","10491.892317299358","8475.672765571522","539.0506563690473","542.6758692553848","2425.0465938048255","1564.347416638373","10118.819404569864","597.5404908953504","1741.3981259175878","1099.8496220524692","1093.5239005489505","653.0266620954407","6611.664046812422","6212.804830312248","151747.53927282276","72454.34295442824","27279.638769250218","18480.526635884322","250.89799477348677","511.7758174396308","5396.305166752981","561.954899991852","134.6769274522505","138.1612507106943","982.5478057081435","3464.6553460017035","328.9376796417217","309.09774752777565","250.9442780172629","197.23369121109693","1477.8776124134022","1373.4292418829807","733.4192710361136","1988.3723930766048","4210.291728895718","3660.8371268638107","10853.428755309442","4965.117730980922","221.8530603210643","2732.2899400103474","2186.6487594515593","30527.925717235572","85554.99302319776","86580.36553549657","74929.03472388907","97514.45158612636","219326882.58012444","17623.012815197984","324.0044710619275","582.764419532884","37295.19290455535","37763.20535005732","29968.881573237413","39865.9998118129","7969.405763311221","8334.24783545665","8176.296505524101","9692.73931566276",
"FeNOWindow","23.59561528815895","17.464703434053394","1002.021080325032","602.0472307238429","980.9727177624812","5980.36263660491","5805.09447178145","5985.533578181253","5907.262247028837","10578.972832414156","8546.869092377212","543.6739068596127","547.2994010004567","2452.02576596762","1578.0707041913688","10126.031427366079","602.3408105939592","1757.789197714777","1109.2758002989847","1102.598228403245","660.1989458625376","6702.627065962361","6279.16876935535","153031.15052418277","73046.46372743162","27512.028434064276","18635.325564577397","252.89581268277476","515.8570525813946","5436.139255503144","567.3775469727033","135.78584420310224","139.2978309746239","996.6846910418664","3484.5375539788142","331.7112132479632","311.67580671745975","253.00999248354768","198.86378994391382","1490.16131451363","1384.8499380773662","739.4047432330499","2005.7248413519715","4257.027262387567","3696.4819657613625","10952.174363990274","5006.477317865728","223.5778066268445","2744.5865336844527","2203.956832501763","30880.17688617834","86280.98547478716","87291.31724873542","75557.93033664358","98325.9550428896","221785799.40659982","17785.86401365715","326.81603498782005","587.8960086671843","37619.7071531148","38052.500538221604","30200.16409888389","40232.319465163564","8035.560389130826","8402.615004290492","8244.003358405085","9775.2009852181",
"FeNOWindow","23.646505468115137","17.16749941827932","1001.9935857653575","601.7471162104848","981.3138052042302","5978.916036579604","5804.253007580638","5983.966388873145","5906.450777869419","10576.628166507453","8545.293578508816","544.1174636106389","547.3023651303251","2443.1929773138068","1578.307426403372","10140.38379064178","602.2077237628158","1755.168691680102","1109.0262753293907","1102.7220003681173","659.7956961945378","6712.747064300764","6271.02565890856","152981.88073615063","73033.53548526506","27498.008876514104","18631.162888077513","252.86343683517163","516.1094981540743","5447.750928782914","567.5136677652363","135.7858744289474","139.2537054029127","993.8216614914368","3482.190768959522","331.61271350253605","311.58360768355067","252.94833496732443","198.78546348077998","1489.564661619958","1384.3917709683387","739.2560069013925","2005.5175111525311","4238.349753569597","3698.298399418704","10944.872454378208","5005.335550772971","223.5398268631243","2743.5218421865147","2201.7981162448546","30846.709546861086","86246.06768078673","87272.29540152827","75534.22850438044","98288.65371955345","220599981.92317","17763.43626556633","326.8473743389729","587.9578970566795","37604.401104623634","38037.83753126286","30201.723937134728","40223.52553945164","8032.947372621526","8399.604971315757","8240.691992960259","9772.649603012404",
"FeNOWindow","23.65275454733484","17.460924042116922","1001.8770308965006","601.5424692176065","979.9995459403618","5975.232069080334","5800.6668673497525","5979.469266460223","5903.12675052383","10572.320960380986","8540.170064980695","543.2833676925441","546.9629770742922","2441.17094673311","1578.110155721509","10119.025900314755","601.9099980909888","1756.3737830442153","1108.2873198990103","1102.2621610391818","659.5361811078193","6678.214736082508","6244.534574070178","152890.68334245708","72974.98206597813","27486.888603260548","18619.979791185622","252.6399492841986","515.2514416485636","5430.6462745144545","567.489146286259","135.71570872275007","139.1836944616419","994.7683294154166","3487.9525440204407","331.42658019125145","311.40401970863405","252.81875057816316","198.68590888383383","1488.7555652653891","1383.5284104870602","738.8322033069027","2004.315605624807","4240.7968865269995","3688.314625541764","10937.675314238475","5001.943707227341","223.46794092861467","2749.182110758054","2202.8856016056498","30822.679310036256","86208.5269438054","87214.15515866115","75485.26085309459","98236.92539920991","221439010.27502224","17776.022981758662","326.589408900692","587.3994398039781","37581.134418596186","38012.46779136809","30182.44225275021","40199.85194789276","8027.961033536402","8396.378813846097","8236.371943472308","9766.822952086473",
"FeNOWindow","23.629218841136638","17.649759808463724","1001.9108674598015","600.6063419169338","979.6823140793741","5969.351002189904","5794.831754337538","5975.176575442044","5896.939998048636","10556.53535831517","8532.346281149246","542.502982900696","547.1348341423213","2442.609138328326","1577.1942074925319","10127.388733132124","601.0908017906147","1754.8413267982767","1107.308592024003","1102.254847955601","658.464171610767","6665.1373355276755","6274.633630633901","152754.1710484645","72909.61656838862","27457.162648349597","18595.06217451372","252.40422288771563","515.4879787858697","5444.345854752845","566.2513740737419","135.56433694425016","139.06197048811688","993.3814283808683","3481.4262462677802","331.08294950855446","311.09039332204287","252.5759318931699","198.50853638545462","1487.2723803919098","1382.1585744836602","738.1032741162334","2002.2353132514131","4245.627601238041","3692.307276000595","10929.556386153412","4997.134108627633","223.19393841912026","2732.717498895316","2200.4122804438166","30844.173706773203","86112.02591178422","87135.64592590126","75417.88530548831","98133.51465775057","221765341.59687388","17750.86378179128","326.25081887313956","585.9834299049097","37541.70547633624","37985.981776381195","30148.527423905398","40143.11181839319","8020.875608541086","8387.004062408498","8226.421095025002","9759.61043755791",
"FeNOWindow","23.60357538115087","17.420300137498927","1001.9894507366301","598.7299152433294","975.9077286597667","5949.944301110143","5773.676848096218","5951.82979274988","5875.307660262057","10523.678257848993","8500.699849695271","540.6779454964036","544.052566201882","2440.2891930959677","1570.4224809472269","10079.513316676632","598.9876264159956","1747.1953900346696","1103.5485700723284","1097.6399981424388","655.7056344567303","6668.844224876081","6230.485627298029","152181.09592018966","72641.60555706374","27364.6507308691","18530.57888377492","251.53483937603212","513.5428249286799","5421.671360919687","564.3293394059357","135.0614224662346","138.51134544054776","986.5796953073666","3475.5958062371496","329.8665588322413","309.97145666202255","251.62575424660162","197.78195045083845","1482.0112437017813","1377.266987790956","735.4371065272273","1994.5675843490842","4221.893482427532","3681.469939068834","10885.247566305976","4978.525643548477","222.38194907951546","2728.927931698881","2190.5973325529735","30627.3877893074","85815.7736808021","86820.93773216043","75136.3346042918","97769.66350905427","220885422.01447836","17668.63374183273","325.13374375481055","585.2372957328358","37420.78990520927","37852.04749430802","30038.366376764712","39989.89891473645","7991.178895632581","8356.737665824172","8197.604170732153","9720.046466827655",
"FeNOWindow","23.59419188099893","17.235799232889928","1001.923010395441","596.5055766449924","972.5993121126072","5927.179366383609","5755.266399319133","5932.168574121818","5854.90086065403","10483.021280062641","8470.537444828266","539.9334241828511","542.9526564639261","2432.0820728885587","1564.0402753448293","10062.502549776418","596.8154690779008","1741.3695773185489","1099.3830945276536","1092.5801799326007","653.0182727967291","6631.1382161397","6205.226562616702","151631.96060154837","72383.96057902795","27256.619513662827","18458.122917291064","250.64456883032187","511.95836104381243","5407.249556204949","562.5936034496441","134.59306396371795","138.06899408863532","987.6167743705494","3451.206318174804","328.6924499710789","308.882722234518","250.7264135479238","197.05421263724884","1476.7450568878437","1372.301031171525","732.871511832583","1986.9873579912498","4199.962071806938","3661.7421039914234","10846.526464853958","4962.105851866899","221.60835933708637","2726.6407124417783","2185.7447945362724","30637.724404741664","85500.42740093709","86504.28100326202","74873.7216148923","97421.36358204707","219464563.32566404","17703.1478591456","323.9582136336847","582.1931270865792","37266.66609195278","37707.003472475","29929.85126237311","39863.10558965445","7962.739719767116","8326.018286648998","8168.399820724712","9687.232675215624",
"FeNOWindow","23.64311224534936","17.519281141154842","1002.0028748479181","598.3816520807482","976.2214326315641","5952.021069564677","5776.670564006102","5955.205400918641","5877.971210313248","10526.3981204997","8502.78383186631","541.6729391874479","544.817887663342","2439.1897021562636","1570.3868599224002","10075.06929727328","599.4155705982813","1748.2320700870387","1103.9536226807547","1098.1986454102089","657.1009237514919","6652.972703910793","6233.797664560483","152214.1962688283","72669.59927632053","27353.97708094668","18532.330416684592","251.67525249588465","513.3629327232445","5403.836299804188","565.0696961105103","135.13859163731018","138.6009385227713","988.9434855882254","3478.0388885688417","330.0050456778416","310.0661674657909","251.70385129198687","197.84715086444712","1482.5493074405356","1377.8064075155044","735.6806844687178","1995.3073233429056","4223.031064535457","3686.7160939370096","10892.328660503064","4980.5914971727825","222.56784802269553","2735.02126941438","2195.0895973028214","30709.292579999517","85829.56534720563","86837.68461416005","75177.20503225131","97813.01511489191","220846190.71461308","17668.305030830543","325.1448696811437","585.2878617900627","37416.66149803231","37869.72616863409","30050.807940204046","40001.65178020728","7993.057162818225","8360.864559468355","8201.644038412895","9725.812650658801",
"FeNOWindow","23.617535248423767","17.216479745374382","1002.2793723302572","597.3644562217177","973.8551027071604","5936.723127838184","5762.4821146524555","5940.902364256062","5864.129033512816","10499.70090282556","8484.319610779754","540.1241516161898","543.7710330892072","2431.933576904911","1567.4655219612066","10031.584785061375","597.7080134163575","1743.4032193166304","1101.2464190108155","1095.5282006735074","654.6692202529813","6640.611550089778","6209.448132196934","151880.05046731932","72488.40782661349","27299.20824467236","18491.41465022966","250.94516803697462","512.6751000478338","5393.637691728479","563.850285252552","134.74158094003235","138.28020237177148","984.1851116530072","3465.618706304146","329.1773918111383","309.3335009643527","251.08296935620024","197.37820060017873","1478.764641836715","1374.2174184638536","733.8755338965374","1990.861430797511","4201.94947838544","3666.7446166088007","10867.944659971296","4968.96551029394","221.9799045607868","2724.4618674955454","2186.8487469982506","30654.323413901242","85627.33071723448","86632.57267460361","74982.88214709051","97587.3702842701","219353411.09797394","17672.071955565585","324.34690180050126","582.1158425328169","37317.69808576177","37751.65468786375","29988.467107945726","39911.32728375939","7975.240618414492","8338.821006728009","8181.48647889204","9701.300689391806",
"FeNOWindow","23.593869378812776","17.61746609782915","1001.7976890112828","598.7355659274398","976.1413331755201","5948.370600643391","5773.2374761992305","5951.700675188097","5875.317295934982","10520.470689047144","8497.513511107622","541.1306557284408","543.89391382473","2435.6888732505017","1570.2062891397168","10081.08117154126","599.0856173210861","1746.7456593127974","1102.9726536803587","1097.0331669291616","656.3197066391509","6654.453951862394","6225.285837238479","152137.5917064029","72627.92049998156","27332.90588219674","18526.74779047202","251.44733459297532","513.1860349260652","5421.413525290427","564.2553420013662","135.04315909157083","138.51251513836982","989.167827119908","3455.435722557453","329.80767772034835","309.89688129290727","251.56962761296154","197.7653563486356","1481.6119931107924","1376.8826538855046","735.2891410783983","1994.5178745300811","4231.063947042374","3673.963884437353","10887.615564129117","4977.402021616587","222.30580236017136","2736.4167625954196","2193.15813404809","30726.93414737958","85786.9547986133","86791.79333459518","75128.2408811991","97745.30220530431","220558436.67932433","17720.48986713193","324.8728112330758","585.1659606355976","37398.94052132603","37827.14302758317","30037.954214266774","39995.101090735574","7991.018659430882","8354.551370258483","8195.369192128921","9717.803536681287",
"FeNOWindow","23.6050768156166","17.602176086836185","1002.1815242928484","597.6532403926357","975.1753208098207","5941.857945684099","5766.2150472597295","5946.971892736387","5870.704493201481","10511.065685260088","8490.797587397938","540.5010165424011","543.6764984222448","2426.780156258012","1567.1148530587373","10047.14735209265","598.3424478749879","1745.0379734184621","1102.2130690320666","1095.7949098865804","656.1022943204443","6657.752727859281","6239.476930099711","151983.01736201116","72573.64882992611","27336.314679760017","18514.857129030122","251.2716147805573","512.9324412976956","5393.328263627465","562.9672311521749","134.9245775766166","138.41391484691107","985.561227692739","3459.8360357861065","329.53424032606614","309.640672015833","251.38550755606673","197.54999164949626","1480.4567909200853","1375.7887654952292","734.5838899619811","1992.1570558983642","4219.272735340176","3672.8718118484353","10877.643639152058","4972.6465669207055","222.10862277680025","2715.9600423988127","2184.2608028449977","30670.941741832336","85719.66441210183","86724.29714965774","75054.5564803049","97668.35375708617","220589646.31776142","17675.702962925094","324.7634347519905","584.3470250576758","37376.434454063194","37802.45759705281","30001.686611138488","39957.034249749726","7982.619963126583","8345.10120590756","8190.7418761214385","9709.941522851272",
"FeNOWindow","23.617282759303478","17.583917298382932","1002.1190000072917","597.961301856007","974.7800566245542","5941.216169415778","5764.548710625441","5944.341636407102","5869.241481688229","10498.8094321606","8486.964060767139","540.5246912723627","543.4984429918162","2436.7337353955336","1570.14040743339","10067.296520683298","598.2629939148591","1745.2600225178867","1101.5877796785119","1096.4695414771884","655.0547295381455","6660.3213667687705","6226.258749337272","151970.25327079592","72533.3601563083","27321.483134878246","18502.992555111585","251.22015857922307","512.4206437935345","5414.167007829159","563.8506356430339","134.88800536979542","138.35198627775384","986.9334729770608","3467.0915403020836","329.41486444653657","309.5265543275312","251.28258089613476","197.47755405375221","1479.6695410969876","1375.2395654298587","734.3473838566816","1992.1164844279042","4222.207117549598","3659.0941304430394","10876.14965080519","4971.71515466051","222.00157352826318","2719.9486475399003","2186.934418152746","30609.46648256029","85677.92343727671","86683.3103730031","75036.22764840668","97640.8942347335","219485776.83802631","17724.12548708352","324.71558898164386","583.2457495267779","37357.93585180138","37780.6807897086","30005.371196905213","39959.82316925946","7981.395937687334","8344.058142101785","8186.26314166052","9707.045617866863",
"FeNOWindow","23.58908361228927","17.46479819925021","1002.1541027082609","598.4186114338777","975.716853365438","5945.732296336644","5769.023905153675","5950.104023787694","5874.0543134805","10515.04265661849","8497.417286702277","540.0364283760829","543.9587714282304","2435.721008020653","1570.1139163761704","10092.912732271217","598.9241893609206","1744.642397873297","1103.1988606633029","1097.317784480634","655.3645062317274","6667.069104496938","6235.200084170683","152092.3083928205","72627.4341803105","27348.074833431016","18528.253816784414","251.416730944241","512.9969907201555","5390.132620828203","564.9931771011303","135.01551425034623","138.473647354388","989.7590288921114","3472.1842396418283","329.7377708790211","309.8172041538697","251.52025188595456","197.6973530880606","1481.3368347492817","1376.7042168619228","735.2265901079027","1993.8643427464797","4216.454718901377","3668.36699691651","10881.917272595218","4977.233260992177","222.33810744355767","2725.437668911188","2190.3350175658497","30721.788228503694","85770.54429912138","86784.28924453","75108.65675270316","97719.43156165833","219271003.32232085","17676.589625282424","324.8448595911576","584.8240461271678","37393.86268961177","37822.09156208198","30039.562137300243","39983.69018824054","7988.155228632588","8353.502969857696","8195.804038496715","9719.014657919517",
"FeNOWindow","23.600630440884903","17.403847056532598","1002.0819644182941","599.7618508700323","977.7794276969523","5958.521494793","5785.2481312225855","5964.143738790267","5885.945470538701","10538.910802749437","8514.450225445706","541.4077898959406","545.4603331636731","2434.7128682085263","1573.5097813158811","10066.689414763014","600.3741059493177","1749.8442461079546","1105.1119419689849","1099.6219052499634","657.0497788325831","6661.142095486665","6244.844029053344","152418.71419930118","72754.45941552315","27414.583626287","18574.952553947747","252.04077664774294","514.6662438960599","5417.746376077646","566.2296990230998","135.27158068334364","138.82444977125988","992.097711713485","3479.319293942698","330.4582305415133","310.53403306907063","252.09790700961076","198.12750028990436","1484.566454890362","1379.7159669353111","736.7818996278229","1999.2134260545627","4232.798844600897","3688.370533344691","10908.724770549774","4988.222724905217","222.71564753018416","2730.4044719884346","2191.464343448132","30807.73953611292","85975.0866944972","86976.10023468776","75281.98428235283","97994.1636132722","221103323.8601272","17773.165972497212","325.7157330103607","585.7882587621209","37503.263590826835","37913.46153035942","30076.266251866266","40051.74490058015","8006.160297984557","8371.165148920983","8212.697985956187","9737.14461500512",
"FeNOWindow","23.602676745714298","17.508250050083227","1001.9542061028482","598.738112139916","975.8586464837715","5950.640772344713","5778.101267954243","5954.617794339057","5877.621573523718","10522.526868978826","8504.118841219157","540.9710509237026","544.7802136751684","2436.860116088138","1572.7878315586916","10110.174182241688","599.4100804677232","1748.0095022808723","1104.5192385371279","1098.736937686894","656.5980439728511","6638.1956481209","6229.196083046635","152246.36933382766","72678.14453840315","27358.45240006688","18535.33872368653","251.47530470708125","513.5873190973675","5430.797710584425","564.9986464895879","135.11831527509233","138.6332982536897","988.2353408535758","3466.7739851669626","330.0428705265793","310.0885083134656","251.7260566245267","197.85971487660225","1482.710380731379","1377.8251408078243","735.7486739339497","1995.7517855962926","4227.9839818237015","3675.7171002975197","10891.24532717784","4981.012282697687","222.49896650907712","2740.284893169714","2197.4416668659865","30629.453945445366","85840.76662923915","86848.18082678986","75170.42575620956","97824.26683091551","221443123.69022045","17814.70853459831","325.1225238943178","584.4742006912055","37427.08641885138","37864.897004749866","30056.820231268055","40060.34741770197","7998.528091369687","8359.176340816037","8200.531195466074","9731.807932841624",
"FeNOMeasurement","23.603014139861422","17.317428151926944","1001.6987974396953","599.7385438898519","977.2834432416887","5956.246387929443","5782.594638970483","5958.869502572342","5885.834162637444","10533.992540621886","8510.045122644624","543.1323372855176","545.3022577605752","2436.9430343768336","1571.8687799954166","10056.28270268966","599.7912751342062","1749.4795668746385","1104.481177089422","1099.1199144883374","657.2325187050366","6678.812101062968","6268.865476888593","152357.38523613213","72693.55903530587","27397.28208152389","18559.099797727285","251.86028755849804","514.449357740764","5374.242911071817","565.3842033951665","135.1654344002322","138.72759368707253","990.6036294651846","3461.149448362599","330.230090090519","310.3057905379058","251.93234956598167","197.99936016195338","1483.6000118934285","1378.7986593991413","736.1668949024879","1996.8401612038385","4233.1260694540915","3682.6074099183356","10897.425666283025","4984.767152290369","222.60814608339675","2723.4909271167407","2200.5060508738607","30618.200317805644","85917.56140812286","86912.32772021771","75223.48469755253","97886.2476152241","218271472.61013302","17672.79401216367","325.3669266766498","585.5580434608909","37436.98364978564","37886.75970310252","30079.21742539103","40023.17457627016","7999.476136476648","8365.771285877667","8205.118448429816","9732.911987872456",
"FeNOMeasurement","23.632704189121274","17.50590166206492","1002.0270924928979","595.6290844503944","972.2153258532936","5940.7208827182685","5763.287784629939","5945.012152874419","5868.275914105516","10505.334368189304","8486.04128655477","539.5501318532829","543.1667725397758","2422.149409163904","1563.5633713080053","9983.47506626534","596.6774876310318","1737.053111323523","1096.2388296805805","1094.5816236489231","655.2120196133337","6645.97699006843","6213.133369199124","151901.9808230426","72509.63737546932","27321.81064979329","18500.257130040973","251.02014220275595","512.4195552766047","5433.122365643534","565.2695841367901","134.66587944190283","138.15867744569354","986.9819425483233","3437.1817528338265","329.361659616245","309.533525518391","251.29868628561186","197.5191592725279","1479.7848479637041","1375.016106833013","734.4659816234727","1992.6622589370832","4218.299265259916","3672.796874089339","10879.477224370692","4971.792362563984","221.8995504784392","2726.270605263836","2188.290226122498","30617.25546087331","85665.84687328058","86693.19183406474","75025.87730470744","97652.29515973479","219116378.21101066","17768.10955809511","324.2764620736292","584.1481549977007","37351.01774145966","37775.08581242903","29997.75532355924","39970.309370244526","7978.616508708473","8341.545994347822","8183.024129017972","9705.129151542873",
"FeNOMeasurement","23.632128788592556","17.359933534949317","1001.9621355261462","594.571730875305","970.6889749733799","5948.023653833487","5772.734660160259","5950.610655608655","5872.327145698969","10507.376895101283","8495.050001999594","539.7181274597754","544.1135929104249","2421.5413280431053","1564.166125705028","9940.478842788236","595.8296799516589","1734.2912640496374","1093.1135325412386","1094.9706069164422","654.5405598911473","6633.544492003763","6196.020283152167","152124.69012186019","72616.4995848805","27332.318513913095","18526.6575384456","251.12561962997785","513.1964429629719","5429.220505373856","564.1021273922167","134.64620596124112","138.1933539529941","984.0875611424315","3436.1163789278958","329.7192167137456","309.82346788675363","251.4869628342765","197.6897134512826","1481.1538088887667","1376.616213796411","734.9811071858221","1993.9744679442317","4218.207874136371","3670.9335481922903","10883.325397428378","4976.351711182593","222.1653411220238","2732.1489343203334","2192.3365800562997","30689.727832196157","85751.34861576647","86764.46694505084","75098.34750907774","97771.61903392992","221090952.8431408","17687.11947167293","324.54493669311375","583.3210337885798","37394.74847323586","37829.4403230658","30028.795361149223","39996.29314296072","7983.690205374134","8349.684263949883","8191.58399359926","9715.782730850657",
"FeNOMeasurement","23.621088036753335","17.76590690438084","1002.0977885435391","593.0567572931877","968.7177549914257","5943.211554111919","5766.4670352836365","5947.527810251004","5869.715602246363","10507.677853781253","8490.58844993257","539.650848813506","543.4094927953787","2414.182945185563","1560.3978578071753","9950.074735891849","594.86331678525","1729.1375556914536","1089.164558469407","1095.4317874344836","654.0951645446664","6646.93660688956","6176.219676283105","152079.30811629613","72595.51627670157","27335.31823755341","18523.0790081069","250.83337175903958","512.7067009645405","5377.989498921979","564.0448999154805","134.5519900570435","138.0915775602653","984.3364992335102","3411.793645153495","329.58433635658224","309.7138816952951","251.47704689004337","197.66712895020453","1480.870212028759","1376.1925202468024","735.0171583363451","1994.28739471017","4199.849048614188","3655.327666666437","10880.19375129689","4974.574761912296","222.03955712952296","2733.598868104965","2184.929688836366","30685.970025687304","85731.12197791706","86758.90216539358","75079.16601277624","97701.19401023003","219508903.70866805","17629.580738442626","324.4736587975988","583.2416275625867","37367.6266268214","37809.551996385664","30012.80914398791","39910.62331916129","7982.560711185992","8347.800877577474","8189.520299297207","9710.050541476925",
"FeNOMeasurement","23.59183134308493","17.543113210395944","1001.765847046881","589.5009439783956","964.5055435415627","5918.770863607031","5747.89216300337","5923.920867231971","5846.52068336926","10462.93541478241","8455.910326975883","537.4032788734471","541.2332472593661","2413.023626766487","1551.0433922629288","9926.346795035259","591.3180055757531","1719.9378357551084","1082.5179594679214","1089.409912800806","652.3300618930866","6601.006216895556","6133.501359066375","151509.23897041142","72295.38856630796","27209.202105350647","18441.392697798477","249.8794377527983","510.7344503071594","5383.7222180720455","561.8409825862414","133.8617912067323","137.416553779203","977.6806881307919","3392.488052804691","328.22308458735296","308.4084321388883","250.4156315457706","196.84412133465625","1474.6984227223136","1370.628536596184","731.928017248236","1984.427956879565","4185.454721855335","3649.8390317481676","10837.962409250265","4953.865649849158","221.20130603716495","2709.604622429795","2175.118186268351","30361.274401230476","85393.42983419134","86379.89208772752","74777.01683672545","97282.4661247646","221225352.04146147","17670.665184722562","322.7661924870078","580.609362605724","37216.08871067013","37640.922170730075","29904.47865880938","39789.58396916321","7949.968599324001","8309.32015768196","8156.1298115188165","9672.577860103243",
"FeNOMeasurement","23.612255374780187","17.539836923985387","1002.3125426912895","591.805987804576","967.4499092059458","5950.938298668519","5774.926595748307","5955.274492672045","5879.316230559877","10517.677468706685","8502.743813207606","540.2629959851222","544.3024614492316","2419.625983150383","1556.9697242591321","9882.048747598375","593.9675855470781","1724.9947238986433","1084.3693144824394","1095.674478937473","655.4280910360807","6638.06999754429","6158.395744287407","152260.914858338","72671.79067679062","27375.121504799903","18538.298205363328","251.0644821965631","512.5755554532045","5439.790204792128","564.3585508169504","134.57156327264462","138.0699615715296","982.2260718727711","3396.9949954955287","329.92438678814443","310.072546218392","251.70629493345515","197.86091183979445","1482.8095375403425","1378.052950255951","735.8752734283102","1995.9859693098895","4203.547489906423","3662.1518775541317","10892.648265427137","4981.208984123237","222.28895199791904","2728.149694384837","2190.5211662160905","30625.062601104437","85838.68284534066","86851.46299864922","75164.90591330975","97827.90762361865","220108354.75957736","17692.01995730931","324.5385625798732","583.0908048516905","37408.738078641196","37855.72145232701","30061.645267597243","39996.052476134086","7993.437078361826","8354.449005903434","8196.422808367586","9718.552147404598",
"FeNOMeasurement","23.64802646817339","17.411864386404442","1002.1438402938688","590.0625551789848","965.9898678005873","5949.693498794147","5774.557100217942","5953.5874490554515","5876.717728178428","10514.347522066915","8495.554455395311","539.9498204534319","544.5868150758758","2411.916685465088","1551.5936050824214","9893.444875339748","592.6938532012758","1720.0984430634305","1082.2195489638382","1095.8942797425173","655.5948634507461","6621.193684067537","6138.801311702537","152228.92480565843","72665.22483106038","27362.200509342936","18533.31947831181","251.08567775996073","512.2035640182976","5414.488331325353","563.8447617986116","134.4103610111891","137.9303535166825","981.9723005238204","3391.3262027127275","329.8002968041632","309.90588015905155","251.62834209596255","197.7728688375131","1482.0582076244775","1377.2332189741235","735.4612468495113","1995.067446364666","4202.009168385234","3662.570922976598","10887.628208915055","4978.3314286613595","222.16033301545366","2730.782949244086","2189.1270201585894","30527.48487258231","85792.52116015025","86807.39969396153","75150.9438885308","97780.32839521475","221275942.91105857","17747.249639740392","324.4411185117678","583.563270695159","37402.737852945706","37831.15451709933","30055.69046314453","40015.603705809976","7987.631213807623","8349.566969791282","8192.229785644147","9717.00806328328",
"FeNOMeasurement","23.654311056501886","17.361048488466462","1002.1186875287387","587.6852369230678","962.6196714703136","5931.496300249593","5757.410530950801","5932.973921814793","5858.525848031219","10481.935781134787","8470.994458473102","538.5541808820896","542.355143953388","2399.0862369163046","1548.0006474682295","9870.172863754564","590.3922674933996","1714.5109241591288","1076.6963317804805","1092.1159559090909","652.9714359767689","6604.7462160553005","6142.268846976729","151740.609094858","72452.94129887907","27288.863997252418","18485.975118693743","250.17401317735937","510.6084035778838","5420.436048149035","562.1886509765513","133.9591887813824","137.45006842322178","975.0248225866062","3380.424973315024","328.82150857730284","308.9948025381749","250.90415552406918","197.24244796251514","1477.9158869890182","1373.3742368559692","733.4470136101469","1988.936029095452","4182.848610512441","3643.8933944070045","10853.650565447877","4964.527861741294","221.5935043299246","2722.0076804662826","2181.1019796168584","30656.56300641532","85568.16038827578","86570.89659845397","74927.02515186567","97504.93449488522","219917954.6617386","17673.48725470656","323.3017052372722","584.0814365387532","37301.49783279437","37715.15352310204","29951.038105425894","39900.7024745091","7964.158439270432","8328.567580032834","8169.792026222628","9685.68787930451",
"FeNOMeasurement","23.599955118036192","17.823759844309407","1001.9142217084172","588.6193438135017","962.788027131147","5939.588847654096","5769.50646518054","5941.170605739834","5866.99684943585","10493.026034524608","8482.265112112802","539.3584807754888","543.2908050564317","2404.618909385747","1550.7644984079618","9834.60948750226","590.9811529928304","1715.4834797837586","1077.162859049047","1093.557276166575","654.2080638732967","6610.4514763382085","6129.141536947646","151965.46668556888","72564.92505200283","27330.308677749337","18502.867782107343","250.51857735568888","511.76987154996976","5410.766126068432","563.1059393967845","134.1475176034921","137.68068462386017","979.7337554667879","3373.556002938586","329.29409149067794","309.4920424710521","251.30734066716056","197.50106486550212","1480.1673054985679","1375.4115691681397","734.5028045977456","1992.5613548247848","4178.75176143398","3628.683539090276","10876.488746523868","4971.716772026472","221.81337787910508","2726.520181626494","2185.3259622347646","30394.21756897679","85691.80585511359","86711.53420161869","75036.86334653062","97660.63083371245","221452971.0103329","17665.669221957392","323.7759564911603","581.3450330310503","37343.06991965333","37789.952645377205","29984.855477930887","39942.57952012616","7976.069943261209","8338.58509725363","8179.365003235504","9700.429376483053",
"FeNOMeasurement","23.61087344383826","17.648552234632007","1002.0198442331879","587.9640290187699","962.3114638344115","5938.338695723313","5764.3328620460225","5942.231464620703","5866.606763708984","10493.6259471266","8482.584047926051","538.2262476598371","542.5403416244823","2406.604731517441","1548.1888981086809","9851.652883747258","590.7084773723996","1713.4583088721424","1075.6471094805931","1094.8411460243988","653.684573918311","6607.022048879027","6144.880245457784","151980.62962582716","72553.70940170654","27319.07824656244","18509.47804953007","250.47901515342477","511.44674794460246","5403.5463017528145","563.4552172959134","134.04555926730117","137.6034701978998","977.2703439419358","3364.807540890916","329.3309549396132","309.45433558064826","251.29039823331996","197.4989608845936","1479.747033217891","1375.3381446356059","734.4847026263772","1992.4797811977403","4190.198923609158","3648.6923683463547","10875.487670639057","4971.729417847617","221.7562401511321","2736.2951244260594","2184.086748395398","30448.67641923814","85666.23568995412","86686.94889441472","75021.17382460997","97636.90431446789","218872107.47254267","17682.72887530742","323.6951785538801","583.6750020491124","37341.0794828429","37790.15195633605","30012.735691002006","39958.6154855228","7973.833419820451","8335.657613176583","8180.298601802613","9700.251554039673",
"FeNOMeasurement","23.617150950700264","17.544197035862325","1001.9856437619156","587.1632556957404","961.6301626627419","5934.8769791502145","5762.285775403713","5939.32387123324","5864.079668120606","10480.95891241563","8477.940495875768","538.3096539233153","542.5808223978147","2399.3472355818903","1546.9736094049215","9833.195106855292","590.0331043038365","1710.1949574893329","1074.3847013068437","1092.3475576697288","653.4201390500027","6614.019141241924","6089.004924746715","151878.66814096385","72525.25851808226","27296.38429055907","18487.32096486108","250.40115591779607","511.1402768254225","5389.886352944232","562.4561322658436","133.89685783407484","137.52936634506963","976.8519689400806","3360.8959047646517","329.0979426408567","309.28555811645936","251.130899593828","197.38842784932618","1479.2179520454517","1374.4962226081052","734.0581508886384","1990.8385471036734","4179.483096278521","3638.5632912693322","10867.2647696352","4968.192883289663","221.6258309551486","2731.526638637197","2184.347661592988","30499.5960622403","85621.16739061096","86635.28231006558","74977.10393275383","97584.12631424317","219616937.0124888","17640.572798420057","323.558806515118","583.6161122774531","37311.395292622416","37742.95383648689","29960.70279585286","39861.582909965146","7968.488396243822","8328.842178901205","8176.060388217941","9692.462080128325",
"FeNOMeasurement","23.62694603326399","17.748414972492338","1001.7893147418173","587.0515015644576","961.5142906344258","5936.795750830452","5763.638471908079","5941.805400639026","5864.456854051398","10491.312199594096","8477.451295115145","539.045673298917","542.7162550615783","2397.917280870978","1547.7072602734434","9793.092961495206","589.8414908453697","1707.9380931336068","1073.4077978568037","1092.8915266421752","653.2312545633818","6613.540302527505","6121.536354353129","151857.25403171522","72533.17750307918","27315.433232982312","18505.599223118646","250.46062842064038","510.809012322122","5382.472083996195","563.291005270492","133.96731530150092","137.52443443761638","978.7505042349544","3357.707090814781","329.1621339718969","309.37704423802336","251.21857403459913","197.42964667115126","1479.5683894153626","1374.9769941138638","734.1326560160992","1991.4158187420276","4187.372439475165","3638.6452472606734","10870.994089729847","4969.068759863635","221.69407645866633","2737.4764949196206","2180.667573765674","30478.74564891908","85658.49881041032","86654.12352377966","74997.78879966582","97613.35987061299","218630962.42219183","17675.52921847674","323.5664842837909","583.1011177156411","37326.027796152724","37767.49043518219","29991.553055774904","39907.86702685208","7971.330826150568","8330.291073708986","8177.245977549251","9696.988547909354",
"FeNOMeasurement","23.617073661479786","17.279009014699394","1001.9069907961084","586.0639654401839","959.7443922405837","5926.2756210294665","5754.8186223580815","5933.44910294934","5857.468443768257","10472.977019404232","8466.280639692517","537.49217682742","542.4387013629782","2399.386311235008","1546.3796893877015","9762.303957125741","588.8023517496681","1706.2621140125837","1070.9376851632458","1090.4883260530378","653.9241272860756","6602.628764530407","6090.977368256712","151674.2555597678","72426.2240492888","27266.336222836595","18474.58056405912","250.08032750867454","510.7341223592842","5385.036716842026","562.0810560704449","133.7560575691356","137.3195824215115","974.1753764725694","3355.0641031539585","328.7077066542308","308.9290142291729","250.8228828794964","197.12374214914607","1477.1426718319765","1373.204910977142","733.1223730992874","1988.4473220456416","4175.366236874432","3641.763617297411","10856.05170135433","4963.1245977249","221.2634052363994","2720.1147755189663","2185.471193867927","30581.744599996477","85527.76788467735","86541.66292055495","74893.8064288402","97489.93771235955","219502386.20714828","17644.610130667555","323.0854147830966","581.3911926888179","37286.44783262305","37714.52845145198","29947.094133590672","39855.5405058175","7959.826470649376","8320.442357736205","8166.565185896947","9679.926309230612",
"FeNOMeasurement","23.626061681770082","17.405746366184665","1001.8779835276226","587.3118890117112","961.7070958068693","5945.694438383591","5770.721602423536","5950.422792455454","5873.846068633438","10506.88262335409","8490.664802880698","538.9829885735153","543.586346532991","2402.1870793626","1547.9571840396193","9802.133975204326","590.1923936691446","1710.8593120590542","1074.5282647180497","1094.9490537863837","655.6432101006844","6610.168962482613","6106.8344382009","152174.12001728165","72655.93491012986","27347.464434259844","18525.08185010381","250.70298419570238","512.039030230846","5396.631087037561","563.7640293579328","134.14040056570252","137.70983799256365","979.9403556976214","3354.9338411528224","329.6901470946391","309.8353787826953","251.5865949047646","197.74026913519808","1481.8418892591499","1377.134926990177","735.3616702488787","1994.8896479749556","4183.628748383319","3637.3324417014815","10890.234248949344","4977.551443556991","221.96705523747482","2716.4049832173628","2184.6265669299783","30578.402669670766","85781.44491559004","86802.20310836822","75125.80376903548","97809.38621955298","219329346.2177268","17738.50724931718","324.0375292847991","584.6664583277161","37380.1736948455","37828.38307257199","30050.846967089907","39965.32115224746","7983.545737737733","8345.85767703374","8189.8811699489415","9710.074020867289",
"FeNOMeasurement","23.59171654569412","17.646497666303812","1002.250919514942","585.4112301333977","958.1546347813025","5926.323374027001","5752.577271980271","5932.89469973132","5854.497953829097","10467.924598090198","8462.282021010817","537.0884521168103","542.1021214498799","2390.228110694809","1544.6926428075785","9826.80593191207","588.291413676907","1704.7426197386103","1070.6427234108558","1090.463669671862","652.5431904298946","6602.423538744297","6106.071551532662","151618.24314999292","72407.24472212078","27268.736168084568","18472.208076121435","249.84660517574162","510.0975962429546","5375.769744288226","561.901678626235","133.6627994337118","137.20755527588332","976.8919257767063","3346.279748530972","328.60585197386104","308.8066273562012","250.76768173059557","197.07998110141037","1477.0468218253159","1372.4308639196647","733.0178195619864","1988.0377465524823","4175.330511139019","3631.00964093847","10855.107492213707","4960.461891186117","221.2785622511853","2732.2267072973755","2184.0598367232865","30498.63851186139","85493.35922206282","86519.45003919755","74863.88257925976","97454.40829866337","219858253.68764934","17613.60119787292","323.05141368758507","580.3868139395088","37257.32198219416","37690.70414279286","29957.292661950018","39839.91350497676","7956.3249210066915","8319.07889392774","8164.1049255659445","9678.464374336769",
"FeNOMeasurement","23.629667855214596","17.64404187298106","1002.0708552887304","586.8685103674849","962.0433452876858","5948.156832685321","5773.9106287164","5953.175796604863","5878.014137639116","10509.16167658152","8493.5000407655","539.5719327187921","543.6171067675127","2396.160607641133","1547.1783030603235","9832.249426763032","590.1167968165538","1709.2061334885007","1073.0760041518604","1094.4713096669445","654.9842889102999","6588.095693959725","6131.798879329788","152162.76184576104","72680.34895825342","27344.021895788625","18536.082208019026","250.85210605479244","512.2596188771305","5402.415488480582","563.8570058122552","134.11009556244593","137.7247184013362","980.8918235719324","3354.751050255326","329.820608252019","309.8967982967649","251.7080590394222","197.81741484424845","1482.3009508722844","1377.612043169951","735.7635576065171","1995.973615189892","4209.482378861205","3647.316200053579","10892.302065216176","4979.645525525109","222.16076649790077","2732.0505975276747","2189.5890681841033","30641.588881792475","85816.02210735143","86837.67737408419","75152.30105376533","97799.98880959673","221212068.2863754","17754.763133161858","324.0022536757316","582.8679412930627","37414.75183703165","37840.965248583496","30038.946903488537","39995.0213538863","7986.227274568758","8349.453811730038","8192.43807516888","9714.343883567",
"FeNOMeasurement","23.618741838063155","17.205616276877002","1001.964026486524","585.9291558487205","960.0282624035759","5941.516452405331","5767.687344040386","5943.4706880012745","5868.997713196252","10493.116232628194","8483.067911979295","539.0365625964844","542.9663660348489","2404.026671125191","1545.3357627087044","9766.818723564407","589.0308562426351","1709.3063610213708","1071.7433034864705","1093.5737279697637","653.5015993027883","6596.278065340097","6113.67304305639","151999.95763273156","72592.98044512344","27327.55170526946","18507.761393740806","250.3071503397978","511.1889668816764","5415.8477801350855","563.2254467307264","133.95011517669042","137.53586357769692","973.0648800696309","3342.3707174345222","329.38376216283297","309.5377662461854","251.37618539409962","197.52164787063597","1480.8518181483212","1375.8088679448497","734.7754484054849","1992.5567150157565","4195.6108335754425","3654.846735632874","10872.213504614638","4972.508344705556","221.89474211609377","2723.4842534123195","2187.4267101901205","30523.844655285342","85704.41811552439","86726.65956831219","75057.19943725227","97712.67166913972","219487157.83656794","17593.301763591677","323.6310963619661","582.2820682438249","37355.09192490739","37782.23982034718","30001.506471595872","39899.74450714029","7974.152472814932","8336.938162769875","8180.49151100953","9698.020705482963",
"FeNOMeasurement","23.60127441067435","17.76063250966284","1002.0225131584212","586.2951208836604","960.9467179394783","5940.628954515908","5768.857248379807","5947.133677622173","5870.8863325378425","10500.76793020007","8486.947666770882","538.536294134888","543.4734615268883","2404.4809189452762","1544.7699836597715","9804.592074950224","589.4125908444165","1705.899984640157","1071.474127499504","1095.6348724317274","653.4736300974097","6603.320585847123","6116.877614643595","152061.61932468065","72602.70728046696","27329.06162138874","18526.17532054656","250.53102215567895","510.7941587772307","5392.075923535172","562.9039446457854","133.99976619214863","137.57870812594305","979.0547429481771","3347.6909488736196","329.5069982143769","309.6434749739952","251.42097420626237","197.6176891193809","1480.9226166479255","1376.2957730653384","735.0018490726181","1993.7031166168026","4187.222032811795","3647.937316879427","10880.617858441372","4974.049492845935","221.89461629594186","2718.331242192604","2191.335133769997","30582.619186404685","85720.32712560854","86758.9896903542","75070.56410136145","97701.28733571983","218903221.08878765","17646.521984729992","323.6730152781517","582.1431526580627","37383.46085856973","37798.94788537154","30038.804171840875","39948.249126767136","7978.087587325755","8338.492065349037","8183.853004819753","9702.024758406194",
"FeNOMeasurement","23.597683861697146","17.396391110934516","1002.272022343125","585.0366766040576","958.7961860468209","5932.928927730294","5760.494987984221","5936.55664216643","5860.685482327157","10474.51597508965","8473.873078138646","537.7879941930223","542.1974761758684","2400.8250536425835","1542.8041164585036","9811.3426184167","588.5058511735441","1705.336981341018","1069.9658372698184","1091.6485226030247","653.4799357233838","6612.976171582237","6097.835221062719","151802.40385335623","72500.22755312103","27289.096669289473","18493.043189682125","250.15826265494007","510.3160780550433","5430.89245910144","562.6595764962111","133.7802699800841","137.38799041258633","973.5938505417593","3345.8716911418524","329.0331285601536","309.16709447588454","251.04979540511522","197.31108399384334","1478.8321850098746","1374.2795624357304","733.90342221275","1990.66383287608","4179.016695305931","3637.5012501227798","10863.789139883631","4966.760100763388","221.47012728807087","2720.1992502402218","2180.71388333124","30407.67096446604","85589.93562119262","86617.64058598677","74964.86888317528","97598.02023834895","216083186.9340881","17612.602004351225","323.23558389774735","581.2581087909276","37301.055549466495","37755.458358579584","29968.04045892178","39882.42204073688","7966.525550569289","8327.71454534436","8172.602887901466","9688.12712872013",
"FeNOMeasurement","23.601411476828314","17.71139441889334","1001.974200612228","584.864915026783","958.1203629509962","5927.249683099179","5756.217575011922","5933.211846006481","5855.265271644793","10467.598304263258","8467.395357426853","538.3624032477186","542.073385831782","2396.1769557602443","1542.1937200780587","9790.487343436782","588.0836212177451","1702.5483534712394","1068.0937602988065","1088.8461620706937","652.421176528501","6589.679509880345","6101.072742375232","151704.41967251382","72416.83224372243","27256.24782209626","18467.527006317396","249.59436767396815","510.08530364328175","5385.742336483047","561.3182238201331","133.63808652033015","137.2144381375948","974.7633565448059","3334.2855084248204","328.66459779054185","308.8804223441066","250.81955283903005","197.14603084319006","1477.0227303195672","1372.6578923882225","733.0972673955523","1988.0505188436086","4170.17945145827","3632.700997646109","10853.456269227148","4961.712880636404","221.1985560410099","2710.2435573188804","2183.0969732179146","30356.540791762276","85524.91740705345","86528.52724838174","74896.03915883409","97486.24848245017","217031028.4480796","17628.489725783576","322.89641809809797","580.5081158747624","37258.296345260074","37704.991591374615","29942.871228751912","39851.973371107044","7957.447315999234","8318.419635145892","8164.326253482572","9680.781649408642",
"FeNOMeasurement","23.61915303437281","17.361686220877083","1001.9325020311422","584.7825470921528","958.5794948934105","5929.688169027884","5758.7751650359205","5936.086038219582","5859.6182546254395","10476.135341371084","8468.974815223042","536.7330762636957","542.4004760700043","2394.455429322862","1543.5986114371847","9751.38122074366","588.1196450658103","1702.2062031650557","1069.109356108181","1092.381140442771","653.1660351047791","6577.218142651087","6091.313770662071","151785.95890780303","72476.16489216978","27279.67325156176","18482.992338930737","249.95084532792697","510.71412811914723","5412.194364712746","561.4152013680728","133.67415382720668","137.30828150203217","973.2761561933758","3339.3310714355744","328.80096963935887","309.02285747062217","250.9311077542957","197.2400366098123","1477.944828117617","1373.5685609963264","733.5114363721411","1989.6025417783155","4186.637498412991","3641.8364308011337","10860.050772766715","4964.587403818411","221.35068080483674","2732.5105423980626","2184.5749399599777","30555.05307107343","85565.31817426953","86576.56191984209","74926.56890623718","97546.09799988348","218608607.08640295","17730.03204513265","323.0400184370336","580.6270288574875","37275.77171190026","37722.5114414131","29971.409747948815","39877.99792235515","7964.210052931639","8322.635116284513","8170.593956487752","9685.4162046609",
"FeNOMeasurement","23.653265156109796","17.347938075279533","1002.0759612885948","583.7665291779717","957.7131524694195","5924.498779339322","5749.6809452618","5929.154267647594","5853.674350641882","10465.87866792826","8459.873336936953","537.9516592367671","541.0654329581369","2389.291050637257","1540.9733281194492","9803.81463451777","587.3631395269041","1701.4775849455575","1067.589921630466","1089.8955112350013","652.6083068049011","6570.488463680615","6085.234896514625","151596.1751448372","72381.98740113302","27257.107353583844","18463.26321135727","249.80724285809399","510.17200532695546","5424.45919933831","561.427162840746","133.56923536608156","137.14811960326475","975.9080804118213","3332.6033579564273","328.4687922117677","308.687504080333","250.68811244971258","197.03349735623047","1476.577445295246","1372.194570723453","732.7589027530734","1988.1499267729776","4161.530225962161","3633.253978110658","10843.426104049317","4959.268331502611","221.16961756212513","2719.336430667621","2176.467840489533","30469.20543208881","85486.34143444266","86489.76982969287","74848.64463098276","97404.66995518946","216507314.59781015","17712.75344822833","322.8160828343671","581.0892382872171","37249.40382236295","37682.78556532654","29936.00389699263","39817.04251939447","7954.79673150878","8314.221235395878","8160.1444510026595","9677.863185973009",
"FeNOMeasurement","23.64796762440285","17.264291749914996","1002.1604506201726","584.5729951486335","958.0705588152972","5928.084563722441","5752.655847156199","5931.547512641799","5857.255361936852","10468.60177135934","8466.793998949903","537.3040851798368","541.279906666952","2402.508093063297","1541.4289230330069","9746.3469861142","587.6431195918719","1703.1886403021726","1068.706715482378","1090.0896194302716","653.057568730255","6599.323817027608","6080.070579877883","151694.6899859185","72387.64884668122","27277.906297915495","18478.82146240471","249.88070562407972","509.9565420097416","5382.8742240624615","561.7865592195985","133.57954821871576","137.2209104644223","973.7430199667682","3347.530348102005","328.69111012743605","308.8265807542189","250.81020526786304","197.14306371697447","1477.0646149248396","1372.6988452889689","733.0905001431765","1987.9959111413543","4172.777695472309","3631.875209510435","10859.758891279966","4962.634529904114","221.24819165004928","2712.406545776283","2182.8038185311007","30576.768950467194","85515.53754034654","86531.79431556766","74885.49867085934","97497.40456348618","219188978.36406606","17563.22416081426","322.82907438241637","581.3795824932647","37260.37181652126","37718.458879625745","29930.476712587395","39857.33112601948","7958.7188021393695","8319.106162612703","8163.26870403502","9677.428815061321",
"FeNOMeasurement","23.618651493653854","17.58209403916176","1002.2280881046454","586.9825391244575","960.9044981476836","5947.135984707933","5773.328225002701","5952.274892964574","5875.222236804064","10506.079233848019","8496.28549409781","539.4910466754784","543.882073414427","2398.1672841516856","1545.0592215355277","9840.308369113149","589.6781275009762","1706.6850761671492","1071.775795637452","1094.8653740109942","654.855018984146","6615.121148219211","6096.821160494129","152159.6076198194","72665.096337367","27368.375769323135","18533.61271123518","250.7417337808396","512.3466807466824","5406.252460103168","563.3931777060644","134.07479460404505","137.6672261957903","975.4161454372766","3357.888843387716","329.7809916792309","309.94602834720115","251.66242435289146","197.7992007052481","1482.2447958007378","1377.595968056402","735.5671668927669","1994.3040137700889","4185.780068178219","3645.178119088577","10890.60406214532","4978.491801748053","222.03608303711923","2729.286793949437","2187.187434624971","30590.131536976798","85816.44382909207","86826.11335061266","75141.60534163387","97802.23975269374","220326416.85915565","17698.542247401812","324.0302446689921","582.6848027936726","37393.36740427686","37838.28068881275","30060.95142967682","39968.16570680436","7985.788576817777","8347.012216655627","8191.832064947118","9712.359732947636",
"FeNOMeasurement","23.635808659180526","17.734363473969704","1001.8559877916445","585.2831915945815","959.0712337791302","5937.337407572833","5764.54090062496","5941.489734749519","5865.029746182018","10483.10160053742","8480.3876219107","538.0636598838311","542.60945296736","2395.930993710994","1542.5767070570387","9788.54459950897","588.5301144518392","1704.426576772565","1068.2728625183404","1092.4072696243572","652.995109453108","6594.234734116006","6102.6832194755125","151919.1874410267","72540.15505904754","27309.79664762356","18500.32565634938","250.20015976072995","511.08914098375965","5385.791031854841","562.9796384012616","133.83271673531354","137.40809054181568","975.9883681858266","3340.8729356134972","329.21039323104185","309.338064486127","251.16963781097877","197.4325712016544","1479.5893389018522","1375.3584168534042","734.4003644318766","1991.6555743576553","4186.630661895824","3641.199152638915","10868.749355384482","4969.52510068927","221.64781792390238","2713.9316919627363","2186.6417100696335","30539.688346012797","85660.87514604667","86668.62456201871","75018.82045652388","97624.18539546023","218555660.51937398","17705.02811509275","323.3771035005561","582.7996387330143","37307.47031648707","37775.24801990496","29987.55491764349","39922.75397166193","7971.640179547494","8332.485447125186","8178.676406017593","9697.397968137546",
"FeNOMeasurement","23.650958548661478","17.25952841018177","1002.0427321135307","584.3801049942203","957.2239713183385","5926.613387213248","5753.573415737696","5931.253881771233","5854.572507886108","10466.04290963564","8462.597093807472","537.3003108861915","541.4931296865104","2394.1583421686614","1540.4376389953181","9808.4017913759","587.7836530155614","1701.6811660824237","1067.850034682559","1090.998938351085","652.3483825285515","6580.808832475915","6100.02990385374","151658.14784472476","72405.01538607245","27270.668817250225","18466.796648712716","250.0088188837609","510.2210810063352","5396.960985768878","561.879455349556","133.54696417560885","137.13908897242274","975.1894976708317","3337.4784577121527","328.58931524590355","308.8013764976322","250.77615773860882","197.08870877190327","1476.84397114941","1372.6064109387912","733.0537817788451","1988.374722239592","4182.615216077398","3636.548385242967","10854.319139693333","4961.2562324619585","221.25448332624507","2714.757292096014","2182.6157522394687","30417.231700302542","85481.80874909263","86526.5389150261","74876.4841954296","97472.83271902059","218366437.0016694","17578.85159887519","322.7492160955497","581.7453551852102","37267.84689636387","37713.914505622175","29944.424066988853","39797.28274448336","7957.982416122023","8319.527053160387","8163.413538136267","9676.70345978859",
"FeNOMeasurement","23.6005467004431","17.51193486472904","1002.2331104243169","585.4757928953645","958.8054894079788","5935.79446457714","5760.871855961902","5941.235655993394","5864.899369144632","10484.550239764592","8478.97591004369","538.0975657932736","543.0696541486958","2400.761868208986","1545.2182515840823","9779.654281554185","588.8062193441843","1704.9863528419487","1069.26619213695","1092.7314741447644","653.1129874461863","6588.0638122205355","6095.905749281473","151917.6239890283","72524.14551150873","27306.68057768796","18498.238670913626","250.17257992065174","510.73488469268324","5375.762611882063","562.9482828290122","133.7850643513661","137.40045615997073","976.1959085334851","3341.9945601655177","329.1428032825988","309.33119433369365","251.18280248956657","197.40439923999105","1479.3271290662667","1374.8115762371183","734.3211579539702","1991.234114974044","4178.903108792608","3639.5250518566577","10870.799751180935","4968.891700896603","221.52379376172968","2726.3863175607576","2187.5744176438","30462.27754047213","85622.44866986657","86657.13870888353","75002.01169403746","97625.08567631766","218030744.51454777","17559.31519229399","323.37106904695355","581.4109546467322","37322.92698440431","37769.132005601554","29991.763286832407","39864.25332275849","7968.862669978092","8331.789142256757","8174.723040995831","9699.018477950296",
"FeNOMeasurement","23.64045676978618","17.807103214974266","1002.1119879871671","583.7878910158968","956.6931527014995","5922.094403317781","5748.841980498523","5925.854212941957","5849.264996956852","10460.446987065528","8456.475403036386","537.1890460647654","542.0094066617473","2397.58891946873","1539.373751829547","9776.236373116893","587.2473795389203","1701.0843244234306","1066.5895611750161","1090.3701498854948","651.1007450654078","6549.298384235855","6099.469331527801","151468.9431247732","72354.98631238345","27229.286397856053","18462.33771240547","249.3716529625794","510.07193104139003","5402.125781305915","560.9715690544267","133.49392963210954","137.049605843061","973.194296928197","3333.230793387443","328.3716285531846","308.59550750563085","250.55729696563972","196.94746597476146","1476.0321933931796","1371.5967566646573","732.435725450242","1987.2847157866815","4170.61040635939","3620.4256448523947","10844.074103713034","4958.038863746205","221.06923766552708","2708.600813825826","2183.121668888784","30368.082808427014","85441.01848691235","86456.12254093455","74810.53822568206","97386.36627592938","217709680.14660567","17630.107538239343","322.6540231105224","580.5174085438965","37220.6520108926","37675.25854270307","29917.250007190072","39780.28044210632","7950.407221708147","8311.129267585608","8156.364176243708","9673.317707676275",
"FeNOMeasurement","23.616074823520197","17.55028241805778","1001.8490099144049","586.1888387046915","961.7399442579227","5950.776954544219","5775.8165374301825","5955.898702589548","5879.563414589916","10513.448604836216","8499.737457474395","539.453308347426","544.173546237229","2399.930003510112","1547.4127929987865","9774.957037297265","590.0048912611686","1707.773098588465","1072.127803015917","1094.1036382254997","655.59512221772","6584.874794401462","6104.254369568521","152255.11748462188","72725.1237805853","27367.463733391654","18547.05961240333","250.984908590946","512.0951183692089","5397.711935224335","563.7218544827942","134.14083740133867","137.76071270670585","977.6991539180168","3360.4371531131164","329.98717575253573","310.1081821809079","251.8374341042389","197.94411142347815","1483.2262272964058","1378.3501629827251","736.2082248391803","1996.1832470321383","4189.671329627532","3648.811524483866","10900.317975871347","4982.286400351177","222.1840391522037","2727.802886418854","2191.730052767198","30583.44460710436","85877.87409812979","86871.87591294775","75194.9008747934","97887.67864153026","219531104.88759515","17720.292451270467","324.1275957586699","583.5145639784441","37419.82863113233","37875.10542468562","30074.31331143747","39969.40279437914","7989.942910494622","8352.160749052495","8196.384664437768","9711.6103244952",
"FeNOMeasurement","23.60931526575088","17.296579486065394","1002.046177544008","583.4776269596916","955.994513964911","5919.583009898752","5746.651182620828","5925.97883794966","5847.9954017815635","10460.436964831604","8456.903185616515","536.8456419163485","540.4309451948517","2396.0801057014864","1539.11047403302","9733.148616038403","586.6693524719735","1700.2136119381692","1066.4652752343693","1089.0407467555137","651.4195133635711","6573.418663601998","6101.413455899121","151523.64305044676","72356.14579988572","27232.682230003196","18446.681958056404","249.63868663776123","509.55975261434594","5379.725259036299","560.6360122956675","133.43468550209676","137.0372092420413","974.7314924427903","3340.7809777039965","328.31724453289786","308.5147978638074","250.55502908830883","196.88153073324784","1475.6671406496475","1371.3652516890768","732.2976249529819","1986.5861292061281","4173.985176247712","3619.5019809762143","10841.983739640144","4956.66704843169","220.9801692342109","2712.4386249445256","2179.5341234398734","30419.193349146022","85417.34568062563","86450.11400102633","74815.8242697303","97387.34589100054","219169862.80520043","17588.87947001628","322.57044154671996","580.9190977563685","37219.71250791819","37657.97090496739","29915.15785785746","39799.796223627614","7946.841529098209","8308.144559590188","8153.6149472478555","9673.45788529283",
"FeNOMeasurement","23.652296520910042","17.40546307824532","1002.1731756058268","584.4498601792759","958.6868001617526","5934.360443607936","5760.647338829797","5939.288193145491","5862.812955223095","10485.704624729296","8475.058076408228","538.5281458420966","542.717275569333","2398.292816946889","1543.4900951510397","9804.799194279327","588.5506181445967","1702.3321060678857","1068.8108109888624","1092.241302619073","653.5838829967636","6598.044617392371","6104.171197002436","151881.9964141181","72493.26843823951","27294.075986202828","18500.435070227555","250.1161868706898","511.34811414086437","5431.566783760815","562.6820269682016","133.7291288197106","137.3787351810747","977.7217926100911","3342.0970155690306","329.0392309663912","309.21599167008054","251.08896218997734","197.3597427198512","1479.1372115336658","1374.441818022213","734.0615290277726","1991.0569975746137","4189.4665903552495","3639.9275464099464","10866.642378909166","4968.186313193696","221.52971575632316","2720.975376521699","2181.481541844008","30428.50108338903","85622.33519587251","86639.49234706639","74986.51257608265","97595.78103830386","217395361.77645344","17654.268739371702","323.14234597310775","581.7899024314969","37299.625683275764","37754.43547571831","29990.61949282417","39851.557389723384","7967.582031028624","8329.57681597413","8172.332848260266","9693.027554164053",
"FeNOMeasurement","23.596545201686986","17.79534566935411","1002.1168717046488","585.6058266139131","959.2538229180797","5939.091593893173","5763.058290411821","5944.561060632128","5867.937951387728","10488.301161764504","8481.513548006902","539.0531684103545","543.324373115337","2405.591547018915","1542.8598489344072","9757.905453771891","588.4782918338724","1705.226895301149","1069.9799674082924","1093.9635703699487","654.1506399051364","6604.628704231192","6103.574654768967","151982.71096563272","72582.09269816085","27322.75907929403","18510.62015845882","250.2092162155034","511.7655577460312","5397.2854845949005","563.2021803159569","133.82432374697564","137.42525253281678","976.2389063608457","3335.3423110809163","329.3330900226785","309.4658139800989","251.3198925119535","197.54783911461615","1480.063101073739","1375.575159507712","734.5801894503691","1992.6948339890346","4176.357957801473","3646.6176657136075","10873.792954332797","4972.118045913251","221.7153304540485","2721.625165057258","2186.4323242443184","30556.672448771507","85687.08508676772","86705.35792059888","75033.70803668894","97665.72530589042","222168442.71691963","17579.466186317037","323.5807846631111","583.2617680732524","37351.7347532408","37781.75012506198","30000.444683533464","39896.6324291702","7973.724217347749","8334.76225344476","8179.105318414387","9701.145686038093",
"FeNOMeasurement","23.63150422690092","17.582922135979658","1002.1799270321197","585.759374306389","960.2347619043256","5942.56667884478","5771.316292318649","5948.855206147742","5872.768824514622","10498.61877890846","8490.795147358029","539.2031280371518","543.5026958441354","2401.434215415938","1544.4320697605647","9805.504773233275","589.072768037498","1706.0863449147978","1070.2542032724348","1092.8276278421588","653.1191316721553","6591.502100685027","6111.315818456101","152070.00030354437","72615.92045864117","27345.61100342481","18520.32527463115","250.58482111051748","511.2176061696533","5425.009134321947","563.6293194380254","133.97374647566883","137.53520183747327","975.2516688178218","3350.839790513385","329.56348592973154","309.7103460208052","251.52014376648094","197.6984325765907","1481.2714821256016","1376.563840781582","735.0743031819911","1992.817691173045","4193.025921135688","3639.0798910144704","10887.27224784437","4975.368361587779","221.84572831413743","2720.5267237807575","2189.635369998487","30586.25086066294","85746.01889785545","86760.93265736259","75089.49759808405","97734.69307642004","217789493.2334992","17635.118559649778","323.71689270196697","582.4752333866312","37367.37685368319","37803.27317387852","30021.346189195476","39912.50750179316","7979.304295944993","8341.130442247824","8184.737086244451","9705.07079305545",
"FeNOMeasurement","23.615290006255737","17.43541683602968","1002.1671021575179","587.1560099173465","962.0847076522402","5955.895580755433","5781.930551087804","5960.046531905432","5885.404026373251","10518.519692947917","8506.191097560884","539.749178242948","544.2273255726531","2404.561592700009","1546.7364669291037","9799.654802103334","590.4168011348072","1709.0004270986371","1072.6508035509733","1095.4821968588517","656.5453842740953","6620.329435444767","6122.785242092631","152414.99225259142","72775.62680306792","27404.355717568884","18562.50835125554","250.90457270704565","512.0799424106032","5403.589059956446","565.6170974756058","134.20890292851192","137.83716796907177","978.7798048052156","3352.858817188871","330.2547468295335","310.34779704384334","252.02028279830392","198.09769288730047","1484.2407246660853","1379.2330480267906","736.6873899865986","1997.9636992981436","4182.515120093303","3655.242261367024","10905.517799223846","4985.33009710347","222.29783004214957","2737.3105038130616","2191.4671611298104","30573.642152814966","85928.97430112807","86954.39529976474","75255.74603885703","97935.87582195557","218898129.41187692","17759.240006793014","324.61463599326083","584.8555383928444","37447.42058108231","37897.15968998974","30092.589696427793","39993.56896081946","7997.345233447282","8360.578072824143","8202.878877286621","9725.535213937472",
"FeNOMeasurement","23.5952564837596","17.65329377955588","1002.0369150759674","586.5131188665351","961.8153716835478","5951.7140409102885","5777.866484039752","5956.628644871063","5880.791077729869","10520.100883874291","8501.450115425527","539.8836049251344","542.687610425081","2403.0604421273792","1547.059404950433","9753.685516634969","590.1930696330801","1706.9624071299081","1071.7678796750226","1095.629559265863","655.0286496234108","6620.802528899131","6110.306670570081","152304.40601101288","72726.75480420871","27396.17309869283","18556.178982265195","250.88611591053694","511.8245740599915","5405.329983431716","564.4908175998428","134.14441656734132","137.7768437895464","978.1171914862247","3357.16092290002","330.07977591264887","310.16583729547153","251.8771981801401","197.9822475694201","1483.6093275498426","1378.8939824686674","736.3657611463658","1997.5233540325003","4191.835204277669","3653.1710208590157","10902.23560714946","4983.460333562215","222.3101093282572","2735.117662960783","2191.677757004803","30549.937230648786","85893.87126110311","86891.3873772787","75210.96244376714","97888.15517992905","219820723.43902773","17689.01447528064","324.30922188680415","584.1989750383638","37439.04961287357","37866.01637541487","30055.714556745654","40028.73009853648","7992.219463280624","8356.625156226035","8198.516352044844","9722.298039677444",
"FeNOMeasurement","23.6029020142285","17.57986018183373","1002.1766904104906","585.9610351638495","959.3363072487978","5942.678022306186","5767.98597831662","5943.8503940579","5868.525407134725","10495.057172837802","8484.5932017467","538.7763106600119","543.3098889931564","2399.171267055625","1545.3455829053544","9783.406627011473","588.8188461407061","1704.3964355021064","1069.710219723787","1093.1775749665817","653.8579795282724","6589.505511166069","6108.749417634923","151945.32763805025","72591.15486825691","27335.067458023033","18508.392074724743","250.3803943007015","511.290527535083","5424.638918987069","562.4032754910852","133.8788556652431","137.51356405803315","978.435622984251","3343.508213236013","329.4024165717781","309.5906597237866","251.41154956209346","197.60453651232382","1480.5912012562173","1376.0428977693516","734.8804024861726","1993.0486236377694","4186.315008193786","3638.134283370141","10877.187419620052","4973.805636809984","221.88625943864324","2737.7693467600357","2185.8356212838703","30451.10045428","85705.62139560512","86726.2994660389","75051.49809855236","97713.11618354137","218860626.92043316","17656.54401463157","323.54679796390445","583.2659661946586","37344.69255659744","37802.410291348686","30000.525174505103","39958.744117711154","7976.214711411532","8338.501986265883","8182.947292721915","9705.6949124189",
"FeNOMeasurement","23.608084845484985","17.480628709046517","1002.242973490995","585.8254793262421","960.5432307412042","5947.170908533175","5769.355634219925","5947.448637173384","5870.051824673445","10496.938105020696","8488.230085321207","539.4392078103193","543.023309522929","2400.07371252519","1545.4772086950325","9764.739537996207","588.958837653387","1705.2889942914783","1070.24119842909","1093.7087878801835","654.3819821102225","6597.901725863077","6122.007469211135","152112.01990115948","72633.82130597549","27345.849075716364","18522.563639412463","250.5772456065737","511.53428219619485","5414.626583340637","562.541556656743","133.97726524583985","137.55146630880088","977.7712404576048","3355.761621656078","329.58834823658134","309.72473328768746","251.51644049436965","197.67892094547759","1481.360639988814","1376.6535199143648","735.267857885484","1994.0268456689644","4188.134960240167","3646.8142477905326","10887.271129477964","4976.249139165008","221.9165998456404","2715.8223479044595","2187.8393095551287","30486.947536068554","85758.06594142946","86780.0037107055","75095.99107765353","97757.2902056393","218440591.05802938","17579.929440633037","323.71126024613","581.1997702111403","37386.85772204752","37805.421563415715","30028.322783296135","39951.48915308581","7980.871510984196","8341.789976149099","8185.742978064893","9707.376939941967",
"FeNOMeasurement","23.62514005602615","17.568248595325947","1002.3288855613833","585.3298632457713","958.8463594364658","5938.4738553066645","5767.233557712117","5944.931051611083","5866.477832204579","10490.204806049076","8482.842371925708","538.6931869533294","543.0068234629208","2396.8482074100793","1543.966853765793","9818.449698274906","588.6740335616137","1705.8828862514508","1069.3749472377233","1091.9854087931492","653.7172292302652","6572.263150410074","6127.856878688339","151978.94686054872","72573.27909680031","27333.818016140976","18510.02515725935","250.21399604679794","510.7611079023032","5404.197317059767","563.3661847786939","133.86736903125438","137.47306439717505","977.8955967122332","3349.0763731681404","329.31994030301746","309.53379123143696","251.3477249650478","197.55075145791008","1480.3070731181383","1375.7424260837095","734.6958794952944","1993.1619100539244","4177.961110854975","3650.9634085375933","10879.860546043266","4972.943550034056","221.59615762098272","2725.724487240684","2189.5475445130355","30504.4705861269","85685.82995387631","86711.40058987739","75037.61513257588","97687.67939393359","218338702.93185905","17698.417017004394","323.5798274086139","581.8891454174528","37352.947073024196","37788.57781446223","30005.930431887584","39861.66332396363","7973.927165138169","8335.331208344018","8180.816554270919","9699.806426612882",
"FeNOMeasurement","23.64256735936774","17.36880290973374","1002.0728166500619","585.3334616873683","959.0735310043426","5938.888622151148","5766.932713511155","5944.13662564982","5866.1905544694555","10485.350089403826","8480.272916651456","538.8202412823352","542.6822643637638","2398.9302509102836","1544.357754998962","9762.102179466712","588.6719683805684","1703.9671311967759","1069.07336387895","1091.132022864926","654.2217095618154","6594.289346880581","6134.840787504437","151939.1474138927","72554.4411150104","27311.46252524079","18516.54349945781","250.34290975064334","510.4199440954821","5400.40138448077","563.2958743944934","133.8559891133519","137.4313094225223","976.2048609519834","3349.413488016886","329.2825158240423","309.45743095663784","251.26151652362304","197.48858710885565","1480.1341303302572","1375.5223677464103","734.5260921218336","1992.2299188769953","4176.6061284975685","3637.601199152215","10876.471524738587","4970.791211949768","221.61650351257626","2726.247804595495","2181.8562066760524","30466.576272343045","85672.70359198116","86688.51848420726","75030.80890873933","97666.57422752285","218992307.58718348","17656.474896787193","323.60117193342654","582.135548927222","37337.331204257134","37776.00915840667","29997.49199371471","39914.1576251483","7974.754657927304","8333.673022283583","8178.850996776479","9697.759065112157",
"FeNOMeasurement","23.601500655399935","17.69848091555728","1001.9065917165468","587.3231559311646","961.8677952634908","5955.6645024766285","5781.279837891394","5961.963653796564","5885.761732035113","10516.51281427662","8511.911567290146","539.8482331234895","544.7131386167644","2407.2735395882046","1549.2992939026476","9782.750147940043","590.3704996264687","1707.5677706858671","1072.809703890725","1094.8444584488852","655.2849970722402","6632.3720414566715","6116.831629812807","152400.64555406204","72773.7357797483","27404.69714000303","18568.341535800057","251.01949412291458","512.1999391018422","5457.382833113843","564.3080843347242","134.235529269633","137.83961667061808","978.6506180325692","3355.471515355072","330.2904882996418","310.39151729957996","252.0477265690546","198.08883208300134","1484.7306891210553","1379.5899441103493","736.8066181403947","1998.2697798116387","4190.773841764246","3663.364406172289","10908.682629899138","4986.232978666121","222.39530080150612","2732.6749968660793","2192.528952072478","30565.159193491967","85948.03971833526","86953.20630696087","75245.22904726262","97957.48246280747","220441912.24926144","17742.24616371676","324.4030436011664","584.4315715243365","37443.89354517577","37882.06000743876","30094.071137687715","40043.71188539576","7995.6793711200935","8359.048875396797","8203.346447235164","9725.557022422588",
"FeNOMeasurement","23.651634016330227","17.408273405871952","1002.1001394498106","587.6920708652367","964.39222412468","5969.132215170316","5796.384318387847","5974.42843899174","5897.366884543474","10543.948320929985","8524.98412587307","541.1793008440252","545.1421708878958","2410.1449551108913","1554.7629855625783","9850.370110907455","591.7110917493743","1715.2047735112442","1074.8031015838492","1098.1982844594097","656.1694475028966","6633.122074332301","6114.760388326367","152774.4371611864","72962.5576353809","27466.485889683303","18610.549890150636","251.51416770732646","514.0178003603164","5436.948858845225","566.2374751249072","134.57560179424556","138.15571071482745","980.9868306912022","3361.126983972489","331.0513528756162","311.1053343983446","252.62112737698","198.53451542457654","1488.0975573513576","1382.7491795846254","738.6064016985392","2002.7699449934967","4211.093177987106","3659.9836014078874","10931.894788260628","4998.0339193856025","222.82752290376402","2740.6478290160726","2196.1456219540146","30672.968408089506","86134.08725376536","87163.38658108827","75432.3605366829","98195.21143556896","222704832.21555892","17769.350588424288","325.16932347128716","585.2919010671527","37543.22623977242","37994.369704032215","30157.991803259396","40106.65460283668","8015.6398315676815","8378.670681196872","8224.30214686522","9751.826530056982",
"FeNOMeasurement","23.626573642661732","17.55723939552049","1001.9915035093966","585.4116527014204","960.1326172697178","5943.100490136104","5769.980131924811","5946.03625579977","5869.789220592768","10498.072529569336","8486.942036973769","538.0458123204796","543.3829383040918","2412.5737062536873","1544.570694201248","9788.77748289132","589.1021480855111","1705.149288119817","1070.205848741978","1093.0787084933313","654.4780738120808","6603.5437530908475","6124.211040021851","152114.36747029427","72595.90597267164","27347.30698460475","18517.383422737414","250.44106639021086","511.536237894271","5408.837701806485","562.7408256340715","133.9605168999103","137.56726467929911","976.658252140279","3352.552304582275","329.48693489533485","309.64375873262895","251.45003051093872","197.6306521775866","1480.9930934806505","1376.3370484185612","735.0814780604111","1993.8828297476562","4192.056211080744","3641.433138413771","10878.717212273252","4973.977079110329","221.8082648356397","2735.086397086967","2186.8608316029804","30469.072615094872","85733.72636719506","86746.04768709088","75072.5436316194","97714.7954668043","218418133.89343762","17694.15214367273","323.78708958137514","582.5596547149136","37363.26899703808","37805.545156267115","30005.94277269284","39961.88200603286","7979.106417973909","8339.720385365805","8184.990381023","9703.21137988451",
"FeNOMeasurement","23.614645042933525","17.415573729632055","1002.1244001707315","586.2320606333384","960.4420207152339","5947.140959237383","5772.615171857803","5951.623527553548","5874.6573115793035","10500.31881045964","8490.55889048446","539.2466907438579","543.8996010492425","2403.129054190303","1544.5741483727722","9840.027244125187","589.4659568612276","1706.9539706856372","1070.6449946558296","1093.8927778803125","655.485833459115","6577.348792055423","6102.415858163358","152132.81445912734","72650.09185397656","27359.393376346696","18539.38333698071","250.51112169965518","510.94112829168216","5394.033273985851","564.0245031125168","134.01568239167486","137.6276704866588","980.4207451350923","3356.6278771097705","329.72675053300105","309.88585105957253","251.62188683391236","197.77139576374313","1481.8881243191945","1377.3338662975045","735.5091460071587","1994.6179116251985","4193.896000239882","3638.4253953713223","10891.426862380562","4976.847427101903","221.91823316564285","2735.391802643482","2184.7223234767207","30488.776224805395","85783.8564061061","86803.78653539419","75137.54246558005","97780.75109119437","218088023.05924675","17706.14758963237","323.96308164821335","582.2015559667533","37402.30801899157","37817.627908651455","30029.006493777124","39982.25150520028","7983.292824801261","8344.58619058022","8189.621954605762","9709.986639296161",
"FeNOMeasurement","23.6375649243315","17.52712792745655","1002.0183152325611","586.414451434468","959.7392383250535","5943.8591076906605","5770.752230868492","5949.121627662614","5871.047190010348","10497.570558915164","8489.954856559343","538.9798569487384","543.2722905052807","2401.4889458582948","1544.543330886496","9776.463721470414","589.2589454951881","1705.6754770722143","1070.3162424641132","1093.4006776060803","654.2605975648396","6566.262058066964","6107.289001259966","152059.69003515583","72634.01463410068","27343.219193510973","18526.097183244605","250.50568314227144","511.1321853100663","5406.969364495386","564.5546982822624","133.96735826446383","137.56762253414925","975.6614577567927","3348.0361915673516","329.56890620673744","309.73891850386406","251.51843705113194","197.6720051076736","1481.236028152673","1376.5950909111884","735.200187154647","1994.307815361407","4199.030400574387","3641.8798635664016","10884.846835833732","4976.18570263776","222.03215412228286","2719.995074592245","2181.3620431167733","30459.557687119806","85756.46840197007","86782.67329963465","75090.07273809313","97751.69025175842","220430444.1194166","17761.621026899917","323.7374898816709","582.2327952575922","37367.43602917456","37820.24773106037","30025.7159673455","39922.3653683208","7980.002143753508","8342.81708023556","8187.037182968703","9707.879984203097",
"FeNOMeasurement","23.617647777203242","17.55190298429639","1002.1141020305037","585.4935605451022","959.8246752401844","5941.388577252618","5768.45660631468","5946.813048243929","5869.592783379486","10493.004048765368","8489.372627446155","538.6661789284133","543.1372310598898","2385.7941482972346","1541.574873168878","9781.569939037017","589.2925047983907","1704.8145253817204","1069.480331830946","1093.6532632875903","652.9092333016778","6574.146653480119","6098.933960941328","152041.88952837768","72579.02692294987","27341.3344708321","18514.862490193835","250.43123567939233","511.11775801404934","5391.111870260681","563.3888140302281","133.91493337079365","137.52466251749698","976.0591135640638","3333.411832310375","329.4939797450923","309.61522304922954","251.43110960084854","197.6202351141923","1480.680078600609","1376.2589212283385","734.9556447182304","1992.9187954892598","4180.825012841959","3647.1089368486473","10876.530467544208","4973.31535786496","221.78004111155101","2730.5605569744107","2190.0769704585737","30440.22899417813","85730.48024773036","86745.7629683807","75076.36483892958","97726.20920064948","219938597.13706535","17692.741249650462","323.5802636461671","582.2320960212203","37372.892152199725","37788.55855175424","30000.85481183481","39944.01076727119","7977.04720921596","8337.35565444034","8183.755391097656","9702.14505743763",
"FeNOMeasurement","23.60771253453979","17.345157705835213","1002.0117195997838","586.6924196112479","962.0924673249482","5956.693049463564","5783.274288217903","5961.062846662815","5885.097859978761","10520.6987470878","8509.67418331665","540.3898687292607","544.3908905978949","2405.9550049291543","1550.0152318166943","9774.075828871897","590.6583107269817","1710.293027758581","1072.963309187355","1095.9116345743005","654.831779203951","6641.184927142582","6120.116597887141","152433.84900673872","72784.3003631744","27397.903763861712","18567.43593105781","250.99019578179815","512.3681785939101","5421.302746991968","564.5751494310931","134.27715111759656","137.88944536653804","981.0740251811657","3355.289803403259","330.2887205467706","310.40545397705904","252.1097938075203","198.1246356794039","1484.5940965796062","1379.6478187617734","736.8110612726523","1997.5964053484022","4192.261104828235","3653.81111240008","10907.683562379492","4986.697330011883","222.3510892518763","2732.832192287685","2194.0166398146093","30649.658338575817","85950.24296210731","86965.13728431157","75267.73877580462","97954.05551011884","218852587.2790295","17746.234350703136","324.46795619283597","585.1774223272694","37461.12173504174","37898.47286691052","30091.717434669055","40076.268494358","7999.193722756787","8359.630961719946","8203.064617061718","9725.791310161938",
"FeNOMeasurement","23.65649412128907","17.45371439591717","1001.8595852719584","585.5567599450828","959.8113787378215","5943.661409890796","5768.916091355464","5946.969837777473","5869.880985379128","10490.803898648306","8484.723092199427","538.5809800949667","543.4754068655384","2399.1888013137896","1545.2189589148059","9820.800046160786","588.9659673898065","1704.6503250809542","1069.790687966534","1092.8479387714356","654.0390455022475","6599.066740295147","6110.254744692924","152022.0946799698","72599.54384907238","27323.091092540682","18516.490791441574","250.48834624401087","511.4364951883262","5414.453681406372","563.3280898463984","133.9178194171186","137.4810549431626","976.7682778464584","3349.088992664086","329.4133819610412","309.60353888952267","251.40911415369465","197.57763293931922","1481.1624725292313","1376.2395186755512","734.9411031663803","1994.2927580574824","4176.803456650997","3642.9652786909664","10881.593008519792","4973.89715207852","221.85280289357706","2733.7237877514503","2187.2690793076513","30635.12965770532","85726.53871344795","86732.52380799495","75074.15557614781","97706.75482466146","218299613.76622742","17669.373776791683","323.51152515952896","582.402863409713","37361.428645552565","37807.91373660111","30019.301979813405","39931.57624437021","7977.762654398292","8339.281014550546","8183.846565959789","9701.345146117925",
"FeNOMeasurement","23.644423067048166","17.690369136676964","1001.9261735647194","584.5578799502821","957.7482002084579","5931.294557532443","5759.0934920919535","5937.788995900314","5862.019161160985","10484.096436709942","8472.64468415183","538.0000762101946","541.6202582528936","2395.4207971377937","1541.6800777494009","9754.903301189208","587.9391489980682","1702.33856465035","1068.3924488988346","1089.732279814219","652.3178577123326","6582.10049499331","6110.152486174433","151783.49627455484","72470.81923482081","27293.036793722065","18488.42891608639","250.11070504904094","510.5615432652961","5402.571895152947","561.3814088817576","133.6946015554757","137.28156462853002","977.236580278445","3339.2399580440238","328.93416517844327","309.077538560729","251.01871932043596","197.26237100867672","1478.0330531552686","1373.865481860165","733.7345734467533","1989.5886611671685","4179.592905282229","3647.4813510407876","10865.57636877158","4965.301988346092","221.39284481914245","2718.7970297537786","2178.7016292386","30473.13167472794","85578.22901720126","86589.52695382951","74944.76943611701","97541.2153664178","220038941.5611716","17703.687427620596","323.153857287845","581.0035308947137","37296.13160025169","37732.61614103439","29966.356602422085","39882.998808015764","7963.105097544676","8325.192822552317","8169.869718499401","9685.499486839348",
"FeNOMeasurement","23.62973523866222","17.48203264995327","1001.9862539442556","586.4748729012076","961.3142913375738","5952.058424516496","5777.729016372061","5957.364847918769","5880.222986306072","10511.093401216702","8499.894295123207","539.591186696965","544.2061712684816","2402.7296286600385","1548.2093185870629","9785.81717011537","590.0672478145145","1708.560536151952","1071.4712920462623","1095.231863433021","654.6597626954868","6601.373460851544","6108.360321977943","152273.76086706866","72715.15561544689","27363.134937124305","18539.416128688597","250.92352447967903","512.0244086890223","5452.436692716157","563.9773858617755","134.13479646930054","137.7443180303739","982.0725982572969","3360.508296822417","329.9815651660064","310.13463844795444","251.82466938132183","197.95431995295684","1483.2681822097697","1378.504541375426","736.1764409471194","1995.842672565366","4193.577571430043","3647.186513596326","10893.406888799029","4982.36779049736","222.19423602525873","2732.7578962569205","2187.7449899996454","30590.820226501717","85867.01343436835","86892.69206621053","75189.67885567971","97864.95337860065","220157439.51994333","17646.3715384266","323.9992205670255","582.6230614819359","37421.738769864955","37857.78745003028","30067.76509757707","39973.09373012367","7990.0704088749035","8353.11491365736","8197.958411712094","9718.215586995626",
"FeNOMeasurement","23.60391643544036","17.310876680865302","1001.8159758247126","586.3501408173566","961.3861066856048","5949.690325168891","5776.722960001372","5954.79084326694","5877.59766696128","10507.95319989895","8493.864485155258","539.7946992590431","543.8424269233859","2399.78050098691","1547.1342295840195","9796.09715250984","589.753909004718","1708.9413556597585","1071.8027246409144","1094.2015055078464","654.8644148227085","6604.62779704117","6098.857214547837","152258.50819148455","72690.93797713763","27358.28287460187","18543.957563335007","250.77515433686435","511.9747119091611","5412.557898853195","563.6393286401861","134.10566592113196","137.70636743573513","977.4856414923975","3352.93425020067","329.85591841546824","310.0022886340056","251.76556767161216","197.8572719249911","1482.7110095168296","1378.0174664813294","735.8243523510422","1996.1319843593524","4180.9251842363965","3641.5533555035227","10896.002902388718","4980.264746961256","222.16390252495373","2716.6226132036186","2190.4390057145347","30585.537060409144","85842.21665264913","86853.51322056437","75159.79531211764","97847.74055040703","218139300.85163292","17761.304794212792","324.13267223232174","583.7294285009569","37411.21287245811","37849.60042787693","30056.759484269605","39989.271582730995","7988.778854831143","8350.923256903658","8195.477625869382","9713.430713422575",
"FeNOMeasurement","23.610897668277794","18.0142287116495","1001.9619198722718","584.9936767524947","958.9937097089021","5937.835771989061","5762.305286937109","5941.821388633356","5864.545595203349","10488.484269166422","8475.411804388847","539.099076799545","543.7225063887073","2401.0828642081697","1544.4456152882428","9836.273453384323","588.5259443479454","1703.9426908171108","1068.9272081043973","1093.3793546600773","653.6253487419342","6601.391754025742","6099.969530720301","151906.71969076496","72536.67633759548","27303.640110356755","18504.10808880093","250.17567025168927","510.58923954180256","5434.8028536535585","562.847356742031","133.81543861835738","137.38356926396165","976.4536205402317","3343.961820974112","329.18235665158664","309.3656505896558","251.22313535972532","197.4190989397668","1479.4609959544107","1374.8569220199706","734.2997957147172","1991.1415460795872","4187.4535625423205","3636.7100917380058","10864.847522474574","4969.2715322826625","221.5542850451863","2722.322606675978","2185.806648264052","30600.12844329501","85635.13825487507","86654.04656442504","74991.7052435674","97633.33125937167","220193297.613382","17662.462833298796","323.61768407331647","580.326848796725","37333.32654379361","37779.214714186135","30000.124392296144","39895.837275979844","7973.09000047185","8332.683592176012","8177.485120787596","9697.83820659937",
"FeNOMeasurement","23.65893839599193","17.821221957560496","1002.0416406804243","587.67039397172","962.8019005142321","5961.066195076073","5786.501413924147","5966.417612642293","5890.986900016786","10532.361475224468","8514.136883985604","541.2225512071386","544.6380699572699","2409.9949634403342","1549.596255201374","9841.981646351978","590.9809901399582","1711.4951848199655","1073.0035670848547","1097.5693848089704","656.1002768327402","6639.63961648447","6126.614456187356","152552.7289494042","72857.8105582986","27421.160284744255","18579.15644232433","251.37010638649528","513.5513938945008","5439.248456760074","565.0179449345267","134.35678426860153","137.9604302434364","981.3249103515502","3366.7715722929993","330.5457817665162","310.6768729734382","252.26040840285907","198.26589298268684","1485.7252405810534","1380.8056171907497","737.3233233166076","2000.3776519770524","4192.687325613959","3660.235592736547","10916.324745848899","4990.114287593778","222.56679642380922","2738.068856524444","2196.3571017512636","30724.216314166053","85997.2749484532","87030.79273660235","75313.6247324811","98034.91055340349","218169087.7206355","17713.969390324066","324.6572766003148","584.2829413397177","37480.71903622599","37919.45042655117","30122.607696188807","40054.39688414269","8003.398603937177","8368.766424560357","8210.77071781657","9736.68541519815",
"FeNOMeasurement","23.616841593319478","17.4078907329061","1002.3017035391281","586.7245424489033","960.6858212283267","5952.730432152291","5777.1736969947815","5955.760267918152","5878.855732254948","10506.613863315604","8498.881902126806","539.8966153564674","544.7544108458399","2407.3979545423545","1544.2179925747935","9828.312515461643","589.7043829428691","1707.1940102587134","1071.9832350111806","1094.309474975447","656.0393529070595","6618.7144520907505","6102.138242691836","152224.05748245228","72695.77438694518","27375.88968019675","18546.7654186075","250.59252801029038","512.3529122848919","5416.629856510954","563.6887361987091","134.1036125273605","137.7216023683178","978.2325437017562","3353.5902323863847","329.91100808268203","310.0892383366269","251.7723466141676","197.9019171283692","1483.0252907945503","1377.9699403992258","735.8587610031395","1996.6534541788951","4189.762512211591","3644.3967317909974","10899.740177130583","4981.429190621739","222.14123192832324","2734.523347171282","2187.7263535470224","30537.4324510702","85846.88859345064","86862.70874945894","75187.10403468495","97865.38477869827","218417038.17814708","17688.53397711165","324.1295887173789","583.8070171511192","37412.80011809697","37868.12590977902","30050.61291086599","39979.867570366456","7988.120740224608","8350.71274141342","8195.867943051386","9715.595045984346",
"FeNOMeasurement","23.630697401633423","17.667190921211297","1002.0866540302859","587.7539775209781","963.0706211765275","5959.8711424297735","5785.9105593036265","5965.160018716908","5887.7069602449","10530.557512036037","8512.481690961245","540.7300149548561","545.5019402418981","2405.441250530243","1550.1480359015025","9839.331949717443","591.0298400678087","1711.1803569626009","1073.6042345732108","1097.424759221808","655.5520681786537","6606.316485355377","6129.036678628476","152485.79260787307","72831.01761489721","27428.547145338085","18577.603512067555","251.1251428795064","512.7078873194068","5429.991204623829","565.1116749452145","134.33575706656157","137.93664227355723","981.4742358637698","3353.520284617987","330.5702841310683","310.66058659851575","252.25938123335197","198.24143157438567","1485.8856858450608","1380.6853538048724","737.3652499011209","2000.069539438891","4202.117408126907","3658.0898625660234","10914.849176592568","4990.608747467974","222.54377693661368","2740.653723456966","2197.7015880901904","30680.241030807018","86004.22990718382","87018.64179435799","75309.16301492705","98029.65812908474","219407346.31511497","17738.33844836441","324.658410323151","584.960355548506","37484.05796201386","37922.82198794242","30110.623144281053","40026.514462461695","8002.663826623487","8364.470233277469","8210.737428806218","9731.53302423659",
"FeNOMeasurement","23.591706644424868","17.59706859652029","1001.933881973916","588.9083659270772","964.7247781030751","5974.043914117069","5797.153582515455","5979.510621288225","5903.000192034925","10553.448627839449","8529.970875561523","542.1435435111356","545.1854395780841","2412.284341984454","1551.7101701929255","9856.178035981433","592.3911669503902","1713.1656290934711","1075.9833321228223","1099.1285382827107","657.7059524177141","6647.89852215637","6129.294839976959","152876.46660490904","72986.91752099514","27494.079476140614","18618.67770873919","251.67619241333438","513.7083014089231","5434.191379105411","566.133694584944","134.65439226037546","138.28596889027247","984.2201213992657","3368.122451985224","331.2521012618138","311.2868198544245","252.83033831364796","198.68783413286516","1489.0530061901416","1383.868262279128","739.0198372933402","2004.2334594493036","4205.515387931099","3668.314214739548","10939.385161630635","5001.236122262659","223.0352643403051","2735.588485714941","2196.357947292263","30749.492989912636","86192.09294222856","87216.24494914024","75490.13904669616","98256.87317211673","220476923.10690644","17779.459374135993","325.28095026537","586.3355280231289","37566.15849159906","38007.15466584811","30181.42524129771","40114.56410457838","8020.53627613463","8385.225327034916","8229.05825462187","9754.490250948229",
"FeNOMeasurement","23.627932870450717","17.332501886544353","1001.870559034622","587.6604639741195","965.2148478344062","5969.830412895078","5794.315733442136","5973.889974300662","5899.5214938385","10548.702837238801","8526.351223569325","540.704659779588","545.8452025542703","2409.2672480107785","1553.3178141355816","9861.66574769792","591.7153774879355","1711.8209495950573","1075.617559765925","1097.3097518151176","656.6125368923304","6637.855770298717","6139.431691491979","152803.0444288462","72950.91696726221","27468.50163549031","18612.97742381919","251.62637701874007","514.4286474476991","5429.478377671922","566.6633278006626","134.53198406519277","138.19114857895528","981.0609178380697","3363.965704656436","331.0650770553862","311.11774624450794","252.64618542345468","198.57490785073105","1488.1458872671265","1382.9497399517713","738.5486090795592","2002.8198026047141","4215.020278975263","3671.4901669503824","10934.72004996118","4997.303578385344","222.95096661856334","2732.7790265845447","2198.354046462837","30797.548487497184","86148.55665008961","87160.23035028925","75420.45011917329","98184.36716620134","219995009.24042547","17716.81072390361","325.26793668899313","585.1571722483071","37537.999501543076","37976.73495664271","30163.34100430138","40135.17563186064","8016.1638000505245","8377.149000453075","8222.869330910155","9745.838704930899",
"FeNOMeasurement","23.639928724151126","17.42481872733917","1002.243980749821","587.0135916404198","962.4488582384657","5959.631955255674","5787.318407091812","5964.567408135633","5886.266347029307","10532.128439830773","8513.839462073112","540.442131063046","544.9870040918728","2402.86294890588","1547.9431814183008","9799.27943768708","590.6179651933937","1708.5450376689314","1073.3642383698643","1097.017901353292","656.1747318555476","6622.847214561162","6138.681935127578","152539.7289534808","72814.00138882926","27410.41220916257","18570.536484631662","251.01764255092903","513.1156959224812","5439.2795210614095","564.5252052937398","134.30097139717836","137.92628446041775","978.9736822259446","3364.4891282298113","330.4034129236225","310.5115879907314","252.15471546135237","198.17888942037206","1485.196548385333","1380.4008657262148","737.1089790687631","1999.6582183694609","4195.779982792016","3660.7288937684452","10915.79348649053","4988.790511970671","222.4095486638878","2735.388006013417","2186.8246255856766","30536.94875969991","85983.91095694821","87002.70091274603","75299.57731751639","97990.61667844596","218474243.62094232","17771.750527033517","324.59803536064663","584.3850619018532","37476.267236590444","37913.7591402791","30102.683074555207","40031.365664806945","7999.572129195724","8364.695205611562","8207.917269503863","9732.086699348083",
"FeNOMeasurement","23.602173297194163","16.94327259511978","1002.151603708255","585.3658463455597","960.1055125285228","5943.728568773403","5772.502370218711","5949.188018470233","5871.81532576086","10504.01591944609","8488.442753279029","538.7812575501598","542.827398556949","2398.1991928918446","1542.7957708066886","9823.49075803899","588.9088738493026","1705.7494153322903","1070.7132123554586","1094.270117232834","653.2569278596193","6590.548614391716","6095.816966466795","152081.99796724622","72619.91751225971","27347.007162889495","18522.108685082305","250.46246618920577","511.69699786616474","5384.232266432216","562.97104750085","133.93577849303563","137.5903635455048","979.6784089204665","3352.145055361153","329.5792181643599","309.7229247134371","251.5042466637325","197.65993272992677","1481.4365567827213","1376.7528354554088","735.1212200221174","1994.4124415476833","4187.672911525974","3647.510553737818","10885.638852374257","4975.578351659719","221.80051621570306","2727.946503590367","2187.674225028956","30553.578454914124","85758.09292487572","86779.31378629862","75098.72525070184","97745.51586603711","219195392.10221946","17655.248531732628","323.71986500279303","582.6887721756533","37381.24090778189","37828.939878454854","30016.989438480377","39966.10091444963","7983.6995069806335","8343.830460692388","8186.634481338579","9705.676765047569",
"FeNOMeasurement","23.63264809338566","17.567057884445365","1002.3637827253243","586.8385846174383","961.552087574774","5954.560399498763","5781.2922534194695","5959.49765575463","5882.771319615498","10517.356549912152","8504.988825710585","540.4358971644874","544.5939287368096","2406.8121128196085","1548.3850120561226","9831.334230975905","590.1869320073806","1709.1662069711156","1071.8273923944437","1094.5909610548508","655.127240809986","6634.08721340961","6116.162127221239","152427.45071509367","72761.4699183145","27393.237724127583","18561.54075768611","251.09513066063755","512.585473852215","5430.293090695261","564.5360162433692","134.22699882034524","137.8396954946926","980.118356165053","3359.1879526585426","330.20954901679283","310.32403430318595","252.0462659813525","198.08723633011334","1484.2829448806383","1379.4793778396038","736.6983548116019","1997.4370415844132","4191.503442663494","3648.357103615255","10904.912251564516","4985.606346587422","222.3333768381037","2730.499068001572","2188.672977697915","30629.10060140522","85919.34094011247","86943.5853692889","75241.01191452837","97948.21701558087","221050138.23163778","17648.757008353048","324.47812225966413","583.6325575047584","37443.89237451392","37892.70025681433","30095.784021762902","39990.53746821934","7997.228245423266","8358.399008505537","8202.667642242575","9726.609296763074",
"FeNOMeasurement","23.63113705392192","17.27676919565406","1001.9809515585379","586.5088612286373","960.5766664414737","5949.331834578586","5774.101102723349","5952.832189707439","5876.048965224955","10502.771736709441","8498.198515447195","539.3956120316763","544.4302924333896","2408.600444653429","1544.1352684129702","9797.650949635143","589.549944591175","1708.7933269980917","1070.6392287080641","1094.005025743024","655.1572935655283","6587.320911311433","6119.088856669292","152204.00210669436","72689.81291040797","27360.160452878154","18539.838875881593","250.73151168917389","511.8271209613379","5416.0464683139635","563.413488133128","134.04387706612647","137.6711668052016","977.929669848426","3344.8077460334844","329.8284513628248","309.9414538861119","251.69830634477046","197.86202507409072","1482.6737422995557","1377.6969077964834","735.6999962705098","1995.7667202323491","4194.867023279593","3651.4859871757553","10897.423658220387","4978.976516293226","222.02010967956005","2728.794333853578","2187.73609261639","30595.722365163587","85811.14538100909","86838.92037667421","75149.85182452848","97830.00432648587","219708296.02023643","17784.2766094282","324.0165759982687","583.6416366139307","37402.32053175457","37843.4778322443","30061.99078187932","40001.368834878376","7986.101101756546","8348.687532472499","8192.269025603682","9709.346803958642",
"FeNOMeasurement","23.643837828968554","17.518041438292457","1001.9251357150594","587.7220352569585","964.1438649131476","5966.327159808758","5792.91342771973","5972.158245602881","5896.4305239562145","10542.849087029334","8522.740221715094","541.6291165910521","545.9515376061037","2410.246245294604","1551.8695815407186","9859.141274127398","591.4504112636339","1711.4589285655495","1074.1310304033834","1098.4383909286944","657.198401733206","6609.768571761549","6130.937367589444","152688.07533957716","72923.17996627685","27462.342459111438","18601.577277506396","251.54765571498504","513.123820247083","5455.697412857066","565.5478423415819","134.51742276684635","138.12128487202725","980.7028754876256","3354.506346304173","330.90358547201544","310.97588849799905","252.5128852395267","198.460153662752","1487.226573572375","1382.1995184000175","738.1233180396748","2002.6001596781766","4198.962228762657","3650.4353945624603","10928.078985321801","4995.376976913283","222.7905974213677","2725.080705918489","2199.9104134833015","30674.026745149113","86088.18308720685","87126.35543279554","75404.28089053644","98140.26921993861","221186779.18690854","17734.78246121926","325.0059967566609","585.2188103581312","37522.1730364662","37973.327524666434","30136.279714152122","40132.27055826082","8012.937452259466","8374.661074116675","8218.406654440265","9744.663277398937",
"FeNOMeasurement","23.62389366310657","17.517296993212597","1002.1246387554481","586.0610237020683","960.0461385277042","5946.25394532248","5775.026738157431","5949.7733040072535","5875.970580056962","10504.058924064713","8488.844983402527","538.8701948787212","544.2654724314472","2399.5859586638635","1545.3619655688606","9802.188123686976","589.5592662324789","1706.7817935661872","1070.4017516434678","1094.6542012748168","654.8212388337313","6601.924270579993","6112.810873279463","152149.75881042416","72648.13978035335","27355.667113015003","18534.471464547863","250.5482168659313","511.8970839098825","5412.881213845805","564.2725356179164","134.0158267257157","137.61551080830688","979.2972993897813","3349.307028914024","329.69493614396606","309.8140304652561","251.59161557717596","197.744893997801","1482.0777597794233","1377.292075498461","735.4637461901293","1994.2077175494883","4190.416323091063","3648.050388971328","10894.48402462651","4978.361478830154","221.9929682322375","2722.33102186967","2182.844698516217","30519.077565694683","85780.60187198455","86805.79071801904","75133.60775506422","97808.55654162586","218423086.70854035","17680.530546739894","323.88273555081645","584.2435561424257","37391.26454555201","37826.863481953646","30030.28971731358","39984.7048678233","7984.902196927515","8343.806822166302","8190.489084586434","9710.996877923108",
"FeNOMeasurement","23.598255384963736","17.618042228983597","1002.0127841034372","587.5724700503422","962.9800853095651","5956.724012832026","5783.697645077301","5963.430827465348","5885.0105158174665","10526.5995548799","8509.718188761222","540.1420907813073","544.7547148958243","2401.9565846441683","1549.6308684785324","9864.538518241558","590.1849612157927","1709.6480895943787","1073.1900346284126","1096.9752283961516","656.1569200088412","6613.392684465168","6127.872805704473","152501.42239913414","72809.53459092173","27419.687057350322","18567.531848146864","251.1586046781808","513.0829540672638","5419.182817746382","563.801044420097","134.2901121900707","137.91191190369963","979.1265027977472","3359.600374600137","330.41850088038905","310.4677581593381","252.16997668693634","198.19049041093263","1485.1375215281635","1380.309017896337","737.0296353733801","1998.4275099798465","4198.8933447897625","3651.326895052838","10911.9326404058","4987.99930627574","222.548336402636","2740.5667347135336","2190.7096756743686","30550.44905557825","85956.64252262466","86985.800502096","75290.75330751641","97995.38635566796","220501375.16323602","17718.31936606003","324.540696499265","583.5468497592001","37471.81930839779","37921.61376195693","30104.35659114899","40058.74730405244","8000.646568514656","8362.508812068161","8206.481781626033","9731.711667142867",
"FeNOMeasurement","23.623914422764248","17.291888706609832","1001.9127676304521","588.579054490362","964.850158378479","5971.896135572322","5796.885984090009","5977.378281629917","5899.072372345144","10546.420310084066","8528.216225429795","541.9591182200226","546.0063740735615","2416.268045912592","1552.3685625376602","9812.932271946065","591.897002906515","1715.3764167887655","1075.6768555586734","1098.4992806803555","657.6979647705788","6637.385447184188","6130.395798652992","152899.80526156383","72979.37147149892","27472.689554354773","18618.770683590872","251.7685803758215","513.9663875982336","5467.545901543969","565.9393608088546","134.60528175855964","138.23598738850657","981.69022164013","3370.3460742164516","331.1442145005437","311.20537389698853","252.7565474593376","198.6355621548624","1488.3667845618584","1383.3282001245282","738.7800280006371","2003.511560006194","4210.0714715946","3662.6880757254153","10933.684028820142","4999.405305751108","222.86503009367578","2732.7835506628658","2200.236742765344","30629.6243663112","86171.35158458856","87197.00727879874","75460.67315665352","98229.08785058718","222226435.39193624","17764.55583104292","325.3253505021798","585.6441791871716","37566.129609673255","38009.38402198497","30172.434194288977","40129.016829503234","8018.942985756343","8379.21531921099","8225.587937874681","9755.874046262219",
"FeNOMeasurement","23.60496307178807","17.180368423248535","1002.0886381922893","588.6076074510258","964.733864208734","5973.700791289854","5797.888980034151","5980.033296332193","5904.335968949823","10552.550751911049","8535.598842859128","541.7613770674569","545.9398213873161","2407.031227002282","1551.8579272755528","9865.82175761568","592.0991239190821","1714.7071991862113","1076.1617506080281","1098.9634528516292","657.6079147057816","6624.039831066231","6117.9091022244165","152944.67084384078","73005.23013095233","27485.298855950332","18620.95763019749","251.785746276931","513.5012558059407","5429.496468897253","566.1939363979158","134.6835141074551","138.26577496049387","984.7841723557633","3375.1537615800044","331.2798773889918","311.35389860813325","252.8306836542264","198.72119714611264","1489.2211974260463","1384.1073101970103","738.966328845249","2003.6301621808993","4212.959991252673","3664.6013159352856","10938.31431471216","5001.752864662224","222.97806161519836","2741.312592800319","2195.988021032171","30669.913462229866","86199.44817891384","87237.00628005616","75495.44076241381","98260.57851901553","221629508.43474492","17844.883034767023","325.4637716961909","586.7389311675498","37570.50431901381","38007.61456410501","30177.642415774197","40120.130227830545","8022.308797481352","8385.25577594622","8228.508084747044","9758.176691264662",
"FeNOMeasurement","23.609839386312537","17.447158711928072","1002.2262829421636","586.9465457171002","962.4562233313383","5960.465531932309","5784.01629048656","5963.9525064482","5887.985725055729","10526.632041732857","8511.093944886672","541.2938213906865","544.1178810272262","2406.8974558150076","1547.7082946158455","9816.262052857894","590.463043120413","1711.1854307458527","1072.9896816498645","1097.4137650835771","656.4603284606904","6614.301935311667","6137.001396029317","152522.02801246068","72812.47970943287","27415.58690421592","18571.82237653916","251.17243793349175","513.3394382666714","5440.387867200821","564.4806239408821","134.35329790233737","137.9370960974494","979.8802338192701","3365.707601124781","330.45720876038257","310.52746099674584","252.1853285465085","198.1980550542098","1485.3899218794477","1380.5034776396815","737.1099407023252","1999.301663626897","4199.4945903916605","3646.2915083452176","10912.359633617936","4988.903621377748","222.50861359944756","2729.9126587649207","2192.5881982367855","30654.89546276605","85978.84026708784","87000.43299753439","75290.12482385153","98013.68330957575","221227648.17873535","17645.296491742592","324.56247875615475","584.2036559176603","37475.209129831055","37919.99407179501","30116.40690911649","40063.53468511363","8001.633070383035","8365.55223637834","8209.551778217592","9728.324545248917",
"FeNOMeasurement","23.63091759403649","17.587929398601876","1002.3606704479423","589.099197092304","965.8753290652193","5982.048186362712","5805.546741923667","5984.72322539647","5906.9066172421935","10561.21537624605","8543.030432923066","541.8911198072607","546.9792758678785","2418.5640830894795","1554.5478622918627","9823.115144128855","592.6449702172027","1718.6349100635873","1076.7128797100129","1100.896496665666","658.2137285012785","6674.106558083885","6148.5575742861065","153051.89124892335","73077.53117759872","27513.810888697048","18641.022253094085","251.92187737910822","514.6542953044003","5461.114773379412","566.083904394873","134.80780814184087","138.41477690669703","983.9866819248642","3367.6402085632762","331.6076249902843","311.596362912455","253.02526976026874","198.93691903916366","1490.25919368119","1385.3453182524102","739.7280713718199","2005.7894093868424","4212.238531493223","3663.4120087752","10947.214112428042","5006.3942382353","223.19520676308457","2742.3309509042397","2201.2093075869984","30726.68368972655","86270.82302990435","87316.82121079139","75557.29503435091","98360.53292436179","221410544.1403867","17760.196316066013","325.8740916858322","586.3533225905886","37594.67672666556","38051.46235175258","30223.826150200908","40210.703320258996","8029.989022158522","8392.573094360343","8234.58360752404","9767.936919819125",
"FeNOMeasurement","23.623226989564994","17.566772569740856","1001.9896585551106","589.9376704615399","967.2563089801532","5985.475583599515","5810.597856774836","5990.054948289853","5915.044689058285","10576.894009277976","8546.381427797469","543.4696372302864","546.6717716421896","2423.5126182138415","1556.5676764042696","9878.225853066162","593.4425465616808","1718.6831055542505","1078.046417529925","1101.1012400403488","658.6810173303745","6634.29398134141","6155.304715618872","153161.75842952292","73135.98005021765","27547.137697447622","18656.495260250784","252.32620888583696","515.4154507476815","5445.538473270575","568.0429636641902","134.90444888025158","138.53945549968455","983.663860993859","3374.623815428857","331.87349008912054","311.90092658647063","253.30369879049383","199.08887789508813","1491.8025734364949","1386.4849656495917","740.4113847624421","2007.9677571909256","4224.893470486749","3663.5419297677668","10962.183780363765","5010.314550290146","223.5163622329496","2741.913355360267","2200.56190222525","30679.100210878503","86360.53108245268","87391.9435455276","75622.47524975396","98421.53244210266","221846829.65402922","17781.48127323799","326.01819015361883","585.7192538737689","37629.09861723621","38063.50626646632","30235.36025318765","40228.501521105536","8038.1480462303325","8399.00310654427","8241.78455549455","9773.178516963073",
"FeNOMeasurement","23.622453700923018","17.387421890859326","1001.8774145743614","588.4434467652393","963.5431560798197","5968.084852945118","5791.461553620731","5973.078257888232","5896.784627164497","10539.26770629719","8522.045860365819","540.9360553025856","546.1353383212514","2416.4143805312438","1553.644347586191","9825.317989442397","591.2464059880122","1712.9206231120668","1074.911719846746","1099.200030252483","656.1762811547248","6627.9569283883075","6114.098455714598","152761.7624828615","72937.84380565071","27450.366142904062","18599.578009944602","251.46967526617868","513.2323837054868","5434.228309243885","565.7901344371417","134.49995109222903","138.13496785185723","980.6342875113606","3356.4634991716316","330.90551792054003","310.9813645421682","252.526227482513","198.4922669969902","1487.5794332957794","1382.4270493937356","738.2384651941809","2001.1678012580949","4205.170342169926","3662.764856169658","10924.58166266758","4995.990114868925","222.72727306943474","2737.1254313897716","2197.313275961373","30670.1052414725","86103.46551880617","87137.57428247863","75400.63502644312","98144.22069873707","220133730.6125585","17775.483990404857","325.00643436118327","586.2851219140921","37507.240971564825","37964.64358978808","30145.512602677398","40118.52951245002","8012.042477173578","8374.936273394274","8218.950838252762","9746.281352617467",
"FeNOMeasurement","23.629856472977043","17.171153998349748","1002.2193714245157","586.5913354727373","962.0916814099543","5957.737142548379","5783.210469050608","5963.2560627334215","5884.668992367584","10520.711619690019","8509.226851645344","540.5039930982417","544.9916154894117","2408.7942065380257","1548.0923087227088","9810.948357097244","590.3145264317197","1710.5031974034662","1073.2801814014965","1095.7939615213318","656.2031773766438","6617.56381086554","6138.598361866805","152456.8808623494","72795.48305925254","27416.033391879842","18569.494786502513","251.0632167562747","512.9412521924793","5412.977409158293","564.8075781664451","134.28875857632093","137.91416967332114","979.0201518297308","3355.6877649100697","330.3422407966928","310.44749772646765","252.12525773108717","198.15499183719928","1484.9827932512455","1380.0991570952353","736.9643224936964","1998.425328917417","4199.333323032755","3650.4557090258686","10908.367477884045","4987.450943310079","222.4111961324606","2723.5724943760083","2191.4678176985967","30590.592819766458","85972.2226719038","86996.2804623256","75281.02044209214","97990.34518975324","219267623.08800626","17807.511274614128","324.5063377166228","583.8722330748876","37461.904428985705","37907.055387668384","30088.744703734457","40092.92295841567","7998.5244802180805","8361.22647409463","8205.854316860188","9727.281063698536",
"FeNOMeasurement","23.625265410291416","17.909525676622515","1002.1610432590995","585.2358801439394","959.3305466207453","5938.67555939683","5766.5093445730745","5943.827773940619","5864.942853614113","10491.109687025282","8483.981026755515","538.464183520271","542.4286938760162","2394.2129868472903","1543.0556184856853","9803.475546300177","588.8123746759273","1703.4757945685928","1069.1899757448052","1094.2426347482553","653.5026955960398","6562.397311043745","6097.027515572052","151920.94890126583","72559.5818094087","27296.47191262318","18505.62600085216","250.34813710292286","511.0780615787646","5402.784104603968","562.6791783659127","133.8622463013838","137.45480746531786","977.7580468352672","3337.3836730211688","329.26354178802467","309.4898092307288","251.30243418413218","197.4844837980945","1479.789072355991","1375.339498704512","734.4786259901759","1992.98895239436","4178.190932119017","3636.058373900629","10876.772054617299","4971.211910411617","221.75818359204644","2707.5055581151855","2185.233228571921","30447.19559305764","85665.30183352549","86693.78336274884","75030.37228193392","97670.1981135457","219193093.64991432","17608.500770718372","323.48361032837425","583.0061245235007","37348.23485340121","37780.32535547107","29986.6580181858","39888.30432744212","7974.371255895719","8335.868065254897","8177.182427938641","9702.567296200838",
"FeNOMeasurement","23.659219245530664","17.584480081478947","1002.197864652333","589.097073763216","966.0274082590619","5979.411791017944","5808.15176714125","5985.437700584569","5910.016871674175","10560.603809732223","8542.37647727253","542.2402747519262","547.6858648599637","2415.7644584829573","1555.3383066445035","9877.19479563844","592.5580494917256","1715.7897398515483","1076.700396695489","1101.486404741264","658.4014797434984","6655.149432150355","6135.643667464137","153011.85948511382","73094.46500969735","27503.846582375656","18644.208826060483","252.12915339975376","514.5154060079486","5493.545771006198","566.6371935828632","134.78642645050903","138.4407156227922","986.5323550947661","3368.22214606219","331.59227923216093","311.66002857832206","253.08619100159478","198.8917643225928","1490.1308455019948","1385.3400828635838","739.717715984044","2006.977795331458","4217.283074954588","3675.4900247422624","10949.80397702341","5006.72744656095","223.2796856533404","2732.045620201663","2204.971845066951","30755.774179029864","86280.95570649474","87305.99416123137","75565.70522820904","98356.83672638769","221307401.18481293","17755.551179373382","325.7763235024246","585.3608384483784","37609.00468279897","38037.702256357996","30204.111926867157","40172.35010920522","8030.490848159523","8395.66665382557","8237.710732766152","9769.632578338347",
"FeNOMeasurement","23.597327706312527","17.337350416287634","1001.9831864397255","587.6692589752188","963.4471093469386","5964.35416746149","5789.843017975012","5968.716253920725","5893.508090669128","10538.866831541744","8518.7089754213","540.9578206022725","545.498257730739","2411.9517568444257","1550.3125117816107","9830.215516465896","591.3968499757418","1710.3555002597016","1073.938021972456","1097.8990684491052","656.2786188877905","6613.759513342171","6140.994078410031","152676.0451395987","72882.54263988811","27435.16439684697","18586.934234470897","251.4554371547592","513.1523280130967","5422.462761203923","565.5105063551221","134.39881900716424","138.0465906036087","977.5678986688886","3364.1456109957685","330.76319712806986","310.8040394651182","252.38089403429942","198.37270805056764","1486.749017256855","1381.544444170162","737.7646629035058","2000.1525472113303","4187.342693291572","3660.080683186113","10925.188297502415","4993.079235276347","222.65625684033023","2741.4744404790376","2195.3523440669696","30522.396049286363","86058.42291530127","87078.3870832884","75370.58483037158","98096.99788312486","220212233.9747608","17732.133590719888","324.82628353890567","586.0645075367615","37495.79270114501","37946.991098418366","30134.76658913146","40064.244998724214","8009.647814028308","8371.404430067476","8216.7229344315","9741.593152025924",
"FeNOMeasurement","23.64796074652022","17.701356886735468","1001.9133929634231","588.1775564941654","963.5259336735976","5964.951921438266","5791.697161092894","5969.166334761832","5890.88306610002","10538.624858325467","8515.68087092903","540.7118451198086","545.8269302445552","2408.6967536380175","1549.314213644148","9781.682807528303","591.0881841635877","1710.7927142398248","1074.1465915859328","1097.8780690903377","656.3671901678476","6642.93412066679","6122.953631947359","152599.3481590944","72879.10517236867","27431.961052031624","18587.921068371856","251.44468018625136","513.0804189362741","5424.839920441277","565.3731177413566","134.41752642902398","138.01510625646296","979.4624427765003","3354.9450321295553","330.69269651755405","310.76294664066916","252.37718966148734","198.33700583832731","1486.4636219604158","1381.4182858568752","737.6658179933178","2000.5511073413181","4215.577515498896","3648.5638919398007","10918.670093299595","4992.217884813856","222.72516650342817","2735.667741284466","2196.6722648605646","30654.939190901834","86042.5701772833","87072.46604456734","75361.06523035781","98072.4702842458","220212969.15343985","17755.9086527365","324.8246807310071","584.1796753124718","37500.534421021264","37938.84684899683","30134.687645856204","40057.19480858115","8009.689851452378","8370.458475203728","8214.33509078454","9740.749288601313",
"FeNOMeasurement","23.60714725626993","17.359406779154327","1002.1588531486024","588.7899795612552","964.7023526404416","5971.647072265987","5797.3870603724545","5977.626701944558","5901.308712231013","10551.923429648641","8533.084089487611","542.006931334913","545.7533884725012","2405.759447218324","1552.7979650855834","9823.923187153925","592.0432464277682","1712.8036925699967","1075.227039899907","1098.7699301759505","658.1880108759515","6615.596963647228","6134.682802590859","152760.44501157934","72959.10958451228","27465.70743083726","18615.630689086265","251.7981329686953","513.6102831904246","5442.898749121049","566.133599418593","134.63621288571198","138.19593048336745","981.3850204100555","3358.4981520045594","331.15831730665025","311.2059626351755","252.69670240862771","198.6228301722221","1488.3141118126396","1383.2950879646132","738.7019063246497","2003.7241750937962","4217.461766645492","3657.677198257196","10936.808657059028","4999.153257384694","222.90370386168925","2744.574351967361","2195.3057317794214","30700.695446926078","86161.30306016679","87188.67612883246","75453.71620891622","98207.91242980918","221339244.81106597","17794.02402492047","325.4165732139882","585.0347368176383","37541.9200974661","37982.51235920045","30166.796120910538","40121.53751301546","8017.125019903727","8381.451067506408","8226.146369860422","9752.840901878022",
"FeNOMeasurement","23.637375866425558","17.127633131256633","1002.2576702343357","587.1458369123353","962.2908226623261","5960.7857532310045","5781.533227212194","5964.470140360777","5887.113537092606","10526.929693660037","8506.47873643259","540.4934226785606","545.4293506269837","2409.0092759722183","1551.1172039423275","9820.068229055127","590.6259065206019","1709.2512305263085","1072.672711446378","1097.148549969612","655.4891813360754","6640.975775299564","6128.809777634717","152466.19610132565","72803.79768474738","27409.1097188583","18569.631479942662","250.9804062535749","513.1543227709952","5448.751839733948","564.3214528371785","134.32851631544358","137.94220191022973","978.1449704114696","3361.335193151004","330.40817482059686","310.47267514076384","252.12837976044958","198.16176808452613","1485.1734115823115","1380.107344328019","736.9919593411302","1998.054472627042","4195.564026406011","3649.816224127474","10907.042392649853","4988.114539895476","222.46037454644062","2732.0254036108804","2195.0238872252116","30583.271910585303","85953.0543899451","86991.27544135548","75294.71782060333","97982.27784049095","220501288.97015265","17694.69002064003","324.5766353828089","584.8546916719572","37471.50647086317","37911.82581310168","30117.575348314625","40071.357668348835","7999.927866085426","8361.195692344443","8205.624367049553","9728.630501278205",
"FeNOMeasurement","23.607442482743092","17.67768601146674","1001.7547066623877","589.3961762210279","966.0894008332683","5975.82515862862","5802.964343957101","5981.502331694208","5907.506618507712","10555.59232814302","8538.772068266126","542.6749625523873","546.3805050832657","2417.9590139899287","1553.8596692192084","9819.205701099258","592.8428034029015","1717.120638267137","1076.6152337607036","1100.0684949093563","658.7603675210424","6647.432590969503","6138.283762430848","153013.7323544875","73045.48549295503","27503.370392499764","18633.58449470541","252.04080789663232","514.178416953813","5486.721145290228","566.4262012639106","134.7735028540418","138.38395420227053","984.2525921530271","3372.3300239500386","331.437822117113","311.53507238190036","252.98686528219713","198.82619707236302","1489.7233804977855","1384.7534816031643","739.3371032840657","2005.6228251789544","4217.929250684988","3665.2633761581346","10951.393086550832","5004.714200562491","223.2759377180796","2739.0778707473637","2198.812161255759","30830.51567212595","86254.45520653501","87283.61465881455","75537.37371471348","98301.09196125144","220240268.09460488","17762.187637205498","325.71686211058665","585.816536276349","37604.13273045614","38024.18699173968","30212.412680913014","40199.1596100848","8027.922859123867","8390.579006784707","8233.740177725862","9762.459748703648",
"FeNOMeasurement","23.59986345184798","17.401059552018896","1002.1136246924082","586.3417313047265","961.5386409515623","5952.139787940179","5778.123701685775","5955.332679031042","5881.505649446393","10515.125030535579","8499.82336021715","540.1001762703606","543.3484238328728","2403.0111316216717","1546.5393240653223","9799.31101883989","589.760233055763","1707.803851981758","1071.892113308361","1095.3767224302799","655.8142717690484","6631.142155535848","6107.469324992868","152304.95291285703","72715.22032793004","27375.638755212472","18556.708771243717","250.89099575837386","512.365617142402","5382.252469109885","564.5205230785477","134.13335951132726","137.7592876624964","975.9639862596896","3339.845481809078","329.97419894285","310.112907131753","251.86981958966217","197.94145945089653","1483.284333034443","1378.5109007081996","736.1318877656428","1997.2474425450453","4195.165259058357","3656.593150038292","10898.739573499613","4982.2556720786715","222.16425359611478","2744.0828030507832","2188.0227551315006","30535.938811982487","85854.97545859344","86883.59942086715","75197.02002506342","97896.82801660217","219285571.47840452","17650.800099944958","324.1172593843542","582.9147152745351","37424.12194903583","37870.12066098663","30055.88868556346","39988.84674245333","7988.301447260335","8353.08094360672","8196.931826449192","9716.77838910471",
"FeNOMeasurement","23.60620626697819","17.890375834783246","1002.2000704196428","590.4710066083607","968.1372186677829","5995.981633091124","5814.7510657614785","5997.035527138664","5920.0347825958515","10585.293861241988","8559.063352740157","543.246226074136","547.907502176653","2420.1727436140714","1558.1394929592802","9857.003755049596","594.0061363607975","1718.4297939413514","1079.0757693051203","1101.8545965336223","658.7190785713403","6644.581460237016","6172.835655863179","153382.44863042256","73237.42866838268","27571.631820348004","18678.171900333953","252.55537481660716","515.4260144291846","5447.079631675336","568.3821459386074","135.10324748763387","138.69895346539272","985.9475724184833","3371.3902250307938","332.30253627243735","312.28862417913535","253.6067066190764","199.3243132644455","1493.5557587555625","1388.0195386186474","741.2898572120804","2010.534278578333","4206.945086835911","3675.7364776983004","10974.19745171315","5016.782200807826","223.75159961568212","2755.225708675093","2206.871085870501","30815.66226646113","86457.43573996867","87491.799888357","75711.73506894111","98538.90645758237","220108392.17696795","17841.880425127376","326.50122765870196","586.9169082987894","37687.0344510023","38117.98030005274","30270.57184848809","40287.28817789501","8046.339505261991","8413.224856026742","8253.895086299006","9786.283223158278",
"FeNOMeasurement","23.62718192080864","17.52897944440302","1001.9780484482992","587.3539977842645","962.2266313221077","5960.4578212839815","5786.282091389015","5963.99091141962","5887.840553089693","10530.337790264153","8508.633454265322","540.561662186849","544.5254936423075","2408.227184900279","1550.1175723528183","9808.146170754759","590.8989392956872","1709.7087594727643","1072.8785962295713","1096.3433897501282","655.8366030292375","6630.805431994238","6121.698680084591","152504.4355008532","72821.65332069127","27416.659718593946","18568.282274975714","251.00441218028936","512.6838735961426","5432.92379863618","564.6683151099314","134.35356454779145","137.93811717284152","979.6965156595309","3364.834049429824","330.4879954360992","310.5389163554539","252.18078711981153","198.2466947152794","1485.3505728177238","1380.393160725309","737.2220806928334","1998.7596906266358","4201.977835974204","3651.8463238214945","10910.101803109119","4988.759144810747","222.55892202599256","2736.985794904364","2194.5923751060814","30621.677277520997","85985.20812485622","87011.83797586267","75297.48677994819","98031.4948942582","218101053.13996014","17801.694082744547","324.62027419609615","583.6261250758191","37474.39638374443","37911.78588861206","30112.494365041286","40026.95262576488","8000.7285709811","8364.520576419747","8208.05965964401","9732.931119061614",
"FeNOMeasurement","23.63323884562783","17.662882100321493","1002.1048461624496","586.4659453677148","960.8086550136896","5947.611181185506","5771.526533473953","5952.82574102375","5876.561754728779","10509.183239031125","8492.192790933099","539.639415707402","543.1977138691101","2401.8855205533964","1545.783452537141","9822.056046585209","589.6746041013183","1706.2429378786849","1070.4718802925686","1093.4424808934104","655.1403010420852","6609.260920014307","6122.164842961457","152234.09280250777","72652.84652022376","27368.546810507778","18539.363445193532","250.61703557058527","511.7591408917021","5377.4199924536515","563.869928413471","134.0364296774031","137.66132630384107","977.1311117271551","3354.1818195498863","329.76460986418215","309.9346353084868","251.64286868297816","197.80687857828988","1482.2144134282569","1377.4823958795753","735.579158049269","1995.1805798477694","4195.567778469647","3646.1149126057353","10892.21991026367","4978.554667802321","222.0148608080406","2727.5214665616986","2188.401514071599","30507.859262627448","85793.33158103617","86818.96685752539","75136.01349888316","97801.78011116524","217556208.42890593","17733.587652033486","324.0483827780094","583.3607703762533","37389.91858657022","37829.403098925286","30041.37711881093","39977.9547172429","7983.183980529231","8345.166988353774","8193.150961822552","9713.010664149497",
"FeNOMeasurement","23.634002738458587","17.4260529313076","1002.074470165162","587.8260795220932","963.3634538828898","5964.315042461255","5788.098782132793","5970.672169395362","5892.386877514571","10538.570996119717","8517.502203399321","540.8640359130667","544.9178250467079","2409.9748760086227","1548.1003975817082","9855.199310569891","591.0730418232894","1711.8327423596227","1074.420782509199","1098.0375078194252","655.885876557414","6623.506395389341","6128.808138669292","152657.34702576656","72885.11611595964","27429.83625258648","18590.762898703","251.53233780884133","513.2980030213156","5434.068088799832","565.0201901442925","134.41955370448395","138.0644763940781","980.2577314608766","3356.6476610444292","330.7584275770054","310.8198126738417","252.37851132522584","198.340714073563","1486.4996941882482","1381.5462181726275","737.8858792502832","2001.0186117848893","4208.964561940587","3671.2840819962234","10920.073618773835","4993.739465824961","222.7419733798053","2749.0705485722997","2189.629852445909","30717.362680951486","86057.31622226357","87063.69779906588","75360.62553231548","98103.90443894608","221636790.7383779","17677.697253948234","324.8096193301532","585.4102342238531","37500.73575746846","37954.55240535024","30124.494003118183","40095.83475422508","8008.424669669947","8372.823545564235","8215.529575794711","9740.977375705323",
"FeNOMeasurement","23.62224812523385","17.634241120631323","1002.103853310776","587.8435451226724","963.5099262633541","5962.816135601829","5788.685033357627","5966.3864448812965","5890.275270787057","10536.260000378255","8515.553485277547","540.2332366527093","544.8010155779892","2409.213113416362","1552.2280570860937","9837.024991971584","590.9734375303801","1711.4165633822556","1074.1394104947415","1097.6748882964832","657.3538839235655","6636.777732827759","6131.946185902378","152607.9251854423","72865.21437627453","27432.34105734847","18576.79927026997","251.29077279502502","513.5756588635498","5384.32483911448","564.7919841218984","134.39963368165715","137.9991985644986","980.4398170701132","3359.508220627681","330.6592881308139","310.7243416845628","252.3438939292005","198.3149821606854","1486.1214305458543","1381.0934662521383","737.557151983257","2000.3482311265193","4199.71992279439","3650.1794679027344","10916.024233518157","4992.015467877781","222.57601536171708","2734.900847516976","2194.835292275038","30662.606235159456","86035.12499195267","87055.0446988116","75343.0512509751","98070.06106808507","219727377.49230444","17755.180903202647","324.86533887383877","583.3195579465564","37494.399728233635","37929.236728637974","30117.99689996196","40046.53512217094","8007.248370417543","8368.593879025513","8212.467067440146","9738.94824518215",
"FeNOMeasurement","23.64026654081314","17.63878176354977","1002.243888211695","587.5833317088744","963.856279325235","5966.216774401026","5792.425340303324","5971.772993553416","5893.283683906948","10539.381749748642","8521.261467667096","541.1914314464917","546.3386297698229","2400.383233773523","1549.7836891895124","9853.238592708996","591.4028196691798","1711.7741555916293","1074.191705961935","1097.9640102037104","655.9248727976552","6636.397496573157","6121.41392399045","152672.47972069727","72907.87772292136","27449.001509558675","18594.48454951716","251.37432574300664","513.3977416571275","5410.690236929685","565.0254750803297","134.50586639999395","138.1008487956687","978.881449035685","3365.8928279896822","330.83781178986527","310.91953157459903","252.53911163376475","198.42562763927282","1486.8112444902276","1382.0523718782697","738.1069383931508","2001.7248760910811","4192.022079030418","3659.1081228719418","10924.107939926185","4995.259314888734","222.7698221123093","2746.442938602781","2186.9792354191814","30650.261280980478","86094.65391027278","87102.02527604133","75382.6247277769","98130.94976982623","220133485.61960348","17768.02688853447","325.08489804964654","584.2530559562167","37511.62957486354","37958.24031585937","30129.102935633582","40125.3107243737","8011.376703009344","8374.818180245285","8217.49553528","9746.3301838824",
"FeNOMeasurement","23.653175781177158","17.669195933561173","1002.0615266956378","586.586406219413","961.3155870072096","5951.32861250784","5775.443145892733","5955.335952778745","5880.166843640393","10517.333641136678","8497.604073837361","539.446770462407","544.773331243607","2407.637624913157","1543.610889497379","9853.968226269215","590.0550902278897","1708.941282314833","1072.6985965655663","1095.4457202232397","654.4663176340608","6650.294446508864","6129.205848770974","152283.53810823616","72720.64871665316","27376.41231268895","18548.108272257836","250.71149759477115","512.8768048957636","5419.471720155798","563.8807691239621","134.14978795660002","137.7820709824702","979.6568500506773","3360.4067031081895","329.9661749772948","310.11264031865943","251.82922890063645","197.9695738591749","1483.1486098455655","1378.5751634542219","736.2469000077629","1996.8596601327642","4187.313124314474","3643.6988585022505","10896.192803051224","4981.373985618612","222.08628515458233","2730.8650001368837","2190.3872100405965","30637.00392613779","85860.608699012","86882.51924861259","75195.95171589358","97859.26586622067","218683236.62185046","17632.703271192928","324.2284234502199","581.6706394415677","37413.14706713436","37864.81724253763","30063.4155731054","39999.50708574754","7990.758602738444","8351.856009195766","8196.647289825218","9714.128519291826",
"FeNOMeasurement","23.630500712693124","17.305440921736334","1001.8733113391698","587.0152888305332","962.0536620564274","5958.847636143822","5784.49396238037","5961.65293425656","5885.196994437152","10523.457221859237","8510.570677491985","539.5797214178366","543.4338957249988","2401.402751836568","1548.6247548103152","9837.558499926781","590.628925594046","1709.500160750161","1072.9229856554844","1095.0607514407295","656.2599668353563","6588.338481645402","6139.578291125483","152464.3870430994","72798.40555552905","27405.40969150918","18561.7315568716","251.14136168129355","512.2364925250686","5432.907837312552","565.1638844049996","134.26011864109591","137.88145373401102","977.9475513987527","3357.201868783249","330.26683822551524","310.4078957536881","252.04941146500775","198.09282319115695","1484.6690586915151","1379.7617779965242","736.7491666287284","1998.355047599538","4209.501641002591","3656.116096246229","10906.229948643979","4986.641568170505","222.37380670653073","2739.514006070026","2189.0633452534184","30581.2307524896","85930.85694165915","86975.06740282863","75270.74676691157","97975.37833161045","221975050.6109645","17786.83401252012","324.439852416344","584.0767540195901","37454.18741907451","37889.863048467814","30103.376004255213","40018.223978849404","7998.686605630468","8361.245686854558","8203.473766148152","9728.632053025145",
"FeNOMeasurement","23.674295603288765","17.563180238159198","1001.9835198457482","588.5591409714903","965.124222766731","5974.035305438452","5801.206262888728","5978.608329245316","5901.706779074321","10555.502429689532","8532.875928072384","541.7902623637252","546.419055609344","2409.2226307119413","1552.0258483078405","9844.785618534592","591.9279582538198","1715.309369204541","1076.2988936379322","1098.2565223522934","658.0808295459794","6634.8701915718675","6143.66347351291","152839.3479875375","72990.38234872953","27489.984707543343","18613.27202459183","251.76204418458727","514.3675799939127","5440.069454618405","565.7285814543674","134.62240331372524","138.29327369348516","981.5346975499162","3364.2816419929063","331.25755090408137","311.30449614905706","252.7979886148971","198.69099075825557","1488.9657120244142","1383.8061538367979","738.9820495222327","2004.4588498272578","4205.888071793858","3670.5165084486666","10940.091861918652","5001.216144585802","223.03880965454783","2744.592217861809","2197.698854896342","30800.3600701751","86200.76888779426","87221.49071611941","75479.79278968283","98281.87837786753","221281315.90269357","17712.259371667675","325.617818561145","585.2805118982552","37571.62301353422","38010.97249936286","30179.770522819847","40110.81586160065","8020.691365392494","8385.042141646634","8227.777881273083","9756.900610800652",
"FeNOMeasurement","23.632608547288633","17.316047682868454","1002.0418947147098","589.7268037447689","967.6049040323607","5987.714021075708","5807.888272529598","5991.835755066456","5914.29282323794","10576.284159619056","8550.040167355946","542.924302397351","547.0814918330524","2419.0300544470433","1556.7404591341103","9833.9771458351","593.596067814617","1719.0194163841659","1077.627366157357","1102.2739536713589","658.6314838707962","6635.927328896533","6166.348411072095","153175.0701186691","73152.38873702209","27553.180984519833","18663.292855061558","252.37649397050762","515.6216312686162","5458.313911436827","566.8171822006323","134.9173594665529","138.56103024403654","984.0708971545803","3373.010067946966","331.9473449046162","311.9628297116575","253.3290646384415","199.0844891083691","1492.0929472681773","1386.6327781001166","740.5969784112673","2008.5792026583633","4218.669705069692","3668.1155980390977","10962.109569860322","5011.1186814291805","223.4946161819036","2745.0410943267498","2204.1753525757","30704.9723117233","86380.62669024437","87401.54407534539","75650.41352772941","98469.89567023968","221302188.7890247","17801.626857114738","326.1074555754449","586.8049701097368","37648.97839493572","38085.66858531104","30252.82848618038","40220.76595550471","8038.666241304885","8401.406806352516","8246.375322530563","9777.772529410333",
"FeNOMeasurement","23.64560375468747","17.36482685559358","1001.9299256404081","587.4444999177776","962.921537081986","5960.681509841453","5786.471907842448","5964.854298186653","5888.589547070386","10523.600819329238","8509.979416912473","540.9815508022477","544.5437781269779","2404.844493067364","1552.4530824237165","9794.673493228729","590.8189367205525","1709.696530898831","1073.809125783202","1096.7004736011509","654.6959918279591","6617.350300871379","6134.560458963001","152538.12295805317","72837.0890212301","27419.374235242292","18579.031247613817","251.0855614648229","512.9816989665842","5421.437363839298","565.1803498931891","134.3141761086914","137.95186342907957","981.7184389551118","3362.603199706581","330.5121481016468","310.5443304893293","252.18101714999227","198.22065864613865","1485.3390588959292","1380.4460013669313","737.066415206223","1998.9246158434084","4198.586054837838","3649.033313321229","10916.526312592712","4989.029664204887","222.50614565805276","2740.0047893102055","2193.8478553226446","30675.96017825305","85983.07943356693","86999.58211791144","75309.66058777229","98018.07673291993","218360919.6094513","17764.235850159293","324.6563314507894","583.5691990566637","37468.65440179299","37917.419450249596","30118.138332618746","40028.29715688439","8001.410278625763","8367.091573403102","8208.80293551641","9729.671568170379",
"FeNOMeasurement","23.608321334009315","17.610929712919184","1001.9841260301378","588.2529439951265","964.9690671692888","5969.185239528778","5793.848104969167","5977.38363265752","5898.026099229652","10544.466834073868","8528.407650397781","541.9260304900295","545.6647278904172","2410.58194280622","1552.8795223097986","9832.641235266137","591.7260978715996","1713.6551912077202","1075.5972710724775","1098.2582319294418","657.0513800687578","6667.564805043185","6134.382667361184","152758.43552711204","72954.15748254022","27462.247210403933","18607.93657970171","251.69096920754544","514.0066351422481","5439.524248715935","565.7849253741541","134.61072067610885","138.24325131807467","983.0585023158691","3357.846247823754","331.08866512002174","311.18800934113705","252.67998212516548","198.6270759268102","1488.0432911635653","1382.9350914578933","738.5659354600123","2003.0018868226016","4202.175836272849","3649.6020421982703","10930.938499264028","4998.42443458842","222.8756861236775","2740.0408508247597","2197.4291271494844","30736.706948901883","86147.62926424752","87162.6084127612","75445.34495625902","98205.6314265537","221514985.56015724","17749.343590256416","325.3105424139215","585.071453776342","37535.4649046415","37981.29860412363","30165.210556045346","40103.64001494839","8016.613449247744","8381.598670302381","8223.873408258167","9750.215820950772",
"FeNOMeasurement","23.59963374667204","17.473901192462357","1001.8150620804932","589.7343395643713","966.2625352704811","5981.048179467424","5811.940060951929","5986.045546932132","5910.636223009925","10567.76288570875","8545.821330837722","542.2101031735172","547.1144550788499","2417.2513408336526","1554.3899167663642","9885.935493299676","593.0806015680796","1717.347960027704","1077.6265208646887","1101.7245004106287","658.7492735228795","6630.797701958621","6170.404402955157","153097.16884380238","73102.635629912","27518.359831979484","18647.280082633242","252.19256585604316","515.1811112231546","5457.9461345799255","567.0201218499726","134.88078133029748","138.4975053221369","982.551742196989","3358.6551191660046","331.7562664427467","311.7395315793039","253.17165705885523","198.98575038089066","1491.1937415232742","1385.8082678429064","740.0186410165701","2007.5866481610808","4214.334285377093","3673.250044270874","10954.6729741386","5008.008473621533","223.37442855824915","2746.2484828100214","2203.9121219316794","30875.00514497615","86311.81970352335","87343.09375528213","75597.2265050981","98370.24423720186","221770678.06302604","17784.82324714447","325.96317867191306","586.2066496134852","37626.15311614411","38065.674504206465","30217.530499484605","40199.06570815578","8032.761221987887","8393.051315563236","8239.269587508088","9768.752312046136",
"FeNOMeasurement","23.64517033974294","17.437836527003597","1001.8738006325844","587.7618138259897","963.2881946191625","5965.734622291414","5794.072729726666","5969.209723437798","5893.945794653778","10544.515057793771","8520.836990021136","540.9122876951417","545.0381096587241","2409.252043808968","1552.5387918922656","9851.68426981707","591.3972448815931","1711.2961513894795","1074.4524928232338","1097.9937436700463","656.2245614476267","6618.919448357597","6127.348198964856","152686.36761433052","72882.9931867772","27452.199999393728","18594.215744357225","251.54983840467432","513.3813253214682","5437.048138067763","565.438197323639","134.4549295638195","138.0786832540999","981.128001136244","3368.999288552459","330.81468506119404","310.87146759603456","252.46254764723835","198.4278599656947","1486.8269086329744","1381.7806793592354","737.9325807379506","2001.3161396878984","4209.664409748679","3648.9536785431874","10924.59528155088","4994.428269602765","222.69385416861167","2732.1025560152702","2194.5295556183464","30572.456677653867","86075.9208468306","87104.13238355872","75383.1765474417","98130.21253078606","220010617.86064678","17754.129339396975","324.83244850242215","584.8574508241614","37493.299743334625","37967.33787897703","30146.451872572357","40060.60466012859","8012.023053394011","8372.037810443015","8216.94128324","9743.923510407112",
"FeNOMeasurement","23.615341148099642","17.67343482391334","1001.8621077521931","588.394610473233","964.0820120820003","5969.663530681231","5793.716768905919","5973.047475701765","5895.645167703858","10547.592527602876","8524.81804700393","542.046330367698","545.2444124636327","2410.8297590219913","1549.2207528912975","9854.765186859766","591.845924729997","1711.4433289783533","1075.1787321856775","1098.4878517950726","657.4513548806741","6632.410817223419","6141.840669332546","152726.86894541548","72910.03095352095","27471.389760567392","18606.37996749485","251.729159142645","513.5820470929029","5440.646064785106","565.6083309324516","134.51288280562173","138.15420654707515","983.7114888866197","3352.13178472937","330.9499677941887","311.06629297641996","252.5816026074962","198.521276788808","1487.3506331320345","1382.4104872399687","738.3874474151338","2003.0990963475726","4201.132278052009","3663.199175053389","10927.606730017991","4996.222384403102","222.83727655886565","2737.8878470219424","2201.1971346584605","30687.641569569838","86107.04451516888","87135.79995897354","75418.3076498629","98149.79878390233","220319655.70245624","17809.97349183984","325.1162949758097","585.4757232291786","37537.98631076995","37978.38715616773","30160.120536221657","40134.70914464014","8013.552540774808","8378.559259692458","8220.473663060018","9749.48721807731",
"FeNOMeasurement","23.641259862984064","17.582792138761654","1001.8497613284651","588.5995825960644","964.4348283759628","5968.780039470542","5793.94581599553","5973.884761302474","5896.867428610977","10540.408998882669","8526.218006387233","541.4674553190338","545.5106651510011","2413.3692112662425","1551.5478555997893","9806.437859816826","591.4377697099111","1713.5046170577243","1074.5211777643556","1098.1885028154722","657.5924993159696","6635.528734079231","6140.29317974138","152754.36150920964","72935.41236545921","27445.496521137742","18604.09134635242","251.70936456161445","514.1284837641217","5431.911306290764","564.8287238225208","134.55351860049436","138.16545777346616","980.5202915627641","3364.1570658928913","331.01597330776394","311.02163856644876","252.57112175018165","198.56702160633358","1487.8599734235806","1382.6634256078519","738.3045182999041","2001.7128000477755","4205.486308136859","3659.706674758583","10927.107812404623","4997.088444206986","222.81428581979924","2730.696709247827","2197.3914358781694","30738.29052185432","86117.87463167298","87148.2785495032","75416.06704952083","98163.01486249336","221056164.25508556","17757.186586967295","325.29535999790755","586.445689723358","37548.65735013686","37989.50056415838","30155.30431232786","40096.44114215597","8013.503083746374","8378.582126954285","8220.701236762137","9747.249072289565",
"FeNOMeasurement","23.65207532890931","17.075546076591884","1001.7939046782384","586.3704917209748","961.6153269974607","5955.326765356233","5782.592010610059","5959.5478033960535","5882.551705848546","10516.44922266909","8506.010552769156","539.9821843860163","543.6325574015148","2403.8287602787314","1548.4736346539255","9798.027141310857","589.8342806556471","1708.7918493703169","1072.177036621246","1096.0732945506184","655.5445335274977","6591.68519439105","6109.161408675828","152408.6232649806","72753.65299883374","27379.191771470076","18557.3128831838","250.90312196865747","511.98654850269946","5428.462384093124","564.4918284367786","134.1850237661337","137.78769511649392","977.2870018807876","3355.7190468147755","330.17611962305125","310.2547240768548","251.93053906245714","198.0279357002631","1483.9076001591845","1378.9162618010491","736.432501690824","1996.7392550219527","4182.593031369603","3653.6634976735195","10899.324221014462","4983.213146516398","222.1822253172195","2738.31258143663","2190.2480377489096","30520.188769095803","85901.56320583622","86924.86497084067","75233.49709511196","97926.51973747596","220431388.37320322","17702.960055230407","324.2422058593008","583.8417232198399","37438.01699456369","37880.61971395208","30077.223754538314","39971.296251024956","7993.055924710706","8354.604670474402","8200.396618805878","9723.817051038799",
"FeNOMeasurement","23.63173308418044","17.34180669705574","1001.8649914870462","587.7396464948645","963.0901064220961","5964.171103801086","5790.090703324009","5967.629832422715","5891.4818586836855","10536.467849942703","8515.232440456699","540.0725422657247","545.5842023876091","2407.1629158924293","1549.6796599699308","9814.102017458228","590.8724057647233","1713.1079877908442","1073.8430505110134","1097.5079274478267","657.1495736474949","6597.797401181357","6128.948188289235","152602.88554236572","72867.68704987339","27421.73833558076","18589.463352365543","251.25536715574668","513.9779706543667","5435.985862541358","564.2086517394619","134.43175436957003","138.0070746724722","979.9930599989867","3349.9385147829003","330.63789698338303","310.75363091497695","252.33177245454385","198.34747685384264","1486.1885600290827","1381.243677013934","737.5749230241782","2000.1803663383312","4201.291995946044","3669.9899343156853","10921.050269825253","4991.679905064163","222.59076202771084","2734.0810366467567","2190.4361226252904","30652.265639176636","86038.62852675248","87060.5081818694","75345.78727615434","98056.38208034758","220799862.20862225","17682.4310893471","324.96006679206704","584.0063369452018","37482.94484011467","37941.413083132524","30132.45834133337","40066.50807803267","8007.297487371654","8367.301184677988","8212.15664465958","9738.514094877779",
"FeNOMeasurement","23.591301789115242","17.674513562624146","1001.903412006533","591.8189412649301","969.7318264387732","6002.051370746659","5827.849178292701","6007.83419270225","5929.625039157892","10604.968959373244","8572.381791896518","543.9063139943763","549.2202667872331","2429.027518238236","1561.4422554708865","9906.518813611141","594.9680471983366","1722.642101170532","1081.9229988832335","1103.7194988782667","660.2962651175476","6667.0918523629525","6179.03686375328","153583.7770159709","73361.89704495859","27604.805321360975","18705.37422777106","252.87486579579158","516.6006803605183","5464.965690698999","568.6305406267107","135.29709695773084","138.94835545883035","986.0154234805233","3371.3307153361197","332.8488982516127","312.8055474441715","254.00502964612264","199.64131475443148","1496.0880719510158","1390.4207648825775","742.5896760468768","2014.2142509250175","4232.0458965490425","3691.216463962336","10993.020763787537","5025.664326608122","224.05680095879376","2760.523917771787","2209.0686052023284","30907.98377809187","86602.47661122013","87641.02202409144","75847.61082027681","98702.33997267837","221676747.02855724","17784.85594774073","327.03645778014624","588.714053565587","37740.94137786814","38180.39676937018","30326.531872012925","40331.878500790765","8057.93199636184","8425.287610240954","8267.842476005453","9803.741083681805",
"FeNOMeasurement","23.628315448719952","17.54568688176237","1002.2513847816559","589.0028679439803","965.2373718890142","5977.166497849259","5799.867187980361","5982.736557775707","5904.61925831104","10560.535445502306","8536.470536260238","542.0410050949308","545.9991217960683","2410.374157522151","1554.4255439727451","9848.358936363415","592.6965530772227","1714.765586400964","1076.313903155322","1099.4326697844788","657.5499137555987","6638.265782798243","6140.147893417279","152953.86044320208","73048.47614525467","27497.074450958673","18635.18915732406","252.02280746924018","514.0996452562323","5451.608468681885","566.2646109762298","134.69313103276195","138.3503278314427","982.445643322735","3364.8277487540845","331.44642803233836","311.46668204497564","252.92259392854973","198.83502433856543","1489.832086671917","1384.458577844583","739.3251020330184","2005.1269028781487","4218.844778696521","3662.7990070584683","10949.765032614532","5004.345829397829","223.10775123097508","2735.7756740241175","2198.386307976606","30712.114076399706","86248.07349492355","87260.83141895321","75522.85984602693","98283.91178215464","220876386.33089516","17780.219879579516","325.54744083257003","587.1831459494539","37590.27519503781","38024.3001848164","30205.022118745524","40168.94703981273","8025.703799130295","8387.204932195202","8234.080726399898","9764.435759678929",
"FeNOMeasurement","23.617893670407717","17.45869300952501","1002.1528409413283","587.4671507881285","962.7339909373953","5963.786872117778","5788.640852712589","5968.180241871835","5891.867251245911","10529.945256408182","8513.023168845875","540.1195262102232","545.4762751417077","2407.1311044678428","1550.6331022812096","9779.58467271198","590.7053330859671","1710.3961118875552","1074.3819080248734","1097.9470446519538","655.6738413587898","6606.763963906864","6137.638433971303","152558.46812232488","72846.11539864617","27417.51082002622","18583.014948969143","251.26014512460688","513.1332161280411","5446.909187359636","565.3810027937645","134.3675834741601","137.97803890248971","982.3971754477271","3360.528046002254","330.61011861751194","310.6692255752663","252.2877391916442","198.2918211294795","1485.8610208612024","1381.064263773604","737.4937615340029","2000.9635110549962","4202.606769759452","3653.1757258983685","10921.042204408515","4991.070111738945","222.56617538968587","2732.8825462887608","2197.622522334693","30564.967061769028","86023.85941031967","87045.6873483707","75330.59598609406","98044.61263294928","222711052.33146194","17697.687861454768","324.7180441393898","583.4365867660085","37493.39904028087","37938.63662400755","30127.805036277685","40090.27925775548","8004.064036639101","8367.037440082893","8210.684460131743","9735.998216463007",
"FeNOMeasurement","23.636386889271698","17.312523358071125","1002.0253223546267","590.1919492997491","967.4998445612329","5989.348534680986","5816.631393833727","5995.926883894715","5920.818883516065","10579.39982642056","8554.575722336547","543.7224010760422","548.1151556017794","2423.18163842545","1557.7647799961226","9872.273506863046","594.298012951063","1719.7279653451903","1078.6304278901846","1102.6124028724785","658.8635775039063","6624.756064700162","6143.8711918066365","153296.50916327632","73206.55612265198","27565.285353952044","18673.080938518004","252.5538070907496","515.4111338193236","5460.700863288602","568.3829418869618","135.02470566686836","138.69891320962242","984.0151741090772","3377.464805615209","332.1590731690048","312.2191594275677","253.49343547522486","199.2831865842184","1493.2269613839255","1387.8156027518744","741.13814700078","2009.2997689474246","4221.935574550129","3673.026403421864","10971.352586889405","5016.163837428521","223.64059428006905","2746.548860324352","2207.4255437119054","30820.641884522898","86447.82169560243","87453.36997316635","75699.29849962312","98546.41274185955","222664022.31718886","17833.5384805381","326.50045770333315","586.3860944613642","37669.6021432092","38119.563812294386","30259.79214652531","40281.1342202892","8044.618460786072","8407.975198099237","8249.900754545099","9787.405685246347",
"FeNOMeasurement","23.605728302840127","17.395972604954988","1002.0080055035928","587.8846261302023","962.9309416186752","5962.791612338576","5790.738221714754","5968.143707819155","5892.156509564015","10532.635578982618","8514.221064994468","540.9334774665023","545.0696842942444","2411.636481908636","1550.8932027538701","9805.582530793534","590.9023467808136","1711.2970744514753","1074.2150423841683","1097.9595272293016","655.5943645111321","6646.679376634028","6158.275866459881","152587.52610081952","72852.43021066149","27431.771296761857","18585.154216989995","251.38018524900585","513.3617548655443","5408.367744801803","565.5131006069677","134.39979169817894","137.99781725316507","980.3709146003249","3367.271171032627","330.60337265743937","310.7306613811987","252.31961665624834","198.32950961223273","1485.8625747443718","1381.1583866323067","737.6511809445983","2001.0420558581523","4200.118120282574","3653.5300654058333","10922.56171876021","4992.075856998266","222.69276686122018","2725.3275685478634","2195.235774518156","30612.81394982835","86024.14973988236","87050.09500558312","75340.19681786536","98055.20785197796","219017847.5053588","17723.37708883204","324.76903058844624","585.1127972192212","37485.56861998927","37941.21231948773","30136.259724045634","40069.70087031642","8007.367490660542","8368.222811616022","8212.279243151988","9735.791382243697",
"FeNOMeasurement","23.610151737537233","17.774290556623733","1002.0058143142401","588.9494742817424","965.3549244939363","5974.854538534984","5803.93264961525","5980.325558701219","5903.715494123548","10557.557812007102","8536.161911223517","542.2537852136904","546.1465536530333","2412.300178178638","1552.1099460093426","9882.457345390258","592.4042384399078","1713.801442211079","1075.6952872016475","1097.8126693737192","658.076235335118","6624.916352241991","6133.168503625968","152960.63920897953","73019.26081429918","27495.340523826722","18632.46767763615","251.88603554541515","514.1802976292288","5443.576787805306","566.2260520767074","134.67888655114444","138.32590914885847","985.1965475919682","3361.0280831468376","331.40504521824226","311.3945600965113","252.9020087457121","198.7668622439877","1489.4764027384683","1384.235825659316","739.2536291614094","2005.2063378455357","4215.857171331202","3652.6499288316795","10940.268280289129","5002.927832464961","223.13469700464228","2733.9869426662904","2198.698239942255","30704.93270133953","86214.77293858306","87246.46262666195","75508.03211200329","98270.85956358095","220343169.60311496","17720.393567802366","325.5961243354883","585.2637782362381","37575.43205726938","38024.18470373631","30198.48705091421","40167.20410379288","8024.285869033769","8385.767351014698","8232.287748945448","9759.721960101982",
"FeNOMeasurement","23.669763090160256","17.545858501105904","1002.0468970106568","589.3142343825594","966.4593804988267","5981.383544599821","5806.321428793992","5985.815708131945","5908.482611011118","10564.016421981954","8542.653014733149","541.6500855664075","546.8802241457686","2411.879277587328","1554.5914197676373","9874.004505598945","592.8651099953196","1717.8822540231856","1077.2558681252708","1100.8477577833883","658.7126842831369","6621.786866480427","6149.068372632004","153030.18419794232","73081.26097905434","27500.85893848425","18641.772695655523","252.16490613782366","514.3289323317905","5432.0512968677285","566.6706911542635","134.82395308913797","138.4447351386194","982.0673618542829","3376.154982931516","331.6276823299479","311.6656590248195","253.10044806766743","198.91427738318643","1490.6463370332785","1385.1040324925289","739.9117886048464","2007.3466036039965","4204.880120115957","3674.686901597492","10954.07810597899","5006.550973158394","223.30252722296217","2738.506482295813","2196.324287731535","30752.199968896475","86281.94787036936","87313.96799536371","75574.72346289983","98351.1638328403","223852337.1041493","17780.89866330698","325.7269650352931","586.2573973235238","37613.4055527241","38053.2420063814","30201.666227927017","40193.146703182356","8030.961195180914","8394.684479224115","8234.881984837159","9765.883887505592",
"FeNOMeasurement","23.572968971803203","17.7090097969726","1001.9681031910857","589.4953898733538","966.804698735556","5984.680692498119","5809.181837952365","5988.856877993024","5911.516185356677","10570.6610497429","8547.017988592148","543.2168021328781","546.5012644993062","2412.2051986415936","1556.7951882484042","9825.468405604748","593.0222017030487","1716.1718458506691","1077.5744688441519","1100.700854491855","658.3471045356318","6662.041025909765","6138.109191932666","153154.1742643721","73120.85444328313","27524.80905283239","18649.03123672386","252.14895460848984","515.0831649455974","5423.812206045558","567.6214342063203","134.8843095886858","138.5013569554782","984.8719343148155","3365.0652975138646","331.7846183605737","311.8271050643573","253.2144866708319","198.98377690524444","1491.4376518675963","1386.0384471589866","740.2127073396589","2007.2244296595195","4215.538724910139","3664.823409194316","10960.454295578445","5009.162013976617","223.42263548569943","2735.0846553407832","2196.030294292854","30772.14203758791","86330.94876068975","87346.99119079467","75599.89288985242","98388.94381327734","222454169.95487317","17815.74932812366","326.0216526772222","587.534103559663","37636.35952552717","38066.48424728222","30228.44525742378","40188.787299188334","8034.235597735796","8399.122079140974","8241.276814984092","9771.85397221675",
"FeNOMeasurement","23.636485952892667","17.29875576699854","1002.174271932946","589.0659719156868","964.8877191372679","5974.694040658509","5799.774149930682","5979.880838725017","5900.894291698775","10548.85327246092","8531.289159410779","541.4490576700292","546.5127946547989","2414.78972600105","1553.594810794591","9850.16256337552","592.1462172418071","1715.3137066246593","1075.4445148987377","1099.118778637843","657.878868528907","6628.00192365833","6132.030657373311","152857.96874509534","72995.37841464927","27480.715930380036","18626.0478949016","251.84730371709182","514.8450632089792","5423.487444539328","566.2792858453117","134.63511496187778","138.23244568513505","982.7298524140837","3366.644441732944","331.18569672570317","311.2812753873099","252.79016684639308","198.64904530930374","1488.8148139009668","1383.7724626136765","739.0566031645643","2004.2946034206861","4206.267402822415","3660.3646383070563","10942.32811431813","5001.379020898703","223.0909963998315","2744.7847586730286","2198.8993239102406","30630.589738026007","86179.1607086568","87217.93472964513","75481.0261103621","98248.606718885","219900889.1856189","17775.496111699944","325.3179604683061","585.5363230946245","37563.03813928996","38000.432790088336","30179.619719952952","40140.25010182839","8020.2176579644765","8382.944319572238","8228.64410661884","9756.625154323076",
"FeNOMeasurement","23.653430294217014","17.483094611509234","1002.084826850432","587.7219688315016","963.4206332614544","5965.779663341759","5791.87408344664","5968.425365097648","5893.285315877845","10535.8670618171","8521.680058538203","540.8545959733226","545.350681847973","2407.8365750282514","1550.09392663066","9857.998083229926","591.5658125906085","1712.106204598794","1073.3811186040675","1097.2813811813603","656.7128318381623","6615.175562821957","6145.534114822828","152646.70906202588","72906.39264603249","27445.10299141595","18597.14246068126","251.3143664809329","512.9147695621773","5429.518636171119","565.1424994794279","134.45217732958326","138.04773829846752","982.0668069717264","3360.905643186648","330.8003032831314","310.8240011563256","252.4082886845343","198.40365510938318","1486.631988855484","1381.7867461482701","737.7833354004194","2000.4948190874452","4189.731129982745","3659.1812719431673","10922.380588502816","4993.151029330582","222.76201989058998","2735.751894202521","2197.1575679312446","30736.7131667468","86070.16013815593","87093.37470211246","75375.96783232166","98083.38472272683","220665465.05050617","17761.757711727074","324.9318093082165","586.2438821554299","37508.23670791906","37960.590292466084","30115.523705594213","40100.39018588589","8008.123725680892","8372.114129443997","8216.167292809212","9740.292767146426",