normalized_A1,normalized_A2,normalized_A3,normalized_A4,normalized_A5,normalized_A6,normalized_A7,normalized_A8,normalized_B1,normalized_B2,normalized_B3,normalized_B4,normalized_B5,normalized_B6,normalized_B7,normalized_B8,normalized_C1,normalized_C2,normalized_C3,normalized_C4,normalized_C5,normalized_C6,normalized_C7,normalized_C8,normalized_D1,normalized_D2,normalized_D3,normalized_D4,normalized_D5,normalized_D6,normalized_D7,normalized_D8,normalized_E1,normalized_E2,normalized_E3,normalized_E4,normalized_E5,normalized_E6,normalized_E7,normalized_E8,normalized_F1,normalized_F2,normalized_F3,normalized_F4,normalized_F5,normalized_F6,normalized_F7,normalized_F8,normalized_G1,normalized_G2,normalized_G3,normalized_G4,normalized_G5,normalized_G6,normalized_G7,normalized_G8,normalized_H1,normalized_H2,normalized_H3,normalized_H4,normalized_H5,normalized_H6,normalized_H7,normalized_H8,normalized_GASR0_274625
-0.0007732696044351339,0.0024546064281487645,0.0011130816777009667,0.0002968555961553321,0.00021287345502485344,0.0004190691217385023,0.0010025121187569042,0.002411291981242236,0.0018504722130066042,0.002252895463899396,0.002678381891499715,4.213461443258737e-05,0.002319024108458745,-0.001229360807490254,0.0012896090089309364,0.0008715644695966862,-0.0001767720652096072,8.091464908410728e-05,0.004528268259478718,0.001769789983740555,-2.0940454863116464e-05,-0.00010992427612277478,0.002035122984245241,0.0006089555775348199,0.0055285403032721,0.002970274962618813,-0.002656089012764151,0.0039375163605721575,0.006649227401639868,0.000657088140174622,-0.007753466508804263,0.028181184981799667,-0.00803021832644002,0.0012094928142902805,0.0016096238622780312,-0.0006540758049514706,-0.00032717826584360843,0.0009261008883947319,-0.004105991817591859,-0.0025892477430954353,0.0007178436898380713,0.003117880305664178,0.0014618886732291614,0.0006493920467622871,0.0005004071877749983,0.004550737527508009,0.000993229773165627,0.0021984718353600385,0.0019744079846117923,0.00040872605438124765,0.0003088905999559799,0.0013471679159733352,0.0006803981560039585,0.002693121580636282,-0.0015445396755220386,0.011407973384927717,0.0033886429897829196,0.0005240669789101648,-0.0017659816554572716,0.00015208970426683344,0.0004709616150475604,0.0019180891208168127,4.199066862953238e-05,0.001284267984016818,-0.015062819172766417
-0.0003327690590632093,0.0021682067238641967,0.0010464631956119685,0.0003035717266963722,0.00020972353036330382,0.0003816333942572303,0.0009909733453863367,0.002343503496105903,0.0014075592883200372,0.002346905527046639,0.0027472683782934215,4.07706168963351e-05,0.0027811027902842067,-0.0010663053548667367,0.0013072681634724859,0.0008974536594963389,0.000243428307811433,0.0002772790085057153,0.006077626146988591,0.0018627996081070908,-3.8333428009629245e-07,-0.0001294341691312484,0.0021505496881264463,0.0006716860415056924,0.004490784463488939,0.004247670817193017,-0.003887365091591377,0.003418946780838761,0.0051431400894474955,0.0007056901631798951,-0.008986385339677327,0.017840652201509766,-0.008489917935419866,0.0012004792728292912,0.0016199955247810927,-0.0005805571646277929,-4.793218026033497e-05,0.0009527453886428727,-0.0038811476496269925,-0.0023442113191809444,0.0006515171027663413,0.0029848648487107443,0.001483105040475996,0.00026807127185812796,0.0005461859308308892,0.004653574945719274,0.0009052483648852583,0.002122025910916925,0.0025598122451910843,0.00031898877942238,0.0003138774769133601,0.0013560928371045833,0.0006596496206336955,0.0025502159635910626,-0.0015194874550605864,0.01008422538259035,0.0034914595970876316,0.0007423990161281591,-0.0010878961836030543,0.0001971899798596244,0.0004666245436357741,0.0018228675121316762,3.405716852977747e-07,0.0013445131382276987,-0.015062819172766417
4.2869282659063757e-05,0.0019324445652171285,0.0009909237523069159,0.00030877710575238915,0.00020652827651646,0.00035102870192327273,0.0009842082666302598,0.0022876169895118537,0.0010366533437820014,0.0024344970383542996,0.0028091015078137715,3.9909048231034916e-05,0.0031973122301844903,-0.000924473310120244,0.0013235620668035075,0.0009178397518714299,0.0005686812857998991,0.0004441624142532685,0.007410424420351891,0.0019390280508273516,1.7011247926967954e-05,-0.0001249030441489163,0.00225038110822684,0.0007237383695100075,0.0035920362220396296,0.0052884691012964335,-0.0049939373891429995,0.00298381298659689,0.003889710112924938,0.0007473997833091772,-0.010094929389138585,0.009275288127106984,-0.008848762774493535,0.0011926957943737548,0.0016192017195140185,-0.0005186792473647062,0.0001844513508082457,0.0009750245416979553,-0.003534898210684867,-0.002118643578015611,0.0005947456765682535,0.002873094797586573,0.0014987818558784838,-3.310616758711582e-05,0.0005871377235240338,0.0047322353745617995,0.0008303526854800403,0.002055011536894691,0.0030494117845807356,0.00023724681527070857,0.00031366051526071637,0.0013626322020532378,0.000599274800260341,0.002422757946978882,-0.0014825340992355995,0.00888018064714391,0.0035734347698770375,0.0009303724437914607,-0.0005251730121826892,0.000236187057081505,0.00046113337646391805,0.0017372605056371615,-3.2294194036830426e-05,0.001421902047304302,-0.015339553967623876
0.00035779236650745894,0.0017432805299717469,0.0009454907023553893,0.00031257353825475676,0.00020329574223265645,0.000326697360703454,0.0009815209812111814,0.0022424950245572006,0.0007327030516810495,0.0025156884379438083,0.0028639826435987725,3.9497540959443356e-05,0.003567637690189196,-0.0008034642307879203,0.001338436077269911,0.0009329007823448698,0.0008062021170491818,0.0005834369060826461,0.008539236799559813,0.001999345052549062,3.143734956223554e-05,-9.949563606403977e-05,0.002335411769845974,0.0007658035261053353,0.002822670103014069,0.006108737724498381,-0.0059815170521408945,0.002625893843504201,0.0028704788067668296,0.0007826094406881978,-0.011086827639739671,0.0023567754426707666,-0.009114714005396318,0.0011858776418331995,0.0016082146939155884,-0.0004675636975086661,0.0003733794448321781,0.0009930878037325286,-0.0030828351130597342,-0.0019110294912011438,0.0005467902286280246,0.002780388898839359,0.0015091929435204765,-0.00026079975769632835,0.0006233088240552576,0.004787799684998095,0.0007671992269764338,0.0019966315239241528,0.0034498741376045583,0.00016326202350191998,0.0003087332425630862,0.0013668425184163446,0.0005034680672273417,0.0023100315852448983,-0.0014352051653564457,0.007792215127676361,0.003635975219742349,0.001089742756851475,-6.901035813089429e-05,0.00026948007288996045,0.0004546034118544373,0.0016604373066733125,-5.6518659369841906e-05,0.0015136689649744017,-0.01599029930882645
0.0006161471382575279,0.001596675195893127,0.0009091914003276358,0.00031506282913484895,0.00020003397626067176,0.0003080816865643765,0.0009822155878511651,0.0022070001643375026,0.0004906570843055125,0.0025904981659365944,0.002912013149185988,3.948372760520513e-05,0.003892064432327258,-0.0007028776744066878,0.0013518355532176063,0.0009428147865395697,0.000963206049853671,0.000696974523749061,0.009476637004604438,0.002044620353919502,4.3089028430198795e-05,-5.637667976432503e-05,0.0024064361982831795,0.0007985724758488022,0.002173060630503043,0.006724544596368176,-0.006855815227306938,0.0023389682172183512,0.0020669875056678055,0.0008117115754426862,-0.01196980907403189,-0.0030432031677192217,-0.009295732789863731,0.0011797600781171536,0.001588006695424582,-0.0004263321594057956,0.0005222592192817288,0.0010070846309184756,-0.0025405499690460687,-0.0017198540303388077,0.0005069115763298715,0.0027045658990172416,0.001514612127486492,-0.00042166898459239377,0.0006547454906251637,0.0048213487479906725,0.0007144444814004558,0.0019460886826350166,0.0037678668390859205,9.679626569170097e-05,0.00029958918638417487,0.0013687802937922822,0.0003764237938790327,0.0022113209328336048,-0.0013790262107333806,0.006816704773276339,0.003680487658275,0.0012222654502591634,0.0002893935616170573,0.0002974681642433641,0.00044714994813044306,0.0015915671205799509,-7.293785514672635e-05,0.0016170481449659935,-0.016638883722892905
0.0008220805436844891,0.0014885891407458995,0.0008810532007945682,0.00031634678332403965,0.00019675102734839633,0.00029462399547330875,0.0009855961852731632,0.002179994971948984,0.0003054641139439429,0.002658944662454532,0.0029532943881136475,3.9815240691298825e-05,0.004170577718628277,-0.0006223131985135799,0.0013637058529927248,0.0009477598000786625,0.0010469083325066464,0.0007866473070083924,0.010235198755477182,0.0020757236955859515,5.216034233468392e-05,1.2890898619666302e-06,0.002464248918837564,0.0008227361832977564,0.0016335823285966722,0.007151957626474914,-0.0076225430613634515,0.0021168149733961084,0.001460777544322056,0.0008350986276981498,-0.01275160267456632,-0.007052965019984092,-0.009399780289630622,0.0011740783661355891,0.001559549971479779,-0.00039410627740243953,0.0006344977916270533,0.0010171644794285672,-0.0019236343909383447,-0.0015436021670305333,0.0004743705370575668,0.0026434445446683608,0.0015153132318608264,-0.0005223733343986403,0.0006814939814341336,0.004833963434502264,0.0006707449407785671,0.0019025858236576543,0.004010057423848856,3.761140341529412e-05,0.0002867218742887978,0.0013685020357789845,0.0002223363525581945,0.00212591004419016,-0.0013155227926763269,0.005950025533031145,0.003708378797065981,0.001329696018965043,0.0005588405301260035,0.00032055046809920107,0.0004388882836146024,0.0015298191526968985,-8.215681220014037e-05,0.001729273841007295,-0.0172982727726414
0.0009797395285640054,0.0014149829422949178,0.0008601034583259892,0.00031652720575414683,0.0001934549442443867,0.0002857666033968531,0.0009909668721992393,0.002160342010488092,0.00017207281288511567,0.002721046367619051,0.0029879277239190927,4.0439712740703015e-05,0.004403162811120964,-0.000561370360645741,0.0013739923349409544,0.0009479138585846147,0.00106452421330272,0.0008543272956160752,0.01082749577216946,0.0020935248181963573,5.8845349079961196e-05,7.033693792712903e-05,0.0025096444568089016,0.0008389856130095463,0.00119460972138552,0.007407044724387912,-0.008287411701032088,0.001953212977695351,0.001033390257424216,0.0008531630375803179,-0.013439937423894377,-0.009800827430044179,-0.009434817666432616,0.0011685677687980345,0.001523816769520181,-0.00037000769584449866,0.0007135022793383072,0.0010234768054349086,-0.0012476799910309255,-0.0013807588728773634,0.0004484279281953274,0.0025948435823408555,0.0015115700807277754,-0.0005695722932379521,0.0007036005546827706,0.004826724615495381,0.0006347570971370065,0.001865325757622216,0.0041831134267165115,-1.4530701751391817e-05,0.00027062483384110436,0.001366064251974164,4.5400115608940084e-05,0.0020530829737592793,-0.0012462204684949851,0.005188553356029191,0.0037210553477067254,0.0014137899579200752,0.0007481323304607823,0.00033912612141540066,0.00042993371662958246,0.001474362608363755,-8.478056136307366e-05,0.001847580306826302,-0.017436112699666495
0.0010932710386715172,0.0013718171783048128,0.0008453695274921458,0.0003157059013561003,0.0001901537756967553,0.000280951826301612,0.0009976317473525675,0.002146903843051051,8.543185341736148e-05,0.002776821721551581,0.003016014520140331,4.130477627728446e-05,0.004589804971835365,-0.0005196487183400933,0.0013826403574084267,0.0009434549976805595,0.0010232689405351714,0.0009018865293279887,0.01126610177467291,0.002098893462397333,6.3338106470745e-05,0.00014760212954301188,0.002543417337496523,0.0008480117295410761,0.0008465173329599285,0.007505873799676266,-0.008856132293034946,0.0018419410957732918,0.0007663669796686978,0.0008662972452149198,-0.014042542304567474,-0.01141510771382026,-0.009408806082004895,0.0011629635490144619,0.0014817793369847898,-0.0003531580590785399,0.000762679799885202,0.0010261710651102707,-0.0005282783816177306,-0.0012298091194811178,0.00042834456712714797,0.0025565817585824213,0.001503656498171857,-0.0005699253472334354,0.0007211114685714559,0.004800713161932535,0.0006051374425020128,0.0018335112951590737,0.0042937023825124765,-5.9868188233336284e-05,0.00025179159260591,0.0013615234499757545,-0.00015019054462506176,0.001992123775986121,-0.001172644795499611,0.004528664191358445,0.0037199240217884455,0.0014763027620754432,0.0008660707456864536,0.0003535942611498921,0.00042040154549782827,0.0014243666929205645,-8.141413346851589e-05,0.001969201796151232,-0.01721954356114319
0.0011668220197826873,0.0013550524265402153,0.0008358787628635067,0.00031398467506194017,0.0001868555704542807,0.0002796219801550759,0.0010048949094547677,0.002138543032734086,4.0489907829011074e-05,0.0028262891643739962,0.003037656140315814,4.235806382335561e-05,0.004730489462799747,-0.0004967478291336702,0.0013895952787410515,0.0009345612529891856,0.0009303577624981685,0.0009311970478995679,0.011563590482979391,0.0020926993688368256,6.583267231108358e-05,0.00022991992982146492,0.002566362086199536,0.000850505497449916,0.0005796796874100174,0.007464512761909514,-0.009334415984094124,0.001776778193287143,0.0006412490457496922,0.000874893690727685,-0.01456714629913669,-0.012024123187233005,-0.009329706698082751,0.0011570009696941774,0.001434409921312163,-0.00034267901145079716,0.0007854374707385592,0.0010253967146263143,0.00021897882500643284,-0.0010892378784436163,0.00041338127123724533,0.0025264778199411975,0.001491846308277145,-0.0005300919825080852,0.000734072981301015,0.004757009944776458,0.0005805424689000471,0.0018063452468981556,0.004348491826060785,-9.863919445451952e-05,0.00023071567814736405,0.0013549361373819124,-0.00036024125580025324,0.0019423165053154001,-0.0010963213310000164,0.003966733988107318,0.0037063915309027973,0.0015189899263816642,0.0009214575588676333,0.0003643540242606047,0.00041040706854267306,0.0013790006117069264,-7.266255934934573e-05,0.002091372562709859,-0.017002974422619777
0.0012045394176729562,0.0013606492647662005,0.0008306585190103188,0.0003114653318028182,0.0001835683772648533,0.00028121938092340315,0.0010120604572290137,0.002134122142632977,3.2195648409061306e-05,0.002869467136207282,0.0030529539479824397,4.3547207902783214e-05,0.0048252015460439335,-0.0004922672505635051,0.0013948024572845164,0.0009214106601338479,0.0007930059274854351,0.0009441308910862478,0.011732535617080098,0.0020758122781621147,6.652310440480314e-05,0.00031412560387478194,0.0025792732282174935,0.0008471578812931924,0.0003844713088263507,0.007299029520656752,-0.009727973920931277,0.001751503135894783,0.0006395777903616118,0.0008793448142443427,-0.015021478390153442,-0.011756191166202967,-0.009205480676401478,0.0011504152937471535,0.0013826807699415244,-0.0003376921973070601,0.0007851824093678683,0.0010213032101560326,0.0009785000165474234,-0.0009575301213656795,0.00040279885790983627,0.0025023505129653234,0.0014764133351283792,-0.00045673168518511886,0.000742531351071829,0.004696695834989439,0.0005596286683573481,0.0017830304234698335,0.004354149292184584,-0.00013108185883969892,0.00020789061802961584,0.0013463588217901279,-0.0005805576455726325,0.0019029452161922755,-0.0010187756323059016,0.0034991386953635573,0.0036818645866407707,0.0015436069457899215,0.0009230945530696033,0.0003718045477052456,0.0004000655840865619,0.0013374335700628848,-5.9130869838330824e-05,0.0022113268602301783,-0.01678640528409625
0.0012105701781175426,0.0013845682707471774,0.000828736150502829,0.00030824967651010837,0.00018030024487747376,0.0002851863445740843,0.0010184324893975916,0.0021325037358443932,5.5497747445398815e-05,0.0029063740771735347,0.003062009306678881,4.481984103810177e-05,0.004873926483596858,-0.0005058065401665202,0.001398207251384953,0.0009041812547367911,0.000618428683790917,0.0009425600986439076,0.011785510896966889,0.0020491019310207026,6.560346055661803e-05,0.00039705441681503473,0.002582945288849947,0.0008386598456284755,0.0002512667212992703,0.007025491985487076,-0.010042517250268723,0.0017598947892532024,0.0007428945481995353,0.0008800430558901784,-0.01541326756016892,-0.010739628966650927,-0.009044089178696146,0.0011429417840829181,0.0013275641303114316,-0.0003373192609941178,0.0007653217332435069,0.0010140400078715306,0.0017346935807109887,-0.0008331708198495713,0.00039585814452847146,0.0024820185842029385,0.0014576314028091897,-0.00035650394138730945,0.0007465328360842793,0.00462085170353399,0.0005410525329001548,0.0017627696355042577,0.004317342315707906,-0.00015743431981318778,0.00018380993981748084,0.001335848010798557,-0.0008069453415988637,0.001873293963061462,-0.0009415332567275225,0.0031222542622153515,0.0036477499005937997,0.0015519093152509544,0.0008797835113567576,0.0003763449684419662,0.0003894923904521619,0.0012988347733282612,-4.142409576834982e-05,0.002326298942440186,-0.017210763731203005
0.0011890612468923312,0.0014227700222479989,0.0008291390119115061,0.0003044395141158507,0.0001770592220398104,0.0002909651870734997,0.0010233151046830091,0.002132550375464559,0.00010534487722679842,0.0029370284273939617,0.00306492357994248,4.612359575295599e-05,0.004876649537487898,-0.0005369652554798598,0.0013997550193882713,0.0008830510724213703,0.00041384127970856,0.0009283567103279822,0.011735090042631402,0.0020134380680598696,6.326779857057652e-05,0.00047554163375385095,0.0025781727933960052,0.0008257023550124476,0.00017044044891934007,0.006659968065970023,-0.010283757118828118,0.0017957320190198356,0.0009327406539572092,0.0008773808557911433,-0.015750242791734648,-0.00910275390449744,-0.00885349336670227,0.0011343157036112217,0.0012700322498608863,-0.00034068184685775993,0.0007292625598356306,0.0010037565639453572,0.0024719679052023213,-0.0007146449454962234,0.00039181994847781176,0.002463300780201516,0.0014357743354047603,-0.0002360682372379852,0.0007461236945394134,0.004530558421373065,0.0005234705545549279,0.001744765693631578,0.00424473843145412,-0.00017793471579929943,0.00015896717107533043,0.0013234602120049122,-0.001035209971535056,0.0018526468003678964,-0.0008661197615748017,0.002832456637751113,0.0036054541843530963,0.0015456525297155022,0.0008003262167946001,0.00037837442342825156,0.00037880278596236217,0.0012623734268424336,-2.0147267972392413e-05,0.0024335230630683213,-0.017863601938845064
0.0011441595697729845,0.001471215097033518,0.0008308944578061528,0.0003001366495507529,0.0001738533575006418,0.00029799822438869583,0.0010260124018075523,0.0021331246245894775,0.00017668571004203493,0.002961448626990437,0.003061798131311244,4.740610457076855e-05,0.004833355969745989,-0.0005853429540405575,0.0013993911196406028,0.0008581981488102741,0.00018645896353230995,0.0009033927658941288,0.011593846774065053,0.001969690429927118,5.971017625072683e-05,0.0005464225198037465,0.002565750267154998,0.000808976374002901,0.00013236701577667986,0.006218525671674469,-0.010457404673331783,0.001852793690852339,0.0011906574423294902,0.0008717506540729669,-0.016040133067401596,-0.006973883295663397,-0.00864165440215503,0.0011242723152415923,0.00121105737602889,-0.00034690159924455344,0.0006804120066141728,0.0009906023345493953,0.0031747313777279462,-0.0006004374699075665,0.00038994508714185194,0.0024440158475098617,0.0014111159569987208,-0.00010208405885991922,0.0007413501846371684,0.004426896859468954,0.0005055392253476843,0.0017282214084821668,0.004143005174246817,-0.00019282118522290226,0.00013385583936731393,0.0013092519330073493,-0.0012611571630376517,0.0018402877825565156,-0.0007940607041572179,0.002626121771058365,0.0035563841495100945,0.001526592084135192,0.0006935244524477469,0.00037829204962225305,0.0003681120689396078,0.0012272187359456677,4.0945827166627424e-06,0.0025302334758423584,-0.01851429623452483
0.001080012092534277,0.0015258640728681439,0.0008330298427574601,0.0002954428877468551,0.00017069070000830244,0.00030572777248627503,0.001025828479494173,0.002133089046315373,0.000264468918178995,0.002979653116083947,0.003052734324323181,4.861500001407393e-05,0.0047440310424009535,-0.0006505391933856464,0.0013970609104876353,0.0008298005195261915,-5.650301644433142e-05,0.0008695403050982264,0.01137435481125948,0.0019187287572697276,5.512465140156131e-05,0.0006065323400763489,0.002546472235426478,0.00078917286715674,0.00012742094596163156,0.005717232712169951,-0.01056917106050137,0.001924858670407703,0.001498186248010569,0.0008635448908613785,-0.01629066736972129,-0.004481334456069019,-0.008416533446789831,0.0011125468818842243,0.0011516117562542227,-0.00035510016250051013,0.0006221771910495111,0.000974726775856416,0.0038273923859923897,-0.0004890333646853096,0.00038949437790414265,0.0024219825326754485,0.0013839300916758113,3.878910762367127e-05,0.0007322585645785917,0.004310947888784167,0.00048591503730488483,0.0017123395906859518,0.004018810078909807,-0.00020233186650797652,0.00010896947225802478,0.0012932796814033587,-0.0014805925437629819,0.0018355009640724784,-0.0007268816417852486,0.002499625611225742,0.0035019465076557843,0.0014964834734598753,0.0005681800013810356,0.0003764969839818999,0.000357535537707232,0.0011925399059780073,3.069642546593698e-05,0.0026136644344902926,-0.019162829603068254
0.0010007657609525378,0.0015826775275171734,0.0008345725213356747,0.00029046003363530914,0.0001675792983109048,0.0003135961473335058,0.0010220674364649351,0.00213130620373847,0.0003636431739268975,0.0029916603347965864,0.0030378335225160757,4.9697914606516846e-05,0.004608660017481503,-0.0007321535310519378,0.0013927097502750563,0.0007980362201924773,-0.00030782941192708524,0.0008286713676952662,0.01108918787420654,0.001861422790735423,4.9705281827350234e-05,0.0006527063596837301,0.002521133223509997,0.0007669827990313127,0.00014597676356475908,0.005172157097025565,-0.01062476742705909,0.0020057058233435843,0.001836868405694858,0.0008531560062816634,-0.01650957468124503,-0.0017534247016353088,-0.008186091662341743,0.001098874666448424,0.001092667637975664,-0.00036439918097186386,0.000557965230611579,0.0009562793440389683,0.004414359317702177,-0.0003789176014303841,0.0003897286381495668,0.002395019582246638,0.0013544905635203275,0.00017989177608979112,0.0007188950925640647,0.004183792380281437,0.00046325448245276846,0.0016963230508733051,0.0038788206802664593,-0.00020670489807939063,8.48015973116123e-05,0.0012755999647913185,-0.0016893217413671557,0.0018375703993602777,-0.0006661081317687056,0.0024493441073407674,0.0034435479703818217,0.0014570821926411792,0.0004330946466593044,0.0003733883634646773,0.0003471884905874578,0.0011575061422786082,5.905322944266267e-05,0.002681050192740342,-0.01863760520269564
0.0008418789524795578,0.0016041870898737542,0.0008006644940687924,0.0002839868686530522,0.0001620308888390376,0.0003112128226863131,0.0009815900475682593,0.0020944421567443694,0.0004300728168893375,0.002976798684966031,0.0030083439528267863,4.836471257529951e-05,0.004325329789019561,-0.000956085363593373,0.0013725815979470646,0.0007382655324810194,-0.0006595626586143322,0.0007799049824213089,0.010337381714618399,0.0017294032228936107,4.061519092068977e-05,0.0006648321173008398,0.0024816919271273274,0.0007463670225633656,-2.4111331612952647e-05,0.004427793564311333,-0.010758110108821772,0.001988135250358569,0.0020126877923649644,0.0008443361155772156,-0.016442455085491026,0.0001573130119798538,-0.007952600426447853,0.0010692956919626795,0.0010217871628239727,-0.0003650883159096452,0.0005237003883871161,0.0009120243044595799,0.005106781935789062,-0.00015449758182795037,0.0003638546495485784,0.0022678283312194125,0.0013077490125081859,0.0002449621425522075,0.0006676990965546192,0.003920621050866879,0.00040830896972643416,0.0016553833618324632,0.0037377850320079453,-0.00018118250060106256,4.3380242712887096e-05,0.0012507558896013293,-0.0018567008085215164,0.0019375402969350475,-0.0005884560218952783,0.002353570337744193,0.0033775433459095616,0.001404482678512009,0.00041900361477886783,0.00036824445849936716,0.0003351390010750688,0.001112150222336794,0.0001052884140322341,0.0027311425861920036,-0.01798748942294215
0.0007849727353430591,0.001531506771463853,0.0007615798283588937,0.00027693395850558744,0.00015747180280700768,0.0003074342124631535,0.0009600663263684694,0.002056925581645608,0.0004595300783263312,0.0030264356347007304,0.002984094093852141,4.596297596326515e-05,0.003963091266487639,-0.0010519741133350191,0.0013589483081450915,0.0006927478396066,-0.0007796460624919233,0.0007430033370463551,0.009992604899518476,0.0016706635090886213,3.269718539633537e-05,0.0005897049489831385,0.002456503946264954,0.0007251046149723273,-0.00013446495170688078,0.003993024148718494,-0.010674941769857726,0.0019477484009842172,0.0020178836616839835,0.0008356849636235175,-0.016512419848065618,0.000745869184009651,-0.007678844851413902,0.001044792032551145,0.0010002113971749882,-0.0003595514604352035,0.000533570078308454,0.0008839004407805717,0.005373810272045532,0.00011841456633243652,0.0003360685598949864,0.0021407730676472614,0.0012747953286946778,0.00025218896836354254,0.0005926431352090145,0.003734300282167924,0.0003223247426584752,0.0016126270915597374,0.0036273052899249425,-0.0001540526379467666,3.13005956511514e-05,0.0012157737464164597,-0.0020179747696678074,0.002133267103354264,-0.0007072690779927893,0.002634550852993911,0.0033357396433302267,0.0013720972601933834,0.00046601608557539365,0.00036443033348509957,0.0003221033931268824,0.00104570418815908,0.00016299135137898269,0.0026974290691739178,-0.01733951755515084
0.0007433890728907322,0.001456406780117936,0.000727903909407912,0.0002754919342959905,0.00015343000241374583,0.00030051064092107005,0.0009334057956027486,0.002020063791260407,0.00047524807019150295,0.0030098822308148865,0.00294829741056879,4.7128588714695496e-05,0.00365803107555851,-0.0010701392626395467,0.00134326759025849,0.0006460741153271332,-0.0008261337639462463,0.0007170419733393274,0.009623905780038022,0.0015711955340811379,2.800374270051087e-05,0.000537109311218531,0.002420730638472035,0.0006996184530765337,-0.00023509247695463475,0.0033078210770212113,-0.010645862075869927,0.0019252850448336911,0.002025491986899608,0.0008201869150916696,-0.017165702546071415,0.0013676324354860991,-0.007289850220156824,0.0010341921658849618,0.0009695338355335537,-0.0003646467636679862,0.0005419765219669692,0.0008520420237225768,0.005590530416813344,0.000289411146900731,0.0003161943147778068,0.0020371506693630526,0.0012346122870625642,0.00021712467478796071,0.0005689763868290676,0.0035284079367334797,0.00015889742360020165,0.0015655807974226388,0.003510436832806496,-0.00014566255929582272,9.704449824843309e-06,0.0011905058376926458,-0.0020895967790102166,0.0023254681549518263,-0.0008450482834185813,0.0032327062036761056,0.0032911087673896944,0.0013230757169824248,0.0005123203171586432,0.00036682889267614094,0.0003118020277528277,0.0009879050658381239,0.00023174310766727046,0.002629854337293347,-0.016790522956277587
0.000763338419609294,0.001382407119060236,0.0007054516383788734,0.0002701073404274279,0.00015310075822871916,0.0002934257992115441,0.0008637816740117987,0.0019734932527000204,0.0005473905059272255,0.003022152421324753,0.002910938401269769,4.6738481626951156e-05,0.00296500665363042,-0.0012764588332615512,0.001325906988769887,0.0005877819383794947,-0.0009494298391649059,0.0006823001641997894,0.009426590660317258,0.001549508834042257,2.197289521843615e-05,0.0004708915063875718,0.0023814236034911396,0.0006853312892340924,-0.00032661402309619447,0.002819492163538939,-0.010637117874698898,0.0019127431607086631,0.0020652687890239108,0.0008053474323070908,-0.01735939041606105,0.002192448471398878,-0.006814598497215663,0.0010037696190432488,0.0009384903801741284,-0.0003578689160009807,0.0005427609293977564,0.0008209968327383965,0.005553404018265207,0.0002068122965648289,0.00029674646297483953,0.0019331137146325617,0.0011975202884535463,0.00017823860105026235,0.00048357365490181436,0.003349898271166829,1.2518480990708625e-05,0.0015069009678070344,0.0033881590040847342,-0.00015806903407866724,-1.735363406252244e-05,0.0011611249738876506,-0.0022292713906947315,0.0024136040721900454,-0.0008145276590536543,0.004050345992265392,0.003240795545765618,0.0012528338030191044,0.0005360837514787331,0.00037184015377467183,0.00030252729431623493,0.0009542170662342198,0.00024521191746385007,0.0024203360638797022,-0.017642285566691118
0.000709614576754003,0.0013625918995960884,0.0006878572398385518,0.00026983897274135416,0.00014918699385035872,0.00028727106015491444,0.0007995812376830891,0.0019313701912577752,0.0006622696936411376,0.003017671545586742,0.0028627167548094246,4.6500212348643544e-05,0.002682667497966529,-0.0016980743815535604,0.001318705282042698,0.0005428564647234069,-0.001143553005254594,0.0006485184672266886,0.00915853566818936,0.0014707105429154765,1.8882047627677423e-05,0.0003279648340432928,0.002340691557937591,0.000676004366383598,-0.00039563271405618217,0.0026681065202633913,-0.010492846333385764,0.0019047352289984776,0.0021356330190578365,0.0007832572515862335,-0.017660417355111035,0.0031824228932584298,-0.006216047220383603,0.0009620804405705563,0.0008841524404854528,-0.00032909589270735395,0.0005246576555899551,0.0008063862956049217,0.00521641540659612,0.000304348843293889,0.0002839361060023027,0.0018560092622228463,0.001158840744526879,9.937372652224497e-05,0.00043339822448906773,0.0031865627931915164,-9.784282317870652e-05,0.0014605067848749709,0.0032593730407197707,-0.000169304824736205,-5.710384381363287e-05,0.0011323388487329833,-0.0022612410143948436,0.0024262704264275126,-0.0007641564026061864,0.00409127104288598,0.003172459599538824,0.0011462151127352715,0.0005112563214224597,0.00036914851409219906,0.0002998580840176679,0.0008473100629309283,0.0002580634687463501,0.0022528509804313757,-0.018505533419758913
0.000676908919272412,0.0013473783634863068,0.0006713371120508071,0.0002683170437081106,0.0001475097403647041,0.0002846874976307756,0.0007451295428002602,0.001888963214529138,0.0007182514415351449,0.0030023331612856197,0.00280450221623596,4.6598042143575213e-05,0.0023395661963914183,-0.0020763578335142308,0.0013051651744615533,0.0004801181259479481,-0.001236326327216597,0.0006164596859290494,0.008889885273928089,0.00139605988488678,1.8358955385711084e-05,0.00017156986800137553,0.0022983325224599227,0.0006610242605038508,-0.00043106476930809823,0.002253223855170905,-0.01034436346364398,0.0019112193637185193,0.002240102712083303,0.000768303296565076,-0.018222197912491356,0.004315940873162782,-0.005646571965846836,0.0009136675288281548,0.0008250200279096287,-0.000318134489761257,0.0004963594684579409,0.0007937065086893735,0.004719405550237976,0.0006160073833105795,0.0002722990801633518,0.0017430308680181916,0.0011102621559748727,-1.948995785139296e-05,0.0004635469724043606,0.0030307460160472477,-0.00010383137994152136,0.0014254053535769362,0.003131605155550554,-0.00013556762449629112,-7.021961331699078e-05,0.001098693084109259,-0.002321825029592439,0.0023265040710287455,-0.000717019179092504,0.003973406243927391,0.0031121016278674585,0.0010451457909792516,0.0004970703968225632,0.00037256224908843727,0.0002956608087121282,0.0008015678618995548,0.00026725247384695727,0.002126784645437141,-0.019377373935849596
0.0005208036817909711,0.0013774262061532205,0.0006637174669648083,0.0002615689774971841,0.0001446061209462446,0.00028113280567199084,0.0007019452197112308,0.0018479034615641599,0.0007781230335075495,0.0028998239353363875,0.002743378918602879,5.0339536465937584e-05,0.001865330329931858,-0.0020991890462590534,0.0012845021767824427,0.00044236376049267,-0.0012705305925687638,0.0005791134025099343,0.00874030313766605,0.0013067222984910476,1.3452713629513724e-05,-5.768228062741354e-05,0.0022532992716635114,0.0006481732466570023,-0.0004052133315592954,0.0021450650970953333,-0.010107259272315372,0.0019466161953503036,0.0023637144953776446,0.0007548368489431745,-0.018974312597900056,0.005464551055382794,-0.005151388717048455,0.0008663779794930715,0.0007821931349263345,-0.00031887920269502157,0.0004635082573034577,0.000760624871147586,0.004061191610042814,0.000566442760660868,0.0002706034033399529,0.0015844581052408824,0.0010764692591263003,-0.00014124061010489797,0.0005336005570752977,0.002874510659372831,-0.0001852032042248819,0.0013920298265994724,0.003004130241654801,-9.858717778976622e-05,-5.914002186035994e-05,0.0010649263030113598,-0.0022738596050648763,0.002000871813209626,-0.0007049830504182175,0.0042251561294799345,0.0030622044277792693,0.0009848968137995406,0.00048637026691400465,0.0003672944216157603,0.00028968264612938555,0.0007100615158173174,0.00028191583245584795,0.001931894117152666,-0.01999839376754564
0.00048090444267345767,0.0014251533099680636,0.0006481979314845177,0.000258333106731401,0.0001431252391892457,0.0002782741253399834,0.0006786292211531375,0.0018157580851718702,0.0008141508792354202,0.002897444616883016,0.002685772212740467,5.498187140662303e-05,0.0010428572213407872,-0.00225110666977979,0.0012553710392027018,0.00042180922645873586,-0.0013480733656390242,0.0005483047863528157,0.008532145189630302,0.0012430831411189835,8.68880066851041e-06,-0.0002069437574824251,0.0022115613766293674,0.0006288333142321356,-0.0003525842650923261,0.0018640434852430499,-0.009694922069730438,0.0019845262692259613,0.0024840732104352004,0.0007383075632794167,-0.019690042381944717,0.006584693081828075,-0.004751173707537637,0.0008136799912967785,0.0007518150089622644,-0.00031772317229394886,0.0004312526984171505,0.0007384179255991441,0.0032457534067764637,0.0007885763153296921,0.00026705875907606647,0.0014391770594250897,0.0010380284195314893,-0.00021616380184907857,0.000530838902029096,0.002767906963186517,-0.00028420842675724867,0.0013669335243113867,0.002898455255633703,-5.69796840566017e-05,-4.584269403562491e-05,0.001039058611161714,-0.0021630275715981417,0.0016711438657392996,-0.0005810532725077922,0.004632154419828005,0.0030112594046831642,0.0009259200990214822,0.0004610470922483678,0.00036330768441295014,0.0002911265560980869,0.0006063356690391153,0.000245926831754284,0.0018236257535562128,-0.01977563110557623
0.00046576783351337525,0.0014659703778907573,0.000642192971226363,0.0002582723308410806,0.00014944703267727455,0.0002749523996965486,0.0006453763631260045,0.0017851514776561217,0.0008700318759400361,0.0028577486457430634,0.002633681894943285,5.2209048225781984e-05,0.0005393670961419961,-0.0019991118423735577,0.0012413834742499574,0.0003998557702482586,-0.0013280918899059024,0.0005134883748685315,0.008363007825437307,0.001184469912107522,4.435548660586264e-06,-0.00045534112084744116,0.0021585223546927157,0.0006073619536055563,-0.0003094489308802517,0.001489030208284392,-0.009390617001089119,0.002011424437310838,0.0026038960388226062,0.0007192914131781691,-0.019831517499849016,0.0077137067774715184,-0.004592741012932722,0.0007616745356502364,0.0007272854131930018,-0.0003234800082375644,0.00038551990077340115,0.0007103396787693228,0.0022475486977446835,0.0007726502421638859,0.00026721231341308993,0.0013356249490590333,0.0010039223785454077,-0.00024437852543535143,0.0005032403950258058,0.002704919048507781,-0.00024416561847817597,0.001349301000715064,0.0028580900394430397,-5.180920016656376e-05,-2.4160699617636894e-06,0.001026484642755232,-0.0020491128896791277,0.0012861656333229554,-0.0005518546987109962,0.005063126062802903,0.0029599562917548283,0.000861957976284522,0.0004278861582682758,0.000353115497355061,0.00028927212431173466,0.0005043449377026832,0.00022159154802681158,0.0016413256639735696,-0.019547661800270122
0.00046465737256573547,0.001464838683407521,0.0006456308767239793,0.00025207478408662,0.0001497988876075773,0.0002734335694436485,0.0006032946529717087,0.0017464199451069362,0.0008657283949955463,0.002724624017625743,0.0025760803007914834,5.088632972882756e-05,3.206411645817475e-05,-0.0019988497800248473,0.001225695402276239,0.00037920045156392135,-0.0013115937055362403,0.0005068710107138941,0.007944681024590006,0.001128096002506629,5.4933598705453335e-06,-0.000698219317086135,0.0021048282587103895,0.0005912035762614121,-0.0002764704340560975,0.0013216467916492558,-0.009113871708113064,0.002009470415561987,0.0026934357904426776,0.000704800301843278,-0.019289713098308625,0.008632603615577494,-0.0046000533044946446,0.0007186790762085948,0.0007224263041434309,-0.0003266854132176755,0.00034471059127949566,0.000690598246640084,0.0011826679442832333,0.0009055913204212285,0.00026532503719844946,0.0012418873659181262,0.0009806529303060252,-0.00026268638975823766,0.0005325938306179889,0.0026619914235501696,-0.0002731586046097467,0.0013261373603328241,0.002833640418261618,-6.15364287717135e-05,3.9347807234024756e-05,0.0009936055366068786,-0.0019047043247144568,0.0009692767947342418,-0.0005606497185890458,0.005598515879455368,0.0029148836695513936,0.0008190949067963249,0.000419892955329626,0.0003405272965262274,0.0002923579876172866,0.0004706668349798715,0.0001762721702160963,0.0014657608501753572,-0.01932489913830049
0.0004172160497837307,0.0014269532025983356,0.0006359800904320867,0.0002454443447426069,0.00015199341147509315,0.0002704965957778249,0.0005690037052148433,0.0017095510126978741,0.001025123630254532,0.0025912288705005615,0.0025141797437662206,4.7953696904468046e-05,-7.195994021191865e-05,-0.002068771687044557,0.0012111168153821072,0.00035737578493932887,-0.0012034148022416202,0.0005040296147216239,0.007551185804253846,0.0010895009468916417,3.654601822500325e-06,-0.0008799937864616414,0.002048243334295652,0.0005801932333859838,-0.0002675562582356017,0.0012749020748370476,-0.008837269887247201,0.001988195088321154,0.0027388560591277145,0.000690508426288039,-0.02061009914391576,0.009238176358809191,-0.004730361793367832,0.0006710860327046042,0.000697589398138021,-0.0003331554819524518,0.00030417380378633396,0.0006659502804502448,0.0001765793301984342,0.0011748593856963918,0.00026759448507718275,0.0011622131435276017,0.0009520723106808404,-0.00030120865942262487,0.0005082734554426871,0.0025940529754640007,-0.0003287236091148449,0.0013131616241457422,0.0028513922161650385,-7.542803987325986e-05,8.669011995809939e-05,0.0009652671978856997,-0.0018252977853687735,0.0006363484890845594,-0.0005457780037227966,0.005927763513583484,0.0028689048941825668,0.0008134628367850727,0.00043517969994266714,0.00032833813113497534,0.0002947328710647401,0.00041828542183841577,0.00016433508721447332,0.0014050400142715525,-0.0189874882318799
0.00035991662240597577,0.0013857178051031038,0.000618198392882352,0.00024180944549390126,0.00015117486282978376,0.0002693662777306649,0.0005491231241343542,0.0016654756988780939,0.0009596438690109288,0.0024759883868787913,0.0024587567300946578,4.85860358780954e-05,-0.00038366307648396436,-0.001961320812901013,0.00119279719069465,0.00032420786616538244,-0.0011100734481765961,0.0004939187187766869,0.0072748187315154755,0.0010459179106077077,1.3769782496453331e-06,-0.0010794165842487047,0.0019973374631749863,0.0005697658794390215,-0.00024697714468358,0.001243887411289668,-0.008642277115885943,0.0019663795625570746,0.0027486205071924896,0.000670136829360013,-0.021125663766475733,0.009589281749802891,-0.004959797695187174,0.0006384371247416532,0.0006746360704779075,-0.00032659031551229845,0.00026951663181984387,0.0006431149064554109,-0.0007027314859588962,0.0016773747506064751,0.0002753117321436793,0.0010301127709717584,0.0009162997084399827,-0.00031684127763120795,0.000488681432989635,0.0025266187887393876,-0.00033042906588076626,0.0012976453957396217,0.002883206574828323,-6.768592255734784e-05,0.00011172784896107402,0.0009402448379585149,-0.0015275564632901695,0.00040855031946218645,-0.0004951403541730848,0.00606970165763232,0.0028296646899181876,0.0008015833754990709,0.0004581881223808537,0.0003242305832631409,0.00029289259161124903,0.00036322313593584177,9.086403536118226e-05,0.0011980687953903058,-0.01855913121881214
0.00040053254773142477,0.0013928061858512475,0.0006182974043356104,0.00023856299219504606,0.00015486119240493146,0.00026816718442845833,0.0005168103606241203,0.0016328534733613953,0.000932849025316429,0.0024570232411562642,0.002405956512964602,5.02117540175373e-05,-0.000964908479941573,-0.0017332732388577465,0.001178432785876149,0.00029748822552089216,-0.0009765942451753773,0.0005020746869317527,0.007860710887581446,0.0010456446827225019,-2.1746789313770165e-06,-0.0012830451828930167,0.0019462910577745518,0.0005669320304830805,-0.0002730528447357772,0.0013309488086112875,-0.008181181145982763,0.001936334245797866,0.0027138483299058436,0.0006558511719036986,-0.02182882720428536,0.00954329162319656,-0.005213436521241066,0.0006018032544539142,0.0006401916962777143,-0.00031719696960286203,0.0002507661856150367,0.0006203241614928245,-0.0014332663921911015,0.002175223275392213,0.0002785756119554339,0.0009044039715619956,0.0008978620143926808,-0.0003292280123669,0.0004341848404565418,0.002465695244254107,-0.00034359948742024304,0.0012826119814324244,0.002910140187250665,-7.436609835831387e-05,0.00015244510783518628,0.0009035076246870499,-0.0012974642261922575,0.0002056254028461879,-0.00045629059575125197,0.0062521360602278975,0.002792125327245376,0.0008226662808623608,0.00047211450054285287,0.00031640511532438076,0.0002860919121214778,0.00034175402470304483,4.221290974681935e-05,0.0009567537049521846,-0.018127915656461546
0.0004127823535762243,0.0013735373652152827,0.0006154788829864088,0.0002363490324623907,0.00015322708546938735,0.00026135207198474397,0.0005028284013415263,0.001594108866941113,0.0009263728159347728,0.0024330158626839626,0.002348711327970543,4.661079241685684e-05,-0.0014225617543331959,-0.001826978114803035,0.001164080713999427,0.00028207510420164006,-0.0008252664706380752,0.000512297007203788,0.008345099799160094,0.0010577588522537873,-6.362619344058018e-06,-0.0014140874476513687,0.0018970474146751126,0.0005709126317778868,-0.0003000927106849849,0.0013398847256798074,-0.007840740770945986,0.0019118153855171016,0.002615651759437343,0.0006488948170475517,-0.02042738096855168,0.009049907899057796,-0.00545893930316399,0.0005726387917210918,0.0006114265593744062,-0.00030797088357170654,0.0002492406841363426,0.0005921760329938852,-0.0019676292956721797,0.002662491125094535,0.00027581121748898596,0.000773744034277879,0.0008798400651042204,-0.0003460885493923316,0.00045431962595543496,0.0023872761793723996,-0.00037357613335464723,0.0012560324838182257,0.0029298697223960612,-6.791214535040169e-05,0.00020894730876608314,0.0008771505422127124,-0.0011239351539726883,3.3754325312607136e-07,-0.00041487722048416664,0.006396194629770147,0.002737615556974937,0.0008387292599909557,0.00046577562380845094,0.0003184395753321745,0.0002792791785946047,0.0002719416840091249,8.371124013528686e-06,0.0008277831152885273,-0.01769670009411084
0.00037279877851070786,0.001324397189010007,0.0006135446084547524,0.0002344299771230851,0.00015427500654596749,0.00025533392659449206,0.0004799864243663077,0.0015551007000020878,0.0008878190376977457,0.002444360029084436,0.002289802560391463,4.1173884675727024e-05,-0.002272881540130167,-0.001650081861911068,0.001148196936522572,0.0002521309223946222,-0.0007140917834411731,0.0005195943506279832,0.00861193774380542,0.0010643952139375301,-1.4615835841613745e-06,-0.0016499288394026257,0.0018441740301893272,0.0005796591316555855,-0.00034333047498769087,0.0013587930454657116,-0.007576165509289079,0.0018799563061751012,0.002473806070474982,0.0006454547871626026,-0.019549987742205066,0.008167884694145311,-0.0056413172651795795,0.0005630499324449367,0.0005515898292272059,-0.0002962134827342311,0.0002478728723844803,0.0005709925157562079,-0.0023435395068193143,0.0029767895621282126,0.0002685201971761586,0.0006104369756627648,0.0008622497631529669,-0.00041393735162553735,0.0004571220809124199,0.002363115825908757,-0.00043038792401439707,0.001225370267332604,0.0029532892192627447,-5.100684993530891e-05,0.00024595872858279577,0.0008492410604012957,-0.000919201405118808,-0.00016126363132540344,-0.00032517083933347735,0.006782239113594102,0.0026847804269334308,0.0008511956535162124,0.0004539882767886638,0.0003155638467449151,0.00027411031812185627,0.00021957586379550698,1.9954920535303344e-05,0.0005907857444304998,-0.017562024989505765
0.0002971622661336326,0.0013059377707129727,0.0005995855405933614,0.00023021808868972649,0.0001563946647413772,0.00024810515541440203,0.00050748482278129,0.0015177871567697565,0.0008956438077931672,0.002380927403206279,0.0022228770797718678,3.8856038802492776e-05,-0.0027236947130998557,-0.0016281794061516752,0.0011303571089185116,0.000246900433173769,-0.0006532923589349648,0.0005250727553909318,0.008882161888037254,0.0010872668779629002,-2.4086490455488274e-06,-0.0018169189521639595,0.0017942526850693863,0.0005864140479086011,-0.0004017233603654802,0.0010495841741038348,-0.007553301824185121,0.0018157496778994364,0.002293850237001571,0.0006398309017774384,-0.018741781265660062,0.006990061455627972,-0.005729620157827409,0.0005517374407710829,0.0005216268483998476,-0.00026190171861739664,0.00023341115567188098,0.0005540038742797293,-0.002664672272988944,0.003419385741300962,0.0002626598569053229,0.0004784267659361241,0.0008461689223735469,-0.00048375260404742715,0.0005119507125443956,0.0023588743017772806,-0.0004191104486115371,0.001184229887111865,0.0029644812412026322,-5.5405891502657845e-05,0.00024822073806918254,0.0008237791686371843,-0.0006214236001509388,-0.00028631517938670914,-0.0003126665972519316,0.00690681708085239,0.0026318720855984523,0.0008541807204225371,0.0004517545582733984,0.00031205893809804763,0.0002679625358885662,0.00011503600925300006,6.030396539302707e-05,0.0005295377230680742,-0.017562024989505765
0.00019078614748391232,0.0012812715218155635,0.0005864552365688613,0.00022547041597276163,0.00015346617655453976,0.0002413473528857235,0.0005049935789829263,0.0014810165462220137,0.0009604619889744814,0.0022350065682874565,0.0021607059651929106,4.5289961986494376e-05,-0.0038186570274135745,-0.0019755961529169808,0.0011161744094323467,0.00025406394882021566,-0.0006088443226198725,0.0005365887546338044,0.008838020156781035,0.0011156172962745181,1.2377888274350823e-06,-0.0019398405572250699,0.0017476965029328273,0.0005876130959527881,-0.00043696997684550265,0.0009140000873502085,-0.0073801339332913996,0.0017349198372502705,0.002083403070943124,0.000637382411891485,-0.01749265021532065,0.005519230958852983,-0.005723393917254294,0.0005434709698133311,0.0004976627026558322,-0.00023143141403103584,0.00021477104460987384,0.000545825312810555,-0.0028265208279900644,0.004010791582034656,0.0002542413094284157,0.00038486115897962137,0.0008285257360653997,-0.0005171637990195599,0.0005539762178319307,0.002335098430817917,-0.00041002282884616825,0.001158528032912276,0.0029375061466563324,-9.212667160218846e-05,0.0002444429240238133,0.0007998521224537036,-0.0002986295610706291,-0.000379250626987071,-0.0002503088305209067,0.007053630902600805,0.002577691398454096,0.0008845903494205665,0.00048142398738959535,0.0003091501339438363,0.0002644166994487662,5.8316572544736545e-05,4.0059187583318945e-05,0.0005951439510045731,-0.017562024989505765
0.00013056520018528417,0.0012247825883384689,0.000569596198483513,0.0002245552143824714,0.00015456917508793744,0.00023740646529080145,0.0004835980083019997,0.001442450530075856,0.0009367382422196258,0.002092881342053099,0.002098492043526301,4.193428581045211e-05,-0.004131218615737953,-0.0019345693341682457,0.001098886823521772,0.0002500593850764954,-0.0005171820139543426,0.0005398124771336388,0.00867557624219617,0.0011199053854062946,9.460794772042647e-07,-0.0019864519876143794,0.0017019864030543008,0.0005869245581668903,-0.0004957310975305385,0.0008299279764762968,-0.007276728489258977,0.0016386317764769398,0.0018947870873171624,0.0006267344211612347,-0.016667223866552172,0.004344428231790154,-0.005612871522132967,0.0005275074811064151,0.0004680765670530551,-0.000206236385691283,0.00020292533185917172,0.0005370788836307483,-0.0030183355895218034,0.004543286171701411,0.0002515783360534929,0.00034183384429331554,0.0008075522019148629,-0.0005092675885483011,0.0005334086456536546,0.0023267161154800764,-0.0004457013564884704,0.0011299982231740557,0.0028812287922990176,-0.0001349504455303574,0.0002461726359768157,0.0007826253381033599,-7.656685499946025e-05,-0.0004760040618484451,-0.0003030451720132943,0.006763068620741164,0.002526796381285612,0.0008806538247767559,0.0005177272935130706,0.00030751066051992737,0.00025558711714501747,-2.1858222406523353e-06,1.6277334438763447e-05,0.0006745495920592592,-0.017562024989505765
6.29487880772217e-05,0.0011757078981347036,0.0005595092132966162,0.000222552985689628,0.00015483069383548376,0.00023359209932105607,0.0004605573913507577,0.001398741483044974,0.0009225015033853534,0.0020142766712507587,0.0020477109661876103,4.436751349978785e-05,-0.004582522351312623,-0.0014630216100431914,0.0010743364371492703,0.0002513600534532756,-0.00045658141755555715,0.0005403124994742825,0.008445369795743396,0.0011862398879807223,2.140398231986751e-06,-0.0019870675633084645,0.0016643173458614768,0.0005939921763147282,-0.0005222243289375594,0.0008951147040885399,-0.007232435258813563,0.0015576147908455962,0.0016920393941226575,0.0006193408846133508,-0.016573006568304738,0.0031101282861947244,-0.0053714811397964635,0.0005177650595384886,0.0004396539026196855,-0.0001749079012844934,0.0002102913424759656,0.000533171943647881,-0.0031193961756600386,0.005280885626268272,0.0002478673956207711,0.0003316513078657213,0.0007934376901403972,-0.0005480791382470596,0.0005666849857557388,0.0022963345549571468,-0.0004530917639031795,0.0011025458164863888,0.0027900819087780526,-0.00015223728163060724,0.00028207954011261194,0.0007852445677285491,4.6953621155587655e-05,-0.0004962061332648426,-0.0002585074979117863,0.006523451440828554,0.002472478531913014,0.0008792385580889128,0.0005397354965124279,0.00030961957776809435,0.0002552486516835817,1.2979844582705624e-05,4.204287737086254e-05,0.0008259341784664365,-0.016819618904335032
-5.660906557658496e-05,0.0011914920710214272,0.0005528426237693118,0.0002168386320464677,0.0001534828828744228,0.00023249768810118532,0.0004299040846111879,0.001359592181779501,0.0009619828137636954,0.0018789482255190393,0.0020061914152360583,4.523292374236654e-05,-0.005060100924837885,-0.0014680495347895173,0.0010594878502010463,0.00023891297166511727,-0.0004069241954940406,0.0005258273874459984,0.008676675854951466,0.0012098146208734395,9.665011857507011e-08,-0.0019700623361337266,0.0016271156324640934,0.0005847395512814657,-0.0005506780040013259,0.0009003436285512922,-0.007108711782381372,0.0014950913522171483,0.0014934485580206935,0.0006159788869319893,-0.014817503068244253,0.0019393763157717903,-0.005053716148542886,0.000503285700302003,0.00040657690816026104,-0.0001278626097542812,0.0002195096737303004,0.0005452233274456653,-0.0030068299143672927,0.005901093049774042,0.00023604944410338113,0.00026903536398359407,0.0007782701501910516,-0.0005377475206181925,0.0006333762752253058,0.002219336011618722,-0.0004417625950700055,0.00107772074760204,0.0027152264199303833,-0.00016169186280856618,0.0003013249488625913,0.0007666681566980138,0.0002734113217708334,-0.0004990934835825689,-0.000327340857713021,0.006691195632598568,0.0024190829732391173,0.0008858339102566504,0.0005401781745719703,0.0003023791097442885,0.00025091888613881785,-4.627343568730513e-05,1.3707917326577501e-05,0.0009160066063851335,-0.01596210516500718
-0.00016506300596885737,0.0012273496628334435,0.000549583526064934,0.00021087900475214028,0.0001496946523771303,0.00023512778345624596,0.0003782030797128133,0.0013265914686768632,0.0008921175161751282,0.0017980349432940024,0.0019673597164260315,3.9180646313141665e-05,-0.005440506673943579,-0.0011214400942225478,0.0010405699865181361,0.00023273487965869144,-0.00032615218994713757,0.0005206111921862711,0.009186013231981205,0.0011848564197098899,9.902357949176377e-07,-0.0018662388366820215,0.0015892145423548332,0.0005825664741743175,-0.0006179169841944443,0.0008779410971500035,-0.00687263396691884,0.0014325523168456922,0.0012902096452347411,0.0006050258343028858,-0.013438540713612834,0.0007269294836000917,-0.004699247972386855,0.0004961166572516884,0.0003597476743533168,-8.486090794668222e-05,0.00021694543858652438,0.0005519400728097867,-0.0027317842478572496,0.006443228302239978,0.00021769368384805254,0.00019833129406299221,0.0007636714380256926,-0.00047342472863398655,0.0006822306088691832,0.002153245781457702,-0.0004425666466573164,0.0010508395540536064,0.002652259484376529,-0.00021468549371328471,0.00029820717378425954,0.0007553561735675896,0.0004504509768736842,-0.0004772359806493043,-0.00040230150637188267,0.006509329411469977,0.00235773457915478,0.00087928085513167,0.0005154251290468981,0.00029785144857474855,0.00024869799673732373,-2.173152097417752e-05,-1.1339888340233806e-05,0.0010877600536214338,-0.01510171586122211
-0.0002770546342760749,0.0012448577198860278,0.0005340488892284778,0.00020626680185720225,0.00014993151595321663,0.00023123079317466377,0.0003561645834257998,0.0012893509923168622,0.0008127314477430758,0.001695071662025871,0.0019309487898437894,3.651196978959881e-05,-0.0055623150879352545,-0.0008330321053053868,0.001023703182285285,0.0002358796871770874,-0.0002960166730223701,0.0005174935977005912,0.009535601590516585,0.0012221968804793093,6.787728417112504e-06,-0.0018436097992809986,0.0015577905054391383,0.0005686486547380465,-0.0007072457819459199,0.0010017839550324759,-0.006763059422587037,0.0013807720070444507,0.0011541240776307138,0.0005962676915705067,-0.012409560374058715,4.408105923436878e-05,-0.0043128533239482625,0.0004883950403253845,0.00034497913104636346,-4.951837672062531e-05,0.00020778227490381163,0.0005589456151247063,-0.0022514526818770975,0.0068788598718472205,0.00020897577273260026,0.00014830522266140456,0.0007421830371843186,-0.0003984264734325782,0.0006899021555342166,0.0020782727042190086,-0.000444827843335438,0.001030802606180492,0.00256206786714519,-0.0002681341814330107,0.0002814500366756789,0.0007409939892986106,0.0005215673894192197,-0.0004555318844532419,-0.00045342251300695136,0.006023097890980766,0.002314236054215657,0.0008714165222298842,0.000469452747392074,0.0002902643867084276,0.00024210963200110847,6.427625343086163e-06,-1.9149080949354413e-05,0.0012249141432076893,-0.014229807284434348
-0.00023265542692718633,0.0012662116862285355,0.0005284460575181171,0.00019833682742564918,0.00014788541133614608,0.00022545330242396133,0.0003278045476613478,0.0012608894123049552,0.0007258581040463508,0.00161287930676135,0.0018992766846723796,3.5312278611865366e-05,-0.00539924404701464,-0.0007580205454550404,0.001005426791407471,0.0002417319143315222,-0.0002808896346027101,0.000537061606050937,0.009436219464983964,0.0012253201287171223,1.108777129288363e-05,-0.0016909685180275247,0.0015202786232031418,0.0005544147631966201,-0.0007743368547088458,0.0010497202855901389,-0.006578679357632122,0.0013332450198066947,0.0010248800438250605,0.0005844935538075191,-0.010484092598347705,-0.0005072041264013727,-0.003947233511998882,0.0004866115061155085,0.00033228285185726847,-1.1617097992910885e-05,0.00018977891201332753,0.0005389248336207242,-0.0017495071547035668,0.0073064637010296085,0.00019584144289686023,0.00012904410556036083,0.0007309953039054129,-0.00025715091069378193,0.0006715711047047268,0.002041425837074673,-0.0003600681962002694,0.0010144536366329948,0.002464627203478731,-0.00031062926694946924,0.00028598847331440247,0.0007287857708950796,0.0005164131044732567,-0.00016614340834864016,-0.0004927913281314034,0.005459023001143759,0.0022607354994355067,0.0008906527171788081,0.0004438351561606435,0.00028744026612925744,0.00023642341522411847,6.14309286843806e-05,-1.1687162044249355e-05,0.0012392807437653364,-0.014444198480647041
-0.0002659500436169582,0.0012652379012532133,0.0005253238916698155,0.0001911925056239383,0.0001385697995590629,0.00021894491721097253,0.00030680181560049924,0.0012274396642923957,0.0006929818277878752,0.0015917461959573664,0.0018701401277962937,3.427419190482617e-05,-0.005098685079420795,-0.000798454978272467,0.000984159137035645,0.0002354067491119327,-0.00023065358263196778,0.0005666042017571371,0.009535935146927521,0.0012560763720770307,1.0223418076771296e-05,-0.001517657018223928,0.0014876123388480877,0.0005452248891806288,-0.0007882030461336953,0.001075871300382003,-0.0063969193175389405,0.001303813759077288,0.0009206201441431805,0.0005633263955600043,-0.0093771965495697,-0.000891290975479464,-0.003638109424600522,0.0004981236287682211,0.0003316323606425975,1.7460175689487656e-05,0.00018012777851939,0.0005384499979390611,-0.001270095243106284,0.007401787393631398,0.00018495883619196185,0.00014496526034912804,0.0007215500004347231,-9.257066452383889e-05,0.0006848763519409218,0.0020482565471164893,-0.00018812434895854047,0.0010005189003257087,0.0023669838540487653,-0.0003398904194839014,0.00032612104593332525,0.0007042586358596559,0.0005621965616073865,0.00012437639782625354,-0.0005980458095855568,0.005015012080437087,0.0022065820758716548,0.0008661813255785855,0.000416718073263711,0.00028365169950839153,0.00023304910327115458,6.319673157673122e-05,-2.889566337449523e-05,0.001229349466763896,-0.014660750603995965
-0.00034379176603771544,0.0012866518383760628,0.0005128201620783202,0.00018939225596481535,0.00013553133954302687,0.00020832213670485267,0.0002877125730278429,0.0011942885719102847,0.0006786243278946724,0.0015063435930722235,0.0018416863893573332,3.0434588074168545e-05,-0.0049254962985390005,-0.0007579686562640964,0.0009614624830560636,0.00023299338128945912,-0.00016457133133906954,0.0005743803150179971,0.009074081552759683,0.0012398739922869773,9.148127338320933e-06,-0.0014683063853404565,0.0014468143661106048,0.0005345377801073692,-0.0007359906817068218,0.0011321130247656797,-0.006324645677741381,0.0012972936674129354,0.0008189455733849105,0.0005482486510237639,-0.007890316664953767,-0.001174807333316763,-0.0034066982961238335,0.0005135857449398706,0.0003475324315351802,3.4948501891562955e-05,0.00017311919656703978,0.00054802165896084,-0.0008886386619190167,0.007392467006833936,0.00017260472839408791,0.000194253114601306,0.0007101196492980133,0.00017706330925171265,0.0007301458543795825,0.002033990878671066,-3.4779096701242906e-05,0.0009863495034057035,0.002282526113958294,-0.00038983175001927606,0.00036657849210675053,0.0006899726028000153,0.000531203464972263,0.00031444994423801553,-0.0006482969365316782,0.004593000509669043,0.002157138483474652,0.0008314684586598897,0.0003854346444609469,0.00027579092317830955,0.00022483717876564668,5.208418631497125e-05,-7.101122037589391e-05,0.001169343539240586,-0.014878749017160797
-0.00037826654031769547,0.001281206369629917,0.0004901045578533658,0.00018537433598986297,0.00012601796765787654,0.0002002247023242809,0.0002523187835983265,0.0011642348165559202,0.0006749754235579886,0.0013814292207148249,0.0018136831798034603,3.0029259911135142e-05,-0.004996503564766996,-0.0011360424364115218,0.0009402467183916574,0.00022157240598597028,-9.941643615329898e-05,0.0005908014058064737,0.008449569040226201,0.001275198831229396,4.1088329258975875e-06,-0.0013441330422839792,0.0014129319576712263,0.0005155061644745995,-0.0006730562339702928,0.0011562180654112186,-0.006321296865875792,0.0012817890553435962,0.0007261546261547736,0.0005328183304185163,-0.005913949498289051,-0.0013246526598372776,-0.0032541644511319134,0.000524476399330398,0.00034642770579074167,5.540661631409094e-05,0.00017899002507304473,0.0005461308519811858,-0.0004656873839588016,0.007264648494864412,0.00016831417343010635,0.0002267836163343251,0.0007031281261402622,0.00037148956487498275,0.0006324251975589057,0.0019780106901443606,0.0001337040704343373,0.000977967025679538,0.002218191551424109,-0.00044938506358549457,0.00039294300915160285,0.0006934422343010116,0.0005739079582705031,0.0004721376410874445,-0.000678858341739419,0.004485632214068946,0.002093905851876743,0.0008007113028518642,0.00032695721037367953,0.0002744021959006915,0.00021786350151864475,0.00011304784694532444,-7.463424491560566e-05,0.0010661621019061318,-0.014962974129958728
-0.00038592248315683086,0.0012491796653852916,0.00046765676976501247,0.00018101486810140344,0.00012072107256488884,0.00019417860701920198,0.0002223531970086956,0.0011407257936204562,0.0006238847300172878,0.0012992251705119529,0.0017853314800539977,2.7027677710567133e-05,-0.004878808121491218,-0.001259974771544825,0.0009052974701988514,0.00021113169800734966,6.464356506086233e-06,0.0005845289072565762,0.00787645907149992,0.0012790529105417558,2.5960333767116595e-06,-0.0012337107956696958,0.0013788815536546206,0.0004952213667950289,-0.0006194048530994145,0.0010995683081014285,-0.006215679060645796,0.0012461941020640577,0.0006174103567992972,0.0005259635181020794,-0.0031542154952377555,-0.0015005872004082432,-0.003189210125912334,0.0005353045438531989,0.0003612171804452391,4.7140380587062936e-05,0.00017907768804326096,0.0005192106550888642,-0.00010252115241682347,0.0068741489586272575,0.00015887775071576904,0.0002966811787383783,0.0006935730990178524,0.0005865762406664921,0.0005565903503401692,0.0019327527812906808,0.00024336392018176056,0.0009732251088852006,0.002179713862442645,-0.00045735365477450607,0.00040506123934069826,0.0006894200033606968,0.0005483677042801283,0.0004810282981562164,-0.0006465635978434303,0.004001054725309983,0.0020409307542630373,0.0007754568776989768,0.00028258334748954006,0.0002744683321505015,0.0002060529409151357,0.00011441820181046225,-6.453976677511797e-05,0.0010121548317045814,-0.014275441981913772
-0.0003333033998232926,0.0012288371907185347,0.00044565905131710437,0.00017899460891523944,0.00011454452488934841,0.00018101836036454877,0.000193706399916449,0.001115002505227114,0.0005353520753113017,0.0012440447435069224,0.001751886505034994,2.3021341327256195e-05,-0.004572645900641215,-0.0011083149802758596,0.0008825131153056276,0.00018393656479354092,9.792350444404185e-05,0.0005940067005016925,0.0068931142290737935,0.0013032449919823108,7.988601997688249e-07,-0.0010988338644666307,0.0013468620982659552,0.00046648691582529267,-0.0005651781780906528,0.0009195492587612542,-0.006223278070916605,0.0012068875222861486,0.0005221347491226602,0.0005183778324333588,-0.0015567276170304067,-0.001565754267727315,-0.003179626179075856,0.0005390165366854216,0.00038447067253288836,4.219286105588971e-05,0.00017214984721003468,0.0004990819989829642,0.0002774297330858655,0.006858696862375391,0.00015931927321966022,0.0003874006064279456,0.0006821748222232138,0.0007529804293966436,0.00047003242287479985,0.001868456581802569,0.00031686905624250805,0.0009595676570619549,0.0021441372049633145,-0.0004532984668312867,0.0004068960687781953,0.0007014799447364606,0.00039522057916396847,0.0006348022113811247,-0.000685441921782326,0.0033856762263657636,0.0020008309028911597,0.0007416047972712558,0.000268027860434783,0.0002782656663273819,0.00020086187720314008,0.0001561261209537257,-1.138692196556157e-05,0.0009246352322762608,-0.013592452885407669
-0.0003425611611755919,0.0012630034091456466,0.00042283490719285943,0.00017550347137174072,0.00010532184297007419,0.00016667634431888345,0.00017171182134423368,0.0010884543924363221,0.00040698181507803355,0.0011966057255325957,0.0017191600326649237,1.7372270900262166e-05,-0.004204403181010896,-0.0010508721103724694,0.0008510702364439293,0.00016030382957299416,0.00015811256944608942,0.0005813672609022991,0.006218228852448382,0.001319945536626399,2.580872883406471e-06,-0.0009652525575613025,0.0013211603469558408,0.00044430863444766544,-0.0005100257749872661,0.0007409936440969656,-0.006349597897407744,0.001172795113642211,0.00040933403489851194,0.0004982158742627973,-0.00010787423981073463,-0.0016486844839813664,-0.003223318189965574,0.0005510155102221859,0.0003957104416891788,4.127723862357158e-05,0.00016275382746688827,0.00048178110625052284,0.0006878268233319051,0.006922744293802685,0.00016596857992245972,0.00046091721341223746,0.0006672794482815991,0.0008893313539661829,0.0004124213911478325,0.0018572472799069928,0.00043047355853320646,0.0009520189117295796,0.0020840259996548482,-0.0004634848699589522,0.00040592686607276995,0.0007094624207049094,0.00046361247756587787,0.0005946831379282091,-0.0008326452581943755,0.00302380950671588,0.001963308508460493,0.0006784622578712707,0.0002483397899160078,0.00027327195522652836,0.00019736602781450507,0.00020977866382998478,-1.4974571605486098e-05,0.0007667788473355586,-0.01289811466764168
-0.00027963659004692776,0.0012552076141207902,0.0004083432308461532,0.0001778721638152625,0.00010160217704036079,0.0001516033498765168,0.00015736786496178823,0.0010555678921981837,0.00034804535601140607,0.001215892341294822,0.0016924460776175376,1.1341484791094203e-05,-0.003987368927143242,-0.000815693595308975,0.0008184117863712093,0.0001332799190976175,0.0001465042526929139,0.0005713105050406675,0.00562789486708537,0.0012853714715763687,8.248270806365809e-07,-0.0008065052922516802,0.0012954410518564163,0.00043438522267891244,-0.0004573970556761564,0.0006833168491355845,-0.006363968462545944,0.001160790432955805,0.00031396296267605095,0.0004777322133773243,0.0010702081293507693,-0.0016429918834603985,-0.0032551021913992395,0.0005407738025633435,0.0004168539163103002,5.6084892309460344e-05,0.00016689703228367492,0.0004732649142471512,0.0010842913660147335,0.007120940978482926,0.00016666827025324515,0.00047690924532473034,0.0006537717606871496,0.0010125522250901131,0.0003090776429162112,0.0017808134509447182,0.0005347083146465259,0.00094671143341718,0.0020221735112480044,-0.0004491428470162484,0.0003921357104959,0.0006969738262370129,0.00044361723351826754,0.0005887698410120823,-0.0008746990135350963,0.002925061884412994,0.0019177970951367307,0.0006265432109664459,0.00020417372660430644,0.0002697794759662919,0.00019290130169680175,0.00017502798131241448,2.2683030278747296e-05,0.0006300805308963042,-0.012447008366531342
-0.00020029591940040614,0.0012397715533254416,0.0003850464089973915,0.0001787407486768533,0.00010005158644732504,0.00013672496405869872,0.00013094596521567858,0.0010361870780764004,0.000183618370133809,0.0012169610334082925,0.0016635247991905189,6.748123020594576e-06,-0.0034773374904165655,-0.0006220967310635039,0.000792264169940049,0.0001068621593494079,0.00022656191585945784,0.0005589591680279504,0.005011018507405485,0.0012608302218000134,-6.099771723278025e-07,-0.0006856732934726883,0.0012692151108602001,0.00041217704983442793,-0.00041329587764959985,0.0007650301163952822,-0.006411213946900585,0.0011685679980670827,0.00022299319434182507,0.0004593438346294221,0.001595344794218967,-0.0016613601167051462,-0.0032572730675545225,0.0005496113124272561,0.00042669800589711926,7.939012617796948e-05,0.00018010568662174542,0.0004529869459128921,0.001374516537846704,0.007053088388969231,0.00016952489725818864,0.0005194743210223951,0.0006355916345777146,0.0012042660652924475,0.00024588664660463166,0.0017042088053320636,0.0005626120903501342,0.0009327710306945569,0.0019847111531012818,-0.00044467440702500305,0.0003789651493251167,0.0006821858423173843,0.0003269511812751258,0.0006005069858190382,-0.0008744293154521188,0.0028356783864942336,0.00187410835157098,0.0005817949018616098,0.00016407802751960965,0.0002666212951312197,0.00018353524032632684,0.00011507521229314754,7.228785873425458e-05,0.00041439109739216384,-0.01222899293819224
-0.0001231045358977001,0.0012609422401397286,0.00037230082916428486,0.00017869748085086457,9.589975319657107e-05,0.0001245880032254565,0.00011245864694542362,0.0010216867262680118,5.826038678136136e-05,0.001140897670022456,0.001635063532850145,4.255153190912964e-06,-0.0028289793879732184,-0.0005514412938723012,0.0007669910275447389,9.566858222287422e-05,0.00028252990237942477,0.0005434503208290309,0.0042782488424171206,0.001257752808243584,1.1095635503721724e-06,-0.0004398044487498032,0.0012368063472532054,0.000394209712133442,-0.0003717530989417739,0.0005951427389074837,-0.006521461188399691,0.0011742800223288885,0.0001356173911790659,0.0004394892874168832,0.002262276533544938,-0.0017699053094775152,-0.0032261667667867755,0.0005460356687223555,0.0004141697645363429,9.917901082157066e-05,0.00017987995965373926,0.0004631616561014962,0.0016485614652705927,0.006651949676595104,0.00017099140155529824,0.0005711496220457413,0.0006113104675964376,0.0013960391235332548,0.00017575585959006546,0.0016313958583829002,0.0006314775949445295,0.0009125386876569497,0.001963883594589877,-0.0004509478337414441,0.00036258350629059244,0.0006770860297315995,0.00038136061018434475,0.0006274416450300357,-0.0009032679812054356,0.0031476291199279416,0.0018374745973364082,0.0005156477097327805,0.00010652015983714236,0.0002717345218639089,0.00017662656559158663,0.00012786877479498138,8.479928146853943e-05,0.00019853419601134625,-0.012010245857357882
-7.302337751924348e-05,0.0012819452932393283,0.000364697322663865,0.00017472108727201174,9.304631376561012e-05,0.00011343439257016641,7.210551058967063e-05,0.0010009232956862402,3.3730003338616754e-05,0.001173428636459528,0.0016006324724762155,2.4765949355742833e-06,-0.0025678277880628597,-0.0004535729526903287,0.0007429894113704094,8.510951555096291e-05,0.00026267554382242153,0.000516242457365923,0.003887064143019092,0.001231164343609814,2.0069117456777974e-07,-0.0003016513203402127,0.0012101422798109773,0.00038503550193524916,-0.0003341596742784114,0.0008122240955916737,-0.006689808059544999,0.0011665500440112275,6.979495147074743e-05,0.00041076911319448683,0.0024485426613398698,-0.0018462637262591786,-0.0031774754945544936,0.0005257240929470441,0.0004261442361310763,0.00012472388386708388,0.00017250344191510614,0.00046157160118265317,0.0017630733788793762,0.006121433344926208,0.0001706378643122619,0.0005696258069940452,0.0005909113933937338,0.001588873639409849,0.00012144323146845437,0.0015488141218498175,0.0008131093248642252,0.0008949413905225967,0.0019330328348701187,-0.00044241870716266174,0.00036583620896601943,0.0006630383354344627,0.00038460462925349326,0.0005386280666632715,-0.0007985980154567862,0.0030682232761385375,0.0017977168208267447,0.00045238263739744156,5.431670953104373e-05,0.00027503942901341283,0.00017270116091183674,8.293592500963065e-05,0.00012282844739552878,-8.885654784862584e-05,-0.011790052486707947
-4.2852239189983266e-05,0.0013136170639345135,0.0003513124755230024,0.0001734717321464352,8.918509419597598e-05,0.00010423385144053832,7.879869229032721e-05,0.0009799280270752497,2.0945891475498968e-05,0.001292325848181397,0.0015552835656695851,3.1969271123699627e-06,-0.0020033685823896974,-0.0001500078521829984,0.000718652270683906,8.634002967444765e-05,0.00023900046245017847,0.0004986923945178301,0.003513848606329084,0.0011725553285035772,-2.2107422904538154e-06,-0.00027848492648197,0.0011889905745805507,0.00037716780353136414,-0.0002828563166343834,0.0008554876671684752,-0.00667102044978396,0.0011449402869185832,2.412566283771511e-05,0.00039093774073784004,0.0017964227922748766,-0.0019309378045857528,-0.0031156212187748444,0.0005066368426143164,0.000432388619805657,0.00014319414836272415,0.00015908400269037948,0.00045885482783036835,0.0017997780287992704,0.005736420477442383,0.0001703186939261414,0.0005428981470336769,0.0005747868619356833,0.0017631034084997221,0.00011037513660805409,0.0014430479825504605,0.0009543647741285799,0.0008876507260000555,0.00189068465843234,-0.00042108632458004447,0.0003736974643862023,0.0006438235688686067,0.0003232670581625463,0.0003494673132748982,-0.0007333296234531828,0.0026562212311749267,0.0017540492126644214,0.00038080216788527466,-1.5611171315654815e-05,0.0002665133901851302,0.00016759630588891739,4.141751333319732e-05,0.0001374752190366202,-0.00030506658449946933,-0.011162907192262983
-3.127633063215729e-05,0.00132800466655425,0.00035179846142785465,0.00017498661508796864,9.19917406745352e-05,9.832968798439978e-05,9.58157773809365e-05,0.0009628874160987344,-6.69561984665279e-05,0.0013227513163709403,0.0015152496650698843,3.1966240896519338e-06,-0.001599403163001778,0.00035452938086510954,0.0006964821647703623,9.473337351262323e-05,0.0003218089072911656,0.0004875673976461048,0.003262247377777916,0.001122785150981187,-5.752429198979669e-06,-0.0002222442262291846,0.0011655986328511503,0.0003655828398068106,-0.000223193055127191,0.0009588442085814997,-0.00653265014872495,0.0011277215784799566,-3.5137773182203347e-06,0.00037428812005835255,0.001537581795806986,-0.0020638190395984024,-0.0031408882256102055,0.0004869727113312461,0.0004629319900530948,0.00014505953707599772,0.0001545295487039855,0.00046666842918141604,0.001761998365562567,0.0050804171671336995,0.000174951793180389,0.0005029764489061783,0.0005611294457656957,0.0019494152420065358,0.00012555370908118313,0.0013526600162572233,0.0010487954044702263,0.0008823456592430556,0.001838814387258303,-0.0003702972234985724,0.0003702265471514643,0.0006359537019142714,0.0003151990981460351,-0.00015899074916669864,-0.0005923919483117324,0.0026535572903341187,0.0017235851031618399,0.00036047592119414773,-5.401236995139502e-05,0.0002659637582040908,0.0001613647108924532,7.467329692945057e-05,9.718102281786045e-05,-0.0005561334742294477,-0.01028272924076401
3.439352425216313e-05,0.00134177211151143,0.0003553501281312599,0.0001707273061888337,9.607740469297354e-05,9.293062061188628e-05,0.00010684432754048956,0.0009429114333234789,-0.00011257699989764003,0.0013708981723721259,0.0014783716593911311,3.6859828487223467e-06,-0.001283654647181387,0.0010664840514027496,0.0006795914940129766,0.00010823321850872425,0.0003734995587585388,0.00047931212783502986,0.0030699528125834874,0.0010701998586715167,-1.1860230778149017e-05,-0.00023134955710402139,0.001138191605175587,0.0003535955380840061,-0.0001494607863729014,0.0010823883689934366,-0.0062214440855876685,0.0011145164424695153,-3.1058639962555645e-05,0.0003504652809271924,0.0014389604771649633,-0.0022615308301725534,-0.003180948345472334,0.00048213766905735866,0.00048294496948608767,0.00015529124069502132,0.00016130048732754254,0.00044558982309750306,0.001607617836011599,0.004169796704534434,0.00018096321715055375,0.00047136198945030294,0.0005591740497836728,0.0021224564361170817,0.00013968844275669134,0.0013007895387604496,0.001028539808401563,0.0008725169140564315,0.001781909336512788,-0.00034459798776398376,0.00037397552586337923,0.0006372138273582628,0.000369870472124445,-0.0006665105272696259,-0.0005250404720279489,0.003095431013570238,0.0016846352383241836,0.0003738735441909391,-0.00010844659486097807,0.0002577376471948334,0.00015683575610214717,6.687153597106921e-05,6.533579772161069e-05,-0.0007817864727079904,-0.009405477899245285
0.00012461157525622824,0.0013074868078344348,0.00035558886668507483,0.00017039054050949076,0.00010359097669176975,8.976502839508349e-05,0.00011781262427246197,0.0009362416162927989,-0.0001312376522150105,0.0014477195826867462,0.001449467294303064,3.8697079953742275e-06,-0.0009290951211554654,0.0015531092516234413,0.0006648264056436926,0.00012554537715625536,0.00042815018590181,0.00046934483762051116,0.0028501781728980102,0.0010267473408129835,-1.6768996654481505e-05,-0.00018892340673803965,0.0011117898081816069,0.0003380829389825202,-0.0001045189140059799,0.0012228654335035838,-0.006002702239612967,0.0010925253219160602,-4.4943162785693325e-05,0.0003248061484064646,0.0008324030527107062,-0.0024541042777452837,-0.0032628496223219283,0.0004681001561039899,0.0004875732669085142,0.00017212574855074436,0.00017340205989646584,0.0004293688161753906,0.0013650920835064362,0.0033926366033603106,0.000182583900383948,0.0004888224510870565,0.0005418769102132348,0.0022472978047372028,5.0422556793217055e-05,0.0012420722061063927,0.0009782097231962883,0.0008591911916484563,0.0017438466952006682,-0.0003174861526306083,0.0003704035716154408,0.0006226576090955227,0.0003105722582141812,-0.0010457489821539268,-0.0003740361310375917,0.003567399541396732,0.0016389259801978806,0.0003815903930695086,-0.00016871402888307685,0.00025109157183189623,0.0001527692447789164,9.727364299538799e-05,2.748701507648832e-05,-0.0008692532519681828,-0.008528209542552179
0.00018101431694450554,0.0012756734120495938,0.0003624261771328907,0.00017003594527076338,0.00010954602450241602,8.422142723052417e-05,0.00014216192812233075,0.0009280784020768706,-0.00010568225571150336,0.0015156426040330295,0.0014172001356982378,1.7957256706058189e-06,-0.0007537138013575806,0.0019422870679917104,0.0006551628383357766,0.0001221133534869967,0.0005131797935107318,0.000461799727653478,0.0025469635201695873,0.0010016587338950167,-1.802985751298003e-05,-0.0002258290087672199,0.001077195111872209,0.00033392871441284555,-0.00010938196142951107,0.0010796093909739568,-0.005861492826547354,0.0010699130081097685,-4.4454801413906786e-05,0.00028934760810406246,-8.92622671481158e-05,-0.0026759366253867878,-0.0034073164686561075,0.00047382999082667965,0.0004920338503919819,0.00017878326250775345,0.0001833690080494943,0.00043182890926929396,0.0011546600094771708,0.0022851228555977876,0.00018786092016664924,0.0005117476654417086,0.0005417026237490852,0.002333224931859279,3.1515830857697935e-05,0.0011923514656881906,0.0009456302111741088,0.0008444921254395776,0.0017275949410142655,-0.00032768952874462354,0.0003895944153911035,0.0006088979849627751,0.0002604511256694142,-0.0013501772324026051,-0.00020188553268407627,0.0037369892654628423,0.0015950998565132934,0.00039904181256011917,-0.00021656363655198074,0.00024119850877668547,0.00014568281019822216,8.835438891541258e-05,1.6917958249207388e-05,-0.0010884864406303096,-0.008509697032910934
0.0002456500121461591,0.0011729250768717225,0.00036794645241799984,0.0001696499909047411,0.00011061025521952317,7.968400620295135e-05,0.0001306122744555438,0.0009146740533432229,-8.1698933156793e-05,0.0015588705231484035,0.0013804767941916207,-1.6942479430515078e-07,-0.0005077290719138761,0.001996211217791588,0.0006358827059287364,0.0001120607882270086,0.0005770151292674441,0.000450529342800543,0.0022738699221414027,0.0009527976334311461,-1.6711620259957094e-05,-0.0002069506799756704,0.001050417988172736,0.00033507014335110163,-0.0001391739007641224,0.0013777077175232133,-0.0058299698367921815,0.0010452564376710605,-4.7609468037390634e-05,0.0002629110948004776,-0.000900894923186013,-0.0030555092970891984,-0.003471264614160696,0.0004699240421441875,0.0004938633594637754,0.00018308125329413727,0.00019569067062974455,0.00044170208221006035,0.0009493056246805409,0.001510515097166376,0.00019211184775702606,0.0004964770223907511,0.0005242157092655297,0.0023697438517378266,-2.0138788583201617e-05,0.0011248131645154036,0.0009075215711076279,0.0008185753912992588,0.0017165842297690581,-0.00031359203230429955,0.00038795501787847186,0.0006163180527880563,0.00030744687340433785,-0.0015412904421142626,-0.00012292770626787242,0.0039677101657025204,0.001553053627908918,0.00041216389706333345,-0.00024974758887841286,0.00023228370550132382,0.0001407101924284504,0.00015285760131567017,-8.432113020262477e-06,-0.0012477504703332087,-0.008728103810259014
0.00028556157612880106,0.001116205969967643,0.0003663164552718534,0.00016843424536938656,0.00011450810663804489,7.633699973630392e-05,0.00017766848543421254,0.0008991090440086946,-7.736110691247688e-05,0.0016074324086921,0.0013385911274184092,-4.30016375407849e-06,-0.0004931938238822431,0.0023552901699230855,0.0006243351676833431,0.00010760599312176211,0.00060226243873851,0.00043672030926611427,0.0020980822850278358,0.0009159345834646171,-2.024119139409919e-05,-0.00021195863497669443,0.0010258015602091497,0.00033952638471812513,-0.00019590445242834154,0.0015566888338602869,-0.005620847838945231,0.0010242196019920602,-5.0775488692811344e-05,0.00023996175049267876,-0.002301362647056382,-0.0035638687910597433,-0.003505120282784824,0.0004645538060747967,0.00047918427033866173,0.00018588388541718182,0.00020415097624071343,0.0004518116978402542,0.0008191688608312209,0.0006122890642663581,0.0001935573238682764,0.0004501728047638931,0.00050215959878952,0.002437970415498425,-0.00013292445253842988,0.001019471025129226,0.00082743576502331,0.0007906942159836561,0.0016932191517733397,-0.0002699600077725739,0.0003980097081905942,0.0006177288246351775,0.00026041064678805625,-0.001645073081717241,6.33402123197957e-05,0.004136824839501063,0.0015148416364845207,0.00041306901210469427,-0.0002658260173792337,0.00022661541358259818,0.00013120762280594,0.00019593553356123117,-6.005876534176391e-05,-0.0014122461447805268,-0.008947242240102016
0.00033319825272881687,0.0010821259196236444,0.00036881637140684376,0.00017095233907071794,0.00011859038362160845,7.110215699679401e-05,0.00022079592898283096,0.0008841480515016098,-0.00011618236036814444,0.0016087258892809597,0.001298009575425807,8.639650572739299e-08,-0.0006380846089210079,0.0026472925506813016,0.0006180615604478579,0.00010902010040636512,0.0005025112908325635,0.0004156376227966163,0.0026701268927948885,0.0008647479925845136,-1.7205306508172313e-05,-0.00015741144615666336,0.0009985488978083712,0.0003456549205855808,-0.00024911031737240297,0.0015588320218815621,-0.005394635680612048,0.0009976765266546117,-4.2542888818886127e-05,0.00022024297497291734,-0.0016695633344329108,-0.004102531261198972,-0.0034797647412802,0.00047962792708755586,0.00048281838949071343,0.000194575449005141,0.00021533469885803846,0.00045754229862526863,0.0007703280861572903,-0.0003580293800459211,0.0001883649997886927,0.0003876106941558266,0.0004874522604165765,0.00248192206734843,-0.00018073177252431183,0.000929839160795698,0.0007710678460912668,0.0007560104424051417,0.001632645333230709,-0.00023974226675771426,0.000401450225910871,0.0006120392414441511,0.00027708846487084493,-0.0016567960278616178,0.00017993101095759023,0.0042839947583594995,0.0014789613484700315,0.0004145831455253379,-0.0002494923060372134,0.00022716276808276703,0.0001179555928034759,0.00028297256220422007,-0.00011375086206621976,-0.001674214613601066,-0.009167112322440274
0.00042189865181918584,0.0009943442418121062,0.00037492429865348953,0.00017064047583370545,0.00012238479316861728,6.512105993161654e-05,0.00022501355450610383,0.0008675570904426166,-0.0001826335560054515,0.001636512012184177,0.00125075943337416,4.142638437398816e-06,-0.0005869695094110616,0.00283563461597236,0.0006084169493265623,0.00010951600535635819,0.0004059593440046694,0.0004061129529833174,0.00331608286199514,0.0008605585809708938,-2.0154377454617567e-05,-0.00018472110823442023,0.000970062784949377,0.0003526276175271903,-0.00027740252666352827,0.0015316170016310693,-0.00508904555731271,0.0009827850784625003,-3.95844734896178e-05,0.0002139325917465129,-7.645928199362384e-05,-0.004754729356533427,-0.0033396428151130086,0.0004707295556467539,0.00047963368701431364,0.00021720415385284575,0.00022973486497424034,0.00045847340410776205,0.0007978214095165637,-0.0014388429462710572,0.00017398359442943878,0.0003402667872982601,0.00048529236721228663,0.00244526202210138,-0.00019989372960638185,0.0008647237044292488,0.0006953346647458059,0.0007216525838789067,0.0015701341727003548,-0.00020191500360766668,0.0004058875348593727,0.0005986174188774562,0.00017271657544259966,-0.0016487399054777585,0.00023909501601915295,0.004187078035909231,0.0014301776926879395,0.0004032968151830296,-0.00024513057067043764,0.00022437030894950638,0.00010598507066017504,0.0003582169091544962,-0.00013350874855477812,-0.0018476236624509479,-0.006497278337794232
0.00048075560346139135,0.0008871149630966801,0.00037774944772261954,0.0001725872868807432,0.00012364295450795204,6.05311132098052e-05,0.00025228918107633724,0.000845545987973706,-0.00015957183729520263,0.001650562724979654,0.0012058286812830499,3.310863742722603e-06,-0.0005075284309499217,0.002726344448608531,0.0006116062250409726,0.00011705872295642017,0.0003657818266271651,0.0003837728042321853,0.003782352262159616,0.0008275528552494915,-2.1158677328103614e-05,-0.0003227159894427789,0.0009409487081331047,0.0003513708163345175,-0.0002651953902638171,0.0013133895223096381,-0.004780663731750567,0.0009692723887044785,-3.077066937562378e-05,0.0002028186581501945,0.0008409632192649674,-0.005367502318659456,-0.003124195900680693,0.0004512133115268657,0.000494371460836085,0.0002333242873302499,0.00024182257311666788,0.00046924830132977213,0.0009158241518458787,-0.00264466961287535,0.00015570142588505753,0.000300321865847053,0.0004761402468287379,0.002361083908936301,-0.0001797276490578259,0.0008517695199792286,0.0006952999339628896,0.0006806992545458357,0.00151721353429779,-0.0001456579896449428,0.00039015348535209604,0.0005975563719040622,0.0001612103496222428,-0.0016682565154224616,0.00037905160687423667,0.003975305313751232,0.0013838760849340659,0.00037777898849555847,-0.00024291418570521195,0.00021713347298590868,0.00010317031902262741,0.0004712325947973106,-0.00014531139736695398,-0.0019454132623508702,-0.0036217649261787166
0.0005007567898802634,0.000758269164453651,0.00038122174001054,0.00017044453822068206,0.00012848328647652174,6.049369557614703e-05,0.0002663514655540933,0.0008228842868114317,-0.00022813771781360348,0.0016282037697363805,0.001154578611448187,8.975901148566834e-06,-0.0004258279765954054,0.002744629419330291,0.0006070536568887341,0.00011592014733041722,0.00029980458400213905,0.0003705763943233631,0.004151884328863709,0.0008036545078689006,-1.8756346469972485e-05,-0.0004523197075551044,0.0009118435788164625,0.0003554002856780425,-0.00025502962327073053,0.0013194740937090277,-0.004411007788202026,0.0009418478663960617,-2.07586009053351e-05,0.00019322997482551507,0.0011053188353180587,-0.0059424358170379055,-0.002797337195087679,0.0004432461827148515,0.0005024712849714952,0.0002450332052883475,0.00025136583763618603,0.0004650811097535179,0.001098060742628526,-0.0038128107494695973,0.0001396011224779059,0.0002808913449470207,0.00046027013592309096,0.002316618005818505,-0.0001952240427779417,0.0008037754118352947,0.0007071819208370744,0.0006427502201904467,0.001446831095474499,-0.00010140813333991971,0.00036588161554829135,0.0005793645639684541,5.334624849573366e-05,-0.001622627774541363,0.000536686962390176,0.0036443503808807343,0.001342024705134559,0.0003751821132897959,-0.00024398538895042954,0.00020216424807806277,9.408330117399721e-05,0.0005015492611242234,-0.00015223522863516692,-0.0021205393708224607,-0.0007366889866050608
0.00044092807436069137,0.000675408849667436,0.00038583199596531337,0.00016926332657152265,0.0001275384105907662,6.1011683872846945e-05,0.0002778971353658566,0.0007936623986837255,-0.00020139475045377608,0.0016134251046446835,0.0010997485562460607,1.3845643160870225e-05,-0.00016192490379618452,0.002746150342908704,0.0005919905681219806,0.00013220411804626409,0.0002551403351107595,0.0003504061363945876,0.004584861698437859,0.0007819911983912853,-2.5165874999566462e-05,-0.0005311767676742241,0.0008882785238735202,0.0003570961907994885,-0.00024162038461039703,0.0012028706340834194,-0.004022510350160102,0.0009104933472592336,-1.166049261103197e-05,0.00017272665290457567,0.00075564684393159,-0.006501431847290573,-0.0023587258233275232,0.0004346214275627869,0.0005072009597515414,0.0002612971788018559,0.0002637326787686689,0.0004685491553697574,0.001310287877372085,-0.004796555160810345,0.00011610894674607408,0.0003105543985268966,0.00043611871576199057,0.002306824711008293,-0.00016695518673515153,0.000733444917326409,0.0007042145315678816,0.0006049461898487429,0.0013663373889540864,-5.878577553275477e-05,0.00035923448181329753,0.0005611644504812663,2.8770235194208738e-06,-0.001597410924095266,0.0006585699962500247,0.0033331046115199214,0.00129633117599659,0.00037449634904507256,-0.00023834157996127647,0.00019393682714485827,9.063364404693353e-05,0.00047632421955556836,-0.00020116420192040074,-0.002085553458234024,0.001831479331582786
0.00041652233862987664,0.0005849744807990831,0.00039473847350102176,0.0001664917343138228,0.00012593211700795415,6.267028048512202e-05,0.00022587524904094103,0.0007638907135936179,-0.00016478585692447645,0.0016006910831791732,0.0010576144128353615,1.7786876227665616e-05,-0.00013980308673544606,0.0024551142886657384,0.0005831427335085682,0.00013410105027378272,0.00011226821479448645,0.0003135569665475568,0.005206239392808065,0.0007471837685595339,-2.4064680483437684e-05,-0.0005450794847989826,0.0008647185029446725,0.0003579134859361677,-0.00022166100107101627,0.0010874413194574828,-0.00357663252738738,0.000905591047254628,1.2401027829067601e-05,0.00015667158116516866,0.001283432570134302,-0.006939294655945671,-0.0018461388181622018,0.0004248620849334195,0.0004766836423510945,0.00026081935520894106,0.0002732371063125516,0.000488160550352168,0.0015244620465570957,-0.00573882202952769,8.363497351493443e-05,0.00030900983194070974,0.00042234014596131964,0.002291939659431197,-9.931410137475893e-05,0.000650059836965422,0.0006915428497604736,0.0005713960396314111,0.001267995621247131,-2.478569486596971e-05,0.0003495904909778247,0.0005452307080557883,-6.684652628763388e-05,-0.0014265908917614478,0.0006895475232944204,0.0031469671678616695,0.0012566564158638105,0.0003760226888787077,-0.00023053927448135614,0.00018072979167360614,8.885647715128897e-05,0.0005063849625137617,-0.00026149803980579645,-0.0020270064713152625,0.0006771188613718948
0.00034331741866822085,0.0005340060085710086,0.00039663106547660476,0.00016241835650565584,0.00012541182575720455,6.562086819372759e-05,0.0002043273387875022,0.0007390358357823867,-0.00021575160823927853,0.0015244999711512275,0.0010178423128412994,1.8175538128550883e-05,0.0005183346437862557,0.0024783210556980073,0.0005735125336581159,0.00013582983462900877,9.173017962704755e-05,0.0002934488688326464,0.005936684718852225,0.0007139398106563721,-2.306891528924826e-05,-0.000562245162534003,0.0008341611860707143,0.0003592828444927143,-0.00019845758655867574,0.0011052466557652796,-0.0032964513610144186,0.00093379099373192,5.251133494010851e-05,0.00013728688533753974,0.0013969081874862788,-0.0071845552370567445,-0.0013571987097561466,0.00041732165481955796,0.0004534523164381188,0.00025842748705651175,0.0002855657943652279,0.0005123665320834192,0.0017589994533855347,-0.006645966316143337,5.849756084619351e-05,0.0003247300245028395,0.00039499959616962066,0.002351539572626793,4.4678958734944985e-06,0.0005903878704709431,0.0006342936312828673,0.0005418593833299568,0.0011810014032542782,9.547166811341157e-06,0.00034601472828943436,0.0005387032067938335,-0.00024170782076859965,-0.0011908115442224032,0.0006634288713207592,0.0025548732884195235,0.001211838616894445,0.00036941801260881313,-0.0002266303939724157,0.0001622169707196086,8.855965020404533e-05,0.0005658691320280518,-0.0003001134115273585,-0.0020367188460217456,-0.0004966729378925727
0.00027691048039457655,0.00048741984449285347,0.00041012928706019025,0.00015414889708620372,0.00012182539844940443,6.886537485417676e-05,0.00016762591084140688,0.0007250184236577972,-0.000249572738616588,0.0015506831710425661,0.0009789295529101238,2.2686594202792065e-05,0.0010606933578150013,0.0024060407128743133,0.0005703629745819061,0.00013763601099947564,0.00010457199729296818,0.00026800439159746503,0.006786062413616012,0.0006786056199961088,-1.7916571868892284e-05,-0.0005887993191915353,0.0008116957035770866,0.0003623455613634974,-0.00017662867547041383,0.0013279338919540695,-0.0031300030647103405,0.000983836926618853,0.00011027532907181836,0.00013043550778091273,0.0013391927484056598,-0.007230711383260924,-0.0007880187406545947,0.0004183860334507905,0.0004485641180791422,0.0002672039432487505,0.00029724053323709754,0.0005208160338248113,0.002185132064076445,-0.007474481241249609,2.727424417647839e-05,0.00033002291600348066,0.00036465757959880385,0.002363822823291839,0.00011885721915039227,0.0005056208577143284,0.0005823275350844703,0.000518041190598062,0.0010708164137007703,4.689100114152467e-05,0.00036526940877812386,0.0005289824247050046,-0.0005194947150048979,-0.0009118575812149254,0.0006342830898604657,0.002380240412805268,0.0011620842169584034,0.0003426338444121324,-0.00024354311694763098,0.00013922651874165304,9.458044836296864e-05,0.0006519572278058661,-0.00036206939113447856,-0.002044288227774471,-0.0016782406718134357
0.00016647765587984864,0.0004518789570351345,0.00041408144735743946,0.00014878775893367724,0.00011503100682075384,7.53558821939837e-05,0.00014176440037116933,0.0007129644332430907,-0.0003684145227128566,0.00149949990486542,0.0009469238317845186,2.237324516007888e-05,0.0013986603312439172,0.0018368966114770124,0.0005694269500340354,0.0001325950991024616,0.0002243253122289346,0.0002477272322249924,0.007989934940420884,0.0006465077770183569,-1.9236307817416254e-05,-0.0006061030192675565,0.0007879456277208874,0.00035889507882336247,-0.00014326080544069253,0.0013385442154965066,-0.0029152437375131734,0.0010492962648827042,0.00019087653991767262,0.00011660256739376429,0.0017187626009851353,-0.0070475219807421,-0.00021866239087853234,0.00041708039927956797,0.0004195134120097421,0.00027076379387791505,0.0002947825091392797,0.0005279948745735563,0.002847619256320044,-0.008370429383228517,2.785554512829691e-06,0.0003609666007964307,0.00033907420263012966,0.0024080398859069874,0.00017023513276881452,0.0004480580665953138,0.0005495151104391027,0.000493813018656919,0.0009670160181420862,6.255297508039881e-05,0.00033034834660483625,0.0005233576553898001,-0.000695366839808198,-0.0006088019108462239,0.0005521015385563377,0.0021260763954200623,0.001113650207742456,0.0003093105464710977,-0.00026920293808774254,0.0001176131833557914,9.68641675733739e-05,0.0007060866294541501,-0.00039915268518408986,-0.002136016765415194,-0.003166251694924016
7.989521431528424e-05,0.0004070498410226886,0.0004170323121404085,0.0001451406160959401,0.00010726584832476682,8.122096613027985e-05,9.440105131286458e-05,0.0006997125865579878,-0.0005053668220941221,0.0014371066697793644,0.0009159440422186194,2.239809304249718e-05,0.0016588079981494364,0.001874445460057217,0.0005625690354580382,0.00013624463407135856,0.0003596024174834511,0.00022407640586119548,0.009181542832031653,0.0006168398707451228,-1.7025636517620235e-05,-0.0006366799993446914,0.0007633983045582937,0.00036467445324883663,-9.169839282108239e-05,0.0013444575771004441,-0.0027084895607245585,0.001104684743319817,0.00028779940873535637,0.00010067541082792175,0.0009523440552798856,-0.006697796278232637,0.0002881977241251388,0.00042448253987337203,0.00038537679339434305,0.00026267939921620354,0.0002853913595610713,0.0005346242615194008,0.0035365191499800996,-0.009114832890086522,-1.7459522315910192e-05,0.00041344001674903375,0.0003131944537755338,0.002423910471963886,0.00020206955393931025,0.0003906178059656096,0.0005776689509404687,0.00047072696230165967,0.0008585353128931494,4.308352841309038e-05,0.0002959083493756509,0.0005042354473194788,-0.000878464444935223,-0.0003025974002461851,0.0005855728993049425,0.0016766481014993673,0.0010629746882699909,0.0002735784180585288,-0.000293577132608136,0.00010646625559851408,9.928164195316391e-05,0.0008176468897775901,-0.00040683718844691796,-0.002075798286951147,-0.005146988135488972
5.1177619784237294e-05,0.00036723497598134536,0.00041448130806465144,0.0001402131474779189,0.0001001332109322739,8.41918154288468e-05,8.273967814709238e-05,0.0006786989470746185,-0.0006036906795441332,0.0013528454877020923,0.0008805023993838645,2.5867123111922297e-05,0.0015919750782280584,0.0016051042108067293,0.0005633052206832634,0.00013956674310167116,0.0004769360924725685,0.00022041398054994943,0.009754459055449027,0.0005887018152856971,-1.3258955895767421e-05,-0.0006443480332400942,0.0007390983170456611,0.00035891147030064907,-2.529752258972895e-05,0.0013796741475624597,-0.002586832206975198,0.0011447434079121521,0.0004004677578091087,9.52764824382335e-05,0.00011734596679358056,-0.006176958843689073,0.0006776441190967653,0.00042888744081648333,0.00037752881344865763,0.00023477202795385566,0.0002780410163689684,0.0005323278673108334,0.004249620303971247,-0.009735652379627813,-3.648318772342396e-05,0.00045496590619631405,0.0002900542968138353,0.0024500575032502248,0.00020783379844879768,0.00034370832139218876,0.0005836518850754757,0.0004507328898124552,0.000752100606227657,3.137513046969076e-05,0.00027633847511787657,0.00048226137774376454,-0.001068688590659006,9.56409556185367e-05,0.0005684616158674327,0.0014026824534003612,0.001020307443786006,0.00020768405320303884,-0.0003130137524468557,9.129257843021321e-05,9.800251513780722e-05,0.0008916342047080583,-0.00040081600724461985,-0.0019937825859335234,-0.00712772457605404
7.805673957328452e-05,0.00036835365163856437,0.0004067562875085251,0.0001332827268050174,8.878438662995869e-05,8.796836088342808e-05,5.366285343288979e-05,0.0006563582005278956,-0.0006182881186851397,0.0012840625429559882,0.0008487412442972353,2.6781459906644045e-05,0.0017589634941836962,0.0014510342825475586,0.0005623597865584973,0.00012963688865297307,0.0005665416484703645,0.00021938708440516486,0.010624817102077744,0.0005782102475770934,-1.0326133969673634e-05,-0.0006790406244508995,0.0007109214866376501,0.00035432371413812724,9.370811323883288e-05,0.0013400330592576726,-0.0023799866386321478,0.0011685229921443163,0.0005125442385247592,8.224135372891794e-05,-0.0009725738477298629,-0.005477858559180593,0.0009071961847937349,0.0004353394355971485,0.00034584774147550235,0.00020576418355222614,0.00026285855668062297,0.0005332723969637687,0.004908781741369994,-0.010129611567521457,-5.2408020287719737e-05,0.0005246962779155151,0.0002721575389195152,0.0024576376144733736,0.00030556222480271344,0.0003636765806374065,0.000614119026326243,0.000429253994566281,0.0006763758947969656,2.8005364951289025e-05,0.0002576407110082002,0.0004495957191796851,-0.0011278031186710002,0.000589465142131651,0.0005478466014134931,0.001137619798682099,0.000977396679150866,0.00015437139166762925,-0.0003259644014715901,7.675963246578377e-05,0.00010284874409483002,0.0009741321963030458,-0.00039620490975156297,-0.0019171971307194724,-0.009121664791877926
5.740805554110828e-05,0.00036862055934561155,0.00039543218656001855,0.0001280301198982592,7.641907049160679e-05,9.083895979755674e-05,4.977493481450601e-05,0.0006332155634154457,-0.0006163675594096363,0.0012137588212599582,0.0008209276429067547,2.506117529588181e-05,0.0018950651907465588,0.001178808060073866,0.0005566370506890905,0.00010596041937471767,0.0006742892198912109,0.0002176618484406312,0.011079401636874042,0.0005936191510542699,-9.2539668294922e-06,-0.0007043368112253923,0.0006863794483533692,0.00034540611864275483,0.0002402993623842331,0.001282744355914911,-0.0023705807457702344,0.0011896120984187242,0.0006111034875357912,6.929521292242669e-05,-0.003370029137063524,-0.0047032896062572105,0.0009935141406196557,0.0004388256751697295,0.0003276304044375067,0.0001747537869598581,0.0002536393135661452,0.000533940135432065,0.005560636761864357,-0.01022401596490663,-6.491695938259934e-05,0.0005988020330291999,0.0002537492687837428,0.0024654096912595236,0.00035301005596699575,0.0004235021246441484,0.0006688701238521944,0.00041089244150449566,0.0006174186714547059,-4.453463088194276e-06,0.00024350826931218705,0.00044697519022007803,-0.0010815427113332055,0.0008076666472129901,0.0005515432443063961,0.0010154936633164358,0.0009370981658858302,0.00012500519390235,-0.00031526043940155457,6.489727809566581e-05,0.00011010886098294925,0.0010170732810315108,-0.0003937063859806855,-0.0017464962529255557,-0.009429333173617493
-8.109855393900745e-06,0.00040856228900176816,0.00037908418610488326,0.00012504442557759177,7.165865423441886e-05,9.6043552839431e-05,2.286414550933813e-05,0.0006078188242235605,-0.0006403103843763969,0.001134436101751124,0.0007920319509675533,2.5309677426532673e-05,0.001977994093133706,0.0010295926225802887,0.0005459740355426845,8.832994112362158e-05,0.000777703307664801,0.00020462384030950354,0.010858433370677378,0.0005755403210188081,-3.543225043478593e-06,-0.0006990273249295464,0.0006539550308026776,0.00032752560215376647,0.0003672717680216486,0.0013621160673875643,-0.002449039823686494,0.001198213630369871,0.0006650662856946266,6.001374315611763e-05,-0.005096576871687519,-0.0040411718278233755,0.0009284567912357655,0.00043892747278073685,0.0003036193352279337,0.00013859147476802391,0.0002431958767565856,0.0005332090500798081,0.006231302712629949,-0.009974459572984928,-7.785079275224316e-05,0.0006524657161730563,0.00023525405212843076,0.002430775567091592,0.00040195614504057176,0.0004785639146724918,0.0006899135985556359,0.00039865804407202,0.0005753094851863594,-1.3739205733109827e-06,0.00024813910596566124,0.0004456966447954347,-0.001016312187618107,0.0009045684415300848,0.0006470582966917604,0.0007239899620177237,0.0009000437326993627,0.00011677503325335792,-0.00028176877214891594,5.647570566402749e-05,0.00011053231484803305,0.0011184536240258502,-0.000384191000377343,-0.0014950946353040617,-0.008323482965343243
-4.5813612643885726e-05,0.00040888334747846145,0.0003589764753493263,0.00012043955008222973,6.003515972530238e-05,9.885477707016754e-05,1.0619985794990683e-05,0.0005841200615215314,-0.0006847403148161346,0.001069087527743262,0.0007630726280034583,2.5892810134431343e-05,0.0020453685226009544,0.0007689315169105981,0.0005358533500587903,6.697792872989439e-05,0.0007950605520150589,0.000198976121683625,0.01079036202285999,0.0005805437151211734,2.3060909100092175e-06,-0.0006651427251181952,0.000630509604766738,0.00030803265069412333,0.0004269442098570053,0.0013311113744940428,-0.0026172934590089625,0.0011801992331481603,0.0006796393044210536,6.310163125289314e-05,-0.006228801152172836,-0.0035565488581800198,0.000754328323891329,0.0004188207023663182,0.00028222591926629903,0.00011298838075535222,0.00023492165289740186,0.0005301458318320851,0.006902635108355204,-0.009693090865761977,-8.85441180240587e-05,0.0006553496333416842,0.0002160051195041479,0.0022954568535593634,0.00039362211746696296,0.000495204837957397,0.0006993575918503581,0.0003897634437104447,0.000568229627850414,1.552045287578352e-05,0.0002610360941779355,0.0004424667278226657,-0.0009238402330277173,0.0009522146670799536,0.0007263990495427475,0.0001469168390684228,0.0008631224307626972,9.718905426270297e-05,-0.00024028217621629988,5.6878700643414604e-05,0.00011408102342214121,0.001221719742891647,-0.00035213939511546943,-0.001138545894095233,-0.007221291019543941
-0.00016806967095051029,0.00043257431648502376,0.00033968807030526627,0.00011274742813327521,5.184019872950252e-05,9.703036108477114e-05,5.818773140209288e-06,0.0005657614297225333,-0.0007845939119008882,0.0011507523824567656,0.0007331268705241811,2.2112155922959786e-05,0.002218424019627463,0.0008689180870486979,0.0005197765620548189,4.601930998004988e-05,0.0008759661939132801,0.00019472693220290438,0.010751941166150525,0.0005903726404217213,5.968746251694412e-06,-0.000655935053160861,0.000604294116457238,0.00030355264551507055,0.00044221360287433065,0.0012423920745423533,-0.002718410185092446,0.0011528666025784062,0.0006595320425590856,5.794131993441809e-05,-0.00698731571853628,-0.0032166670968868383,0.0005302658346737488,0.0004037888944408152,0.00025725468016557507,8.431661282171099e-05,0.0002177275041932436,0.0005234614311186991,0.00759304292111973,-0.009413034806746934,-9.162404631934962e-05,0.0006526597228992959,0.00019416325900367681,0.0021374122358033265,0.0004161755942386769,0.0004899447957193992,0.0006854601613612843,0.0003726864951298925,0.0006048513238865461,3.613078050901386e-05,0.00024220371984062794,0.00042390420184013067,-0.0008928225376880761,0.0011647808325478959,0.0007088410549966895,-0.0004989214394116592,0.0008372197552066751,8.444838976617852e-05,-0.00018650720991708614,5.977483724239896e-05,0.00012128389107357584,0.0012136916637659478,-0.0003037307263226152,-0.0007824233171763728,-0.006115440811269912
-0.0002048924919947348,0.0004985690249887931,0.00031805322391131874,0.00010876621213395943,4.07339593457845e-05,8.989155002003812e-05,-1.9806222137486174e-05,0.0005403227311402414,-0.000884450032618056,0.0011537408868913523,0.0007037711245996281,2.2629952219910265e-05,0.0022938334500279822,0.0010480322268513476,0.0005061680751672348,2.6518769100869477e-05,0.0009897428825098586,0.00018376181671420078,0.010779162235489803,0.0006036755822296236,1.0460101619091944e-05,-0.0005665140550904502,0.0005806115565936132,0.0003077569445160133,0.00041509892496471856,0.0011642990391174113,-0.002722838355468493,0.001110340737199511,0.0005999757671204531,5.616347667336541e-05,-0.00744432300318032,-0.0030024587677998094,0.00030490455232223823,0.00038080226772452264,0.0002317226469488176,7.134029048527779e-05,0.00019806749767870002,0.0005185293404790237,0.00818750457347761,-0.00874912554277596,-9.618390086263418e-05,0.0006512028042406914,0.00017724595915158403,0.0019559804035840234,0.00040235609853889187,0.0004918859558045163,0.0007426714428941938,0.0003425084094825781,0.0006443124471502415,3.78327994574601e-05,0.00021509657961593653,0.00042594772424875416,-0.0008390673616726074,0.0013451097373324838,0.0006324380369961968,-0.0008791984534419761,0.0008186308006308263,6.133843856770405e-05,-0.0001243585654483459,5.535993369010228e-05,0.00013180236305254667,0.001209121868067209,-0.00024644292570907833,-0.0004601038691032233,-0.005322771901209222
-0.00025975995062521573,0.0005789493041883365,0.0002848417200103093,0.0001058517958636429,3.353136900674514e-05,8.286831562998032e-05,-5.8876633368232234e-05,0.0005188410113499131,-0.000999063118926058,0.0011221393737137486,0.0006769972675622071,2.1707340567056477e-05,0.0022093295615861486,0.0012330787331613635,0.00048761168085076356,2.303350294230455e-05,0.0010020174644100877,0.00017520578360818995,0.011057194964434691,0.0006038528592418047,1.4237304664765915e-05,-0.0005275241249740326,0.0005614574182921661,0.0003086178225992775,0.0003558168592281419,0.001152525264906279,-0.0026262527981830708,0.0010548065032978116,0.0005036773306554831,5.428087325332065e-05,-0.008310049208539283,-0.002980088489961008,0.00013812451763683953,0.0003632822707977379,0.0001943024788841896,5.8766170212498636e-05,0.00018444282762697384,0.0004973733554538562,0.00869044298766175,-0.008041264649695234,-0.00010263483473793578,0.0006536170095690075,0.00015878523949575118,0.0017219405503605678,0.0004162039313444499,0.0005137276949427338,0.0008689486693898019,0.0003273826459198048,0.0006761772545975653,4.5867324170334456e-05,0.0002152157293895396,0.0004085007408685115,-0.0006601638616671179,0.001420902759633913,0.0006342753005883495,-0.0007443210166686587,0.0007980299926511059,5.952016926880077e-05,-7.31037146085578e-05,4.57812522676182e-05,0.00012823935333083902,0.0011580113852993623,-0.00021664757878403496,-0.00019556940716702886,-0.004645840206754626
-0.0002940997911515808,0.0006164685162155514,0.0002418191690922722,0.00010569420988693068,2.9888796259092132e-05,8.02908299042393e-05,-0.00011100934330177115,0.0004913967134396735,-0.0010722924191265415,0.0010721988162296636,0.0006505331299293537,2.169468353185877e-05,0.001960171298047264,0.001490576149209888,0.000473101244875318,8.515309586565323e-06,0.0010335526739855272,0.00015548875551951724,0.01099322895730137,0.0005645050467191215,1.614298343488585e-05,-0.0004683871260340311,0.0005413533732883113,0.0003050500337633544,0.0003078224698780385,0.0011645562458022507,-0.0025343193496494276,0.000990750154975517,0.00039555181663741834,5.942888655408041e-05,-0.009586753080528143,-0.0030739585226179367,9.54886834831914e-05,0.00034540578401975885,0.00017010705592190867,5.174497412441248e-05,0.0001803276210781135,0.0004909911505326381,0.009051257462319384,-0.007271525352851138,-0.00011350997400827456,0.0006066183053463625,0.00014690096084701842,0.001586045906425415,0.0004441961801626704,0.00044590609174521845,0.000936615038022115,0.0003094082288677136,0.0007005528329044886,5.7713941478354513e-05,0.00020886021336541383,0.0003904393759543989,-0.000536852370710994,0.0016515544780890679,0.0005896754433452056,-0.00037482828558066394,0.0007696026986614424,5.382415015753317e-05,-1.2962868796817517e-05,4.9711409707775545e-05,0.00012614918326714353,0.0010680773901308172,-0.00016055941471704305,4.661482561729713e-05,-0.003991028238893635
-0.0003613495620403695,0.0006491600804465758,0.00019412305606780755,9.994059370566077e-05,2.6352594709511123e-05,7.711682753286375e-05,-0.00011885214361573304,0.00046443789459971185,-0.0012147207330405196,0.0009648884216739706,0.0006326029797587562,1.8805802560084572e-05,0.0023086118338166983,0.0016047184259511127,0.0004551060222144354,1.1111750208181448e-05,0.0011437088850867472,0.0001400524425809735,0.010796156623984032,0.000553272034300889,1.5679349985697755e-05,-0.0004223779854146681,0.0005146806092113376,0.0002980395177005768,0.0002903930189248616,0.001447245590222801,-0.002493126736545892,0.0009242251242553845,0.0002608305266880162,7.17953821178785e-05,-0.011031913275038163,-0.0033537845297555435,0.00018233546454782257,0.0003261596300982994,0.00015916625685186148,4.030495193374506e-05,0.00018202848994541831,0.0004689219673612577,0.009275692051518236,-0.00659867502172784,-0.00011615395955566488,0.0005786952334239093,0.00013486132145912322,0.0014338919411100992,0.0004439522089232373,0.0003747058827263672,0.0010086837347926814,0.0002856576632501717,0.0006939758482003011,6.49039345739233e-05,0.0001915834735246591,0.0003927505103731299,-0.00037543310076015857,0.001878616585978099,0.00045460709384426146,-0.0001998365339215269,0.0007506501661294074,5.3101037415181906e-05,3.1205021770119856e-05,4.598476674178009e-05,0.00012331821076450034,0.0010219578260193263,-9.839298794778184e-05,0.0003579636380619533,-0.003320732462417264
-0.0004586754098552248,0.0006691964893315028,0.00016612537012705708,9.402052365259372e-05,2.0264918552781452e-05,7.36923838549064e-05,-9.767989756348516e-05,0.00043703349282808723,-0.0012992260878067485,0.0009108512835958038,0.0006130287301628901,1.4932726347893777e-05,0.00206733926728786,0.0016605719700393262,0.00044275330279019975,1.840968481059413e-05,0.0011418892927399504,0.00012078630722966999,0.011011666484450622,0.0005601831111310407,1.6036260501506305e-05,-0.0003648823572298676,0.0004915401340328529,0.0002950284646208168,0.0002987747357110493,0.00154143793483974,-0.002300606869489963,0.0008400515108266671,0.00012501278414789319,7.193745086864212e-05,-0.01266812643417592,-0.003669420356371078,0.0003427809042351182,0.0002951501873746931,0.00014791375479661362,2.7648723838646916e-05,0.00018251457386297965,0.0004630318975697989,0.009365857301173008,-0.005942555991798271,-0.00012184354818167709,0.0005568884175468636,0.0001216072468641638,0.001301044472353352,0.0004510177516952041,0.00029858462917253803,0.001104371780582536,0.00025875757671856014,0.0006596639426377227,4.6299105899594295e-05,0.00018699672863475847,0.0003783006337454431,-0.0001987465720013626,0.002105384447612657,0.000275361648017336,0.00032915983946724126,0.0007245817029475354,3.582219194275815e-05,7.0151123267026e-05,4.2106336393343824e-05,0.00012081942371877652,0.0009929794315757245,-3.94661875108282e-05,0.0006626387713066784,-0.003230024568210088
-0.0004934055440521945,0.000633192773169533,0.00013318465340916852,8.985285413354305e-05,1.7812323999999435e-05,6.957745138658211e-05,-0.0001133335511044331,0.00040467617687900415,-0.0012482681164489584,0.0009435005813065445,0.0005882125466873944,1.600048599481596e-05,0.0017989327085792262,0.0019148712446761529,0.00042790581210394585,1.6340914871459944e-05,0.001138909719044623,0.00010697490296474044,0.010977915307532227,0.0005230916313847533,1.1040096983050418e-05,-0.0004241037250802826,0.0004741829881493853,0.00028952810913729365,0.00030233365579790394,0.001843981042173759,-0.002168661440794528,0.0007470040835964031,-1.0208102934616825e-05,7.600233058857597e-05,-0.015366177918418766,-0.004022156774448948,0.0006016651202158663,0.00027173471292241125,0.0001599402308702924,9.105138285336878e-06,0.00018743261157339042,0.0004500948984949016,0.009288672234391449,-0.005252856864111033,-0.0001223150237055215,0.00047067552179935745,0.00011237412272135927,0.0011751753766118256,0.0005135045995243726,0.00019075537946289245,0.0012094337421384438,0.000247761979009109,0.0006138031752784823,5.136988604736992e-05,0.00017666676516792101,0.0003497905535390089,-0.0001296029340662752,0.0020884141906589715,0.00024224572558151358,-6.941975448671034e-05,0.0006974952677909485,1.9679306824560427e-05,0.00010752763754173777,4.405069450585941e-05,0.0001196755104626579,0.0009152361720692337,2.33499859019215e-05,0.0009852642391523503,-0.003230024568210088
-0.0005278338601758525,0.000609276928251079,0.00010986837032467278,8.760500350390998e-05,1.6412075028116035e-05,6.531645753282689e-05,-0.0001405760106502063,0.0003715635720697996,-0.0012448630189396681,0.0010163207106943517,0.0005661086007286986,1.5648093609987868e-05,0.0015215580319201116,0.0022612869311291472,0.00041571718931199264,7.266015126905501e-06,0.0011744462177520898,0.00011035854047425353,0.010468846740207205,0.0005360279633399578,9.18198209287624e-06,-0.00047879179731891153,0.00045832507527365784,0.000293471925352895,0.0003179334827707603,0.0018790510480446443,-0.001950355042799945,0.0006564967906452779,-0.00011911452206325723,8.950667900253784e-05,-0.017181795163470737,-0.004314706299904492,0.0009079895948176375,0.00024721882694733743,0.0001705588410387815,-8.5017400581755e-06,0.00018989867662466686,0.00043415792674306175,0.009018754834900111,-0.004669396068173959,-0.00011763788324092861,0.0004134064176584129,0.0001105423651470705,0.0010191494820690483,0.0005386041563675281,0.00013696471064017501,0.0012511822598852973,0.00023231342210161543,0.0005592319015768066,4.972566564243053e-05,0.0001567074098864918,0.00033273887365825594,-5.0329819341277116e-05,0.0021156954043040077,0.00021191165064071704,-9.736900021040107e-05,0.0006667064602132733,2.1648064000956424e-05,0.00011352405611320115,3.7831594652537603e-05,0.00011463986942406024,0.0008527357608159036,5.045435237471807e-05,0.0013132063905958447,-0.003230024568210088
-0.0005296869365896129,0.000601633759732545,0.00010161583952861264,8.472739837439569e-05,2.1170401088843604e-05,6.18247326189536e-05,-0.0001526618454784634,0.00034756885183506725,-0.0012210332796042112,0.00093584635970001,0.0005481801684279475,1.7807341931463938e-05,0.0012336397571304225,0.0022243083623059157,0.0003994726276324023,-9.507923682039454e-06,0.001271971343877576,0.0001228660766707801,0.009785701329574348,0.0005360078627814069,1.1599126378269986e-05,-0.00044325444821324833,0.00043846697780258737,0.0002908902294005422,0.0003333984399214174,0.0019347400444087448,-0.0018330667425828784,0.0005838782288203337,-0.00019722912098885104,8.946990338998262e-05,-0.01888226024251538,-0.004475370878083584,0.0012367147869909445,0.00022223701712364985,0.00017952745779092893,-2.1279080218539193e-05,0.0001978821619941229,0.00041315447068113187,0.008558590224691631,-0.004062359939743354,-0.00010158588220154918,0.00036227437858049605,0.0001132244551373951,0.0008892116199132882,0.0005080254613989421,9.831908863522365e-05,0.0012710233292900774,0.00022284583322385032,0.0004811906067478944,8.260251624436776e-05,0.00014119531537049035,0.00033186961868891807,0.00021353397442891442,0.002062618763826185,0.0001870194231818889,-0.00011507580605951695,0.000637892096920778,3.854929203361834e-05,0.00011984567543343871,4.1697238361892985e-05,0.0001087908189736364,0.0007752749824949667,5.636266244635202e-05,0.0016074283734215378,-0.0031952115215870824
-0.0005396841710382239,0.0005888250490007074,8.703422309053188e-05,7.803883547041757e-05,2.0669760742109133e-05,5.535527584510369e-05,-0.00016709165489325883,0.0003245967503811009,-0.0012782918811999888,0.0008817947117094604,0.0005273357284940605,1.9564338938460324e-05,0.000756225181261394,0.002379541911942118,0.0003781929372232984,-2.0925918731151683e-05,0.0012713675305429106,0.00011024249238245076,0.00903912412253094,0.0004960676471355008,1.5565070469181208e-05,-0.00047847869016903743,0.00041404289599533683,0.0002876392594781674,0.0003377702626412571,0.0019804236102636263,-0.001703020790816856,0.0005222120215866433,-0.00024355637185080603,9.78445966994812e-05,-0.020359741298144662,-0.004465766048841302,0.001562975732058769,0.00019936541607479263,0.00017566746632380337,-3.615899985820459e-05,0.0002061621057067864,0.0003905660254241994,0.007955102230270406,-0.0034016791348184805,-8.590876583081108e-05,0.00029368907767146624,0.00011789983397303416,0.0007312761164086634,0.0004963408323639396,8.683246868401717e-05,0.001237802237516572,0.000220622541907467,0.00039836694231687453,6.568690145392075e-05,0.00012990397010259613,0.00032167626089729673,0.0002714947764781428,0.0018508198614606286,0.00012019225953885382,0.00025149284639502945,0.0006072168921342769,6.905719741157057e-05,0.00010894769434366403,4.835153051740981e-05,9.845110390305223e-05,0.0006596111905980973,6.198768623533191e-05,0.0017547645376474463,-0.0029723127382230707
-0.0005361785654063311,0.0005321688011108439,7.328738290413028e-05,7.233438118503521e-05,2.2612652341935657e-05,5.1890930097275856e-05,-0.00014626840599252233,0.0003124574127810753,-0.001317916859458479,0.0008180622143196814,0.0005128279386354961,2.102260193304062e-05,0.0001368879282692692,0.002308460754645747,0.0003563575107878858,-1.5775801780471e-05,0.0012700968176906358,0.00010488183389356642,0.008466059822864969,0.00047836471106732503,1.716151303265967e-05,-0.0004457970255999921,0.0003908710794815473,0.00029124408232927834,0.000321040946718254,0.0019045196560105726,-0.0017117055544010329,0.00048433287036409034,-0.0002503475418429435,8.97722214288077e-05,-0.022043111435369855,-0.004327505900409423,0.0018645813556070756,0.000174885688177584,0.00018342890709122095,-4.2486024208532314e-05,0.00020787203100858243,0.0003913496170111497,0.0073727455747940596,-0.002730754973066074,-6.571290744905589e-05,0.00020879286964636812,0.00010465447680729767,0.0005886442026759031,0.0004368492974560212,3.163563321639806e-05,0.0012238923772287524,0.0002132177057725393,0.000325609123562387,5.692577724891734e-05,0.00011349544129291012,0.0002996774784835843,0.00030143921060554746,0.0015315277271443772,0.00010286637073875227,0.0005236647782631554,0.0005780640764130318,8.995653777676971e-05,9.977804331096074e-05,4.661204145928188e-05,8.860908663854694e-05,0.0005229571825773327,7.368706521959645e-05,0.0018851424487311697,-0.002749413954859059
-0.0005036805301578129,0.0005095245486312905,7.382632024621749e-05,6.794316569669334e-05,1.8433158307962216e-05,4.8689666067414095e-05,-0.00012177267163737682,0.00029804837968350206,-0.0013276266339780074,0.0008256372072017459,0.000496523117016423,2.158752995429225e-05,-0.0003340476478984611,0.0024684079954822025,0.000329284467002422,-1.5006399313732821e-05,0.001161416990659081,0.00011815262756931233,0.00744198554537534,0.00044683130619782574,1.941610401412497e-05,-0.00037115043614388554,0.00036058548228479204,0.0002946215500299054,0.00027559903576124256,0.0018895828124836367,-0.0018974866023659942,0.00045149549767797836,-0.00024683053177920744,8.809734198700347e-05,-0.022414408437643307,-0.004106841523727978,0.0021264758329895272,0.0001653211568399815,0.00018145959929172228,-6.903845208117154e-05,0.00019716722176843504,0.0003869861792693552,0.006803151587664535,-0.002117347335122255,-4.137814688176533e-05,0.00011730109399543664,0.00010409322759508122,0.0004451575297397259,0.00045861927396129154,1.2840265242397564e-05,0.0012153305837319106,0.00020262423122408002,0.00026147819780097947,6.93256737440695e-05,9.555229241642316e-05,0.00030537521436313497,0.00046924023568406525,0.0012951252443997863,6.629862150031585e-05,0.0006021270138942825,0.0005474407840979634,8.563574554210085e-05,9.480823787066939e-05,4.078118506067874e-05,7.8664848161214e-05,0.0004271298441071991,0.00012012009847373051,0.001835035510236116,-0.0025265151714950473
-0.00044493800218736723,0.0004953115318084844,7.414501336122648e-05,6.455094135016104e-05,2.0765177476622654e-05,4.2536521750236034e-05,-0.00013526539825370332,0.00028181160348972334,-0.0013508869879809149,0.0008019054146910509,0.00046950421908098505,1.8629956009874604e-05,-0.000575932487947961,0.0024434914858704193,0.00031011542242032064,-1.268149302491306e-05,0.0010093248933953358,9.89819099110889e-05,0.006588308508051588,0.0003862438282582481,2.234820025592832e-05,-0.0002891275769597579,0.000340436950646561,0.0002922659645481218,0.0002188896991408562,0.0022227493558149014,-0.002133581597596801,0.00040651998780494303,-0.00023267861755271735,9.516613586035838e-05,-0.021808846022812522,-0.0038356891776423208,0.002304519108388803,0.00013970266857654678,0.00020217019583546048,-9.250106936586899e-05,0.00018004096523682733,0.0003902171743099814,0.00612683090019539,-0.001598566556409886,-2.1390155241052256e-05,2.7358368640983954e-05,9.028720099868437e-05,0.0002705592198075646,0.0003845584636510413,-3.534712015995645e-05,0.0012605084464898386,0.00018647127822357668,0.0002024248017471475,7.438686264849004e-05,8.927378396017538e-05,0.0003120322159915201,0.0005557641300335536,0.0010774701456652824,2.659093664569845e-05,0.0005509177410107924,0.0005225980925773754,4.93825960456995e-05,8.789166918710123e-05,2.86110731018141e-05,6.583970965667874e-05,0.00032179815366162323,0.00013154426137340636,0.0017322679964004717,-0.0024449954714113042
-0.0004241277401130228,0.0005512438632973016,7.151588306086865e-05,5.829016730807268e-05,2.3080764949945376e-05,3.0078447454284785e-05,-8.71935710629046e-05,0.00026466167987027056,-0.001406903872609444,0.0007811972114293297,0.00044750922519098957,2.0511775163267743e-05,-0.0005764440378848157,0.0026033119334629706,0.0002969009501601061,1.0506994996717367e-05,0.0009198794283742373,0.00010127484332023151,0.005814834093483379,0.0003693174678092159,2.4164730275666457e-05,-0.00025900616597640536,0.0003190247979170113,0.00027948373362884915,0.00018060123105878567,0.002286078807924863,-0.0023822305127760846,0.00035303157180277545,-0.00021179662039338965,9.691543508738576e-05,-0.020843456850783704,-0.00351947656054008,0.002410228911485346,0.00011794341351056836,0.0002181198015502872,-8.733559308959915e-05,0.00015486374564543937,0.00039317107422331965,0.005420755331203786,-0.0010772421657189168,-2.4901327907445037e-06,-8.735546602656186e-05,9.04906836036723e-05,0.0001476415861725311,0.00036946764352308037,-4.81391738322845e-05,0.0011781747895716066,0.00017397545635211564,0.00014363033686892734,0.00010006965266406986,9.064878957576461e-05,0.00030337255730716883,0.0005061901629839216,0.0008542990831477137,1.512359953981246e-05,0.0008489803428490816,0.00049973939168102,4.0388206318020536e-05,0.00010111292969727792,2.2733044573008954e-05,5.1232076669460724e-05,0.0002193315603618018,0.00016482974570219966,0.0015339247105361498,-0.0026676900726836372
-0.0003798170459949901,0.0004790613081671058,7.184839418106215e-05,5.6387762714216194e-05,2.46536306360845e-05,2.2494351445079275e-05,-8.903912533675395e-05,0.00024551530268057675,-0.0014189310140743094,0.0006743895968346347,0.00041701381912040425,2.1835868918795853e-05,-8.302239613511286e-05,0.0024616490053332996,0.00028597405575347956,3.208810857047162e-05,0.0007747146503152003,8.471337502991005e-05,0.005202019457968277,0.0003269675737564981,2.6486178875684274e-05,-0.00020855786578366509,0.00029185833254996574,0.0002671789044823569,0.0001738375278308446,0.002422428544403221,-0.0024277740173695994,0.0002998352243250846,-0.00017384223901284468,0.00010346021102614067,-0.017819939903916504,-0.0030555286700935103,0.0024522754970042193,0.00010385632664311473,0.00023169493416830278,-6.768753884189849e-05,0.00013046606331945654,0.00038478970647615185,0.0047566322029721775,-0.0006647782463089502,1.5251465635968131e-05,-0.00015556448011222468,8.885070947184381e-05,1.636274645067104e-05,0.0003461261901291923,-6.442586598454092e-05,0.0011943361174959755,0.00016888333141440448,0.00011037118360635034,0.00010599174358105756,6.43447995278823e-05,0.00029855411439472235,0.0005138499349983672,0.0006793939655498349,-1.9385452390996427e-05,0.0009446479464794155,0.00047550846930111135,3.5505502385291265e-05,0.00011492573884530621,1.1489688585220037e-05,4.305205815891e-05,0.00021364327473327727,0.00020311675924422623,0.0013106963355855594,-0.0028904016891303508
-0.00026005224750536016,0.00048785416820895655,6.885166276404675e-05,5.2127542913504854e-05,2.1630610615996915e-05,1.931183819858795e-05,-0.00011011448174358396,0.00022517967932755845,-0.0014065330927038877,0.000640934397635462,0.0003833597807096911,2.0524945007371898e-05,0.000415609981169629,0.002377872856630159,0.00028079070334419143,4.3647713031669255e-05,0.0006412519139689099,8.056188990446245e-05,0.004338402344309156,0.0003173247363628118,2.071122979674378e-05,-0.00025284698889294077,0.00026890143999547256,0.0002461471456562947,0.00018392801999023156,0.0026476515229039155,-0.0022155652742922305,0.00026525397966969955,-0.00013329655601379553,0.00010531804075086804,-0.01565294976686582,-0.002589712536567035,0.002407933318243627,6.717655458454708e-05,0.00023750583247394985,-4.992723804519983e-05,0.00011176927182598995,0.0003647345287030035,0.004117495422497175,-0.00033942557655197714,2.2452779568693515e-05,-0.00022344953170716497,8.755328268228446e-05,-8.61555624337429e-05,0.00031016090125013385,-7.847030987673254e-05,0.0012196583962562624,0.00016776827555053941,8.677825583669474e-05,0.0001702578729929627,1.408660439761178e-05,0.0002843900914193398,0.0005360882539815481,0.000553628278285867,-1.7215091863143073e-06,0.0009770218217601823,0.00045033738918132116,3.1708179462297537e-05,0.00010988642155429496,4.295782386476432e-06,3.249185837694846e-05,0.00018428200628450853,0.00023897418062857056,0.00116871179895095,-0.003114593625741291
-0.00021625059854502027,0.000514140397396945,5.6501284896093296e-05,4.5892475050379744e-05,1.867726891746635e-05,1.6352538174002618e-05,-0.00010311877484803222,0.0002002861552314883,-0.0014161079349949146,0.0006551700542276606,0.0003481216565959233,1.7515973708137622e-05,0.0006731951391842905,0.0019853211931502024,0.0002811667210129709,6.236693042516173e-05,0.0005584497318551485,6.841974882854096e-05,0.0036369435303422737,0.0002721381171701953,1.7746588187428358e-05,-0.00029730753002776833,0.0002437523932996566,0.00022428424702281013,0.00019099293827240515,0.0027125499056395164,-0.0018568079590057796,0.00023743867850156697,-9.109919641736575e-05,0.00010680154093178906,-0.01470063243821984,-0.0021225065540589894,0.002267160370261312,5.3866042239336664e-05,0.00023531866861925543,-5.4790020642236925e-05,0.00010405057836537779,0.0003348966011700316,0.003534405639506577,-8.78643397282941e-05,2.924777065360651e-05,-0.0002592217996073565,8.39031853345773e-05,-0.000131805000339269,0.00026857153497883424,-0.0001229435064323825,0.0012733038103183159,0.0001612068180314452,8.284171096661908e-05,0.00020808774737179903,-1.1287990213659782e-05,0.0002761047430606123,0.0004621780980254009,0.00043740671796177466,3.5990535065311136e-05,0.0008233510648809617,0.0004307987849991868,5.57435086938618e-05,8.34156288276322e-05,2.580928820661299e-06,2.40713543819826e-05,0.00011351722965668998,0.00025539634801052813,0.0009697794307974572,-0.0025890799674057607
-0.00023173960476730038,0.0005373317889054707,4.574022368752928e-05,3.9039038957966454e-05,1.8053337456080953e-05,1.0736602966021636e-05,-8.38773451951047e-05,0.00017167381900007328,-0.0014368251987720848,0.0006388302045119421,0.0003035329003135967,1.588647943595589e-05,0.0011682050823713652,0.001729828545453671,0.00026623808414227845,7.264639715387489e-05,0.0004283826221822551,5.346968781827499e-05,0.0028648644778479504,0.00021829484987634373,1.7251308588983605e-05,-0.0002086460987933414,0.00022188187772265167,0.00021021991918490635,0.00015931783590095172,0.002734070838261715,-0.0015408721273494352,0.0002076887439770303,-6.143176051276455e-05,0.00010603991266555646,-0.012702410936544783,-0.001748693741475904,0.002106324058548159,4.105103952167788e-05,0.00022257880607368108,-6.032203301831185e-05,0.00010272558261692488,0.000296975601074001,0.0030471963158786863,0.00022089023464766377,3.870864991140088e-05,-0.00028012967454082993,7.734262619973897e-05,-0.00010159776590756842,0.00026075191362573413,-0.0001849283850757777,0.0012365219209149458,0.00015867549859893693,8.689883778933982e-05,0.00021673558442381058,-1.801020462832703e-05,0.00026261115135484125,0.0002590558238184659,0.0003211239784812747,-5.213956677962983e-06,0.0007870233066507026,0.00039409273188883986,0.00010027253645539247,3.5102304281053875e-05,-1.921188841014221e-06,1.5156486043332862e-05,2.2082297757464175e-05,0.00025825999242501396,0.0008116123145345266,-0.0012537971488353339
-0.00023403470165273,0.0005438130598449664,3.76019463426136e-05,3.496662563340358e-05,1.6794306472389664e-05,2.6867086202475576e-06,-8.116860958962135e-05,0.000147360723214085,-0.001358497114887447,0.000612186577224616,0.00026013218386711223,1.498197923210931e-05,0.001619680019432801,0.0014180602369791018,0.00023717034701520312,8.125091333743839e-05,0.0002929218192460059,3.159675789765615e-05,0.0021389174260071364,0.00015847166638471855,1.706321434902236e-05,-0.00018564839342560813,0.0001977145640690292,0.00019820806854431439,8.452639642486659e-05,0.0024973324983628142,-0.0011837741130307222,0.00018469852380165186,-2.665627163378481e-05,0.00010002560963950913,-0.011106930430491047,-0.0014294963691167117,0.001897208130513972,2.3511805580023193e-05,0.00020629996686394314,-6.005801494313179e-05,9.292463455667921e-05,0.00028092908303123387,0.0025529768910650397,0.0004038432022488436,3.6592853530192926e-05,-0.0003165025872645666,7.043061593492439e-05,-9.837185777594737e-05,0.0002756621611177401,-0.00018229094615462849,0.00115000788751618,0.0001450190824132669,0.00011950564389673346,0.00021765478713975384,-5.4427145056767934e-05,0.00022992488177453474,0.00011546161091313678,0.00018162306063196354,7.579317624095694e-05,0.0009451401622015965,0.0003557269368303917,0.00011292504738635856,-3.791365129957036e-06,-4.5005546833731813e-07,1.1950052602349714e-05,-4.196148577273462e-05,0.00021373988320916304,0.0007842063846861258,9.040162106965788e-05
-0.00022275799566251475,0.0003531713200728426,2.8287152042505426e-05,2.8065045712066805e-05,1.7320212267302182e-05,-5.519856327795836e-06,-7.174856478964209e-05,0.0001295859518646303,-0.0013332965351920967,0.0006877801214368873,0.0002184922982124693,1.5526697953571755e-05,0.002093669759374528,0.0010000221444721458,0.00020598168661067895,8.354611168859272e-05,0.00017106142036760197,2.553327033361086e-06,0.0016104149506475096,0.00010677111413559537,1.6334990059929666e-05,-0.0001589147945710856,0.00017684058253841783,0.00018105369832377427,-4.0873386208950535e-06,0.0022787389593508234,-0.0009063400857645121,0.00016841939564748998,1.3868418232254598e-05,9.798050657239266e-05,-0.01035303117162134,-0.0010786449905380024,0.0016415541903733732,1.3792898238662588e-05,0.00017776879950814894,-6.980699997993778e-05,7.418017761895435e-05,0.0002528020279459753,0.0020347694338540556,0.0005749536773638209,3.7703044585724044e-05,-0.00032348296363926554,6.741583488856229e-05,-3.965131475391903e-05,0.00028264935780764056,-0.0001465300120917501,0.0011065075894989285,0.00014219716316032915,0.00012582425595408786,0.00019677645705384883,-8.12668330310018e-05,0.00019729825420866653,-0.0001467683150861987,0.00012424687645218313,7.502454252850121e-05,0.0010284557210942236,0.0003147825545217753,0.00010291889711733226,-3.607879477562914e-05,-4.28216215975219e-06,8.945993053233181e-06,-6.355273448210852e-05,0.00019562311776177843,0.0007062705392766322,0.0014212434791471829
-0.00021204520400130988,0.00034228967137539534,1.8225851467601473e-05,2.175699855633262e-05,1.4728581465117685e-05,-1.0181868505543257e-05,-4.0830474641095904e-05,0.00011507536315491507,-0.0012580443565892718,0.0007021812985046338,0.0001695482664367809,1.3573481930428954e-05,0.002396582844926609,0.0007906353617774808,0.00018110609885368945,8.842736707448395e-05,0.0002347591245841496,-8.849213426587177e-06,0.001290862209748278,0.0001082413393018733,1.6137020202089403e-05,-0.00016612290198281254,0.00015530642605132705,0.00015452815209426873,-5.921906669914545e-05,0.002132199656902367,-0.0006694849509548684,0.00015509933123825093,5.829909232768493e-05,9.505385476282768e-05,-0.009830623136229732,-0.0007784500073934053,0.0013721275860432147,1.391451706922453e-05,0.00018098943345568053,-7.584921552361568e-05,5.792914155211548e-05,0.0002346068068908025,0.0017044178696328238,0.0006942288405538122,4.657735543678321e-05,-0.00030441055041352527,5.4210006397381605e-05,3.331643431070397e-05,0.00028221781346471353,-0.00013933789346820546,0.0010115228618108318,0.00014314077666943703,0.00011435798102010786,0.00018763170820279562,-7.532480480532122e-05,0.00017815146068600463,-0.0003224039238612919,5.38428839269578e-06,0.00011025690480015449,0.0009477406302085267,0.0002685580120038722,0.00010822531809928648,-4.818289148578181e-05,-1.5286963220173533e-05,4.966002930872904e-06,-8.173038524950105e-05,0.00018735740074360407,0.0005260523772687709,0.0013683943477633687
-0.00018253418921565512,0.000331999268966765,6.387284757547462e-06,1.6260430768966216e-05,1.1231590182347873e-05,-1.4146106449230977e-05,-5.3722020354030064e-05,9.193330137247102e-05,-0.0011247468599759891,0.0007284590559337722,0.00012300316340252415,1.1178971250469516e-05,0.0025211065566188573,0.0004821466789184381,0.0001602964762086323,8.581862698808784e-05,0.00024163603153026791,-2.3520520262998446e-05,0.0011325475516272832,8.114132446390698e-05,1.4509672949136743e-05,-0.0001374816712610416,0.00013291521616709545,0.00013335405933112554,-6.502030123345381e-05,0.0019904417855194367,-0.0003374205647469486,0.00014585054242743922,9.479852148985835e-05,8.366968062056834e-05,-0.008778477455477884,-0.0005518280308274282,0.0012125804950304797,3.3785164597066597e-06,0.0001703465113456204,-5.967698414044431e-05,4.407810208584273e-05,0.00021166049353049665,0.001497461320787874,0.0007468981131064645,4.4160238336976576e-05,-0.00024752095217028813,4.541822022541275e-05,2.5492455349329646e-05,0.00026109722403488966,-0.00011418105152649627,0.0008679201707084694,0.000125051344700422,6.731892812150697e-05,0.00018129292544477593,-8.443393647850073e-05,0.0001538082452146039,-0.00045527647470033905,-0.00015783344344599826,0.00012151813922556265,0.0011921695969163704,0.00022214250185936812,8.540500440878951e-05,-6.672961244547082e-05,-2.42139577152356e-05,4.3553840942678335e-06,-7.447363625934234e-05,0.00015664396511283485,0.0004391504527687662,0.00047137137370478754
-0.00015333537926098817,0.00036455041274852107,-5.5600679739198355e-06,1.2937769834575619e-05,3.2017547575424743e-06,-1.5192860127299923e-05,-5.1389844840654675e-05,6.16994876614374e-05,-0.0009967642088456463,0.0006599527207773459,7.95392069912193e-05,9.31050841623815e-06,0.0022636027212601384,8.001108811139801e-05,0.00013367509213080275,7.920707346675826e-05,0.0002067756104766616,-5.874083021917276e-05,0.001103644387418612,4.922316966338158e-05,7.732332861332125e-06,-9.632947335092013e-05,0.00010552282225240184,0.00010169470628129673,-3.9239798877321874e-05,0.0016271520073583012,-3.733442212272564e-06,0.00013486275662555336,0.00013130666329486118,6.206857804125221e-05,-0.007295793435311726,-0.00033145449228411117,0.001048728509014829,8.932401345473906e-06,0.00012862458702334045,-4.768740860316978e-05,3.649399097249706e-05,0.00018520512751396545,0.0012750368430400894,0.0007329966400468901,4.1802638637511436e-05,-0.0002075663734951716,3.391050967005427e-05,1.3427618611450143e-05,0.00017245716019043122,-0.00017824533488075556,0.0006784389837095617,9.923199005390515e-05,3.154929121262917e-05,0.00017112522775408756,-9.16278760906275e-05,0.00012931741512134387,-0.0004493666099166793,-0.0002430107111569546,9.49958573688292e-05,0.0008592147902126701,0.00017933463613140077,5.7949709244331515e-05,-7.078172949404049e-05,-2.45267317150466e-05,1.6136561125090765e-06,-8.441926095648089e-05,0.00012290538541082086,0.00039760010426470593,-0.0004226739448506267
-0.00014894881860683107,0.000360457363467237,-7.32393802760356e-06,7.459326309966485e-06,2.7149524308711648e-06,-1.565253130475508e-05,-3.0505427560001408e-05,3.5775567915008466e-05,-0.0008131587928632555,0.0005876787219512014,4.202553352006255e-05,8.182237417164728e-06,0.002178339569961274,8.704284118854488e-05,0.00010279242569710689,7.558942249441536e-05,0.0001555003776163577,-8.474205918584943e-05,0.0009052752873508485,3.580704954542213e-06,6.668763503858699e-06,-7.138200921263937e-05,7.62082712710832e-05,7.41169650897433e-05,-1.0577907798792197e-05,0.0012917355538260011,0.0002700334763912071,0.00010693525131078019,0.00015406619556235235,5.4364847195786936e-05,-0.006136491305437253,-0.00013461069494624667,0.0008606881295796232,7.404060122784273e-06,8.658857103283069e-05,-5.130340458614491e-05,3.1032442845191355e-05,0.00012773088695205992,0.0009657810831134039,0.0006457088267173283,3.1693647093877786e-05,-0.0001603663334036609,1.3611903322052754e-05,1.842932620044202e-05,9.821869574944131e-05,-0.000229194131812549,0.0005866942005998688,7.235646292080844e-05,-1.440001814123626e-06,0.00013081109567858462,-0.00010039547228246626,0.00010725422646618021,-0.0005038087592551532,-0.0002626983168452224,8.490362523660977e-05,0.0006139839410133074,0.00013433626020131761,2.6633055239866366e-05,-8.053140730246433e-05,-2.0891753621188336e-05,5.698062472969667e-07,-8.647818240137273e-05,8.989224634547988e-05,0.00034261721993189553,-0.0013226745744121526
-7.262901946525346e-05,0.0003357260930076933,-4.3061719512405006e-07,2.1576646738186156e-06,4.4495261386501284e-07,-1.7343576676931427e-05,-1.0538764709355775e-05,1.727441306287325e-05,-0.0006525001732329283,0.00040304682414138426,1.069200238390522e-05,4.802902141332055e-06,0.0016356306249720731,3.5898820871738124e-05,7.168797187340203e-05,5.926545486634183e-05,0.0001914510396860969,-7.37856027472894e-05,0.0003840915355501906,-2.793460490557731e-05,7.582242398163075e-06,-5.555217529495948e-05,5.1639056001695494e-05,4.917181768515633e-05,8.643674364483545e-06,0.0011091982510234022,0.00025179553901821805,7.401446233767928e-05,0.00015920551154979812,3.912876815159727e-05,-0.005593686829171607,5.6153090400190564e-05,0.0006364969978893686,1.4024034526993745e-06,7.308333777822362e-05,-7.168421969161454e-05,1.5202354830323728e-05,8.966713474145571e-05,0.0007315960181690784,0.0005433858727872387,2.27959900986896e-05,-0.0001245365964001044,1.8997783692853432e-06,5.102633635489795e-05,4.8292146763717625e-05,-0.00018841006104974856,0.0004388737646527918,4.707134916182021e-05,-1.7524016058034775e-05,9.891639346881753e-05,-8.559761899906704e-05,7.992157286573764e-05,-0.00036409802795334123,-0.00018582545693046626,-9.666260870067056e-06,0.0004432090628074814,9.76271838568632e-05,-6.430504827514838e-07,-0.00010028178216325845,-2.4792095416503734e-05,-2.2113875460805232e-06,-0.00012527788532779027,9.639594884047753e-05,0.00025955664038423976,-0.0013411700688791273
-3.3198896706054803e-05,0.00029247882968674865,4.2311046732912416e-07,-2.1576646737075933e-06,-4.4495261386501284e-07,-1.2541932433496328e-05,-5.422713125868839e-06,8.683748720095252e-06,-0.00040140734899796193,0.00034938725085864597,-1.069200238390522e-05,1.4234037000182553e-06,0.0011814226537054662,-2.8383873202919574e-06,4.183585969586012e-05,3.592970440902121e-05,0.00016515136250472295,-6.156690893921457e-05,0.00024816620778600473,-1.0352813011205164e-05,6.239489633408368e-06,-6.306345829920623e-05,2.6433899284805662e-05,2.2011561289225767e-05,3.323378130737353e-05,0.0008864208367034276,0.0001715799952155539,3.843054944896451e-05,0.00014483584038837982,1.881949039095332e-05,-0.0049267958343135465,0.00021767593885213543,0.0004733585368505988,-1.4024034524773299e-06,4.804155153470546e-05,-7.054512284032644e-05,-1.9488120772681583e-06,7.241484763564898e-05,0.0004699918840653794,0.0004818732239211254,2.455146192192892e-05,-6.38486913616676e-05,-1.8997783695073878e-06,0.00011284132110223055,5.1999397419955073e-05,-0.0001305769304111859,0.00025781307893324446,3.439082877898514e-05,-3.540865336815191e-05,5.948181862680535e-05,-5.518307510843368e-05,6.471237518290707e-05,-0.00017674116227450742,-0.00014265214151865102,2.0815067709900603e-05,0.00012475549937396302,5.818879433561186e-05,6.430504828625061e-07,-8.729441037569341e-05,-2.4881497693751697e-05,-1.499574322494368e-06,-0.00016410666657118433,8.309002626449846e-05,0.00010129150541082765,-0.0011154467665808188
-9.388009774902173e-06,0.00019125416160981068,1.2051189938411255e-05,-4.129311185097073e-06,-7.006584777924374e-07,-1.0983519058371805e-05,2.1585652039579628e-05,-7.598498358407646e-06,-0.0001999579073878044,0.00019725056931507723,-2.651917232421308e-05,2.3107248334763852e-06,0.0008692894982060828,-4.046011890668222e-05,2.2730466792797444e-05,2.0226363031561334e-05,0.00010380764757167427,-2.640010014576255e-05,-6.269938709446699e-05,-2.6741742661373635e-06,5.073961617974021e-06,-6.1107319653253e-05,3.4481907642547327e-06,2.78623516170029e-06,4.251794749832172e-05,0.00044119952241294946,-5.466453806057814e-06,1.6565668517154464e-05,0.00011608057088108303,-4.724471944772546e-07,-0.00376001079949706,0.00035738266975582356,0.00027777020496411176,-1.0532140687913305e-05,2.329209564599921e-05,-5.4435661476892605e-05,-6.944606635306272e-06,4.423366528460981e-05,0.0002683708609925173,0.00039065271922256173,1.8761132323685814e-05,-3.38430650161925e-05,-7.871983506824165e-06,0.00013187590015961703,1.5974318628320106e-05,-7.967345252057889e-05,0.0001725336387994325,2.323491441913461e-05,-5.659089309584253e-05,4.687927572066819e-05,-2.645317662730573e-05,4.7539755259062844e-05,-2.86941167308985e-05,-0.00012008954880060596,2.7827654647261113e-05,-0.0004718483204598778,2.2025970106254178e-05,-1.1046786007717913e-05,-3.830594024567535e-05,-1.9369027126625582e-05,-3.516571915440636e-06,-0.00011572046043928363,5.900203190845055e-05,-1.3180283153113592e-05,-0.0008919524521162625
-9.605698882975133e-06,6.381108706055016e-05,1.423839021175155e-05,-4.1147635502225555e-06,-4.5535782855488094e-07,-2.8275325444360178e-06,2.87018848503795e-05,-2.1520266880070693e-05,-5.408677586649091e-05,2.0499703250465018e-05,-3.321073714979139e-05,2.2354935569346424e-07,0.0003624880299082367,7.172210317563099e-05,6.60037307653738e-06,8.017181271746665e-06,2.7399359529223233e-05,-1.2186394709234882e-05,-0.0002610365078237198,-1.6057450705875276e-05,1.6936606086481731e-06,-4.746001127564625e-05,-1.697222779328822e-05,-1.2372817393857538e-05,2.656496718600465e-05,0.00019933839726893332,-0.0002828419656200065,6.369891367041802e-06,4.6094808589636216e-05,-3.7543399722395066e-06,-0.0014707796564085163,0.0003015789861939844,8.992905608184998e-05,-2.022233855758504e-05,6.111771241101849e-06,-1.4400271236558737e-05,-9.320293858250395e-06,1.4191589056578024e-05,0.0001220437371778349,0.00014913681858752525,6.196520585977083e-06,-2.5523366800950242e-05,-1.2006488309124208e-05,9.050482647432467e-05,7.508307583448115e-06,-2.6388221961992642e-05,5.565777786609161e-05,9.883774513497201e-06,-4.180369337070111e-05,2.0151366529219672e-05,-2.8217368568395074e-06,1.1730419884337095e-05,-2.325987880336111e-05,-7.27130468590742e-05,4.3171166446365206e-05,-0.00047628863993098847,-6.162828837363854e-06,-3.362442996512893e-05,-8.787691155975885e-06,-9.445627433990467e-06,-4.439137331058163e-06,-1.7705783155963495e-05,1.1527831452529114e-05,-2.0430850042107984e-05,-0.0006706871254852365
9.388009774902173e-06,-6.381108706043914e-05,3.808433710394965e-06,-2.9712471533160922e-06,-3.880809446021871e-06,2.8275325443249955e-06,2.310332931276804e-05,-2.745544740301309e-05,5.408677586649091e-05,-2.0499703250242973e-05,-2.9496743951584747e-05,-2.797239838536747e-06,-0.0003624880299081257,-2.2468560253452452e-05,-6.600373076759425e-06,-8.017181271635643e-06,-4.4770816492234466e-05,1.218639470912386e-05,-0.00020140827343573253,-1.912188452901642e-05,-1.6936606085371508e-06,4.746001127564625e-05,-2.4994589437388193e-05,-1.942343129879287e-05,-8.643674364705589e-06,-0.0001993383972688223,-0.00041257505316405485,-6.369891367263847e-06,-4.6094808589636216e-05,7.874373240790433e-06,0.0014707796564081832,0.00017871405622749137,-8.992905608184998e-05,-2.011065120099964e-05,-6.111771241101849e-06,1.4400271236558737e-05,-5.0120422571131584e-06,-1.4191589056689047e-05,-0.00012204373717805694,-0.00014913681858763628,-6.196520585977083e-06,2.5523366800950242e-05,-9.752587673550472e-06,-1.842932620044202e-05,-7.508307583448115e-06,2.6388221962214686e-05,-8.844060474555437e-05,-9.883774513386179e-06,1.4400018140126036e-06,-2.0151366528886605e-05,1.389010701569049e-05,-1.173041988455914e-05,2.3259878803472134e-05,7.271304685918523e-05,9.666260869956034e-06,-0.0006887317247357139,-1.9690685118090023e-05,-4.358248384350727e-05,8.787691156086908e-06,9.445627433990467e-06,-5.698062472969667e-07,2.554258904075013e-05,-1.1527831452640136e-05,1.3180283153113592e-05,0.0006706871254853475
6.779398425016403e-05,-0.000123171782008491,4.8424546816860925e-08,-3.827481261153842e-06,-1.6648038445588043e-06,3.3861447406025036e-06,2.7353206907942962e-05,-2.8926863025802163e-05,7.265689098878703e-05,-5.4026889013791823e-05,-1.747521487960313e-05,-2.8579842855647186e-06,-0.0010108340912933222,9.241406965010412e-06,-2.181945070889313e-05,-2.3154226917121434e-05,-3.95789612256392e-05,3.956362247614642e-05,-0.00020533595927363368,2.6741742660263412e-06,-8.973205847695453e-06,9.607500185371265e-05,-2.178631709648382e-05,-1.659622701866148e-05,-4.922838167920052e-05,-0.00033356949042007145,-0.0003910187544121646,-2.8489338543269405e-05,-0.00016891206587665852,4.724471946992992e-07,0.0033091091331336475,-5.615309039996852e-05,-0.00020873261065390558,-2.6006900709640846e-06,-4.8020154596595255e-05,3.275509701139434e-05,1.1922578480039192e-07,-4.9957680628320844e-05,-0.00035933744305660653,-0.00044005491019627474,-1.3408896871291986e-05,0.0001070664487976547,-5.943630191129756e-06,-0.0001471891488952215,-4.2005785659160466e-05,6.7583114643055e-05,-0.00018209044791273055,-2.661193525366201e-05,7.327463197626116e-05,-8.498661825584453e-05,1.3120824754242477e-05,-2.2801618445922323e-05,7.821647320738201e-05,0.00023669732804409982,-0.00011971027103541143,-0.0003044498970158349,-2.271270728393393e-05,-2.307157826553219e-05,1.7657088555722567e-05,2.023183501553838e-05,4.933323096256714e-06,1.7705783156074517e-05,-3.385915420350827e-05,-7.250966447303053e-05,0.0020831677898667245
0.0001080972719647022,-0.00016633888593520219,-4.8424546816860925e-08,3.289915361470719e-06,6.174793130586664e-06,7.301835445394644e-06,5.422713125646794e-06,-1.9496316518541335e-05,8.377283672778013e-05,-0.00021897026953554555,1.1085799656918027e-05,-1.955232291295239e-06,-0.0012315219091854068,2.5200333459984847e-06,-3.1209249564345676e-05,-3.3042594325682906e-05,-2.7399359529334255e-05,5.193804468572871e-05,-0.00017712662758562203,2.3994467260202157e-05,-1.5207181857102015e-05,0.0001838102166902278,-1.559377766791048e-05,-5.36984600618684e-06,-7.03293853168141e-05,-0.00043491115567373395,-0.00019693911678297926,-6.167984442695396e-05,-0.00031183402248446956,-1.0179225043982498e-06,0.00508189760184119,-0.00034478810223803613,-0.00028549953779188897,8.246608009354617e-06,-7.872666384645122e-05,5.756001373824482e-05,-1.1922578468936962e-07,-5.623125108922267e-05,-0.0006390721210323136,-0.0006272848917647789,-2.919012705249191e-05,0.0001967440891099681,7.359643006576988e-06,-0.00023914535673408288,-9.900653433381201e-05,0.00012554369886963457,-0.00014845433986399037,-3.755999721177794e-05,0.00012842156826686768,-0.00010906380392095016,2.1786159791981063e-05,-3.168850785384425e-05,0.00015411556937872106,0.00010872062604438959,-0.00015736436892710426,-6.755383513890045e-05,-1.9564907681401955e-05,8.277111060772668e-06,1.095057813627065e-05,2.5381962887482956e-05,1.0009352600759414e-05,6.919982345454656e-05,-6.163055604446743e-05,-6.835576362729245e-05,0.003495665469422482
0.00015207306844766677,-0.00023935490718729469,-1.0694353296814008e-05,6.690016327137727e-06,1.1311719489981442e-05,1.405690173683638e-05,-1.8179150869657157e-05,7.598498358518668e-06,7.708246200577307e-05,-0.0003789821737413268,4.7745845332514136e-05,-1.6771038399143734e-06,-0.0011339280898307047,-2.5200333462205293e-06,-2.2493651485988586e-05,-4.1369142610547804e-05,-0.00012834624301971687,6.988077446123953e-05,6.269938709446699e-05,5.576860561373742e-05,-1.4936864420556084e-05,0.00019208821922478414,-3.4481907642547327e-06,-2.78623516170029e-06,-4.2685411342002766e-05,-0.0005176726080194927,5.466453805835769e-06,-8.848299823815964e-05,-0.00045366894876996966,-2.5787639894581105e-06,0.005355901420913689,-0.0006967506210565633,-0.0002698498091409096,3.172872348877753e-05,-8.236228098679188e-05,6.525559404568781e-05,7.028000439612825e-06,-6.962907911722827e-05,-0.0009196803024131839,-0.0006913559258517887,-3.1130716311333906e-05,0.000280332303787878,2.03543067869294e-05,-0.00029471574621242613,-0.00016098921042961845,0.00020281649368647514,-9.4395220420318e-05,-3.097455729139664e-05,0.00014785386014404267,-0.000168031248157674,1.859010766480651e-05,-4.6822547936753445e-05,0.0002639857364008513,0.00021906473024135842,-0.00018754653122476928,0.00013409198196656646,-7.0847518456318426e-06,2.4885159468412965e-05,1.64449328405869e-05,4.0283429026732875e-05,1.2220658298423004e-05,0.00012405279388882917,-0.00011322826091586524,-1.3640906423861843e-05,0.004343650711140734
0.00014261694262374114,-0.0003264080677416459,-1.2662891557213563e-05,1.456674320143847e-05,1.7409449952099365e-05,2.4613878239820863e-05,-1.019729685336479e-05,3.282986002117738e-05,0.00011143597438878494,-0.0005278093158517239,9.526939408810442e-05,-2.2354935591550884e-07,-0.0013103300648806826,-0.000144832109043036,-1.9807582604558505e-05,-5.261679007539932e-05,-0.00011398567339104826,8.893319099345653e-05,0.00020604518586009313,7.000387983602252e-05,-2.092885623616869e-05,0.00022908991400583112,8.767738538972836e-06,1.4990264383341056e-05,4.06056812782829e-05,-0.0003616086575773947,6.409667166384914e-05,-9.920769455140643e-05,-0.0005914829509612307,-1.1058414857822996e-05,0.005607395796564774,-0.0010901036485670978,-0.00019638666585930498,4.603202856579003e-05,-6.483958532632617e-05,6.513437820010459e-05,3.088121904037955e-05,-6.630436817434138e-05,-0.0011928454367589048,-0.0006333690259526792,-3.2410840093199944e-05,0.0003305830493485207,3.835757882830748e-05,-0.00028122869885172097,-0.00016817886854136876,0.00024445542677864474,-5.565777786620263e-05,-2.7323314500504736e-05,0.00015010728444231347,-0.0001910486767014996,2.8217368566174628e-06,-3.9418352377751376e-05,0.00030252570529820666,0.0005392743989662829,-0.0003102222509043795,6.755383513890045e-05,6.162828837252832e-06,3.6655422847475805e-05,1.0206783573218914e-05,4.9997464246054335e-05,1.762155154794165e-05,0.00016124376240433946,-0.00012782863689175805,3.011742670455675e-05,0.003669084125914601
0.0001890578814984778,-0.00036843973263966934,-1.4343343758493887e-05,1.6902482440128708e-05,2.40776821660571e-05,3.043281544012899e-05,1.919884624390633e-05,6.155980157873664e-05,9.938068471138095e-05,-0.000648315336440497,0.00016112501874543383,-1.3059939609760818e-06,-0.0012751464820616176,-0.00013855784102079216,-1.7185873404823582e-05,-6.174289816796019e-05,-9.032047201196214e-05,0.00011541214734744898,0.0006048444314412649,0.00010899333004465994,-2.2683671530354665e-05,0.00023562313590863582,3.364496521252036e-05,4.246253331285921e-05,0.0001444349424155611,-0.00017628254681589794,0.00015709841309363703,-8.397431286544244e-05,-0.0007105352032534817,-1.3349498015235994e-05,0.005523371969399893,-0.0014688092264067976,-6.339730367155294e-05,6.117498137236943e-05,-5.575916602895692e-05,5.863381523951716e-05,5.9909060513785306e-05,-7.541048911885451e-05,-0.0014399748494634546,-0.0006049924143632923,-2.700559695667515e-05,0.00040938678511559523,6.0860638732007644e-05,-0.00032457488713488747,-0.00022792817842953728,0.00030217244187724646,5.5634655598657545e-05,-1.150056704879443e-05,0.0001422773826049717,-0.00017699549582494978,-8.467477498275144e-06,-2.5941167958398736e-05,0.0003941940503016106,0.0006227186650884509,-0.0002915568839495508,-0.000279431197711677,3.491836162661244e-05,7.369332486462099e-05,-2.7525030410036067e-05,5.692596208661804e-05,2.3324004071234583e-05,0.00020193401164125824,-0.0001364419465937905,0.00010093615294115565,0.0029945005255136437
0.00020962136402014053,-0.0004101702664276452,6.417548998882694e-07,1.9669989036463775e-05,3.168543508991206e-05,3.9064034435654094e-05,2.762294630831441e-05,0.00010058016947489534,3.832607636811147e-05,-0.0007471790685950053,0.00023000459752231528,-1.8012966315206214e-06,-0.0013077186115577621,-0.00011153889481529955,-1.5248642432519333e-05,-6.366085774878183e-05,-0.0001415684943997242,0.00014094223989413734,0.0012496290588723813,0.0001377386161696137,-2.48520638266303e-05,0.0002081214691989075,6.43951466956505e-05,7.162674353788923e-05,0.00023803643077147107,0.00010911980045147374,0.00039781863484855684,-6.476114903797292e-05,-0.000796418917050179,-1.2593969407559413e-05,0.004055960848995621,-0.0017292183057916466,7.913844560802907e-05,7.97718755947141e-05,-4.057612536356725e-05,3.6077722280980495e-05,8.991008530334632e-05,-6.773006566340722e-05,-0.0016683947278385292,-0.0004793625619458064,-2.9264773642179165e-05,0.00045026841415274355,8.366145785654311e-05,-0.00029854551651198324,-0.00019069621895484445,0.0003357034271422865,0.00017597135457680935,1.2131551253569128e-05,0.0001576928221524998,-0.00021164253350813844,-2.795923339238282e-05,-6.414000547350085e-06,0.0005362391416066092,0.0007252870003886525,-0.00023515312025357282,-0.00020818415844725546,7.307502241782338e-05,0.0001051199060357888,-7.3552483519701e-05,6.622558515312349e-05,2.912561221179999e-05,0.00025989792058744854,-9.795660713529664e-05,0.0002335995813573799,0.00231765390693095
0.00027172178740531017,-0.0004983886336955567,1.8179105825799624e-05,2.0384859253264054e-05,3.715159037720461e-05,5.1952000240884644e-05,1.0364523463701758e-05,0.00014395713223569473,2.239186591257436e-06,-0.0008002697356173094,0.00030331414422479774,-8.547228566024856e-07,-0.0012384717584847937,-4.7943803024086407e-05,-1.024619599743204e-05,-7.372203263467103e-05,-5.605945068909435e-05,0.00015834447677609553,0.001322455963374436,0.0001729907821275134,-2.6799911169717028e-05,0.00019357326660673912,9.646144684416491e-05,0.00010737169142083225,0.00029487290336471794,0.00027252639366337483,0.0005628844309262249,-3.5389614752801e-05,-0.0008470367108501797,2.6537167545637175e-06,0.0037626680965547887,-0.0018805827723968882,0.00023930437026997708,0.00010885459144538423,-8.766772976342985e-06,-7.778578914652279e-06,0.00011364598473706522,-4.657478984027019e-05,-0.0018095884767785897,-0.0003224587420287417,-2.2401756722634225e-05,0.00045661365561899814,0.00011619221176228933,-0.0002830813823039291,-0.0001606948555396004,0.0003766806425544722,0.0002887668144082589,4.954865271278308e-05,0.00018598204562714216,-0.0002325031122604182,-4.3926776557956515e-05,1.575830675260015e-05,0.0005544576222418218,0.0009642925288091408,-0.00014908303333716066,-0.0007287307015381161,0.00012229221270487756,0.0001363674713978913,-0.00015186307729997406,8.052415901382837e-05,3.680354286594856e-05,0.00023125770042353722,-9.079738445616492e-05,0.0003530113835961135,0.0015445524473181038
0.0003241042145101236,-0.00043661462282962304,4.597426833941043e-05,2.2455338587912266e-05,3.985275055851112e-05,6.31727410516092e-05,-1.8523973550510497e-05,0.0001970367922907723,-9.918959045196463e-05,-0.0008030953042338362,0.00038220523235654724,9.327279570925384e-08,-0.0012756333517290885,-0.00010164985215099787,1.8169505389131757e-06,-8.059662912796028e-05,6.569842301740181e-05,0.00019552393475885665,0.0014295749629322785,0.00021591455614311528,-2.6608724883470103e-05,0.0001591044971855915,0.00013167126284985287,0.00014796539527295316,0.0003431941201132993,0.0004816645968075406,0.0007142082569433494,5.135295266800455e-07,-0.0008416788494527427,1.855280304496887e-05,0.0038588149880443012,-0.0018238126019806122,0.00033253633560503815,0.0001371597730086549,5.1901866891634896e-05,-3.855851318834702e-05,0.00012564424763561455,-4.536646258679333e-05,-0.002010719446173259,-0.000286680070122447,-1.0878977087069863e-05,0.0004794407456825134,0.00015610963063439343,-0.0002679468833782783,-0.000147052008269144,0.00045865504757269804,0.00037209717688968524,8.623428356169249e-05,0.00022677387255432002,-0.0002489661308165969,-6.149878386452201e-05,5.238798096351971e-05,0.0005700886720219067,0.001210610164589454,-0.00010547392781290466,-0.0008776161821659745,0.00017984146363847486,0.0001802096062988312,-0.00022138667783444532,0.00010129686589688269,4.3088383967715416e-05,0.00022112981647914864,-8.424494179215536e-05,0.0003482990717276202,0.0006482951561030958
0.0004165803125379952,-0.0003061856072038571,6.637693899613772e-05,2.004749077144652e-05,4.521912563437702e-05,7.666326672683965e-05,-3.547157944405743e-05,0.00025580632418864546,-0.00020785817741098,-0.0009254873318640389,0.0004661849728726519,3.0303810358844885e-06,-0.0010292068480723948,-0.0002985188375063119,1.0392204316200804e-05,-7.669157278278327e-05,9.95516786779227e-05,0.00023615070369609192,0.002055449098879336,0.00024154761328243346,-2.4831807766578784e-05,0.00012903647654605166,0.00017586535524838354,0.00017916155505015574,0.0004271454441941991,0.0007923012215735881,0.0008276641859470413,5.453577153180511e-05,-0.0007920393750571186,3.5810198461661e-05,0.004746004423627159,-0.0016038256727634037,0.00038076581717194635,0.0001609702113436473,9.873863112508374e-05,-5.1077716179515065e-05,0.00013049804061560089,-2.4940499112613423e-05,-0.0021995061306734343,-0.000200980935265882,1.4923911735742479e-05,0.000501578120278845,0.00020291025705421184,-0.0002443014897289819,-0.0001611658785785064,0.0005644390061734228,0.00048266669202456924,0.00013798964999667263,0.00025036593988669864,-0.0002290636972380744,-8.178459955088258e-05,7.92610776854108e-05,0.0006029489867993565,0.0009662493951299034,-5.967638628467942e-05,-0.0006783087770725338,0.00025107297368620607,0.0002452535505643727,-0.00026369203656817497,0.00013028989333219165,4.7780053379575804e-05,0.00022855129513366101,-6.750522965792705e-05,0.0002111456288247382,-0.0002479451199373095
0.0004392606047725067,-0.0001885147509476104,8.959090555760163e-05,2.1677160710220633e-05,4.760448297114195e-05,8.633200669527774e-05,-4.768058973758649e-05,0.0003176456169662334,-0.00030276490156411207,-0.0008707850665919947,0.000559139006313325,5.667519862750936e-06,-0.0008133975573524355,7.599316954909341e-05,2.6160349051451703e-05,-5.452871818856231e-05,8.250082208505205e-05,0.00025473909599904587,0.0026288159835625713,0.00026836169091315476,-2.101947213095645e-05,0.00012713780610140724,0.00021857907964695222,0.00021392822280996704,0.0005605110033837235,0.0012606791180631571,0.0008638826849167724,0.00012472520837691903,-0.0007192244086901001,5.820782962051574e-05,0.005355442614793704,-0.0012829823971857168,0.00033387687556230006,0.00019146442754292003,0.00015217466051375972,-6.950952992934578e-05,0.00013542610879335726,2.1587800041356076e-05,-0.002359688362953749,-0.00015914405016914657,4.678225185950069e-05,0.000496377403529813,0.00024586668355830454,-0.00022009484797425038,-0.00013750074720764172,0.0006975762054990398,0.0006652919845215877,0.00019460878334909282,0.0002794140839497139,-0.00021719013908017004,-0.00011444943290617182,0.00011635708569657233,0.0005190209823533465,0.0004317401259961162,-4.0997027759837046e-05,-0.00041167085989590735,0.00032003831096782953,0.0003049483427228772,-0.0002762438870477224,0.00015163790967265278,5.444685864763876e-05,0.0002769109719293894,-5.8020769181155174e-05,-1.9532653140363898e-05,-0.0011442024111522064
0.0005609889518651823,-0.00015582939859826173,0.00011633718306791607,2.481731982983959e-05,5.458246103517972e-05,9.788196896209911e-05,-4.3444150505500545e-05,0.0003816345994036574,-0.0003987917453920353,-0.000816943594802666,0.0006484939762538833,8.165664392212335e-06,-0.00027210844300740167,0.00019047216201983908,4.576310206005907e-05,-2.6451500490076718e-05,5.799723852417671e-05,0.00028886562494934154,0.0031227329969625295,0.00031228366498092797,-2.248298824414352e-05,0.000147676859031165,0.0002661178143157361,0.0002445105638946288,0.0006800730133884603,0.001678462238315026,0.0007348791461401216,0.0001933936362097377,-0.0006434395941145032,7.373063210702746e-05,0.00552841273227811,-0.0009487788950420795,0.00016458364352089916,0.00021964678013786099,0.00021263074801503024,-8.175525350584412e-05,0.00014481591130488525,5.062002410016753e-05,-0.002455456589707472,-0.0003205938853128032,7.37789031621805e-05,0.0005242842363708533,0.0002837410973204335,-0.00018448452800956527,-0.000145242594347339,0.0007963969944893012,0.0008835682601016082,0.0002502726300803726,0.00035107825700064765,-0.00015947199201682416,-0.00012264032243158862,0.00015397616512724532,0.0005042750188830603,7.495409036462064e-05,6.008112268141019e-05,0.00014435719434913175,0.0003896385001924685,0.0003239340544463065,-0.0002693960434795306,0.00016163802920177162,6.667597709464346e-05,0.0003447347800724643,-4.2584665177702874e-05,-0.0001573147414909437,-0.0013865665539183336
0.0006633787763226096,-8.431668166819506e-05,0.0001443605712008189,2.9993665518368573e-05,5.2125304665029404e-05,0.00010691083214786623,-5.2527264088886305e-05,0.00044512550503394976,-0.0005165341961863579,-0.0007158342042807853,0.0007314181763913297,4.743299857778993e-06,0.000763913644172387,0.0003432436541408457,7.196875183135276e-05,-5.174018121834045e-06,3.1496654657292567e-05,0.00030580795695622776,0.0035952984049527625,0.00036279177186937517,-2.1038592336930506e-05,0.00014864286743154764,0.00031745900220037093,0.0002704079297404238,0.0007704370281487183,0.0022203152498458945,0.00042877142469888163,0.00023562835707968688,-0.0005668663642092175,0.00010866995129465984,0.00531995653874584,-0.0005894853834736979,-0.00016592580872598628,0.00025937707963197276,0.00027864303535651835,-9.87805448631196e-05,0.00015547112775826655,9.310339293655545e-05,-0.0025482997578677447,-0.0005868303776753736,0.0001028313476469922,0.0005646386269813064,0.00032129944733139126,-0.000198812646829305,-0.00011947645491339198,0.0009327376566237167,0.0010833983044375994,0.00030327475585112396,0.00046265042206061757,-7.908571846326762e-05,-0.00012640349211701096,0.00021040494987545344,0.0004323030229045344,-0.0001615047281869897,0.0002265851248954842,0.0005018884070886465,0.0004679234607165572,0.00033541891696731163,-0.0002579388967830498,0.00016828676906799345,7.589890793369136e-05,0.00041773798904998216,2.1590491323664196e-06,-0.0004078322044761551,-0.0011617961013810074
0.0007134214359620916,0.00018344752482013504,0.00017390267407524362,3.066725045997032e-05,5.558760172763577e-05,0.0001143956849773975,-3.1823893012150606e-05,0.0005223355837762345,-0.0006218992282599478,-0.0005512658550790306,0.0008011837710997227,3.203803402573868e-06,0.0015021060530127084,0.0002679602087163335,9.719982519440507e-05,1.3421435911542545e-06,6.58091275278494e-05,0.00030250304114565196,0.0040149644894933445,0.0004102470951463655,-2.0393979510591187e-05,9.724685987100301e-05,0.0003716215625060304,0.0002926340834230601,0.0008195817743379408,0.002443131079326033,0.00024095646862143383,0.00025375516555481425,-0.00048110994961469977,0.00013162419112089374,0.006099963068272984,-0.0002640205646985416,-0.0006202684056589858,0.0002823408806493788,0.0003710513509211921,-9.18525438348139e-05,0.00015906727833625567,0.00013825979259496357,-0.002683676720881212,-0.0008588867876229145,0.0001269844052556035,0.0006232018422105412,0.0003594329613108016,-0.00022266384549785023,-9.777259832099983e-05,0.001031377981676851,0.0012935974696828278,0.00036731757393737574,0.0006039082848605659,-1.930567994457011e-05,-0.00010624403503733948,0.00025550618495229216,0.0002727346238560191,-0.00035127724765426915,0.00032376431520320104,0.0009484882865860023,0.000553172127964574,0.0003863807241499817,-0.0002257377542100869,0.0001805915500909805,8.470482860944983e-05,0.0004440262119367322,-1.0076742843478925e-05,-0.0005284629123389895,-0.0009399692739980869
0.0007419186694292979,0.00037512528449124005,0.00020351914102145763,2.961548060742558e-05,5.469524013657079e-05,0.00012060424230808664,1.3441946758563361e-05,0.0005920259644895953,-0.0007535385188860433,-0.00043807753874158806,0.000869898071222508,8.983348522839663e-07,0.0022911888382821655,0.00036407757170553445,0.0001273791485685294,2.8376721486367273e-05,0.00010100303883220363,0.00032185432102593836,0.004690626093542205,0.0004941387822041676,-2.080312352714664e-05,-8.774884606488342e-06,0.0004179627370615169,0.0003121209072276532,0.0008496760666245606,0.00291413407207175,8.493496837669312e-05,0.0002727414039438436,-0.00040540682099388103,0.00015425753757258853,0.005883968635208792,-7.500776349589344e-05,-0.0011856983915954356,0.00031745815639405706,0.00043407199406453323,-7.361272436079425e-05,0.0001624661975931918,0.000172933587331503,-0.002685032425887912,-0.0010466808406862649,0.00015283828916401454,0.0007023246256308013,0.0004015235876557721,-0.00019930489993569278,-7.173829166373658e-05,0.00119654326153662,0.001424998821279555,0.00043473590378617644,0.0007720722110016176,9.654557357219318e-05,-0.0001067266641620046,0.00029675119821548357,8.352600504224483e-05,-0.0005341905639631994,0.00032706390905556937,0.0017797106223305104,0.0006444488109558222,0.000492933815818386,-0.0001676275477507927,0.00019096243750427178,9.34320408860767e-05,0.0004812173370938311,1.775079950627756e-05,-0.0005739985390191826,-0.0007159304739560168
0.000781075217813898,0.0006451912687930328,0.0002266379637643201,3.160809125102304e-05,5.373272725961442e-05,0.00013013293054275898,5.555083862329724e-05,0.0006484631296295174,-0.0009294973123479267,-0.00037679637196019744,0.0009264212759276802,4.111893262992439e-06,0.0029605596800752476,0.0002418785423587977,0.00015521514462868424,5.223827405398396e-05,2.735527748454203e-05,0.00031690038570975076,0.0049203889709956705,0.0005389329672838006,-2.4850123409470015e-05,-1.0152542912034157e-05,0.00046889832726049185,0.00033972662499448525,0.0008527718237252291,0.003230929605894106,0.00017527546953921558,0.0002935249000886042,-0.0003375870966179084,0.00019088948245804538,0.005636590069088454,-2.7048031917331627e-05,-0.0017930565679009636,0.0003607078281944176,0.0005063176326012275,-6.687656193760105e-05,0.00017782327860205172,0.00021386914939092172,-0.0026304392442987323,-0.001341600261282161,0.0001783679503704061,0.0008114448008891273,0.0004430658442216018,-0.00020745094546259502,-7.6234997913871e-05,0.0012853461222477325,0.0015894188026628342,0.0005038817801807927,0.000940364508314806,0.00020896848468021645,-0.00010604096356237047,0.0003289906494938766,2.8712630630867153e-06,-0.0007006309843732295,0.0003334942078734304,0.0020582224353411505,0.000743081417642566,0.0005670223645279915,-7.590908497745463e-05,0.00021385861964873243,0.00010598515994963975,0.0005569531104547831,1.4182830942566227e-05,-0.0005606323113238609,-0.00016070832128789458
0.000770292691877339,0.0010154362496335168,0.00023791843075882113,3.1261252071645984e-05,5.07680191612625e-05,0.0001346423177215339,0.00012225893070882954,0.0007015406470771701,-0.001090033259528611,-0.0003303469709189377,0.0009851820133857103,8.6398486938144e-06,0.003183132170683889,0.0005276518857995072,0.00019065926350014806,6.800162262621257e-05,-5.108774919793113e-05,0.0003323083507660307,0.005414975021475366,0.000597569136171261,-2.832042505951371e-05,6.246990797320606e-06,0.0005240309804970256,0.00035980739091101555,0.0008454448803612014,0.003352226107543821,0.0001238715592157824,0.0003242043941100725,-0.00028834895572538155,0.00021544449778154728,0.004003910456442661,-0.0001955375293796191,-0.0024116625175226725,0.0003851405276400488,0.0005676716222715594,-8.271849397867292e-05,0.00020378424245293125,0.00023221325208755417,-0.002541963773439182,-0.0016125761528327232,0.0001975239614890878,0.0009167922207562462,0.0004883921483702647,-0.00015082066603422373,-4.172316394834841e-05,0.00136485904358441,0.0017492531677139045,0.0005702889729695126,0.0010998758340186043,0.00033983523216973843,-0.00010497405622889033,0.000359563079724845,-0.00019816689366169982,-0.0008145943965187641,0.00033947082163598985,0.0023247815094691315,0.0008388867284043755,0.0006523430179379286,1.566408559372512e-05,0.00024716461477325424,0.00011021773423824932,0.0006284612496298969,6.652490796010824e-07,-0.0004554250923823888,0.0005126331713887211
0.0007376235197598113,0.0013071358945915268,0.00024173188360432363,3.1912640484188515e-05,4.988917519521685e-05,0.000136125979763424,0.00018894159474203143,0.0007460780300003744,-0.001313353504059589,-0.0002336527136950206,0.0010316329268604818,1.132386284075082e-05,0.0033958953596775476,0.00037226081988084303,0.00021460008284313048,8.591572180005613e-05,-8.158631536892003e-05,0.00033726701072911425,0.005893420339368349,0.0006396010042319933,-3.2494656347359374e-05,2.6374755567104557e-05,0.0005784913169362138,0.00038198130633460003,0.0008257868083081377,0.003498768968068111,0.00011182385105157344,0.0003396625505089901,-0.000265605311218442,0.00024089334012455943,0.0023054866923108985,-0.0005750137735934802,-0.0029937488525708655,0.0004111899083549808,0.0006203864918448154,-9.669778749543667e-05,0.00023557701131671216,0.00027130055925228547,-0.0024228346788367494,-0.0019426057992791845,0.0002122118509229054,0.0009949916614986343,0.0005277865421977612,-7.462999249707725e-05,1.3472528842095599e-05,0.001447487458398733,0.0018605284490047502,0.0006313240192954428,0.0012763072017931698,0.0004415738993570617,-7.112998922209623e-05,0.00039812988375409475,-0.0002447196830739351,-0.0009132503502169431,0.0004019908672934225,0.0022637204460620453,0.0009233659144618489,0.0007617854178139094,8.854526838053545e-05,0.0002778527724947022,0.00011803686082534348,0.0006097626954111313,-3.239742760563491e-05,-0.0002329238204120676,0.0011859576488908452
0.0007265313480493418,0.001554268091783051,0.0002479508822934573,3.2196105024473454e-05,4.908222180399768e-05,0.00013172060319766032,0.0002562243531731845,0.0007961509376961384,-0.0013370387840794251,-0.0001230356458621351,0.0010785023861108467,1.6293019690971633e-05,0.003856755274573409,0.000385853234220912,0.00023817692055283501,0.00010820627795093962,-0.00017156583989441643,0.0003405076141738128,0.006073744772501888,0.0006840080732832821,-3.263971434752655e-05,2.403447611443177e-05,0.0006325479288107339,0.00040503762322918746,0.0007758153118488931,0.0035913932866549203,8.58767484195333e-05,0.00032470371291748457,-0.00026482927493787223,0.00025817460119625935,0.001305177485792397,-0.0011532323452559945,-0.003472578378853841,0.0004396867715448227,0.0006833985519210106,-0.00011351423751138068,0.0002572385520356324,0.0003134642808761967,-0.0022452539885960965,-0.0024137422302135114,0.00022618417131647917,0.0010407539105579122,0.0005636795733421351,8.846556321273624e-06,8.397938888737855e-06,0.0015531330066125282,0.0019549670710590217,0.000690274475726671,0.0014626696587241028,0.0005422793736531428,-3.1614247908651194e-05,0.00042611337669451466,-0.0004132338889568654,-0.0009740274327543208,0.0004539461122383681,0.0024027081976716325,0.0010095731239820882,0.0008367754352682777,0.00015618253200133658,0.00030534421083672214,0.0001303675456969522,0.0006570554884584023,-7.692895631128405e-05,0.0001394079425329764,0.001859299141567572
0.0007473693834079143,0.0017792786908417124,0.0002561171999915235,3.0095726684109536e-05,4.72192154010731e-05,0.00012716760407993632,0.0003241341780351181,0.0008636746267658424,-0.0013675113373640135,0.00012143067559611254,0.0011238222148244326,2.0280988221044183e-05,0.004448686844374272,0.00030130200639266747,0.0002570414785245667,0.00014343095103286352,-0.000263177938759962,0.00034209297704723696,0.006403105823865829,0.0007443249373115801,-3.4810378350957905e-05,4.4835967165646196e-06,0.0006862449348210564,0.00042181362990145743,0.0007279492735154935,0.0036036047444263364,-8.765518516395954e-05,0.00028771031011665116,-0.0002931519873536903,0.00027524859230942944,-0.00213300095642166,-0.0019285343609938277,-0.0038121310112614326,0.0004747564972269469,0.0007569522174797338,-0.00013544531126497006,0.00026797587739935125,0.00034571853364373517,-0.002148793016434558,-0.0030193156843369984,0.00023592519042625604,0.001103279547902014,0.0005946034213686335,8.239726508718626e-05,1.7238346794012926e-05,0.0016573275166944512,0.0020698276621100575,0.0007357652870554343,0.0015989333938302153,0.0006324239343686866,-3.704510637725367e-05,0.00043011914939405926,-0.0005695081633454446,-0.0010662774953561494,0.0005393063562464384,0.0026473555443755625,0.0010931439915855545,0.0008993081575758843,0.00024177182100437733,0.0003273184301393339,0.00013861459060726666,0.0007251623331516743,-0.00013395185984854674,0.0004009268971780777,0.002139624138202789
0.0007592176056288036,0.0020380523020735453,0.00031378128052872434,5.065383808267043e-05,5.8435701239201165e-05,0.00014491833463270432,0.00043341691087350753,0.0010564049572312495,-0.0011784167063074724,0.00048281702216512734,0.0013772797541877768,2.4331799049148728e-05,0.004745560493877976,0.00033962084231431433,0.00035958102183331064,0.00023146060782464062,-0.0002310339893513147,0.00039367364674225414,0.00701310504974928,0.0009405998618006173,-3.4674833126802085e-05,-4.0601580192478615e-05,0.0008868321730965967,0.00047887818320524467,0.0007487484256478716,0.0041136137189496935,-0.000794447816337529,0.00027202341211185477,-0.0003136882581717959,0.0003678651596350502,-0.003910852500767059,-0.002747952548016297,-0.003995966930480099,0.0006212097724744847,0.0008955313403482545,-0.000144856559343709,0.0003358370262607213,0.00042397891068857163,-0.0020925959882093226,-0.003616903966677354,0.00027873660596799965,0.0013688260242623596,0.0007194764739693049,0.0001921465465619665,4.067780673988608e-05,0.0019610302552988124,0.0022381328951832646,0.0009064398493101589,0.0018035477588402848,0.0007965015688686794,-1.488964122775549e-06,0.0005271318407726877,-0.0005889704614033819,-0.0010268450559760556,0.0005783527391887144,0.002843008945537129,0.0013730247714145438,0.0010543851771247503,0.00033514910198495507,0.00035577693437005564,0.00016521926461954273,0.0008444149618609398,-0.00015263479913640854,0.0007278039843334749,0.0023747228015416066
0.0008509626792079228,0.0025531031900185575,0.0003886484076953689,7.148304987136811e-05,6.761424490875356e-05,0.000167783244869657,0.0005432063367192264,0.0012708852499994094,-0.0009195933375595322,0.0007151426163316543,0.0016952721554510664,2.5980220601518056e-05,0.0048756503213931435,0.00030003076821216723,0.0004783163431880677,0.00032078627338893995,-0.00022375644329564182,0.00046062833465243536,0.007029354035603008,0.0011528398127345074,-3.4870263089348263e-05,-3.9999339751739527e-05,0.0011217935476337537,0.0005473102067785618,0.0008154880422743815,0.0047278879313288336,-0.0017807188070193547,0.0002887659021286737,-0.00032101996683364664,0.0004617632277610362,-0.0039691408752062785,-0.0035935064005462314,-0.004029883600979334,0.0007461826667849447,0.00103712135858669,-0.00015830096718449926,0.000426396895198522,0.0005250905934310879,-0.0019400477766721158,-0.004156751166992878,0.00032639898109732,0.0015936547569703752,0.000848695796569876,0.0003381780780435939,0.00010705279337375195,0.0022961809774444397,0.0023098287769758308,0.0010984375469638152,0.002059703874113916,0.0009779338309834351,7.566448140550186e-05,0.0006394617784388767,-0.0005414446219581537,-0.000977720002743765,0.0006102663037763634,0.0026663011402621173,0.001727686910185433,0.0012107071118478974,0.0004102870470110709,0.00038051964716045994,0.00019144667702852836,0.0009570244624281798,-0.00018896037175719638,0.0011470676555715986,0.0026121695589345073
0.0008248058529702895,0.0028870340202793443,0.00045720415243932777,8.545902650136661e-05,7.484954606917782e-05,0.0001844688066956479,0.0006081758477143318,0.0014445426867648603,-0.000693168755812601,0.0009177539583045125,0.0019632010043750814,3.004483062940544e-05,0.004861516693375645,0.00025839375012348675,0.0005895657520416098,0.000381893632204644,-0.00031261554693651217,0.0004978542824896071,0.007139845783266319,0.0012624439451247582,-3.783354798436722e-05,-4.067335378310499e-05,0.001313854755293331,0.0006167820168119231,0.000913788489330214,0.005148499219499669,-0.0028666751704725657,0.0003417584723470757,-0.0003176060498066846,0.0005345453234497644,-0.004701965561601629,-0.004301033504377272,-0.003929453028768126,0.000822571853031917,0.0011520481399116544,-0.0001704762928600445,0.0005071247299164305,0.0005893281840219089,-0.001823895981006407,-0.004637178684872012,0.00036477647525079426,0.0017890145577919014,0.0009375922673684478,0.00044997859955442365,0.00012069719849550076,0.0025788485696531804,0.002299475797431505,0.0012601580484832287,0.002306938313674678,0.001133673360326659,0.0001300922158633533,0.0007084761746516399,-0.000504357715161885,-0.0009419143912503536,0.0006664893854810838,0.0023410904620142503,0.0020380210956341127,0.0013308700757124203,0.00043560801374242786,0.00040717459516725896,0.000208041544553339,0.0010827148198426784,-0.0002111447562958002,0.0015886584370345957,0.0027466234662736344
0.0007782549311379228,0.003082955496382267,0.00051287511765441,9.325646474978022e-05,7.042353083330788e-05,0.00019424424315483968,0.000652032489254939,0.0015622178656315988,-0.0005459542452376231,0.0010438179404848036,0.0021279012110204665,3.340339717716745e-05,0.004583466729189745,0.0004426526280203458,0.000652035569908449,0.0004174381859767262,-0.00039675766933877643,0.0004953175841957425,0.0071970351212062855,0.0013533088810320226,-3.9105593847788e-05,2.4094476534175513e-05,0.0014392316528233362,0.0006627263890250923,0.0009990946639892861,0.0054673676442131836,-0.004075769675418339,0.00040831386812523185,-0.00028582686245404165,0.0005799709233200723,-0.0052885042307382335,-0.004839278446167827,-0.003744409495555878,0.0008742075281764627,0.001222324389676288,-0.0002061856023402031,0.0005565392272504077,0.0006084729244677511,-0.0017168064827016716,-0.005191506523605893,0.0003867518178393148,0.001908506605671434,0.0009810407420194345,0.0006414959734204473,0.00011688113493102392,0.002706437186669408,0.00224604320615418,0.0013678560108203452,0.0025036899594754747,0.0012373310295232809,0.00019928171410010798,0.0007590584114711696,-0.0004832924274545958,-0.0008815302828317773,0.0005625333247101238,0.001993230040162164,0.0022404189707962985,0.00141767376484081,0.000438851316381772,0.0004245437189605017,0.0002112321142864193,0.0011283361650076262,-0.00027056559320914886,0.001901430922748526,0.002523129151808856
0.0007538055785552,0.003102411312064346,0.0005463887541612422,9.109753419078714e-05,6.640177802408331e-05,0.00019106879712449398,0.0006506017515202078,0.0015856803860565538,-0.0003531565935989134,0.001024408054448811,0.0021581515482602676,3.6601478108133634e-05,0.004225294989642414,0.000970583520057966,0.0006759757269265698,0.00042255000901780804,-0.0005590963180008846,0.0005019770498315701,0.007385952411707475,0.0013986844274482824,-4.055819314374709e-05,8.187400914350107e-05,0.0014807229648010622,0.0006778906117892447,0.0010498401238316912,0.00566931543797855,-0.005185276674134931,0.00048151213809743965,-0.0002445605729293199,0.0005854642483718031,-0.005973169167318937,-0.005143033103385819,-0.003502590543715045,0.0008757688560820931,0.0012488267952981413,-0.0002395587047118175,0.0005690536654692213,0.0006046399693908633,-0.001635351609170832,-0.0057604611794006555,0.0003897935345205106,0.0019557937332270736,0.000980747227627532,0.0008485798361566044,0.00016398600232214733,0.0027703221995649674,0.002183271793153363,0.0014109224840472834,0.0026036712069901213,0.0012875189203054305,0.0002235993758643584,0.0007601862850163954,-0.0003703391708642645,-0.0008691004115276568,0.0004600257336635494,0.0022062714566448705,0.002313655851997831,0.0014438051070069235,0.0004174631875104584,0.00042658231713521566,0.00020818780020537275,0.0011447871020016098,-0.00031830542439548193,0.002065096486806084,0.002296657181841466
0.0007795397654073444,0.0030435157970463145,0.0005476457003414925,8.178937903546846e-05,5.221658677623253e-05,0.00017580072402911817,0.0006228656560993695,0.0015211213510828436,-0.000340949154245207,0.000906417136427029,0.002049459618257643,3.6831379290669375e-05,0.003565201016224595,0.001288838980107787,0.0006621969769358138,0.00039316107707731973,-0.0007193388829854763,0.00046316651255073893,0.007606825802813022,0.0013702440749103761,-4.4180036626317865e-05,5.316518134712567e-05,0.001430778004971156,0.0006617326748705743,0.0011080144556818716,0.005929658376129465,-0.006271598263016709,0.0005593403784296402,-0.00018565163502670678,0.0005431047041624115,-0.0067882084923408526,-0.005234258538654557,-0.003220261237131483,0.0008452147589350645,0.001221523816246961,-0.00026711054062789064,0.0005352497049668781,0.0005931813006825326,-0.001663833152363181,-0.006439134165721949,0.00037467318621620116,0.0018607359846130045,0.0009433712810225092,0.0010461500757243947,0.0001705531709315089,0.002672072009465065,0.0020819342224291937,0.001381274452354475,0.0025862169089772014,0.0012976520443244155,0.00024943474640726215,0.0007078652070555691,-0.00027667596950076145,-0.0008363760372965823,0.0002806168004809706,0.002507887922399199,0.0022579181311581653,0.001432722483110771,0.0003805655411088793,0.00041250183064689416,0.00019332051432652264,0.0011131821038792289,-0.00038764703880156404,0.002149248967998174,0.002074660202715517
0.0007132009431827235,0.002882095124654427,0.000507267099797204,6.373447881458105e-05,3.80028803577126e-05,0.00014791642880274125,0.000549035155274602,0.001353809225558944,-0.00033712567125809834,0.0007751122866892501,0.001798472501756354,3.804776004101562e-05,0.0028651115617392975,0.0015783426425091118,0.0006087799488911916,0.00033631609770456983,-0.0009301015092441078,0.0003922281569599395,0.007915169519902454,0.0013037220422362772,-5.272954533053209e-05,0.00010811630831741859,0.0012854951784764257,0.0006155305007216061,0.0011816468208645237,0.005948531175461458,-0.006918280349655803,0.0006464097924121504,-0.00010939365692452796,0.0004735398527637713,-0.006968591958422032,-0.005063200307225402,-0.002930999988222993,0.0007653530827829158,0.0011568792730212163,-0.00027052364536184204,0.0004707541509987312,0.0005280190634076032,-0.0018023480613812426,-0.0071975037384978124,0.00033627660707580276,0.0016732602003834973,0.0008570442776549836,0.0011808777888488997,0.00022022644101316047,0.002446347229300372,0.0018732674286146,0.0012720523870179967,0.002426165213699649,0.0012489437912155399,0.0002367836746226537,0.0006246665080533731,-0.0003570224232825048,-0.000902478688982189,0.00012432210242963038,0.0025565866368779666,0.002064152120697882,0.00138793496763423,0.0003555820583442948,0.0003878974040958383,0.00017147758683933034,0.0010957657724457448,-0.00047701256915233525,0.002138463814996161,0.0023218226246348728
0.0006763202423134551,0.002649914998518632,0.0004420273948915199,3.798012924405292e-05,1.437811491378227e-05,0.00010620009855455415,0.000452587107670821,0.0010873996742264413,-0.00042532477337586805,0.0005253464694405796,0.0014163972339522601,4.166881439471304e-05,0.002524757311930914,0.0018313157347040754,0.0005105074433111589,0.0002517951233591553,-0.0012264327696070998,0.0002835363239936939,0.00790408975126411,0.0011792273168507172,-6.484214863244908e-05,6.541130152082353e-05,0.0010526828261150367,0.0005466704987435733,0.0012407677101249348,0.005715454055629454,-0.007147693818417289,0.0007179125737730718,-2.8449617380799097e-05,0.00036038151000528096,-0.007102739531866686,-0.00469227251660409,-0.0027958877635472223,0.0006454467634566807,0.001055623576525777,-0.0002848677798935606,0.00037953082051589426,0.00044564896543031196,-0.0019290131058993243,-0.007799681714548812,0.0002618250309847081,0.0013994519260380756,0.0007177825387429948,0.0012409507383659424,0.00024943738257210413,0.0021278415744627743,0.0016955776346871954,0.001084401421767467,0.0021744204988893845,0.0011638181375854817,0.00019415428404090385,0.0005264399067856917,-0.00024416125614712403,-0.0008158465554247707,-0.0001383382640435249,0.00260967164145276,0.001747265333902126,0.0012997140150361464,0.00030977773345219894,0.0003554302512152052,0.0001449946288401005,0.001034009037022221,-0.0005589479829203325,0.002103498411506255,0.003448907770438936
0.0006400229685750158,0.002332052099305537,0.00034845155083118584,3.237779640397065e-06,-7.846142191070271e-06,5.124448970050821e-05,0.0003106403267898461,0.0007430406859729732,-0.0006460620423355268,0.0002218098362509746,0.0009130707718412179,3.856380812927718e-05,0.0020478946482502813,0.002063698782265755,0.0003640233928734471,0.00012997439069106775,-0.0015187487171872682,0.00013788507381207182,0.00715822882641981,0.0009397756712936634,-7.691163681633473e-05,7.220700264998214e-05,0.0007401157230164657,0.00045333643198874896,0.0012585274986012251,0.005643723543682144,-0.007133103424416309,0.0007595862898421846,2.7617284023895294e-05,0.0002319257757750215,-0.0075628032830493686,-0.004292239448733137,-0.0027428266965974224,0.000502878217754521,0.0009046694929168986,-0.00029838059650644233,0.00026143157760460944,0.0003416447286972435,-0.0020934976949891215,-0.008248300148001486,0.00017136989502164468,0.001042109615188691,0.0005347803430688636,0.001291791000619824,0.00023682169129335406,0.0017007693486703612,0.001441965258981881,0.0008279675266043007,0.0018627411495146795,0.000989434786893284,0.00015598695726937173,0.0003941285695563401,-0.00033445469442816567,-0.0007267167827808008,-0.000340704656878299,0.0026196170796142226,0.0013039650602004738,0.0011746528591598526,0.00022511960885140958,0.0003277886926655871,0.00011637097799210849,0.0008737894878578789,-0.0006932543254242196,0.0018607022777517024,0.0045797192394150255
0.000512341862116017,0.002016197306858869,0.0002270846755940692,-3.745725833093072e-05,-3.5397609875142955e-05,-1.7259424771931542e-05,0.00011438483139802891,0.0003173733273076351,-0.0009788661565692802,-9.344264227995058e-05,0.00028805625966676907,3.9121580146739277e-05,0.002169565669343454,0.0019665012404814775,0.0001785020897080436,-1.0563336005575685e-05,-0.0018024267975628172,-3.286978965733045e-05,0.0065170139361534485,0.0006742174562219816,-9.030642978768988e-05,5.425211139309383e-05,0.00035366433207029147,0.0003419541999336584,0.001212255520111949,0.005251589648986199,-0.00675023459553914,0.0007562741406932361,7.195819030147987e-05,5.589270314754202e-05,-0.007531075538758758,-0.0038006733839583973,-0.0028191260620638037,0.00032475090471972834,0.0007192348404769788,-0.0003368116410623623,0.00011731769540745951,0.00023293998091733492,-0.0023944381864483555,-0.008610931282051149,6.147645668885815e-05,0.0006739973299163537,0.0003224357983921955,0.0013176512298254117,0.00021822552978245646,0.001175131506281346,0.0011494840986612243,0.0005095271277577584,0.0014489679079074946,0.0007881396864661827,0.00010594525383234021,0.00024357398601981828,-0.00042662967414897057,-0.0008117057971273045,-0.0006035361689445962,0.002187107456170345,0.0007465559852821713,0.001022983668584665,0.00011800210137780098,0.00029568394202184045,7.546079576403741e-05,0.0006377282473477575,-0.000785435397981038,0.0015800385413673457,0.005703061046872238
0.0004547150637383979,0.0015938433494653292,9.319571708088503e-05,-8.665510727912107e-05,-5.9803864922214345e-05,-9.870367966458016e-05,-8.794308862203337e-05,-0.00017578381565253043,-0.0013101164745261684,-0.0005231135296388523,-0.00045139809197602965,4.290908733928234e-05,0.0022463204474696408,0.002043003862558068,-6.115216872970564e-05,-0.00017649027972588271,-0.002104470488937471,-0.0002289267856581123,0.0058376706580931526,0.0003946868741231402,-0.00010943750548020326,-4.3529597380964624e-05,-0.0001036080406009443,0.00020574006719753513,0.0011086909648667653,0.0050089086586875275,-0.005858031393986107,0.0007190887020014358,9.830739055471938e-05,-0.00015777028960350936,-0.007949855448546095,-0.003319256950363614,-0.0029598654858726814,0.00011359482569561763,0.00048778296500073814,-0.0003635110223919602,-4.928395618619685e-05,9.987948326339868e-05,-0.0026284250065015113,-0.008842532536666448,-6.139302406482638e-05,0.0002204935877454517,8.657386605337436e-05,0.0013762617988981596,0.00017826808105936287,0.0005056197471160484,0.000919886061586217,0.0001425062417086398,0.0009411073523162283,0.00055978608023044,4.899567451754905e-05,7.369686756208971e-05,-0.0005159983516267452,-0.0007386718018609351,-0.0010209843951629605,0.0018920494237006924,8.37315416055695e-05,0.0008335868181843509,1.820968111809762e-05,0.00025320595205680085,2.8134562006343344e-05,0.0003914536109950184,-0.0008772697869475765,0.0012257547160092752,0.006155562592275565
0.00033078993643309573,0.0010733648591898515,-7.036745919930532e-05,-0.00014004479142948334,-9.290459229982506e-05,-0.00018703524674990035,-0.0003680984980344304,-0.0007366614699561014,-0.0017069196345511628,-0.001020967081317048,-0.0012810642117326854,4.0515905298299515e-05,0.002240260674254646,0.0019025700283084035,-0.0003370343501200024,-0.0003657972283229727,-0.0023577597493467106,-0.00045338659410287807,0.005072107876844312,2.6608891939616797e-05,-0.00012315721575151262,-8.613607786489563e-05,-0.0006272870331505143,5.006842765609143e-05,0.000960665038718167,0.004383285832034067,-0.004466216365610398,0.0006544443771869801,0.00010670706816795494,-0.0003920335473963643,-0.006935214359219177,-0.0028560639021685263,-0.0031124040964211064,-0.00012668478002675343,0.0002460763892511153,-0.00038097376665369165,-0.00023074754843743772,-5.20945805022599e-05,-0.0027960810130737146,-0.008967728662473862,-0.0001970329845780716,-0.00032295697547746194,-0.00018082236212735303,0.001429057318405702,9.126125597891388e-05,-0.00024887098332260216,0.0007140624380272964,-0.0002761639467229182,0.0003074642568736685,0.0003274317954513606,-7.540779706216583e-06,-0.00012196557511112704,-0.0006235739888275083,-0.0006916942899893863,-0.0013436033015591375,0.0014575547064208383,-0.0006679441613938186,0.0006124269202367749,-8.081354064981561e-05,0.00020659400735323352,-2.476992304611958e-05,0.00017767648628952415,-0.0009785209328508904,0.0008499445360143909,0.005925959830236138
0.00033229394632083853,0.0004918006141869657,-0.0002642355238570149,-0.00020027344441253536,-0.00012941719264181195,-0.0002860652185850965,-0.0006403722788407284,-0.0013589041271380164,-0.0021628461219365125,-0.0014737131300962547,-0.0021834510817152486,3.921770835102478e-05,0.002375060558150288,0.0019895224785886345,-0.0006351484619999681,-0.0005721823619077027,-0.0026306029868372605,-0.0006834611999676499,0.004795648677955233,-0.0003548672618286508,-0.0001358817918577504,-0.00020425220673259137,-0.0012028858074135673,-0.0001232091902801935,0.0007584610007254078,0.003931900362032392,-0.002827894520607943,0.0005739201307362052,9.174233532749376e-05,-0.0006510186234791604,-0.0059496072352372975,-0.002502341040854228,-0.0031611285071746487,-0.0003811043431116712,1.7266357505762997e-05,-0.0003975829320381763,-0.00040850446845008825,-0.00023148670055850307,-0.0030307137064478074,-0.009040839539732781,-0.00033613199145243744,-0.0009265231238972937,-0.00047139827594500083,0.0014839033025344506,-1.7518148597961414e-05,-0.0011221283676932092,0.00047238908096458587,-0.0007431003212374776,-0.0004257592129819354,3.900298142300862e-05,-9.008282815103907e-05,-0.00031936561054457524,-0.0007281680190917017,-0.000652240973221585,-0.0015944602565984844,0.000947615922442413,-0.0014998394632860235,0.0003579716619270812,-0.00015244536276681764,0.00015564337282714114,-8.665046927736064e-05,-6.516035816361843e-05,-0.0010813791805612816,0.00024096602003531586,0.005702397455074504
0.0002650220659412561,-0.00013397573864770695,-0.0004785135197767909,-0.0002623562777869237,-0.0001642530124625896,-0.0003882966894644957,-0.0009246424197558722,-0.0020426923018508347,-0.0026935828535181727,-0.0019851280241214297,-0.0031606743357346367,3.443393161939312e-05,0.0022887393541004553,0.0017933929768743084,-0.000980396402401551,-0.0007848467979008067,-0.0028171821979928735,-0.0009145247030365455,0.004421894367302004,-0.0007755617688037786,-0.00015384093458203907,-0.0003104032752165864,-0.0018272913526520274,-0.0003124092899920994,0.0005057022647094733,0.0034222540097359477,-0.0008227067704681401,0.00045866741848565873,5.296267743548633e-05,-0.0009263909164742845,-0.0057545335928973484,-0.002275760775800717,-0.0030822911386678697,-0.0006612385378080843,-0.00024843651000272526,-0.0004146979590987643,-0.0005878442128196548,-0.00040969916536193196,-0.003248279031060841,-0.009028432063213465,-0.0004985996699016226,-0.0015583596306498748,-0.0007833157816421465,0.0015182271767737454,-7.638149503153002e-05,-0.0020674122793775673,0.00023016298482980702,-0.0012481399217036948,-0.001232140121776193,-0.00022892449866207532,-0.0001476722934359298,-0.0005160758520713626,-0.0008036038915513188,-0.0006519932231268122,-0.0018518195357420941,0.0002684170501492389,-0.002412240400156085,0.00010664624586897986,-0.000240751019561114,9.48583389770441e-05,-0.00015234085024640187,-0.0003710117959869752,-0.0011601603908841795,-0.0004843721609019136,0.005474309043548287
0.0002568276676166992,-0.0008274977813076401,-0.0007113336957480509,-0.00033783270017506695,-0.0002025574304510558,-0.0004969954516280684,-0.0012600258039682233,-0.002782471542958964,-0.003321091124614872,-0.0025905292982606465,-0.0042073115378544745,3.1716421782235216e-05,0.0022705928287851673,0.0020209758825846524,-0.0013681461242180948,-0.0010240501433675941,-0.0029744522753420988,-0.0011601384039295892,0.004303130343683792,-0.0012498227097065273,-0.00016534148620084288,-0.0004347652685372516,-0.0025022452035111664,-0.0005155849239902865,0.00020318632346638665,0.0028284565854199695,0.0016220930784791587,0.0002970464024523167,7.3665986572990505e-06,-0.0012074970466321444,-0.00459611811893923,-0.002098288305518281,-0.0028062061156596263,-0.0009508688284727285,-0.0005320352948849916,-0.000423410002076241,-0.0007889660293119993,-0.0006029131905691543,-0.003520740403054501,-0.008996652895220225,-0.0006735882519973702,-0.002246978025985724,-0.0011090214442414092,0.0014922847873857226,-0.00014962711563337727,-0.0030849680445687033,-3.2163974547860796e-05,-0.0017789276693560563,-0.002128244690799974,-0.0005299240186936727,-0.00022473769145203715,-0.0007407620707789997,-0.0008455723438565155,-0.0011276470470470423,-0.002144062465282204,-0.000777617006400444,-0.0033800994223213143,-0.0001888943212505767,-0.0003199438478980188,3.4229290218679154e-05,-0.00022074822609918776,-0.0006232589791682619,-0.0012215684263665594,-0.0010618461145132096,0.005247343633525858
0.0002092151515156182,-0.001547594484740844,-0.0009484202421909949,-0.000417002828547286,-0.00024642570899857663,-0.0006036902300972091,-0.0015858963900812206,-0.0035645387072259505,-0.003853316381471905,-0.003267847043926686,-0.0053215260615046,2.3845353972706818e-05,0.0024251649369313455,0.002175370588298975,-0.0017902979912599593,-0.0012626868146573544,-0.003117271216461659,-0.0014355925214283305,0.00457517934441487,-0.0017360249373090664,-0.00018436777937735904,-0.0005038965056377576,-0.0032246491000844646,-0.0007281246488967108,-0.00014031841382300403,0.0020503634651500846,0.00441393243821353,6.992639514913357e-05,-5.764150462350681e-05,-0.0015019282465594808,-0.004014287021083085,-0.001983151259662086,-0.002285346986317105,-0.0012559941176690792,-0.0008099278179558578,-0.0004099797084086143,-0.0010060725771022794,-0.0008133104064003138,-0.0037981609219694956,-0.008958481549971697,-0.0008613425530152874,-0.002952830383698535,-0.0014489017295346018,0.0015120544758779886,-0.00019067494147595454,-0.004145491482561381,-0.0003124613739724502,-0.0023598863767646527,-0.003109084407844076,-0.0008938484757996523,-0.00031524677021110836,-0.0009589942643327687,-0.0009939571285794147,-0.001526279396682595,-0.0025031104136381543,-0.0016026174550589634,-0.0044195838737774995,-0.0005113591090899483,-0.0003859262016087106,-2.525472168490861e-05,-0.00029241714168892763,-0.0009260863574288569,-0.001297549708562662,-0.0015879304795086702,0.0050220967561080965
0.00023877136374550467,-0.002218750517859913,-0.0011996313912697731,-0.000495038161065553,-0.00029219396144897214,-0.0007133031978747706,-0.001973138741908853,-0.004370832171850858,-0.0043659691183126625,-0.00381726201516297,-0.006479631383397022,1.8909483028295426e-05,0.0022024275384349146,0.0021365680486074012,-0.0022148138090336555,-0.001515837823893973,-0.0032176789789752913,-0.0017260790870204934,0.004636536845486372,-0.002211224159670233,-0.0001949492201602787,-0.0005677906055362447,-0.003966449904875824,-0.0009479102492648828,-0.000478507914665971,0.001218723652044229,0.007547207857806271,-0.00018918141640023034,-9.984684752395445e-05,-0.001810874462957468,-0.0030948449914266485,-0.0017236278449994646,-0.0014602116763017259,-0.0015618518113645896,-0.0010987486096289967,-0.00038202267808595813,-0.001225479915194616,-0.0010306265153294802,-0.004096489796892699,-0.009030903116128863,-0.00104555003061102,-0.0036825454106367284,-0.001799758045027744,0.0014876244642878511,-0.00024694036493566607,-0.0052450763870335315,-0.0005834795578473218,-0.0029603335881327464,-0.004200626780552774,-0.0012521255984838664,-0.0004009947999304986,-0.0011938938149199663,-0.0011423347516541504,-0.0020177336555993186,-0.002769942845224138,-0.002544232624753673,-0.005514052566235161,-0.0008511910348736329,-0.0004592752633555408,-9.852073615046475e-05,-0.00035809061724256797,-0.0012597878171258792,-0.0014018814372894761,-0.0023219959748267405,0.004796849878690335
0.00023330894584905337,-0.002772639597636295,-0.0014465592753434287,-0.0005733985782900852,-0.00034038614071307816,-0.0008242314735255052,-0.0023481775922197246,-0.0051794071163131505,-0.0048358786970300605,-0.004374521474663551,-0.007627866242842729,1.616961942074724e-05,0.002043109094693518,0.0020633528386582167,-0.00264603296852306,-0.0017562042493047825,-0.003317211943705156,-0.001996465591841634,0.004882897054502955,-0.002702728472972149,-0.0002074085586203367,-0.0006627437606842035,-0.004715578644991614,-0.0011724466014193524,-0.0007807317440378103,0.0004795246653308549,0.010891573411107469,-0.0004679581384786635,-0.0001276437066072278,-0.002115697921967863,-0.0023396253592204985,-0.0013252049484568929,-0.0003559255893145208,-0.0018786347944236281,-0.0013758188182002584,-0.00032784938284158294,-0.0014276779138122642,-0.001249036694097705,-0.004470987655912584,-0.009219471740893215,-0.0012223010661652767,-0.004392611249538492,-0.002148952023387718,0.0014550896558307436,-0.00032439991231947296,-0.006339244174199399,-0.0008614129581075991,-0.003568945527091749,-0.005362795337301329,-0.0016145271066712041,-0.0004867791911870034,-0.0014335301286684254,-0.0012968303684272042,-0.0028838692359565155,-0.0030121377803842275,-0.002717053069363873,-0.006639546028336163,-0.0012001486517968507,-0.0005026313956009165,-0.00016091797320005874,-0.00042694958792843796,-0.0016053372101669794,-0.0014870496033676517,-0.0030406076563959106,0.004570088650759585
0.00022353809377251288,-0.003331189489749642,-0.0016865938034241745,-0.0006503500182795108,-0.00037772394171442514,-0.0009346738235436192,-0.0026871646307800034,-0.005976268705220278,-0.0052737575210281,-0.004917052042931247,-0.008750679879387269,1.1754691550569518e-05,0.0023904711105136034,0.001956499755569885,-0.0030846621700875154,-0.001986519079220428,-0.0034715282136251746,-0.0022557386171691007,0.005123214799616305,-0.003130924116337974,-0.00021433262893710836,-0.0007077781945691308,-0.00544641404644608,-0.0013866036251231062,-0.0010592985041080194,-0.0004028344365734071,0.014364712450657402,-0.0007550282811645825,-0.00014284697268518443,-0.0024118528775672887,-0.0006956174822190242,-0.0007833458839985319,0.0010381803909793597,-0.0021859645579426212,-0.001644759688221975,-0.00027542984288109196,-0.001607533646985737,-0.0014290951342195157,-0.00482816393520713,-0.009391308299904866,-0.0013929099143565882,-0.005086778380948398,-0.0024867884131921647,0.0014177880228329887,-0.00044474554928408683,-0.007299217820545989,-0.0011191318422291152,-0.004174084989049254,-0.006567101097356032,-0.0019465055659888542,-0.000572079071767595,-0.0016590465458699022,-0.0015291981933059917,-0.00378906722375838,-0.0031693263665536486,-0.002648587891219689,-0.0077770009845749,-0.0015406707173818424,-0.0005479590859339689,-0.00023341914121277618,-0.0004924775519059565,-0.0019253394359701748,-0.0015762109864140283,-0.003762927073529987,0.004335160139163907
0.00015590674129328796,-0.003942071158862803,-0.0019093740562927675,-0.000721718957631845,-0.00041669105898101133,-0.001040689612135437,-0.003013525307327125,-0.006735316551320425,-0.005614410028949801,-0.0054083276911366385,-0.009830052799649325,9.751849691763681e-06,0.002755148428512433,0.001966402491215158,-0.0035074513304380606,-0.002206372717818539,-0.0035850997304027743,-0.0025004628402093276,0.005549478047551126,-0.003549419978238655,-0.0002248037814677195,-0.0008085523441123676,-0.006152096905826743,-0.0015892141169884244,-0.0013523241846497003,-0.0013047246622899245,0.017792059029327678,-0.0010658144421951121,-0.00013701131547383394,-0.0026946888827960036,-0.0004261471528027583,-5.724621885028203e-05,0.0026235590925409724,-0.002473234975922667,-0.0019001234013172885,-0.00022718526169951403,-0.001770870443567829,-0.0016045870517066296,-0.005219123271156922,-0.00961363467128229,-0.0015603407304788375,-0.005760285060669168,-0.0028158194954909233,0.0013848923939612234,-0.0005078160389474506,-0.008267388411769439,-0.0014156745615307997,-0.004747512897240069,-0.007748834483480516,-0.002236280744595698,-0.0006483535156837084,-0.0018542088720379102,-0.0015744509878736768,-0.0045659429747800795,-0.003395630211373235,-0.002794835130003781,-0.008889319478086688,-0.0019083294786095273,-0.0006093208430604236,-0.0003124101911000654,-0.0005476441184276704,-0.002196256422575704,-0.001662680766996938,-0.004459454451356093,0.004098359958394582
0.00014885439696787905,-0.004565294994485103,-0.0021170459032708866,-0.0007860172644428287,-0.0004511043538498738,-0.0011335943056345332,-0.0032873064340690483,-0.007436764590154965,-0.005960496769600421,-0.005951247877407639,-0.01083467356737422,6.422839536224245e-06,0.0030199877911341044,0.0015750337665558778,-0.003906276101825812,-0.0024015648182912352,-0.0036738378581198106,-0.002721221181953948,0.005853255023498427,-0.003922343569645048,-0.0002388461373304951,-0.0009001687261299685,-0.006814806446248212,-0.0017877371757241134,-0.0016886405706726393,-0.002339201366032939,0.021289336805484727,-0.0013997288521853113,-9.000459674146644e-05,-0.002951275983642754,-0.0008251153054789073,0.0009354299228061524,0.004351475623148193,-0.002733880905715025,-0.0021379144385809123,-0.00015976827046804143,-0.0019140716153912551,-0.0017813270370545808,-0.005564047226989222,-0.0098626074338104,-0.001718755868044597,-0.0062996433609795455,-0.003118903739930956,0.001310506496769781,-0.0005535838366704793,-0.009186980620681129,-0.001712561208769836,-0.005280444340085677,-0.008880885297413488,-0.0024852801560240056,-0.0006834464563925113,-0.0020581588031506337,-0.001771754422884908,-0.005289985578368683,-0.003620547827847931,-0.002811156083611599,-0.009938991901904837,-0.0022758029211438213,-0.0007025511568541365,-0.0003774324403605922,-0.0005963810465849928,-0.002450158705985972,-0.0017283860075433255,-0.005189079126309282,0.0038646905696970713
8.085322326589761e-05,-0.004951460795088902,-0.002301097892985604,-0.000848232218735756,-0.0004829737110271237,-0.00121086908795498,-0.003523255003915371,-0.008061098749340356,-0.00622901968394185,-0.006459571469263348,-0.01174341946164259,-3.1189103574247312e-06,0.0029123711819372122,0.0012377254634914348,-0.004283175028048758,-0.0025873364986762626,-0.0036664967534761894,-0.002912439046516724,0.006208818643511194,-0.004247350606570777,-0.00024911042248143556,-0.0009972506711727336,-0.007419831305838787,-0.001958429325370492,-0.0020090328674164937,-0.003263560822000855,0.024697113503585166,-0.0017417965351365083,3.3466798674552933e-06,-0.003187291422702021,-0.0005962151643664759,0.002244747901777533,0.006120594932803369,-0.0029612584414047127,-0.00234644839154885,-8.433141886676765e-05,-0.0020436369675942423,-0.0019310076447325297,-0.005982682907776371,-0.010002724238419414,-0.0018512923736782039,-0.006784100215233568,-0.003382507203098739,0.0012120652478591065,-0.0005804043649033641,-0.009976150529276473,-0.0018975447672455736,-0.005760132767929527,-0.009956777859593813,-0.0026398179175776137,-0.000729636534585909,-0.0022230558261624456,-0.0017976677312844247,-0.005937622042536561,-0.0038429444573622185,-0.0032352626267990736,-0.01089777889281296,-0.002587973848534708,-0.0008028475697516857,-0.0004360377168962648,-0.000647410741920984,-0.002712988374582226,-0.0018130761658982086,-0.005868673032821126,0.0037864037527308714
-3.6782271296775804e-05,-0.005208435994091931,-0.0024536454473604863,-0.0009001914792770016,-0.0005102419341196374,-0.0012741622150801435,-0.0036770110562032166,-0.008592134667203322,-0.006392036660885614,-0.006833037637321793,-0.012544661214348607,-6.309881903199255e-06,0.0025442195894533892,0.0008328029123778613,-0.004631127605259522,-0.0027498677494541823,-0.0036456470936158114,-0.003063886766043744,0.0064282107589963555,-0.004549378761468326,-0.0002566060323608843,-0.0010425352849382508,-0.007951793458742418,-0.002107627882491969,-0.0022883164259688282,-0.004491424769414332,0.02791631071586642,-0.0020764181514676405,0.00013133293920675193,-0.0033939555209057115,0.0007714775495279991,0.0037612566854205998,0.007910180516066845,-0.0031630251878095317,-0.0025069833236991412,-5.276858901503978e-06,-0.0021562642174282054,-0.002066246657187021,-0.006487464456609859,-0.010152517763390656,-0.001968795988829375,-0.007194676563368141,-0.0036033872705182324,0.001138558113995325,-0.0006178936655254486,-0.010669548821405805,-0.0020370950756222195,-0.006174348192194867,-0.010953255537287099,-0.0028011386218473877,-0.0007568527140822123,-0.002360637316219938,-0.0017173798421407094,-0.006828059641011186,-0.004109242675923941,-0.003460000308630695,-0.011751395083713145,-0.0028342442470924434,-0.0008910392514751564,-0.0004798773425399583,-0.0006888542780947304,-0.0029520782742123997,-0.0018844802262939497,-0.006401888004955336,0.00468596198776039
-0.0001404526022089625,-0.005469481151013422,-0.00257619726044811,-0.00093856926395397,-0.0005310873934729621,-0.0013246639337027855,-0.003821510439876774,-0.009042154065523333,-0.006562189336689506,-0.00717248653263014,-0.013202948258112968,-8.661759584471795e-06,0.002345077386263439,0.000506339089909158,-0.0049235512296268436,-0.0028707651707788884,-0.003721231158100413,-0.0031950546023796766,0.007018604597951894,-0.004767892520399664,-0.000264317170505457,-0.001079668178225357,-0.008399052375144267,-0.0022307451675218637,-0.0025038454788965936,-0.005079898226422075,0.030888664953378386,-0.0023943559686919746,0.0002825678215234717,-0.0035698932690921836,0.0016447585711163448,0.005418569241910198,0.009615204003067035,-0.003315878985259979,-0.0026541286308389145,7.739023769048892e-05,-0.0022305703976146507,-0.0021641952509252604,-0.006989713791023866,-0.010279590016984863,-0.002057101488993407,-0.0074865850329367545,-0.00377807672449626,0.0011167510586373997,-0.000661892178769663,-0.011208509914981124,-0.0021700250397016507,-0.006511214738279758,-0.011843597653602211,-0.002906004787768146,-0.0007636782097694139,-0.0024742619008715216,-0.0016719921439160013,-0.007660420069623863,-0.004308492515518125,-0.003838885494480415,-0.012487857776974365,-0.0030463127464540607,-0.0009674690916231521,-0.0005125744911886887,-0.0007213558764314065,-0.003110377771545214,-0.0019097196911919134,-0.006966238098530919,0.0055915265793187174
-0.00029325838859750597,-0.005470161453621003,-0.0026660650447140055,-0.0009619724157496901,-0.0005465061061458165,-0.0013606526130183205,-0.0039004272372710203,-0.009376714593846924,-0.006631010447580854,-0.007385777144126249,-0.013710277608889654,-4.801899835094048e-06,0.002028162188099314,1.0802688803490668e-05,-0.005158401853206818,-0.002959127599045819,-0.003850294382214514,-0.003282784084459367,0.007402106100965922,-0.004921177104673546,-0.000269763353002328,-0.0011372955804201945,-0.008752702349404284,-0.0023230662946039926,-0.002681435109077812,-0.005598405374147242,0.03354283206792119,-0.0027224121210165375,0.000463402114110556,-0.003694390818281823,0.002531368111760024,0.007270315759296819,0.011212887398437399,-0.0034194780742011766,-0.0027669382488891836,0.00016036782880979317,-0.0022682732878905876,-0.0022285900562745153,-0.007559262568623271,-0.010458911529247272,-0.00211738763238023,-0.007708918537359444,-0.0038955855579576593,0.001106924909868301,-0.0007250393777872288,-0.011700562054418273,-0.0022483079248718507,-0.006761173429713829,-0.012576215149331715,-0.003000991671228803,-0.000742528422208788,-0.002560155343779069,-0.0016011280497310043,-0.008361997890672268,-0.004422479163977311,-0.004080345919601158,-0.01308413286964516,-0.0032338504369412435,-0.0010125319060222404,-0.0005168570775845316,-0.0007443227461648716,-0.0031433321630814914,-0.0019078158421393931,-0.007485333849562625,0.006503114542580235
-0.00035765895171402384,-0.005482867116788026,-0.0027291613942619364,-0.000976665204959759,-0.0005578434267353716,-0.0013789466798383998,-0.003926662467668263,-0.009588482405476717,-0.006506860149483984,-0.007515499748115828,-0.014045736796296393,-7.592228419173175e-06,0.0016599436546123059,-0.0003946922101145667,-0.005335915080850184,-0.003008781578198838,-0.003910481625086337,-0.0033343696973796577,0.008118073894909372,-0.005009015238969461,-0.0002703276041701175,-0.0012256525041810518,-0.008997896419039697,-0.0023877942847618794,-0.002853765336952141,-0.006005541987032181,0.035926252434984374,-0.0030600461550175373,0.0006483555549983144,-0.00378235901134516,0.0026886673045822818,0.009131465087056645,0.012621163746496133,-0.0034714416340481113,-0.0028339221029782813,0.00023108174229347078,-0.0022703111307293966,-0.0022667819966424307,-0.008082047225338673,-0.010599949651453278,-0.002152868983195111,-0.007847157857562737,-0.003960926127035913,0.001150210194429846,-0.0007657208326583564,-0.011986258065881605,-0.0022087440507760903,-0.006924539115025108,-0.01312428140815769,-0.0030951146146122044,-0.0007376056958131594,-0.002594912498229074,-0.0015669438160524907,-0.008871487739597783,-0.004551720774044754,-0.004290954538664127,-0.013516821741163199,-0.0033622436135444245,-0.001070568819226847,-0.0005207563029681062,-0.0007565580999715493,-0.003175296268454919,-0.0018508060486874811,-0.0077680733238381094,0.007603383773683303
-0.0004034110905644095,-0.005429537607139379,-0.0027575371942539784,-0.0009763628660027779,-0.0005621082221710649,-0.0013812198891964833,-0.003940294019248114,-0.009659004296315832,-0.0062746669312534475,-0.0074434591106412595,-0.014198930415898592,-1.242334665985112e-05,0.0017050629311510246,-0.0013131673652194698,-0.005454575536685824,-0.0030090039619796727,-0.003921491540905486,-0.003334907113367702,0.008563848039532695,-0.0050172087179201075,-0.0002698971155672414,-0.0013048070835087744,-0.009123362908636024,-0.0024056238268207464,-0.003031993115661047,-0.006047868920213473,0.03781533223719946,-0.003416554525956239,0.000805648542885784,-0.003808554558517252,0.002636922475799164,0.010713643517988869,0.013820921431207278,-0.003465640693307681,-0.0028382144462020253,0.00030876330102880267,-0.002238223830863917,-0.0022473162665666013,-0.008585226409815516,-0.010727452968035456,-0.00216241278151752,-0.00787616702225069,-0.0039631735672488455,0.001192658773450983,-0.0008325315047569282,-0.0121328513737885,-0.0022136403488887124,-0.006987922690803616,-0.013466695116722494,-0.0031497985139353757,-0.000733336502298676,-0.002590348954227939,-0.001515221250738108,-0.009201702418245916,-0.0046264573682983645,-0.004801658857652602,-0.013752673541017724,-0.00342382923630824,-0.0011082206146398876,-0.0005119481542571469,-0.000755420898284509,-0.003193345046170859,-0.001756760186198747,-0.007894568340568453,0.009208663378087234
-0.0004237496584081901,-0.005330244282650942,-0.0027361991009374753,-0.0009648254935140654,-0.000559157260551113,-0.0013687685799550486,-0.0038755877476795986,-0.009584996562191361,-0.005862460725759022,-0.007242341931318341,-0.01414196263200529,-1.6320384994661374e-05,0.0017477793533517971,-0.001805407564995698,-0.005503454864623225,-0.002958264460467541,-0.003929392147385635,-0.0032945387708522844,0.008922282066308185,-0.004922228801055195,-0.00026628200832912174,-0.001386309604716085,-0.009112359273553361,-0.0023843180086241533,-0.0032094744141126785,-0.006134745016150411,0.03895724723429872,-0.0037612545694818422,0.0009660342627269003,-0.0037841978511942154,0.0030903870046754545,0.012167997165251965,0.014849772150832274,-0.0033889587163495882,-0.0027648651548050074,0.0003873249719044125,-0.00216868993574737,-0.0022295160960328353,-0.009074932673612812,-0.010924525011897224,-0.0021391011705846896,-0.007765017392929119,-0.0039013755874606204,0.001249191097849156,-0.0008408080298953902,-0.0120606536651513,-0.0020864146356029956,-0.006940854751847136,-0.013602291182855164,-0.003154704083652482,-0.0006948986855920269,-0.002560808832742345,-0.0016562955494859866,-0.00937572785603924,-0.004634499565958516,-0.005094289478425051,-0.013787935318896771,-0.0034291313511870536,-0.0011094253598186166,-0.0004992499496276892,-0.0007417148626410741,-0.0031495473614905345,-0.0016550004583228972,-0.007962575010697082,0.010797999764169841
-0.0005264842968430994,-0.0051321548454313914,-0.0026647753291176857,-0.0009364626432587508,-0.0005450325934778233,-0.0013353875521290304,-0.003742612494314179,-0.009368613872339449,-0.005437071540013494,-0.006916617800397873,-0.0138705369398332,-2.1843188088288557e-05,0.00142743960533398,-0.002206985127659933,-0.005477192780227846,-0.0028732583668564793,-0.0038800399363606575,-0.003207286528563058,0.009484410696783518,-0.004755804535676478,-0.0002629394113565775,-0.0013988695062013834,-0.008960763342162559,-0.0023263601006652257,-0.003364156213205738,-0.005956878421910949,0.03949600678068288,-0.004069431757086184,0.001112588543787929,-0.0036998687658763574,0.002694848833607155,0.013371099330370395,0.015720381583179677,-0.0032651500161604563,-0.0026385298377443744,0.0004603078772040803,-0.002044758058858842,-0.002181402149139977,-0.009452853436888398,-0.011147802666630069,-0.0020818666819517606,-0.00748686387090014,-0.003770124710434253,0.0013144512474965175,-0.0007926016043545703,-0.011795292393799395,-0.001959193439372009,-0.0067650221685342515,-0.013549217477226483,-0.0031132311184131067,-0.0006480069249515941,-0.002479709731361246,-0.001706578831088268,-0.009478036587783012,-0.004629421601233696,-0.005458782807740925,-0.0136049374149253,-0.003326057521182424,-0.0010922776314640226,-0.00048169615639581664,-0.0007179391818881165,-0.003015046886247319,-0.0015657597608589313,-0.007927533252386487,0.012403279368573772
-0.0005745843319255872,-0.004861866438040652,-0.0025486300246910787,-0.0008902987932075668,-0.0005194619918498233,-0.00128113205086533,-0.0036093345442000935,-0.009019591241712699,-0.0049081724462083365,-0.006467768929685924,-0.013360681719493006,-2.2619532892398375e-05,0.001008620799105131,-0.0025345441849358163,-0.005369084525779999,-0.0027462145246460734,-0.003797971046777926,-0.0030575708041039595,0.009599971160406229,-0.004492063933901336,-0.00025276937052221005,-0.0014310511891973965,-0.008657739040127455,-0.0022179610025613306,-0.0034873450121523097,-0.006044696443102904,0.03933789754773254,-0.004322813158409877,0.0012667327786106686,-0.0035447659123244435,0.004712254190814447,0.014421623044000631,0.016430468803555254,-0.003066701341927658,-0.002444663232913147,0.0005322144037815946,-0.0018641282803086856,-0.002070663386349647,-0.00981235865797947,-0.011342398576962065,-0.0019843902000156177,-0.007071836031250611,-0.0035536671335780756,0.0014039529156770758,-0.0008200880841500169,-0.011300333702552678,-0.001826884980999255,-0.0064687209872632545,-0.013250912837105666,-0.003006837986298194,-0.0005619165436563378,-0.002342273639413417,-0.0017192290004749422,-0.009376187719369988,-0.004458454491762964,-0.0053906318951336685,-0.013187907289532785,-0.0031472211102521186,-0.0010730616273657567,-0.0004489867420996996,-0.0006748669369370797,-0.0027845921218974112,-0.0014499764369381163,-0.007606284249930262,0.012780880116697091
-0.0006225914130623122,-0.004608858192932441,-0.002449148882291974,-0.0008627979103819072,-0.0005030109048946851,-0.0012341913863740395,-0.0034755347281177906,-0.008704500366352064,-0.0044881884191497745,-0.006032267002658576,-0.012910541143326348,-3.2345544050293995e-05,0.0006293949697055989,-0.0029354039001225907,-0.005275788521781566,-0.0026415005732198793,-0.003858667554692108,-0.002951990512694791,0.009469151017875044,-0.004287433824621711,-0.00024816543941885705,-0.0013719286765191407,-0.008401131807514117,-0.0021192380653465293,-0.003603861930439156,-0.006047861864367898,0.03899765280554868,-0.004535973826025552,0.001408637149784786,-0.003436031026313069,0.005036658586996534,0.015233195626135787,0.01701211528877966,-0.0029502760669283257,-0.0023223166938111106,0.0005836097494102965,-0.0017039461486636487,-0.0019745242693852694,-0.01015518128206816,-0.011482019577746971,-0.0019050964364905054,-0.006810340487184874,-0.0034026317507543924,0.0015068994891473952,-0.0008535971158646349,-0.010886618427146333,-0.001761153143838956,-0.006214118379911038,-0.012871583012073584,-0.002971936680221554,-0.00047255502955456663,-0.002251839021444879,-0.001700347003509628,-0.009212091199922834,-0.004315638437320746,-0.005278902098517557,-0.01280501521132027,-0.003012518017066146,-0.0010675853421896475,-0.0004126518317697503,-0.0006452904070013421,-0.002628057003445816,-0.0013602055944431646,-0.007317219681845177,0.011635078279160327
-0.0007619967216101475,-0.004425793801861366,-0.002369869627558141,-0.000838730671134047,-0.0004890144111481254,-0.001190344903326701,-0.0033606429368510105,-0.008412050797707793,-0.004079670450826134,-0.005706362457490122,-0.012508003389334332,-3.862620754824242e-05,0.0003999324449912578,-0.0030477333452514355,-0.005190757986352379,-0.0025424392428302633,-0.0038632306131997085,-0.0028544823563800836,0.009556662541310379,-0.004129939187353271,-0.00023770427293645646,-0.0012535942671446643,-0.008182237918035296,-0.0020252300905821974,-0.0037236191188501078,-0.006140433274161916,0.038466294772266485,-0.00476386006513696,0.0014810181398061673,-0.0033296525825858847,0.0036887567646248787,0.015462345232842178,0.017119944125391084,-0.002835916830680296,-0.002190682486731821,0.0006377101041268318,-0.0015523396108348964,-0.001911301216758754,-0.010508477453951337,-0.011604434264570807,-0.0018342475230245237,-0.006533093149017066,-0.0032671643919609528,0.0015684362350829595,-0.0008583151946602863,-0.01053822226199952,-0.001723793513622618,-0.005985152070918542,-0.012469433127998863,-0.0029412694312527243,-0.0004191771324564275,-0.0021787821654325468,-0.0016066574130297884,-0.008961577999516468,-0.004216689801045281,-0.005195391694500673,-0.012469751368705317,-0.002868824180447871,-0.0010581861167873186,-0.0003782975257300425,-0.0006191380867804908,-0.0025476561964877797,-0.0012531248308745857,-0.007123349019305447,0.010489293456797721
-0.0008510848553147099,-0.004260254869819069,-0.0022877951803457197,-0.0008079675817702636,-0.0004770288243199916,-0.0011464680866483112,-0.003278108379592082,-0.008114193665551883,-0.0037284465792184474,-0.0054825452248382645,-0.012108863833741546,-4.632285068395525e-05,-4.5513900775895344e-05,-0.0030515156004042865,-0.0050989306757601716,-0.002440099892259684,-0.003935106522002241,-0.002750349337004576,0.009625949415529744,-0.003934270975241683,-0.00022667682021515478,-0.0010835452675486135,-0.0079619478172267,-0.001941199125419124,-0.003832528148729142,-0.0057701694457890085,0.037789073372898496,-0.004965397415528039,0.0015688540375315974,-0.003219331193094699,0.003704513361863837,0.01566749035035442,0.01733664735614804,-0.002713532942353991,-0.002076214231469753,0.0006794520121407022,-0.001423086114986094,-0.001831696472431199,-0.010954282800328285,-0.011801379638361142,-0.0017724548732072076,-0.006245835509281483,-0.0031327238676422953,0.001649721885041977,-0.0008595524632902807,-0.010174298772151147,-0.0017171734536151062,-0.005762879721838421,-0.012052462743774917,-0.00292448467919304,-0.00038494174821390725,-0.002108231012853179,-0.0015556443439028733,-0.008608558841058711,-0.00426390565980761,-0.004850114993270926,-0.012135614974549735,-0.0027331045518081964,-0.001027214666508569,-0.0003451536634061503,-0.0005946934516034563,-0.0024959986654151667,-0.0012054199120667963,-0.006941872203746424,0.009343508634435338
-0.0008908881486499043,-0.004114970865554568,-0.002212482747761424,-0.0007780152350159719,-0.0004610778437199592,-0.00110405921962764,-0.003169486452054504,-0.00781463127600912,-0.0033422157983064027,-0.005292978344790145,-0.011696892612723775,-5.136174943176641e-05,-0.00033446055477937,-0.003073014144558406,-0.004983286994336145,-0.002329589132227694,-0.004039857027280713,-0.0026239295187174827,0.00960172861289088,-0.0037752046185062227,-0.00021411377198921056,-0.0010632915824674294,-0.007734929347192221,-0.0018612065912949616,-0.003919817467142206,-0.005865699948640946,0.0369380184217567,-0.005147965669608179,0.0016430674027863024,-0.003121101301282514,0.004475778196855629,0.015817610520737935,0.017671413510678136,-0.0025839650303078887,-0.0019667506532636825,0.0007206016437575347,-0.0012987343677003382,-0.0017516573169028549,-0.011439470394637441,-0.011968034365473779,-0.0017121343768435882,-0.005975923895956137,-0.003000135082653177,0.00169319726405881,-0.0008321590995792327,-0.00978294794643686,-0.0016313062593363847,-0.005529685068578649,-0.011656992930803134,-0.0029000260532739963,-0.0003835219934249512,-0.002036183994737484,-0.001425874499320634,-0.008124508432746258,-0.004239672448437259,-0.004342118635415337,-0.011786383422316526,-0.002637161905965857,-0.000970726124058019,-0.0003047850670255814,-0.0005656369268828287,-0.0024897620498712802,-0.0011448330272181284,-0.006728660514184082,0.009860463660096963
-0.0009568587678784324,-0.004002057904052392,-0.0021422581185606138,-0.0007474586925894089,-0.00044493975233739214,-0.0010632397878692634,-0.00306082491470272,-0.007498795467722141,-0.003047470800402241,-0.005065346796671477,-0.011274749268481932,-5.7879330259580364e-05,-0.000499690300022837,-0.003052900424525551,-0.004858298940389805,-0.002213324162313013,-0.003954792583249267,-0.0025434145390091922,0.009308372942759213,-0.003616123817310579,-0.0002058237427833287,-0.001070130693054061,-0.007504917762915619,-0.0017742523517103592,-0.00393476296429407,-0.005566672401378314,0.03582459189006304,-0.005287764245693327,0.001724930842979422,-0.0030125617425317275,0.004254511479718781,0.015928333997580868,0.018081056828916475,-0.002456121355728036,-0.0018357967352166105,0.0007366895360338965,-0.0011858928927772627,-0.001670278099956568,-0.01187218070149676,-0.012142305895174288,-0.001650437693282214,-0.005717213886092254,-0.0028558140667174214,0.001695953760086244,-0.0007710080396426955,-0.009373144645833609,-0.001508333511289095,-0.005298171106674965,-0.01125660125175576,-0.0028907387915959593,-0.00038242049275916123,-0.00195949524323924,-0.0012535253345965502,-0.007494648006013072,-0.004274705725652805,-0.00401746273580772,-0.011409991161417166,-0.002529966111081361,-0.0009015250849024881,-0.00027475624737527404,-0.0005381908364242571,-0.0024979457877077893,-0.0010512797657956652,-0.006497276123350937,0.011475254746935892
-0.0011027266336134378,-0.003851157459166532,-0.002066401544907004,-0.0007207517810680075,-0.0004237558793944718,-0.001023564304986846,-0.0029665498980810945,-0.007182489595233488,-0.002741929088849404,-0.004803853260008428,-0.010846511591609764,-6.236267138837182e-05,-0.0005534459542477776,-0.0032539531325826987,-0.004726532199594402,-0.002102147362622042,-0.003916357129968628,-0.002433387934412168,0.008649007533031883,-0.0034298759618580643,-0.00019865301865162888,-0.001040043615005204,-0.007267742526097742,-0.0016826286858105943,-0.0039257906592522485,-0.004853271999007758,0.034678408552563544,-0.005386370199108925,0.0018095733205614195,-0.002904438974056789,0.004076615886333457,0.01605800439413385,0.018522152033390915,-0.002328943048196197,-0.001694259369236395,0.0007414802429417389,-0.0010654046370426329,-0.0015875553515719565,-0.01212327306902894,-0.012248728929448283,-0.0015979841674442774,-0.005443140411737657,-0.0027191285869631043,0.00168215110232528,-0.0006540885500352367,-0.008914179500978836,-0.0014944212819166802,-0.0050634473941519875,-0.010851522032328198,-0.002868180889085581,-0.00038380356864120557,-0.0018874057292330715,-0.0012106189139555745,-0.00674264767475885,-0.0041562054197451515,-0.003995947486119089,-0.011013509999622806,-0.0024098211182511653,-0.0008309055116579867,-0.0002414699159883904,-0.0005103911608718148,-0.0024589958373153475,-0.0009802077796985387,-0.006237195207582813,0.013068742835548264
-0.0011656251249511085,-0.003684045919686074,-0.001992120276526288,-0.0006954143431223692,-0.00040727025078779455,-0.0009812755638454185,-0.0028813452428938513,-0.006869552615390129,-0.0023910567637802638,-0.0044851791548946585,-0.01041247336582285,-6.547590589267571e-05,-0.0005525756171771423,-0.0034398277979026393,-0.004586064112118593,-0.0019974095691569493,-0.0039118626645262555,-0.0023318101588309936,0.007544262543240032,-0.0032892719907728907,-0.0001922547697814636,-0.0011236582858153987,-0.007019265978409628,-0.001588136645449656,-0.003924914420069814,-0.004391237368159051,0.03349077039500137,-0.005468551109592545,0.0018747132567722424,-0.0027956786037106607,0.003131442732309919,0.01601890417804963,0.018977689090830863,-0.002202836046290235,-0.001575939948490257,0.0007186889137531516,-0.0009449290851857306,-0.0015064057385865137,-0.012257292123647456,-0.012158266891396652,-0.0015418453375176666,-0.0051810123482614046,-0.0025883651819513798,0.001660166999697399,-0.0006302789526685393,-0.00845962808929801,-0.0014656405499898773,-0.0048202310860694375,-0.010405458021639058,-0.0028774000077386175,-0.0003804119712427223,-0.0018045900792199587,-0.0011240326665596934,-0.005901135354077547,-0.004047502125281932,-0.0037779797317126773,-0.010610842469981119,-0.0023134975038482386,-0.0007876955852430534,-0.00021195218977509978,-0.0004806250998019568,-0.0023997688585397636,-0.0009394667720163952,-0.006092016632876396,0.014672865408099645
-0.0011719930158835545,-0.0035478327136138077,-0.0019044833792278837,-0.0006715884660073446,-0.00038635889682681057,-0.0009423984581026223,-0.0027828438896398966,-0.006553641478591277,-0.002127238259489017,-0.0042614222906413035,-0.009984067211985637,-7.034373652925474e-05,-0.0005400672719905186,-0.0037585300972097224,-0.004451685779702341,-0.0018962032594537215,-0.00385965726813009,-0.0022321435618166685,0.006467767367862809,-0.0031443910850140755,-0.00018431679216091013,-0.0011318838023702815,-0.006769415445983973,-0.0014933457287140683,-0.003934904102196879,-0.003956993623126848,0.032194657659320614,-0.005516477319278623,0.0019566515429052522,-0.0026790698675686064,0.003238826979446774,0.01605600569319421,0.0195107994874133,-0.002085861973879166,-0.0014699396378197171,0.0007199613341979383,-0.0008361158999093954,-0.001431532811482339,-0.012389644334743544,-0.012206644796013855,-0.0014802989048552373,-0.004947386962580236,-0.0024603833408728404,0.0015721874862755225,-0.0005742141567056658,-0.007999750496763158,-0.0014429703826931428,-0.004584450727625589,-0.009972909152590526,-0.002873876305266143,-0.0003830758845221327,-0.0017331502326047854,-0.0012777680328557306,-0.005145954012552467,-0.003972836697310966,-0.0037636549384951756,-0.010204397518173036,-0.0022312393403793873,-0.000752214493403236,-0.0001791715186195697,-0.00045421138555068463,-0.002342646625903888,-0.0009080696183554338,-0.005933885892548729,0.013976383278371696
-0.00128056087190076,-0.003390603275964632,-0.001830460539178902,-0.0006505152665460257,-0.0003674972938849663,-0.0008990154232484393,-0.0026898236158490185,-0.0062482164794233075,-0.0018936030314652408,-0.003938681085388862,-0.009567833396660452,-7.354291300509797e-05,-0.00045183583073005185,-0.003940397309540988,-0.0043071168751366296,-0.0018017074666559774,-0.0037956348603774837,-0.0021459671435112293,0.005655556115065075,-0.002981985782117502,-0.00018044898899594042,-0.0011387319565929754,-0.006526228810613599,-0.0013943664831790326,-0.003913079106248385,-0.0032865811117952504,0.03089562466379081,-0.0055358074347799935,0.0020472434742755397,-0.002574827330890539,0.0024233448461334905,0.016126583759711544,0.020064590139344363,-0.001965268776267015,-0.0013653788127495625,0.0007224202619731113,-0.0007450462179515727,-0.0013406594390991122,-0.012507712577809693,-0.012485549232695625,-0.0014175421786446485,-0.004669792754757207,-0.002322887119497463,0.0014510490234629358,-0.0005561559663705973,-0.007528881677427379,-0.0013725877003986087,-0.004344024811039016,-0.009564848986680974,-0.0028180379164578495,-0.000398249775941939,-0.0016515147862076196,-0.0014437943444138845,-0.004411415181391987,-0.00407483398184727,-0.0035326975337029998,-0.00980253347429727,-0.0020965226690780048,-0.0007167630437109329,-0.00015178590125453084,-0.00042999299423585047,-0.0022913506941024675,-0.0008489663580921736,-0.005789351807031884,0.012538515973930853
-0.0012379408858577134,-0.0033266819134963876,-0.001748467751803262,-0.0006315206909514037,-0.00034791768535535894,-0.0008596470704785864,-0.002585572835220873,-0.005952411746690367,-0.001653592210854482,-0.003621901969643515,-0.009168255602635456,-7.182220882373525e-05,-0.0007170836010896853,-0.004007406058357255,-0.004186278056493298,-0.0017100922084577475,-0.0037036552041816995,-0.0020829420504532292,0.004400319786184603,-0.00286514941464433,-0.00017941788612718668,-0.001197262998979931,-0.006292885846435725,-0.0013107045177417342,-0.0038344385248813007,-0.0024357410759506815,0.029747878027550412,-0.005512371520553505,0.0021406299759811898,-0.0024741330782358517,0.00265725791179916,0.0162055706094546,0.02058465056972114,-0.0018428553856195684,-0.0012657479070316002,0.0007069310286060837,-0.0006629749844788702,-0.0012663760103494015,-0.01247222764375211,-0.012835079731668975,-0.0013579962135213952,-0.00441900678435414,-0.002197443831071233,0.0013765704811419255,-0.0005642650521454629,-0.007126330716397344,-0.00125071869316562,-0.004112868499071776,-0.009183579887452886,-0.00277032926177867,-0.00040977502291550394,-0.0015732046687194634,-0.0015248482444911726,-0.0034531139911614384,-0.004148870851966691,-0.003325386772277894,-0.009405822546705522,-0.0019754479226582466,-0.0006700026834368655,-0.0001328647265432803,-0.0004056957159441765,-0.002177888652016846,-0.0007910659241776585,-0.00572954538130388,0.01111017716709961
-0.0012148601766284184,-0.0032965255370699387,-0.001674599792951481,-0.0006127249464222828,-0.00033501074880148973,-0.000822462990942352,-0.0024876454811592064,-0.005679461708475442,-0.0015026389755183889,-0.003335959077986783,-0.008798002018351458,-7.369402821999493e-05,-0.0007200692634640182,-0.00420258793998618,-0.004058476721662707,-0.0016158754715889234,-0.0036111093650067483,-0.002023723207014494,0.00322123793565976,-0.002776074555169483,-0.00017424694310008704,-0.0011644652798857846,-0.006073185561459971,-0.0012409048590159566,-0.0037062846341496813,-0.0015949476397665308,0.028661646747717873,-0.005462351093678208,0.002238020173614075,-0.002383346803341735,0.002887378584543354,0.016308714623221254,0.021018643786906654,-0.001752945477777157,-0.001158543821213831,0.0006972197505534794,-0.0005963233566442794,-0.0012055710812897136,-0.012359933380779009,-0.013184640393706148,-0.0012957310055412563,-0.004172843318803077,-0.002088642549810671,0.0013315896356265178,-0.0006054668488454373,-0.006732002094820166,-0.0011424132807857923,-0.003898592971190218,-0.008808328624693162,-0.002726174263376513,-0.00042526073038118284,-0.0014860859785903457,-0.0015465614278323825,-0.0026633718810413765,-0.004021248318519466,-0.0028656201283493443,-0.009027681848703062,-0.0018597666048066896,-0.0006361856631644791,-0.00012057282147226456,-0.0003810304472404713,-0.0021070219019168057,-0.0007806113971778883,-0.005716965220247117,0.009868035412661458
-0.0011900861250017103,-0.003365748174262384,-0.0016057034150542826,-0.0005939587927992207,-0.0003177759294770155,-0.0007888372796600596,-0.002394793901715153,-0.005428917686969403,-0.0013821389257049344,-0.003005380421906456,-0.00846416933267602,-7.48198051073734e-05,-0.0010329120612164733,-0.004052149236746239,-0.0039532649269344855,-0.0015301221618531091,-0.003527204294946795,-0.001954098101530466,0.002566602022664455,-0.0026516338669355655,-0.00016661148121721592,-0.001121443795129684,-0.005882251036336994,-0.001180417857193139,-0.003589465459342689,-7.523877494775011e-05,0.027456711791339794,-0.005409572130331219,0.0023222257574953,-0.002297817506526245,0.002527933683387884,0.016336115683780683,0.02131171128284537,-0.0016584352943593839,-0.0010558269587761515,0.0006592325587115866,-0.000539723044799767,-0.0011469449709737845,-0.012279061303559824,-0.013529607958514323,-0.0012442812667506908,-0.003982414479156038,-0.0019795755422589156,0.0013130283288871336,-0.0006197845215111242,-0.006399212604137894,-0.0010126307722143624,-0.003702754568302158,-0.008416143084912564,-0.00267498079846773,-0.0004509865855975015,-0.0014134331902179165,-0.0017067159662724762,-0.0019116651587587352,-0.003874124927700895,-0.0028069314881628005,-0.008674785973221466,-0.0017619425913676379,-0.0006015660462275196,-0.00010223152606547714,-0.0003636590616103996,-0.002033373430551988,-0.0007485629657683068,-0.005697823671924285,0.011229317417566387
-0.001210638411652587,-0.0032540468053912086,-0.0015530749951501166,-0.0005820372743522428,-0.00030239860880965086,-0.0007553619439539805,-0.0023353036784016235,-0.005216430415632467,-0.0013349914010526431,-0.002729827573981547,-0.008190924667492272,-7.377453908763432e-05,-0.001211895009847641,-0.0038959488749175097,-0.0038633917023342956,-0.0014462738736084058,-0.003409495315200739,-0.0018954669302010396,0.0020896736066573496,-0.0025535834996004425,-0.00016125731865668236,-0.0010442437265930637,-0.0057238880356935695,-0.0011303087093542663,-0.0034924083488788726,0.001598739021090978,0.026526593403305432,-0.005378311733314378,0.0024012446774961393,-0.0022231214997838755,0.0006642159699445926,0.016307093878170642,0.021443912427536738,-0.001582259906047101,-0.0009721902340414923,0.000606351125493676,-0.0004986510987046167,-0.001109812096288021,-0.012061814709137808,-0.01381143658464079,-0.001205583047652281,-0.003816195322099314,-0.0018844666711246294,0.0012932191785595126,-0.0005872653559724217,-0.006086188995167441,-0.0009107898025586536,-0.003534551968669142,-0.008030108387056756,-0.0026228089262545495,-0.000486063272427506,-0.001351984208986079,-0.001785594515696376,-0.001261402885170071,-0.003732128173637439,-0.002745397809129635,-0.008357972234300348,-0.0016702826773665747,-0.0005783860901653615,-8.524942511634048e-05,-0.0003418637252480261,-0.0019095599346966585,-0.0007529183368648606,-0.005520859181425641,0.01261343378638502
-0.001272933850157143,-0.003105240345080418,-0.0015236842574405385,-0.0005787741970991744,-0.0002909308873835226,-0.0007303723030336329,-0.002278273742997272,-0.005042572367352283,-0.001306205500622104,-0.0025187292898883884,-0.007963105333383624,-7.367843419281428e-05,-0.0011886110095861158,-0.0035273103890186563,-0.0037905872681345265,-0.0013945276609220736,-0.003430230302357229,-0.0018590258958759431,0.001661245714880799,-0.0024867565108048773,-0.00015490216912883437,-0.000971688437045648,-0.005595013083903755,-0.0010804652336587894,-0.0034476384533743687,0.003469667182499414,0.025711240375359434,-0.005368285863479927,0.002453285943671446,-0.0021631729084848894,-0.0002575830159745607,0.01610431097888676,0.02143545765584154,-0.0015072881039219777,-0.0008989577654736625,0.0005687382014130105,-0.00048248770488457104,-0.0010938702867687722,-0.01176987161522769,-0.014116188029617671,-0.001166969704696652,-0.003686295632505776,-0.0018088104844034003,0.001295979956221105,-0.0005151885768909237,-0.005799659852634753,-0.0008399971896239089,-0.003393416977294339,-0.0076864083401714245,-0.0025782553388569163,-0.0005332928054478936,-0.0013105121178619283,-0.0020080240227078328,-0.0007543058295510496,-0.0037160195660574935,-0.00237891163939008,-0.008080384741017799,-0.0015964781404498307,-0.0005361795301291883,-7.506490408804023e-05,-0.000328776954608645,-0.0018361688249527441,-0.0007346391307695432,-0.005191797898352335,0.013988430021777853
-0.0013093421229487534,-0.0029778072850120685,-0.0014957110958209174,-0.0005740032963914565,-0.00027956152727592887,-0.0007068464822338472,-0.0022047749505367253,-0.00488873267785539,-0.001179893763239015,-0.002350281804043508,-0.007764366020069802,-7.690532561355212e-05,-0.0011350514191623695,-0.0033116275298011866,-0.003719279093748362,-0.0013367933356503992,-0.0033725732689698917,-0.0018265768183814979,0.0012226029627018242,-0.0023951398094976817,-0.00014746095402740078,-0.0009058118404101645,-0.005475492968787243,-0.0010344689295698206,-0.0034369112013081793,0.00539452269057672,0.024944940175427144,-0.005356529026028678,0.0024806887429293933,-0.0021154390713998827,-0.001693106637465025,0.01573382808675583,0.02134796169858255,-0.0014474055078008696,-0.0008397363238208388,0.0005370217674907085,-0.00046736611189746036,-0.0010763298105993524,-0.011328255411542809,-0.01450135736028968,-0.0011278075746694594,-0.0035517117582930524,-0.001746821942855581,0.0013338958689075309,-0.00046011713747728944,-0.005536632429039567,-0.000750735396911395,-0.0032889325678444603,-0.0073746357163992915,-0.0025492433075832155,-0.0005610095228059109,-0.0012519615194156453,-0.0021668989095366964,-0.0002739745531782356,-0.003639769450738295,-0.0017686695953390563,-0.00785504134911219,-0.001493943042113588,-0.0004953907428260074,-6.730453041503548e-05,-0.00031853943098725246,-0.001856335762996708,-0.0007556685359842996,-0.0050078438469602915,0.015012216044390625
-0.0013081205688650899,-0.0028418664873550714,-0.001462587246591096,-0.0005638416800206603,-0.0002695374302247311,-0.0006907071439935519,-0.002187101368045563,-0.004748937639368789,-0.0011927897063837012,-0.002105231656961193,-0.00758074920080587,-7.632261247603189e-05,-0.0010646277411695548,-0.0033054067960072153,-0.003635177708393833,-0.0012876894263966765,-0.003376150325785199,-0.0017848439271895833,0.0005827545889625085,-0.0023175372086645663,-0.00013739905594378765,-0.0008803362443241536,-0.005360662949025485,-0.0009902563475583381,-0.0034445513558692964,0.007265510374376172,0.02437275842296094,-0.005336566453845393,0.0025020140598561724,-0.002072643727298318,-0.003384503013746487,0.01528348937934898,0.02113717822528316,-0.0013900718162067616,-0.00078004906859519,0.0005078876046931136,-0.0004392223193590006,-0.0010516818950667695,-0.010810602146652859,-0.014804720959034734,-0.0010885850666825236,-0.0034510823233281362,-0.0016905589094098339,0.0013541632889748634,-0.00042437726366806316,-0.005306468802918962,-0.0006814052042299901,-0.0031854586296881093,-0.0071030668032708855,-0.002546124019155327,-0.0005723798478703968,-0.0012119781092715387,-0.002325498332388709,9.11390363638187e-05,-0.0034979218139157275,-0.0010341241083420272,-0.007656660208252952,-0.0014247130623241677,-0.0004722967439151349,-6.134662632506505e-05,-0.0003011553067701067,-0.0019315002656151714,-0.000792823441080448,-0.004803634681711744,0.014782068796773684
-0.0013867399244232859,-0.002774818937525847,-0.0014278252606010344,-0.0005563570962848763,-0.0002604822997254175,-0.0006770705737195737,-0.0021368876754380706,-0.004620689448086468,-0.0012478185962111477,-0.0020235922905584847,-0.007392235474184106,-7.753635925689117e-05,-0.0003757473418449786,-0.0031139181494880264,-0.003568676092229439,-0.0012395082135130409,-0.0033022071094596095,-0.0017269732054518983,-0.0004080596006222903,-0.0022341424921451525,-0.00013305596105273043,-0.000883379017042496,-0.005250473002242129,-0.0009521342142086997,-0.0034529020794037413,0.009510300342939981,0.023831972746468866,-0.00529439799125242,0.002481789808095991,-0.002024798319756216,-0.0036937266160801396,0.01457679660299438,0.020941610842561742,-0.0013532883896011372,-0.0007288776126083141,0.00048248340637258025,-0.0003996323955665071,-0.0010306262873719385,-0.010346419897516168,-0.01508402624631311,-0.00104877213165111,-0.0033456176946565774,-0.0016410417788256249,0.0013863875777939683,-0.00044628089981324504,-0.005054516779530949,-0.0006281550956581672,-0.0030994791794733967,-0.0068279202230062674,-0.00251404670669253,-0.0005918926862015228,-0.0011762507593735538,-0.002490589296359591,0.00035636171994002375,-0.0034184628388429505,-0.0005524246613523021,-0.007479243671219771,-0.001364746933595229,-0.0004237981051914419,-4.766188558036344e-05,-0.0002904937191410273,-0.0019874274676975334,-0.0007901452836308609,-0.004461292671712136,0.01455117288148755
-0.001422638474659288,-0.0027588382630927555,-0.0014040532822257035,-0.0005475136884833809,-0.0002483110362651031,-0.0006627756948272001,-0.0021099363994895315,-0.0045069343872334855,-0.001326452368192399,-0.0019838912012837273,-0.007222182803384936,-7.54242426599383e-05,0.00018742495294565842,-0.0028638280721378084,-0.003502236414835269,-0.0011987874064277593,-0.0032591782558354376,-0.0016688888825905357,-0.0012011764028539984,-0.0021337485844523663,-0.00012930065474447971,-0.0008278695688207494,-0.0051384791057327295,-0.0009134276557618559,-0.003477471954909106,0.011597162994616106,0.023250462801001515,-0.0052538612124135575,0.002436457907686984,-0.0019833904999743135,-0.004465521523829841,0.013733580126521039,0.02078758981345752,-0.0012967348194838912,-0.000679347364539562,0.00046146849125205947,-0.0003601567444981857,-0.0009975134702961963,-0.009900132189290645,-0.015382499803192173,-0.0010250880650477523,-0.003276869816111194,-0.0015905700586846816,0.001389113107827633,-0.00039665345814776654,-0.00480166946472016,-0.000616641927905115,-0.003023578092619439,-0.006543258899458615,-0.0024332369119313135,-0.0006196642405658093,-0.0011289515593893018,-0.0026485069873845024,0.0006985544363260487,-0.00336201252878654,-0.00018995363408569332,-0.007309473233890751,-0.0012817457242955133,-0.0003797383272500232,-3.617178764381279e-05,-0.00027745887015084847,-0.0019544799968576054,-0.0008060639727227592,-0.0042112119509081225,0.014322556999557756
-0.00151755832061784,-0.002809303050434364,-0.0013781490064119772,-0.000535712944872202,-0.0002443258695332684,-0.0006459651221818463,-0.0020783689600071265,-0.004386384365220097,-0.0013385530981946392,-0.0019584577825335625,-0.007053404610616321,-7.257988275255478e-05,0.000261306755320323,-0.0028086971853046316,-0.0034254470018362237,-0.0011609676409349845,-0.0031668017127672865,-0.0015938052629395072,-0.001238998027240923,-0.002053602744662597,-0.00012739538614436885,-0.0008303889287254451,-0.005027491928367156,-0.0008769891147775155,-0.003513995659187086,0.013544129593491938,0.022766224220334363,-0.005227372191977331,0.002393251714724043,-0.001953976721511541,-0.004632701059201216,0.012821967222023112,0.02066454160822606,-0.0012566500331244734,-0.0006382108499213279,0.0004399006499127278,-0.00032980830078721546,-0.0009896554678701097,-0.009508821993736483,-0.015631432389406563,-0.0010039212319169488,-0.0031971492907821863,-0.0015387170505001269,0.0013607986423866958,-0.000328907385486632,-0.004629943764610456,-0.0005864791666693181,-0.0029314914597804442,-0.006263219270213005,-0.0023234587737610557,-0.0006412919420395458,-0.0010852867261745835,-0.002621595407495736,0.0008606886598019337,-0.003434812768261186,-3.64895020630307e-05,-0.007137163865429175,-0.0012133698287558614,-0.0003484002584279722,-2.364735627113923e-05,-0.0002674082882782036,-0.0018035253805942508,-0.0008072665119888134,-0.0040752999089695985,0.014592877073703159
-0.0015742686194387678,-0.0028806971755821476,-0.0013526953100634342,-0.0005259768133176745,-0.0002438217506104401,-0.0006273939735058631,-0.002012016784400661,-0.004263971445483294,-0.0013908404267636287,-0.0019495205213329037,-0.006886292668019545,-6.821530331124759e-05,0.0002671067485500167,-0.0028481513792878443,-0.0033571906137107588,-0.001116385960965971,-0.003022189593435032,-0.0015457158383725966,-0.0015316964624094709,-0.001947563531979113,-0.0001290203354837871,-0.0007873420888999672,-0.004924893508576389,-0.0008434380588789869,-0.0035300529017978644,0.015519127218164064,0.022410846648514227,-0.005198033715139716,0.0023614553386277493,-0.0019167412854677046,-0.00511532518109914,0.012013308733509698,0.020577099656013953,-0.001210165538275021,-0.0005878706963625691,0.0004285589426289427,-0.00030300471549071784,-0.0009699732540598971,-0.009200174829799623,-0.015785629425773884,-0.0009816721203919077,-0.0031035204951164186,-0.0014893295632036896,0.0013314683001746097,-0.0003058381024009238,-0.00444020805529266,-0.0004762044446529057,-0.00284842099632443,-0.006018158460734058,-0.002200889255656091,-0.0006249475219741729,-0.0010522161337477298,-0.002804571420290114,0.0008371982596762084,-0.0034965926583666596,0.00022368953162854588,-0.006967127615000734,-0.0011436864753696652,-0.00031909963041043543,-1.8608423039245814e-05,-0.0002626584767383422,-0.0016653469396509246,-0.0008398003195634329,-0.003956340392406221,0.01574477034364019
-0.0016815102446922081,-0.002893422679033586,-0.0013223350793474253,-0.0005190403512231878,-0.000243648844013844,-0.0006085505607679176,-0.0019674488055014816,-0.004139385723704314,-0.0013820052926247772,-0.0019230321014798157,-0.00672700706214624,-7.096253270755248e-05,0.0005351219338478597,-0.002805183055639371,-0.0032945767973375784,-0.001081230874470096,-0.0027776525759943826,-0.0014945921143432184,-0.0015870668449081693,-0.0019178045647664232,-0.00012677180238984675,-0.0007815326539173384,-0.004824573473409144,-0.0008041258391807693,-0.0034999623317875095,0.017434545643103094,0.021879021534027654,-0.005152615920513304,0.0023190670499400046,-0.0018889899502497753,-0.004921900262245704,0.011220956505118007,0.020531220006881234,-0.0011613774838692414,-0.000548259659960082,0.000436715828102896,-0.0002754463375123084,-0.0009501436276680986,-0.009074516794010612,-0.015913469370043343,-0.0009610831945535692,-0.0030248906612301285,-0.0014431934078120712,0.0013712736104856127,-0.00024935838574158264,-0.004279944492243337,-0.0003262815880913372,-0.0027667994190113676,-0.005827033545015903,-0.0020733736686799897,-0.0006512185282097072,-0.0010092295278116836,-0.002724943025537274,0.0006772314098044685,-0.0033802157516823472,0.00010181364793337977,-0.006800362789940451,-0.001073294455522178,-0.00027190989043712754,-1.012470367034446e-05,-0.00025614797215323115,-0.0015834614012150139,-0.0008968465564995753,-0.0038078182572131025,0.016900475012621152
-0.0017899240493018942,-0.0029874358462922412,-0.001282962854983083,-0.000506240161018856,-0.00024363531113213988,-0.0005924314841173617,-0.0019123764107311647,-0.004019883019971027,-0.001314591995555059,-0.0017960556838381159,-0.006575450293394902,-6.575559607768788e-05,0.0009274816453241908,-0.0028054427209333044,-0.003234897101832779,-0.0010541749144281631,-0.0026071354393040203,-0.001443409878671309,-0.0012754392804411596,-0.001839988947586635,-0.00012621717442806712,-0.0007905086443418252,-0.004726228594611137,-0.000775295949984045,-0.003423746996408017,0.019100801529586375,0.02123485517081125,-0.005089232988245929,0.002277492782289503,-0.0018536622861207164,-0.004962065071384858,0.010467678119272295,0.020532190197005695,-0.0011179521543339677,-0.000503324551144213,0.0004337737147326326,-0.00023703665158458787,-0.0009325935266221164,-0.009042652408175589,-0.01586317543262017,-0.0009405600459914121,-0.003003491561266558,-0.0014160324453438289,0.0014104101429819327,-0.00025880712445625065,-0.004165448039084585,-0.0002651810590120762,-0.002689763791518196,-0.00566514475621771,-0.0020199730878276423,-0.0006683159993268184,-0.0009748717022506348,-0.0027144867596243794,0.00040380373456239127,-0.00328485791155686,0.00012412896028024534,-0.006652511917131121,-0.001009613097637918,-0.00022006656176454253,-1.9719186046263104e-06,-0.0002513282620786317,-0.0014983203016467606,-0.0008704401664706429,-0.0036604787440913666,0.018048539868340097
-0.0019202347551328103,-0.003025597392979029,-0.00124966981430652,-0.0004946227497498734,-0.0002409220522187061,-0.0005793952410773073,-0.0018685869228838303,-0.003910912877023387,-0.0012723291340441811,-0.001691564434640691,-0.006431880922161071,-6.26669297424387e-05,0.0011664254243286543,-0.0027773656864400476,-0.0031682398393840794,-0.0010249805978614912,-0.002509267806759863,-0.001395250744544163,-0.0005963156976864781,-0.0017905442098259394,-0.00012966212445131298,-0.0008472663939762537,-0.004641104742003188,-0.0007517982887367269,-0.003323217253227262,0.020770981129680566,0.020662180998487267,-0.005017481184733108,0.0022302218457637135,-0.0018283849053831736,-0.004815119235828669,0.009679993739690307,0.020543294342515672,-0.001076468949630649,-0.0004922919699376083,0.00041840087140943005,-0.00019358988867845817,-0.0009027130976609898,-0.009017876323794138,-0.015681953450016217,-0.0009169068484876641,-0.002980507038337077,-0.0013780310594302403,0.0013872216705268503,-0.00018901703345730603,-0.004104988956758038,-0.00018967829485438958,-0.002618799646753267,-0.005510391239921586,-0.001974131361230813,-0.00064503173968955,-0.0009405165517908376,-0.0027363487806986164,0.0005800730963794187,-0.003146408508433174,-0.00013407572642831767,-0.006515653850648118,-0.000965506484676748,-0.00018604417826018071,8.256291348596179e-06,-0.00024801051481149194,-0.0014102653040549695,-0.0008769715883421014,-0.0036322844611168525,0.01837674556546287
-0.002041223930194902,-0.003040906502077223,-0.0012153166021646733,-0.00047883961132522135,-0.0002445926214021954,-0.000571181155671785,-0.0018026148528097474,-0.00380402185657136,-0.0012413819884532495,-0.0015988527771522154,-0.0062941988592644105,-5.9640080089296e-05,0.001276802426680268,-0.002844011022914761,-0.0031086837245160037,-0.0009982027003297977,-0.002423617068834427,-0.0013415396121304601,-0.0002912990046628483,-0.0017353825081311003,-0.00013169079095032288,-0.0009905559299163702,-0.004560801484450816,-0.0007263783821103154,-0.003233081165186613,0.02212106913098011,0.020040943731789884,-0.004955091091086272,0.002182865418894231,-0.0017910037881685437,-0.0054608807051488295,0.00897027884759205,0.020534138662171353,-0.0010332676416066056,-0.0004804632890236249,0.00039493209647112337,-0.00015814764611032928,-0.0008838031788717116,-0.009026304005147257,-0.015320493372882438,-0.000891239539413724,-0.002976345838367811,-0.001336971056845715,0.0013577469495784644,-0.00019554239645536153,-0.0040629183821736525,-6.270589990908793e-05,-0.002546134112681564,-0.00533851855830314,-0.001960818313040402,-0.0006298335241242681,-0.0009181228735121172,-0.002864008767381576,0.0007075743088731379,-0.00301195160950396,-0.00021256860411789091,-0.00637235268653924,-0.0009197016871241859,-0.0001870095783272907,2.1784228299459585e-05,-0.0002463917617760991,-0.0013562493106920037,-0.0008043461529017026,-0.0036162544294585652,0.017893140281434405
-0.002143969519884492,-0.0031410195626883075,-0.0011889084438450048,-0.00047012425217729525,-0.0002476615189603848,-0.0005639471806043739,-0.0017606030221443136,-0.003697798635187377,-0.001191201878395276,-0.0015349412730017997,-0.006155435767266515,-6.159373899217169e-05,0.0015506005188679062,-0.002826368055596551,-0.0030570937760090455,-0.0009837272712670542,-0.002325566588935457,-0.0012976263551870426,0.00017058037456463282,-0.0016848984452966231,-0.0001341858358783199,-0.0009568416300081983,-0.00447645071253755,-0.0007017899025248964,-0.003168925097349229,0.023049931603587037,0.019434002437563436,-0.004886248884632516,0.0021389695276050613,-0.001767959652399953,-0.00581582084958876,0.008286810657241572,0.020465147497601643,-0.001002179602530573,-0.0004351823068998728,0.00036554493364837626,-0.00014335925530761795,-0.0008723866063335972,-0.0090465535479336,-0.014776099935372433,-0.0008677341638108071,-0.0029287410858749308,-0.0013035603395471496,0.0013192755369653142,-0.00018212277537521526,-0.00402682821372824,6.347657898819747e-05,-0.0024767659589371993,-0.005198024944763624,-0.001970557618578339,-0.0006291977412956617,-0.0008884315451260782,-0.002865132186079533,0.0008211104865716301,-0.0029808661828429894,-0.0005682667774715711,-0.006228032842310438,-0.0008677703990801477,-0.0002280426595595575,2.2283204944129054e-05,-0.00024282776987327725,-0.0013641849999437294,-0.0007387817420968501,-0.0034798722718617503,0.01740951798223178
-0.002263983694616889,-0.003203353992655922,-0.0011528994444643947,-0.00045917237508641406,-0.0002466929338313939,-0.0005581426799967648,-0.0017534722644642065,-0.0035884691889237486,-0.0011088547822415418,-0.0014471834836684572,-0.006016805314391971,-6.366452792083699e-05,0.0017876175724733656,-0.0027066146490545284,-0.002998694696559445,-0.0009697076792822834,-0.0022264671831273564,-0.0012204739790614427,0.0004999119023110232,-0.001623962339843077,-0.00013435630860758607,-0.0009317541703716126,-0.004391806044528157,-0.000672379686100566,-0.003088533908398583,0.024049127651294855,0.01863204086831005,-0.004810701305494103,0.0020999680521345265,-0.001740478577466953,-0.005636800606289238,0.007670936847676835,0.020330403735818514,-0.0009714807896156197,-0.0004009231569049865,0.0003486930425271595,-0.00013666744132334596,-0.0008630213989119229,-0.009105216268269878,-0.014171848945401355,-0.0008417830366871382,-0.0028611478635082177,-0.00126841806334399,0.0012914298262118873,-0.00014460466437626884,-0.004007936903321685,0.00015036909737431436,-0.0024075038840406515,-0.005078510070037789,-0.0019825125014452105,-0.0006079069961063555,-0.0008508368728072924,-0.002865337045546368,0.0006790054524110634,-0.002828749825000032,-0.0010977531532720963,-0.0060860696636000355,-0.000810944218054277,-0.00027284217149547985,3.0200962945370335e-05,-0.00023801011344948275,-0.0013825687051931546,-0.0006798544312920374,-0.003435928848736114,0.016925912698203538
-0.002414824276542493,-0.0032202287135685292,-0.0011023035370177903,-0.000443915469874101,-0.0002500926928074021,-0.0005524877659885963,-0.0016904603322259737,-0.0034881501992930497,-0.0010941294441922933,-0.0014126007082160275,-0.005873538832981251,-6.111214228243789e-05,0.0015845085556915883,-0.0024713331859612664,-0.0029321880558634827,-0.0009442334540357145,-0.0021693462878226155,-0.0011601859530463443,0.0009347534199040108,-0.0015690110405205404,-0.00013891797648302173,-0.0009087140585694042,-0.0043094753002770325,-0.0006534407129521469,-0.002956759381087637,0.024507125433774313,0.017881245960192915,-0.004713435955049139,0.002095668047503052,-0.0017209492269494309,-0.004203314300254779,0.007254155392238504,0.020101503890211703,-0.0009268479722429612,-0.00036577772427026645,0.0003293934665387077,-0.0001324320142325197,-0.0008733366322969394,-0.009250503512802655,-0.013404091112768746,-0.0008071715448889627,-0.002797376990400613,-0.0012347884785234298,0.0013099697416356637,-7.125798068063904e-05,-0.003918394947722947,0.000335861361532519,-0.002327806949841915,-0.0049883297743471555,-0.0019825486820270743,-0.0005554897553928795,-0.0008214885942808836,-0.002923986377799448,0.00041208509820900296,-0.0026221960214585227,-0.0016657237897623745,-0.00596633007509928,-0.0007598679345156567,-0.0003308933982026918,3.546740606763521e-05,-0.0002315412920237403,-0.001344424204255068,-0.000634680317047831,-0.003367790717132668,0.017598862841871066
-0.0025602493315100006,-0.0032262351964804648,-0.0010653672370111167,-0.00043109828063847555,-0.00025063614405207435,-0.0005439876681840872,-0.0016407834879321737,-0.003388120878246248,-0.001215949219600998,-0.0012984878008471812,-0.005737832432399337,-6.116456525329106e-05,0.0013632378257364408,-0.0023010896381121526,-0.0028754951702905096,-0.0009324489112899625,-0.0021333187723654445,-0.0011244981047991987,0.0015124948031739471,-0.0015514961979088415,-0.00013806471361754724,-0.0008885218044470955,-0.004230242514894456,-0.0006384256028426627,-0.0027777615541353384,0.02466265651709576,0.017256955726455248,-0.004608777254656582,0.0021061637859223215,-0.0016970731293088903,-0.0036368620219888737,0.006935973534775375,0.01972358129894003,-0.0008937318468351663,-0.00034268480031296455,0.00030850713569274824,-0.00012516183188437946,-0.0008576643193191069,-0.009449560692812331,-0.01257737124758962,-0.0007692330193214136,-0.00273794873510691,-0.0011972676693654538,0.001324865311873813,-8.190961671328267e-05,-0.0038732324840196064,0.00042513056158410834,-0.002250626303539782,-0.004920371201838525,-0.002009380111371417,-0.0004860469958793967,-0.0007860707153556357,-0.0027877282874938514,0.00013804904723246914,-0.002413127375018087,-0.002017104605353537,-0.005841440352694072,-0.0006989864637511056,-0.0003917114452602899,4.234445964090838e-05,-0.00022047577509387573,-0.0012746262175981071,-0.000594432899270303,-0.003276864574883853,0.01854077184573999
-0.0026643012816457423,-0.0032529041965740912,-0.001031535153510621,-0.0004215563720587623,-0.0002492255203799809,-0.0005352600597536838,-0.0016276056193061939,-0.0032921032121508986,-0.001301416899790464,-0.0012194104703069364,-0.00560568956473706,-6.21046589991403e-05,0.0013952744792185001,-0.002075874349082296,-0.0028207921590770457,-0.0009121382377942355,-0.0021376265437352826,-0.0010874428159207694,0.002044403765299352,-0.0015173012717594192,-0.00013440505566819638,-0.0008971972830419395,-0.004160366439306062,-0.0006206623926495736,-0.002593173563051554,0.024620758080804217,0.016659739443789956,-0.004507223548718686,0.002129703040588682,-0.0016690380316477516,-0.0036638507913684393,0.006746353291443352,0.019145262507993976,-0.0008600035378421023,-0.0003145639602410988,0.0002909300597042641,-0.0001165501781230649,-0.0008294387358934729,-0.009874007590961908,-0.01165269723878859,-0.0007258051378734587,-0.002675280165103877,-0.0011536121298879598,0.0013235825746507057,-0.00010555548200696929,-0.003805753276622581,0.0005108355051421931,-0.0021865321918193015,-0.004839258041011041,-0.002031543391945556,-0.00041741863050881456,-0.0007418491808796057,-0.0026516357454340334,-7.81857773710648e-05,-0.002259425398026038,-0.0018461593759957484,-0.005718979186137507,-0.0006572846008821021,-0.0004536832012311809,4.705580780628438e-05,-0.00021482110715531633,-0.0012187725514762882,-0.0005395133668780749,-0.003152050010881813,0.019464151324793066
-0.00276956953603702,-0.003244495849087148,-0.000998870708985744,-0.0004140074090125401,-0.00025143937475657907,-0.0005293006343636275,-0.0016023190801658371,-0.003201167195213128,-0.0013108308716857087,-0.001286176127856531,-0.005486844589644657,-6.629963882509582e-05,0.001607101924528509,-0.00197063232197503,-0.0027673309608322594,-0.0009012518871004405,-0.0020198438419665177,-0.0010625908867654132,0.002415246673327376,-0.0014472567964567418,-0.00013423854265115498,-0.0008894868755976448,-0.0040918315688305285,-0.0006052327849760397,-0.0024391544640778307,0.024805181224228035,0.01621536462017592,-0.004424527674890988,0.002147648049212636,-0.0016413720916522712,-0.004550875749286032,0.006525939840135608,0.018354679725905765,-0.0008256146814876741,-0.00029885069251445184,0.0002858399628027364,-0.00010571518004609537,-0.0008110860974510636,-0.01042777179267107,-0.010651976201643265,-0.0007022445615475492,-0.0026520433184639147,-0.0011205998467285205,0.0013629400664549873,-7.275278765439541e-05,-0.0037495877342106354,0.0006268386584105112,-0.002126971996542104,-0.004749751165636251,-0.0020934432711109396,-0.00037376082504347874,-0.0006996713471522087,-0.0024041858526298032,-0.00030557180340540224,-0.0021166494255758783,-0.0022034200729745823,-0.005607006449671381,-0.0005938899808312081,-0.0005008686268508367,6.454108310927076e-05,-0.00021147934110277156,-0.001262390554369719,-0.00052707942442487,-0.0030287528199395286,0.020393707312118092
-0.0028522499817248415,-0.0032249203240649615,-0.0009685167192257094,-0.0004017773092532817,-0.00025477326963851965,-0.0005202407660779285,-0.0015839274887889943,-0.003117971425968258,-0.0014253012756737515,-0.0013922062466100726,-0.005370597606725647,-6.665326661015047e-05,0.0018655128182849534,-0.0018082500649106992,-0.0027191487409674586,-0.0008878898434137028,-0.0018966173046210955,-0.0010203425550786571,0.0028866927494981542,-0.0014155969293282444,-0.0001317160321464561,-0.0009270570862758287,-0.004028914356749569,-0.0005916216355245085,-0.0023227323770385055,0.0250292368924514,0.01563330861067369,-0.0043643065002995085,0.002149466547295642,-0.0016058687020784612,-0.004902675149158098,0.006200416100203832,0.01732988716667494,-0.0007904581179990489,-0.000252155386941455,0.00028185589130624855,-9.819576959313459e-05,-0.0007853160732956832,-0.01105239561293836,-0.00964663022710921,-0.0006736805122953271,-0.0025367654990582356,-0.0010781535037178713,0.0015059730547084538,-3.426127636962928e-05,-0.0036892202513808536,0.000735078936752176,-0.0020636527486336265,-0.004658440029207678,-0.0021452219023267993,-0.00032599924385279255,-0.0006558383902075526,-0.002175023695675238,-0.0005674601209568753,-0.002008541187814461,-0.0028165725960933585,-0.005495322527397595,-0.0005655599217047058,-0.0005137500431892095,7.876665850803377e-05,-0.00021302794261757185,-0.001324229569184543,-0.0004949331936977552,-0.0028914657907450625,0.019498913325893374
-0.002939239990588205,-0.003229948000246896,-0.000928699453146109,-0.0003900588013021622,-0.00025750593534557,-0.0005099375378680993,-0.0015888016688968554,-0.0030310594633294885,-0.0016182785382953258,-0.0014657155328338112,-0.005252970755145081,-7.415916845232573e-05,0.002037797687567622,-0.001863041494285178,-0.002656620410147359,-0.0008720213344189931,-0.0019005669262491809,-0.0009853996710150748,0.003308039865983714,-0.0013605044528753885,-0.00013298932429417487,-0.000989524856659929,-0.003962312029130777,-0.0005734187852325379,-0.0022037310420776057,0.025101575332852732,0.015120820678103275,-0.004284728142928018,0.002186917270899702,-0.001575700263568236,-0.004010056490288405,0.0062058449410393735,0.01664409289271762,-0.0007560247369257089,-0.00022026396909791135,0.00029279804293458334,-0.00010073453481007633,-0.0007470425747636567,-0.011671476989202678,-0.008585161642138739,-0.0006446749544193331,-0.002453347852219845,-0.001042208064465866,0.0016531574078355593,-1.9846997245220876e-05,-0.0036469544932875575,0.000836968930669757,-0.00199873286413077,-0.004585213936448507,-0.0021862766692476443,-0.00027585904236271386,-0.0006078143652321621,-0.0019493926205236267,-0.0007164285898343392,-0.0018351581373600157,-0.003296693804951456,-0.005365899996442991,-0.0005369568764929111,-0.0004887630074272842,8.142709819503047e-05,-0.00021723148304608753,-0.0014021682458061901,-0.0004581862004344739,-0.0027916856303819015,0.01857015705176024
-0.003000096543416486,-0.003284276577808387,-0.0008959850809705516,-0.00038460045119526054,-0.00026469683888863393,-0.0005053018976520773,-0.0015715675304134313,-0.0029525515796610113,-0.0017007083319566796,-0.0014756952301168136,-0.005141057986352782,-7.764934019949266e-05,0.002519087871861725,-0.0017876623389971869,-0.0026017939324904926,-0.0008687419187224377,-0.0018911946192480267,-0.0009552662926662903,0.003422419623113848,-0.0013700909320892851,-0.00013525415373605298,-0.0011448372500443282,-0.0038966716998820594,-0.0005486698185329653,-0.0021041296113696317,0.024892015246418042,0.014524971219376681,-0.004205956132378952,0.0021928084564255546,-0.0015481543822288835,-0.0030446718965849717,0.006144291777621547,0.015938139158826248,-0.000728174358463507,-0.00019828512318875724,0.0003029205692675063,-8.713906502488822e-05,-0.0007349391913048509,-0.012175801354911031,-0.007544048538065007,-0.0006199288186878871,-0.002351163848544391,-0.0010167410579300373,0.001765941289295192,-3.426157216446235e-05,-0.00365573848053935,0.0009525293651648781,-0.001930435914408779,-0.0045204732627139865,-0.0021994907167196542,-0.00022997663173462968,-0.0005533799319882293,-0.001621939124873517,-0.0008429454041989359,-0.0017391610819121883,-0.0037506031924469108,-0.005243606891747188,-0.0005065792307268335,-0.00043710273424091284,9.075777240141747e-05,-0.00021654833164452825,-0.00147412372399236,-0.00043099554982717336,-0.002652781800571713,0.017644480524176442
-0.003067555385416032,-0.003332007672901982,-0.0008586756420969621,-0.0003795338423583372,-0.0002641199750041956,-0.0004995656854842601,-0.0015927138146916153,-0.0028791589325006806,-0.0017485783323805126,-0.0015446390634262785,-0.005042129340462886,-8.198289475247478e-05,0.002683363148665574,-0.0017521205461539235,-0.002548885501231335,-0.0008746240666894778,-0.0017514047327715776,-0.0009580571971461449,0.003859084934282775,-0.0013207987963268497,-0.00014004130437306195,-0.0012425371221268522,-0.0038335748019385774,-0.0005368472932831825,-0.002009034796056519,0.025165585583619254,0.013879798065631554,-0.004113559865176808,0.002182855365844949,-0.0015139938651040907,-0.003059027486699506,0.005982948074767069,0.015245361967620497,-0.0006983683141463803,-0.00017610508128296232,0.00031072198858206335,-6.886717988674462e-05,-0.0007007350905386955,-0.012610136480661671,-0.0066487649946863625,-0.0006031887309898565,-0.0022531656765065744,-0.0009865457053754856,0.0018530431856536023,-3.8965354229425486e-05,-0.003634561807451697,0.0009866584007904855,-0.0018751328393212807,-0.00445159600003886,-0.00222592790074716,-0.0001713963145758557,-0.0005270202508449451,-0.0013192330939436614,-0.0008885711116127792,-0.0017258190053518474,-0.004039881262213552,-0.00511754163511724,-0.00045823648906984094,-0.0003961359671614817,9.029285376738194e-05,-0.0002194025490931395,-0.0014764543468551716,-0.00034197006827918486,-0.002528187593902498,0.01677929294123781
-0.003157929670550841,-0.003291348325808685,-0.0008265285464793548,-0.00037333928282523576,-0.0002634668112971861,-0.0004933386291711139,-0.0015789785303854664,-0.002812179465647713,-0.0017826341008833069,-0.0014981613079186884,-0.004949012444559142,-8.389121675933531e-05,0.002409851623267345,-0.0020438116701009257,-0.002508484453612292,-0.000885982574905464,-0.0016442119526440813,-0.0009468532263706697,0.004159220462377489,-0.001289076914919085,-0.00014038685635042736,-0.001326272336394041,-0.0037666161965903555,-0.000522076887247036,-0.0019287823920677294,0.02539894712841284,0.013422039380911688,-0.004025340577748948,0.0021602580227750856,-0.001481520406999004,-0.0034173896006767235,0.00573833827589354,0.014630527184474884,-0.0006640804208261075,-0.00014717536811759135,0.00033312612931357677,-4.436343158376044e-05,-0.0006854698845064622,-0.013033238350224186,-0.006019221917877293,-0.0005873471367294769,-0.0021332782716609877,-0.000964438864017314,0.0019085933300808655,-9.963817374403217e-05,-0.003625274321339078,0.0009985745814558022,-0.0018202007295069489,-0.00436720555518455,-0.002235908493859351,-0.0001287275474420868,-0.0005024212957159824,-0.0012172150774143464,-0.0009333849716128828,-0.0016117639423336438,-0.004676937098970879,-0.005007553256965669,-0.00039206842623262794,-0.00034421812706464383,9.778010839633922e-05,-0.00022195526679436028,-0.0014454080739327857,-0.0003340355005173601,-0.00249481420920028,0.016314268227548112
-0.00306048076224974,-0.0033155059406335674,-0.0007979019831046985,-0.00037070176724496307,-0.00027208756222352193,-0.000489657365226881,-0.0015667032241670764,-0.0027509446856704978,-0.0017960479412771901,-0.0014354779513687799,-0.0048419297258557314,-8.462898441097266e-05,0.002030825914700163,-0.0023185940149158535,-0.0024712521268057674,-0.0009008700833372796,-0.0015814181597972876,-0.000970373948397496,0.004480354760237448,-0.0012989180312540372,-0.0001437276075604288,-0.0015389298389606454,-0.003698080239035506,-0.0005104329639920024,-0.0018728727276069446,0.02486746604932799,0.013001633320447903,-0.00396437458301635,0.0021024195572294513,-0.0014465847002308463,-0.004370914265377279,0.005357109686320527,0.014108304073046307,-0.0006425057952047508,-0.00011934693937276641,0.0003465681847927282,-2.8545425722392714e-05,-0.0006719164374229258,-0.013463112234807673,-0.005518690212201083,-0.0005757676434515746,-0.0020430965443913873,-0.0009430331441605544,0.0019295286682652346,-0.00015565619474866565,-0.003602689890301325,0.0010644180498919908,-0.001772354139264909,-0.004288782724445661,-0.0022304014627637647,-7.503803832187295e-05,-0.0004615419815011679,-0.000972339356037355,-0.0010153816624052237,-0.0016066790910186368,-0.005061000546695338,-0.004914041232749411,-0.0003567463325748754,-0.00028694198667289506,9.58974357714304e-05,-0.00022400164052260862,-0.0014302651485750273,-0.0003143089219319606,-0.0026099537444556065,0.015852306245232706
-0.0029591750743325207,-0.003367548299112788,-0.0007594870862777103,-0.000368056267880168,-0.00027763998009744384,-0.0004855468644568983,-0.0015308822282179557,-0.0026796351287967646,-0.0018609337976309703,-0.0014134211963878762,-0.0047492343366091205,-8.77259022943333e-05,0.0016535264466068789,-0.0022606814475638615,-0.0024388530567543976,-0.0009060776766320888,-0.001535066348736125,-0.0009949861983955532,0.005045045128137415,-0.0012700892782352424,-0.0001466128182803228,-0.0016053812655956179,-0.003636705375204441,-0.0004895642582362081,-0.001819575502968851,0.024493911945395075,0.012589579072849633,-0.003909504779915363,0.002065845360976537,-0.001404487362388518,-0.004803373146631151,0.0051257568804501386,0.01371147992209365,-0.0006350331119336916,-8.77512932084823e-05,0.00037207747835799054,-1.9527475853653442e-05,-0.0006449364903109434,-0.013833536508857658,-0.005192486514897898,-0.0005710666849231272,-0.001990604776839544,-0.000914207318368665,0.0018921692332023454,-0.0002222149485979763,-0.003552905530833428,0.001169805492111431,-0.0017299571907438693,-0.004233300519606242,-0.002202317221130512,-3.150319107037003e-05,-0.0004123592811035026,-0.0007003053152309091,-0.0010319570588825933,-0.0017346202275293487,-0.005253600636467071,-0.004830178718374989,-0.0002958640110077848,-0.00021270043743459865,9.69147997442743e-05,-0.00022329537810894529,-0.0014729189816792276,-0.0002646682720042204,-0.0028141208983863963,0.015393424009465972
-0.003035772869746989,-0.0034061007444005087,-0.0007452640347543893,-0.00036235091608771697,-0.0002827174350095163,-0.00048404520703437814,-0.0014906716528811925,-0.0026145564123944975,-0.0019039669196775355,-0.0013048068546583913,-0.00465326270377131,-9.22135556732373e-05,0.001100668449703246,-0.0022176095022036213,-0.002394923120766612,-0.0009125033663219817,-0.0014932728991376987,-0.001027873104389676,0.0053865690122749665,-0.001259092537518658,-0.00015553379851529492,-0.001712304825094546,-0.003578243415879534,-0.0004654742633866116,-0.0017425146709341144,0.02472693575439222,0.01234761018065944,-0.003852260958202236,0.001990846458323814,-0.0013634530233311848,-0.005973272376988192,0.004623089355008769,0.013362654701707166,-0.0006128477006446253,-5.7935014000087826e-05,0.00036985491110441693,-1.480217233340575e-05,-0.0006060372988235807,-0.014010506600026673,-0.005003623165182769,-0.0005669732535867889,-0.0018809075393523278,-0.0008831599975862581,0.0018622269544015246,-0.00033177702521669516,-0.0034737296014915042,0.0013328535206935666,-0.0016755558894193667,-0.004189233627674094,-0.0021561936324830944,-8.227341738775706e-06,-0.00036240421534905476,-0.0005077429692003088,-0.0010406481189513261,-0.0017826219000807164,-0.005409402418138143,-0.004746349037412667,-0.00025497065367863225,-0.0001604473213049351,9.970984895391055e-05,-0.00022082529752986968,-0.001479641213666616,-0.0002481070611695113,-0.0031972187140808517,0.01545532521357873
-0.002986312790491996,-0.0034506630833295304,-0.0007210196071960606,-0.0003533903100800817,-0.00028432023475921664,-0.0004815641946769311,-0.0014479881518557614,-0.002541658211512088,-0.0018211115130932765,-0.0012179498570292768,-0.00456257275325489,-9.320022171577236e-05,0.0006951233890777342,-0.0023589007458020284,-0.002375110479372111,-0.0009019525071772838,-0.00145282848698014,-0.0010685270778784117,0.005717217520645246,-0.001242087419835114,-0.00016050614065443725,-0.0017583002358283473,-0.0035227061516913682,-0.0004460785693013447,-0.0016463961911685754,0.025339201282067014,0.012366993248793978,-0.003775626593566228,0.001933058218602568,-0.0013372224574059732,-0.0061336142487473655,0.004287848801605376,0.013046891147669326,-0.0006025804340447083,-1.6949634236596012e-05,0.0003589097498362115,-6.3360018001112905e-06,-0.0005885572314177079,-0.014030128417402365,-0.004832712091844327,-0.0005713695879600023,-0.00179894951289572,-0.0008564402281434624,0.0018824702186341913,-0.0003923196951849395,-0.003369922789676294,0.0014272164110031849,-0.0016280841406931534,-0.004152988350211717,-0.002129048102456843,6.254297657326546e-06,-0.0003285494871204664,-0.0003431296560292285,-0.0010068163255041451,-0.0016914212308151155,-0.00518142336727867,-0.00466868155204303,-0.00024387603173003924,-0.00013615129272037674,0.00010564551411529344,-0.00022131689390936238,-0.0014546589518392716,-0.0002105893799337899,-0.0033885505211083133,0.016866955119244853
-0.003021023393070421,-0.003451587942482459,-0.0006999367602025242,-0.00034418010363868046,-0.00028535152580078105,-0.0004756644964922785,-0.0014069719228186894,-0.0024761493865627093,-0.0017557829906288402,-0.0010993829953117595,-0.004482055135458407,-9.75629597097516e-05,0.00027070811731744193,-0.00230489645916232,-0.002343343495388117,-0.0008832526614406255,-0.0014313039642188663,-0.0010758656652856136,0.005916380826205048,-0.0012396669925875958,-0.00016338368436075168,-0.001702538519468333,-0.0034705637026692937,-0.00043869085777459293,-0.0015872090723973997,0.025933025502515195,0.012387801636273066,-0.003689214648407213,0.0019045001465585187,-0.0013045824332146294,-0.006642081992894067,0.004102673167847515,0.012760902486130155,-0.000592971231937578,3.172607234569469e-05,0.00035090421120154147,-1.3220736487795648e-06,-0.0005815461168062752,-0.013980155541613137,-0.00481155685814505,-0.0005709244982980977,-0.0017339566129763728,-0.0008236686578447783,0.0018628357893344383,-0.0004456842035845954,-0.0032497018321205884,0.001553599298681041,-0.001582846128424742,-0.004097332684279031,-0.0020831909093512735,4.947463121807161e-05,-0.0002859758658272371,-0.0002114997290040277,-0.0009371025230916485,-0.0016464104639954957,-0.004737239119746217,-0.0046094939941642155,-0.00022427968683869093,-0.00011735251199507246,0.00011049538668772563,-0.00021927174046632025,-0.0014592753127186109,-0.00019840657056324762,-0.00350468846608043,0.018260072515269954
-0.003032399845794509,-0.003367491710034476,-0.0006753339786909063,-0.00033529290558254043,-0.0002814338403956951,-0.000466164043547157,-0.001373845766635795,-0.002408711858075452,-0.0017783523769391296,-0.0009602164091963017,-0.004399402233094429,-0.00010046843701549957,-0.00015517179447011031,-0.002229357531540077,-0.0023226298184566563,-0.0008748688260344917,-0.0014673733481699314,-0.0010699134507253794,0.006269686851543277,-0.001212789773964218,-0.00016981651366998474,-0.00172700195172093,-0.0034221342987628134,-0.0004185750684800871,-0.001594958214425679,0.02678276424345971,0.012274314495018812,-0.0036128753951739645,0.0018978457965979079,-0.0012775215438368681,-0.007269141659645317,0.004061960665690423,0.012463963085917351,-0.0005607512134391257,6.657957948674742e-05,0.000329107083724578,9.850167814740018e-07,-0.0005743604373295019,-0.01380306123941355,-0.0048899056020391685,-0.0005731905455793607,-0.0017071252097161649,-0.0007945201836397908,0.0018304380100360174,-0.00048810956377276504,-0.003127062936283398,0.0016205628862042687,-0.0015378827227777725,-0.004028169892356215,-0.0020253624127682945,8.02610420962413e-05,-0.0002628149940530067,-0.00010108857211188482,-0.0008778193845865312,-0.0016354220433619782,-0.0045583044287301755,-0.0045529903737128175,-0.00019499601692385404,-8.792907717058984e-05,0.00012060163978855343,-0.00021884324176368875,-0.001409292134511797,-0.00016502114974881188,-0.0036311439196504702,0.01963930552906401
-0.0030166474073389793,-0.003115466175852566,-0.0006640865272342644,-0.00032995553124559596,-0.00027858970768157576,-0.00045781903839159366,-0.0013338847636243933,-0.0023441891085508315,-0.0017584939099071217,-0.0009171200005512192,-0.004307703711281197,-0.00010037699401266309,-0.00015880879228691303,-0.002201204464968076,-0.0022845067107254424,-0.000864175056572769,-0.0015235935849449156,-0.0010615702284996198,0.006392453478784255,-0.0012100628808006109,-0.00017659514736834137,-0.0017448626411674661,-0.0033682015470418714,-0.00039789942215529006,-0.0016101334126468192,0.027474454270785653,0.012252900485640428,-0.0035279660424445414,0.0019322943642521295,-0.0012575816803621631,-0.008109957550231472,0.004232052993643931,0.012155936398693612,-0.0005448778799846954,0.00010707112925123496,0.0003049115672091318,-8.956295652007285e-06,-0.0005880543569517505,-0.013441844946780246,-0.005022897955039185,-0.0005715255574152422,-0.0016117865249920538,-0.0007642866690381611,0.0017576380201282937,-0.0005551647986997699,-0.002974451478470752,0.0016826252163308908,-0.001499485523787314,-0.00397751843783567,-0.0019407994789216731,8.389937201691566e-05,-0.0002497509980941004,0.00011133450352995844,-0.0008646154439974074,-0.0017034342974203698,-0.004251056046170487,-0.004493904856797126,-0.0001568688618780456,-5.385114001887903e-05,0.00012505549867847243,-0.00021770034045154318,-0.001447063729526632,-0.0001458280654864641,-0.003637069409376692,0.01988725064900132
-0.002991223223776207,-0.0030016627817931463,-0.0006534809625289295,-0.00032443837440299106,-0.0002750388594955355,-0.00045109675659504855,-0.0012833630370464588,-0.002272220283359605,-0.0016550118364720978,-0.0009283312234031893,-0.004216611416040683,-0.0001027047230954814,-8.519605425549859e-05,-0.002101421143161919,-0.002256115229865241,-0.0008609479845583801,-0.001575480500040971,-0.0010722197678323386,0.0063658604873144675,-0.0012088251866482214,-0.00017501471718905925,-0.0017398307945223346,-0.003314335960103887,-0.0003781955836176243,-0.0015986132772355388,0.028268586735609613,0.012346409140478798,-0.0034276093666006924,0.001986262524037663,-0.0012464060987574799,-0.00861531893987788,0.004563100908065554,0.011800070785144445,-0.0005160637729579864,0.00015078124816958471,0.0002951439881315743,-3.4403426006357485e-05,-0.0005781979262302617,-0.013076243289674938,-0.005291743836069784,-0.0005640214514858188,-0.001522880988336972,-0.0007429789529641573,0.0017412841150841185,-0.000548027101808346,-0.0028524928655383475,0.0017820275132696128,-0.0014540028200192845,-0.00394962989122194,-0.0018742997948754114,0.00010260216870827676,-0.0002282961019330898,0.00011910971820028315,-0.0007990629713737762,-0.0018981175416358242,-0.004005743968466202,-0.004440206906613842,-0.00011291626154785739,-2.069028217377422e-05,0.00011451482732049989,-0.00022045828929850853,-0.0015740897101627072,-0.000138170308709884,-0.0035776946216514727,0.01873302630018503
-0.0028965559152459575,-0.002962568378882091,-0.0006344197810349561,-0.00031813689109672083,-0.0002719972107841917,-0.0004429458564613187,-0.001244849450589336,-0.0022080655861302922,-0.0015255628799820675,-0.000970427804437124,-0.004131302826208105,-0.00010231326405985008,-0.00020333217946699733,-0.0022086396909729578,-0.002225930379506469,-0.0008452187906529129,-0.0015619092905526655,-0.0010688899509457839,0.006431353732349265,-0.0011992915052029263,-0.00017700749386151404,-0.0017679507829029273,-0.003262656105175954,-0.0003619882424804599,-0.0015447023206562882,0.028944975869931167,0.012575475104833034,-0.003314453818829999,0.002060490692900707,-0.0012351829832432104,-0.009786958012927505,0.005040070738879354,0.011365581206350006,-0.00047709406582319147,0.0001865852085227715,0.0002867450341987876,-5.559902663920813e-05,-0.0005529837893472056,-0.012742855936562214,-0.005562857668762855,-0.0005524029693144694,-0.0014228177799656683,-0.0007131232074319982,0.0017383641246770942,-0.000601269959821682,-0.0027265461603789287,0.0018349505933756838,-0.0014071858751546484,-0.00391592551461073,-0.001783450101981332,0.00012649394257313595,-0.00021030811121858228,0.0001454983680273525,-0.0007251983161028486,-0.0020261719210573625,-0.00416271964098458,-0.004379501521756701,-7.356270062364167e-05,1.7543088106197757e-05,0.00011755843450900194,-0.0002203296087303075,-0.0016829093461969702,-0.0001657957452283476,-0.003530612913792641,0.017574956521975826
-0.002788351031213887,-0.002925555231995336,-0.0006113574609217798,-0.0003090305676241023,-0.0002691116555509909,-0.0004384862755270058,-0.001222437310621105,-0.002142663514598464,-0.0014408718216754046,-0.0009802044653175468,-0.004047373965372469,-0.00010206571761717242,2.1701836383059003e-05,-0.0022131258656172825,-0.0021873117844494194,-0.0008282349804037414,-0.0016384968761705698,-0.0010769313338007125,0.006475052994181274,-0.0011779420754127745,-0.00017924400583602118,-0.001774443127567582,-0.0032119892744525425,-0.0003550566582734005,-0.0014569859241189143,0.029571677457002732,0.012793518654383496,-0.0032066104515516836,0.0021541738778358965,-0.0012203314985411717,-0.01145721820668033,0.005679536565229348,0.01082887609283345,-0.00044156308992748805,0.00022073476246853296,0.000279304425749638,-7.351499597274547e-05,-0.000540624510817711,-0.012398959761405148,-0.0056548610566522495,-0.0005431431000816334,-0.001378254952341007,-0.0006839741948585498,0.0017302496351327967,-0.0006343900810292791,-0.002615397431777078,0.001854331760245076,-0.0013558606680611485,-0.0038698908031052914,-0.0017102680828491312,0.00013987881918509082,-0.00018844275265295085,0.00017892655480422626,-0.000612265721770533,-0.002170701950203413,-0.0040484103782216785,-0.004319595727868664,-2.141522190801659e-06,5.0330119899966164e-05,0.00013132281264671697,-0.00021547840934321716,-0.0018155185061631274,-0.00020120525466771344,-0.0034100108216652547,0.016409161854633814
-0.0026818134286051842,-0.0029422840027228947,-0.0005923757241648175,-0.0003022008283682931,-0.00026635253435669526,-0.00043014775005156825,-0.0011621344380337018,-0.002082353587030794,-0.0014084070767669266,-0.0010062889875714909,-0.003962030990205534,-0.00010184131746582281,0.0007888996207447985,-0.0023764408277582305,-0.002159196104692951,-0.0008017819306537222,-0.0016055265841342647,-0.001092749586531605,0.006045359270395734,-0.0011258974701031654,-0.00018507956533753145,-0.001768414606371449,-0.0031649465490264372,-0.0003530637916708823,-0.0013567640112283064,0.030371619154424545,0.012930685650018203,-0.0030986240211990923,0.002257274306104451,-0.0012109675748112059,-0.012884724535268233,0.006408898430390941,0.010265556366829909,-0.0004134207553312397,0.0002438330103562425,0.0002774222764552192,-8.967608941645722e-05,-0.0005204915235168528,-0.012137488171146793,-0.005867689022429512,-0.0005388222034581336,-0.0013454503694023678,-0.0006538671761588954,0.0017007485163911262,-0.0006476364454560679,-0.0025002670756246737,0.0018272928268445732,-0.0013091835342293745,-0.0037871053149076683,-0.0016158615449649583,0.0001300643099713117,-0.00015993942389169735,0.00017861196124124845,-0.000498355459017441,-0.00238868906556422,-0.004104538488365117,-0.0042618831405806246,3.6398723554098567e-05,8.405372172726189e-05,0.00013490786479364303,-0.00021668824776621687,-0.0018395378086106806,-0.00021472439953362787,-0.0034080524105999377,0.01609599757159441
-0.002521635848674597,-0.002953117102955094,-0.0005728266229486634,-0.00029619240086042886,-0.0002613075766693118,-0.00041846436681092225,-0.0011193604520292055,-0.0020208967694688162,-0.0013305205091727057,-0.0010016371917260791,-0.003881985688914069,-9.708651439044313e-05,0.0010225676476802725,-0.0025606266033108005,-0.0021177080453539388,-0.0007836084310418601,-0.0014977929148892732,-0.001124633303684286,0.006133186005646829,-0.0011110301099284126,-0.00018774020828860039,-0.0017200703987234611,-0.003121212792942085,-0.0003457196439413668,-0.0012844594956590294,0.03078448959683877,0.013073355884609228,-0.003009602449430382,0.0023711407027044995,-0.0012046121449138525,-0.014644394009101003,0.007155324314814804,0.00956046752630657,-0.00036928267560143446,0.0002845505336515064,0.0002605211586934608,-0.00011266167257484305,-0.0004986419901573669,-0.011868482513869072,-0.006114106334654257,-0.0005357088243852504,-0.0012838328559869883,-0.0006248219651836528,0.0016707082151325992,-0.0006303065995872936,-0.0023673919111959485,0.0018267710596082676,-0.0012552030567160033,-0.0036816965511345945,-0.0014988955980925756,0.00012609856753487136,-0.000159796573497184,9.287979229455345e-05,-0.00029907529068273764,-0.0026039504598659446,-0.004237810168175815,-0.004199895359702666,0.00010550497233929867,0.00010450045863996671,0.00013717882552977123,-0.0002129800538620552,-0.001808268150985115,-0.0002022691651547559,-0.003466631847162671,0.016337834243957072
-0.002503601484945217,-0.0030131234707234666,-0.0005603635914243066,-0.00029095276090651545,-0.00025835769829052335,-0.00041324720050439634,-0.0010735624530756604,-0.001952334153997759,-0.0011718248876619874,-0.0009353287115576592,-0.0038027520044168206,-9.784052873407223e-05,0.0011710619860405558,-0.0029198833291894655,-0.0020796750822863475,-0.0007594008377700412,-0.0013468724741019233,-0.0011523744469674746,0.005908931069827705,-0.0010916411380996749,-0.0001900865036912336,-0.0016818144995008888,-0.0030766644297297585,-0.0003425455377913389,-0.00125375590730481,0.03109180872776718,0.013202422529464908,-0.002937003817662265,0.002483929609523372,-0.0012055617176822686,-0.01574813509155859,0.007759518682162181,0.008727628184985514,-0.0003409242062537565,0.00032064718873514586,0.0002489609930571568,-0.00013729154778996389,-0.0004557403951097605,-0.011604631043473757,-0.006399871351626674,-0.0005299966252545474,-0.0012415337132130055,-0.0006031026042343512,0.001608542793776646,-0.0006415534725960903,-0.002253243473134825,0.0018572669299607991,-0.001192420328097188,-0.0035650339800012976,-0.0013883542279051753,0.0001262553936638433,-0.00014151292042652308,0.00013258908190350027,-0.0001376284150365059,-0.002779037526403516,-0.004278586804012718,-0.004129814707752422,0.00017110407397180616,0.00012586935056901893,0.00013566878147597272,-0.00021032745134796915,-0.0017367441056004296,-0.00019456333806755488,-0.003579681117248046,0.016579653901145575
-0.002477875219876635,-0.003099275327928086,-0.0005531493975369228,-0.0002902263838592267,-0.0002533523017792527,-0.0004077918639946443,-0.0010537964125973964,-0.0018985913173518165,-0.0010220248480170557,-0.0008573614788403017,-0.00372940812824607,-9.560244782602645e-05,0.0013784469829438706,-0.0031096689229493935,-0.0020468668554962655,-0.0007316932662875253,-0.0012286285845239941,-0.0011942600569104789,0.005661984933358344,-0.0010948932597625305,-0.00019460582945995952,-0.0016347966974018524,-0.003035194591751389,-0.00032806142728669663,-0.0012400637949603333,0.03151198464412208,0.013233107539456057,-0.002865801357238573,0.0025756126318587924,-0.0011929508212277229,-0.017486252505124922,0.00822268562420092,0.007841448578475019,-0.00030133171639690204,0.00035015959903161864,0.000252655360757581,-0.00015361335667996023,-0.00041665022581061084,-0.011335145968876414,-0.0066558552138075155,-0.0005306211137958705,-0.0012322491261385071,-0.0005880415370184133,0.0015116845864897588,-0.0006158965601827937,-0.002147317208765487,0.0018586109907370307,-0.0011386023420725255,-0.0034594107258718587,-0.00130051887213245,0.0001332062958481206,-0.00013358178092048867,0.00018311261604586626,8.378779983453377e-05,-0.0028320358786232402,-0.004362701687792847,-0.00405680004788167,0.00020569060538866424,0.00017400474609741146,0.00013854961578729785,-0.00021015420060510603,-0.0016777151783616828,-0.00017596264781483129,-0.003664082941041369,0.016825489139469463
-0.002428318592708534,-0.0031750844316588145,-0.000548243988299002,-0.0002850650144649025,-0.00024252213623809915,-0.0004033524103556063,-0.0010339936596545085,-0.0018543089245177669,-0.0008306379818150411,-0.0007902278018159237,-0.0036566725456782523,-9.34305657785961e-05,0.001462968061752612,-0.003251819408937595,-0.0020111985968405133,-0.0007160484419783675,-0.0011121778731593146,-0.0011927607296904341,0.005343923767442416,-0.001108864680350985,-0.00019290588221609895,-0.001574179764844974,-0.0029915190863986085,-0.00032258424199904656,-0.0012508203045009658,0.03181564886705068,0.013217631635667582,-0.002794333815913208,0.0026186034727333496,-0.0011898991560239658,-0.018996807161762663,0.008355100545896388,0.006979586779160218,-0.0002752429436164716,0.0003763425080816063,0.00025230883703453166,-0.00015058807233925275,-0.0003888937031406581,-0.01099077269997295,-0.006905953998292302,-0.0005325214094420438,-0.001218303520285291,-0.0005688960332754789,0.0014304041790043076,-0.0005758963198664313,-0.0020754699021828804,0.0018694374239822675,-0.001091094420015648,-0.00334796166369411,-0.001236940173782175,0.00011393007953652834,-0.0001248432959258805,0.0002679733992272393,0.0005577052828031892,-0.0027246610408577787,-0.004599478796512568,-0.0039767663098003725,0.0002101956050639675,0.00022233271406735255,0.0001459441040176923,-0.00020614586117284617,-0.0016838748545577875,-0.00018735540711745102,-0.003789646756925946,0.017268087853428593
-0.002334502264375926,-0.0032654260577180683,-0.0005484712294292482,-0.00027815117755880525,-0.00023597222138493912,-0.00040168750193081415,-0.0010237399597982089,-0.0018237470736841566,-0.0006970848815112118,-0.0006934428000640036,-0.0035981687485108216,-9.030828720502093e-05,0.0010315660113124903,-0.003389100113142529,-0.0019781117597770237,-0.0007119967618238743,-0.0010577769722835972,-0.0011805778826697866,0.0051792584159100485,-0.0010549036264868583,-0.00019765723768161436,-0.0015198628434613948,-0.002946938445290259,-0.0003141291504149546,-0.0012758994567843018,0.0319162136454918,0.013256324823073484,-0.0027433574951014617,0.002617581314148687,-0.0011839344793481699,-0.019231352286337322,0.00820643787200992,0.006192417223443103,-0.00026085282159693524,0.0003972986329738859,0.00023269940649961462,-0.00013803212373575402,-0.0003792514512485079,-0.010557364219356824,-0.007048781359917267,-0.0005385413696065156,-0.0012510442678250744,-0.0005493267299521154,0.0012803279358033492,-0.0006341676239038918,-0.00203941025032639,0.0018073850282180892,-0.001048698433158246,-0.0032109865886594813,-0.0011740070766175226,0.00011552844563977871,-9.679549865282411e-05,0.00018857661633009393,0.001106848096478874,-0.0026554511025145278,-0.004307472599891948,-0.0039029236242175136,0.00023752918336916728,0.0002508134880057078,0.0001456393235279574,-0.00020674600341363814,-0.0016709493431384947,-0.00018426791837344858,-0.003851792097548712,0.017730849548936334
-0.0023199090406480494,-0.003351947246103437,-0.0005563545593146868,-0.000272687670141214,-0.00022898287692074693,-0.0004021676025655063,-0.0009909638110268126,-0.0017883005150010067,-0.0005768838149948774,-0.0006025697045088929,-0.0035398638332118093,-8.735155240091608e-05,0.000867721611954142,-0.003511732993781158,-0.0019427305617435442,-0.0006951341013008427,-0.00100163149682031,-0.0011524610374732402,0.00481858739318497,-0.001032820030552939,-0.00019642164957089925,-0.0014140154931880922,-0.0029031954908417257,-0.00031042029147121397,-0.0013363846083880304,0.03221948547494713,0.013406803833502678,-0.002730025705255934,0.0025710524109421318,-0.0011829859133192233,-0.01938071413592657,0.007725080724183764,0.0055557153548411176,-0.00024345928405256068,0.0004283858133911078,0.0002228704757381017,-0.0001283619033392025,-0.0003419281306520361,-0.01008132797937411,-0.007158401851624752,-0.000547479347974722,-0.0012614832667742215,-0.0005230420244164424,0.0011349054415361604,-0.0005676569662278474,-0.001988712962471828,0.0018329992098140568,-0.001022574734304893,-0.003070788255988277,-0.00110467056878516,0.00011887277757405279,-6.087729940518205e-05,0.00012897782077758713,0.001361256191445337,-0.002552063673157967,-0.0041218215435711025,-0.0038145508121318894,0.0003108095738051375,0.00028496233282826466,0.0001418528111052364,-0.00020498187273587654,-0.0016257864157949165,-0.0001706435100535808,-0.004001497732456394,0.018204381849777462
-0.002269075369277118,-0.003396292299807868,-0.0005611472621553926,-0.00026565624655461306,-0.00021816014149589336,-0.00040429376012118823,-0.0009866142608061512,-0.0017520369881457443,-0.0004973043377286546,-0.0005598995341202784,-0.0034773614490370974,-8.277047471527688e-05,0.0004165311351476131,-0.0035388721844137327,-0.0019032579333586597,-0.0006824769588498203,-0.000842171016954274,-0.00112273216289005,0.004316506228813077,-0.0009777193516301574,-0.00019381936111018128,-0.0013157815368004533,-0.0028562676446215463,-0.00029418445673778937,-0.0014027361247119785,0.032644265360811,0.01334234514383592,-0.0027284374980197645,0.002510346874834868,-0.0011814401334515612,-0.01983382195008343,0.007143331695951494,0.005130905309474576,-0.0002186175163618742,0.00047631222227240144,0.00020677374480659871,-0.00012726248949002095,-0.00030421340685593545,-0.009552539769493773,-0.0071679241065162325,-0.0005547115032468186,-0.001219331411032476,-0.0005028191209683897,0.0010403918168147008,-0.0005969324698492651,-0.0019339383035467117,0.001857404178940092,-0.0009919255076696887,-0.0029478204624057147,-0.0010615747751295812,0.00010528528287334638,-4.190813259052906e-05,5.487204284260194e-05,0.0013469229091080948,-0.0024641894452547275,-0.0037597864401563985,-0.0037267146649683225,0.0003720710928747373,0.0003111530986263933,0.00014311018878365722,-0.00020153099532371765,-0.0016915342428338587,-0.00011387984169497489,-0.004072102314139903,0.01862256378861238
-0.002251277134912022,-0.003570216821790262,-0.000571328986816777,-0.0002650814274591795,-0.00020941879992841805,-0.0004047785106819912,-0.0010104089510167835,-0.0017202119513622938,-0.00043168114752833997,-0.0005265527370141854,-0.0034143409803883973,-8.160166856852058e-05,0.00038015931050860985,-0.0035923312115367922,-0.0018609063854355679,-0.0006645759633367998,-0.0007345942803280714,-0.0011131572369558196,0.004043784782316484,-0.0009269211612310535,-0.0001881826233571804,-0.0012077283941758221,-0.0028060217477655636,-0.0002771682842866996,-0.0014371951808942462,0.032867160553479824,0.013310129129860737,-0.0027198984964212913,0.0024424630277726234,-0.0011848985215334729,-0.019038551545884075,0.006428607873493197,0.0049379868460495135,-0.00019230203055697892,0.0005263248225122474,0.00019541034735848228,-0.00011626826810284818,-0.00027766288120567584,-0.009067383483334579,-0.007051043540395652,-0.000562574448575881,-0.001188813506334041,-0.00048131169086906844,0.000956262824448384,-0.0005723770367060954,-0.0019209505525059622,0.001909615270094811,-0.0009688265650280581,-0.002886770399494032,-0.001041992267282299,0.00010430059704447103,-1.9417258974252505e-05,0.00013986248818520508,0.0012448711043326899,-0.0023630236181858555,-0.003453218183404383,-0.0036506913968307186,0.00044560333823828735,0.0003466073399591707,0.00013997243084618027,-0.0001950893922112451,-0.0016981164517585468,-9.574771735276766e-05,-0.0040230924969469894,0.01862256378861238
-0.0021557806734266993,-0.0035172742775193555,-0.000576809056279215,-0.0002612968992272702,-0.0001997502957510333,-0.00040659990505476085,-0.0010332687695637777,-0.0016954814836386278,-0.00037090696108843524,-0.0004684630342988161,-0.0033478812241219957,-7.901002980337246e-05,0.0004432014555519892,-0.0035363859526766905,-0.0018173318436993657,-0.000633820560883458,-0.0005684223833966051,-0.0010819469585470198,0.003534554760566966,-0.0008857509806834418,-0.0001845417858743481,-0.001189694017572851,-0.002757940292888117,-0.0002600078630069502,-0.0014227473308181526,0.03312187332875949,0.013356240529022623,-0.0026947903692130515,0.0023778359153538986,-0.0011840881157370031,-0.018216585832455556,0.005704582140712233,0.005100176575741022,-0.00014939165630833973,0.0005476729142119829,0.00018374555349010002,-7.523625736083339e-05,-0.00023247340236742797,-0.008541664133207783,-0.0069235828664451216,-0.0005679627442439772,-0.0011713915155122656,-0.00045650323330703735,0.000848824327597475,-0.00048440402872429456,-0.0018637439982274184,0.0018679224258404403,-0.0009491683792975936,-0.0028658029973160914,-0.0010490013574662171,0.00013023074787721356,-3.838922827736901e-06,0.0001561031862458151,0.0009439703168230285,-0.0022497273030565035,-0.0033269663875808986,-0.003580357746481133,0.0004978263821153739,0.00038782634445344577,0.00013946211145521303,-0.0001881547343297596,-0.001623072562924377,-7.513965303518333e-05,-0.003946402509997116,0.01862256378861238
-0.0021264786356695042,-0.003434250465434441,-0.000574577448525182,-0.0002542388183739419,-0.000192595596862577,-0.0004065607248140424,-0.0010251904261942002,-0.0016707771438186914,-0.0003425050709704447,-0.00047446097633929707,-0.0032810714273875385,-7.339212412171836e-05,0.00044833427531609793,-0.003352878528028569,-0.0017727572374766076,-0.0006015178148300881,-0.0004314035919683601,-0.0010560463427041755,0.002796256261998753,-0.0008774968845768338,-0.00018058324060921116,-0.0011566841512016257,-0.0027071167889370917,-0.00023988472052616228,-0.0013660795178251917,0.032474284327524305,0.013551440500011891,-0.0026375345352992463,0.0023549356798175936,-0.0011819885895008042,-0.017679018750262454,0.005117644987907344,0.005520740235014365,-0.00011684225086805444,0.0005712934741157749,0.0001620793280567856,-3.405517812093972e-05,-0.00020247762686043114,-0.00802411564946559,-0.006740638604944449,-0.0005679918644639903,-0.001160718903723823,-0.00042868635158821444,0.0007448150996574032,-0.0004358638287571548,-0.0017990673608021535,0.0018786507000050356,-0.000933537032410503,-0.002891095937395338,-0.001057045046588212,0.00015896472683030183,1.0158046458652592e-05,0.00010216694508002888,0.0008135209827169199,-0.0020319446306069633,-0.003424648890965165,-0.003504141359046975,0.0005169286711559362,0.00041173362439872463,0.00013032823836489627,-0.00018560366847797383,-0.001531719369292528,-9.232207773812728e-05,-0.003828404241957961,0.01862256378861238
-0.002137065883054512,-0.0033373092959557704,-0.0005721814838681727,-0.0002510252646972244,-0.00017882473760388873,-0.00040361848011327695,-0.0010421030542204779,-0.0016395965358142472,-0.00030613021825720566,-0.0004128084888869177,-0.003221477704507203,-6.923586130580528e-05,0.0005611113232926179,-0.003312667695010929,-0.0017415621136973591,-0.000585269607173089,-0.00025978104334467567,-0.0010357657028975398,0.0023659951386183486,-0.0008445312022326013,-0.0001742463278459061,-0.0011594176315405935,-0.0026578703194314324,-0.00022237649737766318,-0.0013088059188902657,0.032049627667684044,0.013756613857503153,-0.002566434847692922,0.002379058031063419,-0.0011748924754728662,-0.017417905536025624,0.004829232510390691,0.00609433415598204,-0.00010187833583585881,0.0005915337023938427,0.00016229847828008737,8.017535076287885e-06,-0.00016022467250054184,-0.00750551997519644,-0.006734647130308358,-0.0005680574196600396,-0.0011530430204218511,-0.000404188967514707,0.0006624202198117768,-0.0004021866477741387,-0.0018240798912677603,0.0018867530963715407,-0.000924257352519553,-0.002954945515331042,-0.0010656156264224892,0.00018272558556131635,1.996152738525936e-05,0.00020328357995480495,0.0007823204793231398,-0.0019001603400926603,-0.003387209460512741,-0.0034224867861344377,0.0005031312751249128,0.00041748069871050397,0.00011486634826196607,-0.0001847312686913405,-0.0014783483962346189,-9.616963241465548e-05,-0.0037909934286917135,0.018369122767375234
-0.002190484897181988,-0.003239412570761102,-0.0005492149931998203,-0.00024851018500837707,-0.00017041958211716501,-0.00040352919146691146,-0.0010339745790844956,-0.0016125371929888166,-0.00027340761481431386,-0.0003442543759427652,-0.0031553249721258947,-6.805367553053276e-05,0.0007701509644852944,-0.0035327951799191126,-0.0016986521347726047,-0.0005696861382695761,-9.385644317405628e-05,-0.0009843221320344764,0.0020144503593024776,-0.0008061661087264138,-0.00017192782931074735,-0.0011504693804162969,-0.0026105796228320655,-0.0002162835019092757,-0.0012332804774598527,0.031632579782642,0.013941194386493994,-0.002472952368520409,0.002443788492772825,-0.0011670493605165921,-0.017563099214772615,0.004792022827280196,0.0067009069934080845,-8.94183207300614e-05,0.0006061689652450131,0.0001464840308245119,4.104794758008623e-05,-0.00012704828058252016,-0.00700535480612452,-0.006668485793415169,-0.0005595282486574593,-0.0011370427108889913,-0.000382124885042856,0.0006161969923204058,-0.00031434550494524593,-0.0018201069164385242,0.001939910731667105,-0.0009115697898031128,-0.003031423833774638,-0.0010963253580731358,0.0001793531890490474,4.43136853365278e-05,0.00017439429533516737,0.0007538640650539552,-0.0018796910942203704,-0.0034057564637219873,-0.0033372905352302418,0.0004977598806068517,0.00039537689471114135,9.76788870372669e-05,-0.00018605024823670213,-0.001426936920129962,-0.0001262334170959445,-0.003742399151706266,0.0172055741030408
-0.0022127459746497102,-0.003082782710289278,-0.000520472945763073,-0.0002446328385830032,-0.00016550476589871632,-0.0003978856756529092,-0.001032820004478907,-0.001584613367694221,-0.00025966273053279476,-0.00032574738004720327,-0.003105546181192964,-6.853510907334215e-05,0.0012642676327756508,-0.0036632694072183947,-0.0016546335843193871,-0.000555472143786484,0.0001248344184516803,-0.0009341029677381041,0.0016253371879759726,-0.0007728235183733778,-0.00016533045895317233,-0.001105688974068486,-0.002559292354085807,-0.00020980147694260598,-0.0011129557673316137,0.03111609663744086,0.014087747288726193,-0.0023534381768801627,0.0025499714028276443,-0.001151156610764259,-0.017722609844143533,0.005054893274809791,0.007217745893980387,-5.5409927471328224e-05,0.000627137904008146,0.00013907742784824428,5.5646111809304344e-05,-9.669223075314815e-05,-0.006443922471209174,-0.006676040198168809,-0.0005543407964552216,-0.001099077232877943,-0.00035793747701451384,0.0006924354549664447,-0.00028335183012173637,-0.0018264361996318534,0.002008963662457175,-0.0008965832898646386,-0.003108851682260272,-0.0011596689956259176,0.00015366369536939928,5.0325376167448255e-05,0.00018709381782033851,0.0006982394146497484,-0.0017380364129524484,-0.0037397112688233314,-0.0032606388701647004,0.0004632760184901663,0.0003578916079693961,8.472692939132109e-05,-0.0001855420887174608,-0.0013989576122405145,-0.00014395538079547965,-0.0035286431395777917,0.0160497162974913
-0.002179217994633942,-0.0029606377029263165,-0.00046928680207136697,-0.00023799353134368317,-0.000160292806040907,-0.0003794952697576681,-0.0009984943266543311,-0.0015488271660992758,-0.0003735525944322804,-0.0003286259213580722,-0.0030584054660679483,-6.966177171963128e-05,0.0013039263543037638,-0.0037582689278813364,-0.0016166659401619654,-0.0005305411054703502,0.00017976794812368802,-0.0008971238112502888,0.0015205347570248495,-0.0007690125020293204,-0.00016612754438105615,-0.0011092266639228798,-0.002512284013817201,-0.0002060560435581671,-0.0009784356468672817,0.030816271478076418,0.013981646365168965,-0.0022137448270324045,0.002653170055303633,-0.0011319971285514985,-0.016043830728235786,0.005198841648429431,0.007486417116323585,-4.710671423113766e-05,0.0006250290606402142,0.00011918974398739124,5.4920229255905895e-05,-7.977587716445633e-05,-0.005947064949133218,-0.006668516104458289,-0.0005401815681070898,-0.000987548888056411,-0.00034153796346758636,0.0008700242168486749,-0.00026264821222865553,-0.0018906351969031343,0.002071363334465115,-0.0008705547808721681,-0.0031658539020130716,-0.0011888490745307623,0.00014424850564953573,5.06102362105576e-05,0.0001244237909359125,0.0007230328288556631,-0.0015968023232532103,-0.0038281764641038274,-0.0031896880442596753,0.0004038738503302497,0.000307276981826865,7.392370769010448e-05,-0.00018653504375820695,-0.0013811242020428383,-0.00012574094362238775,-0.0033361528918142147,0.01489768690615989
-0.002149152342097893,-0.002906417093088365,-0.0004211757445635733,-0.00023334623194615212,-0.00015446265132035286,-0.00036918297671117983,-0.0009738098071235823,-0.001512062765144484,-0.00045079781582513245,-0.0003677441318641339,-0.0030147438009678895,-7.399367130112022e-05,0.0012720177573486424,-0.0037556345957451276,-0.0015862701279947267,-0.0005156886978177067,0.00026654478927867764,-0.0008789872028100998,0.0012117173425503225,-0.0007650904819276327,-0.00016771318055741613,-0.0011292075271449598,-0.0024689362210921217,-0.00020479905087611439,-0.0008517436655404165,0.03037910269298627,0.013839565675262122,-0.0020783280594465214,0.002790770361202899,-0.0011132377760582068,-0.014889116633242994,0.005736098299620629,0.007438783838900509,-4.572363125210366e-05,0.0006133365346996378,0.00012445135577565658,5.355314284694046e-05,-7.255012780738035e-05,-0.005500088421537597,-0.0067347778698030325,-0.0005280044163099573,-0.0009391453020906049,-0.0003257164092635989,0.001009512011782121,-0.00022084829948731954,-0.0019308555312791409,0.002108130993565327,-0.0008465415332563619,-0.003172419640653512,-0.00118771565063025,0.00013979822986920354,4.1731575923131814e-05,7.100080122768304e-05,0.00082605399188318,-0.0014421906612082092,-0.0038681974264599406,-0.0031201989248463846,0.0003625270325882113,0.0002532562242643088,4.796797599349034e-05,-0.00018825409828904238,-0.0013763187609006078,-9.188005097704455e-05,-0.003146767185774002,0.014728590103940675
-0.0021420747647277194,-0.0028450482188048243,-0.00037306795696512296,-0.00022622385215620433,-0.00015546141462341456,-0.0003605515898483791,-0.0009535378170365538,-0.001471970498503894,-0.0004861751317172258,-0.0003952723775507705,-0.002982063292097603,-7.411541659940735e-05,0.0012093760100080342,-0.0037226084259803782,-0.0015578306856977031,-0.0005121443942295301,0.00028586149806075767,-0.000864947216423162,0.0010909586145770866,-0.0007460367071956409,-0.0001690280733517291,-0.001205346431778942,-0.0024295917738552664,-0.00020854078851895164,-0.0007695923222368339,0.02973160244263129,0.013443386876323293,-0.0019624565436379138,0.002942931089948697,-0.0010847405650905584,-0.01384662514153856,0.006434362044678954,0.007038271285136233,-4.5064440079456425e-05,0.0005820685228261624,0.00011637259986452264,3.4464769361530756e-05,-5.326615592460282e-05,-0.005112805920376662,-0.006925394795985418,-0.0005165998803151606,-0.0008350093751879895,-0.0003160256511473003,0.0011414230162867245,-0.00024137278427793785,-0.001955968330538571,0.002140446478983371,-0.0008158733988433697,-0.0031085851581047486,-0.0011790360519984278,0.0001464726120874449,3.1984221164016446e-05,1.018097059768408e-05,0.0009087318870983907,-0.0014788513430133987,-0.003521693173892615,-0.003061926834962092,0.00033876132095844724,0.00021247832435911107,5.2432745950570236e-05,-0.0001895322875674621,-0.0013603285059068382,-0.00012049119999524294,-0.0028818914136341522,0.01618517410011444
-0.0021495195666314526,-0.002785872327327521,-0.0003382411177701439,-0.00022086855449054976,-0.00015434486795129487,-0.00035132066472776113,-0.000955671829111715,-0.0014334051568812844,-0.0004642757773994921,-0.00045195252038188194,-0.002958444338365007,-7.695590713696632e-05,0.0007313072379697694,-0.0038274163354565793,-0.0015207152706046,-0.0005144758760010637,0.00027322081653413655,-0.0008594336037927031,0.001350102000551745,-0.0007171443624990337,-0.000168327693257031,-0.0012269624174255922,-0.0023918285086897972,-0.00022069455182005537,-0.0007447082905001068,0.02928299671453094,0.012951791706544702,-0.0018756524973215782,0.0030710090882914987,-0.0010639706150431527,-0.012915365032460158,0.007024745866416993,0.006271968915778192,-3.205936229733197e-05,0.000576391350324279,9.13335884948907e-05,1.0866975374002052e-05,-2.845167937270965e-05,-0.0047858096163780894,-0.007147073734333653,-0.0005042803614534463,-0.0007340488066686079,-0.00029514848496714485,0.0013502041762303296,-0.0003101484778844643,-0.0019152369551791448,0.0021887673117817474,-0.0007820826848803364,-0.002987153939076004,-0.0012133900043688195,0.00016022788218283956,3.4911316700414474e-05,-1.9826569067404876e-05,0.0009719657971267726,-0.0014289044053376054,-0.003377722054718757,-0.0030089582195982345,0.00033358085348544897,0.00019238782616248784,4.946975859820846e-05,-0.0001884484956826693,-0.00136044756751863,-0.00013228314702296018,-0.0026680007297097408,0.017622547964500468
-0.0021328636120646616,-0.002760264862290751,-0.00031270080398038136,-0.00021712623583114432,-0.00015998063434152776,-0.00034635921076253684,-0.000930590410859744,-0.001395671325385428,-0.00040468072481825157,-0.0004066369908992673,-0.002940299175106631,-8.041167412486949e-05,0.0004255108000308372,-0.004051876176145108,-0.0014973964882657453,-0.000511843459445438,0.00023759392668964985,-0.0008544303875493986,0.0013124554653327625,-0.0007636927044025743,-0.0001708809822453805,-0.0013122387167371352,-0.0023552561473660916,-0.00022941734533254987,-0.0007897447433914406,0.029016027412516188,0.012335000992776068,-0.0018230799398983866,0.0031377444828708523,-0.0010361276072833325,-0.012379772340056938,0.0072244219872559245,0.005213351815544387,-2.125212394454845e-05,0.0005928729037627534,6.599458174449957e-05,3.033801951879411e-07,-3.2704608335376584e-05,-0.004486403985458187,-0.007366129078023587,-0.00048623838614791914,-0.0006254782452800312,-0.00027785940021862743,0.0015308192445377955,-0.00036404569231940354,-0.001906135386538721,0.0022899568304994844,-0.0007551092160502648,-0.002807826098606081,-0.0012123354948126996,0.00016850552706992872,4.311483244490155e-05,-9.681724573928907e-05,0.0011822645355774597,-0.0012868872681325305,-0.0035227398731477733,-0.0029602514520152834,0.0003551642391270704,0.00022460191179662914,5.349954464928253e-05,-0.00018350293253022176,-0.0012835707478843217,-0.00020810007468974323,-0.0024496635900379538,0.019059904813712114
-0.0020684114350468796,-0.0027614063100085406,-0.00029687247301424247,-0.00021421053358150477,-0.00016843067566763015,-0.00034145154149767265,-0.0008890278027551268,-0.0013682198656121969,-0.00041350884056956527,-0.0004408599358921572,-0.0029147087210534828,-8.701755117923593e-05,0.0004545582802470971,-0.004101534414023278,-0.0014689906646523365,-0.0005131589581387486,0.0001828548925060236,-0.0008630144827047603,0.001585350388286555,-0.0008128936440205958,-0.0001770440620447733,-0.0014273998619352968,-0.002322165684630839,-0.0002379980346952637,-0.0009118831662160432,0.028511916521981595,0.011647221012290432,-0.0018052520982008158,0.003137709080367479,-0.000999001392637311,-0.011910843647916614,0.007068130165951869,0.00396220626996846,-2.0883219750134074e-05,0.0006063574890726731,4.8358783182322895e-05,3.918555503190646e-06,-1.3942507385733549e-05,-0.004179829489180942,-0.007387006900321014,-0.0004720798517994229,-0.0005344347257619786,-0.0002640270142699741,0.001694509079311013,-0.00037999792496434814,-0.001867877280463781,0.0024250049459164646,-0.0007296970000080227,-0.002609387150810938,-0.0012030323900064088,0.00017809456755357722,6.696774011483164e-05,-8.064881286129477e-05,0.0012267196817865589,-0.0011913745161307165,-0.0033066939118887584,-0.0028990179953027884,0.00036515668973802207,0.0002837461673019792,5.087161488104286e-05,-0.00018129734133920383,-0.001154490245998896,-0.0002566397007881527,-0.0022735655165767588,0.019835235261158157
-0.002137829667182678,-0.0027379772269542357,-0.00029344225004612756,-0.0002066788240834283,-0.00017304734128964494,-0.00033570975613372855,-0.0008352647429741289,-0.0013416867709102887,-0.00046734624716371354,-0.000522804957298395,-0.0029077967241675218,-9.659435849707076e-05,0.0005152160876560341,-0.004103897816273627,-0.001442183509940298,-0.000509044668979608,0.00010927662854021136,-0.0008502190793134856,0.0018749806945823622,-0.0008443308501399072,-0.00018333438902484733,-0.0014050865790032896,-0.0022890252998643,-0.00023190459880195746,-0.0010619575013086635,0.028491537490550778,0.011085367387485334,-0.001791057963013376,0.0030741661794735364,-0.0009580113896114906,-0.0110760846190735,0.006465629052654132,0.002710865309039301,-2.4674455732176526e-05,0.0006091971279635899,4.01934222857836e-05,2.451315704754542e-05,-7.604703539221269e-06,-0.0038422688978358988,-0.007358989705193553,-0.00046697294518249777,-0.00048103861382053914,-0.00024980501514415554,0.0018110164150524355,-0.0004226137964795651,-0.0018106684718361965,0.0025469966243600872,-0.0007011497767684949,-0.0023851767542594215,-0.0012133337625198637,0.00017808275685515795,8.849718242331939e-05,-0.0001403975619108655,0.0013655257063764914,-0.0011355745302089604,-0.0030786667830008385,-0.0028430686480701572,0.0003916646249084721,0.00035852954859683095,5.741258377089942e-05,-0.00017461629444914806,-0.0010302320028333645,-0.0002883193592309041,-0.0020344690348453875,0.020302386871636102
-0.002215396742683784,-0.0027837103749001058,-0.0003049384080063833,-0.00020157725270009141,-0.0001761080153709349,-0.00033238714079353304,-0.0007907032831112604,-0.001320492676290863,-0.0004714703112504992,-0.0005893548086985945,-0.0028894625253692574,-0.00010721190980000905,0.00043039642700626324,-0.004299712238422293,-0.001419674933311521,-0.000504541172725026,5.669503656879904e-05,-0.0008376729388830384,0.001953529719816327,-0.0008832545453814067,-0.00019353074380623614,-0.001401106293562271,-0.0022517113831487245,-0.0002255628588375691,-0.0012647386077887512,0.028670797604276377,0.010482105710877265,-0.0018109668785777355,0.00294090167494665,-0.0009218257462956236,-0.010270685577093874,0.005424453457729239,0.0016023582614415055,-1.612525072391957e-05,0.0006218649453788583,5.14053172235851e-05,5.8339872619050936e-05,4.3590938825222025e-06,-0.0035350247717012007,-0.007425079790171818,-0.00046940766211067686,-0.00042684355343924896,-0.000234818698330308,0.0019139425074758964,-0.0004198247114307607,-0.0017225033266200507,0.0025859328805108994,-0.0006735269189794835,-0.0021674165713504445,-0.0012109435843803418,0.00017973353435030148,0.00011335544401114284,-0.0002093643123241007,0.0015731564217889016,-0.0010208421936309664,-0.00300463638248305,-0.0027831085040577186,0.000400209773509852,0.00047749406806230077,6.687104994385074e-05,-0.00016738954194583933,-0.0008163599819933642,-0.00031957089844769637,-0.0017583609282066925,0.02076642470521639
-0.0020946772469623287,-0.0028683305824455108,-0.0003159173752811384,-0.00019668447871679096,-0.0001765015979589002,-0.0003227858667145256,-0.0007608505787725095,-0.001297230469796462,-0.0003683297943521957,-0.0006347848820361657,-0.002866710174239784,-0.00011625791414282549,0.0005033364001516549,-0.004354859168290481,-0.0014065273786761923,-0.0004973382041804086,-2.5099237802361785e-05,-0.0007976952960930817,0.001860623639369896,-0.0009478969730140063,-0.00019574573766123482,-0.0013734776541922677,-0.002212455223483123,-0.0002119348966325152,-0.0014768087020602394,0.02862909799809943,0.009868369086748485,-0.0018501079002852805,0.002791134794100314,-0.0008980505792549609,-0.010186003694549584,0.004267550049700697,0.0007630217452785359,-6.67027857048641e-06,0.0006249000312323894,6.51069628012646e-05,9.842437721196973e-05,-7.682057151292554e-06,-0.0032009475375857077,-0.007501388618127325,-0.00047563128337868577,-0.0004346859519955837,-0.00022070298557985701,0.0019628483980860256,-0.0004338776678084466,-0.0016414361146607215,0.0025444335746911406,-0.0006608059347685824,-0.0019785853544239673,-0.0011972713415967506,0.0001885890647070898,0.00013714825107835615,-0.00015993427883509437,0.0014679312541368006,-0.000982268219115623,-0.002903836234142587,-0.002744585473585026,0.0004175263668355633,0.0006274107501087478,6.972263425941705e-05,-0.0001601449911354802,-0.0005986382881318919,-0.0003364077719397729,-0.0013898017770176407,0.021232027934832587
-0.0020544870845758956,-0.0029276588972364515,-0.00032687035908118833,-0.00018966213735516213,-0.00018713639872758314,-0.00031383277885321803,-0.000737357479742462,-0.0012751919895692687,-0.00031264090733273964,-0.0007042367925763626,-0.0028407398614039847,-0.00012193425663553636,0.00032632883527838885,-0.004392446385418247,-0.0013692058664349638,-0.00048597406659467435,-0.00011450228094156412,-0.0007521992823976698,0.0017057601657832766,-0.0009991754135318942,-0.0002025980441013875,-0.0013419962282174014,-0.0021687943017186795,-0.00019889706590392464,-0.0016853668579241976,0.02871067981756603,0.009104178911122585,-0.0018913086957117464,0.002630703579282523,-0.0008570497389708276,-0.010428388136194955,0.003044960246579187,0.0002788530330046779,9.111042695852944e-06,0.0006368547253345902,5.768517325033251e-05,0.00015116136329762497,-1.9651806799414473e-05,-0.002824916841138503,-0.007589657211970913,-0.0004828351651092744,-0.0004492845413763824,-0.00021561743202958006,0.0019437607705896642,-0.0004451786909165367,-0.0015734495295972595,0.0025306063954633196,-0.0006544731903449508,-0.0018327287272149606,-0.0011841280232713913,0.0002001946969734103,0.00017032093045532548,-0.00010105538461857577,0.0013459694064543726,-0.001045766073196952,-0.003311205499967329,-0.0027096418706764602,0.00042677820247982723,0.0008174265065867825,6.58912718431992e-05,-0.0001542654186722503,-0.00044931632967459834,-0.00035677092328800786,-0.0010604999508553314,0.02091956127393968
-0.0019955288244231095,-0.00297312653079429,-0.00034199581772598187,-0.00018487978339942757,-0.0001901428497402824,-0.00030511176760961156,-0.000724241694448402,-0.0012488411751873096,-0.0002598340538456645,-0.0008133686800857465,-0.0028129484526601134,-0.00012917023495528923,0.0002931590999872835,-0.004437896287696308,-0.0013528848405208738,-0.0004692528026082332,-0.0002420824803338606,-0.000692113844539044,0.002049490660916975,-0.001010660020947407,-0.00021025254731144027,-0.0013752955402958067,-0.0021263286822872374,-0.0001697680896957099,-0.0018274601319835382,0.02828750701616012,0.008424274641416707,-0.0019203192745307351,0.002466666020243702,-0.0008224751556903387,-0.010676651319034058,0.001789423185896366,0.00018444007743423363,3.0313112844959633e-05,0.000624530230599607,4.845886236082286e-05,0.00021007125246508274,-3.243326280533143e-05,-0.002453333163984883,-0.007499114500671644,-0.0004917443841371272,-0.00047236766283498266,-0.00020789747551830384,0.0018885842746239057,-0.00041435488097019135,-0.001531933375634953,0.002447982304542462,-0.0006534602631119713,-0.0017624839130365721,-0.0011617051011978408,0.00015779535431881264,0.00017810488845104722,-2.1006113291255346e-05,0.0011650086484338296,-0.0011560639408321194,-0.0036560630493225332,-0.002671454623470959,0.0003856048616481811,0.0010003878380948628,6.211885598328415e-05,-0.00015188874944149777,-0.00036203764625930557,-0.00041530237970999195,-0.0008434556927567893,0.020453975059497864
-0.001986956325577105,-0.0029891410803003504,-0.0003706950047358548,-0.00018235327725424355,-0.00019751015371305414,-0.0002993611188490952,-0.0007071386228947318,-0.0012259863021185646,-0.00011929498525398152,-0.0010394616657357636,-0.002774029770965525,-0.0001339476248952698,0.00013049982165624918,-0.004401608572064508,-0.0013282577158482134,-0.00045887763658414293,-0.0003646320762014099,-0.0006359255847374623,0.0022044141347064006,-0.0010465554047824899,-0.00020819875004685073,-0.001353690702986854,-0.0020783000092957638,-0.00013919884647362046,-0.0018762079832691514,0.028285260101175602,0.0077936718753612855,-0.0019138963319340618,0.002343412618306173,-0.0007844981669554718,-0.011136774141142558,0.0008341652606045358,0.000505845141046235,5.412407279048459e-05,0.0006163244136845325,2.1532080243247265e-05,0.0002650615706485393,-4.7636894957125975e-05,-0.002148383606782822,-0.007427719292577906,-0.0004907575029183819,-0.0004956897287259343,-0.000197364874643835,0.0018671802997496378,-0.00044646967581352115,-0.0015225933101514766,0.002404808134738534,-0.0006549888785306601,-0.0017726914440174824,-0.0011325644166960691,0.00010830183958443484,0.00017076525199621884,-4.631205683403028e-05,0.0010113943108438495,-0.001252812711984963,-0.003835889581616625,-0.0026220848551843368,0.00036306902855987033,0.0011303293420783511,6.198583920902223e-05,-0.00015240936479909983,-0.0003082553901644358,-0.0004776263826806737,-0.0006237769162102946,0.019988371829881668
-0.0019522501825298688,-0.002961410893479788,-0.0003885839764138366,-0.0001831780182784959,-0.00020095299821165646,-0.0002950462563613421,-0.0007052363796962169,-0.001204092527230749,-1.5665928871033685e-05,-0.0011539884254757604,-0.002719421460667504,-0.00013567394665514598,0.00020306493558508443,-0.004422026749419494,-0.001304196627491927,-0.00043270340623446923,-0.0005017839370967669,-0.000596065318320238,0.0020538778962604365,-0.0010594032672391895,-0.00020665362599059378,-0.0014145701805421407,-0.0020365165739971713,-0.00010905329229804472,-0.0018572880790339585,0.02847666517484404,0.0073484867560658085,-0.0018711161233492257,0.0022732201377222427,-0.0007652246270462015,-0.012900233718735055,0.0003003177720166672,0.0011663104834833682,9.374230936809447e-05,0.0005970158327945896,3.2107583343155e-06,0.00030692103279039706,-2.864126411006307e-05,-0.0020103954879417962,-0.007335565656620968,-0.000499007103148652,-0.0005474863917345196,-0.00019079274058519946,0.0018981896832233058,-0.0003503117009272527,-0.0015021394210744665,0.0024193970536992015,-0.0006458942522263866,-0.0018291787601144582,-0.0011045655170462965,5.848875590852565e-05,0.00018640575239503576,-0.0001282930789822112,0.0009045284456561387,-0.0013617354746465749,-0.003428856837398353,-0.0025900613424243435,0.0003090866985751006,0.001202318595702856,5.8985057587168654e-05,-0.0001519009969382923,-0.00025622100865552166,-0.0005610460908924697,-0.0005497963012995877,0.01951272964742712
-0.001982050577623351,-0.002899766112969271,-0.0004013335821033692,-0.00018005205850690764,-0.00020734829950741496,-0.00028749677459993794,-0.0006789369882624907,-0.0011847599614474014,0.000132195662077228,-0.0012303980306731521,-0.002673667038758931,-0.0001377324281905956,0.00025146726003622,-0.00458536826716982,-0.0012760996983736117,-0.00040190022509145606,-0.0007539690408171484,-0.0005571679047009503,0.0020812596136687844,-0.001060943393675129,-0.00021137324065201302,-0.0014999782538643869,-0.0019993019996144,-8.86198415372963e-05,-0.0017792261862121794,0.02842651083615766,0.006821603220398487,-0.0018001997094184707,0.002287221808139117,-0.0007259501481137187,-0.014192293321343419,0.0003185743127211982,0.0020553921347032933,0.00012044201386762765,0.0005683455752190092,-2.037399152510222e-05,0.00033523034876759006,-2.9934112975804616e-05,-0.0019799903864129442,-0.007026026694600063,-0.0004999247093334658,-0.0005707433288490993,-0.00018019062804841557,0.0019133319362900636,-0.00036069447954989453,-0.001449320641806029,0.002390643566247519,-0.0006271195982490152,-0.0019243131505325417,-0.0010514533263159542,3.07653057716184e-05,0.00022072008845697155,-0.0002452852457011101,0.0008470782092058204,-0.0015273492722669424,-0.0029570942950277734,-0.002554075132267797,0.00024848771163110683,0.0012176066600002589,7.218243237239186e-05,-0.0001514428691143932,-0.0003258876159999424,-0.0005993128172956386,-0.0004435458898239819,0.019286325738156584
-0.001954987506869066,-0.002791646503292333,-0.0003922822792209457,-0.0001752340320371193,-0.0002072849680609945,-0.00028463411581203246,-0.0006313806986192327,-0.0011498939699466915,0.00028442709506104613,-0.0012113859004740934,-0.002602714451695909,-0.00013979475578618228,0.0009347476829366652,-0.004362148659617038,-0.001263081685296541,-0.0003763832592061922,-0.000904166163547715,-0.0005209047255940735,0.0021137753801834247,-0.0010444324297483876,-0.00021178460904858198,-0.001549885711688681,-0.0019671751742298405,-7.043633165682017e-05,-0.0016307153034404998,0.028692648493172657,0.006060629430095554,-0.0017119792271435008,0.0023938655223834093,-0.0006877096896530377,-0.015577476015519731,0.0009273357746713007,0.0030328903357106363,0.00013393523612936775,0.000549350154816608,-3.847073202123408e-05,0.00034443110597948134,-1.9291456490488912e-05,-0.0020503131192667334,-0.006769448597860439,-0.000493450817953045,-0.000590036392390747,-0.00017221983320625522,0.001853698966854056,-0.00039010731066158044,-0.0013829553147859386,0.0023561606367339394,-0.000607340154187952,-0.0020433647327310345,-0.0010120063732459439,-4.4778643026877063e-07,0.000271672202577955,-0.0003442409051144235,0.0007853678641189799,-0.0016437444073039709,-0.002667776606997796,-0.0025258680441191395,0.0002035028967717345,0.0011798548477186532,7.238305906076548e-05,-0.00015157326105841307,-0.0004177146210192495,-0.000643746865663819,-0.0004725268630242363,0.01905296262259637
-0.001923373794812,-0.002789146496797068,-0.0003758504917302785,-0.00017219253159794778,-0.0002074095712704116,-0.0002748247365733647,-0.0005886614953887204,-0.001117785613044986,0.00041122414645711203,-0.001240238693827389,-0.002531946598514745,-0.00014130665384337604,0.001614641447608145,-0.004459804305249726,-0.0012485486160903614,-0.00035626625497153785,-0.0010107001965006246,-0.0005084971467869126,0.0020297208140565015,-0.0010536725348725406,-0.0002108503377186155,-0.001630195229211484,-0.0019378983198168331,-4.8883473218297446e-05,-0.0014052290466898265,0.029163199288623876,0.005495164505816108,-0.0015907698655182045,0.0025934083625545057,-0.0006739078002789833,-0.01648682494204412,0.0021063243589483083,0.003934034629046845,0.00015873243737241083,0.0005336247817269157,-5.958631441094209e-05,0.00033764263476232514,-1.5335353652279338e-05,-0.002280193463765623,-0.0068098756618351075,-0.00048055075460073926,-0.0005951083461571693,-0.00014990663104175184,0.0017873934241285916,-0.00038527574540558884,-0.001293463849970533,0.0023737268635317665,-0.0005782943455729939,-0.0021627377108174306,-0.0009545634848381335,-3.872798358217633e-05,0.00029137248724042664,-0.0004501989179926946,0.0007077392376837466,-0.001752114204451205,-0.0028904329405673446,-0.0025049674865559313,0.00010863570012076273,0.0011148995639536086,6.380175039333302e-05,-0.00015240713256992056,-0.000490270889708988,-0.000634290379747382,-0.0005446018639405636,0.0188195995070366
-0.001965027774854411,-0.002664465909758107,-0.0003563383615871052,-0.00017028801049745468,-0.00020753859898436922,-0.00026179505714740703,-0.0005991734405563776,-0.001078360927243338,0.0005511101317150491,-0.0012722597660965729,-0.002467558663388769,-0.00013975536280208534,0.00168311494224338,-0.0042169714451515405,-0.001223794644835019,-0.0003440382928754371,-0.0010661462170590275,-0.0005026027208810957,0.0023471432178885365,-0.0010700239111808285,-0.00020844575092837658,-0.0016871802207748532,-0.0019081958989060066,-3.531535139422726e-05,-0.001127953588497932,0.02936811588477184,0.005175215083457196,-0.0014413004486207859,0.00286003965645909,-0.000648338228120493,-0.016997799516838774,0.0037203030780823543,0.0046108933610578,0.00017187910125615602,0.0005040999624212894,-8.962793556022142e-05,0.0003112300304592974,-2.369910534594233e-06,-0.00262358019542408,-0.0069882380725148074,-0.0004634370036730173,-0.0005655467077972931,-0.00013549400803636313,0.0017579311098059325,-0.00041475410484215214,-0.00119149889086001,0.0024227346519527515,-0.0005448710165375514,-0.0022518471850305755,-0.0009084223959363591,-3.8388715030146514e-05,0.0003107244992273106,-0.0005294891583985661,0.0007272949767971326,-0.0018289751442881474,-0.002945802893402738,-0.0024816382914347734,7.493549663539767e-05,0.0010305043611378295,5.477789598895555e-05,-0.00015314091092810678,-0.0005773706175835613,-0.0005975708985235251,-0.000651324331125247,0.018375265245298644
-0.002083645062534556,-0.002481682882080949,-0.00034380021004554173,-0.00016738633345347864,-0.00020799583341324368,-0.0002517521912052123,-0.0006109642223008915,-0.0010418046567670647,0.0006912762700863606,-0.0012180652965577687,-0.0023948611253580276,-0.00014233495057758283,0.0016292436886560235,-0.003952572500348861,-0.0012138538375808805,-0.00031823732762237267,-0.0012502606804317695,-0.0004779583231068196,0.002159771308294367,-0.001033699227184992,-0.00021035278641212685,-0.0017136459306642537,-0.001883037570224677,-3.025023175728947e-05,-0.0008603368577434489,0.029757623698208002,0.00487846081348553,-0.0012888992105006825,0.0031749112373966604,-0.0006270234147027764,-0.017204011462487623,0.00563283313773133,0.004987780380426354,0.0001872915809209008,0.0004774540738297084,-9.592600509844562e-05,0.000284428082367727,3.1039682008238145e-05,-0.0029973756742176505,-0.007286607600118122,-0.00044968459785177384,-0.0005385849607586479,-0.0001208101508152204,0.0017242753896793417,-0.00039656949197097724,-0.0011207410812191787,0.002391960745808497,-0.0005063120510039321,-0.0022877265654034362,-0.0008647704356775643,-5.305132334654239e-05,0.00036734428618778736,-0.0004564211707586141,0.0006922354961069743,-0.0017815650050669873,-0.0026749981973736014,-0.0024532452062934196,2.6686325899527574e-05,0.0009342418688682574,5.4727032255952324e-05,-0.0001532539361295271,-0.0006670640544687023,-0.0005539701220355076,-0.0007852179590268626,0.016773184493663384
-0.0021047982757442796,-0.002232337266734552,-0.0003221638517579839,-0.00016496159377066277,-0.0002082388302683258,-0.00023778994147627408,-0.0006137885278294508,-0.0010127491182782,0.0006849167301932191,-0.0012045254759670554,-0.0023291970641632354,-0.0001423941799097994,0.0015832659600654164,-0.003819636873549692,-0.0012131237959874808,-0.0003057780646343877,-0.0014553230637033288,-0.0004371438461285848,0.00228154041842199,-0.0009912483120511073,-0.00021311936350953964,-0.001821029794834561,-0.0018585658576155684,-2.16151403069631e-05,-0.0006142934739412631,0.030191326153329534,0.004596462821505165,-0.0011520502349694484,0.003502095221632917,-0.0006018446747251271,-0.016797358274422747,0.0076812614678885005,0.005006036317420026,0.00020013500100879433,0.00046580102190008077,-0.0001063781561992938,0.00024685824085501906,3.923984879206088e-05,-0.003425548763062891,-0.007595732960679502,-0.00043466623971988305,-0.0005263321138878618,-0.00010222007776194975,0.0017281255230277015,-0.00042046770934633937,-0.001011085560333247,0.002321610362036486,-0.00046466120516852616,-0.002261790924121043,-0.0008294788011269372,-5.194646762596289e-05,0.0004032385114345338,-0.00048410511884211527,0.0007863426775123195,-0.0017429151761456652,-0.0026254358982179538,-0.0024216638074867625,-1.4905575076551436e-05,0.0008606745262067506,5.49287455851033e-05,-0.00015244167259542696,-0.0007515893117302497,-0.0004931359318663953,-0.0008690015766879,0.015149596561709888
-0.0021289040938774484,-0.00200798231143684,-0.0002967087665771695,-0.00016189456129545032,-0.00021344934071965138,-0.00022592495933093648,-0.0006164611800001385,-0.0009849220078900212,0.0006806206708198648,-0.001286235677353309,-0.0022693398926398878,-0.00013938283104619753,0.0015719119440846807,-0.0037168319777182157,-0.0012130679551707324,-0.00030522137194621823,-0.0016127720067160567,-0.000415090236290383,0.0019141321829596603,-0.0009718510250815715,-0.00021585754426034498,-0.0018750420607577256,-0.0018335573786483206,-3.1930434762683646e-05,-0.00039209095886860723,0.030834075206214173,0.004404281057093007,-0.0010384904304588938,0.003801423152066219,-0.0005813423200635714,-0.016878296415333005,0.009602714849978211,0.004646418558300169,0.00021961252072477677,0.0004593592479276154,-0.00011357638484754684,0.0002081355794709694,4.705887046818624e-05,-0.00398887176573115,-0.0079275404521576,-0.00041092401595532735,-0.0004402669794113523,-8.431814324683096e-05,0.0017628636538276066,-0.00046814769969294456,-0.0009370062329409068,0.00230519254119832,-0.0004249871689766538,-0.0021667972378068834,-0.0007947590256602854,-3.545664675275173e-05,0.00044830341609247704,-0.0006429646444545689,0.0009410415431183594,-0.001716069268237086,-0.0024896255509553322,-0.002388130842924663,-9.599223548151237e-06,0.000803036893739506,4.955634751668825e-05,-0.00015051082416517314,-0.0008720717168770875,-0.0004725872935533726,-0.0008176908603390043,0.013509878244517326
-0.00218027125315412,-0.0017755356259238075,-0.0002788156284014853,-0.00016015210030539961,-0.00021669007689040232,-0.00022031669566102696,-0.0006342782765852428,-0.0009593780834895593,0.0006395186505623318,-0.0013238391247171188,-0.0022322987032706854,-0.00014514287780253987,0.0017078784323032448,-0.0036886381298771864,-0.00120424277662734,-0.00030277396772104836,-0.001676771104703878,-0.00040733066770159976,0.001701434378416966,-0.0009369823246009323,-0.00021746532958677456,-0.0019352615172545384,-0.001813170408688003,-3.156143503746378e-05,-0.00021344987252691627,0.031345228876124454,0.004340288285938909,-0.0009582265811076685,0.004043180106916067,-0.000561296097490338,-0.016265617808922106,0.01112675421449949,0.003981960657620798,0.0002407067634382365,0.00047129088515895923,-0.00010125735751054243,0.00017401791816884504,4.418027254882162e-05,-0.004586716120516199,-0.00816040204438584,-0.00039021888683488104,-0.00037296147620513587,-6.336738622725324e-05,0.0017516685620140304,-0.0005534496840400305,-0.0008712044102425764,0.0022765269625866225,-0.0003895050522094712,-0.0020276776818826114,-0.0007360315382759497,-3.088799195416492e-05,0.0005056065512396568,-0.0008263916854007736,0.0008445741972902265,-0.0017671747254470738,-0.002171970943524948,-0.0023491858806290455,6.386341227360148e-05,0.0008002416747912022,4.536343133665355e-05,-0.00014850796402343658,-0.0009605374991018545,-0.0004069154342809522,-0.0007363774573780901,0.012263210453714812
-0.0022604367113074897,-0.001690503141036137,-0.00027171749872090256,-0.00016080547126873235,-0.00021652113709136334,-0.0002180206563424658,-0.0006271663326137267,-0.0009299503463641168,0.0005395783838615387,-0.001356274151719794,-0.002180187701200431,-0.00014673848012247692,0.002403680333727287,-0.0034941708213175326,-0.0011927842182675175,-0.0002910689220911866,-0.0017969997795694859,-0.0003982191607038166,0.0011524546255852197,-0.0008682195077885924,-0.00021251994819981856,-0.001982834269795397,-0.0017941604003897105,-3.615106779453203e-05,-0.0001369975265312906,0.03207294772036162,0.004377155025463653,-0.0009321656984295768,0.004205807577933207,-0.0005473294186295607,-0.015992223525501226,0.012048269349377305,0.003077788858731445,0.00027567540090056575,0.0005055719786550839,-7.040465567598186e-05,0.00015559824942723566,7.277727489163333e-05,-0.00522304760658876,-0.008346134477916212,-0.0003683502952549489,-0.00031339823534271005,-4.235372291372386e-05,0.0018274614818258872,-0.0005633107996191322,-0.0007681025299846045,0.0022766064216905857,-0.00035675340792362675,-0.0018406776108941258,-0.0006887642063528876,-4.856244176987268e-05,0.0005339097060133025,-0.0008474387057154642,0.000643180543991928,-0.0018380680055445353,-0.0020917316898624305,-0.0022931717789890227,0.00016737663840382666,0.000872585035332607,4.820670954619466e-05,-0.00015152497050152647,-0.0010454410450509988,-0.00030326869950547675,-0.0007111020718294503,0.011783467614253196
-0.0022994236657836176,-0.0015818633153210637,-0.0002721501991648223,-0.00016194443315775686,-0.00021624869439407224,-0.00021804033039596327,-0.0006575580582778295,-0.0009176342039964869,0.000423324338880704,-0.001368868576061777,-0.0021254827153197597,-0.00014716506651135663,0.0031312508645533477,-0.0033416603261878786,-0.0011720530925084516,-0.0002884296225663663,-0.0018949821927966015,-0.00039982251422643333,0.0010432037862064814,-0.0008248002504960272,-0.0002117572381264976,-0.0020296810978294166,-0.0017767611259983385,-2.9506257842371042e-05,-9.242720673297011e-05,0.03244453814824744,0.004312004033246719,-0.0009163543132457708,0.004297799899089405,-0.0005415592006540182,-0.01587038810912411,0.012424943800195098,0.0021670847631256596,0.00029960380678928367,0.0005385294174695687,-5.078657675083864e-05,0.0001572612139046914,9.851622082690525e-05,-0.005829574915323876,-0.008601443802237596,-0.00035078215507167165,-0.0002543717464226214,-2.2264376278280373e-05,0.0018786559060464114,-0.0005757711593864512,-0.0007316552627425477,0.0022265380887680486,-0.00032683133181166113,-0.001639299832747243,-0.0006905905599590145,-5.528338670457433e-05,0.0005442010998888414,-0.0007385515527583708,0.0006880297349551867,-0.001950986664737142,-0.0019165089915205158,-0.002243102091134541,0.00023260664798563369,0.0009570282543662767,6.446073121302298e-05,-0.00015286941234082807,-0.001141226759661329,-0.00025063799332469827,-0.000759224108340284,0.011297361099602332
-0.0024400473672279155,-0.0014508532420521858,-0.0002723723068884798,-0.00016739654090958123,-0.00021787395231964712,-0.00022048107137484507,-0.0006885232684745723,-0.0009140168681155414,0.0002632864284062286,-0.0013206447944955624,-0.002065095964955299,-0.00015146647732156016,0.0041756484571560115,-0.003388724903529816,-0.0011520318416999853,-0.00027950844247592865,-0.0021008691775493693,-0.00040434470759864727,0.0012708336876099402,-0.0007645053348359632,-0.00020932980805310475,-0.0021043777397048435,-0.0017598264860660962,-2.771204215545886e-05,-9.261297337415098e-05,0.03245067353781805,0.004389901591351109,-0.0009195993438274597,0.004319865219014174,-0.0005367830493980819,-0.014828715506222667,0.012256992638900677,0.0013972175510854612,0.0003278698675244218,0.0005710156378078146,-1.9255616217406235e-05,0.00018393303533170702,0.00010387535203837395,-0.006440906372599642,-0.008888830644990131,-0.0003359284969085552,-0.0002518687722390389,1.4697875510005787e-06,0.0018907936485677013,-0.0006019409990484226,-0.0006784301868291154,0.0021401835421581694,-0.00030770328880491693,-0.0014550339137563428,-0.000690032158746634,-4.392441895184618e-05,0.0005583384737626318,-0.0007674026419208779,0.0007651724204440491,-0.0020779464257736358,-0.0017377804335139135,-0.002192570747249656,0.000329998662072839,0.0010619919857592919,7.912142448662784e-05,-0.00015501924244776255,-0.0011481050918026314,-0.000167673087029363,-0.0007568936927103698,0.010828746184134541
-0.00250758202126089,-0.0011883564787559253,-0.00027538289147066575,-0.00016823128845611102,-0.00021524840539988155,-0.00022480939682489876,-0.0007232234477485555,-0.0009177309585804982,0.00016168544701877785,-0.0011620352336033646,-0.002012385663658911,-0.0001530289802117446,0.004992612872510183,-0.0034114953438798556,-0.0011274809528740715,-0.00027835560420164107,-0.0021766198251924607,-0.00035980788131717567,0.0015121111244189578,-0.0007127839834656369,-0.0002097853169921171,-0.002153243682983752,-0.0017415770654123364,-2.540187791610915e-05,-0.00011781501862195842,0.032292786304567,0.004627681366528469,-0.0009278795892501135,0.004280697848515924,-0.000527821959766861,-0.014690698142470593,0.01165909162966594,0.0009453094785105698,0.00035626207467465143,0.0006097644605953523,1.7934055616564137e-05,0.00021512656665700902,0.00012017662536423224,-0.006975634617957915,-0.009154327932646034,-0.0003283575033039554,-0.0002456490746816087,1.6384646292832983e-05,0.0018539657430218792,-0.0006186183618607233,-0.0005863553377352115,0.0020340348340230907,-0.0002970527802316214,-0.0013076507655218617,-0.0007021348773301739,-2.5415217973612236e-05,0.0005538161008398212,-0.0007874234188007811,0.0008132122573956124,-0.0022664592853461896,-0.001701843054118246,-0.0021410862130331054,0.00038576106205656657,0.001175451897585944,8.731889580593233e-05,-0.0001553444782312896,-0.0011672858590777713,-0.00015775092197289897,-0.0007592618700251741,0.010930786184427221
-0.002666290778323477,-0.0010222648634355957,-0.00027612459836234837,-0.0001687498995648351,-0.0002139003655849958,-0.0002268270449226062,-0.0007438089424590677,-0.0009110039855201313,0.0001728525224564681,-0.00107437596836224,-0.0019642588631798574,-0.00015183875267321678,0.005488447719226741,-0.0035454160819583524,-0.0011015312573072755,-0.0002735603977617185,-0.002248095675267292,-0.00030645928569750236,0.0015591687665623688,-0.0006912261117835161,-0.00020191997091389968,-0.002201550630848259,-0.0017186990780979627,-1.8708563745417628e-05,-0.00012562657145309686,0.031834899887857926,0.004918084735365813,-0.0009142080644300998,0.004217818665715134,-0.0005237519081686681,-0.014857505175792984,0.010831768649217421,0.0007769360126010927,0.0003754863835259137,0.0006737718325546815,4.803521228846641e-05,0.0002455038375999141,0.00012535789899081884,-0.007489623026482595,-0.00939960526355732,-0.00031982329386504027,-0.0002483467741338785,3.190094552962819e-05,0.0017897160759603459,-0.0005555258453717737,-0.000543040810163431,0.002058861531831102,-0.00028797510878919574,-0.001201682279888483,-0.000708123906090985,-3.834144956615937e-05,0.0005631425475614016,-0.0009066325567661515,0.0009288534569409368,-0.0023980804524892374,-0.0016516502319094961,-0.00207984641025305,0.0004349253317421642,0.0012728549019225266,9.945907303632318e-05,-0.0001535601830842115,-0.0012228909782110442,-0.00014179816579906745,-0.0008392869412919834,0.011392152635641972
-0.002790276400959524,-0.000873032947305119,-0.00027129170727901997,-0.0001669662470689115,-0.00021344099518805226,-0.00022911198820896317,-0.0007663622138328607,-0.0009084161525374501,0.0001671802021387947,-0.0009152401608616412,-0.0019157730976869791,-0.0001529533177111464,0.005637391087642829,-0.0036388649430270092,-0.0010701172009862647,-0.00026302197999839017,-0.0022379840829517272,-0.000267273231454368,0.0022770306903001636,-0.0005777933637932664,-0.00020135548311006612,-0.0021994267409604085,-0.0016964106557517677,-2.4194959665102544e-05,-0.0001029344973639823,0.03142640497440885,0.005127143486808983,-0.0008837194114523772,0.004136928952061636,-0.0005198147462232017,-0.014731791614979617,0.009874854295599977,0.0009154682263305958,0.0003895142362426718,0.0007455534793958662,7.299275581629239e-05,0.0002917380757236909,0.00012844100020559246,-0.00799518325288362,-0.00955415170313656,-0.0003177791459951784,-0.00025325870827885844,5.269280100184126e-05,0.001734805833601083,-0.0005959757720888081,-0.0005155932017339993,0.0020051286827469372,-0.0002771115992176165,-0.001143169223217777,-0.0006972339525873616,-4.777656558996313e-05,0.0005812876049218207,-0.0009760961335520957,0.0012320237362644093,-0.0026422551876394973,-0.0014208584319477247,-0.0020312929424323167,0.000468041259576113,0.0013366139930803822,0.00010902873384899259,-0.0001488208630207044,-0.001238623643742387,-7.638928972231174e-05,-0.0009603574399854597,0.011844381938256543
-0.002869002352489658,-0.0008166059294496542,-0.000257951425840397,-0.00016465511556906787,-0.0002181052471225131,-0.0002282889345686101,-0.0007717251881924625,-0.0009015118588959758,9.247878774321094e-05,-0.0007962188855558106,-0.0018647902334634203,-0.0001570600712388348,0.0057654244428033685,-0.0038997611167584934,-0.001036023836062494,-0.0002571133645296042,-0.002253112066179508,-0.0002364232199909555,0.0028824720449549535,-0.0005311227960711484,-0.0001969146890135054,-0.0022179166044430376,-0.0016670814542845136,-3.203799425743892e-05,-1.7951331395260617e-05,0.03079422358835804,0.005280407504002049,-0.0008229485910767886,0.0040592150755722756,-0.0005158855987161814,-0.01426937868279543,0.008939933187614102,0.001340724746471178,0.0004036309297525964,0.0008236693487124747,5.771110112573474e-05,0.00032591575403850825,0.00013578505955735842,-0.008493909508978437,-0.009521358730636087,-0.00031814364843096854,-0.00024744705716417403,7.037450136704315e-05,0.0016962147206482925,-0.0005735342239265862,-0.0004520760455208883,0.001979516001571202,-0.00027036717418049694,-0.0011254725234778329,-0.000702891430628072,-7.237258353154363e-05,0.0005829668550030309,-0.001032672583806571,0.0012527815438485579,-0.0028079524687845137,-0.001152091924620735,-0.001987847419418265,0.0005161817185781459,0.0013493998084184167,0.00010860449726979304,-0.00014518932386509142,-0.0012515304578888387,-5.593240605328287e-05,-0.0010289355240905573,0.012305748389471294
-0.0029687800393685126,-0.0006402029538776777,-0.00024349839068227297,-0.0001618221044312751,-0.0002180670895828296,-0.0002248503564593607,-0.0007789581727400963,-0.0008833372334061673,0.00011908189507092715,-0.0006859162503274341,-0.0018288187324591032,-0.00015758019848211013,0.0058426166000260515,-0.003916809708433333,-0.0010169565839212025,-0.00025060507920438013,-0.0022686603540218453,-0.00020319829156434377,0.003399763022459368,-0.000484284370656507,-0.00019315715832535219,-0.002233400807004182,-0.0016394892719010512,-3.453564559119382e-05,8.184872998540094e-05,0.030089567670521733,0.0054540954787909435,-0.0007372486316494786,0.00401002897399394,-0.0005079537524772526,-0.014019243096316525,0.008181219665314376,0.0019668376454773373,0.00041327395311951953,0.0008960861425115763,3.783803304524547e-05,0.0003398893351467258,0.00012777701037358646,-0.008923741248745953,-0.00951167559784849,-0.0003182681103075513,-0.0002093756658515522,8.908382305339302e-05,0.001657263646979823,-0.0006834858223605522,-0.00037256186440126626,0.00195534689852761,-0.0002641325933760985,-0.0011380638274252064,-0.0006979995196448874,-8.13677113590261e-05,0.0005686563129223554,-0.001158486759447519,0.0013315283468358086,-0.0029093157356989696,-0.0007638480492940802,-0.001953885700329172,0.0005272585952156295,0.0013163691679172196,0.00010242712145669408,-0.00014546156652872622,-0.0012622510724312752,2.0934508617731495e-06,-0.0010667470962318903,0.012766876628246049
-0.003008630280091129,-0.0004975131502912289,-0.00021591211561344803,-0.0001573154321654613,-0.00021463248381736744,-0.00021622105115171042,-0.000773527167858501,-0.000861040549178238,8.258120416715364e-05,-0.0005250179875559979,-0.0017861076919648555,-0.0001579415183886601,0.005644124249901905,-0.004124576222935605,-0.0009995597372888243,-0.00023241038666954594,-0.0022289854880295223,-0.00016474131256682956,0.0037125699739277707,-0.0004364205914090258,-0.0001942322597545676,-0.0022849430419508154,-0.0016118037177591527,-4.03326370245205e-05,0.00017760236885067116,0.029493491690477436,0.005628539884575456,-0.0006401671921324459,0.003998052401681607,-0.000505386013275988,-0.012022130351977522,0.007660302769853411,0.0026828980636521838,0.00039522495913679734,0.0009561941906941485,3.62469539927357e-05,0.00033802965745133307,0.00010091902057784985,-0.00941972743074404,-0.009373207797840233,-0.00031067669923645624,-0.00016351701700578758,9.544224550483982e-05,0.0016254996844338176,-0.0006980093876639559,-0.0003229219987461729,0.0019448643142503386,-0.0002546792814974719,-0.0011670193763838599,-0.0006838389519888688,-7.917142013680323e-05,0.0005438750687669636,-0.0012324938052383771,0.0015161030341368509,-0.0030319300584438214,-0.00019066243456322685,-0.001928915855937019,0.0005754801235493545,0.0012523839284936944,9.528470418151969e-05,-0.0001411684393050061,-0.0012529566340093723,1.6682200011164383e-05,-0.0011567337693269009,0.013228345170506639
-0.0031283814930042064,-0.0003662209734283106,-0.00019610152711779794,-0.00015695254504299871,-0.0002122359126491835,-0.00021523961466218822,-0.0007671560303373903,-0.0008296813112222967,7.992808952139718e-05,-0.0002685693962546365,-0.001742414029788808,-0.00015913144290369274,0.005647837108988529,-0.0044969766751882245,-0.0009852875554635654,-0.0002217507955271092,-0.0022661514297136476,-0.00012285210449447526,0.0035470422798371537,-0.000345766666298708,-0.00019809518821323202,-0.002362377636654811,-0.001591924229910724,-4.218238458508772e-05,0.00031521184333049845,0.02899427120462672,0.005864653543007581,-0.0005165599786698394,0.004088048739152805,-0.0004969108433867664,-0.011177060420629714,0.007965348296286923,0.0033781521871572018,0.00038793713481943826,0.0010035436717230617,5.0321120356633386e-05,0.0003291652110393173,8.525372362822026e-05,-0.009898765166878376,-0.009160030922114926,-0.0002946483635810626,-0.00011247481022780281,0.00011205445604178799,0.0015808059444217815,-0.0006900150109658831,-0.00023856080192707907,0.0019381848060084916,-0.00023112385953283354,-0.0012111248521254891,-0.0006572948582325155,-5.392522436820091e-05,0.0005351152339192478,-0.0012135549043069682,0.0016895450776850396,-0.0031551893765875416,0.00021947381401488109,-0.0019112618024866856,0.0006277110156460708,0.0011544474670224236,8.277425028779817e-05,-0.00013603700587361267,-0.0012105433164684154,1.2543735425918356e-06,-0.0013286121650137872,0.013685236630879949
-0.003293688625387814,-0.00023776650879847594,-0.00016676425067119194,-0.00015683369917562917,-0.00021226090347303828,-0.0002070922565301503,-0.0007469867055324153,-0.0007993606227268968,9.700787250621623e-05,-1.4726536889941855e-06,-0.001706903322990061,-0.00016206155830689184,0.005478602762554852,-0.005209686982071249,-0.0009659221658916417,-0.00021187732939320636,-0.002367995259987654,-8.347810681919032e-05,0.0037311260720331862,-0.0002648580193220784,-0.0002004536782692634,-0.0022907134413086006,-0.0015774193295027272,-4.805671851393356e-05,0.0004891332380880797,0.028555665620175974,0.006083323362253701,-0.00037493774666508273,0.004210475465037833,-0.0004905117683580151,-0.010552968258813245,0.008518515142692307,0.003921203107125404,0.0003862556485942914,0.0010467776935827455,3.94258776004186e-05,0.00030895705190814304,8.534515995450853e-05,-0.01034535652209767,-0.008830754760353776,-0.0002658970177346065,3.135949150467887e-05,0.0001306962331821815,0.0015499027083971662,-0.0007671514522427092,-0.0001730687035486067,0.001986487854877428,-0.00020037306647013864,-0.0012781730067401575,-0.0006395960003742207,-3.361021063974512e-05,0.0005569077787825893,-0.0012802918651603212,0.001881064007173583,-0.003288001399663454,0.0005789175731818474,-0.0018994227629517413,0.0006762037763703432,0.0010204981569397198,8.60866894971668e-05,-0.00013036006028854796,-0.0011906998853852269,-1.3762080158352674e-05,-0.0015224102835458275,0.014145190822627551
-0.003355092891462297,-0.00017125887015501107,-0.0001383317546674867,-0.00015871966735414578,-0.00020719911741073904,-0.00020192999963486447,-0.0007223084762991716,-0.000769244196113239,0.00017633737572420038,0.00020058347303297808,-0.0016688217468123767,-0.00016563594712559748,0.005051185886370213,-0.005358498398291278,-0.00094517845596509,-0.00020644217235110673,-0.0023971566663042454,-6.0802693080175274e-05,0.003782851359752426,-0.0002402165596967487,-0.00020238268936956239,-0.0022485713433541,-0.0015631371131287208,-6.451213393487976e-05,0.0006672609589344347,0.028497014113394004,0.006213572143531465,-0.00021821366178731427,0.004348089076443795,-0.00048054765004956757,-0.008524039124325644,0.009223893520260651,0.004187002159012243,0.00038544955088704036,0.0011029792721806153,1.3186365803719013e-05,0.00029393669618138496,6.88828725765589e-05,-0.010748176779552865,-0.00838544935597585,-0.00023785375961382638,0.00017651883043456884,0.0001546790404549636,0.0015279701202370877,-0.0008129000036085632,-9.708438510824813e-05,0.0020661535274633103,-0.00016238154139658345,-0.001295659352259837,-0.0006440845016320029,-3.1371573188110347e-06,0.0005813402152416991,-0.0012256892533846209,0.0020689092557366617,-0.0033575266360894584,0.0004882084250750207,-0.001887973707008661,0.0007404827275712123,0.0008640559896757605,7.977742820730604e-05,-0.0001223537240857553,-0.0010697157297426818,1.4992530188662201e-05,-0.0016852523888130078,0.013532797684302933
-0.0034162749712650653,-0.00014830157078349337,-0.00011511497528104986,-0.00015828593084121767,-0.0002028727755883919,-0.00019435931622691083,-0.0006812094440712402,-0.0007354088978475115,0.00022624935352300035,0.0003738112454945153,-0.0016298996573100855,-0.0001701248359055052,0.005150018088281083,-0.005563353164622309,-0.0009267789183875497,-0.00019782098093168443,-0.002344421421547893,-5.3593218002356835e-05,0.003944246828523346,-0.00021481639412046505,-0.00020752078728991652,-0.002201659055832361,-0.0015461612143521375,-8.240999934727711e-05,0.0008040984179575883,0.02823027317151583,0.006242950148051873,-7.336918095957046e-05,0.0044867261868408725,-0.0004686905648230155,-0.007557525012948485,0.0099101005721276,0.004104805307487913,0.00037994173468836046,0.0011768850864035674,2.302487033478684e-06,0.00027600746341982507,7.076088860213936e-05,-0.011105146481140915,-0.007944316911626559,-0.00021119189368656865,0.0003337002631975672,0.00017381373541414114,0.001443322594968377,-0.0008462883511981545,-2.4154460662506594e-05,0.002110611362175163,-0.0001255566913076489,-0.0012574989230300648,-0.0006064361327550172,9.045068267932166e-06,0.0006048966707643544,-0.001241051066707799,0.0023861341463364827,-0.0033998502496661587,0.00027566256887334717,-0.0018624082718642354,0.0007792567703932551,0.0006934913695670897,7.439166296530075e-05,-0.00011353600235863848,-0.0008642588486277303,-2.6657012742736796e-06,-0.0017992607595092025,0.012841811455874597
-0.0034032321591310755,-0.0001105002696759616,-0.00010190679115396062,-0.00015466896831684007,-0.00019763899834457366,-0.0001807561347699771,-0.0006286240042593372,-0.0007070345497214303,0.00020120492547781588,0.0005876215779776484,-0.0015934196946970625,-0.0001749711752223604,0.005222159944700211,-0.005908918131547369,-0.0009069838856925472,-0.0002004389692685793,-0.0023827402450220525,-2.226526057391709e-05,0.004235662369927118,-0.0001493032878050471,-0.00021324332933470025,-0.002093240714709399,-0.001529218998312154,-0.00010022420311950331,0.0008927585560905005,0.027829213611835435,0.0063161385653862645,5.2734244187391255e-05,0.004614999174919143,-0.00045535621725456554,-0.00717428988176505,0.010576563178225307,0.003640396905378429,0.0003704072690120519,0.001255834606345374,4.516803722376395e-06,0.0002580486780827673,7.614519646415019e-05,-0.011389020044516474,-0.0074375247300543235,-0.00018064192312594596,0.0005384113750364072,0.00020241715287649953,0.0013418112961631756,-0.0008156318031377063,8.675991511974956e-05,0.002187283285475461,-7.869940097415817e-05,-0.0011551939670945144,-0.0005761718415679962,2.178942416919405e-05,0.0006354179938272697,-0.0011800148816464295,0.0024698385258417055,-0.0034481286961624003,0.00021253476505544988,-0.0018311492560437737,0.0007823418152850259,0.0005640850230814731,7.775687125111119e-05,-0.00010369273504551302,-0.0006527606409230113,-1.1844291672336027e-05,-0.001946888485517162,0.012155385294159382
-0.0034078891517900223,-0.00014014750404833798,-8.648486071427541e-05,-0.00014915659370773326,-0.00019271161042977436,-0.00016843027280222245,-0.0005559565985346904,-0.000667385048880309,8.818590904335899e-05,0.0007775771291742561,-0.0015638210307711287,-0.00018396447688084905,0.004958085150282621,-0.006392559797282593,-0.000886352656755629,-0.00019786778985564357,-0.002434825853253386,1.1811314902132608e-05,0.004329984319541236,-0.00010721089272547335,-0.00021521745907360224,-0.0019681475186866804,-0.0014951599980058683,-0.00010994007887232815,0.0009270218938470798,0.027434128484013165,0.006261549983149983,0.00014461742793892007,0.004707727142751805,-0.0004386445932479388,-0.006911787750867426,0.010976086009292008,0.0028596461407446316,0.0003602684230512576,0.0013232589701532849,-5.28725426718335e-06,0.0002471623049453697,6.637721329116886e-05,-0.011552781882050889,-0.007128820468557784,-0.00014771857131623545,0.0007113289376552423,0.00023787731500113374,0.0012148417023716274,-0.0008340176548140565,0.00022998326992818008,0.0022752547956368385,-2.632757884613035e-05,-0.0010159162869900484,-0.0005415458694701947,6.499670022019899e-05,0.0006443735441614695,-0.0011845339335829763,0.0026749356339206276,-0.0034796382377640933,0.0001343799582895766,-0.0017906997581057515,0.0008120831822626684,0.0004910691563260183,8.961492371373225e-05,-8.942242164244885e-05,-0.0005099503743344336,-1.804036969810241e-05,-0.0020315846194961518,0.011633223625161282
-0.0033078432156302684,-0.0002148675836954883,-8.664244925604692e-05,-0.00014368885327675773,-0.00018754722162706017,-0.0001549222889218882,-0.0005143993085903187,-0.0006340426097760643,0.00011348234198949037,0.0009408927381393539,-0.0015138632740886449,-0.00019169053655254675,0.004239922353071801,-0.006792201573511902,-0.0008785404922857509,-0.00019714413193583358,-0.002353435646295199,4.464587987818014e-05,0.004305986327673539,-4.866386936519529e-05,-0.00021786817907931688,-0.0018292707349009119,-0.0014541527373974628,-0.00011424406716109559,0.0008770993269942018,0.027172255955093982,0.005827836999677816,0.0001908959429142154,0.0047549440884882,-0.0004117263253412551,-0.0071113678996860274,0.01100207403160236,0.001847497993372249,0.000352485568988925,0.00139413795770027,-3.5039733767838754e-06,0.00024163713381142315,6.946500030191594e-05,-0.011731876981376455,-0.006894968551166891,-0.000118775584438513,0.0008510370324832373,0.0002739186873874644,0.001075836619579995,-0.000840772751480201,0.0003748387235451567,0.0022520022599148426,2.2996806613662102e-05,-0.00082512713796834,-0.0005102675678795299,0.00011434241120178434,0.0006661320260721304,-0.00098149918198287,0.0026847818584401217,-0.003507534576318583,-0.00012389808737478525,-0.001728996011441608,0.0008198659075695502,0.00047609550689209357,0.00010085324840458654,-7.617065950715762e-05,-0.00031588977279672914,-1.208167670985194e-05,-0.0022062509130508223,0.012784044939117223
-0.0032998429480454172,-0.0002128854274987546,-9.224888489833827e-05,-0.00013863501045774385,-0.00018681545430332402,-0.00014447892504487747,-0.00048543168725623254,-0.0006018151199491673,0.00010718287650535174,0.0011253194243390219,-0.0014627396283179994,-0.0001967381996567097,0.0033815607005973636,-0.007097857877355174,-0.0008509236571557777,-0.00018946224116389576,-0.0023212670508928612,7.538179363764108e-05,0.004018485240542047,3.216667387140326e-05,-0.00021598531204103377,-0.0017231932651776694,-0.0014099613208864437,-0.000104189638468144,0.0007954019663487522,0.027033149111707955,0.005450940074627875,0.0002179313910120051,0.004733182350944443,-0.00038265404880977183,-0.007750580955590114,0.01051078475528433,0.0007548212008587907,0.00033599917564242077,0.0014287891757180926,-3.0103950102167154e-05,0.00025314226659611805,8.034868395623285e-05,-0.011700180654006909,-0.00660775869136343,-9.279969541131639e-05,0.0010242242069675722,0.00030166276511356394,0.000944862618745157,-0.0008526920046512121,0.0005083117711150997,0.0022220436822006917,6.198843181293157e-05,-0.0006122381912063712,-0.00046515023127280397,0.00016832301663893823,0.0006788659655194706,-0.0006778631747008657,0.0026570320889258703,-0.003498566532686098,-0.0001041872024020174,-0.0016615112009648048,0.0008333545838059564,0.0004678504725961208,0.000108599436202228,-6.971128785104863e-05,-0.00020589667998460737,-4.637399002593856e-05,-0.002301382598424717,0.013927226439811369
-0.0033696665083060573,-0.00018452872599650227,-9.663527511316605e-05,-0.00013457678308659293,-0.00018932887816891508,-0.0001403779927138249,-0.00045815055191067433,-0.0005674393887067364,1.534166444705498e-05,0.0012347232639349226,-0.001411722518424141,-0.00020205163720010688,0.002733789437213696,-0.007596598060002235,-0.0008210170516500526,-0.00018293389825052575,-0.002328842305968637,0.00010164657720279635,0.0040746991261955134,9.364071714546007e-05,-0.0002178367695659933,-0.0015835640672512419,-0.0013619869349681402,-9.1416445840653e-05,0.0006461250661924378,0.026943994138408645,0.005034569756142915,0.00021308470717684713,0.0046419518538165505,-0.0003449134860077363,-0.00800589910148175,0.00960899943311655,-0.00028585742280329285,0.00032058878242136046,0.001442459936658036,-5.998171883936365e-05,0.0002833324403057613,9.623905104305663e-05,-0.011629263426850445,-0.006257429253471614,-7.31773443654049e-05,0.0011602431561186233,0.00030828807341976017,0.0008055013680237089,-0.0008036490133249696,0.0006592746203291089,0.002290936178567904,9.8782848960699e-05,-0.0003773540124508701,-0.0004363582211243111,0.00019880663384808095,0.0006856041883105402,-0.0005677824915474305,0.0028191702125730522,-0.0035085430904897574,6.064623978430106e-05,-0.0015799050951260663,0.0008241770284362904,0.0004944084152653794,0.00013215370603658627,-6.735804214441643e-05,-0.0001715630619908426,-6.827481714832828e-05,-0.0023319725889459075,0.01507806476894169
-0.003404071021445798,-0.00016999647942883556,-0.0001083010991845823,-0.00013197550263621682,-0.00018386279916648984,-0.00013584933436261437,-0.00043766549228596574,-0.000543902670590457,-3.185645232428591e-05,0.0012660394666952346,-0.0013607966651406622,-0.00020676961133181404,0.002111113560193889,-0.007940418268543636,-0.0008015308906115237,-0.0001765085633533836,-0.0023753372554504715,0.00014625284402614014,0.004209547162599581,0.00011639042576283565,-0.00021715571476210727,-0.0015258086236018542,-0.0013126308042370471,-7.728111379989855e-05,0.00046694286121962136,0.026337858633037392,0.004662690866895858,0.00019021382836981182,0.004486459150251587,-0.0003141997893276738,-0.007774126113633373,0.008269517929576198,-0.0011293583189266876,0.0003186858618757782,0.0014257050611186095,-8.637799136768098e-05,0.00031107735596691555,0.00010255031049388741,-0.011534788188648393,-0.005884725357781839,-6.0732711267719175e-05,0.0012498791352821836,0.0003187892004403725,0.0006946282417912286,-0.0008330181851804452,0.000754953642732481,0.0022925321046465275,0.00012134299391086678,-0.0001777313296820182,-0.00040759742017981715,0.00022024051291591462,0.0006739406969056283,-0.0005597083299588856,0.0029349763409292073,-0.003470825819418266,0.00040459574150819577,-0.0015055448645351355,0.0007923101829736545,0.0005205690567235965,0.00015421469288323664,-5.911111628620347e-05,-8.653850353368409e-05,-8.316919714068671e-05,-0.0024673211387776783,0.015596840418253599
-0.003375943722100927,-0.0001645781513792688,-0.0001317980008184172,-0.00013100101206819925,-0.00018065060868055483,-0.00013433570799803451,-0.0004137880370075342,-0.0005277405285456505,-5.193147393589559e-05,0.0012985574586608095,-0.0012971940201005339,-0.00020950733046931624,0.0017491970514544875,-0.008204320051601433,-0.0007823011862301277,-0.0001721295282188784,-0.002428968866608594,0.00017674519466570615,0.004305342874064477,0.00011338992163167916,-0.00021497025310746043,-0.0014693643921915855,-0.001264009371936048,-7.042294656034453e-05,0.00027135473474326766,0.02643748426031678,0.004391807884057908,0.00015818420446067627,0.00429648600495236,-0.00029093924398260196,-0.008670485172486031,0.0067290622166817915,-0.0016407487424990874,0.00028430021864567223,0.001402859163498027,-0.00011639896015980256,0.00034314749627184504,0.00012029293439796973,-0.011412665189569515,-0.005625962744904234,-5.324596920619484e-05,0.0013287713093745879,0.00030921002955919263,0.000596136540393033,-0.0008731080709261096,0.0008369780744026389,0.0022895774768474375,0.00013337952544389964,-2.9403617787915337e-05,-0.00038633697192624883,0.00026829919778537104,0.0006590520527565147,-0.00043973790359563836,0.0029555716668696608,-0.003428905093195822,0.0009583756868205562,-0.0014337239055308704,0.0007830583646928346,0.0005313805730917665,0.00018478214413386596,-5.54987594193479e-05,-4.6507016313590555e-05,-0.00011872007858837463,-0.0025167321998581516,0.014165983365625356
-0.003326934431847617,-0.000130004517713167,-0.00014516125952457326,-0.00012873493001086533,-0.0001686807059589901,-0.00013820177711298953,-0.00039712095932786795,-0.0005140089164087369,2.2358827226121036e-05,0.0013648125310938841,-0.0012348889256222906,-0.00020987809070638352,0.0014259351231868944,-0.008321806470772186,-0.0007716238511685791,-0.00016659223831538839,-0.00240353795393633,0.000198036942562263,0.004547218700188482,0.0001353072823406798,-0.0002138590883185021,-0.0014839334773634194,-0.0012253969472416637,-6.274560758967596e-05,8.315463167041237e-05,0.026374969929259473,0.004222948366232382,0.00013098993723237307,0.004093529641990834,-0.0002761008863776393,-0.010532384606519063,0.005058754239207541,-0.0017693417413050527,0.00024393630778440922,0.0013667093095930394,-0.0001468470556782453,0.0003795093710656783,0.00014151948496454736,-0.011312740109783337,-0.005395524285040865,-6.442552443208793e-05,0.001378589592386792,0.00028933615458259787,0.00042615946257340553,-0.0008081423277992439,0.0009037702855760887,0.002304101877732112,0.00013075274984397645,4.3581839404893685e-05,-0.00036667175843174693,0.00029301969278328066,0.0006676566807908291,-0.0004787105035115591,0.0028674745983965355,-0.0034368072732319233,0.001361647524196652,-0.0013801543202367483,0.0007154025606779246,0.0005550020651776677,0.00020043413688108913,-5.460518321898089e-05,-1.0673828640395122e-05,-0.00013548878601932213,-0.0024201120805018572,0.012730345049018155
-0.003457130187142221,-0.00013129589238081163,-0.00016515264237082494,-0.00012135709590499477,-0.00015609634631907898,-0.0001416311560910044,-0.00034340709729940855,-0.0005031569087676768,9.668369767834584e-05,0.0013231096881618498,-0.0011886084444113765,-0.00020989739093768556,0.0011742938529517577,-0.00859103758082791,-0.0007707357880586407,-0.00018100527124897958,-0.0023564026810377614,0.0001992000800408178,0.0052667467382896405,0.0001426857196933362,-0.0002147316449233605,-0.00143112403158141,-0.0011961945995782042,-5.300931908602813e-05,-3.044928747752973e-05,0.026372652737247204,0.004020859248171638,0.00010746691065688374,0.0038865650296620036,-0.0002458120141516362,-0.011316454715827873,0.00342337318753283,-0.0014994551092898378,0.0002028464812655617,0.0013183759540233986,-0.00018131148119027163,0.00040760991239396915,0.00014633015018961082,-0.011159454063492946,-0.005205055905166511,-7.375680621657388e-05,0.0013680545960357282,0.0002699131425587531,0.0001720631862047739,-0.0007530736294134588,0.000938417471871178,0.002242405855497731,0.0001116216738992204,3.478844429172234e-05,-0.0003657868029849354,0.00033865024762991247,0.0006511081746742864,-0.000585954161989366,0.002469150438763945,-0.0033495524162069357,0.0015156962161848586,-0.0013420879751619985,0.0006346028811956561,0.0005327599988342868,0.00021273585149228502,-5.49302701871035e-05,-0.00010714258466604232,-0.00016247152535620035,-0.002206909121164058,0.011289942483606374
-0.003440926922052001,-0.00012182219272316441,-0.0001768989308281732,-0.00011903944074209694,-0.0001513846453852219,-0.00014110652024723613,-0.00031089952517682207,-0.0004931073075049586,0.00013419210953147243,0.0012927953090855482,-0.0011335835576040676,-0.00021225013106906943,0.0012487366958342516,-0.008543393903192809,-0.0007825338677179827,-0.0001937766094975979,-0.002256862252323466,0.00018013377540038178,0.0058031319830964545,0.00015488675879127278,-0.00021299751163417202,-0.0013542352285816905,-0.001180246492561432,-4.2184759051377974e-05,-7.109299190088958e-05,0.02719763263604369,0.0038911410551054626,0.00010081917741655566,0.003720358791318601,-0.00023378676389929076,-0.012245029663211393,0.002106951344233332,-0.00090514622429827,0.00016374466048563185,0.0012505702105403138,-0.00021896870232906984,0.0004187921428751018,0.00015369513098284493,-0.011038780773995227,-0.005169466251840449,-8.723937113852553e-05,0.0013247705601531212,0.00023799084864539743,-0.00010158089222211952,-0.0007080426161580888,0.0009432036864567284,0.0022001282895269814,7.396695286354671e-05,-4.562576991973266e-05,-0.00039523310167621784,0.0003546813781454272,0.0006309795171683952,-0.0005712690206332027,0.0020276499557443373,-0.003223483150951001,0.0015451430125670296,-0.0013389499397885585,0.0005158552534727523,0.0005068743847294055,0.00021535797591742956,-6.128167636154647e-05,-0.0002153865497616092,-0.00020796672503242686,-0.0020980425062342434,0.010646054257647641
-0.003440432704364782,-0.00011773480380117274,-0.00018565652200119853,-0.00011859328649721501,-0.00014642193771663425,-0.00013033240732029938,-0.00034009108110821806,-0.0004901239849524064,0.00014784329087658143,0.001216958013708691,-0.0011019354327816977,-0.0002088749914967991,0.0008673200439537343,-0.008665044570951963,-0.0007910129017162371,-0.00020320265895534817,-0.0022245355365438924,0.00014060142638849804,0.005797767609449389,9.170687214310469e-05,-0.00021183848322692267,-0.0012836919015840609,-0.0011707757732243307,-3.04068124917789e-05,-4.956221004215333e-05,0.027559138511457748,0.003962709362191008,0.00012286013107654092,0.003615840646538082,-0.00023670263767072708,-0.012790691054165526,0.0012233993735031312,-9.195790213323285e-05,0.00012137094054409658,0.0011541108290518132,-0.0002719630316397881,0.00041528185227024395,0.00015539531475194934,-0.010934319978504248,-0.005199984934242785,-0.00010357610630729042,0.00122390439386999,0.00020088450044419837,-0.0003832916373703865,-0.0006993397329392304,0.000926654312940034,0.002128918228056831,3.173515889876022e-05,-0.00018685661197681558,-0.00044125467664912765,0.0003812158468368132,0.0005868472291576943,-0.000546325570663031,0.0016212996005326996,-0.0031291800510500067,0.0014855301183958058,-0.001371611354961444,0.00039194761226535313,0.00046024738873851057,0.00022375821743625401,-7.076048018450631e-05,-0.0004002132760917432,-0.0002270974008267146,-0.0019314621096171436,0.010646054257647641
-0.0034616479370486175,3.8999091170222044e-05,-0.00018149816402335262,-0.00011667708442286706,-0.00014287647522082114,-0.0001226594087596622,-0.000396845939888979,-0.0004952298574738556,0.00014443411672915296,0.0011965400598648035,-0.0010820943826010954,-0.0002037652786148758,0.0003223150797631025,-0.008627821063839525,-0.0007946108773934091,-0.00021788753370888259,-0.0020921171100447555,0.00010596640099680421,0.005763543046692909,7.058530877546154e-05,-0.00021545420571933427,-0.0012219163640486697,-0.0011776212961609467,-3.284611706044771e-05,3.6212662801515805e-05,0.027499124402257547,0.004067710259396007,0.00016023735075809675,0.003575410888997377,-0.00022588630425401934,-0.013447114509894775,0.0007898897785665326,0.000806032639728782,5.933333969210253e-05,0.001049562534449544,-0.0003201543733277745,0.00038500527976093046,0.0001698783729295883,-0.010838104383720792,-0.005202228074749349,-0.00011797448689543355,0.0011321611136474452,0.0001406167711359707,-0.0005971217883068425,-0.0007471314744187385,0.0008566373221006174,0.0019829266308120097,-1.3424899472092022e-05,-0.0003721561121263761,-0.0004910797572916792,0.0004026318851764188,0.0005605042865035603,-0.0004415436249767257,0.0014118893108991948,-0.003094901678045159,0.0016044174423373025,-0.001418938860466179,0.0002452207859833244,0.000367186527527652,0.0002310944438432827,-8.511136217770332e-05,-0.0005410746830935009,-0.000258773598334483,-0.001709981996757537,0.010646054257647641
-0.00353450894622942,0.00020481501796987267,-0.00018120661467324606,-0.00011755346553010693,-0.00014031488528065683,-0.00011736129681449992,-0.0004057851581482641,-0.0005060295101121381,0.0001474679714179583,0.0011024581753573681,-0.0010788767700551372,-0.00020078952329372068,8.168331600155732e-05,-0.008815811968403753,-0.00082013284829352,-0.00022581534281385096,-0.0019756310088694384,7.489634876689522e-05,0.005413880155223927,4.102778656811523e-06,-0.0002170267638006429,-0.001186051026899615,-0.0012044705852082283,-3.822005136155937e-05,0.00018964397004683775,0.027704519328462407,0.004228861393771988,0.00021145115946019644,0.003596779079223733,-0.00022502443628824587,-0.014167198610557485,0.0008040564033966469,0.0016276047736303312,1.294438312160473e-05,0.0009464653854631688,-0.000368435883138285,0.00033712086393333784,0.00016434432225276296,-0.010699004314755678,-0.005218362157140333,-0.00013091774477858031,0.0010177364783394705,7.320455988257812e-05,-0.0007637860273300712,-0.0007497544216006347,0.0007227337436366277,0.0018307210346946157,-6.063408455869723e-05,-0.0005912627582829177,-0.0005262677963656648,0.00039447794658942215,0.0005294428732831591,-0.0004451226586853485,0.0011987515536651117,-0.0030515976499141395,0.001481235434773076,-0.0014915050875513591,9.49726093546488e-05,0.00022925222666292377,0.00024126842594185405,-0.00010220456741405481,-0.0007586192156686655,-0.0002975990184936883,-0.0013622117733889105,0.010646054257647641
-0.0035914860078196664,0.0003300697395967056,-0.00016796327022872148,-0.0001201109959129143,-0.00015039805709904375,-0.00011212494326906519,-0.00042439624279033694,-0.0005227590661115444,0.00011619578490029703,0.0010261535942841515,-0.0011111530487346588,-0.00020285993927082746,-8.367672233711154e-05,-0.009167575406278217,-0.0008480625975446632,-0.00025106418037235123,-0.0018869367877324406,3.1552420195701814e-05,0.0051751668749067115,-0.00012168624693842389,-0.0002136849240641503,-0.0012413726634487032,-0.0012471990102655983,-5.2822061778479146e-05,0.00040569819174995914,0.027712161191357332,0.004270379179588613,0.000272011288392493,0.0036736604449501,-0.0002305052264413021,-0.014549327497221931,0.0012713470972216534,0.0022125305538120976,-4.751976758476939e-05,0.0008323918095811678,-0.0004066811948527649,0.00026488265943758194,0.0001425630242013476,-0.010615309756702107,-0.0052896779744707745,-0.00014605070999418324,0.000896141785562854,3.545902327095618e-06,-0.0009114470409976594,-0.0007218954577485892,0.0005583648290696797,0.0016708434733314625,-0.00010772761855049051,-0.0008204715847128785,-0.0006060093224038443,0.0003802767716138966,0.0004774850740412173,-0.0005142371570153736,0.0008215913547455767,-0.003054975223843348,0.0014867123706392427,-0.0015812496717201308,-4.4019987367471813e-05,0.00011266697170020379,0.00023784202338994476,-0.0001258669848611671,-0.0009715024028381647,-0.0003785961840098162,-0.0009538147834390331,0.010646054257647641
-0.00361541214635297,0.0003876149106150084,-0.00016196822518022014,-0.0001246307690868642,-0.0001600155269018133,-0.00010938989724396109,-0.0004195462136137307,-0.0005447235668747386,0.0002540740484853199,0.0009020803361812213,-0.001183989454912382,-0.00019998935622300706,-6.76472127554284e-05,-0.009005885663110114,-0.0008668487043075324,-0.0002770924728441315,-0.0018980049982094682,-3.075572028710116e-05,0.004701751439610158,-0.000235872765877998,-0.00021069223317549124,-0.0012455269155762227,-0.0013067125600269014,-6.474716780280332e-05,0.0006294066278011989,0.02781411812234036,0.004383975172813859,0.00033091421162745327,0.003780548546854945,-0.00024433864058948096,-0.01435770838578787,0.002019896476818994,0.0024657631506279643,-0.00010967861170707582,0.000712271503482409,-0.0004276600807771036,0.00018399980840255736,0.00012087247860370631,-0.010558972612986217,-0.005334617536416064,-0.00015568751813410664,0.0008131267529789543,-6.821661669131895e-05,-0.0010686662810017733,-0.0006813833353249699,0.0003511372626727738,0.0015410451076856013,-0.00016411056742371422,-0.0010303704522838242,-0.0006733876849048803,0.00035981345540858634,0.0004403974989672932,-0.0005609137962353516,0.00040838424354205927,-0.0031036081622918266,0.001376240816603147,-0.0016938719949906034,-0.00020297227377374938,8.459216574774331e-06,0.00022415228111904995,-0.00015346653363146334,-0.001098814567089823,-0.00047212040228861163,-0.0005426640312613529,0.010646054257647641
-0.003644089473385237,0.0003988631183693414,-0.00016617195754742298,-0.0001306580978032157,-0.00016607244512178987,-0.00010980988457875984,-0.00043154390802813136,-0.0005752208022317129,0.00031427699793362684,0.0008243152186022673,-0.0012757414541603174,-0.00020038307627612273,0.00011555450146460977,-0.00924784602651374,-0.0008827710793218868,-0.0003073026542246282,-0.00194622613901263,-9.231188527791812e-05,0.004367759816710892,-0.0003130932307537915,-0.0002087763790484809,-0.0012697337880733794,-0.0013903796593442985,-7.974309069269658e-05,0.0008084115521500568,0.027972484369120032,0.004657686041672937,0.00037029686336320644,0.0038958880305857146,-0.00027158101949043,-0.01417547084252646,0.0028330129196727505,0.0022616974864071437,-0.00017031080462726056,0.0005979614883961926,-0.0004491949198571765,9.410928665620766e-05,8.899541967899438e-05,-0.010431721266765503,-0.005431961759699622,-0.00016797568209681035,0.000673615510308645,-0.0001493695670015116,-0.0010746262318650501,-0.0006490634366286274,0.00010380318993874482,0.001372967591042995,-0.00022771118318620776,-0.0012105611299879637,-0.0007443180465580568,0.00032312520895061425,0.0004031509974160574,-0.000535461194592135,-4.335487730644516e-05,-0.003181051259213863,0.0011682898919260776,-0.0018206686564021801,-0.00033735471856666255,-6.801922349719547e-05,0.0002071007393402713,-0.00018409624414983394,-0.0012631189078345928,-0.000525384953951713,-0.0002848930220243906,0.010646054257647641
-0.003655582344339603,0.0003099787445297597,-0.00017569045314524967,-0.00013650285772637272,-0.00017439698307997187,-0.00011429561924714005,-0.00046265713083504245,-0.0006295154197366593,0.0003221710260712385,0.0007084644997819023,-0.0013807724913068586,-0.000196055768658554,0.0002747878775979373,-0.009321872537752407,-0.0009173528287109711,-0.0003483913099114888,-0.0021186821163238223,-0.00016005071327040987,0.004275788339298758,-0.00040133170868750234,-0.00020618802057337238,-0.0012897925745587457,-0.001496783208238317,-0.00011594002972936668,0.0009304312864459874,0.02794027865468629,0.00485811587881213,0.0003711413019240606,0.00399543127601687,-0.00031612238597944486,-0.014205787659986813,0.0035332927211599863,0.0016470033284905483,-0.00023263305905807385,0.00047934184249331935,-0.000452038701023727,6.045014624422862e-07,6.685263153083376e-05,-0.010318886572636132,-0.005628090930348328,-0.00018402858533561606,0.00048794328445889157,-0.000245064866430722,-0.0009507085668776227,-0.0006326190415039123,-0.00016431370788527744,0.0011751575389646884,-0.0002970343015036292,-0.001341790779910923,-0.0008440756950548467,0.0002872142243437459,0.0003440333030308995,-0.0004409329128280959,-0.00040126000717710664,-0.0032204826942614506,0.0008554830744795794,-0.0019583012427993873,-0.000459659343527985,-0.00011811219353075053,0.00020867028071336335,-0.00021658598190910094,-0.001372702782426627,-0.0005985095136019636,-9.021592232261177e-05,0.010646054257647641
-0.0036614654635127586,0.0002907272968426522,-0.00019452710085299252,-0.0001490226107988546,-0.00018012804414946348,-0.00012117024066882198,-0.0005311318816120236,-0.000701011998439971,0.0004125489491833001,0.0006527040345725155,-0.0015290811448438468,-0.00019640606319160092,0.0004918649643452788,-0.009677602020665144,-0.0009590056241682854,-0.00039269864086199924,-0.0021979381368455453,-0.0002187787482705872,0.004746762990541997,-0.0005401085570193587,-0.0002094224747951623,-0.0012954897533439258,-0.0016146338871614319,-0.00015032394883807143,0.0010178965932932105,0.027763539749436017,0.004950368466092536,0.00035390306171101393,0.00406300539059723,-0.00036030825487987084,-0.013933437734751641,0.004043093012438437,0.0008281735656170408,-0.0003038581916487981,0.00037034847060857246,-0.00045285735769906577,-8.69055872412261e-05,5.116770489932421e-05,-0.010142227299489548,-0.005947819730104942,-0.00020957146029287888,0.0002905415844021153,-0.0003520921819100131,-0.0008128936941775855,-0.0005738321480689423,-0.0004886447326529764,0.001019813679388637,-0.0003844515713373742,-0.0014538856831325386,-0.0009323801681053734,0.0002612321835124831,0.0002994575597023985,-0.00041474463346335977,-0.0007358318144078391,-0.0032985270501842967,0.000590858409371009,-0.0021152719194137415,-0.0005593290255825334,-0.0001637110790555507,0.0002141215867859092,-0.00024457609636863165,-0.0013687849704491217,-0.0006978418821812493,0.00016774740590741466,0.010258959042263482
-0.003654894842659795,0.0002633198375796564,-0.0002260228867546621,-0.0001648414083419425,-0.00018841796417201628,-0.00013516258901424827,-0.0006101141934096166,-0.0007873354384752007,0.0004536368430698712,0.0005304882499104213,-0.001700172791843313,-0.0001949421593081535,0.00038985876022090693,-0.010255868827803272,-0.0010205721911364929,-0.00044264818561035035,-0.0022415530684070095,-0.00027594527902441435,0.004937286083656733,-0.0006719747341372706,-0.00020730429670401396,-0.0013951245855197136,-0.0017457894311825317,-0.0001925888365530426,0.0010408428814701054,0.02752741735873876,0.005189491390405365,0.0002908948654836152,0.004066408958897316,-0.000400724475441927,-0.013917701292671114,0.004162559231987606,-8.725918762064744e-05,-0.00037545074705902515,0.0002814445767660434,-0.00044273189091303955,-0.00016234502374190551,1.2256862245596523e-05,-0.009970645395082522,-0.006055029322383332,-0.00024409599394914494,6.832096315223524e-05,-0.0004607975921556706,-0.0006795610184681111,-0.0005997285750859449,-0.0008075611762571322,0.0008723646527628581,-0.00048318575274308717,-0.0015288431413202908,-0.0010180300258945119,0.0002500773300220249,0.0002394756548242949,-0.0006602088814489093,-0.0010329148185865833,-0.0034105081722171082,0.0005035341020145356,-0.0022918669129846636,-0.0005906646229668633,-0.0001625749067210025,0.00021168140775373878,-0.0002748101665972502,-0.0014495602355032444,-0.0007955869097748813,0.0005633354012968272,0.009802305794330612
-0.0035823576481440744,0.0001565918780106479,-0.0002749499449044013,-0.00018089016835165506,-0.00019909700998899105,-0.0001546051035551388,-0.00068241750526854,-0.0009036787886073094,0.00045462831719933483,0.00036610151771743205,-0.0018975674458492353,-0.00019359515235639613,0.0004228637696708226,-0.010456552107380612,-0.0010852506788719962,-0.0004988374852578081,-0.0022392522178287244,-0.0003314884479643787,0.004718608124523405,-0.0008225310957261645,-0.00020516830779382378,-0.0015322236862782557,-0.0018849000215465095,-0.00023536701112036873,0.0010057658503381806,0.02713404473091674,0.005510331895452358,0.00018074917044308414,0.003983520206220614,-0.00045516237049370023,-0.01475478657141982,0.00376236969733057,-0.0008983266719708727,-0.0004468520172672408,0.0002031423698749535,-0.00041554147124900354,-0.00022000926976517565,-2.3987053784813028e-05,-0.009719418480623965,-0.006051711533314741,-0.00028849686274468045,-0.00015439160167174393,-0.0005741024919778681,-0.0005649743497688764,-0.0006129096675437928,-0.0011367024177947327,0.0007265761176729058,-0.0005981931542274888,-0.0016196307093411244,-0.0010952834778255038,0.00022161667466580326,0.00016035026845395706,-0.0007463472663498116,-0.0013120737572618335,-0.0035631292894444666,0.0004974915914697231,-0.0024825125099864342,-0.0006248409633581309,-0.0001249346585481259,0.0002083849257934478,-0.0003001287641213324,-0.0015473747679527472,-0.0009249137486458947,0.0008154768246062538,0.00933961215951995
-0.003547744985906709,7.078637673463284e-05,-0.00033102824239406026,-0.00019680298969348975,-0.00020984991452233093,-0.00017754348933352038,-0.0007547651351339502,-0.001028832281442349,0.000506943077209776,0.00019923115948583536,-0.0021012880516501076,-0.00019368456743651397,0.00015616659915584918,-0.010784798774773341,-0.0011589829841751609,-0.0005408427112350012,-0.0022653193912436365,-0.0003897727864869971,0.004427356255022996,-0.0009664214630812351,-0.00020379720601060303,-0.0016862152153965804,-0.002030696702110757,-0.0002746668606151692,0.0009257358571577168,0.026768495735271403,0.0059312230989307935,4.469986651889357e-05,0.0038499807606473535,-0.0005209925330857956,-0.015398444194844929,0.002988852088423144,-0.0014265315206352103,-0.0005225599377617351,0.00010856053429320056,-0.00040339264424316124,-0.00025588240795537676,-5.72595171669521e-05,-0.009417676817002563,-0.006031293629920387,-0.0003481415007219324,-0.0003984634016699351,-0.0006719480975101444,-0.0004896492575191536,-0.0005515097064601182,-0.0015021548534180917,0.0005211114104610726,-0.000729363214112877,-0.001744037440512769,-0.0011622869783612932,0.00018828289331418446,9.548790927405015e-05,-0.0008818140983163358,-0.0013216081720105466,-0.003692503404491787,0.0008890828042260601,-0.0026744893513914736,-0.000625155447774417,-5.8944970436569655e-05,0.00020744548738127477,-0.00032287305084788276,-0.0016071018311301088,-0.0009969872367611154,0.000935410708124973,0.008890513648977416
-0.0034070936240776506,-2.057758276607924e-05,-0.00039528901374830117,-0.00021296486224919864,-0.00021949710479152174,-0.00020365646501896428,-0.0008552690713654609,-0.0011735401990953243,0.00042432036749540103,0.00011363767576755279,-0.002317455408249014,-0.00019578050727020457,-0.00012071376994648997,-0.010869168421766773,-0.0012396158440555194,-0.0005870433555325016,-0.0022508310835643863,-0.0004565094008321946,0.004344903789603505,-0.0010835040398634588,-0.0002065523456903362,-0.0018303267192659733,-0.0021768251760307944,-0.00031947916771257745,0.0008125681771764537,0.026165246915103912,0.006332646357801286,-0.00011057300437156137,0.0036845929587994153,-0.0005832852094314056,-0.015230384134303887,0.00201104700028365,-0.0015282427190181913,-0.0006033310949303816,2.5032737585917175e-05,-0.0003888275433260313,-0.00027695950814732306,-0.00010692600728923196,-0.009096168633459412,-0.005865599508844133,-0.00040881264729064615,-0.0006981806563336468,-0.0007721202627259949,-0.00040647822186090643,-0.0006109585878131263,-0.0018620156420394718,0.0002877082757317684,-0.0008758022218122719,-0.0019267156719695588,-0.0012283429543934465,0.00016344703431347973,2.7911902141797285e-05,-0.0009653597589694973,-0.001606287917818472,-0.003824283283511254,0.001361553556858519,-0.002882469900836848,-0.000640565062609566,3.147367910738552e-05,0.0001919098098843719,-0.0003520466039004244,-0.001614774177912337,-0.0010406271042675552,0.0010323881430962523,0.008890513648977416
-0.0033928649905605734,-0.0001485867367772009,-0.00046470063093417835,-0.00023038941856379225,-0.0002297058867757329,-0.00023452633151088698,-0.0009502971891093281,-0.001316356988191436,0.00040829774775730243,3.72062929070438e-05,-0.002533950528871065,-0.00019484577469963682,-0.0002447411975795566,-0.011193067442361593,-0.0013241954049406646,-0.0006393169787203279,-0.0022214519124867937,-0.0005073252998164524,0.003979662213872803,-0.0012292830259641452,-0.00020604007561131343,-0.0020557329708975614,-0.0023315175109305253,-0.0003549755242914232,0.0007025072861182036,0.025838469048114376,0.006782197884503738,-0.0002574679709700378,0.0035087772273354467,-0.0006545652296031657,-0.015939914760138008,0.0009585227140438413,-0.0011056721407611825,-0.000687105709353264,-5.187980193177566e-05,-0.0003680684476060625,-0.000289087690469203,-0.0001446707201739894,-0.008703721128780373,-0.0056163707178880085,-0.0004750173991502349,-0.0009746086681697852,-0.00088831647083909,-0.00038010601705917857,-0.0005560406262656858,-0.002242118891656264,0.00012952257258747046,-0.0010385439208674407,-0.002189207668423565,-0.00130292321116654,0.00010473532596533275,-4.504607704192143e-05,-0.001030517809917697,-0.0021119785665822954,-0.0038556233247301064,0.0018897210699564404,-0.003108130160368483,-0.0006581164600847345,0.00011517005815231407,0.00016406342693797704,-0.00038036960324860924,-0.001483868264008037,-0.0011090531818095384,0.0011064837983449927,0.008890513648977416
-0.0033736369024809365,-0.00018615599218518852,-0.0005447170568785298,-0.00024825359206559483,-0.00023446575378427426,-0.0002707608693544028,-0.0010584148635124357,-0.0014653854930055665,0.0004053475910701376,1.2274323403449472e-05,-0.002761330102207249,-0.00019266240108961608,-0.0005208212393950085,-0.011402313456825408,-0.0014256821946989628,-0.0006824181106424021,-0.0022465135131852776,-0.0005187762637052229,0.0033704310418967154,-0.0013718347682228904,-0.00020814593284357308,-0.002220292778912336,-0.0024862062333811386,-0.0003905641403761928,0.0006135211691884468,0.025568834204369617,0.007331228967551562,-0.0003889607478270163,0.003347243646367959,-0.0007190408534084591,-0.01674022699286093,-3.9036396983993527e-05,-0.00016464996188381154,-0.0007686522934990947,-0.00015462101679752926,-0.00032295498172718595,-0.0003027524823903116,-0.0001982261163004928,-0.008284651220172523,-0.005377316572150459,-0.0005383878291495003,-0.0012211079234372146,-0.000988345989096362,-0.00041301732278165026,-0.0005407934689256599,-0.002601470777610193,1.5058755858277095e-05,-0.001195608004847526,-0.002531786248807011,-0.0013660697260605703,6.741168205648407e-05,-0.0001077282288901582,-0.0011484787971451915,-0.002312642785888719,-0.003933314600961468,0.002230018854835869,-0.003354051563433824,-0.0006808158382651808,0.000174738820674758,0.0001367993794021416,-0.00040944925386254827,-0.0014692885210073614,-0.0011746615799783644,0.001155201383976845,0.008890513648977416
-0.003323171753988885,-0.00031608363060930955,-0.0006042314842699126,-0.0002697897572643271,-0.00024083493524462707,-0.0003023844938428999,-0.0011461474749625555,-0.0016160249408143645,0.0003457644846800445,-5.4304317504860755e-05,-0.00298226507898236,-0.0001920846062474224,-0.000707441521949792,-0.011673567618652236,-0.0015137009560650672,-0.0007240258037337632,-0.0021250212250251144,-0.0005488179569995699,0.002844786364827101,-0.001496763525962952,-0.00020834912447387222,-0.002368930063953556,-0.002641011022463391,-0.00041850090470541,0.0005806644660040217,0.0255341997512335,0.008035235830198273,-0.0004960290732879402,0.003249422468592611,-0.0007851153971509817,-0.01650959062698576,-0.0006091691579523939,0.0012021828776691557,-0.0008327940524370803,-0.00025109786806620793,-0.00026637120699335437,-0.00031608713929587307,-0.0002466959050073658,-0.007939520265987099,-0.005169011462877848,-0.0006053076920093936,-0.0014624203011021075,-0.0010755293711725011,-0.0004809081828019979,-0.0004631008946957005,-0.0029974077776052654,-4.6105027785348085e-05,-0.0013508319537148816,-0.0029367039174013065,-0.0014146459363654218,-8.755581469732654e-06,-0.00017083100852710587,-0.001158160852556267,-0.002465624199608052,-0.003987156509498435,0.0022452226767211148,-0.0036091379553984115,-0.000721680025219773,0.00018132655947766807,0.00011226845742062785,-0.0004294146385510622,-0.0014335116245133284,-0.0012141923928705722,0.0011615455087519155,0.00923631303632888
-0.003336083188704597,-0.00048438265539552106,-0.0006537795263625856,-0.00028930393524329023,-0.000246999613041865,-0.0003351672592035726,-0.001197041873085114,-0.0017515623609836162,0.0004002825255109421,-0.0001232261940167234,-0.003201599419841772,-0.00019269030251067853,-0.00074807913212116,-0.011940251176229988,-0.0016018882904638154,-0.0007634062530154084,-0.002229488004442892,-0.0005818339585087484,0.0024366830560549335,-0.0015920497960735247,-0.00021547007612143787,-0.002538090419351713,-0.002805898707101795,-0.00045122892079019206,0.0006286792025103072,0.025429010720238843,0.008596383420667264,-0.000571085267406457,0.0032406929918222804,-0.0008517832264743896,-0.016431997571316415,-0.0005492557479784832,0.0028651310618534875,-0.0008950360622248521,-0.00034653126940142887,-0.00022133054326867185,-0.0003260873496402361,-0.0002866222734415613,-0.007625813981375074,-0.004916758497960916,-0.000670643153931505,-0.0016832789951349847,-0.0011457929893252672,-0.000583434397539162,-0.0004882150046242595,-0.003367216377627158,-0.00011487617962913088,-0.0014885655423942934,-0.0034103960943712153,-0.001446451756367817,-4.7320278176443686e-05,-0.00019296652681910498,-0.0012004531878083702,-0.00254798635939002,-0.0040163832993873605,0.00201332537721588,-0.0038802106786159918,-0.0007737558107968612,0.00014845009367103756,8.74602782277023e-05,-0.0004560083002332904,-0.0013726472886937957,-0.001270398659342753,0.0010861654481002514,0.010376329714602894
-0.0032878973311641913,-0.0005614679959612401,-0.0006851311022226803,-0.0003068933513518113,-0.00025212611892955206,-0.0003607189703880298,-0.0012749413006085675,-0.001892132666158619,0.00044655508126245635,-0.00025689705505782534,-0.003416233332988128,-0.00019012936230156097,-0.0010756448935856922,-0.012073244160013097,-0.0016889487594717867,-0.0007972088951189171,-0.0022973231041414355,-0.000619401610976511,0.0025537155405321865,-0.0017286429395436675,-0.00021487264855635235,-0.0025501814164889947,-0.002964018118338796,-0.0004892583733574485,0.0007443991873072875,0.025519400225320066,0.009129249023688057,-0.0006197651231740764,0.0033183064363777603,-0.000923393082239099,-0.015966208492318557,9.215085475688944e-05,0.0046274801964047985,-0.0009499269867072613,-0.000414491366388936,-0.00019265533327561535,-0.00034747891742370474,-0.0002951617424489239,-0.007339362313003028,-0.004598843724115231,-0.0007245310380074033,-0.0018476768026769452,-0.0012045278384296143,-0.0006770301342339247,-0.0005417982037001501,-0.003685561178047192,-0.00013079516597203078,-0.0016199523019828632,-0.00391256036033516,-0.0014665753158222827,-9.03240747058831e-05,-0.00021796850502453502,-0.0012524223110277344,-0.0025466089361600996,-0.004053638775825097,0.0016471783358700254,-0.004148136664448243,-0.0008458485850073583,6.538698560132339e-05,6.640983779759857e-05,-0.0004786339514223359,-0.0012814285359992184,-0.0012438883934235978,0.0008803927412233126,0.01152774655965949
-0.0031843673155497187,-0.0006154463133979382,-0.0007028722950875865,-0.0003262070907918968,-0.00025335083711541806,-0.00038557206800204913,-0.0013510126151385915,-0.0020161469069964744,0.00042851165877322295,-0.00035013096701008717,-0.003613347652944743,-0.00018791484725566576,-0.0009984335174810788,-0.011772933006864772,-0.0017710688578481681,-0.0008349317550228053,-0.0023975237512308123,-0.0006445402471820794,0.002385476584993551,-0.0018309280574210218,-0.0002201951018643289,-0.002719030407692835,-0.0031130047748610945,-0.0005264293606057624,0.000913322876970657,0.02564648109323886,0.009481542215752814,-0.0006387022453649971,0.003508532819963328,-0.0009933522795377847,-0.01489563947118433,0.0015035578330611088,0.0062809700461026186,-0.0010040901385973688,-0.00044838743645525536,-0.00018141062634258187,-0.0003827536884870586,-0.00032375537608464455,-0.007040754248700987,-0.004341510144972416,-0.0007750682368096173,-0.001985586685088414,-0.0012601860562233558,-0.000782139708512819,-0.0005894289344157144,-0.00393324969740283,-0.0001292669009557157,-0.001725658659858298,-0.004387779616859433,-0.0014700844305646221,-0.00012623984253268272,-0.00025050695616524177,-0.001306829352720973,-0.0024410232958164135,-0.003981378806079738,0.001394075182929111,-0.004398374102000724,-0.0009394674979995576,-5.536829515651043e-05,4.871034535036678e-05,-0.0004907066650150504,-0.0010369846517090942,-0.0012324557456515617,0.0007157134318167557,0.012663951838889353
-0.0031343929413090166,-0.0006366148957197559,-0.0007209254830270462,-0.00034132299379463493,-0.00025813622893977595,-0.0004047010063241707,-0.0014285104929331327,-0.0021307486944538434,0.00043502605116785276,-0.0003870270625691008,-0.0038070160372659645,-0.0001900477325801342,-0.0009047910377876223,-0.01180765130947159,-0.0018430654844097116,-0.0008716747733522601,-0.002520760667967914,-0.0006480307020668707,0.0029723060380550947,-0.0018930283728094688,-0.00022446892544725205,-0.0028184494258076676,-0.003253313360170429,-0.0005628491547959857,0.0010893934907045821,0.0255207355089504,0.009829237384263223,-0.0006458875006705167,0.003769628017817439,-0.001059389810787792,-0.015220269770901074,0.0033484850772533825,0.0076589282420229665,-0.001054321615947762,-0.00046145592520274725,-0.00016372852429569207,-0.0004219077635959634,-0.00035707844605414873,-0.006755238499726146,-0.004210438387465709,-0.000807925394943676,-0.0020560600738263046,-0.0013040141221141166,-0.000883209982113442,-0.0006606928704238069,-0.00414447167151899,-9.260749323669604e-05,-0.0018159035745393126,-0.004806401134529348,-0.0014174071098430607,-0.00014486964411886127,-0.0002816453358638338,-0.001404565300405447,-0.002233867840489845,-0.003961370379362172,0.001230411278745347,-0.004623840098309073,-0.0010109061612937342,-0.0001819405427536669,2.789540832126569e-05,-0.000500490108587659,-0.0007782988569355886,-0.0012696554993586462,0.0004660734718684445,0.013187049342474166
-0.0031514717610606757,-0.0005985294590939993,-0.0007234609110824408,-0.00035564187129444313,-0.00026525702696755804,-0.0004184894797671923,-0.0014641714865833988,-0.0022372382141322422,0.00040868949322869774,-0.0004476708936278495,-0.004000925356356988,-0.0001924644804828235,-0.0011497818207639732,-0.01192842905752678,-0.0019221409907410614,-0.0009000915508835527,-0.002591634688805189,-0.0006462354707089668,0.0034036045381833357,-0.0019714124166614333,-0.00023068431762574004,-0.0029993531738291557,-0.003385680797028834,-0.0006004744885148572,0.0012400207284206655,0.025499717290262014,0.01008088684513786,-0.0006596166490027144,0.004072631855630782,-0.0011186864294985277,-0.01555222366824438,0.005474640744494552,0.008613749681301464,-0.0010962404493307654,-0.0004870160153325198,-0.00014845145325270703,-0.0004580613403951661,-0.00037107516935541707,-0.006509200966277384,-0.004094940759604926,-0.0008255803961083608,-0.002084480277206535,-0.0013320037580177857,-0.0009404700326552939,-0.0006896147813929554,-0.004286834097147474,-6.42129853075657e-05,-0.0018880952009922014,-0.005133471484020213,-0.0013724582477032676,-0.00011788018016400947,-0.00031841210263194863,-0.0014342651486762836,-0.0019237179370334978,-0.0039045591857829187,0.0010938898931023289,-0.004833787888026464,-0.0010781492913295443,-0.0002929813203742526,1.2736259395129679e-05,-0.0005078088289311999,-0.0005748881950821128,-0.0012769289647835969,0.0001372364262270942,0.012952512179887243
-0.0031461221297934827,-0.0005701035851001235,-0.0007153671115378568,-0.00036782002287139015,-0.0002728608283508738,-0.0004323306467733934,-0.0014527762120700727,-0.0023264778813741893,0.0003472294759585548,-0.0005226199879106996,-0.004183223619558474,-0.0001956945886085748,-0.0016025737583501565,-0.011920594620024594,-0.0019923253372940986,-0.0009153045693752748,-0.0025593314042651194,-0.0006942526132202032,0.0034851759132714655,-0.0020466285493744296,-0.0002319475606220589,-0.003129999573939446,-0.003500533979943654,-0.0006355645432685186,0.001325484839440172,0.025440991345312636,0.010144401509565304,-0.0006987336463101235,0.004393162751465285,-0.0011622220826709162,-0.015181286051380138,0.0077213628331906925,0.009098035576675434,-0.001132150469539961,-0.0005096333078217219,-0.0001363022284210924,-0.0005016165525499883,-0.00040273779616395444,-0.006315339296702915,-0.0040378881008078515,-0.0008346125363335455,-0.002109728370019215,-0.0013612702177605573,-0.0009144430557017635,-0.0007792134755209013,-0.004389407796740685,-1.9815830754166264e-05,-0.0019524232927643492,-0.005379290881989851,-0.001348570376117908,-7.010558680198287e-05,-0.00035897231551096365,-0.001560769125972361,-0.0013711701208987126,-0.0038620490373411087,0.0013939640009517085,-0.005009138916058253,-0.001092917296837248,-0.0003906897048107094,-5.766201255252845e-06,-0.000512816120660009,-0.0004940508146409339,-0.001286612405085874,-0.000161727015407509,0.01272636349823153
-0.0031696327980611505,-0.00046100659103942565,-0.0007139635819948253,-0.0003782142272489297,-0.0002826058459471925,-0.00044850899738657635,-0.0014702064744098742,-0.002407981387747893,0.0003265581602187595,-0.0006486283103763757,-0.004347610671059043,-0.00019963794283628378,-0.0021409395741615045,-0.011679120059772119,-0.0020692278479303994,-0.0009372736837501838,-0.002604221529769357,-0.0007300745674622133,0.0034701158990575465,-0.0021184805876943713,-0.00023792992923155065,-0.0033212124431125645,-0.0036135682950584336,-0.0006617910216352163,0.0013351871541509297,0.02542675984513587,0.010031817178145719,-0.0007709657307262141,0.0046781760068306255,-0.0012093524285973212,-0.015113234686877086,0.009752225366259193,0.00911420626602033,-0.0011709315621213356,-0.0005306561134275078,-0.00011978214146191046,-0.0005424259656642283,-0.000432284748484113,-0.006226609234294633,-0.003937121343947303,-0.0008466339407554591,-0.002116694964730992,-0.0013947002127947528,-0.0008178951657706879,-0.0008061842870399349,-0.004493282321900605,-4.5882507546890494e-05,-0.002008906890786477,-0.0055178162985709545,-0.0013204826946929815,-1.8612663605144242e-05,-0.00037801312407881316,-0.0014556547344982684,-0.000969157189482539,-0.003880974740692822,0.0011928942102699125,-0.005161536392625066,-0.0011047366463162733,-0.00045921450710528777,-2.394950202855295e-05,-0.0005160856815410453,-0.00022677831522210923,-0.0012306397277866976,-0.0004169954526840325,0.012496403417531887
-0.003238084346799397,-0.0004027754715679732,-0.0007120456570115508,-0.0003943310101753861,-0.00029118366391955863,-0.00046942674702854514,-0.0014711892476433341,-0.002482624484249518,0.0001325302450236876,-0.0007907671508490255,-0.004515180530778706,-0.00020105315326224282,-0.002322444669431656,-0.011092970701694682,-0.0021183376419942057,-0.0009605625070195911,-0.002666458587718412,-0.0007706713575897917,0.0039149026060136816,-0.002187835402013616,-0.0002408992720137615,-0.003468684480212647,-0.003718090326930601,-0.0006930979196280163,0.0012606764089952982,0.025371693753308833,0.01016432847672255,-0.0008817745342700745,0.004894056195615226,-0.0012500322965457444,-0.015312722295630743,0.011386222111041677,0.008737456580066194,-0.0012114047400639816,-0.0005462762629746543,-0.00011883410486013268,-0.0005742550224390186,-0.00043993756374127724,-0.006130219972419582,-0.003854764685998213,-0.0008476988275215591,-0.0020993698479346845,-0.0014243341297784928,-0.0006813868995635408,-0.0008371851398085717,-0.004559237871296529,-6.133607928449081e-06,-0.0020619382659128327,-0.005585349166066678,-0.0012986704486223077,3.882988202907889e-05,-0.0004179384972697875,-0.0014307853401225312,-0.0005347742895955854,-0.0038913391605630565,0.000993078776577283,-0.005304695682618377,-0.0010816078038282662,-0.00045771514233217125,-2.6626777209104446e-05,-0.0005219264578620875,-0.00018409726925594505,-0.0012324440550287585,-0.0006011994471682991,0.012263754939292548
-0.0031985957044506907,-0.000373280370234208,-0.0007243488497331585,-0.0004074242561780128,-0.00029269899578654446,-0.00048698248286216383,-0.001452553344917229,-0.002562339072362474,-1.2487241548231331e-05,-0.0008931656971353785,-0.004672170294081179,-0.0002075222970363555,-0.0021025407166451737,-0.01079570034601296,-0.0021770323694472182,-0.0009905684226776401,-0.002676288222313694,-0.0007993575143452336,0.00474232739217606,-0.0022886346334147767,-0.0002485849954289021,-0.003574108275865684,-0.003817727575890273,-0.0007304391599409765,0.0010881337606700736,0.025185379582916,0.010444414482817743,-0.0010340634407930427,0.005023348838871344,-0.0012995107939582917,-0.014535322267426598,0.012521648611401481,0.008093451165937626,-0.0012406691643372936,-0.0005658550080437363,-0.00011666033182733404,-0.0006000856731078752,-0.00046976138323095995,-0.006125012243192063,-0.0037581717523768043,-0.0008495184665419098,-0.0021500277776862475,-0.001470720460893582,-0.0005766969760310214,-0.0009387952369294128,-0.004605512607495754,7.769508364319222e-05,-0.0021141874094076085,-0.0055786638719601545,-0.001292444727045594,9.234721791262501e-05,-0.00046716624127263184,-0.001539172293466895,-0.0002513310510253719,-0.003909095177330513,0.0008436573058585584,-0.005430543824732403,-0.0010993737945508286,-0.00039137436735048325,-3.093614260873956e-05,-0.0005201046761470485,-0.00023471386207241096,-0.0012261870677405806,-0.0008992848314657298,0.012036687438224503
-0.0031807158249099743,-0.00038871556020503295,-0.0007516379498013759,-0.0004189156147403894,-0.0002940263929979148,-0.0005008963867927374,-0.0014539117061062035,-0.0026555613503266295,-0.0001704018509511851,-0.0009301947618339801,-0.004836121718870712,-0.00021624469617564923,-0.002106879762786229,-0.010455924799647631,-0.0022417051018103207,-0.001028093521383222,-0.0026657490638593018,-0.0008282775159083045,0.0055930359405489405,-0.002315341132495652,-0.0002555592483985958,-0.003730842970235404,-0.003911629009286655,-0.0007663696225805872,0.0008743864435811766,0.025111778648676975,0.010838358408447935,-0.0012049081219770441,0.0050557945236893165,-0.0013458685361811273,-0.014443500959615219,0.01305325750923969,0.007354983419015193,-0.0012662975006176858,-0.0005813513306544005,-0.00010442263395749052,-0.0006095144576633293,-0.0004982892637636072,-0.006104039007401751,-0.003731060090414129,-0.0008609698058652526,-0.0021905810611181353,-0.0015031183205937992,-0.00047381877385754834,-0.001080895370491608,-0.0046536967274074525,3.25116614330323e-05,-0.00218114206965192,-0.005549703764194391,-0.0012924269757117468,0.0001661710665421534,-0.0005127158487581163,-0.0015847132924805551,-6.353023382466016e-05,-0.0039002030609011085,0.00030379940498082014,-0.005554059296546843,-0.001105958485641878,-0.00028933257000984813,-3.338907850924944e-05,-0.0005197661809221987,-0.0001747430365859337,-0.0012162632120895633,-0.0012191886633854399,0.011808088571468867
-0.003216436200872974,-0.00041800861574292636,-0.0007859959964865437,-0.00042919846139788387,-0.00028988681104868963,-0.0005197118496166331,-0.0014452847153497705,-0.00275246462737766,-0.00041547915573103555,-0.0010529210292496982,-0.004982470366453273,-0.00022318329243153912,-0.002107751764279131,-0.010493193255458277,-0.0022883632213890337,-0.001057705002673881,-0.0026390475058206686,-0.0008523321062342548,0.00645137391603523,-0.0023393274310866685,-0.0002632175851157159,-0.003840715626818203,-0.004000749233350587,-0.0007940549998622926,0.0005904879379032835,0.025268451030126426,0.011318278612891364,-0.0013946556411940092,0.004995669541330905,-0.0013807678423963798,-0.015065774499963158,0.012990555407562221,0.006693505161727176,-0.0013064974169669785,-0.0005846287059627642,-9.76834791907022e-05,-0.0005943470436772236,-0.0005248881164251484,-0.006110065035131673,-0.0037687581986439733,-0.0008827882490394234,-0.002216988724947022,-0.0015383371693695747,-0.00042948261774888863,-0.0010757854232444908,-0.004719799024964666,-2.050427100286356e-05,-0.0022531254294478886,-0.005501074502831549,-0.0013032274444171321,0.00024183881232442417,-0.0005473378469140755,-0.0015372143611127598,-4.787425811192403e-05,-0.003929858056917923,0.0002051236660929323,-0.005660964384376466,-0.0010933451810829498,-0.00013491449443203685,-2.963220310514547e-05,-0.0005269157727054719,-3.976123117399588e-05,-0.001160187073574681,-0.0014569286576217033,0.01157874103704426
-0.0033213665093420053,-0.0003719311292786909,-0.0008214914266936324,-0.0004387698135324136,-0.0002858409523164296,-0.000535834384334466,-0.0014471628838635953,-0.0028553547654298628,-0.0005718557676953617,-0.0012369838672542377,-0.005130488141290579,-0.000227368272499473,-0.0019739960976209447,-0.010304553736006028,-0.0023425036906192798,-0.001101202153702241,-0.002616847553273738,-0.0008949925414746263,0.007074090307657599,-0.0023449739979966022,-0.00026748262160736225,-0.003906765137789758,-0.004083538189930347,-0.0007996772190848045,0.0002629288906659255,0.025720961314512847,0.011723673505342092,-0.0016036437420057226,0.004859779968767075,-0.0014166813698671676,-0.0145350316489955,0.012486586949638223,0.006240482816703974,-0.0013211459868257558,-0.0005824198820099102,-9.341152006092646e-05,-0.0005680542039849801,-0.0005587509140057012,-0.006158852688107785,-0.0037752964558889213,-0.0009064164070400338,-0.00230128686053388,-0.0015762723359520336,-0.00045118485734685354,-0.001118508254023376,-0.004785224404564303,-8.384178471410042e-05,-0.0023308723030346368,-0.00547717897293154,-0.0013327958180502364,0.00028449962253840333,-0.0005811151500765277,-0.0017360833947047682,-1.9277667099304452e-05,-0.003908100509136481,-1.1300943453251833e-05,-0.005759115425264749,-0.001083480698125805,6.811157604302842e-05,-2.4914141581899862e-05,-0.000527842668645695,-5.2949088254483634e-05,-0.0011423238814077807,-0.0016331537812541708,0.011526164148449203
-0.003449546594084474,-0.00041675475909697113,-0.00085744835364443,-0.00044887235525503666,-0.00029062074485386447,-0.000550637548790589,-0.0014653255465282289,-0.0029559082118322255,-0.0007953214571031486,-0.001349734455122542,-0.0052594852257228375,-0.00023153313650547958,-0.001850214588451915,-0.010304085761930648,-0.0023824923612322246,-0.001138936721750694,-0.0025946405281640494,-0.0009314294060042139,0.007372132022938072,-0.002362948111332641,-0.00027205591620860226,-0.0038789019064799923,-0.004159688335901857,-0.0008084078445068643,-6.576357994825255e-05,0.02616761974979731,0.01204418224240933,-0.0018093720279893644,0.00466158547906681,-0.001444225514087072,-0.013164919829383726,0.011641314965812555,0.006116253276905015,-0.001333288403399191,-0.0005804605338066704,-0.00010158570231666442,-0.0005371879063016394,-0.0005853952315443278,-0.006150135040800975,-0.0037367222376634146,-0.000930380002775566,-0.0023965758795361225,-0.0016019410650418564,-0.0005379409358682308,-0.001165165012584124,-0.004849960467287362,-0.00015665840155587585,-0.002399902631897932,-0.005492465543158964,-0.0013941693337703454,0.00031722468818973226,-0.000604377064237549,-0.0017788467121205853,-0.00010323295762237894,-0.0038377669355496025,-2.779596165691789e-05,-0.005859357849681168,-0.0010822880465376494,0.0002660967811360937,-1.1929971726831745e-05,-0.0005271886701568862,-0.00021343978347188042,-0.0011429546806295265,-0.0017830358452216588,0.011526164148449203
-0.0034046788160586594,-0.00035386391581959664,-0.0008950764153123902,-0.00046090916973251517,-0.00030061101732836715,-0.0005604331629058823,-0.0015096740512228202,-0.003054943541711208,-0.0009421589757525606,-0.001403597806937995,-0.005379872987805068,-0.0002378251283997601,-0.0016408652085845299,-0.010190153251004141,-0.0024164587882186117,-0.0011588614522399787,-0.002600313088274908,-0.0009716020539762837,0.007002533706774283,-0.002397990776288994,-0.0002737096562877017,-0.0038759727547259537,-0.004229691248568979,-0.0008174093888759781,-0.00038342698556415034,0.02657642190411935,0.012555496017026213,-0.002001856656079437,0.004452399832728826,-0.0014774236471857272,-0.012273778719875228,0.010686910522234472,0.006358978469512611,-0.0013469177452786196,-0.0005718751793364341,-9.85170456915263e-05,-0.0004939273494928287,-0.000619810218419059,-0.006158682105760316,-0.003689732179277816,-0.000958464387309732,-0.002459080291106752,-0.0016404907586160533,-0.0006328269279316512,-0.0012592253711832813,-0.00493418477872043,-0.00019471489016920085,-0.0024747653592261942,-0.00556808834563105,-0.001442297216194821,0.00034541018373812626,-0.0006252508775022037,-0.0018734575604235637,-1.8923860388708746e-06,-0.0039043900348257887,2.632096217514146e-05,-0.005960103506407521,-0.0010993708427866622,0.00046911912096470054,2.4132139597732305e-06,-0.0005303450421397793,-0.00030517397141371916,-0.0011342402382669148,-0.0019788258868707054,0.011526164148449203
-0.0034239036865011396,-0.00028659041606204916,-0.0009181134551571324,-0.00046910819502565815,-0.00030068927003568113,-0.0005695239187850643,-0.0015743400458250179,-0.0031399535040456117,-0.001030794591693085,-0.0014078342405628996,-0.00547726249194147,-0.00023866361621849297,-0.0014452644809477277,-0.01054023484927269,-0.0024487811884865707,-0.0011663173876564903,-0.0025296729479249436,-0.0009852235980483126,0.006550499455484804,-0.00241606036727926,-0.0002743100339175353,-0.0038296444723845413,-0.004294306997123187,-0.0008234870269090422,-0.0006390836194640759,0.026200666778352755,0.01326750474247107,-0.0021778918663482028,0.00424240994243652,-0.001502715220980777,-0.011521405109100158,0.009687562823502915,0.0069685087340232155,-0.0013624582700225707,-0.0005538678845223854,-8.61060513667189e-05,-0.00044642083774704133,-0.000647753792964334,-0.006171095356720779,-0.0035946720866988358,-0.0009837844606558344,-0.0025783241253444222,-0.0016689276131317543,-0.000706444288597674,-0.0013231192342015863,-0.005018175466682373,-0.00032514441159348095,-0.002529927543259647,-0.005691279218844381,-0.0014687732673575038,0.00034774022375527736,-0.0006594765021186166,-0.001973101646248532,0.0001130739819128479,-0.003935757200182577,7.339249976157092e-05,-0.006052660569930035,-0.0011059851904248186,0.0006435353675720012,1.4751055664952162e-05,-0.000532497908078855,-0.0002730784724873647,-0.0011390696457835858,-0.0020912557729368952,0.011526164148449203
-0.003455952306359533,-0.00026081610105255226,-0.0009341319858596764,-0.0004785181702254837,-0.0003066376963462014,-0.0005799643617706574,-0.0015833879718641919,-0.003218743934112811,-0.0010511000105318802,-0.0014247301244308952,-0.005566478579768108,-0.0002370905308347604,-0.0013296393195354472,-0.010898250762336303,-0.002467248328851923,-0.0011868130734826732,-0.0022867710153141596,-0.0009973669665238605,0.006463633328243068,-0.0023915050786584846,-0.0002775152399033809,-0.0038341283897392886,-0.00435799670454895,-0.0008380857820086129,-0.0008108953130865348,0.02573131252166805,0.01414099181973838,-0.0023121093575263485,0.004065428313493102,-0.0015203205733068659,-0.01125085791275482,0.008917761209610298,0.007853895274841705,-0.0013780791854604013,-0.0005297381503632792,-7.88497401256194e-05,-0.0004064354980031215,-0.0006896570350373166,-0.006243309358251792,-0.003442210647343402,-0.001017099269843058,-0.0026589044022583552,-0.0016992808940289317,-0.0007400603108930204,-0.001304494222874597,-0.005125974199802541,-0.000415147490940071,-0.002578957497041068,-0.005861960844225966,-0.0014834044587698214,0.00032915891177420775,-0.0006839724785966395,-0.0020530931313775813,0.0002982411128764628,-0.003971972830648873,-0.00012186321863905114,-0.006136551246684774,-0.0011351434624568002,0.0007621495107668075,2.2409270193035624e-05,-0.0005376819030651347,-0.00027445248706226,-0.001145738356717052,-0.002096352953747771,0.012814434040421707
-0.003515158700859722,-0.00015504507600483386,-0.0009424212416073718,-0.0004905140745046221,-0.00031169244897133463,-0.000584801342092045,-0.0015806405795203426,-0.0032763223946626896,-0.0009867888704986338,-0.0014794991557699477,-0.005657854547033825,-0.00023863040024107995,-0.0010646429550338343,-0.01128950834511111,-0.0025110640024250674,-0.0011896470829930728,-0.0022321069718956865,-0.0009969636229034684,0.006372352476254672,-0.002416512179163166,-0.0002757951628055144,-0.003899654602997682,-0.004420825261123751,-0.0008612711434883291,-0.0009152861557284453,0.025511087655035736,0.014998793548392841,-0.002409599880967117,0.00393962056967756,-0.0015407214643889944,-0.011216134641019337,0.00846270129863358,0.008899217354600975,-0.0013694820965587384,-0.0005242985506784814,-5.868055114344184e-05,-0.0003827605274425716,-0.0007437244239338892,-0.006332606873374225,-0.0032015604241807383,-0.001049077574726276,-0.0027425729357207773,-0.0017280691582616248,-0.0007751918969276517,-0.001286816266409807,-0.005216256576375922,-0.0005141014938592203,-0.002629474418828215,-0.006071429463072375,-0.0015435692266856371,0.000299195781399586,-0.0007156891896582529,-0.0021881082345971414,0.00022954438845790293,-0.004002516094860242,-0.0006270615090204767,-0.006240533398167991,-0.0011795953276327875,0.000833395984970009,2.3696329546352146e-05,-0.0005444058980433875,-0.00032064085941574394,-0.0011836299465001199,-0.00209631394488774,0.014180378203085375
-0.0034945847374989736,-8.128165511822605e-05,-0.0009348213390393267,-0.0004929749019658702,-0.00031703575559471897,-0.0005873527748045948,-0.0016008673938336937,-0.0033254930663580984,-0.0009509862552709025,-0.0014034761232857296,-0.005740314335662133,-0.00023972408000505485,-0.0008773476710248751,-0.011468075439356129,-0.002536213107407481,-0.0011897467323086497,-0.002206920643035737,-0.0010193055707192755,0.005931347193188108,-0.0024218666795478017,-0.0002730664159512619,-0.003933845403908731,-0.00448323821888319,-0.0008814514072034152,-0.0009382839771764351,0.025373020694557935,0.015824137984557618,-0.002472489357146057,0.0038840394868144834,-0.0015644855770321486,-0.01031461032303671,0.008527531805579969,0.00993020345662865,-0.0013594991914352983,-0.0005189995796875957,-2.7522249771094742e-05,-0.00038135213788992317,-0.0007912973514551114,-0.006469859821559343,-0.003057586792131528,-0.0010642135796598007,-0.002767447184757632,-0.0017527928848967145,-0.0007496338938004499,-0.0011921089856887779,-0.005303242962382604,-0.0005482008685436801,-0.0026684250623804084,-0.006293830058563432,-0.0016062347733406535,0.0002761377839179957,-0.00073988038295969,-0.0022647308129285504,2.8193305656287748e-05,-0.004040903447154909,-0.0010683560826059146,-0.006344324731825002,-0.0012535408546920923,0.0008822038613334193,1.2184379704960335e-05,-0.0005489199415433799,-0.00043000362772305234,-0.0012166174874078672,-0.0021945407950769713,0.015564579647775911
-0.003478722297269199,-3.414961470693534e-05,-0.0009281747205717172,-0.0004984904915217303,-0.0003188726574191447,-0.0005861798520231387,-0.0015988839104879027,-0.0033695601271722664,-0.0009578003925329037,-0.0014723212789587992,-0.005825664936496167,-0.00023412316691795443,-0.0007132425554433608,-0.011556459871506553,-0.002554767469073016,-0.001188254547076384,-0.0023056488202597425,-0.001033334645020978,0.005550997625072274,-0.0023652354512486706,-0.0002771703031799744,-0.003924218896464993,-0.004543686305716443,-0.0008944450996669628,-0.0008946709958882471,0.025203306617486154,0.01684148035961397,-0.0025008992303646727,0.0038920863023925723,-0.0015783820012470473,-0.009305559066766556,0.009075229947000718,0.010786189545447744,-0.0013585292869959797,-0.0005137985852171623,4.073305592822152e-07,-0.00040022960214325387,-0.0008261559944772179,-0.006604581436680967,-0.002916371391017303,-0.0010649451106895524,-0.002780842400714967,-0.001782584750930294,-0.0006352866257794965,-0.0012202930473307338,-0.005395870690521276,-0.0005896950255525057,-0.0027027696499548615,-0.006514399840214846,-0.0016299629080325229,0.00027158823932849074,-0.0007579706899191185,-0.002321951967212743,-2.3707649861481883e-05,-0.004136858731721538,-0.0018380881939853433,-0.00645159696557196,-0.0013273794410755269,0.0008974713943836754,9.923489006080644e-07,-0.0005511276459113645,-0.0004694425979467898,-0.001231695280993872,-0.0022467227323968997,0.016821473558334077
-0.0035195014753136578,6.861777701372418e-06,-0.0009129736848253467,-0.0005014670098484331,-0.00032100034075033257,-0.0005859771186180751,-0.0016295091777489557,-0.0034172845192010914,-0.0011163113259290425,-0.0015010439949189047,-0.005894623285900846,-0.00022784168758893664,-0.0004200383339951763,-0.012196904969913658,-0.0025697323282483087,-0.0011860119052836682,-0.0023337675364009103,-0.0010638534267822797,0.0049749312810580815,-0.0023832585315286536,-0.00027975484392439576,-0.003896329471494542,-0.0046061743722998205,-0.0009183818073966732,-0.0008231929798656612,0.02507165384294674,0.01792321613320058,-0.0025201070890690236,0.0039523922790647426,-0.0015950555270614064,-0.008469976478702734,0.009962042148843997,0.011302116847445642,-0.0013522975581270469,-0.0004948836513110066,1.3555375343754505e-05,-0.0004264164173065632,-0.0008398008019009362,-0.006756945224583921,-0.0029409974241285664,-0.001070587812706969,-0.00277534601771523,-0.0018112187725736195,-0.0004497230163205135,-0.0011555663849759368,-0.00548061139701661,-0.0006304652850097625,-0.002728679238197973,-0.006697729754630233,-0.0016808732554922656,0.00027470354345471293,-0.000779227093584467,-0.002365029463023749,-6.803235700958421e-05,-0.004204973949763935,-0.002432948859442008,-0.006557604547776208,-0.0013831625554984184,0.0008886573222246508,-1.3369964645848498e-05,-0.0005497426519097681,-0.0005440593117741477,-0.0012401726094524168,-0.0022600890986673727,0.016582070055896736
-0.00351355614850013,3.7265918211293325e-06,-0.0009055794349522861,-0.0005035332159829542,-0.00032494609887578907,-0.0005847209839896506,-0.00165904778655801,-0.0034753896841699383,-0.0011671376950596057,-0.0015137540635140612,-0.005971570275834837,-0.00022728244707537204,-0.00017616349447424628,-0.01257540520651712,-0.0025969248188513205,-0.0011830028176259555,-0.002301511978165416,-0.0010838293352629647,0.004615324684652533,-0.0024295895530429545,-0.00027993464012088243,-0.0038894272527663087,-0.004670121282711048,-0.0009459262486127828,-0.0007499093900087406,0.0244072884929607,0.018898745980167497,-0.0025400245119476805,0.004035310264431713,-0.0016179169889068978,-0.007323660993254322,0.010987958841248258,0.011534738248159426,-0.0013577608078778614,-0.00046942631506863286,4.8885591260816597e-05,-0.0004569875208174645,-0.0008662927171192436,-0.006868533642001573,-0.0029990148817017337,-0.0010722386849200127,-0.0027795653334767856,-0.0018391879297657843,-0.00028137658380822383,-0.0011414482355074362,-0.005561131962542709,-0.0006553700046776356,-0.0027548272449373634,-0.006820492854762716,-0.0016974049694490345,0.0002654163671993448,-0.0008141005257591427,-0.0023674845590744287,0.00014494110869645027,-0.004254244851427891,-0.0028486644955826312,-0.00664921106289329,-0.0014090817700080915,0.000853881398793277,-1.8017781522772225e-05,-0.0005498256015439296,-0.0006241036031821023,-0.0012569331190930288,-0.0021185720216704285,0.01633943367034174
-0.0034659984263035737,-1.553717803237653e-05,-0.0009078419486255873,-0.000512531369890934,-0.0003239185762918817,-0.0005848153086560615,-0.0016795287670198222,-0.0035242669377192337,-0.0012912112239459317,-0.0014491747451498282,-0.006058045159782477,-0.00022181085486083774,0.0001294652268633012,-0.012898697944528803,-0.0026291806440763565,-0.0011843951643197848,-0.0022523005705361587,-0.0010987084256852686,0.004328839679145213,-0.002472356150604482,-0.00028169096988706066,-0.003897571524576593,-0.004731898884372754,-0.0009634494079210354,-0.0007177763512666857,0.023929716628428244,0.019885594868572998,-0.0025691247839861875,0.004117070039945103,-0.0016282106861886803,-0.006143181910071682,0.012052708003636114,0.011468767234209087,-0.0013595702765883955,-0.0004578343365188031,6.40605075119538e-05,-0.0004978409726583699,-0.0008862121334770601,-0.007037387931472683,-0.003096066057130309,-0.001073366128804376,-0.0027748251312120775,-0.0018647928828893212,-0.00011237160557597825,-0.001100011558316516,-0.005648920333137686,-0.0006955230227816411,-0.002777949015983938,-0.006876278024021687,-0.0016946459552561466,0.00025809935602727485,-0.0008457137231493439,-0.002475599733057221,0.00015069370836062745,-0.004382929681421177,-0.0028970813572312126,-0.006740329366544562,-0.0014093100976400041,0.0008272843477779013,-2.6331984886107662e-05,-0.0005568569744727192,-0.0006752944998862365,-0.001252077985825939,-0.0019127133982992373,0.01609841372634535
-0.0034147755526247048,-5.604903648448456e-05,-0.0009103489671441478,-0.0005157097466912397,-0.00032934784036298126,-0.0005861328659504395,-0.0016863758322750444,-0.0035790841331404533,-0.001472306760113895,-0.0014399427817537447,-0.006130030005195741,-0.0002148095095445557,0.0003821914926933623,-0.013192648065662782,-0.002663391605876697,-0.0011955287579042961,-0.0022704434497831105,-0.0011131250891799338,0.0039004612682935758,-0.00251716063384011,-0.0002823929433320993,-0.003984689141232622,-0.0047965648894432444,-0.0009913041191197403,-0.0007208461102949926,0.023634125278049867,0.020912465760341892,-0.002620132234558259,0.0041774896752111434,-0.001648549040963565,-0.005579325647711242,0.012977311662095481,0.01113035582856603,-0.0013630754819382584,-0.0004576792745063507,9.002100492350174e-05,-0.0005373941111607161,-0.000929888531079448,-0.007225403910667061,-0.0030611739277436323,-0.0010765862588857367,-0.0027963484098515456,-0.0018855354983454697,5.4782712023193625e-05,-0.0010540437246858714,-0.005722311785774314,-0.000721564603068936,-0.002809146390636008,-0.00689168298737064,-0.0017401228128589574,0.0002500444368866983,-0.0008938808787680719,-0.0025895251315005696,9.832014385402488e-05,-0.004539641869891753,-0.002439635566381937,-0.006825838549422647,-0.0013790624336723623,0.0008398526943151907,-3.1884661172210116e-05,-0.0005594798288132141,-0.0007839786981748142,-0.0012497971341183245,-0.0017059509888341928,0.016856286604957083
-0.00338876929672538,-0.00014060509329183457,-0.0009173849685446545,-0.0005206505037556042,-0.00033474225764473786,-0.0005899733185070755,-0.0016854744707428537,-0.0036451618599665503,-0.0017019221247021044,-0.001397419783328413,-0.006207740092569192,-0.00021332355491399113,0.0006254399111000897,-0.013154427352326858,-0.002687490515252522,-0.0011964943604834133,-0.002340596946496243,-0.0011428980492597107,0.003323000478518523,-0.0025561308397921145,-0.0002830667255159236,-0.004016360615125003,-0.004857693304012978,-0.0010279065557269318,-0.0007744610398626728,0.023141419327943114,0.021755063534719676,-0.002690256209691544,0.004197158624117847,-0.0016764696466480267,-0.005286174704961177,0.013647830226618085,0.01061802225182551,-0.0013684743648866293,-0.0004726718884940917,0.00011964871408798317,-0.000569997006071965,-0.0009466989856985464,-0.00738478581207791,-0.0030094209415005846,-0.001073035951585588,-0.0028196484020882595,-0.0019061787019785115,0.0002498307149094714,-0.0010592179382007405,-0.00581367822233092,-0.0007439238200888099,-0.0028436493863298606,-0.00688487925485648,-0.0017567352489332722,0.0002389232699575583,-0.0009134044284233589,-0.0025314148430183314,5.228963435066625e-05,-0.004648572916844507,-0.002478483449437796,-0.006905109016200117,-0.0013470395614342268,0.000876109709962547,-3.0670153716383375e-05,-0.000560729222336076,-0.0008745279090847102,-0.0012590760597268602,-0.0015933302157176144,0.019180627475388956
-0.0033589267336574524,-0.00023383074493432687,-0.0009467208913193081,-0.0005196630328394569,-0.0003422076635689608,-0.0005954088466689766,-0.0017389403806737924,-0.003701682725658295,-0.0018028817150905763,-0.0013022622204541534,-0.006284221120720357,-0.0002134245314857619,0.00043200891458683444,-0.01334033924250122,-0.0027106488780023197,-0.0011953162846539689,-0.0022984386525162215,-0.0011616154530090794,0.002689756543702293,-0.0025799056092982164,-0.00028628748638914736,-0.004035164259919566,-0.0049154980485821564,-0.0010529381030676133,-0.000847200984569918,0.0229010765966835,0.022513772021272693,-0.0027580542150126286,0.004169347040273719,-0.0016997268164532509,-0.005471931928176965,0.013900310594087362,0.010011656784963296,-0.0013752141846415933,-0.0004886632152025783,0.00014631037113699286,-0.0005892134130871529,-0.0009496778089759239,-0.007565083801388983,-0.0029538837855331845,-0.0010795248888758602,-0.0028511681575198455,-0.0019306058082496635,0.00041383919431292604,-0.0009865094013917775,-0.005904439051286792,-0.0007839989742721709,-0.00287841346618134,-0.006863806456685384,-0.0018274404674358813,0.00019440115257873813,-0.0009303900205702709,-0.0025430611880433718,0.00024083010756026368,-0.004632730280144104,-0.0020715612723889443,-0.006973605520674719,-0.0013372986879379711,0.0009419732666775538,-2.6826748935726563e-05,-0.0005621757514537862,-0.000855695084809649,-0.0012792621930335368,-0.001438351987155806,0.0215127272653024
-0.003263469655291229,-0.00037128853337198287,-0.0009894756085209178,-0.0005239152822512638,-0.0003476297111202342,-0.0006056498296636015,-0.0017857721233335289,-0.0037595080026483485,-0.001972293786778101,-0.0012182142342771485,-0.006361085527193389,-0.0002089553158879376,0.0003300610432794837,-0.013224993675472252,-0.0027416690795675214,-0.0012074142508705643,-0.002272421297480509,-0.001186086518448315,0.0017312706978853676,-0.002610629808942111,-0.0002836506332656308,-0.0040522392381987515,-0.004969453110517219,-0.0010748329421029768,-0.0009484431482192912,0.022748138225094916,0.023086011627659664,-0.0028331886318151422,0.004091064515999054,-0.0017266356486413947,-0.0056634629463105934,0.013836200169798918,0.009412148499040374,-0.001384781261440482,-0.0004848745198720028,0.00017546831700920862,-0.0005908317792868711,-0.0009745720706884065,-0.0076605886230388665,-0.0028801981329610316,-0.0010902629909975703,-0.002910208471215703,-0.001964368804937555,0.0005374829189801478,-0.0008876450850161532,-0.005997000756842397,-0.0008091867048101165,-0.002913684534865957,-0.006832499952131865,-0.0018795053545965779,0.00014305630516564527,-0.000938829505701344,-0.0024887462617532163,0.00012254229768071667,-0.0045804156949708075,-0.0022295548465302018,-0.007057999960847772,-0.0013291400641588513,0.0010282897526714407,-3.2362187819989785e-05,-0.0005727907896646567,-0.0007744577991846135,-0.0012814482119389847,-0.0012059411944576048,0.023852568959523923
-0.0033573547018030947,-0.0005744665754597866,-0.0010425022190179156,-0.000526366478267648,-0.00035505482353703766,-0.000620362177880529,-0.0018259448043921322,-0.0038181084074540017,-0.0019986690354433234,-0.0011386599959460897,-0.006442280977414283,-0.00020594207895774375,0.0003750679712810623,-0.012938633272889466,-0.002758905141190371,-0.0012214202188327583,-0.002361358050846807,-0.0012051780436244108,0.001473569974083766,-0.0025948168436749075,-0.00028300385916180115,-0.0040756341565386656,-0.005018515963950976,-0.0010895036205533781,-0.0010917765187541395,0.022792531455670062,0.02360231352884501,-0.0029332620172808355,0.003949734627320289,-0.0017456696239591674,-0.005911161666325104,0.01327290080462884,0.008981767008794606,-0.0014023444060322632,-0.0004958601573699095,0.00020960074809495133,-0.0005823697950229079,-0.000983916508639826,-0.007734889514101728,-0.002723132547273188,-0.001113250767867613,-0.002968730830065436,-0.0019979132447009995,0.0005759509939411434,-0.000812858197996702,-0.006074446175104442,-0.0008212416348750695,-0.0029644636652171874,-0.006807519003514173,-0.0018881483458115245,0.00010584793458190411,-0.0009261681251846454,-0.002400079451750914,-7.462917805833857e-05,-0.004490302233362442,-0.002506123741570665,-0.007137466365883749,-0.0013170112656264443,0.0011377678460346985,-3.764720803878241e-05,-0.0005780278372967684,-0.0007380543518168414,-0.001241840445082243,-0.0011038698813790049,0.023777412934629316
-0.003368209276456202,-0.0007868868810834151,-0.0010944949403871584,-0.0005314050500893064,-0.00036162252795057803,-0.000634075664976419,-0.001873996788552823,-0.003871357710414025,-0.0020378672360255035,-0.0010721042586910867,-0.006524952008195917,-0.00020551635501941945,0.0003310283589827989,-0.012642205004204432,-0.002785941779960832,-0.0012266486266062637,-0.0024647945170743757,-0.0012069077184033716,0.0012544783177679264,-0.002617391145623982,-0.0002787712260559072,-0.004050588297631386,-0.005060731571844834,-0.001104870094231547,-0.0012410570640407625,0.02308875940013211,0.02407687833655925,-0.0030481278538403433,0.0037858029209789645,-0.0017542806247612397,-0.0057967074976409405,0.012487861168279268,0.008790098980502759,-0.001412726719163926,-0.0005162819863412382,0.00023497071608402642,-0.0005704738055897218,-0.0010018252883055023,-0.007747653965190393,-0.0025143921822732285,-0.0011385321715601249,-0.003043179632183146,-0.002026642536871126,0.0005942521829596092,-0.0008224896390665037,-0.006160570637365748,-0.0007485036084726726,-0.0030153188557292543,-0.006820190448871943,-0.001916753125840942,9.512014779411437e-05,-0.0009403232056800492,-0.002264182479774224,-0.00032406876073232116,-0.004445251049684851,-0.0028571888160844328,-0.00721467131004172,-0.001334426968771285,0.0012564406390604965,-3.148750130665956e-05,-0.0005830737019447696,-0.000847691085720359,-0.0012123714467621172,-0.0010376520758136332,0.021671529887068663
-0.003427731074606588,-0.0009845358697881945,-0.0011397000152565395,-0.0005378740321247966,-0.000368365229158063,-0.0006446465744701646,-0.0019048914521081484,-0.003917644492399175,-0.002054914226716331,-0.0010273185585109035,-0.006606653252439032,-0.00020138769060151773,0.000285196579464575,-0.012355078343032067,-0.0027946777959086955,-0.001243259384634099,-0.0024896566822887323,-0.00120805078033559,0.0016542808715640511,-0.00265157807211136,-0.00027539543691035284,-0.004074467954904959,-0.005111838853691597,-0.0011120559186744705,-0.0013690242816706277,0.023200171445858953,0.024527950122373188,-0.003159551971986807,0.003638574553385343,-0.0017777824323376157,-0.005979942629123047,0.011760411299532425,0.00890326342205161,-0.0014086986717680716,-0.0005225993058427525,0.0002544604182963539,-0.0005440697810666917,-0.0010183690578609017,-0.007657189415226973,-0.002362847917100619,-0.0011804914111925857,-0.0031371914833516756,-0.0020533416619505918,0.000578591548702212,-0.0008386926067833755,-0.006241019411827642,-0.0006829902956940748,-0.003077606076294259,-0.006877463102485271,-0.0019281766989928117,8.110368217151276e-05,-0.0009629653881046973,-0.002079916046947128,-0.0006541189439217554,-0.004438699398377044,-0.0033485096479467513,-0.007292241752317796,-0.0013885227854029125,0.0013630209841304364,-3.4921733628512364e-05,-0.0005888263498599056,-0.0007192165292612129,-0.0011905511302325866,-0.0009771889432018677,0.01956564683950801
-0.0035676864108415973,-0.0011586626117315868,-0.0011936632438637185,-0.0005417245337445697,-0.00037448563139352853,-0.0006518177335734787,-0.0019528696872943563,-0.0039601308249482825,-0.002024672548507356,-0.0009751723920646826,-0.006679938329967383,-0.00019756652455182877,4.716004090399295e-05,-0.012079057582457087,-0.002821246308211234,-0.001244389516204425,-0.0026241919107566902,-0.0011990621814154112,0.0021877360209523466,-0.0026324285042457207,-0.000277579904693126,-0.0041011003965713,-0.005165217245092557,-0.0011197904937731984,-0.0014455330211109452,0.02314728711803027,0.02495997461731414,-0.003249442771419142,0.0035231937535926683,-0.0018174378931927748,-0.005721086726784619,0.01120802994701986,0.009362973577940803,-0.0014195173229700764,-0.0005290897036996922,0.00028510969268191744,-0.0005190869743181281,-0.0010493807390777876,-0.007494312078009657,-0.0021440778770291935,-0.001209999591291755,-0.0032377879946567933,-0.0020862602068630887,0.0005329361603365612,-0.0009094949457355561,-0.006341514386330016,-0.0006751463348915188,-0.0031348040125270815,-0.006982458509272149,-0.0019510371776279012,8.651973759499221e-05,-0.000979923745175304,-0.001894752487938689,-0.0009187817107542129,-0.004360227476939316,-0.0035445301881800173,-0.007379842155306071,-0.0014531747874907408,0.0014544938332907709,-3.710165468351345e-05,-0.0005959107159081434,-0.0006743333347613012,-0.0012043666714660617,-0.0010066575387014387,0.017473699219701322
-0.00364580012704363,-0.0012070464042964746,-0.0012328334018847364,-0.0005435213005440254,-0.00038033533021930577,-0.0006534188020435039,-0.0020098879570551453,-0.003999903347149947,-0.0019850670574727003,-0.0009465499147718326,-0.0067399195652294575,-0.0001949585225474726,-0.0006307128284491759,-0.011594903824300173,-0.0028452748284681917,-0.0012552978876700926,-0.0026682373238657853,-0.001195316746914532,0.0025605471152252424,-0.0026224076771990124,-0.00027827111907807733,-0.004120399468233948,-0.005207309695253182,-0.0011253939470522445,-0.0014502834552226895,0.023095213207357634,0.025461452543804386,-0.003308340644432084,0.0034715413433112907,-0.0018522839803787328,-0.0056045372899874435,0.011045693213622254,0.010100182749718467,-0.0014434473980137197,-0.000539428433008915,0.00029119435452784614,-0.0005090086340925337,-0.0010632975252473642,-0.007327199887800173,-0.001983756332854858,-0.001236637417074915,-0.0033304854143286766,-0.002112313372509944,0.00048727949085125566,-0.0009068174146228403,-0.006422595837154654,-0.000623857007250983,-0.0031938850776142003,-0.007131830293618857,-0.001969324340288625,9.299741840829157e-05,-0.0009993099475010814,-0.0017905392964833178,-0.0011621324633130925,-0.004318997680981873,-0.004050949857220543,-0.007468219760988104,-0.001549514133060148,0.0014961554143302358,-3.502578323177907e-05,-0.0005985681995631653,-0.000663052086842475,-0.0011729689755387573,-0.0011066895591113068,0.01651741239354676
-0.003704161223955893,-0.0013134643068044571,-0.001264352903419974,-0.0005486287258104072,-0.00038558486785400525,-0.0006628529305969799,-0.002060578873579244,-0.0040315454687673835,-0.001985079705502657,-0.0009317635212967579,-0.006796978033109857,-0.00019472906424433667,-0.0010606353110707012,-0.010952776102936213,-0.0028718341824203186,-0.0012569246101226117,-0.0026620550398057663,-0.0011745550674235883,0.0030592338148638376,-0.0026195563723929727,-0.00027932468661229226,-0.00419163978010062,-0.005257367878583441,-0.0011289665039695418,-0.001376036625216459,0.0235399965968619,0.025848884575632614,-0.003336949881939666,0.003489959219783678,-0.0018797315367982126,-0.005919359066350216,0.011348306249110207,0.010957967588106632,-0.0014666073039190097,-0.000542605726516987,0.0002730065118823344,-0.0005164088809332945,-0.0010913735431588023,-0.00713665103316985,-0.0019817501068148946,-0.0012567662628616416,-0.0034455849343677514,-0.002142268674810932,0.000454301061238116,-0.0009811701345894264,-0.006480521959681629,-0.0005743788133523164,-0.003249858846198883,-0.007293021554767742,-0.0019814662524102467,8.835828479591967e-05,-0.0010142967041651962,-0.0016873918413202738,-0.0013379385204731475,-0.0042683655057615955,-0.004441343349150584,-0.007552120542426266,-0.0016728819834367359,0.0015010299233129132,-4.4936485597557585e-05,-0.0006041240690403127,-0.000597360906985811,-0.0012167361001811372,-0.0011228763421813337,0.016057781490110834
-0.0038036274586688013,-0.001390371621816544,-0.001294111312566737,-0.00055219889746283,-0.0003920592457301586,-0.0006683625386225689,-0.0020897110719747536,-0.004060235811770285,-0.0019254457830020222,-0.0008828094586826873,-0.006856292231992467,-0.00019196439937330112,-0.0018019027149761557,-0.010445437511584332,-0.0029037932405416855,-0.0012572353371722578,-0.0026447235077320386,-0.0011570407504812863,0.003667666657936941,-0.002625790565164099,-0.0002733239708081481,-0.004258581158093411,-0.0053043205269383,-0.0011399903468346517,-0.0012631698517064915,0.024135043167204717,0.026374692621745188,-0.0033490327215841553,0.003576877845739901,-0.001910073154293368,-0.0063523966848054725,0.012047939886767667,0.011803710719770155,-0.0014962010316768026,-0.0005606725562364856,0.00026212320390572863,-0.0005396445004360872,-0.00111273008021473,-0.006923973445652987,-0.0020102026809856177,-0.0012678732812561044,-0.0035034452416717876,-0.002172759798763413,0.00045125503232390507,-0.0009922133432784808,-0.0065633544759432505,-0.0005472633111309744,-0.003301058105004362,-0.007441143395771843,-0.0019389466364089225,9.956727254345488e-05,-0.0010386976508639512,-0.0016396170308065061,-0.0015279116311013308,-0.00423106683162322,-0.004761258386276945,-0.00764436821469916,-0.0017754267357781295,0.0014732407656365964,-7.329748984308271e-05,-0.000612849376481317,-0.0006204253241997026,-0.0012541250250741598,-0.0013505195084931865,0.01559661922098754
-0.003950970902427686,-0.0014592363501424455,-0.0013062738815998731,-0.0005566561399211745,-0.00039634257831500097,-0.0006736504945927813,-0.002077080058953795,-0.004083771716489992,-0.0018182601962047906,-0.0009136592970105939,-0.006925985047668726,-0.00018671364096267684,-0.0023086182054353754,-0.009931497650036758,-0.002938478335408612,-0.001264830280190865,-0.002579993641201095,-0.0011598105369657885,0.0038572449219589355,-0.0026509343810154906,-0.00027381060529696466,-0.004368660765972643,-0.005351505342003571,-0.0011423619791135486,-0.001106187473939424,0.024713075238925963,0.026797487792547203,-0.003343053115206329,0.003738164870742411,-0.001933048752796207,-0.0071716560025799625,0.013293539228254048,0.01245064717137101,-0.0015197049713622235,-0.0005771583809657255,0.00023447012992661165,-0.0005813365946938376,-0.0011240145639875854,-0.006716472399397988,-0.0020184688156685837,-0.0012704978903363973,-0.0035154949419441417,-0.0021950965027858205,0.0005045304151685137,-0.0010314514988444268,-0.00658755512589182,-0.0005378141848191298,-0.003339272809911642,-0.0075895444863431916,-0.0019282635474552334,0.00011075508717728333,-0.0010502138333721156,-0.0015248425878270355,-0.0016432397972930834,-0.004147036209064203,-0.005028723245541045,-0.007746353887694957,-0.0018745384302444323,0.0014079044990689127,-9.523346831130652e-05,-0.0006196375406063437,-0.0007230429196922739,-0.0012386883788040315,-0.0015969160976730956,0.0151339255861771
-0.004070762683905049,-0.0014982077636077618,-0.0013090970616910225,-0.0005568395526374115,-0.00040229826691595694,-0.0006750918540618933,-0.00203073108710905,-0.00410567949768037,-0.0017281564232454194,-0.000944944304739348,-0.00698639987054428,-0.00018506335465384716,-0.0025914184322131106,-0.009229980681424,-0.00297430347364247,-0.0012641978038786528,-0.002531311110129608,-0.001180009294099671,0.004072484891471717,-0.0026712474827879085,-0.00027098920747681277,-0.004435200343402612,-0.005398837648657118,-0.0011513570319983124,-0.0009418759348729377,0.025175119880632257,0.027026209399779955,-0.003321716659566709,0.003945057416504971,-0.001956655142871244,-0.00844515590174455,0.01491349810454734,0.012764881711833542,-0.0015384973862688778,-0.0005853534488043932,0.00021772008225595663,-0.000637775382852146,-0.0011502852590195012,-0.0065410321810970284,-0.0020980889216146714,-0.0012651670994699993,-0.0035234666926886593,-0.002218515824546574,0.0006424033259293527,-0.0010988852717540576,-0.006627033514291947,-0.0005066652841383412,-0.003381992714520443,-0.007700785051034109,-0.0019170309706170174,0.00014288132093787098,-0.001074561252573436,-0.001486339542934867,-0.001558451985899767,-0.0041005043357388304,-0.005043588652209885,-0.007855941660081078,-0.0019674718741683472,0.0013173499727647808,-0.00011321123018326329,-0.0006232619366290937,-0.0008599559127070444,-0.0012522625317995528,-0.0017442181031638304,0.015874953442229334
-0.004183877210924614,-0.0015427037021692458,-0.001322308287185603,-0.0005605976111404676,-0.00040908109380466406,-0.0006765744081788094,-0.0019900300782312863,-0.004123224652963664,-0.0017163075338842981,-0.0009580424814877864,-0.0070455338327333195,-0.00018082406354902325,-0.002839718633799282,-0.008442583905486578,-0.003004828781690283,-0.0012774582350661978,-0.002601314841267688,-0.0011912828231127603,0.0045813813751367505,-0.00271579922177978,-0.0002719277855860458,-0.004507590907215531,-0.005449977308745413,-0.001163143461530125,-0.0007961055150718099,0.025639429066885766,0.02726632792872974,-0.0033041424441664358,0.004170134706552808,-0.0019818153272522787,-0.0091713732748272,0.01665875012364748,0.01266143878468129,-0.001564593503333156,-0.0005949213215296068,0.00019792874146840056,-0.0006943455825695333,-0.0011436450567515744,-0.006463627576678177,-0.0023760619534598515,-0.0012524027685463235,-0.0035165965696181134,-0.002237295589686883,0.000758102073320055,-0.0011813449083362126,-0.006656818832707301,-0.00045560518914300463,-0.0034072461525734843,-0.0077575438878593195,-0.0019026251985434506,0.00019225641131570548,-0.0010835503817948622,-0.0012415828969334353,-0.001850969546465575,-0.004100411534206594,-0.005467210554116475,-0.007950949463454426,-0.002074242233034984,0.0012356047474522125,-0.0001245532918816572,-0.000632293848181531,-0.0009439094293020034,-0.0012551926516800593,-0.0019305007456144052,0.016845447938926394
-0.004219547064348461,-0.001606054210155139,-0.0013422084993294225,-0.0005715755159048097,-0.0004097241879493785,-0.000671429760569886,-0.0019566568658422323,-0.004146910183082553,-0.001750093512594364,-0.0010091566016650066,-0.00711888424519036,-0.00017858801056380713,-0.002804876283655111,-0.00786817812731,-0.0030354294348722277,-0.0012933200030083025,-0.0025443317259722376,-0.00121834087659356,0.005096149192011179,-0.0027492039165492033,-0.00027162875628816696,-0.004490660873770258,-0.00550201757230484,-0.001187982504758489,-0.0006965195520596268,0.02611950718391265,0.027658207215110586,-0.003297008933723755,0.004392320995838306,-0.001996950811277265,-0.008941068613909198,0.01839304526254404,0.01213954816032814,-0.0015798362507645214,-0.0005961176472220053,0.00017216589438096008,-0.0007566896841469939,-0.0011160939238792356,-0.006441898698747783,-0.002884340831272425,-0.0012417832709451515,-0.0035565105362185268,-0.0022468464548063283,0.000878088169621094,-0.0013234297789057603,-0.00664474326412956,-0.00041654894674436616,-0.003430116929527327,-0.007743438456199514,-0.001908141193183055,0.0002524201781863855,-0.001118936184984931,-0.001153120609074132,-0.0020492466570291024,-0.004053698993448984,-0.005683149415726341,-0.008040921634513976,-0.00211835832636742,0.0011717505121073835,-0.00013603615546797787,-0.0006398529349568305,-0.0012109313311555736,-0.001282216443763362,-0.002164970346959172,0.017812743582854562
-0.004262436729732144,-0.001652880242839716,-0.0013620964932629098,-0.0005794475275239241,-0.00040722818747862544,-0.0006636208230248464,-0.0019401417465051418,-0.004173631192367577,-0.0017745423632830049,-0.0010320755320244457,-0.007194796965609207,-0.00018508957779395097,-0.0031716773791052866,-0.007582172128529074,-0.0030654030036803004,-0.0013225573440480698,-0.00249193321080865,-0.0012590352029395735,0.00557136580626838,-0.002778236446868254,-0.0002732750186629218,-0.004504306784494538,-0.005556327707819442,-0.0012067450014425773,-0.0006714225405666241,0.026416987953090887,0.027905987399342136,-0.0033212516408488435,0.004579260130819218,-0.002016729971444975,-0.007876993092595708,0.01990204371337989,0.011235363993029823,-0.0015877117638123384,-0.000603542647958144,0.00014921175058657532,-0.0008131223379698183,-0.0011156957579370186,-0.006447640228934848,-0.003482669378835901,-0.0012363402742340268,-0.003583844804913028,-0.0022645738129662973,0.0009894308765259208,-0.0014804052759384012,-0.006634461212366105,-0.00041740941413737076,-0.003438062516270546,-0.007658198971294827,-0.001910696506429721,0.00031862426731299465,-0.001134561144321089,-0.0009941186548847458,-0.00217689500539453,-0.003976701064341004,-0.005621201773802431,-0.008113135423307716,-0.0021495079799792594,0.001118318384649264,-0.00013452554576565134,-0.0006482434526738912,-0.0012711360505512914,-0.001242298404902642,-0.002472091998580561,0.018661171219104933
-0.0043670883645311465,-0.0017254146400920156,-0.0013865473294634167,-0.000583903644750694,-0.00041347365063049146,-0.0006600728625472119,-0.001914412770700924,-0.004209988220218119,-0.0018877132456713852,-0.0010709214833551917,-0.007278185912450552,-0.00019255606334289688,-0.0036703038789168696,-0.0074256254940852084,-0.0031056284210833063,-0.0013521481054714624,-0.002609864368917969,-0.0012887485248591624,0.006001991182559285,-0.0027822552065419615,-0.0002742368502239856,-0.004524535690010545,-0.005611720524242303,-0.00122720675430954,-0.0007258961779755824,0.026685099116092514,0.028049590413140812,-0.0033869142465702273,0.004664121863438009,-0.0020276575199990043,-0.006862289866970128,0.020701277757927183,0.010147364180786766,-0.0015848489537596544,-0.0006118185666682541,0.00014835850034833342,-0.000855765627267191,-0.0011009499153039615,-0.006421263302538449,-0.004153183712595321,-0.0012412104020890213,-0.003608514556490028,-0.002269463648842396,0.0011288195364502762,-0.0015716271321000175,-0.006639665293709851,-0.0004573320466413344,-0.003450024023280096,-0.007536119254433982,-0.0019161907324615202,0.0004020526622183773,-0.0011389447431936484,-0.0008238250648419099,-0.002155124835708788,-0.003960751503503168,-0.005878448465833297,-0.008174082680517336,-0.002125172751518689,0.0011107030429515774,-0.00011812263938826284,-0.0006600237591327662,-0.0011770629519990417,-0.0011648909942951757,-0.0026263901472762807,0.018893547454555515
-0.00441760399792912,-0.001777940073944606,-0.0014123995328472194,-0.000588686896212387,-0.0004167342360451576,-0.000662781687691516,-0.001899229307379402,-0.004252694546940217,-0.0019195930005352357,-0.0012534942276269945,-0.007352893428298701,-0.00019586309267960456,-0.004132016940516681,-0.007262120193241572,-0.003119250131624507,-0.001370684297370639,-0.002758677050900271,-0.0013177615061301662,0.0062269875991973755,-0.0028238044133187534,-0.00027438561552450835,-0.0044832271851701355,-0.005659555947964967,-0.0012444426606397219,-0.0008515000975470866,0.026953745880103908,0.028073162538148733,-0.003487025628186702,0.00467446984174269,-0.002039738022500459,-0.005675946948463961,0.02097370590263492,0.00884488961381602,-0.0015847787031846305,-0.0005989647558108935,0.0001415322216922199,-0.000883300317591984,-0.0010928338395463921,-0.006409924604185768,-0.00475749026870087,-0.0012495481541399123,-0.0036257398819746767,-0.0022758626767062085,0.001218685784118323,-0.001608135124865795,-0.00664950887463045,-0.0005379307595850813,-0.003467459879357482,-0.007386857606032304,-0.0019112654780969462,0.000456837007234423,-0.0011415001015974147,-0.0007922100984185665,-0.0021057380631411826,-0.00393660114960348,-0.005664485721854962,-0.00822572891690776,-0.0020685409354748163,0.001145920680056589,-9.577702701024648e-05,-0.0006682751792118635,-0.0011745299770850037,-0.0010773522792879575,-0.0027226004541913706,0.019125158007162524
-0.00446777047071778,-0.0018236518141219182,-0.0014600271711534551,-0.0005971908592112829,-0.0004254118037153587,-0.0006676458121646078,-0.0019185170755584569,-0.004310574162828651,-0.0018733974827833677,-0.0013482096604363614,-0.007441429002146949,-0.00020278395043804576,-0.004261214923498513,-0.006865982159439121,-0.0031555600914734416,-0.0013957683930623244,-0.0028818004421999888,-0.0013597031897299994,0.0061144062720885906,-0.0028347191293348617,-0.0002775035342985621,-0.0044174159493642895,-0.00570498329013025,-0.0012603889828225467,-0.00105567530243722,0.026776014532959413,0.028006136685986283,-0.003633600614623256,0.004559747615246801,-0.0020580387161862612,-0.003895204007270392,0.02038612105463322,0.007735722068384465,-0.0015794264522637214,-0.0005870704670667415,0.00013415421029594476,-0.0008804547112544192,-0.0010766216976422216,-0.0064099448553313065,-0.005363732884111738,-0.0012592950722462026,-0.0036852882921004637,-0.00228519142338679,0.001263335797517362,-0.001727651847259759,-0.006678050770492883,-0.0005799825833617822,-0.0034960601420207515,-0.007226597186836825,-0.0019069678225055453,0.00048708239290351507,-0.0011422670912756283,-0.0007304026609273873,-0.0020566325362560978,-0.003807517770953339,-0.004802414973795965,-0.008269639268985829,-0.002002367681005701,0.0012036493707636708,-6.827772912743058e-05,-0.0006716888825684109,-0.0012891471061986515,-0.0010835113556149079,-0.002752661296107628,0.01935909963864879
-0.0044659314691118945,-0.0018945873340642239,-0.0015061663150106597,-0.0006048969125966863,-0.00042715243441837636,-0.0006808056895110104,-0.001962132264975991,-0.004368263126358407,-0.0019188573540881437,-0.0013972949776140942,-0.007511973071326783,-0.0002086596820336517,-0.004619812131117507,-0.006823232390807621,-0.00318306698071813,-0.0014134556380731578,-0.0029581100112975323,-0.001378332943711702,0.005590584215713568,-0.0028577324887777422,-0.0002796777793970806,-0.00432574606190228,-0.005748854887882127,-0.0012789869136712317,-0.001302191260990626,0.026234362663288158,0.028095511411561302,-0.003796096816626404,0.00435512353023193,-0.0020716207414850363,-0.002819449361350035,0.01914582318316338,0.006748052035460139,-0.0015755442055871427,-0.0005652096788150152,0.0001305838086294031,-0.0008563459851448352,-0.0010512288420008176,-0.006410719126121234,-0.005900958512150001,-0.0012753857290597193,-0.0037332281157660407,-0.002286708049001329,0.0012704903075340113,-0.001730744732900913,-0.006732498184166991,-0.0006037849836662001,-0.0035182630956730465,-0.007090512045255903,-0.0019192813475901183,0.0005020874208028214,-0.0011514158603347369,-0.0005748333937219963,-0.002166941921281529,-0.003727009544545079,-0.004191152593480574,-0.008306604189927791,-0.001965651990080808,0.0013042213185856522,-3.991016037929729e-05,-0.0006774972469226759,-0.0012679630678530396,-0.0010636187638031203,-0.002756670986578391,0.01996909363739685
-0.004431560054350858,-0.0019246261782117635,-0.0015524224196625802,-0.0006113051321366969,-0.000426903243256449,-0.0006919745760957108,-0.0019890421012059845,-0.004431250023334443,-0.0018857235776804648,-0.0014800713376372787,-0.007568899179412725,-0.00021608938525752297,-0.0049735200968421545,-0.006908344216170481,-0.0032155125505251014,-0.0014245278052927857,-0.0030657116368673076,-0.0014020573804122138,0.00515387941143608,-0.002874001457301545,-0.0002853948788089644,-0.004335632236823761,-0.005786426676555156,-0.0012882893641995574,-0.0015642690908745926,0.02560342270404825,0.02829775344358887,-0.0039675769655079796,0.004094149323784935,-0.0020795088044126553,-0.0020229019068777054,0.017498031619665788,0.006098677988059187,-0.0015836411112266635,-0.0005422076462987535,0.0001375957855331844,-0.0008093992315154619,-0.0010451746427375674,-0.006425289334374251,-0.006395593721079895,-0.0012978861794563645,-0.0038658208917633496,-0.0022900018913150078,0.0012404316660454828,-0.0017569278833118318,-0.006816238689139387,-0.0006228923159202759,-0.0035598506492758863,-0.007005831859540179,-0.0018996593449087662,0.0005053603671525408,-0.001188347464280759,-0.0006163087302182291,-0.0024383615436411876,-0.0037660168500929236,-0.004173533016667896,-0.008347754342815095,-0.0019264654121859959,0.0014026467485928062,-1.880369094986456e-05,-0.0006891617602159394,-0.0011213949200322704,-0.0010426134734886627,-0.002865563468840149,0.02138727438516952
-0.004393437665648481,-0.002022735123335173,-0.001584288355803709,-0.0006131978918906267,-0.00042300539183814934,-0.0007055236371175111,-0.00202341369820358,-0.004482373919515781,-0.00186998551621409,-0.0015308161332157066,-0.007606336847608031,-0.00022146251832200203,-0.005593322634018683,-0.007225645099975697,-0.0032482740720102266,-0.0014369229691483243,-0.0030309607730569788,-0.001403722759638626,0.004946726164411608,-0.0028641106078580725,-0.0002916539855843947,-0.004293252422764571,-0.0058210290325935166,-0.0012957563714123266,-0.0018026885592675734,0.02506875551861243,0.028525894486926218,-0.0041293991460672475,0.003817053298219353,-0.0020862740563670767,-0.0016454781707697652,0.015661271543062627,0.00587613595920744,-0.0015887461811063819,-0.0005445877469729687,0.00014228336902899485,-0.0007554237313781575,-0.0010318301314587996,-0.006470291926114591,-0.006762620252340867,-0.0013386276858650126,-0.004046165549207115,-0.002293243325520944,0.0011818260528808633,-0.0017907462568325094,-0.006891483746931271,-0.0006404515460216587,-0.0035906630923463467,-0.006979072961128652,-0.001885987629392405,0.0004951874791767619,-0.0012089190420842,-0.0005844805231235428,-0.00275472589841419,-0.003764886896075792,-0.004572092961340757,-0.008391056289441035,-0.0018992980876507692,0.0014666783800063588,-3.7193639601529327e-07,-0.0006964047335842327,-0.0009234623881716475,-0.001033283558900977,-0.0029293043157224696,0.022772785998281142
-0.004417368037914038,-0.0021173856325263918,-0.0016001125202719235,-0.0006183730453693803,-0.0004195572379342982,-0.0007186949798044795,-0.002041825494779159,-0.004532002752040354,-0.001825471380060284,-0.0016069654556736257,-0.0076444731023334045,-0.00022433904528174065,-0.006591826811447765,-0.007232295564633562,-0.0032784046117511068,-0.0014643806486248634,-0.002983847595168676,-0.0014096692743579275,0.004622710519006645,-0.0029173426784573353,-0.00029374862625985987,-0.004304774904004605,-0.005851012421717927,-0.0012980586271469363,-0.0019919211985385266,0.024397145744838422,0.028746641093542413,-0.004259269144767153,0.0035661248281027014,-0.0020893657740226335,-0.0013239435427944146,0.013938382679730577,0.006145413261139376,-0.0015874824218691241,-0.000553816669523477,0.00014040685848515366,-0.0007102690948570523,-0.0010452694730991308,-0.006617130155984863,-0.0070704801453495,-0.001385857144084679,-0.004171217844226471,-0.0023004687905203713,0.0009854382186924582,-0.0018220612827171134,-0.006949714156818887,-0.0006373006632379719,-0.0036353870142696865,-0.007049611652304555,-0.0018965157519670317,0.0005005897290046857,-0.0012445994375894776,-0.0005623797544931364,-0.0029772707157853517,-0.0038451412504544313,-0.0052519702625699605,-0.008448639585804107,-0.0018980524258528364,0.0014679708842131323,1.2637360173206602e-05,-0.0007074134030788937,-0.0009239535013003675,-0.0010485954520287333,-0.0029925406803484877,0.024200274046397352
-0.004427199742837007,-0.002118999342880068,-0.0016093351418007273,-0.0006211748715234666,-0.0004125383866000476,-0.0007295896550651992,-0.0020952403961146393,-0.0045757107872844704,-0.0018087464885464533,-0.0016864915442638129,-0.007668970530128494,-0.0002313235611697273,-0.007384579206817898,-0.007055940560499074,-0.003316648765014696,-0.0014670729068061439,-0.0030173952189194164,-0.0013847214399118624,0.0043909202797880464,-0.0029580691819874882,-0.0002883279531470384,-0.004303029054579688,-0.0058787699070668165,-0.0012950054272898859,-0.00209315946633426,0.02404512224264921,0.02895033111739731,-0.004349508425456894,0.0033771007892291482,-0.002095965407410527,-0.00034813579867187805,0.012610069773918209,0.006820800675861438,-0.001591140605306074,-0.0005672536026174457,0.00014230780938118137,-0.0006834110880572508,-0.0010436850917912022,-0.0067427540993417745,-0.007345470314054192,-0.0014120980021341545,-0.004312917410911998,-0.0023031646296149955,0.0008033969278380404,-0.001863025122663009,-0.007005084643449511,-0.0006333449707593974,-0.0036773024062506376,-0.007214503985378817,-0.001895105211421777,0.000489498258842147,-0.0012815988107613974,-0.0005684780277109835,-0.0031142423088426074,-0.003959614852168114,-0.006197822102553041,-0.008520509679172728,-0.0019345186406244386,0.0014052588612978312,3.199171764523001e-05,-0.0007124824233841753,-0.0009028886242469225,-0.0011070467487360736,-0.002995140462665802,0.024577262248245635
-0.004407836363488737,-0.0021370582399654614,-0.0016122104470619458,-0.0006168138631399422,-0.00040706368744158894,-0.0007383144936846664,-0.0021448796511148727,-0.004616017314640675,-0.001854033080349371,-0.0017362171400910897,-0.007686025669909502,-0.0002331389017494745,-0.008051151711817917,-0.006933650975740391,-0.0033380174809867214,-0.0014678811235441236,-0.00298102485961238,-0.0013797603587768492,0.004244704385806264,-0.0030289911413191595,-0.0002880090779590061,-0.004215216787956999,-0.00590430162243516,-0.0012817567477817482,-0.0020333547004824926,0.023627085574299045,0.029192215052928683,-0.004375067424388757,0.0032835273008036125,-0.002097051738871536,0.0005862831972478499,0.011968967329780256,0.007756246244878584,-0.0016036858307918456,-0.0005642106219617693,0.00013442511248995537,-0.0006697672482076644,-0.0010360744486906937,-0.0067927619288878915,-0.007794288149284068,-0.0014218299714902072,-0.004386747087269605,-0.0023124613640729264,0.0006117459130350333,-0.0018344392144391541,-0.00705681589833107,-0.0005562772997405041,-0.003717126920539271,-0.007435261885744837,-0.0018581500735469492,0.0004793751752902864,-0.0013063186040244146,-0.000596495303813338,-0.003190638634106624,-0.004045805010348014,-0.00666136008047713,-0.008582076413408801,-0.0019696288844387455,0.0012870643270599391,3.1180711275169415e-05,-0.000717014265190774,-0.0009766182785141408,-0.0011157132164828498,-0.0030686083270117237,0.02387332747217319
-0.004408707044653903,-0.0021819383137247073,-0.0016074117493877216,-0.0006207621125382534,-0.0004060311148191831,-0.0007404977597142981,-0.002178781324753687,-0.00465159673480664,-0.0018371542472308544,-0.0018583766764529441,-0.007717854757679277,-0.0002340974798955564,-0.00872410218085451,-0.006751966722942648,-0.003365564360934603,-0.001469132688674324,-0.0029816191303848605,-0.0013428527781691457,0.004423093784914123,-0.0030763261767241534,-0.0002879133822734081,-0.004165640212139832,-0.005930016535768412,-0.001274164698109037,-0.001881544184036299,0.023356807402258317,0.02934635553898146,-0.004352874995927181,0.003287331729521892,-0.002096453636732165,0.0022440332871282997,0.012026471875610456,0.008764431804674455,-0.0016223039024232389,-0.0005807223780793791,0.00011210790538296322,-0.0006693584859309709,-0.0010324686406978367,-0.006802260957920581,-0.008128816482322776,-0.001431948012787454,-0.004445985934514951,-0.0023178008619266777,0.0004031501107777391,-0.001876513861039819,-0.007124145290988593,-0.0005467349262511245,-0.003743588444272583,-0.007680981156010902,-0.0018227648113833261,0.0004672902916234012,-0.001326850029835569,-0.00049715493933844,-0.0031603882430222274,-0.0041008901740510195,-0.007353789091667728,-0.008646224880691888,-0.0020059455489520595,0.0011235853221611691,2.4686750775604338e-05,-0.0007208216295939707,-0.0009206066752631692,-0.0011453235070659762,-0.0030047757665809804,0.02316937568092614
-0.004381843617899728,-0.0021947681129228513,-0.0015969195942847625,-0.000620427490156894,-0.0004027955507420744,-0.000739551206060729,-0.002219207962284253,-0.004680712663074904,-0.001789146328030844,-0.0018875785265916045,-0.007743499471287496,-0.00023623257961813415,-0.009057805111192807,-0.006594940144814987,-0.0033968451986539083,-0.0014709429569828014,-0.00292364913607579,-0.0013471038171559702,0.004237037206580085,-0.0031631773780975703,-0.00029012877052203567,-0.004140111702556459,-0.005960634294256528,-0.0012700301203328879,-0.001680997118136518,0.022995786369989224,0.029362912044156975,-0.004295062984396636,0.0034147889224944716,-0.0021092380477516492,0.004306867975443218,0.012839031508667054,0.009655808594618343,-0.0016234594795295765,-0.0005946365620871363,7.953017821882291e-05,-0.0006777001045848996,-0.001012284894837845,-0.006829835886784985,-0.008455856211960322,-0.0014397637383882778,-0.00447229699736551,-0.0023133496514722296,0.00023397445715711562,-0.0018400775491226318,-0.007154374318292689,-0.0005072566708799187,-0.003763069254926088,-0.007918495675786619,-0.0018071551875589176,0.0004407932272556536,-0.0013467448835126072,-0.00040598038479155996,-0.003114289824654226,-0.004140580955457329,-0.007902123751457601,-0.008709539180467463,-0.002037924318362694,0.0009006602854100265,6.3194206396666175e-06,-0.0007270261550921253,-0.0009527417901924462,-0.0011677076688809684,-0.002863302202131046,0.022463109825973993
-0.004396497092343132,-0.0022023471307039966,-0.0015755730097515297,-0.0006233751409404631,-0.00039990415211133,-0.0007382448455188761,-0.0022339678598344292,-0.004698946607040622,-0.0016643811146803689,-0.0018952667070223361,-0.007774915571918339,-0.000236575788076121,-0.009481297382506804,-0.006363701025178359,-0.0034218245201479425,-0.0014751575104310355,-0.00284712880729443,-0.0013522753048130776,0.004353334037991985,-0.0032234361262726274,-0.000290253509359073,-0.004056353813425173,-0.005999468065040592,-0.0012745789850350242,-0.001456997727397824,0.02243739501886388,0.029283095022859307,-0.00421040842094933,0.0036297215620904044,-0.002127506427064052,0.005749834336276516,0.014210857421739886,0.010239190348345195,-0.0016206903090911773,-0.000619738814418791,6.16687604366728e-05,-0.0007035959532927238,-0.0010272883548879674,-0.006853226961090253,-0.008574967291042013,-0.0014385732099462256,-0.004487592286455455,-0.0023291642275911073,0.00013550665874140222,-0.0018357752586865006,-0.0071896662649229,-0.0003510666531827411,-0.003774495322668159,-0.00812044185564098,-0.001750115231824112,0.0004122333030902592,-0.0013653325554449092,-0.0003161073300725903,-0.0029198231559225407,-0.00417595400508497,-0.008538416586216235,-0.008776386347276954,-0.002040750997082119,0.0006454486818849858,-1.0344153065222628e-06,-0.0007375662350489476,-0.0010027039215074751,-0.0011593454763122457,-0.0026538909778984765,0.02309923913245071
-0.004350156370616087,-0.0021643233774795156,-0.0015510960142752772,-0.000624682499064888,-0.0003947068541465537,-0.0007391154391942489,-0.002211344060880971,-0.00470466149580584,-0.0016509228643213358,-0.0019397868271935348,-0.007805636005002059,-0.0002351515568900231,-0.009843180316717381,-0.006050399886185276,-0.003449996360463947,-0.0014958967020027858,-0.0028687132578812946,-0.001367835669159878,0.0042691085794130945,-0.0032703150232153977,-0.0002890848892969089,-0.004000017184850324,-0.006046690041497382,-0.0012845112627544175,-0.0012490021366451387,0.022078839230755154,0.02924437629633525,-0.004119624672147659,0.003911218162205188,-0.002136832371041786,0.006355744177614531,0.016039526583093267,0.010393218401824056,-0.0016170196278537663,-0.0006644537392254124,3.9284286146079594e-05,-0.0007477527655345151,-0.0010416307632261645,-0.006944162675681542,-0.008542839533720925,-0.0014308031633951668,-0.004489931217174448,-0.002340628123229216,8.970013205145122e-05,-0.0018110028899142039,-0.0072011841805402765,-0.0002456873448207775,-0.0037758618608526584,-0.008265854693563113,-0.0017274494654825334,0.0003958075456229615,-0.0013624808977567016,-0.00033430481877561036,-0.0029608667738950656,-0.004203352689235995,-0.008949979387362195,-0.008842054616172934,-0.0020479366846992697,0.0004024116005478806,-5.978959621288915e-06,-0.0007494616650044472,-0.0010843134580106328,-0.0012261189335779354,-0.0024332789680723277,0.024515531195875795
-0.004300986386700734,-0.002136311696641746,-0.0015220067762860001,-0.0006259962870827085,-0.0003945572601135039,-0.0007392811914207487,-0.0022039819727387444,-0.004715808131769528,-0.0015794029446032365,-0.002063423073365822,-0.007840437608554018,-0.00024041571823973928,-0.010178851895102703,-0.005938044183120161,-0.003481299717220332,-0.00151585783417707,-0.002907327144912375,-0.0013892891815718844,0.003918139098313844,-0.0032741850567824526,-0.0002915478779056402,-0.0039589829652931785,-0.006092193546117564,-0.0013029484958507753,-0.0010799951490039206,0.022015188486386394,0.02918049502327813,-0.004038142476622819,0.004208515238670163,-0.0021447074253121423,0.007144960443385084,0.01799456718818493,0.010042561472400235,-0.0016059281532113667,-0.0006999084861613047,3.308096837750796e-05,-0.0007902926622643802,-0.001057069191706339,-0.0069793055837201745,-0.008329734181205639,-0.0014166896418560393,-0.004504190898360849,-0.0023514577793033453,0.00011532448365580983,-0.001733231200535701,-0.007197107140991865,-0.00011838449413381635,-0.0037750885800857947,-0.00835315130235137,-0.0017198845350983039,0.0003777856889803921,-0.0013654075092275342,-0.0003360325923619234,-0.0027958774975986866,-0.0042018239827302795,-0.009268933159029213,-0.00889349708385534,-0.002027937528193524,0.00018034740423589213,4.037012958590935e-06,-0.0007528212442454718,-0.0011112771323305015,-0.001271176651960526,-0.0022091808964763704,0.02592244789826026
-0.004370442816510778,-0.0020901981725572893,-0.001508442611527494,-0.0006286389331823239,-0.0003919352680543664,-0.0007437407052081069,-0.002218217240402276,-0.00472782766191937,-0.001569830730474342,-0.002216404682174322,-0.007884890317906845,-0.0002451663256124448,-0.010511593699309985,-0.0059564059692719384,-0.003503743294681616,-0.001535221850999413,-0.0029648138698986637,-0.0014281261331599016,0.003441132264204061,-0.0032620734786910077,-0.00029176083472370884,-0.003887595784764719,-0.006133286970311014,-0.0013244431798643541,-0.0009872903627047291,0.022009073359757325,0.029034167623040563,-0.0039836365762783155,0.004471644365542371,-0.002157529460763752,0.007652216575741999,0.019727992680941497,0.009228391597151608,-0.0016142232919120758,-0.0007145045584051601,4.463276237154368e-05,-0.000829597816109473,-0.0010523033074856247,-0.006985945796035953,-0.007996297243024975,-0.001398396605278851,-0.004481585349606965,-0.0023584767592578215,0.0001866097863789662,-0.0017484486995548165,-0.007189000568980419,-6.753123603553401e-05,-0.003769469271388992,-0.008362663071843635,-0.0017171451051207764,0.0003362085387037528,-0.0013521475684880047,-0.0002977139599116274,-0.002560845580920401,-0.00417223891544849,-0.010233395106170828,-0.008945173252988048,-0.002004305062666245,1.3796706457513963e-05,1.568075896418719e-05,-0.0007615118330830395,-0.0011238180182099322,-0.001336213150594956,-0.002170406574582673,0.027338756976859502
-0.0043622352653904795,-0.0020687841483519875,-0.0015100471701841034,-0.0006293362417519877,-0.00039798812793534477,-0.0007475409703201485,-0.0022678665026940603,-0.004740886356537244,-0.001583578093590332,-0.002445545209943001,-0.007934881342609557,-0.00025323619978778744,-0.010681914965827155,-0.005855792796417125,-0.0035281952002359507,-0.0015705698498666987,-0.002977224855088334,-0.0014505472902718308,0.0035506780098935042,-0.0032370873350466844,-0.0002923086948897202,-0.003878811256353254,-0.006176171884628379,-0.001331257036498501,-0.000963103187309633,0.022342744225192446,0.028880790243435372,-0.0039563109076868885,0.004662019140023066,-0.0021699032996059797,0.008624249556127728,0.020959051209356927,0.008008582779384543,-0.0016298655099452608,-0.0007181248110457172,6.442098973802324e-05,-0.0008541923567229048,-0.0010620757991531837,-0.0068833371290258905,-0.007655641442598338,-0.0013961838849220198,-0.004493541222478248,-0.002375659868227853,0.00018286603647554855,-0.0016521771001705154,-0.007155719700400964,-8.73017225067052e-06,-0.003766715304736379,-0.008313181479636333,-0.0017151387273828256,0.0002858919474892918,-0.0013563175669135674,-0.0002634169821695842,-0.002247195898293808,-0.004182498405817636,-0.010321672219220757,-0.008983295881967668,-0.001984508188815015,-8.010276358183521e-05,2.9220574539579047e-05,-0.0007658620756092471,-0.001116590105455284,-0.0013644349205280681,-0.002150507552261538,0.026659749431140245
-0.004416526654176467,-0.0021176960814580648,-0.0015113770388626158,-0.0006328007622146137,-0.00040163509467405767,-0.0007587665624974038,-0.002280719925390584,-0.004760026782040239,-0.0016553960110450294,-0.002580606207546743,-0.007992537908603436,-0.0002574976115681249,-0.010595198435362052,-0.005901200570061715,-0.003555695032297912,-0.0016023222421865935,-0.00303607609887091,-0.0014846966354008506,0.0032637720683277305,-0.0032318439060227133,-0.0002931007794055862,-0.0038373206784386715,-0.006214783640351218,-0.001347314364981922,-0.0010226161884447915,0.022470330500729885,0.028652822200560868,-0.003976930661930056,0.004775352784137654,-0.0021709103355026516,0.010408149608088557,0.021703951463618587,0.006592059512259274,-0.001640600432142758,-0.0007268392151674741,8.4290581165547e-05,-0.0008626510873022131,-0.0010971896280438376,-0.0066684043731723985,-0.007091216820291124,-0.0014120395812531328,-0.0045009541619976945,-0.0023912360299062074,0.0001618990917371388,-0.0016063648149666765,-0.0071227142602015014,1.6932528201785146e-05,-0.0037695605554176614,-0.008207222458810781,-0.0016920736690226867,0.00026984329361456894,-0.0013591244612440878,-0.00021080141640450467,-0.002129090963111091,-0.004181577553715066,-0.011033205692825732,-0.009016207762559514,-0.001937088029697276,-9.074642621542672e-05,2.9914700010236217e-05,-0.0007707212366134808,-0.001208222206003584,-0.001349730493223067,-0.0021078010264128366,0.025416195417234944
-0.004552983365733954,-0.0021738484993234497,-0.001528883677251125,-0.0006335296978235982,-0.000410991747547107,-0.0007722716926323869,-0.002323594479911817,-0.004780069086442351,-0.0016374973913243496,-0.0027370050925237255,-0.008057231834098788,-0.00026318889542364943,-0.010537537863266833,-0.005747464051788831,-0.0035677924826811314,-0.0016245741259820479,-0.00318733467296628,-0.0015178882222796064,0.003785363506294992,-0.0032141144922005482,-0.00029720783755937674,-0.0038129930980546067,-0.0062561151683815375,-0.001358754447963073,-0.0011685719120133609,0.022631818667776082,0.028364456368235258,-0.004042633956191866,0.004781324275787702,-0.0021668064890313365,0.011252188324202272,0.02178129999405476,0.0051684208426665545,-0.0016496847683526994,-0.0007345361209879497,9.066975531224486e-05,-0.000848595376560346,-0.0011083567896390534,-0.006442654421010885,-0.006374589869953984,-0.0014259493167687598,-0.0045399567568537025,-0.0024082452665412646,0.0001376473748231355,-0.0016192214603820698,-0.007080873811532884,7.535226409705054e-05,-0.003785622446311643,-0.008057718167155392,-0.001705179902879106,0.0002781420662778533,-0.0013482146604445466,-0.000216785492470839,-0.002080136370305019,-0.004128311090386028,-0.011364952376142212,-0.009023325014172023,-0.0018967576432287192,-2.6931654517059478e-05,4.484840812946089e-05,-0.0007683426625469947,-0.0013350595335795967,-0.0013441133003974093,-0.002160417419426075,0.024201192865809684
-0.00455077966101658,-0.002224326857013459,-0.00154943419704201,-0.0006384356932759294,-0.0004142281812682391,-0.0007861405241784691,-0.002366819518382024,-0.004803002363061637,-0.0016529583907533008,-0.0028964506751262276,-0.008119241594588322,-0.0002712151109840466,-0.010432212358022719,-0.005784543093251604,-0.0035878112897397285,-0.001640329740083657,-0.0031837983508755663,-0.0015311550142966812,0.0037371806679262765,-0.003223136893853118,-0.0003008940303166341,-0.003833633110857715,-0.0062993130444958245,-0.0013679630687740696,-0.0013696774157343494,0.02246382891075438,0.028039948674340343,-0.004153036989522296,0.004704082419536126,-0.002172140078034568,0.010571996503896619,0.021284258102224562,0.003935872921714045,-0.0016435143809420127,-0.0007528181549182333,0.00010385232447318593,-0.0008147838517593708,-0.0011434097285220046,-0.006089459645070017,-0.005726621600369852,-0.0014497017284463842,-0.004579436019049754,-0.002425353997825841,0.0001303608421254765,-0.001642346116183857,-0.007088072328529038,0.00014934408914513142,-0.0038044495479202523,-0.007906273529532215,-0.001750453888099246,0.00028370388521814505,-0.0013648505277177314,-0.0001526671260216883,-0.0019322587257977197,-0.004032310598922839,-0.01200553989452402,-0.009040834796708253,-0.001918108846581723,8.075956047282062e-05,5.876828013762214e-05,-0.00077167393712263,-0.0014568425312621036,-0.0013940058649087872,-0.002151379119669894,0.023214806196313997
-0.004582406469418987,-0.0022690951749626542,-0.0015912924667962347,-0.0006428189919572835,-0.0004165100204498451,-0.0008020342556919191,-0.0024140378665485906,-0.0048383124098945185,-0.001766502292958938,-0.003093979990851814,-0.008174968475733069,-0.0002755379898049526,-0.010484231161077995,-0.006047067666362316,-0.0036113059078433096,-0.0016667764035731558,-0.0031913565049253023,-0.001533654201246848,0.0040838822360151905,-0.003211054272283631,-0.00030499368964520546,-0.0038608202727637986,-0.006335595088722612,-0.001364996977362587,-0.0016046297866090242,0.02206405759573271,0.027834236389333578,-0.004279172532170139,0.004560672495794504,-0.002185175601543299,0.010231728748657964,0.020350578568030242,0.0030747295919850703,-0.0016495119273175485,-0.0007636577993048732,0.00012453555650870918,-0.0007696607158799162,-0.001167686275794777,-0.005704137318559677,-0.005082771834522215,-0.0014807481446341697,-0.004650244205913534,-0.00243856564483802,0.00011995969007894125,-0.0016077176208982857,-0.007052718254697443,0.00019723212173827775,-0.003830787372178457,-0.007789716731776641,-0.0017830578401946129,0.00028028027878623796,-0.0013681337428933515,-0.0001579892166895247,-0.0015497949312450743,-0.0040550880463159356,-0.012493375647250615,-0.009067129090036263,-0.0019513451890258438,0.00022780498943264504,6.0306502431828335e-05,-0.0007777031135819401,-0.001517304284755605,-0.0014460867609311645,-0.0021508109160131017,0.0241496368876728
-0.004627258046362437,-0.0023709037163477387,-0.0016213466621112227,-0.0006463130229525937,-0.00042097960942955037,-0.0008205021995179029,-0.002447157141526768,-0.004863727222375047,-0.0018285643982600686,-0.0032333800150902148,-0.008211923380538888,-0.00027917552394529643,-0.010269504889450776,-0.006252894791013652,-0.003639787647560677,-0.0016811053743972515,-0.0031366430075535634,-0.0015544089703111164,0.00420511123436107,-0.0031529490105288716,-0.00030856949949575885,-0.0038188613988916487,-0.006366222062299198,-0.0013635647337473245,-0.0018247311251369247,0.022225535952942188,0.027738961165221898,-0.004400756151896501,0.004386171368094827,-0.002193971072607548,0.008709601084582408,0.01920842652384147,0.0027107672432578056,-0.0016671403358831105,-0.0007741158413417937,0.00014769720979246337,-0.0007233258622182381,-0.0011891782449942045,-0.005303329015389324,-0.004245679920064527,-0.0014905244328006217,-0.004730109158471829,-0.0024609056204843993,3.576085987155864e-05,-0.0016665586447125458,-0.007065657819032234,0.00017523389006646184,-0.0038569891284921942,-0.0077354452675593155,-0.001822381111413085,0.00024763049783804725,-0.0013598576936958429,-0.00022589510903414656,-0.0011114413511168486,-0.003930381859980292,-0.013111772856159387,-0.009089749091613752,-0.001956419879165505,0.0004082144315356029,7.072034938038207e-05,-0.0007813175241000447,-0.0017382372529873846,-0.0014629550699178928,-0.002247118779722168,0.02509072916317523
-0.004582996501172443,-0.0024582553955384556,-0.0016344717799884334,-0.0006509589693938223,-0.00042604427904857634,-0.0008433179078332076,-0.002499521906259461,-0.004897454398335999,-0.0018761276354293255,-0.00345162454592296,-0.008247906096581326,-0.00027838929593104744,-0.0101135291787815,-0.006461026362895694,-0.003657862714595339,-0.0017093577648539249,-0.003044400073842657,-0.0015514190926181337,0.004364235418734763,-0.0031605783893848827,-0.00030530622298263754,-0.0037981584917053945,-0.0063886014146558034,-0.0013562738008715547,-0.0020228346615389636,0.022376486646546345,0.027764488977275237,-0.004515780520823354,0.004149422586217089,-0.002203494870565703,0.007562820899078115,0.01771873797524126,0.002853579918184801,-0.0016740104958055113,-0.0007768116531317037,0.000149259593484663,-0.0006614774812681024,-0.0012019679581305454,-0.0049969991753812115,-0.003468251458874083,-0.0015122074350253367,-0.004821649220241309,-0.0024786369128757535,-8.621169567279985e-05,-0.001638123571924055,-0.007091646698021203,6.734709497080438e-05,-0.0038941975194504153,-0.007761705323807044,-0.0018418055143852863,0.0002133594774753611,-0.00133855443754749,-0.00031678436531157317,-0.0009506178910810847,-0.00392510366000709,-0.013724458124782402,-0.009111746402277632,-0.0019881086464386133,0.0006110005224360116,6.588045008881771e-05,-0.0007808611671773491,-0.0019195110133579663,-0.0014658844082975353,-0.0023025824268916306,0.026031821438677216
-0.004539389114668335,-0.0025215697062528353,-0.0016512322812852753,-0.0006599705591001648,-0.0004324702925100343,-0.0008679727205277432,-0.00255295394389099,-0.004931137293748722,-0.001964649628159565,-0.003568612923721348,-0.008278213933586187,-0.00027443598856469187,-0.009800208067534899,-0.006561788027825699,-0.0036873630410489966,-0.001718807609045525,-0.002925345255506362,-0.001537430219850755,0.004833438414635127,-0.0031380771209678082,-0.000298629831904873,-0.0038199205896367605,-0.006418456779276105,-0.0013524665930648716,-0.0021462629397603905,0.022804511537986683,0.027801085391046865,-0.004588648933227524,0.003957180447948794,-0.002207499898617016,0.006161443127731037,0.016522664321486413,0.0035155202140577657,-0.0016797740474663314,-0.00076824012468657,0.00014412469791857951,-0.0006102557175045042,-0.0012225180571829863,-0.00458730716952005,-0.0027709242328637362,-0.0015333354735822535,-0.00488311914483619,-0.0025027911284126736,-0.00016380187368469912,-0.0016770596425061957,-0.007099222917899217,-2.7714533209932668e-05,-0.003932509071237988,-0.007859990725338939,-0.0018410998800472145,0.00014760158792936906,-0.0013338138528128374,-0.0003130563122336616,-0.000827379412830398,-0.003889326980496821,-0.013899908056362986,-0.00915560670757365,-0.0020152114836106128,0.0007497786347321345,5.652719458781874e-05,-0.000779134508186341,-0.00200901371812634,-0.001472697633193465,-0.0024726900882428016,0.02672592144400321
-0.004546351797951265,-0.002624005241272709,-0.0016626434567592607,-0.0006662758869471208,-0.0004371804677527624,-0.0008819373875467162,-0.0025532317844324526,-0.0049615435079797265,-0.0019324353948784179,-0.003607640005838908,-0.00829800552866189,-0.00026912278411594937,-0.009349987611118493,-0.006804283592514726,-0.003714953063451154,-0.0017306220726043264,-0.0028736045022174084,-0.0015362937152572087,0.004939486518700242,-0.003094857427068609,-0.00029428339255521685,-0.0038478347612863617,-0.006441942076039542,-0.0013503714520695098,-0.0022083650055970683,0.02321611279255542,0.02798154429926547,-0.004632802356154153,0.003831682436615802,-0.002211736003062348,0.004538034979788774,0.0158333360039582,0.004563153781428575,-0.001697296089107958,-0.0007519498886213727,0.0001662981514731765,-0.0005725461955143896,-0.001238421240552845,-0.004094271385086001,-0.002213520575479855,-0.0015437451751240117,-0.004862351903222817,-0.0025289071589408296,-0.00022675128927807098,-0.001612844053754059,-0.007098354413444308,-0.0001214741597663771,-0.003950678380431172,-0.00801485320013906,-0.0018319414975694892,0.00011073371003944565,-0.001319735840703995,-0.0004599550030501831,-0.0007228216078157823,-0.0037448635459863544,-0.014086558570049923,-0.009218317967456868,-0.0020622552928102333,0.000803360013447163,4.323647286930132e-05,-0.0007794832121383877,-0.002110810214277059,-0.0014346607319978277,-0.002732528636351539,0.02672592144400321
-0.004542220503131689,-0.002654871397715808,-0.0016586747711125893,-0.0006723519890857732,-0.00044145708729559363,-0.0008906529263145169,-0.002565303475621672,-0.004979580094019775,-0.0019154669205283525,-0.0037875640898197283,-0.008325475528104809,-0.0002661392434357701,-0.008425684961276603,-0.007266999578912192,-0.0037353782409175196,-0.0017534157478137358,-0.00286265328597346,-0.0015450942194228379,0.005043037558742025,-0.003069161521882413,-0.00030092220580202333,-0.0038621554424193016,-0.006469698909140953,-0.0013493945506689586,-0.0021812392187188223,0.023308177266970098,0.028089404896133763,-0.0046501934093973185,0.003773657358876914,-0.0022155685035483152,0.00245177072299807,0.015658518558941736,0.005810382356544963,-0.0016920604912815662,-0.0007422480269325682,0.00019788991019376034,-0.0005493844367269185,-0.0012510794728110008,-0.0035661739976565743,-0.001780709535989744,-0.001546360109850986,-0.004832846354363096,-0.0025437722185917,-0.00021971631103290257,-0.001596412298911165,-0.007031199500754037,-0.00016381866027948,-0.003963034080578964,-0.008215160790813858,-0.0018605860235129112,0.00011215151526999811,-0.0013091325810042909,-0.00036519949464242085,-0.0005533685472730587,-0.003717486759153288,-0.013858137619399247,-0.009282647556427492,-0.002107916895079387,0.000795581766832143,3.907788263846079e-05,-0.0007830857471976538,-0.0022143393908101716,-0.0014246849304266895,-0.0029302778743239832,0.02672592144400321
-0.004520713086467731,-0.0026245748911148947,-0.0016528571626049926,-0.0006780937635459949,-0.0004470500885587203,-0.0008929134449010556,-0.002555445073320506,-0.004992610914906326,-0.0019882661578494165,-0.003910695534367625,-0.008349995344076988,-0.0002668514173023162,-0.007740196109423003,-0.007710520183690006,-0.003764283959741377,-0.0017586320216920193,-0.002889043705220584,-0.0015631847079099481,0.005090092415292569,-0.0030796954089287176,-0.00030153835917945404,-0.003900602836540701,-0.0065013288556189375,-0.001356145426498978,-0.0020810709220314694,0.02337320219258099,0.028148146191114165,-0.004627299589518574,0.0037828867481697337,-0.0022264883535041413,0.0011363848799876841,0.016031415760076273,0.00707197751362898,-0.001693389535356582,-0.0007269645198485497,0.0002324330014686904,-0.0005445903291733112,-0.0012771573916985357,-0.003062781204659859,-0.001456673978476375,-0.0015413216732284019,-0.0048593708533538615,-0.002559129595574139,-0.00018756052836466086,-0.0016302839351480802,-0.0070084713384034325,-0.00030245852936749973,-0.003966634044530015,-0.008417027840648683,-0.0019064823850488688,0.00013564877552929566,-0.00130529745427177,-0.0004302581906954206,-0.00028663139915485747,-0.003701187438163722,-0.013701220083176535,-0.009349750445270644,-0.0021638462607295184,0.0007519500996624462,3.3425131175768286e-05,-0.0007851060187263892,-0.0023658325967494953,-0.0014608345376406762,-0.0031320066165152483,0.02672592144400321
-0.0044346996961605045,-0.00253182105218297,-0.0016515154097395124,-0.0006868435762077407,-0.00045085061612815114,-0.0008908066424514471,-0.0025531649166621317,-0.004991729926426491,-0.0019810059199469876,-0.00390593262381822,-0.008386475153058903,-0.0002611175237582364,-0.007078258631745382,-0.008137528855111764,-0.0037888542615301946,-0.0017730787598889686,-0.0029849929184951884,-0.0015781648486125066,0.005277593378468337,-0.0030744136040622427,-0.0003015763629560242,-0.0039240168616186955,-0.006536201911151451,-0.0013729994458792083,-0.0019424749287125787,0.02361302462054793,0.028420652210976005,-0.004591839845182966,0.0038529598340073523,-0.0022360838273872696,0.0007401248727278986,0.016838092538528304,0.00819739582627843,-0.0016877018885347317,-0.0007552001786849116,0.00025100064684524526,-0.0005528165560017007,-0.0012863515549343951,-0.002567096005558489,-0.0013498244685655747,-0.0015334008066980598,-0.004857762149581335,-0.0025649842500092834,-0.00011998915581523661,-0.0016175877680668638,-0.006986182028146604,-0.00042644701462590806,-0.003947962880306188,-0.00861283056022244,-0.0019435177428819284,0.00014207599450921649,-0.001283160025193908,-0.0004257470788472384,-0.00029059190836111526,-0.003665445890453811,-0.013317290589938358,-0.00940222613728059,-0.0021950349297172878,0.000695346795406282,2.39305230234077e-05,-0.0007874245309478223,-0.002508509063206099,-0.0014148478054819558,-0.0033736739414862438,0.027655715643768453
-0.004360703745651118,-0.0024418051580248346,-0.0016468154070753416,-0.0006950689238780505,-0.00045348748367768366,-0.0008842329568367058,-0.0025640611037093253,-0.004993549118932794,-0.0019031860419645996,-0.004000079764542752,-0.008429990338310933,-0.000262814242506737,-0.0067555233112387425,-0.00854122624476883,-0.0038222688579213626,-0.0017821525242985858,-0.0029779312745782383,-0.0016106923451595367,0.005438424966287547,-0.0030786047733480926,-0.0003053025787850272,-0.003954295812754749,-0.006575866177147005,-0.001393264864849586,-0.0018097862258630304,0.023402846554596568,0.028624425006431142,-0.0045589029178028095,0.003959850991250624,-0.0022450923917087806,0.0008493170585732734,0.01792421916697795,0.00905526006764834,-0.001676010707243103,-0.0007771340444645558,0.00027513804617496085,-0.0005724842926082552,-0.0012941928657979052,-0.0020432230551020725,-0.0013183325525811807,-0.0015229222742826343,-0.0048250293635023755,-0.0025727478350794364,7.532381955899226e-05,-0.0015460537914707695,-0.006982807682382242,-0.0005483720586110241,-0.003922495405617621,-0.008753794681884197,-0.0020026485395594484,0.00013856125754285742,-0.0012799542350853121,-0.00048636267276214173,-0.0002107861961306856,-0.0035188010375637457,-0.013256111704621487,-0.009461333170908581,-0.0021417733684264695,0.0006252266974169363,1.9058485950740334e-05,-0.0007868011139977593,-0.002604770839142345,-0.0013498991858826859,-0.0036426261048593256,0.029756630260432626
-0.004345664851033271,-0.002329155171006403,-0.0016379966721103978,-0.0007000439201262365,-0.00045920812427557856,-0.0008817842085856453,-0.0025634983889299967,-0.004999783827999704,-0.0019976518919360142,-0.00400785669342818,-0.008482162834543394,-0.0002653501483581566,-0.006603405186417222,-0.00871777478367941,-0.0038554047755222642,-0.0017940379463069478,-0.00312770454291611,-0.0016252692767507737,0.005540520937272975,-0.003059419218271242,-0.0003041225844089279,-0.0040228930477649305,-0.006616207509640426,-0.0014120000551709477,-0.001710052934012385,0.023137073248591156,0.028687696568121757,-0.004537452537436537,0.004062731080330506,-0.002260712354455685,0.0006271663825228035,0.019037712339466717,0.00955719569646818,-0.0016527134507174912,-0.0008194544352790878,0.0002845327585301316,-0.0006083930348135258,-0.0012975309249244615,-0.001559218760648906,-0.001277501752417587,-0.0015049890348242112,-0.004750836176024009,-0.0025785677647434113,0.00026671751487383766,-0.0014856221035700612,-0.006982307714229585,-0.0006442818033560727,-0.003892796302211843,-0.00883717787193572,-0.0020452707718269236,0.00013863692762394741,-0.0012539819595244195,-0.00042627963561747695,0.00015548079896077205,-0.0034312162939501567,-0.013286752336239771,-0.009506380354366906,-0.00212442184010464,0.0005470301548435863,3.0030777092626693e-05,-0.0007894429125229196,-0.0026654182552711125,-0.0013156976702698442,-0.003965220809056924,0.03188594320300808
-0.004325043319338029,-0.0022290150858080837,-0.0016312237577841282,-0.0007042398945730222,-0.00046556625973070975,-0.0008829149798741387,-0.002561671629302764,-0.0050137274590499326,-0.0021406195913101778,-0.0038788210454760996,-0.008535113847146336,-0.0002678963103706078,-0.0063303104948972955,-0.008646924824689761,-0.003887758305046507,-0.0018013829973193562,-0.0033103224438175705,-0.0016395054789054564,0.005545248271505265,-0.003036561232541035,-0.00030923712913799584,-0.004061120566410947,-0.006657287704914139,-0.0014304457712397411,-0.0016543281297319856,0.02265204084232786,0.0286854085317505,-0.004536582815902412,0.0041315038337930154,-0.002274585978975341,0.0010038309059356987,0.019905024530836535,0.00971613146027095,-0.0016378766835940528,-0.0008460796759262035,0.00030504776206763395,-0.0006486976708656167,-0.0012970579129039095,-0.0011320360149025266,-0.001320610295523883,-0.0014816053034597543,-0.004671138198587554,-0.0025753615108508043,0.00047766243418378984,-0.0014256449333781562,-0.006980869771211817,-0.0007516239300624505,-0.0038844967938260755,-0.008858092530830919,-0.0021056810454557207,0.00014437436553205174,-0.0012214420307083973,-0.000477336115749627,0.0004976646698604537,-0.00330630739727078,-0.012871343710895045,-0.009547711710650497,-0.0020684515317505037,0.0004916262408916072,2.8992990221743398e-05,-0.0007915979065201695,-0.0027992759459080085,-0.0012987573515110817,-0.004176573977027087,0.034022351473267376
-0.004262094042029707,-0.0021311105086794235,-0.0016338431135162201,-0.0007109410225601964,-0.00046998603488912494,-0.000886421040660057,-0.0025762123766949196,-0.005033802061270909,-0.0023041881089634897,-0.003884990496209828,-0.008596631305179292,-0.00026587561346747,-0.005888254708351193,-0.008567881919635534,-0.003914491462112424,-0.0018148545062413035,-0.0034082002802897637,-0.0016704865362716648,0.005609908642620898,-0.0030264309791344646,-0.0003148902578932189,-0.00405745585456585,-0.006696443050508427,-0.0014509939240421321,-0.0016492006464262632,0.02232268795347525,0.028674948017640256,-0.004556506005911842,0.004165745939408216,-0.0022932835650210093,0.0008235994060610263,0.020568310061463757,0.009487727425341097,-0.001629162566038067,-0.0008668969535148285,0.0003024096569312906,-0.0006793276515634217,-0.0013130053200486325,-0.0008196141857187422,-0.0014794661564835332,-0.0014592469286476284,-0.004588672837356866,-0.0025813273590978847,0.0006902311380712067,-0.0013813415546822805,-0.0070053992742931115,-0.0008723527757507066,-0.003881594183634318,-0.008818495171697971,-0.002170499826355199,0.0001237111288829862,-0.0011799821686172551,-0.0006145311624183858,0.0004286660008110399,-0.0031792580377670854,-0.012332902894532372,-0.009588133767972074,-0.002026753315178098,0.00046942249615988807,2.7326246572201285e-05,-0.0007908480114678929,-0.002914382336935195,-0.0012911131992388025,-0.004419319808059541,0.03387756935512676
-0.004233819785131487,-0.0020615334168909705,-0.0016504495598833602,-0.0007205956284216386,-0.0004724050642332944,-0.0008928417655406085,-0.0025903777839311193,-0.0050602212406930525,-0.0024908110581512988,-0.003844765540259587,-0.008663412163484985,-0.0002701595654933664,-0.005692962939192192,-0.008939951061283202,-0.003956117581874863,-0.0018217936985762684,-0.00353387221034962,-0.0016802250257870188,0.005617632559973718,-0.0029803037799890353,-0.0003195166063340027,-0.004092817822889283,-0.006740801208274916,-0.001474395553446195,-0.0017198417096713214,0.022000052149373728,0.028643916706026618,-0.004606177330208849,0.004112712575236932,-0.0023076529398007306,0.0008705229158512129,0.02068981885682364,0.009150192468851515,-0.0016113126188300742,-0.0008932451878207459,0.0003124781827124057,-0.0006897342409115659,-0.0013320826103738748,-0.0005382804685003517,-0.001680405164350307,-0.0014437774846974838,-0.004592785650611275,-0.0025852192667500384,0.0009001755877509066,-0.0013403011039807566,-0.007078861904677991,-0.0009293816851358994,-0.0038804622468832095,-0.008730120208833347,-0.0022523464044468255,9.747401323179083e-05,-0.0011569878664667854,-0.0006489038564271299,0.00014810794579656061,-0.0030895577133216445,-0.011528051394233185,-0.009621670695422524,-0.001957436310438876,0.0004936525151337801,2.9693427141763706e-05,-0.0007909840286290937,-0.0029396039608760027,-0.0012827302729595536,-0.004615988738496335,0.03198621362517318
-0.0041540347419397605,-0.00200736853982042,-0.001661821637084282,-0.0007302404956733843,-0.0004706440045239013,-0.0009010439827240591,-0.002597724222575204,-0.005076605023543568,-0.002653126285965257,-0.003786201053780136,-0.008726455942094424,-0.00027344382148974944,-0.005977642611359135,-0.009047821827398939,-0.004003723784876345,-0.0018284748859891398,-0.0036094470697043413,-0.0016976941139020818,0.005484140374208968,-0.0030100190532740267,-0.00032048974910614536,-0.00412189068173241,-0.006778402180848797,-0.0014948088403921034,-0.0018137304497243267,0.021883182477311802,0.028828261910285757,-0.004667304231072311,0.004023961100962925,-0.0023184483290816793,0.0009991829186690726,0.020590264609701592,0.008588137998034151,-0.0016041159095296909,-0.000908528512716833,0.00033134729369632687,-0.0006934512544783944,-0.0013371462072204743,-0.00031678892555986327,-0.0018275664625519994,-0.0014301100938195477,-0.0046037314813539565,-0.0025904843040917003,0.0011112988017358827,-0.0012931329365826194,-0.007158189024575101,-0.001013391753839743,-0.0038763075660157575,-0.008649539039639609,-0.0023467891982363875,6.537391715943919e-05,-0.0011474586980424473,-0.0007084345384774648,-0.0002619256240916634,-0.0030985946374132434,-0.011736010827860355,-0.009660242478950587,-0.0019225986880805346,0.0005657204676432492,3.373160861164237e-05,-0.0007973732785279131,-0.002985871451315125,-0.0012624519703348103,-0.004868761463273863,0.030082215620712782
-0.004118803043628549,-0.0019515606539413088,-0.0016601005537023594,-0.0007339504887313719,-0.0004701320821745014,-0.0008997947944525686,-0.002599818441362811,-0.005080721210547479,-0.0026699898801604283,-0.0037218616057900222,-0.008744368316969342,-0.0002732748153134734,-0.006090506483673597,-0.009016687470449036,-0.004025993269759387,-0.0018290321686537103,-0.003599231321495755,-0.0016883018734752397,0.005571972588297669,-0.003011202592450135,-0.0003195827526278894,-0.004141773208755972,-0.006793734094521775,-0.0014993548344428564,-0.001747224782580159,0.021972565897210528,0.0289505519887856,-0.004647885063123414,0.004036089313110169,-0.002326606323816649,0.0010535039458761108,0.02086421521779802,0.009176141780949942,-0.0016002690165372035,-0.0009339495715265933,0.00033184069893255064,-0.0007002318483457781,-0.0013485280169990288,-0.00010608012537893785,-0.0019918565480846473,-0.0014245234787525485,-0.004601594768882333,-0.002594182494752073,0.001143753148030724,-0.001269960827167349,-0.007190876082850406,-0.0010506270984868005,-0.0038807709494332876,-0.008740664319539793,-0.002379812063640019,5.1173462565667904e-05,-0.0011380192462961958,-0.0007478814104968645,-0.0004053006821843619,-0.003091773809431708,-0.01189616595300147,-0.009692565972907352,-0.0019147454430404887,0.000512614607939943,2.6928803827042103e-05,-0.000798834665164394,-0.0030003794177345666,-0.0012620233879087062,-0.004995973165056067,0.028178217616252388
-0.0040483032891383,-0.0018444665990778875,-0.0016577462826072864,-0.0007414074916380908,-0.0004689737784557835,-0.0008972217467242416,-0.0026022788755103443,-0.005089779397828176,-0.002691268537253655,-0.0035904369460649788,-0.008780929847377883,-0.000273223895940089,-0.006333587904432614,-0.008929486175409118,-0.004069872744836167,-0.0018299996463370105,-0.0035752943506410784,-0.0016678603098616573,0.005737684758079009,-0.0030129297315174552,-0.0003175098494787587,-0.004182753321865795,-0.006823601378421085,-0.0015080140503752615,-0.0016225324298935195,0.022193645425536035,0.02922180543039765,-0.004613196374649853,0.004054745930183179,-0.0023422205724523693,0.0012198373790590633,0.02136692049279909,0.010315438414219003,-0.0015930121280379739,-0.0009845587998243976,0.0003322430874079796,-0.0007125458333786527,-0.0013709383323442514,0.0002955155213557603,-0.002324265700610284,-0.0014144879534666588,-0.004602270915755047,-0.002602409767447411,0.001197745157102359,-0.0012222606060598995,-0.007258648891840469,-0.0011217795529607777,-0.00389178189630357,-0.008915887079589235,-0.0024433508718321173,2.33344483890896e-05,-0.0011214512904588192,-0.0008221233882917955,-0.0006949613762563533,-0.0030896757490032067,-0.012241877624924125,-0.009757462225029268,-0.0018985676926372985,0.00040848108076629863,1.2962091490598127e-05,-0.0008021268478622945,-0.00302279389354132,-0.001261908613712892,-0.0052234457255218025,0.02869738461457305
-0.003978675490567185,-0.001747072936375993,-0.0016575879363975865,-0.0007489147794567108,-0.00046776968202122404,-0.0008948742915357855,-0.002602410632519536,-0.0051006267321583865,-0.0026958466897777367,-0.003459730981965059,-0.008819292438894899,-0.0002736930569627871,-0.006585725047495439,-0.008813357152191337,-0.00411227283539517,-0.001831134890658892,-0.003549856997767442,-0.0016461103209631789,0.005881875752070442,-0.003013146956716395,-0.000315209881915135,-0.00422518731654431,-0.006852456714008359,-0.0015162377416660933,-0.0015176167602748425,0.022465707994659523,0.029528367771470165,-0.0045881785116675955,0.004061567736838745,-0.0023565649603300987,0.001461508803681566,0.021778118663851043,0.011355972095162592,-0.0015864712371883583,-0.0010334533159670478,0.0003323121844680532,-0.0007224522328334038,-0.0013923152467998356,0.0006635731375048692,-0.0026486699654573176,-0.0014063250804877692,-0.004610509228779147,-0.0026119706842530066,0.0012372770832096425,-0.0011726386861674598,-0.00732870659746554,-0.0011885484758006326,-0.003905667278445213,-0.009073384278094787,-0.002502691112318489,-3.1144045975484147e-06,-0.0011085740439414904,-0.0008875020433932734,-0.0009792546408774472,-0.003103635891069545,-0.012608088304549736,-0.00982182349913252,-0.0018812455773835612,0.0003127771775068844,-9.732538163165216e-07,-0.0008059675824344525,-0.0030367907759450974,-0.0012623846395074523,-0.005407246989951098,0.03018583803221553
-0.003911024167710941,-0.0016637853895005161,-0.0016605199919685898,-0.0007564734673196627,-0.0004666799761466889,-0.0008931426139340282,-0.0026001841054120733,-0.005114088888863888,-0.002683601382428402,-0.0033349993703372105,-0.008860438515898794,-0.00027484704619284983,-0.006830018897922341,-0.008673479256909644,-0.004152473471619289,-0.0018328745619210496,-0.003526727563655352,-0.0016241331289589267,0.005994643772654795,-0.0030110662743635386,-0.0003128246290510228,-0.004268875756276436,-0.006880360232926819,-0.0015241957143196094,-0.0014428994229443992,0.02278223295178683,0.02986993243587155,-0.004577797028989861,0.0040513126520265175,-0.002369238439978383,0.001776617603335584,0.022060314712017748,0.012237964772985332,-0.0015808065052957954,-0.0010789480883861557,0.0003325831155061021,-0.0007290574684425399,-0.0014119839661403955,0.0009895622120663639,-0.0029493371071773744,-0.0014004617149302456,-0.00462746499253297,-0.002623136192005937,0.0012624635203206669,-0.0011209586326943466,-0.007399953167888773,-0.0012509828048606897,-0.0039225417302301,-0.009203129720907088,-0.002556805580138044,-2.7403935088599063e-05,-0.0011001188417827379,-0.0009408242146642376,-0.0012470826361885567,-0.0031344543258712276,-0.0129787545266008,-0.009884608998963706,-0.0018621598760779623,0.0002322933391838422,-1.426182733621495e-05,-0.0008104240761538373,-0.003042831284217451,-0.0012629726003338115,-0.005538092752161217,0.033100775602690424
-0.0038464538403647497,-0.00159900968211657,-0.0016674369262156263,-0.0007640846703595994,-0.0004658648441083768,-0.0008924168989660197,-0.0025955696872094203,-0.005130991543270458,-0.002654409659900492,-0.0032214977680277146,-0.00890535050276764,-0.0002768506114425584,-0.007049570440772701,-0.008515031345677437,-0.0041897545836911965,-0.0018356553204246229,-0.0035097143490849803,-0.001603009956027912,0.006066087022214894,-0.003005899690775693,-0.00031049587000087087,-0.004313619204547203,-0.006907372066820017,-0.0015320577743395125,-0.001408802067122239,0.023136699644123127,0.030246192847470432,-0.004587017481430311,0.004018738594695037,-0.002379839963925545,0.0021632631616130826,0.022176013618363077,0.012901638396891846,-0.0015761780936672798,-0.0011193580855134444,0.00033359100591634494,-0.000731467961938792,-0.001429269696140656,0.001264952234037997,-0.003210534890322414,-0.0013973247119086762,-0.004654293491594852,-0.002636177237543169,0.0012734190624037467,-0.0010670840108448765,-0.007471292571273325,-0.0013091314779956065,-0.003942519886030227,-0.009295097213876224,-0.0026046670703302466,-4.876498177941446e-05,-0.0010968170190222004,-0.0009788967409666283,-0.0014873475223303734,-0.0031829311436489816,-0.013337832825799034,-0.00994477792826931,-0.0018406913675195202,0.00017382000681953613,-2.6288224311610264e-05,-0.0008155635362933067,-0.0030413766376294893,-0.0012631936312333947,-0.005606698805969312,0.03262669881627134
-0.003786069028323902,-0.0015571515378890455,-0.0016792332160336931,-0.0007717495037089517,-0.0004654844691821536,-0.000893087331678255,-0.0025885377709334856,-0.00515216037070354,-0.00260814856688929,-0.0031244818318830747,-0.008955010823879839,-0.000279868500523639,-0.007227480661106789,-0.00834319227460878,-0.004223396101793786,-0.0018399138264715287,-0.003502625654836722,-0.0015838220243488133,0.0060863037031335665,-0.0029968592122696647,-0.0003083653838784617,-0.004359218224841865,-0.006933552347331284,-0.0015399937277301712,-0.0014257463420290772,0.02352258741887514,0.030656842430134557,-0.004620805423802499,0.0039586034837946205,-0.0023879684846999094,0.002619544862106471,0.022087720363950902,0.013287214916086532,-0.0015727461636100282,-0.0011529982757803037,0.0003358709810923344,-0.0007287901350552239,-0.00144349764257512,0.0014812126924172997,-0.003416531079444396,-0.001397340926537538,-0.004692150010543239,-0.0026513647677015584,0.0012702583034269743,-0.001010878385822922,-0.007541628775782683,-0.0013630434330592633,-0.003965716380218032,-0.009339260562852614,-0.0026452483779337843,-6.642838336401446e-05,-0.0010993999106988506,-0.0009985264611634959,-0.0016889514594441435,-0.0032498664346437556,-0.013669279736866602,-0.010001289490795706,-0.0018162208305073646,0.00014414762143655224,-3.6437039985015574e-05,-0.0008214531701260519,-0.003032888055452765,-0.0012625688672477375,-0.005603780945192094,0.032143110547417475
-0.0037309742513838007,-0.0015426166804829444,-0.0016968033383182313,-0.0007794690825002615,-0.00046569903464432905,-0.0008955440971177842,-0.0025790587496057338,-0.0051784210464891345,-0.0025446951480900815,-0.0030492072187495722,-0.009010401903613463,-0.0002840654612477067,-0.00734685054398454,-0.008163140899817067,-0.004252677956109618,-0.0018460867403631287,-0.0035092697816909713,-0.0015676505561005305,0.006045392017794082,-0.0029831568451619273,-0.00030657494979813293,-0.004405473380645453,-0.00695896120610362,-0.001548173380495399,-0.0015041538968847412,0.02393337562324782,0.031101574607732996,-0.004684126410920086,0.0038656652382738077,-0.002393222954829799,0.003143562088407492,0.021757939929845316,0.013334916279774678,-0.0015706708764313682,-0.0011781836276182345,0.00033995816642784504,-0.0007201304095243444,-0.0014539930112184019,0.0016298130762024687,-0.0035515934390950576,-0.001400937213931197,-0.004742189833956356,-0.0026689697293180714,0.0012530958373588863,-0.0009522053228329108,-0.007609865749579781,-0.0014127676079063178,-0.003992245847165399,-0.009325593573687008,-0.0026775222979879,-7.962497853764017e-05,-0.001108598851851883,-0.0009965202141171137,-0.0018407966076703364,-0.0033360602890959434,-0.013957051794525777,-0.010053102890289378,-0.0017881290438399589,0.00015006662405658844,-4.409286959883296e-05,-0.0008281601849245979,-0.003017826756958608,-0.001260619443418265,-0.0055200549636470475,0.03166905077617277
-0.0036822740293398493,-0.0015598108335633798,-0.0017210417699642377,-0.0007872445218660706,-0.00046666872377065793,-0.000900177380331435,-0.0025671030162481845,-0.005210599245952907,-0.0024639264481980394,-0.0030009295854739326,-0.009072506166346694,-0.0002896062414269318,-0.007390781074465558,-0.007980056077416364,-0.004276880076821699,-0.0018546107224013397,-0.003533455030427901,-0.0015555767734620751,0.0059334501685792684,-0.0029640045957692873,-0.00030526634687422227,-0.004452185235443107,-0.006983658774780799,-0.0015567665386391205,-0.0016544463809098353,0.02436254360444745,0.03158008280413327,-0.004781945997596182,0.0037346817770822494,-0.0023952023268438705,0.0037334142241085555,0.021149177297109523,0.012984964437160462,-0.0015701123934384054,-0.0011932291094591818,0.00034638768731642955,-0.0007045952070786621,-0.0014600810078453375,0.001702222874391035,-0.0035999897338260256,-0.0014085404292041304,-0.004805568246412761,-0.0026892630692292308,0.001222046258167131,-0.0008909283870788265,-0.0076749074608281065,-0.0014583529403907614,-0.004022222921244323,-0.009244070052229159,-0.002700461625531614,-8.758560599486653e-05,-0.0011251451775204924,-0.000969684838689977,-0.0019317851271504205,-0.003442312797246494,-0.014185105533498388,-0.0100991773304967,-0.0017557967863167656,0.00019836745570245284,-4.864030839568656e-05,-0.0008357517879621357,-0.0029966539614184606,-0.0012568664947866237,-0.005346236655151326,0.031595902541845744
-0.0036410728819872284,-0.0016131397207952425,-0.0017528429878671536,-0.000795076936938921,-0.00046855371983722804,-0.0009073773663661466,-0.002552640963882302,-0.0052495206444204134,-0.0023657195119083374,-0.0029849045889023262,-0.009142306036457604,-0.0002966555888729294,-0.007342373237610222,-0.007799116663520067,-0.004295282394112809,-0.0018659224328873014,-0.003578989701828017,-0.0015486818986123474,0.0057405763578719515,-0.0029386144704085515,-0.0003045813542208453,-0.0044991543527196365,-0.00700770518500593,-0.0015659430081655934,-0.0018870454433246309,0.0248035707096792,0.03209206044320445,-0.00491922973864467,0.003560411019169152,-0.0023935055532702254,0.004387200652801626,0.020223937446807838,0.012177581337448506,-0.0015712308759382454,-0.0011964496897343135,0.00035569466915230663,-0.000681290949451463,-0.0014610868382302078,0.0016899115759807515,-0.0035459877281892593,-0.001420577427470704,-0.00488344053249079,-0.002712515734272447,0.0011772241598202449,-0.0008269111437649856,-0.007735657877690594,-0.0014998483683671404,-0.004055762236827132,-0.009084663804329929,-0.00271303915560428,-8.954110442993546e-05,-0.0011497702227436513,-0.0009148271737445812,-0.0019508191780248652,-0.003569424049336023,-0.014337397488506487,-0.010138472015164157,-0.0017186048367361373,0.0002958405573960654,-4.946395161797845e-05,-0.0008442951865115234,-0.002969830888103764,-0.0012508311563943497,-0.005073041813521972,0.03328487978864425
-0.0036084753291216742,-0.0017070090658436454,-0.001793101468921865,-0.0008029674428512434,-0.00047151420612001615,-0.000917534240268636,-0.0025356429855297735,-0.005296010917217431,-0.00224995138391626,-0.0030063878858811455,-0.009220783938324484,-0.0003053782513974257,-0.007184728018478137,-0.007625501514242128,-0.0043071648381656225,-0.0018804585321228195,-0.0036496820966714916,-0.0015480471537303586,0.00545686878805518,-0.0029061984753960823,-0.00030466175095200665,-0.004546181295960294,-0.0070311605684224565,-0.0015758725950788532,-0.002212372733349288,0.0252499362861498,0.032637200948814726,-0.0051009431888791035,0.0033376108834839435,-0.0023877315866374094,0.005103020758079113,0.018944725360004133,0.010852988929843654,-0.001574186485238327,-0.0011861603368756857,0.00036841423732880685,-0.0006493240583751447,-0.001456335708148182,0.001584348669969815,-0.0033738551867367184,-0.0014374750638456169,-0.00497696197676889,-0.002738998671284465,0.0011187441362865425,-0.0007600171580955939,-0.007791020968330731,-0.0015373028296896685,-0.0040929784282855985,-0.008837348635839404,-0.0027142276832446965,-8.472231253797702e-05,-0.0011832053225608874,-0.0008287540581436437,-0.0018868009204346947,-0.0037181941356052572,-0.014397884194272459,-0.010169946148038345,-0.0016759339738974255,0.00044927637015979016,-4.594839450833277e-05,-0.000853857587845841,-0.002937818756285626,-0.0012420345632826457,-0.004691186232575806,0.034951550141932186
-0.0035855858905380344,-0.0018458245923733685,-0.0018427116900239238,-0.0008109171547355798,-0.0004757103658952211,-0.0009310381870857309,-0.002516079474212174,-0.0053508957396696255,-0.0021164991089169805,-0.003070635133257227,-0.009308922296325517,-0.0003159389768122578,-0.006900946402129016,-0.007464389485696055,-0.00431180733916281,-0.0018986556804093668,-0.0037493405157389414,-0.001554753760994787,0.005072425661512003,-0.0028659686170489085,-0.00030564931618204394,-0.004593066628650222,-0.007054085056673709,-0.0015867251053827136,-0.0026408499002040786,0.02569511968106397,0.03321519774483228,-0.005332051903112811,0.003061039288975831,-0.002377479379473968,0.005878973923532982,0.017274046017761613,0.008951409163550528,-0.0015791393826455336,-0.001160676019314355,0.0003850815172399269,-0.0006078009555824382,-0.001445152823373208,0.0013770036453553125,-0.003067859874020029,-0.0014596601934431241,-0.005087287863825063,-0.002768982827101918,0.0010467207815338941,-0.0006901099952746348,-0.007839900700911673,-0.00157076526221267,-0.004133986129992162,-0.008492098352608002,-0.0027030000034918844,-7.236006901356618e-05,-0.0012261818120109513,-0.0007082723307493266,-0.0017286325145210446,-0.0038894231462948126,-0.014350522185518355,-0.010192558932865636,-0.0016271649765993157,0.0006654653350162132,-3.7478232309151593e-05,-0.0008645061992378356,-0.002901078785235711,-0.0012299978504931586,-0.004191385706130535,0.03664051037355631
-0.003573509086031823,-0.0020339920240497467,-0.0019025681280684381,-0.000818927187724583,-0.0004813023824387086,-0.0009482793918643706,-0.002493920822951412,-0.005415000787102775,-0.0019652397316056724,-0.0031829019878764075,-0.009407703534838996,-0.00032850251292948496,-0.00647412937362335,-0.0073209594339959105,-0.004308489827287376,-0.001920950538048416,-0.003881773259810428,-0.001569882942584755,0.004577345180625025,-0.0028171369016833925,-0.0003076858290251838,-0.004639610914274339,-0.00707653878140313,-0.0015986703450814321,-0.0031828985931096065,0.026132600241628445,0.03382574425512552,-0.005617521436159234,0.0027254541545942423,-0.0023623478843078916,0.006713159532755197,0.015174404401145036,0.006413063987773526,-0.0015862497294670819,-0.0011183117054822667,0.0004062316342792194,-0.0005558280628064072,-0.001426863389680455,0.0010593459911354408,-0.002612269554591262,-0.0014875596713778139,-0.0052155734782382,-0.0028027391485619946,0.0009612686895306144,-0.000617053220506425,-0.007881201043596686,-0.0016002846037903584,-0.004178899976318817,-0.00803888676048603,-0.002678328911385308,-5.168521255127789e-05,-0.0012794310261331487,-0.0005501888304244584,-0.0014652161204246061,-0.004083911171645527,-0.014179267996965894,-0.010205269573392406,-0.0015716786236408264,0.0009511978929872544,-2.3438060263059057e-05,-0.0008763082279604761,-0.0028600721942251273,-0.0012142421530675351,-0.0035643560280027575,0.03724133319335521
-0.003573349435398665,-0.002275917084537449,-0.001973565259950516,-0.0008269986569505727,-0.0004884504390266775,-0.0009696480396514939,-0.0024691374247690634,-0.005489151734842435,-0.0017960502966776204,-0.003348444106585746,-0.009518110078242992,-0.0003432336075607223,-0.005887377918020409,-0.0072003902152549815,-0.004296492232721993,-0.0019477797653418838,-0.0040507886296664575,-0.0015945159206790516,0.003961725547777517,-0.002758915335616452,-0.0003109130685954309,-0.0046856147163178985,-0.00709858187425394,-0.0016118781201787113,-0.0038489404612858102,0.026555857315048392,0.03446853390356308,-0.005962317342832146,0.0023256133992883843,-0.002341936053668059,0.007603676969337947,0.012608305491217608,0.0031781753517174938,-0.0015956776870102996,-0.0010573823638106994,0.000432399713840681,-0.0004925118017794494,-0.0014007926128442039,0.0006228451963081749,-0.001991351993002155,-0.001521600352764163,-0.0053629741045864154,-0.0028405385825015506,0.0008625024542452397,-0.00054071039899517,-0.007913825964548926,-0.0016259097922770582,-0.00422783460163767,-0.00746768766532413,-0.0026391872019638773,-2.19285818460202e-05,-0.0013436842999665632,-0.0003513103960313124,-0.0010854538982866258,-0.004302458301898238,-0.013868078163337683,-0.01020703727336525,-0.0015088556938207542,0.001313264485095278,-3.212473612457245e-06,-0.0008893308812867318,-0.002815260202525538,-0.0011942886060472002,-0.002800812992009738,0.03579962045952212
-0.003586211458433519,-0.002576005497501588,-0.0020565975625653765,-0.00083513267754598,-0.0004973147189348825,-0.00099553431549404,-0.0024416996726867035,-0.005574174258214493,-0.0016088078488281088,-0.003572517146231302,-0.009641124350915575,-0.000360297008517807,-0.005123793020380574,-0.007107860685587553,-0.004275094485649333,-0.001979580022591021,-0.004260194926087202,-0.0016297339174565773,0.003215664965352305,-0.0026905159251645605,-0.0003154728140071228,-0.004730878598265709,-0.0071202744668694695,-0.001626518236679031,-0.004649397153953072,0.02695837024852965,0.0351432601140127,-0.0063714051779451,0.0018562749420076852,-0.0023158428400823494,0.00854862561687364,0.0095382542690432,-0.00081303479541317,-0.0016075834165825142,-0.0009762029627317093,0.0004641208813180864,-0.00041695859423451775,-0.0013662656986392907,5.8970749870823624e-05,-0.0011893749538044451,-0.0015622090927164267,-0.0055306450274481556,-0.0028826520757573304,0.0007505366696451965,-0.0004609450959449646,-0.00793667943193177,-0.001647689765527316,-0.004280904640320715,-0.006768474872972385,-0.0025845476702663905,1.7678984407965004e-05,-0.0014196729685506115,-0.00010844386643260595,-0.0005782480082474617,-0.004545864627293228,-0.013400909219355217,-0.01019682123653054,-0.0014380769659381176,0.0017584555523626477,2.3813932400251758e-05,-0.0009036413664895715,-0.002767104029408163,-0.0011696583444735786,-0.0018914723919687404,0.03435314347688423
-0.0036131996749320106,-0.0029386629866072767,-0.0021525595128084607,-0.0008433303646436796,-0.0005080554054395225,-0.0010263284044382814,-0.00241157795972613,-0.0056708940325446155,-0.0014033894327524221,-0.0038603767636594677,-0.009777728777235262,-0.00037985746361268724,-0.004166475665763558,-0.007048549701106799,-0.004243576516252401,-0.002016787970097189,-0.004513800449853167,-0.0016766181550962322,0.002329261635732216,-0.0026111506766447468,-0.0003215068443744862,-0.004775203123603133,-0.007141676690893273,-0.0016427605005860935,-0.005594690320331885,0.02733361838927828,0.035849616310343224,-0.006849750496311424,0.0013121967017015734,-0.0022836671960795307,0.009546104858954019,0.005926755715685683,-0.005620344504413288,-0.0016221270794906095,-0.0008730884706762421,0.0005019302621047661,-0.00032827486190434296,-0.0013226078528402185,-0.0006408078591787492,-0.00019060620154998098,-0.001609812746349304,-0.005719741531401756,-0.0029293505751664117,0.0006254859296994653,-0.0003776208765601252,-0.007948665413908262,-0.001665673461395234,-0.004338224726740059,-0.005931222189281327,-0.0025133831113323124,6.790664751576969e-05,-0.0015081283669242662,0.00018160391950927668,6.749938955152857e-05,-0.0048149302380715575,-0.012761717699740993,-0.010173580666634652,-0.001358723218791713,0.0022935615358112837,5.825656253222178e-05,-0.0009193068908419644,-0.002716064894144443,-0.0011398725033879842,-0.0008270500216968069,0.03292575751981386
