normalized_A1,normalized_A2,normalized_A3,normalized_A4,normalized_A5,normalized_A6,normalized_A7,normalized_A8,normalized_B1,normalized_B2,normalized_B3,normalized_B4,normalized_B5,normalized_B6,normalized_B7,normalized_B8,normalized_C1,normalized_C2,normalized_C3,normalized_C4,normalized_C5,normalized_C6,normalized_C7,normalized_C8,normalized_D1,normalized_D2,normalized_D3,normalized_D4,normalized_D5,normalized_D6,normalized_D7,normalized_D8,normalized_E1,normalized_E2,normalized_E3,normalized_E4,normalized_E5,normalized_E6,normalized_E7,normalized_E8,normalized_F1,normalized_F2,normalized_F3,normalized_F4,normalized_F5,normalized_F6,normalized_F7,normalized_F8,normalized_G1,normalized_G2,normalized_G3,normalized_G4,normalized_G5,normalized_G6,normalized_G7,normalized_G8,normalized_H1,normalized_H2,normalized_H3,normalized_H4,normalized_H5,normalized_H6,normalized_H7,normalized_H8,normalized_GASR0_274625
-0.0015955047327603777,0.002227359759743086,0.0010670690508327585,7.90412105202698e-05,7.237534012771718e-06,0.00035064198205181363,0.0003624825082735317,0.0023396460937497032,0.00042077968391440734,-1.0607656530936538e-08,0.00250652009137875,-3.596675178241249e-05,0.004255166395053411,0.0012302036628610846,0.001340614080015845,0.00052158983552264,0.0021809228224516364,0.001396686442838524,-0.0030008558848698685,0.0008103730019142219,-1.8078042766656033e-05,-0.0003686637719866326,0.0014008148748674287,0.0005610404940126212,0.0037861682931998875,0.002414684664644895,-0.013045533534760678,0.0023267584263761965,0.0015552597561807602,0.0005284286038433894,-0.019681241258720727,0.006743129229621392,-0.0005375467695968306,0.0009958250853641104,0.0011771845811630044,-0.0006132125489147766,-0.00029432527508865824,0.0009176238915291623,-0.009862225554558846,-0.008956146676985077,0.0007605121499056899,0.0021905019431909256,0.0012065641476730615,-0.0007887001188126019,-0.00026358252835056994,0.003134136991107095,0.00048477797474300033,0.001971359412839435,0.0018485870097422197,0.0015639947952563737,0.00020957628317352928,0.0007406298800141098,0.00021573294873178384,0.003227257205851597,0.003369780079768736,-0.027929000256076364,0.0027043049043524725,0.0005357119674116451,-0.0016600274524223302,0.00016270509865856653,0.0002765054634696895,0.0016967625538468756,0.0012299009142313633,0.00033930486589994757,-0.017091083405209928
-0.0015745523793359029,0.0015555256897610281,0.001028237066653448,8.202354837316683e-05,-1.909500361940708e-06,0.0003222138673117936,0.0003849159889970366,0.0023161955395754052,2.626630669100294e-05,-0.00016159717068475743,0.002588634321026184,-2.1237482019098586e-05,0.0038882185380682,-0.0009944012260223456,0.0013454388289315666,0.0005021402932938734,0.002033360298268727,0.0013980383987490796,-0.002306380974034128,0.0008393483427953097,-8.095387962092637e-06,-0.00046715529394292243,0.0014679420355756534,0.000560166154696562,0.0032263217334085326,0.001656029330731057,-0.014434494076447257,0.002146003200841129,0.001045593207061879,0.0005384603552489597,-0.021856849731737626,0.003264105169609177,-0.0016637676822122138,0.001017607400886078,0.0011932824389848662,-0.0005554805454121015,-0.00018415587860376448,0.0008684401816310139,-0.008861928342422054,-0.007688545566533422,0.0007307868096870784,0.0020736322212113745,0.0011848349905649869,-0.0006479283494643662,-0.0003768006990270134,0.0030152307150490554,0.0005674888653306454,0.002000540466841727,0.002131440147973951,0.0015348187420811676,0.00024303678624559844,0.0007245876497854464,0.0002449130520170151,0.002796834260389236,0.003319853010910867,-0.025307455074228935,0.0027894425957024627,0.0005971655234455753,-0.001456619856564978,0.00015434723115625992,0.00026952235919086576,0.0013699591487217333,0.0012006901467227493,0.0003215231050610612,-0.016502083481414243
-0.0015512293449703174,0.0009730016335349756,0.0009969591719698467,8.425902355901904e-05,-9.311441399817433e-06,0.00029780022083403246,0.0004064188911265809,0.0022920651726316965,-0.0002953130970221318,-0.00028026175146922405,0.002652942818573978,-9.298171031124625e-06,0.003602653381647336,-0.002890549165692091,0.0013503375282546415,0.00048196821107859833,0.001922338956548586,0.0013959460362145126,-0.00181778017456391,0.0008633102357504807,8.794614014817626e-08,-0.0005532435518341705,0.0015227301081703892,0.0005592562995420103,0.002729949489677974,0.0010500728717510732,-0.015536092516639899,0.0019871971250726705,0.0006168939749759961,0.0005458290617814665,-0.02348569758325536,0.00032660257519978586,-0.0027597227573312733,0.0010348660171319857,0.0012022961714368563,-0.0005056561552905237,-9.30438407817924e-05,0.000822880858305286,-0.007991015849483918,-0.006592501876830248,0.0007051884296396249,0.001965335394080725,0.0011611713377701616,-0.0005283244454790115,-0.0004744647649893574,0.002909179575624865,0.0006267087385705139,0.0020209908983468416,0.002387171182485881,0.0015114990575972875,0.00026312328492195114,0.0007070925730110478,0.0002636150265804549,0.0024596307717310584,0.0032492239260026867,-0.023011537258599613,0.0028544852687550915,0.0006537959633301504,-0.0012630545091176781,0.0001468435895319864,0.0002624232392149928,0.0010896353229472577,0.0011772654224204704,0.000303838788083155,-0.015172369528142604
-0.0015256542612406276,0.00047472996082476016,0.0009725866862175803,8.57961506921523e-05,-1.5122772864861744e-05,0.0002771113020729743,0.00042657546472213426,0.002267194783803772,-0.0005488718512391966,-0.00035883531073632735,0.0027005631693748366,6.063239132991782e-08,0.0033933517940567537,-0.004478233223441097,0.001355139433259156,0.0004612264666237209,0.0018448092702918473,0.0013906741662796929,-0.0015171471755933696,0.00088251188047761,6.611007945522829e-06,-0.0006273762670983007,0.0015659471614593024,0.0005583618186943973,0.0022932755869602417,0.0005853343552113532,-0.016372609804148675,0.0018489753680566157,0.0002631338522083304,0.000550692569903033,-0.02461100774690661,-0.002107996282099789,-0.0038192125759045625,0.001047817034904197,0.00120490526295991,-0.0004632033342186759,-1.9522166182617262e-05,0.0007807529360694954,-0.007242611341023664,-0.005657659641537083,0.0006833265820913592,0.0018651077596902876,0.0011358052850476419,-0.00042828118840054774,-0.0005579128021642177,0.0028149127020336007,0.0006640688603682943,0.0020331577831016467,0.0026164985593817303,0.0014931309939234527,0.00027114513348180935,0.0006883096497796171,0.00027239332874873234,0.0022072918641939943,0.003159946986423412,-0.02101858060357875,0.0029007141935153413,0.0007056086091308256,-0.0010793035869454126,0.00014010935545338832,0.00025525144474847217,0.0008530276530887004,0.0011591226582658987,0.00028565496133103885,-0.013829263200677455
-0.00149794575972384,5.565304139065752e-05,0.0009544709288320519,8.668344438689246e-05,-1.9497978520854886e-05,0.0002598573704828411,0.0004449699598436663,0.002241524163977493,-0.0007393232799742799,-0.00040014880921235285,0.0027326129587823544,7.048379458529652e-06,0.0032551946435617207,-0.005777446466562086,0.0013596737992187524,0.0004400679376763694,0.0017977217124995892,0.0013824875999906006,-0.001386575666256773,0.0008972064766743504,1.1612845859820808e-05,-0.0006900011611723489,0.0015983612642493927,0.000557533602299598,0.001912524050208031,0.0002503328486187506,-0.016966326887783434,0.0017299730987785367,-2.1715368955455006e-05,0.0005532087260764484,-0.025276003156323612,-0.004078309130783442,-0.0048360377188831905,0.0010566765550052981,0.0012017891979947404,-0.00042758603786463567,3.787614063388567e-05,0.0007418634294418247,-0.006609838082320629,-0.004873662894315456,0.0006648108393705332,0.0017724456159313728,0.0011089689281555959,-0.00034619135977242976,-0.0006284828864780989,0.002731359223474339,0.0006812004966298968,0.002037488196853232,0.0028201407247647747,0.0014788098031777164,0.0002684116862050612,0.0006684038801794134,0.00027180241484847656,0.002031462662095196,0.0030540763535522597,-0.019305918903556707,0.0029294106399884168,0.0007526087829134998,-0.0009053392669136073,0.00013405971058855215,0.00024805031699726143,0.000657372715711757,0.0011457577711992961,0.00026637467116930047,-0.012490637531738624
-0.0014682224719974046,-0.0002892867550075007,0.0009419632192488869,8.696941925712132e-05,-2.259154213191117e-05,0.00024574868551829887,0.0004611866265504805,0.0022149931040382764,-0.0008715807072416926,-0.000407033207623142,0.002750209772148793,1.1874521380406122e-05,0.003183062798427505,-0.006808181962347559,0.0013637698814070731,0.00041864550198433825,0.0017780267561728902,0.0013716511483923277,-0.0014081593356880528,0.0009076472240381328,1.5232508288498536e-05,-0.0007415659554940168,0.0016207404853481044,0.0005568225405025995,0.0015839189043738156,3.358741947923072e-05,-0.01733952471635436,0.00162882548622445,-0.00024368189622958614,0.0005535353767636142,-0.025523906745138603,-0.005622953699343847,-0.005803998767218044,0.0010616606782376525,0.0011936274609820607,-0.0003982682218971467,8.061807510806318e-05,0.0007060193529395686,-0.0060858193386539305,-0.004230155668826785,0.0006492507738056208,0.0016868452606957351,0.0010808943628530798,-0.0002804477411388895,-0.0006875130938577279,0.0026574482691463785,0.0006797349132612318,0.0020344292153480215,0.0029988161247391787,0.0014676307374781317,0.00025623229737092856,0.000647540264298696,0.00026239674120653866,0.0019237882897511493,0.0029336661887680027,-0.017850885952924167,0.0029418558781797444,0.000794801806743406,-0.0007411337258872441,0.00012860983660556435,0.0002408631971684283,0.000499907087381235,0.001136666678162035,0.00024540096396297173,-0.012059866028971467
-0.0014366030296384391,-0.0005651470586096607,0.0009344148769028227,8.670258991694269e-05,-2.4557947461922858e-05,0.00023449550663334762,0.0004748097149029906,0.0021875413948715394,-0.0009505574570555231,-0.00038231946669486927,0.0027544711948275236,1.4748509367334961e-05,0.0031718371269195966,-0.007590432778090683,0.0013672569350984265,0.0003971120372940895,0.0017826748743130505,0.0013584296225306325,-0.0015639918730215863,0.0009140873222668322,1.7609043637234478e-05,-0.0007825183715005624,0.0016338528935626595,0.0005562795234492768,0.0013036841744100691,-7.638286470013078e-05,-0.01751448423867119,0.001544167699379928,-0.0004087939373281779,0.0005518303684270975,-0.02539794144698404,-0.006780547716274787,-0.006716896301859898,0.0010629855054036241,0.0011810995363628063,-0.0003747138419843976,0.00011017063268004001,0.000673027721081354,-0.005663678375303127,-0.003716781998732599,0.0006362559577246518,0.001607802991874463,0.0010518136848984838,-0.00022944311404327067,-0.0007363415002291651,0.0025921089682485743,0.0006613033761679876,0.0020244279143335486,0.003153243205407996,0.0014586890489429738,0.00023591632125929962,0.00062588380222528,0.0002447307641497698,0.0018759138714783408,0.00280077065345008,-0.016630815546071598,0.0029393311780940845,0.0008321930026859992,-0.0005866591407316379,0.00012367491517184526,0.00023373342646815232,0.00037786734466260796,0.0011313452960948212,0.00022213688607686244,-0.012284692577471779
-0.0014032060642241717,-0.000776985499655769,0.0009311772212301506,8.593147098090448e-05,-2.555167827489324e-05,0.0002258080932826534,0.0004854234749605002,0.002159108827363143,-0.0009811668534303042,-0.00032883854715359817,0.0027465148121712524,1.5879794629469757e-05,0.0032163984973034854,-0.008144191981083848,0.001369964215566899,0.00037562042135341756,0.0018086165399204823,0.0013430878334503848,-0.0018361669673913061,0.0009167799710574354,1.8881500311929145e-05,-0.0008133061306295764,0.001638466557700502,0.0005559554412848389,0.0010680438852694873,-9.105893641336849e-05,-0.01751348640354422,0.0014746349072309872,-0.0005230796999661225,0.0005482515475290217,-0.024941330195492273,-0.0075897089100691595,-0.0075685309037598625,0.0010608671373057987,0.001164884908577024,-0.00035638685379479895,0.00012800080878960785,0.0006426955483846974,-0.005336538457547446,-0.0033231859176939826,0.0006254359634558782,0.0015348151073590888,0.001021958990050642,-0.00019157026002969424,-0.0007763061815192485,0.002534270449980003,0.0006275371512565187,0.0020079313695562373,0.0032841404128749474,0.001451079989690518,0.0002087731121493963,0.0006035994940476463,0.0002193589400050211,0.0018794845315939224,0.002657443908977486,-0.015623041477389465,0.0029231178097368637,0.0008647876928074005,-0.0004418876883116596,0.00011917012795614745,0.00022670434610261303,0.00028849006412112743,0.001129289541938805,0.00019598548387556036,-0.012508775105183556
-0.0013681502073316087,-0.0009298597083857718,0.0009316015716658299,8.470457706266643e-05,-2.5727218334603563e-05,0.00021939670492021612,0.0004926121567832009,0.0021296351923982826,-0.0009683222203797914,-0.0002494214097256142,0.002727458209533351,1.5477828376297964e-05,0.0033116277778448833,-0.008489452638619999,0.0013717209780859108,0.00035432353190900656,0.001852802225996708,0.001325890592197343,-0.0022067783079312564,0.0009159783701082613,1.9188926717816912e-05,-0.0008343769543182056,0.001635349546568854,0.0005559011841549388,0.0008732220619045439,-2.1921728153517783e-05,-0.01735881215978352,0.001418862278763422,-0.0005925673918573127,0.0005429567605319541,-0.02419729592429587,-0.008089055009220303,-0.008352703153868823,0.0010555216747465401,0.0011456630620663155,-0.00034275121299676137,0.00013557559887766857,0.0006148298493675597,-0.005097522850665892,-0.00303901145937302,0.0006164003633277737,0.001467377905041145,0.0009915623740677226,-0.00016522196064183703,-0.0008087452136542606,0.002482861843539963,0.0005800675044322912,0.0019853866567633993,0.0033922261932435305,0.0014438988118390395,0.0001761120243204406,0.0005808523398540544,0.0001868357250991437,0.0019261453944146023,0.002505740116729216,-0.014804897541268236,0.0028944970431128425,0.000892591199172843,-0.00030679154549240195,0.00011501065662589127,0.00021981929727865612,0.00022901182232182293,0.0011299953326344703,0.00016634980372343122,-0.012736594270633339
-0.0013315540905380896,-0.0010288273150398375,0.0009350392476454861,8.307042277655441e-05,-2.5239051405390178e-05,0.0002149716010007019,0.0004959600104308404,0.002099060280862819,-0.0009169368819184065,-0.00014689901513675885,0.0026984189722665253,1.3752061818639305e-05,0.003452405836808614,-0.008646207817991747,0.0013723564779297703,0.00033337424670842886,0.001912182405542584,0.0013071027098165988,-0.002657919583775814,0.0009119357191165189,1.867037126079829e-05,-0.0008461785640042629,0.0016252699289747152,0.0005561676422047857,0.0007154427292674903,0.0001195478275857198,-0.01707274245619883,0.0013754849829630267,-0.0006232852207161965,0.0005361038538980178,-0.023209061567027178,-0.008317203742221557,-0.009063213633137446,0.001047165218528212,0.0011241134812707276,-0.00033327087525858445,0.00013436199838401386,0.0005892376385476794,-0.004939754819938136,-0.0028539026574307957,0.0006087587296683683,0.0014049876828123864,0.0009608559327092259,-0.00014879099742359791,-0.0008349966725608171,0.0024368122781275314,0.0005205257016014375,0.0019572408517016804,0.0034782189926174656,0.0014362407675065914,0.00013924241205209853,0.0005578073397323191,0.0001477155757587667,0.0020075415842570887,0.0023477134380847087,-0.014153717532098375,0.0028547501482278914,0.0009156088438477816,-0.00018134288913906893,0.00011111168284916317,0.0002131216212022391,0.0001966691958303901,0.0011329585851229673,0.00013263289198595096,-0.013290575615981903
-0.0012935363454209536,-0.0010789459498575793,0.0009408415686045224,8.107752273667224e-05,-2.4241661250701263e-05,0.0002122430409783327,0.0004950512859629441,0.0020673238836421692,-0.00083192416206046,-2.4102324113206564e-05,0.002660514685723925,1.0911946166425324e-05,0.003633613542460834,-0.008634450586491926,0.001371699970371898,0.0003129254434988127,0.0019837075515591884,0.0012869889973539106,-0.003171684484058801,0.0009049052177800831,1.746488234677379e-05,-0.0008491586811247842,0.001608995773725752,0.0005568057055804765,0.0005909299123112444,0.00032186879831064275,-0.016677558241600332,0.0013431381888153737,-0.0006212613942573331,0.0005278506740897804,-0.022019850057318435,-0.008312772837566151,-0.009693862922516838,0.0010360138694536225,0.0011009156506314177,-0.00032740979624878985,0.00012582700274887948,0.0005657259304434614,-0.004856357630643293,-0.00275750354552895,0.0006021206348056918,0.001347140738563679,0.0009300717617330978,-0.0001406701519185427,-0.0008563986341655339,0.002395050882941563,0.00045054300866964603,0.0019239410301183923,0.003542837257100251,0.001427201108811671,9.947362962381412e-05,0.0005346294937713658,0.00010255294831074124,0.0021153182254378677,0.002185418034422737,-0.013646835244270461,0.002805158395086549,0.0009338459488981155,-6.551389611708647e-05,0.00010738838829404962,0.00020665465908020764,0.00018869876121185847,0.0011376752163454462,9.423779502770735e-05,-0.013967171587281224
-0.0012542156035569851,-0.0010852732430791656,0.0009483598539783422,7.877439155734578e-05,-2.2889531634984195e-05,0.00021092128430733048,0.0004894702334397039,0.0020343657916219726,-0.0007181973848200407,0.00011613770261864609,0.0026148629352582553,7.1669326295875635e-06,0.0038501317630663667,-0.008474174011413371,0.001369580710686824,0.00029313000002750833,0.0020643281370475997,0.0012658142658548144,-0.0037301666979147052,0.0008951400657963848,1.5711508380755745e-05,-0.0008437650271173602,0.0015872951496289645,0.0005578662644269983,0.0004959076359878356,0.0005735602515279936,-0.016195540464797875,0.0013204570653062575,-0.0005925241201948372,0.0005183550675691428,-0.020672884328801988,-0.008114380023747092,-0.010238451602957999,0.001022283728324691,0.001076749054588877,-0.00032463193163567716,0.0001114376074125012,0.0005441017395722003,-0.004840454548060702,-0.0027394581573289,0.0005960956510686621,0.0012933333701869998,0.0008994419568981726,-0.0001392522056706813,-0.0008742891743948045,0.002356506787181578,0.00037175069154304907,0.0018859342677599589,0.0035867994327956065,0.0014158750878721094,5.811503131547546e-05,0.0005114838020585655,5.19022990821405e-05,0.0022411204422740916,0.0020209080671227397,-0.013261584472174737,0.0027470030536942414,0.0009473078363890775,4.072325670900767e-05,0.00010375595462819298,0.00020046175211896333,0.00020233709503147956,0.001143641143242391,5.0567559213066104e-05,-0.014634855842913574
-0.0012137104965237455,-0.0010528668249446538,0.0009569454232023489,7.620954385267886e-05,-2.1337146322020217e-05,0.00021071659044236135,0.0004788011029204231,0.002000125795687646,-0.0005806698742112371,0.00027099010433340176,0.0025625813062226666,2.726472418279613e-06,0.004096841366891146,-0.008185371160048582,0.001365827954148191,0.000274140794041422,0.002150994635008452,0.0012438433263641802,-0.004315459914477238,0.000882893462863299,1.3549297768644664e-05,-0.0008304453234193598,0.0015609361254915743,0.0005594002088900041,0.00042659992525018176,0.000863141254744404,-0.015648970074601642,0.0013060767814219165,-0.0005431016062432681,0.0005077748807988947,-0.019211387315110517,-0.007760643029258274,-0.010690780255411592,0.0010061908959442256,0.0010522931775838185,-0.000324401237087657,9.266080781467068e-05,0.0005241720804523009,-0.004885168837469589,-0.0027894105264918423,0.0005902933507848651,0.0012430618755734368,0.0008691986139632846,-0.00014292994022369054,-0.0008900063691750226,0.002320109120046432,0.00028578001612733495,0.0018436676403736918,0.0036108239658068086,0.0014013579568064038,1.647597140608248e-05,0.0004885352646828434,-3.6819156007394938e-06,0.0023765933590820243,0.0018562376975634898,-0.012975299010202002,0.0026815653940561734,0.0009559998283865667,0.00013739639247334345,0.00010012956351990177,0.0001945862415244637,0.00023482077385450495,0.0011503522827549517,1.0252309072811272e-06,-0.015306987689481688
-0.0011721396558984631,-0.000986784325693879,0.0009659495957119457,7.343149423677531e-05,-1.9738989075590574e-05,0.00021133921883764728,0.00046262814446573763,0.001964543686724829,-0.00042425495424858184,0.0004376239203041088,0.0025047873839700863,-2.1999832573449396e-06,0.004368623222200219,-0.007788035099690727,0.0013602709560298631,0.000256110703287904,0.0022406575184432675,0.001221340989927544,-0.004909657822880886,0.0008684186086778123,1.1117298916341056e-05,-0.0008096472914684849,0.0015306867701212479,0.0005614584291149249,0.00037923080505075646,0.0011791308754660612,-0.015060128019821595,0.001298632506147479,-0.0004790220601170736,0.000496267960241159,-0.017678581949876038,-0.00729017958259226,-0.011044649460828726,0.00098795147311459,0.0010282275040571776,-0.00032618166827291795,7.096359939606778e-05,0.0005057439676010578,-0.004983623764149292,-0.0028970046866796384,0.0005843233062827746,0.0011958225526147448,0.0008395738286868237,-0.00015009613712135828,-0.000904888294432693,0.002284787010735201,0.00019426224832863603,0.0017975882237064589,0.0036156293022375774,0.0013827449677326076,-2.4134195824920823e-05,0.00046594888173201454,-6.364523941060352e-05,0.002513382100178818,0.001693461087124426,-0.012765312652742722,0.0026101266861773276,0.0009599272469558162,0.00022453333431116107,9.642439663681834e-05,0.00018907146850355439,0.0002833863742464082,0.0011573045518238345,-5.498614352539288e-05,-0.01557539732239499
-0.0011296217132579223,-0.0008920833755668989,0.0009747236909425361,7.048875732351689e-05,-1.8249543659809575e-05,0.00021249942894741025,0.0004405356081345069,0.00192755925561916,-0.0002538659489459416,0.0006132081898051478,0.0024425987538538863,-7.40298318735455e-06,0.0046603581972590735,-0.007302158897632083,0.0013527389716054827,0.0002391926055140825,0.002330267260352681,0.001198572067590442,-0.005494854112259584,0.0008519687029382439,8.5545602290793e-06,-0.0007818186527018822,0.001497315152324985,0.0005640918152474139,0.00035002430034158927,0.001510048181199597,-0.014451295249267693,0.0012967594084694056,-0.0004063136895302577,0.0004839921523582813,-0.016117691166731007,-0.006741607412242723,-0.011293859800160178,0.00096778156063837,0.0010052315184496674,-0.0003294371808602037,4.781297759670622e-05,0.0004886244155368757,-0.005128942593379149,-0.0030518846715537062,0.0005777950898906425,0.001151111699202234,0.0008107996968276243,-0.0001591435779076944,-0.0009202730260946534,0.0022494695884469618,9.882865405286267e-05,0.0017481430935051279,0.003601933888191633,0.0013591313727692178,-6.240611609797941e-05,0.00044388965329433816,-0.0001274332160209335,0.0026431317898814033,0.0015346323971845433,-0.012608959194187142,0.0025339682000631303,0.000959095414162725,0.0003021619053575897,9.255563564702918e-05,0.00018396077426263702,0.00034527047277199685,0.0011639938673901895,-0.00011806351771992407,-0.015799016903838337
-0.0010156890703638677,-0.000706586889601124,0.0009539735539674243,6.59082973510916e-05,-2.1005009346652947e-05,0.00020385677100298594,0.0003715592248092481,0.0018438595906313804,-5.5599043634835255e-05,0.0009341007603285156,0.0023448228289146833,-1.0592200183734413e-05,0.0053302111728863455,-0.006319309525597339,0.001333860241687912,0.00022250109666854812,0.00235087607560458,0.001180560186555546,-0.006091874047487789,0.000822975002299664,4.128467895769816e-06,-0.0006744102381369688,0.0014549014183442566,0.0005900270749537029,0.00012629364544425314,0.0017879142546468607,-0.013809976786396838,0.0012041495377896894,-0.0005894329621514149,0.00046257137821692496,-0.014895062896035371,-0.007877830252913887,-0.011021768526991327,0.0009387898994484001,0.0009892116797922679,-0.0003255246670142986,7.850707867662621e-05,0.0004633119771761951,-0.0052054125716131106,-0.003213072931803951,0.0005359392319033152,0.0010156497260371822,0.0007639603371716319,-0.00022030181667076487,-0.0009604494117688711,0.002166416263883031,-4.733665493505956e-05,0.0016510789878814158,0.003571571464574541,0.001241863077481531,-9.859656862398758e-05,0.0004069110710858137,-0.00030197134545217885,0.002828032461723806,0.0013719121745117135,-0.012299543126273682,0.002425424668343501,0.0009519918567699737,0.00047818386781850464,7.608835818784243e-05,0.00017703909273070195,0.0004962606522400659,0.0011573648578302453,-0.0001377837277876104,-0.01602190899828826
-0.0009885783077636656,-0.0006453550508345174,0.0009329220586238307,6.361216957850857e-05,-1.543601658982041e-05,0.0001988776117181068,0.0002739514111094188,0.001781774175238171,0.0001321336592217115,0.0011672501430355364,0.002284208578759106,-6.975098006289926e-06,0.005604680478997759,-0.005831099650795868,0.0013222512482020665,0.0002103570755458417,0.002417779756584304,0.0011617407876918229,-0.0064552856147450655,0.0008021332465024678,6.33130177507546e-06,-0.0005848051866965687,0.001429968768173806,0.0006113845053923317,-1.554138061576893e-07,0.002163108215148757,-0.013382044376179736,0.0011506691614904252,-0.0007373885189645435,0.0004482173044437765,-0.013516841828730586,-0.008811358024720106,-0.010153610785885503,0.0008968068000623219,0.0009827735175245156,-0.0003303604066606791,0.00010505223003809405,0.00045069489049587297,-0.005396915298425342,-0.0034544441167092543,0.0004993130718311534,0.0008690089400940071,0.0007418558742069425,-0.0002730416033173144,-0.001017542791392212,0.0020282857555979916,-0.0001871679981276797,0.001576678877071025,0.0034412309125144702,0.001126150280661431,-0.00012401297179831516,0.00039112142785402426,-0.0003691825965903561,0.00263807264740068,0.0012487548909383417,-0.011864619050747538,0.002346428694540048,0.0009241562776474144,0.0005792014652497013,5.990100215069738e-05,0.00017454548925854851,0.0005378914200098173,0.0011539405589200413,-0.00019468260188382214,-0.016105603070101004
-0.0009205726758992894,-0.0005765281771892283,0.000921921361767275,6.23015876715094e-05,-1.790609027663148e-05,0.00019520933985961442,0.00017390088461977093,0.0017345006482212266,0.0002736386634381027,0.0013370497110940516,0.0022192518380896864,-8.579844967604444e-06,0.006057983954170787,-0.005291393676977729,0.0012957735698477801,0.0001970001018374301,0.002484776607666772,0.0011468416909883317,-0.006761440061126223,0.0007908394870161928,1.131750050342717e-05,-0.0005179885549024821,0.0014078842802396352,0.0006204474647477642,-6.32592184712788e-06,0.002473267643386956,-0.013006017378786927,0.001148080227303394,-0.000803456468167818,0.00043354682893070873,-0.012087035037289029,-0.009178266360789111,-0.008930920970449008,0.0008707094430253637,0.0009893470458217646,-0.0003404455504477655,0.00011731875800635727,0.00040861553655435756,-0.005659772495264392,-0.003507229100577991,0.00047282682567661993,0.0008069812814368582,0.0007175443022597872,-0.0002865199549033637,-0.0011064206462871873,0.0019343405220952903,-0.00027233547566618554,0.0014975484355954638,0.003235485499327506,0.001046557244493096,-0.00016347235239422275,0.00036471465342313714,-0.00045958713368743354,0.0024546544495644973,0.0010744641414410783,-0.011334458717320417,0.002270660179628514,0.0009016807309096819,0.0006296251668291841,4.287657353319041e-05,0.0001739766428929812,0.0005846598169485517,0.0011820748127968628,-0.0003645425228876453,-0.013512293810965637
-0.0008666236927985516,-0.00041797920897923557,0.0009273560398228575,6.217447860445979e-05,-1.6631378452314216e-05,0.00019742993984506185,0.00010288176564099416,0.0016966421540947074,0.0004779428897396798,0.001523152318534171,0.002171116926027672,-5.001903500612137e-06,0.006346958262805513,-0.004744680963005177,0.0012761633663007643,0.00018775439874807454,0.002535903362367531,0.0011359509495629805,-0.006688619015854269,0.000777292295899068,1.2122984655249525e-05,-0.00046084159976955696,0.001382439671639979,0.0006340772785624615,0.00011539440086982822,0.0028107564062840318,-0.012644113720941874,0.001201178822691329,-0.0007772928027512949,0.0004164386056182412,-0.011200675519670078,-0.008823219576110874,-0.007571564046027102,0.0008341854045563757,0.0010155392222224169,-0.00034718997011107255,0.00011712015197584691,0.00040423869731509576,-0.005985816984973913,-0.0034562011198232545,0.0004551574134992187,0.0007728594154556845,0.0006983507025517532,-0.00031153459489607904,-0.001156848873332561,0.0018831839579929177,-0.00034669257740427284,0.001434543303902247,0.0029714537886429415,0.0009910514658626468,-0.0001692238254984435,0.0003550391997930724,-0.00043193793619156207,0.0021445777277693256,0.0010772584625373671,-0.010874565081448684,0.00218476154848668,0.0008461383327320604,0.0006104317073796217,4.492610214579251e-05,0.00016946506195347766,0.000610078537398584,0.0011567753973238393,-0.0005970241305495172,-0.010936146631352561
-0.0008393456281147182,-0.00019995955260720955,0.0009505338849822298,5.637588403795135e-05,-1.8233378254239874e-05,0.00020443642919465432,5.604416676119328e-05,0.0016669770099713155,0.0006158524301453916,0.0015564216441019685,0.0021303109251200603,-6.318325637466593e-06,0.006749296620861989,-0.004435107833674179,0.0012514557518439329,0.0001941678547034975,0.002623399970801854,0.0011105837630325244,-0.006509077105275929,0.0007394659996169395,1.166187015333442e-05,-0.00046644525047956353,0.0013510484151739721,0.0006367434472771549,0.0003107282263481448,0.0030619333301085128,-0.012379189097724397,0.001295263524104362,-0.0006514328347290155,0.00041210197182572905,-0.010462668314051626,-0.007725905352374496,-0.006373464709383825,0.0008173712554770951,0.0010109024725539761,-0.0003580411082073631,0.00010539502579098858,0.00039414877969257134,-0.00637478276479575,-0.0035452890021349104,0.0004403802861079331,0.0007718302585852932,0.000680675757917637,-0.00032058295560755123,-0.0012027885089483936,0.001817393425446845,-0.0003831852962374871,0.0013811087000736855,0.0027238204814417077,0.0009652917230997815,-0.00016171111864093923,0.0003193985777651953,-0.0005996652551890636,0.0019110181734554033,0.000959404923431828,-0.010412833970878332,0.0020889471311666963,0.0007830979234819679,0.0005183749883808098,3.009985792590264e-05,0.00016588011386398094,0.0007168100852155135,0.0011277881418401137,-0.0008052913876165357,-0.008359999451739486
-0.000756468975003699,-1.536475606933596e-05,0.0009734076757852428,5.609609613355104e-05,-2.157452594009346e-05,0.0002123140310104077,5.694895391927801e-06,0.0016582043561244042,0.0008274743925087424,0.0015521876502473386,0.002094541926505933,-1.2855169910341857e-05,0.0069192937990332215,-0.004061545913298659,0.0012289646173515578,0.0001915504981284677,0.0026019208143224226,0.0010874040155375297,-0.006475920939116087,0.0007191281282716844,1.1087994509217936e-05,-0.00044436513008938583,0.0013098126691843959,0.0006378600641139265,0.0004764862751587273,0.003123322109795268,-0.012364265686616527,0.001387147658834742,-0.00045014246235641764,0.0003972202513884415,-0.010506858834663735,-0.006040375366059614,-0.005511066292731126,0.0007956209882036269,0.0010042444550066865,-0.0003706486405865572,7.73279617740652e-05,0.00036239470411159047,-0.006772162961429684,-0.0037869095423542776,0.0004337966156762185,0.0007844386834778838,0.0006821454893426449,-0.00027557032419534,-0.0012592768642804009,0.001762465624330023,-0.0004403462963661342,0.0013367957545069586,0.0025139685441013526,0.0009102458469663066,-0.00014392619278325025,0.00029288018273088134,-0.0006166618501238785,0.0017250517012366018,0.0010079133278948493,-0.009515379555599335,0.002003451185002225,0.0007197643989067526,0.0003993408754876526,1.910173136887572e-05,0.00016713991403771722,0.0007367941451608129,0.0011173009542670975,-0.000969522514755905,-0.00720276605104575
-0.0008051755200808586,0.0001410176615783687,0.0009922576508956116,5.2707301161580844e-05,-3.0463833956106967e-05,0.00022006123120532628,-2.6666147244225336e-05,0.0016390793972178574,0.0009566458191732075,0.0016701150814686372,0.002046503433958735,-2.0466664551022085e-05,0.007063451524544684,-0.003939985469610385,0.0011933815047777685,0.00019144715707364313,0.0025655973013141153,0.0010842095953744746,-0.006836676570793232,0.0007077500103984669,8.554560074980344e-06,-0.0003603012668637051,0.0012700603691055967,0.0006300634854063958,0.000627958280553953,0.0031104925901261904,-0.012444371678474675,0.0014902387952977492,-0.0002029809140180472,0.0003834012349916982,-0.010234240289822116,-0.0040073725326760234,-0.005155320372677963,0.0007865647310998369,0.000979127348322617,-0.0003728359282048066,2.7990162831059706e-05,0.00035315752692333113,-0.007151223552192443,-0.003866927371704798,0.0004446373756630262,0.0008369681488618053,0.0006642403721808243,-0.00014893276568861413,-0.0013439669593779957,0.001723856717500416,-0.0005171924723832433,0.001307830920248776,0.0023675306356982784,0.000891890941045137,-7.775896131301252e-05,0.00028192520261960397,-0.00072544411848674,0.001512563806727929,0.0009765343030028184,-0.009440889959309584,0.0019287106054255432,0.0006681402970647454,0.0002774557670000011,9.215480274438193e-06,0.0001686513567726866,0.0008452225950466019,0.0011286911007237777,-0.0011232550423229126,-0.008564539033405594
-0.0007567159456963735,0.0003177169050470052,0.001007963676767254,4.940020571075898e-05,-4.173385511263561e-05,0.00022402417401257146,-4.7079013319240026e-05,0.0016120265624057772,0.0010033787091854318,0.001795977318075792,0.001999590892326486,-2.8235574018875553e-05,0.007087436437962502,-0.0038399654279787088,0.0011569538193880735,0.00019515329564545603,0.0025283131209286047,0.0010386013499046332,-0.00708049170700964,0.0006908747302265539,1.6799086293151078e-06,-0.00030757888991628235,0.0012276433669498044,0.0006133288209935195,0.0007481324441285242,0.0029620160108361215,-0.012765802931379189,0.0015821722731215182,3.244145521374975e-05,0.00037254521547414043,-0.010538312882042877,-0.0020232748414467094,-0.005022752527236829,0.0007748259559841042,0.0009632949383460154,-0.00036006944253053064,-2.3460799293939516e-05,0.0003601439000249229,-0.0075805463611478,-0.004082449692303536,0.0004529165964524129,0.000867803939586187,0.0006610611480182271,3.8895801013349995e-05,-0.0014090746866552983,0.0017451522004336972,-0.0005444432786253506,0.001280989489631068,0.0022882673783928276,0.0008619472448478938,-3.995829347402946e-07,0.00029236463953696834,-0.0007239967657958202,0.0013263790200874759,0.0008944473851821844,-0.009385102535992007,0.0018693736992394516,0.0006321628367731424,0.00016767161363739902,9.269686086721407e-06,0.00016969287903778607,0.0008241138249518443,0.0011167665929885384,-0.001245032354222464,-0.009921814823443675
-0.0008210585582366647,0.0004990001115483533,0.001012612517606426,4.5003805734245006e-05,-5.3544524415083394e-05,0.0002202415670642388,-9.25829352864671e-05,0.0015809821980066197,0.0010298228193725834,0.001986137337344429,0.0019397587639233826,-2.6458533967765874e-05,0.00713226900602093,-0.003830769160508729,0.001118463019142757,0.00019473777255551994,0.0024506171006091204,0.0010215584530488542,-0.006862113378504842,0.0006422601223612379,2.8377140439683757e-06,-0.0002413308964590577,0.0011867123187165873,0.0005907122367030393,0.000818110692244689,0.0027202679757258874,-0.013189605840593477,0.0016570077571911312,0.0002147867945798687,0.0003664122171445072,-0.010165983235970955,-0.00035912348409750106,-0.005512070637471944,0.0007630301706798015,0.0009646962994380726,-0.00034331031058565387,-5.8955554450568215e-05,0.00035927326637152923,-0.007929675132024916,-0.004444309577106953,0.00046735425131094743,0.0009437570900967529,0.0006560362912180207,0.00031297775728211796,-0.0014716549616292651,0.0017532944537688167,-0.0005844445513607521,0.0012666343631020371,0.002315857815300193,0.0008198529696306078,4.9855665842590824e-05,0.0002915054774734749,-0.0008037698665710469,0.0011436366000776577,0.000816059260397406,-0.008757425810937636,0.0018210853316775744,0.0005901174166080825,7.63939643859679e-05,1.217217313254082e-05,0.00017003476190358136,0.000875831003616101,0.0010912446916859775,-0.0013923433488710613,-0.01128358780580363
-0.0009224744620178749,0.0006858653927763747,0.0010025256966519347,4.1762174814996555e-05,-6.74096597353957e-05,0.00021285946782900744,-0.0001551856361501347,0.0015508478956858252,0.0010231685749864106,0.0020743042350390706,0.0018826666316962282,-2.8612045532061536e-05,0.006986736339475552,-0.0034607659755665487,0.0010822011745335036,0.00017794876554355632,0.0025062683605703295,0.0009820715005941505,-0.006360236507197081,0.0005949869782615469,-2.0331942021112326e-06,-0.00023562449073166736,0.0011476085868959984,0.0005708130237453979,0.000816012352869766,0.0024000451282994995,-0.013713596492296531,0.0016844887520088836,0.0003196134914051907,0.00035345365575456533,-0.009536031949286983,0.0008037107279781353,-0.006467771473642969,0.0007428715146911014,0.0009675168559775127,-0.0003255161387373251,-8.458825165813533e-05,0.00036841820312383255,-0.008207496340632336,-0.004813564578062368,0.00047608420619393854,0.0009965996171361624,0.0006418704666364405,0.0005544789271392236,-0.0014992390831395364,0.0017235488624487427,-0.000542853353356354,0.0012481058032138836,0.00241103888618599,0.000777991562831204,0.00011358203762346086,0.0003257117798556308,-0.0007816721294958695,0.0010812713529773088,0.0007944278582987518,-0.007809758300296732,0.0017931365180152703,0.0005632392801158126,4.235856775380853e-05,2.2109363370326207e-05,0.00017501849461099006,0.0009570042176956228,0.0010523747975503817,-0.0015870259740161652,-0.012277053964042772
-0.0009751705659106769,0.000854688225482958,0.0009670582389240678,4.0044736289379657e-05,-7.857590142790194e-05,0.00019898825857933566,-0.00022810767457637215,0.0015083175393699744,0.0009293237212233407,0.0021731122128068048,0.0018222728913868114,-2.9540346195733314e-05,0.006766828530991864,-0.0031436872714026842,0.001054758124614974,0.0001582121423551186,0.0024336757380747365,0.0009522244262440971,-0.005844276071440779,0.0005712116215965679,-3.939526192486831e-06,-0.0002642230458085315,0.0011071656624557225,0.0005458861519940239,0.0007328589995492241,0.0020795202935743884,-0.014207031767512923,0.0016559447227320057,0.00030338541516505835,0.000335623165419463,-0.0091575522590851,0.0011767159756959078,-0.007695300031084984,0.0007154082186857647,0.0009742939931878247,-0.00029055556235146884,-9.314396525839097e-05,0.00039443596204380427,-0.008435834417214627,-0.005077620857745435,0.0004677949759068767,0.0010358924335223119,0.0006267404271997901,0.0007417469045580827,-0.001527508023661861,0.001710842452942618,-0.0005421581734011971,0.0012235415056671695,0.002563884392697391,0.000760173870711478,0.00018103220732479386,0.0003266767670340176,-0.0007484266043775722,0.0010001032349422623,0.0006183672430297715,-0.006767536817849806,0.001767091715010105,0.0005425455159915327,8.278179221665738e-05,4.7877574300914105e-05,0.00017136560422836844,0.0009502038407804836,0.0010458926762815235,-0.0018569712184324239,-0.012949764493446536
-0.0009768420297006086,0.0009877257316996957,0.0009142315005958856,3.740070629310033e-05,-9.340936955426482e-05,0.0001828644004888691,-0.000274083760142263,0.0014555980180532835,0.0007098261347397994,0.002313311443086663,0.0017539990795325533,-2.8805720275526525e-05,0.00647754171114201,-0.002776397689043475,0.0010326041804207264,0.00014151169644471828,0.0023850657842179324,0.0009477065461334089,-0.005343009651021968,0.0005442954954537615,-7.131126527948339e-06,-0.0002593640550930809,0.0010695364705481936,0.0005348279242822773,0.0005986130946928903,0.0017858446694178909,-0.014504247181538865,0.00157488233032832,0.00016954006449831915,0.00032836861327689704,-0.009836665873567463,0.0007648966641393695,-0.008903351174614493,0.0006872494822176556,0.0009741466561514756,-0.00026030104411989274,-9.642150456401488e-05,0.0004049068805187517,-0.008477651907437544,-0.005268982394279087,0.0004545163874229985,0.0010587417472922578,0.0006111581514844922,0.0008702281864418904,-0.0015995259025700648,0.0017297514150882431,-0.0005649530427390692,0.0012060805901696892,0.002717424386158962,0.0006841718575023581,0.0002349254351232677,0.0003320852090742399,-0.000778344587579638,0.0008368949712689311,0.00041529209824786584,-0.006224382683010288,0.0017395486181666087,0.0005593034041850853,0.000146110257094767,6.551318314373944e-05,0.00016515874551004117,0.0009007273512353642,0.001051246878273071,-0.0020607173205254847,-0.013624723619011125
-0.0009732863863344265,0.0010460510596475014,0.0008393038123388763,3.11393674699012e-05,-0.000106665573514797,0.00016221609624245126,-0.0003150364033728259,0.0013853625879896025,0.0006226597937708522,0.0024094822813887085,0.00169784594173783,-2.639380416691317e-05,0.006197567354147671,-0.0022475308411681327,0.00100506729679406,0.00011671143273006557,0.002490559981643381,0.0009505901846347253,-0.004889608631097109,0.0005460784189172951,-3.6215249129556426e-06,-0.00023222534814748563,0.0010386641676438657,0.0005202536489783416,0.0004745926048290716,0.0015086867782712066,-0.014618231641224999,0.0014755784856230747,-0.00011495983862053194,0.00031179475382536737,-0.00971831964823755,-0.0008394321108490255,-0.009859605704586438,0.0006558384192854039,0.0009686497448435638,-0.00024343145806970945,-7.144217676680054e-05,0.0004013601797523414,-0.008429024702844679,-0.005414420977338685,0.00042643212078008474,0.0010697126400838197,0.0005897430596173425,0.0009358457536774445,-0.0015764149315397047,0.0017192892774977597,-0.0005666418206642376,0.0011794908105777768,0.002833499368301906,0.0006008353983715242,0.00028524780912619896,0.0003647287719490411,-0.000941140094353532,0.0006872715332677526,0.000290468881294359,-0.005685922150778677,0.0017232175255679216,0.0005836661239053687,0.00021837529420176693,8.470902141111125e-05,0.00015698004778741392,0.000894537215354374,0.0010209275519537098,-0.0022348649082069016,-0.014297434148414778
-0.0009905406188691623,0.0010906208099958903,0.0007772582003107154,2.989739755743237e-05,-0.0001174269681522011,0.00014486170021910105,-0.00035898566460368375,0.0013219623930451618,0.0005995862741601243,0.002464223376094088,0.001646835677805214,-2.3676556163421125e-05,0.006073459500272271,-0.0017230055456651794,0.0009834803128101477,0.00010494101466851369,0.00246793392617084,0.0009738327694246429,-0.004754552933836975,0.0005336654549787934,-1.3129646188048127e-06,-0.00020972996202217598,0.0010117813938228526,0.0005127196374452581,0.0003210147871186564,0.0011028974964266691,-0.01469668645248523,0.0013632609959370878,-0.0003797888457789389,0.00029813130293732115,-0.009038209067849023,-0.002312512231914532,-0.010423753532545876,0.0006305290604291525,0.0009826312294847206,-0.00023226899480122132,-1.762268305460779e-05,0.00036316227994892536,-0.008319823523979863,-0.005438920038322581,0.0004010257014670504,0.0010525347001546503,0.0005626808613461431,0.0009469828166341898,-0.0015919948111990934,0.0016990233685572065,-0.0005719648406721234,0.0011430671463525943,0.002877826092630098,0.0004994023606703646,0.00032774658644574295,0.0003707641224783842,-0.0010446890230380035,0.000540414069027495,0.00026004895492293123,-0.0059958047978935225,0.0017028123146698437,0.000596965401237215,0.0002885659138214258,8.4182177911174e-05,0.00015505630899226297,0.000831010045118985,0.0010307585621951443,-0.0023627541100482707,-0.014215492658904094
-0.0010222087612796749,0.0011293846678681607,0.0007195021756305486,2.9333840343204187e-05,-0.00012651318162915093,0.00012743119869096375,-0.0003754201708384697,0.0012642384239092141,0.000636268559043307,0.0024729419789844,0.0016092766858057939,-1.9316242653943938e-05,0.005814824929585294,-0.0014121197177656697,0.0009701126432379858,0.00010267882773007386,0.0023803890495426305,0.0010137694771172878,-0.004674496689060836,0.0005291234027351432,-2.184369696456301e-06,-0.00017255840055352412,0.000987529830748013,0.0005075621269687858,0.00016801906086283402,0.0009129788747277434,-0.014849916684289921,0.0012492254196838637,-0.0006354496074236771,0.0002916164349728856,-0.009219764216501392,-0.003751561917307855,-0.0104763794662045,0.0005946972346408952,0.0009751465609739718,-0.00021525937272481865,2.7147841561658836e-05,0.00034540635232405137,-0.008177350295405339,-0.005361951756404748,0.0003719982557490731,0.0010731454811010455,0.0005312870962677074,0.0008922997665115062,-0.0016445960999709186,0.001672342889303069,-0.0006038698296568779,0.001100785827223394,0.002849231455965162,0.00039246910732160245,0.00034362853705038887,0.00037132557002816924,-0.001141550073283204,0.0005333381344638788,0.00021036981827537993,-0.006179775722561454,0.0016675280235960432,0.0005599543026322262,0.0003261147009334664,8.908749065317245e-05,0.00015086631957883512,0.0007687766589217215,0.001057032393613877,-0.0024340695954827574,-0.013767029995165214
-0.0010725607396115944,0.0011600300442446976,0.0006748685535500343,2.8094748879103904e-05,-0.0001303721704695171,0.00010826515819761795,-0.0003514627364931133,0.0012178111809275638,0.0005262758577853077,0.002478796496297342,0.0015836542527101205,-1.940230732122572e-05,0.005650626255433888,-0.0011594227415552272,0.0009547040326367551,9.627609495144185e-05,0.002349853050498396,0.0010520077574662778,-0.00471857899239847,0.0005294189176658914,2.7414568462003075e-06,-0.00016855206172072812,0.0009709348502084936,0.000507232808033109,4.881519242561083e-05,0.0005639012401124077,-0.014917748083888571,0.0011555997829624243,-0.0008350681707355312,0.00027650732060013894,-0.009430975187958102,-0.004767497620211225,-0.01003575167278814,0.000559386863441258,0.00094970982026088,-0.00020692311144621112,6.0173225753468174e-05,0.0003486352766428613,-0.00808244435487726,-0.005203646838613518,0.00034111471736797405,0.0010215069259051912,0.0005033466695274491,0.0007590836014819136,-0.0016227062689101457,0.0016184676995241176,-0.0006326372086178367,0.0010510136106729462,0.002725928767423502,0.00030858565997715637,0.000315958640923375,0.0003896926994506611,-0.0012472744471698771,0.0007636450883508061,0.0003612790163138868,-0.005853871408102118,0.001618354386476284,0.0005290044843520025,0.0003279640572173559,8.446199266809451e-05,0.0001397105903215845,0.0006496549668324469,0.0010587336887295518,-0.0025147621318569735,-0.013318550797631001
-0.001175186803778483,0.001039522395628767,0.0006425902320690291,2.5714446658220425e-05,-0.00013424289955377144,9.808379441733628e-05,-0.0003448656963276342,0.0011809988394970716,0.000510765356361631,0.0024968123505546558,0.0015719360333918964,-1.830753854825673e-05,0.005454405961512476,-0.0010856112962848163,0.0009309426017460876,0.00010019496521307403,0.002247189627935242,0.001083661808563452,-0.004374649083353721,0.0005407306455105232,5.527951753681037e-06,-0.00010612934680775954,0.0009515536228901222,0.0005062722400144271,1.5331982612165618e-05,0.0003043478195801086,-0.014822203964017011,0.0011002866102882702,-0.000937173974380312,0.00027724855032729145,-0.00919697072287673,-0.005197472838360362,-0.009195562414811786,0.0005389526093018127,0.0009533791985576467,-0.00020070763445667605,8.119909767390077e-05,0.0003398266458736199,-0.008023888070071816,-0.005045481221471748,0.0003140989994554477,0.0009759596424077088,0.0004729364844802131,0.0005259488040294524,-0.0015824924580801758,0.0015582353980740926,-0.0006399104939250888,0.001012934921981845,0.002519581136600779,0.00021275747717086624,0.0003053276889657397,0.0003777980076409282,-0.0013958941654707013,0.0007062670662314474,0.00041168176302908144,-0.0058729861187686305,0.001558357793852272,0.0004553197525756225,0.0002730471149854363,6.658972190631829e-05,0.0001272667129161853,0.0004659401871593971,0.0010446760101283648,-0.0026272491775185536,-0.01287008813389201
-0.0012129532378711838,0.0010104577539733484,0.0006298366712946812,2.5769836619948805e-05,-0.00013920905301967323,8.791007655450933e-05,-0.0003726134790619229,0.0011572712384630979,0.00041263995183205004,0.0026391219232404506,0.0015550492683191752,-2.2344156269227256e-05,0.005403242320601853,-0.0005637802545221948,0.0009077246842112974,0.00010704660052707204,0.002084665187869872,0.0011088506470753323,-0.004073116745682337,0.0005261876039726054,8.752544168766363e-06,-0.00010547678636696478,0.0009292083871084156,0.000487667949703674,0.00010143132859607995,-2.1988842059728064e-05,-0.014693572395947152,0.00109444853647922,-0.0009249294704319899,0.0002763511210184255,-0.00805000060167571,-0.004719559369339321,-0.00810025772769718,0.0005263835604345513,0.0009485853396025146,-0.00021484000548488424,8.857849719556832e-05,0.00033385094695526085,-0.008030902528850636,-0.004756138162632095,0.0003047379304081943,0.0009714282893666937,0.00044081634810111403,0.00025136490396127087,-0.0015049471537973425,0.0015162115415963129,-0.0006389824426743518,0.0009835296946911765,0.002247335036127618,0.00010719612693854685,0.0002922821299351508,0.0003894646329254403,-0.0014172759087615061,0.0007250574056780756,0.0003566052511245754,-0.005615211499441997,0.0014997346113931886,0.0003419793093524248,0.0001810836036650887,5.694463745120615e-05,0.00011904443748256277,0.0002971611331292756,0.0010458648133297999,-0.0027828142555867963,-0.013536945699759162
-0.0012790213115924098,0.0010031882986916152,0.0006300986994371982,2.308768735481692e-05,-0.000144189441721565,7.87632356658019e-05,-0.00034675523151894705,0.0011369785750658945,0.0003119523680434888,0.0027224956421167956,0.001537084840617986,-2.0576988273068864e-05,0.005187481539556504,-0.0005881046185890471,0.0008861539023976572,0.00011754615610515273,0.0019780461894893797,0.0011249690198973372,-0.0038878321450119824,0.000515610131710309,1.3042383960604198e-05,-0.00018765430205824885,0.0009019226424429316,0.00047391591462719873,0.00029163196410464387,-0.00016731743193709736,-0.014720953731538922,0.0011292729237397658,-0.0007979561498948629,0.00025941807980678355,-0.007219472762288626,-0.0034631657547306016,-0.007002492720484921,0.0004988220476120908,0.0009256069306746717,-0.0002352197957756763,7.651188324220293e-05,0.0003350011017093646,-0.00804312408655461,-0.0046117980301727535,0.00030196173070207166,0.0009991318698288065,0.00041351353386542833,2.7160347881860503e-06,-0.0014065574755973698,0.0014553072838925374,-0.0005741300127275473,0.0009590729016013544,0.0019514549464905162,3.0249860076381196e-05,0.00027379458446974425,0.0003847891032036088,-0.0014040440561816636,0.0007604799264506745,0.0003025814833090834,-0.005645222951014439,0.001439704612105075,0.00021435722430185322,2.4343603210352782e-05,4.447806142660049e-05,0.0001069155325827964,0.00014938570409639418,0.0010057670371588223,-0.002939344083662365,-0.01443015092329436
-0.0013690919343165575,0.0010071867812013746,0.0006375135537828314,2.3267980468810734e-05,-0.00014735717974001528,7.452999116575043e-05,-0.0003119670623370485,0.0011209578558026845,0.00020083596138809057,0.0027784449876653294,0.001515795745821169,-1.1393263628867167e-05,0.004897949672539648,-0.0003226797073621057,0.000875357841204627,0.00012536612747138243,0.0018240186076350362,0.0011290904249969813,-0.0035190763937963387,0.0005348502564039848,2.1149962220912144e-05,-0.0002742564620155097,0.0008729423865236896,0.0004638649023642749,0.0005122592211392885,-0.00020635337764618455,-0.014843253395736333,0.0011798439739323374,-0.0005592951599686646,0.0002553075519922121,-0.007089723874280973,-0.0013919810713826086,-0.006110730136237419,0.00047231036064543375,0.0009084290853824672,-0.00024736731807717405,4.361738054914355e-05,0.0003257106775582663,-0.008172564213475675,-0.004509249917422409,0.000299769093075275,0.0010186266949248068,0.0003875795395165138,-0.0001934696400561764,-0.0012395032540589712,0.0013977202186803428,-0.00044573807445347224,0.0009477058039772945,0.0016906724293890285,-4.372637469396423e-05,0.000281768160543594,0.0003707606758225346,-0.0014712772313636435,0.0008309819024772125,0.00020018728157733534,-0.005564969968367417,0.001379845016418857,0.00014562965919706627,-0.00019646691321639764,2.336862673280038e-05,9.455493203303078e-05,3.309902059589476e-05,0.001012419887298055,-0.003056074298780298,-0.015326332229983697
-0.001375183798213886,0.0009160548039346406,0.0006570008264001892,2.2443937097493816e-05,-0.00014023376042204827,7.954584748448568e-05,-0.00022425383235125107,0.0011175336214717113,6.398777339056139e-05,0.0028216951211612606,0.0014870452397810485,-5.427173843775002e-06,0.004547277789498372,0.00018690858911485364,0.0008633128010391289,0.00013878029936242875,0.0017530483177030654,0.0010849394721246242,-0.00318970216896175,0.0005680011086015568,2.7717235615343228e-05,-0.00034636803342480427,0.0008466356363130423,0.000449700805383646,0.0007250401437992604,-0.00029429106712808295,-0.015099940044739024,0.0012447483874946652,-0.00019830443387924834,0.0002552382796672248,-0.0070108753878158625,0.00166021742443756,-0.005541068106913349,0.00045958088678488274,0.0008913459902031295,-0.0002536956095237075,-2.102084759880718e-05,0.00030893246292351684,-0.008283882323514513,-0.004474593326285969,0.00031151270138929377,0.0010547471686535026,0.00036698070338458955,-0.0003052778707604009,-0.0011693432912266433,0.0014333400131076868,-0.00032808982061693914,0.0009546645311628854,0.0014721516789717448,-8.301774258367978e-05,0.00026600522934616677,0.00032678815786013615,-0.0014989259323674453,0.000841348467588876,0.0001930397421805452,-0.006010274764564616,0.0013274365311743974,5.494251194781974e-05,-0.00043412803552489443,8.339356836861711e-06,8.027424662615523e-05,-0.00010443296469386798,0.0009814078275833804,-0.0030967009832009174,-0.01622846570298131
-0.001376567967936615,0.0009528296987901808,0.0006790942186734039,2.0663024741907066e-05,-0.00014413224056297747,8.128743245050529e-05,-0.00011957229602477248,0.0011048331759189178,-5.403206434539953e-05,0.0028491336241294185,0.0014541106579344376,-6.821496318809572e-06,0.0042795196862364104,0.00046107893807323386,0.000844457063098325,0.00015063719082686333,0.0017189295725654752,0.0010269907270397116,-0.0029005144598832633,0.0005876836673184282,3.412525543611267e-05,-0.00042204885488006383,0.0008161650246556462,0.0004341551410866895,0.0008938501881528005,-0.0004790255867597182,-0.015249754950062422,0.0013092029801440308,0.00018560071454798432,0.00025066196680190167,-0.006933745751634968,0.004770214273201789,-0.005560467691014037,0.0004483369894496825,0.0008467460086225564,-0.0002580146562027874,-8.760070610103199e-05,0.00029420774336297306,-0.008506943356934804,-0.0046488026596465115,0.00032743958269776385,0.0011162552649248703,0.0003513666387631176,-0.00044322636619176237,-0.0010770241604947106,0.0014363221536817239,-0.0002521120313244696,0.0009621797520091846,0.0013505140167238139,-0.00016131593437085368,0.00026789673039506745,0.0003283957294308859,-0.001425752543497305,0.0011117682555159547,8.076880028062838e-05,-0.006081971504847683,0.0012765601271751414,3.154307728259198e-05,-0.0006035478397747873,-2.007927068836679e-06,7.005498889789408e-05,-0.00023180308285797313,0.0009926413855374516,-0.003138816033393055,-0.014890137642357804
-0.0013143695608560657,0.0010142619704911482,0.0006921314210723839,2.484444226191762e-05,-0.00015530982452438558,8.150855776078991e-05,-3.51617986198427e-05,0.001086899737863023,-0.00021426837522542375,0.0029126603028826192,0.0014180091669102612,-8.567867498587844e-06,0.004110246250824456,0.0005621553957666503,0.0008347510375932288,0.00014783279548336026,0.0015801824848542534,0.0009661521406305607,-0.0028712709729213914,0.0006091417627585027,4.0385704072276596e-05,-0.0005233747185060533,0.0007865499007024823,0.0004055384903389747,0.0009947127364686725,-0.0005672646881372811,-0.015451096487832383,0.0013502880783335947,0.0005370911912043752,0.00023475685476515018,-0.006128323132504443,0.007699679686226091,-0.006134981619936197,0.0004248214394118044,0.0008011841118433782,-0.000234080038971074,-0.0001467464788719175,0.0002976730465260591,-0.008760699594234422,-0.004769539161320058,0.00034519417319067713,0.0011675292528108283,0.000333023689345735,-0.0005069064685677693,-0.0010219009156864356,0.0014702969671358534,-0.00014753229580644067,0.0009713318780888436,0.0013262726907048439,-0.00021523535373135783,0.00028155551434605464,0.0003030134289132569,-0.0013082713164889181,0.001382431651482996,0.000127893035744453,-0.006201615620055834,0.0012230713473957433,6.512280642301249e-06,-0.0007377093097632459,-8.970047575163065e-06,5.749885770511831e-05,-0.0002981099927392705,0.0009652981727490406,-0.0032186472356758866,-0.013568194572877723
-0.0013401226833209545,0.0010121842064123587,0.0006990281169274581,2.733676187061107e-05,-0.0001577381721319382,7.811713883354443e-05,3.443435763261782e-05,0.0010721663069230836,-0.00025026261468985567,0.002988070033924206,0.0013734345236637857,-1.4220648206220154e-05,0.0040541897643247005,0.00045132922198143355,0.0008184684356651317,0.00013129156027580358,0.0015053183795901148,0.0009050116216959836,-0.0022054437595997456,0.0005967998338840541,4.293942065181078e-05,-0.0005986028066410354,0.0007538820324646256,0.0003856401615105476,0.0010326289956918977,-0.0005924815601328071,-0.015658806609925913,0.001354412639151592,0.0008102477721301238,0.00022512637680649483,-0.00430101740479838,0.010120142136497146,-0.007107903744326238,0.0004213979566241033,0.0007508483281462031,-0.00022241563062441738,-0.0001928171193388284,0.0002926580836737358,-0.009024538296137141,-0.004725153693455941,0.00035925180171680893,0.001174871220891216,0.00032840716886473054,-0.0005373938360748731,-0.0009389474826949629,0.0014451807034243647,-5.6291898002158725e-05,0.0009743626336997657,0.0014033005758511408,-0.0002802942435019551,0.00028288735939185905,0.0002926134881235942,-0.0012060373077764641,0.0013586602631070477,0.00016993257992337085,-0.006072369517172271,0.001181421105463265,1.0073421700118601e-05,-0.0007943405003669746,-8.243579314060057e-06,5.023532186121393e-05,-0.0003705462198376752,0.0010107848430183086,-0.0032692215961496185,-0.012219466755010178
-0.0013410440325212214,0.0009812007561831315,0.0006994942547347005,2.7998267044804237e-05,-0.0001549460300540595,6.766144830705478e-05,4.749515069324417e-05,0.0010386593389168919,-0.000244919074600336,0.0030417968205482815,0.0013197644632312322,-9.639523498417013e-06,0.003927613154372178,0.0003786407609884801,0.0007955322507160467,0.00012478209393274042,0.0013979549841203198,0.0008466147226451337,-0.0019377819435559829,0.0006044904048847499,4.8382339153940634e-05,-0.0006434986213615934,0.000722670073200149,0.0003698326411862851,0.0009416084849602768,-0.0007114522144430202,-0.01578720146214485,0.001271407668431701,0.0009607504066782013,0.00021528382170465932,-0.0029385714322387457,0.011695249578240086,-0.008329117310556078,0.000429351464809713,0.0007070179316570613,-0.00020810370060608818,-0.00022595056796592683,0.0002638151050584625,-0.009317710187490724,-0.004467029490883068,0.00036951988739142294,0.0011161949069624644,0.00032524128562050336,-0.0005292920361148479,-0.0009233688683629726,0.0013780615155603027,-1.3926491969962207e-05,0.0009657028215235286,0.001555106711097043,-0.0003150705907961626,0.0002873433563768124,0.000283892528518237,-0.001132369909326747,0.0012906751430477037,0.0001429271548405442,-0.006344214684013028,0.001149042785254073,-1.0098674926961593e-05,-0.0008070518310363539,-5.47520466642748e-06,4.071323263099558e-05,-0.00045922105872919783,0.0009954433636547577,-0.003222486045644346,-0.010996776058720625
-0.0013349812134321182,0.0008072197057982233,0.0006960631322572297,2.8767915806637845e-05,-0.00015275631398592449,5.680495341886527e-05,9.130561010950444e-05,0.0009889670858200805,-0.0004267536081241641,0.0030980524792385555,0.0012525637307587711,-5.66611500074643e-06,0.0038064721970780813,0.00018068881573896078,0.0007686119753769205,0.00011916995818372911,0.0012879226941282518,0.0007961938281257908,-0.0017624797184314644,0.0006011489018720173,5.5031183765708036e-05,-0.0006725335218203954,0.0006966012940019528,0.00035538600724094316,0.0007731785875253472,-0.0006802785338516637,-0.015773269333677065,0.0011317541856288305,0.0010257172477916576,0.00021183310485839435,-0.001645732273357181,0.012627746737033041,-0.009550379656484642,0.0004384841616771329,0.0006897216181858123,-0.00020867497454457595,-0.00024895797414925536,0.00025626956249125143,-0.009604437430055457,-0.004215669988263726,0.0003685385662755003,0.001052856309865513,0.00032134419499318945,-0.0005492252284172716,-0.0009723982955376353,0.0014118191414096426,9.056933484474783e-05,0.0009540377133514522,0.0017363389707689691,-0.0003690840667712747,0.000274319863123651,0.0002665138490673957,-0.0010524100752813403,0.0012493785061675755,0.00036951021939124473,-0.006702049518625963,0.0011300345200733197,-2.8504440845567025e-05,-0.0007562003555354746,3.0391202978652387e-06,3.8340448736517985e-05,-0.0005248097434179533,0.0009588536520026558,-0.003108476534405935,-0.010523876445527103
-0.001282530503228796,0.0008341132044871191,0.0006835088781509402,3.221103813455528e-05,-0.00014901053353955085,4.43037106201416e-05,0.00010772428118110966,0.0009343735221940541,-0.0005451035923261793,0.003164306409167983,0.0011899813402778125,-3.2604917418188606e-06,0.0037289185081590404,0.000376546645838971,0.0007427029005968588,9.715169450585925e-05,0.001337550202876292,0.0007223058673015981,-0.0018352533054291076,0.0005977958429157493,5.846419380217682e-05,-0.0007182740092165352,0.00067893941918995,0.000343282123677513,0.0005581436976156429,-0.0007393409200564527,-0.01554448750896431,0.0009701865075339988,0.0010091995780470153,0.00021613062435732466,-0.0003043580668208312,0.012910883872204737,-0.010508220948553193,0.0004527229593229709,0.0007028510440114655,-0.0002073880317441379,-0.0002417753536321232,0.0002510584869011012,-0.009862184225528203,-0.0038246972047236705,0.0003618831564631275,0.0009951660503251247,0.00031046521826194606,-0.0006343611586483444,-0.0009153992619017615,0.0014419837160288829,0.00012963322430925572,0.0009342353953272209,0.0018881834230684014,-0.00039834673650174235,0.00027276050294178233,0.00023993489500462317,-0.0009681087057870075,0.001337639139284752,0.000488744853271772,-0.007143157775309161,0.001115851437927251,1.2613481296996909e-05,-0.000662273940334468,9.67063606593932e-06,3.57464368276883e-05,-0.0005453085720777961,0.0009666412184379247,-0.0029677832744866572,-0.01005097683233358
-0.0012150233441384772,0.0007854994412208605,0.0006625910720774453,3.5707895989389726e-05,-0.00014307191445694922,2.8912294332883448e-05,0.00013863281616099954,0.000879065367357379,-0.00061701585703966,0.00319778721774,0.0011389409925424143,1.740943886829882e-07,0.004124799891420006,0.00023841394415269335,0.0007137639737855306,8.315700020489203e-05,0.001406482559689115,0.0006526780997433423,-0.002117601031040084,0.0005835609598701108,6.232602182976166e-05,-0.000747216644921167,0.000661371825122048,0.0003375173701494205,0.00031653618001770134,-0.0006745173225480849,-0.015256062762144307,0.0008100728885862551,0.0009365309343765116,0.00021048611876928192,0.0008783468565192187,0.01269618873601619,-0.011030878819445089,0.00046782577572113127,0.0007046581367315952,-0.0002163817456279915,-0.00021196022020875116,0.0002415954682699617,-0.010032441455248509,-0.0033179153008565665,0.00034325029528115003,0.0009629349272266552,0.00030882807916032817,-0.0007720806171800376,-0.0007819999070491912,0.0013703141135676944,0.00015207738769595913,0.000897428715639137,0.0019842671111176546,-0.0004697061313664319,0.0002692770975190051,0.0001924429324446919,-0.0009492411720570804,0.0015144178520127838,0.0004884644486438106,-0.00723130758005619,0.0010940036908746453,3.837646456927857e-05,-0.0005380234263934192,1.894345457476021e-05,3.0416927713217135e-05,-0.00048304167355561756,0.0008942621238723358,-0.0028050447232580433,-0.009574952331828146
-0.001172052200328677,0.000684640664153191,0.0006378742199206755,3.572425203435259e-05,-0.00013366536224668213,1.752715333003252e-05,0.00011063653433152076,0.0008344470431973505,-0.0006817183320521059,0.003362019528412752,0.0010892288582504683,5.0934890325482485e-06,0.004574507966064623,7.609257646046252e-05,0.0006868443696788074,7.239268655223619e-05,0.001347354876684248,0.0005981799615268901,-0.0015768213700684264,0.0005853328938576485,6.465595504723254e-05,-0.0007309180306291907,0.0006521408428847852,0.00033417044111128114,5.4898088025057135e-05,-0.0007277230004146817,-0.014784896390464097,0.0006690680588581355,0.0008477521486514039,0.00019832928150242957,0.001182686617644757,0.01224534625038598,-0.01097981819025795,0.0004566173839966048,0.0006895866796923222,-0.0002281878095125034,-0.0001654772739545507,0.0002280761611861415,-0.010162179525930903,-0.0027418734049279303,0.0003102620996915384,0.0008450964221156099,0.00029994573758296283,-0.000872109879768046,-0.0007669894050309489,0.0012555009015546847,0.00019997259670501144,0.0008540807986099352,0.0020247348379129892,-0.0005413177414180792,0.00024242956461706378,0.00013527337166774345,-0.000834786952494615,0.0013991509894415444,0.000748036692050924,-0.007099600395573669,0.0010655973229520832,5.7286021909241924e-05,-0.0004280765028293887,1.6983125399550048e-05,2.654908390664623e-05,-0.0004729279848553203,0.0008399079647976038,-0.002665755440233508,-0.009539966820971801
-0.0010600968641705233,0.0006716116194935839,0.000618141853251597,3.9634987770709174e-05,-0.00012253383616234181,1.3630362862393497e-05,8.772579088933696e-05,0.0007942839045602668,-0.0006956337713134308,0.003495245563730265,0.001051638069085259,3.979420626132324e-06,0.004996048691542576,4.596963923964026e-06,0.0006689209740224911,5.966254419287331e-05,0.0013084026474028398,0.0005639538626542873,-0.0013777271652797296,0.0005242226857291588,7.155473007380841e-05,-0.0007769679064445478,0.0006468880780885478,0.0003290107010913701,-0.00017596151204035682,-0.0007661105662972734,-0.01419979762958179,0.0005458617208826677,0.0007657228301223284,0.00018094174963989573,0.0011070361461904543,0.011710048607649126,-0.010322951367025768,0.0004512015208730791,0.0006842158914934782,-0.0002438614210472645,-0.0001224451645738256,0.00022313946526009154,-0.010227441115594926,-0.0020172128812441237,0.000272044513131231,0.000706749220120706,0.0002963579478039158,-0.0009487428404472142,-0.0007940760353227772,0.001113138645110423,0.0002674767515467025,0.0008072183334877359,0.001994210070289215,-0.0005447960429291188,0.00023279777368001575,8.688264879164187e-05,-0.0007632488777491453,0.0013587837072404074,0.000886229498812563,-0.0068482866925848596,0.0010379438529710683,6.372419967659582e-05,-0.000350701823824795,-1.9499474345208156e-06,2.267959283308585e-05,-0.0004880368218436182,0.000832759591184562,-0.0024969966917177677,-0.009995009935240384
-0.001020570993458203,0.0006945587558173649,0.000605127482741441,4.033345545462197e-05,-0.00010858318227824348,1.0671089819780377e-05,7.526705955296364e-05,0.0007624117911178008,-0.0006921880628046884,0.003640934556351061,0.001019902113309934,7.565479636095773e-06,0.00525580108684065,-5.331956945664462e-05,0.0006486991848604351,4.593218093784657e-05,0.0013269116267835557,0.0005467397308001054,-0.0009650491307626741,0.0005040090974224309,7.654497574627328e-05,-0.00082412636352025,0.0006431905190322773,0.0003254937309282724,-0.00035795658659720786,-0.0005857853191677531,-0.013458803237432204,0.00046836140380102087,0.0007251791658129392,0.00017046855086499946,0.0024539565817387476,0.011374165538424741,-0.009114692436947625,0.00045699564240608836,0.0006704638715118172,-0.00026221399688919345,-9.035019337055861e-05,0.00020506000888720344,-0.010195021196969911,-0.001310358255355526,0.00023354562901634068,0.0005632230412409012,0.00028799435948889673,-0.0009980675800721484,-0.00082303610172485,0.0009348971546609963,0.0003289412443654438,0.0007518694895374267,0.0018593844339269694,-0.0005070103890971733,0.00019312162794205,4.636242945688096e-05,-0.0006771231351870854,0.0011361467932387015,0.0009373271973311947,-0.006858865754792998,0.001008678571360111,6.90314409563797e-05,-0.00030014169223835374,-1.2949282211516255e-05,2.06306617136498e-05,-0.0005766331942442804,0.0007860699452091335,-0.002369400362076335,-0.010445539323391873
-0.001001542213019957,0.00068389879403985,0.0006051624280676293,3.996728718780318e-05,-0.00010416401393464891,1.5367131237731257e-05,9.627432826464499e-05,0.0007400915642694628,-0.0006812710785021325,0.003754002186608041,0.0010018191065963578,1.13013271934026e-05,0.00559475232933182,-0.00026233857445423503,0.0006233803782689229,2.698188448668759e-05,0.0014271361481559275,0.0005073894427183312,-0.0004071759442725309,0.0004764470167000212,7.287675289191498e-05,-0.0008640583344556862,0.0006446477587869204,0.0003186519349589467,-0.00042685388556862325,-0.0005804472273871486,-0.012719462844759666,0.00044504967490177627,0.000758817983351534,0.00014860033206387513,0.002949524886035393,0.011376288850443839,-0.007518148915352074,0.00045263738116108065,0.0006144397014717917,-0.0002821126889998027,-6.921133650217293e-05,0.00019575029162077762,-0.010074789539782358,-0.0006205275300592561,0.00020892827318341745,0.0004557986172986084,0.0002789356259609299,-0.0010684732661482288,-0.0008331469192444096,0.0008388596148898309,0.0003398842238981903,0.0007043269252962059,0.0016506541762744131,-0.0004429978917953603,0.00014929102820815388,1.3111412553445945e-05,-0.0007092365800598355,0.0009228985525751021,0.0010446768103944404,-0.006971710534483977,0.0009701006990430194,5.768663785232775e-05,-0.0003068337798334264,-1.3554674914928455e-05,2.012893400760163e-05,-0.0005953985697167985,0.0007089233614281376,-0.002290987534900868,-0.010905079629982217
-0.0010113008291471326,0.0007624153200374018,0.0006297914666280047,4.0633527007116754e-05,-9.242620455041095e-05,2.2052559435437047e-05,0.00012227980261725335,0.0007324784217646041,-0.0006081429004535233,0.0038549285075943907,0.0010157687530545356,1.664746597085376e-05,0.0059100998199626,-0.00048141383722299924,0.000595326298238108,1.9188792233837404e-05,0.0014923705043088376,0.00046679218493661523,0.000545066823079754,0.0004245724771876347,6.982896134766214e-05,-0.0008754717571539672,0.0006362440107408052,0.0003246475807701099,-0.00033687446829977485,-0.000425436194544937,-0.011845799198472506,0.00047931197926964764,0.0009028613178565514,0.00013556724744367976,0.003401495471654803,0.0120401103875738,-0.0057227257728637015,0.0004536901204057475,0.0005501466601713911,-0.0003169025275630011,-6.026850100671055e-05,0.00021529831551170275,-0.00984393935404948,-5.487691023053909e-05,0.00018911298083823525,0.00038156109044451547,0.00026958743619975856,-0.00114593164213872,-0.0008431691440622391,0.0007614333368313186,0.00031393964629322646,0.0006669267360892572,0.0013738397579163841,-0.0004021793920153671,0.00010828315058253324,-2.5538370222233375e-05,-0.0007477196781056072,0.0006554856043861079,0.0011718167649126254,-0.007145149105778126,0.0009215723506388329,3.671477430589043e-05,-0.0004106961437579937,-1.953988258596162e-05,1.946216508108556e-05,-0.0006686088045495531,0.0006291846233028586,-0.0021964535713472344,-0.010921084343833543
-0.0010058029365525023,0.0009165160125388372,0.0006564927683279098,4.3062318983322356e-05,-8.364193114773766e-05,2.959630076726505e-05,0.00014742001070344735,0.0007344371667779015,-0.0005294074435853169,0.0038851165973390334,0.0010182922086765522,1.2513227195976029e-05,0.0058738992717490834,-0.0007128887877863033,0.0005710065868704817,1.3521285037176867e-05,0.0015288366908245976,0.0004251982110250463,0.0013929157980261397,0.00037732353259278817,6.48451654927662e-05,-0.0008900348854579132,0.0006287988006510314,0.00031289129455402964,-0.00020056208136931541,-0.00023634359342694644,-0.010930256211181488,0.0005438471409444645,0.0011263792774796055,0.0001257624394184198,0.004350173977961225,0.013133597073723857,-0.004028721991746975,0.0004592814575363757,0.00047251936260162,-0.00034417680072929,-6.76872853960786e-05,0.00022330470392173396,-0.009599971751957703,0.00043386374703557884,0.00018019877034092247,0.0003035222289524686,0.0002572672025655809,-0.001158099929030043,-0.0008653014830625194,0.0006660526308459591,0.0003263894213840768,0.0006411555062886265,0.0011156751050538372,-0.0003409011033321807,8.056357816799142e-05,-9.18240561351702e-05,-0.000778434818474949,0.0005067831154830227,0.0012719228430033702,-0.007330610804429982,0.0008780988578500626,1.0503075366541381e-05,-0.0005394666199199927,-3.034266535806296e-05,2.0563827582087413e-05,-0.0007077481470946223,0.0005562096086542123,-0.002028609260507408,-0.01069319904320265
-0.0010220951970810743,0.0010378972093494365,0.0006791976773223851,4.551981474198996e-05,-7.24925421378142e-05,3.826589496491728e-05,0.00016610446964149261,0.000743813663752535,-0.0004253493893605631,0.003990833840502805,0.001015134880054891,1.2059112673323824e-05,0.005972360652122699,-0.0009255845510324212,0.0005391757810757625,-6.014824240341277e-06,0.001622206979280394,0.00039877056087300744,0.0017584828936179075,0.00034714389472623175,5.608127091027981e-05,-0.0008632538882218377,0.0006190292955405852,0.0003091202525451475,-7.677358348956442e-05,-0.00016752503332406743,-0.009946916246139192,0.0006146514199110165,0.0014185185741735218,0.00011227254582335533,0.0052136896736934,0.014528027330398485,-0.002616527891037279,0.00046157576131533595,0.0004034596007000957,-0.00037270681526424543,-9.174294774461078e-05,0.00023519453177711647,-0.009287210704240212,0.0007873529919288913,0.00018154475502352163,0.0002739912336580108,0.00025322940694283425,-0.001121764276382331,-0.00090325263115687,0.0006125370291052423,0.00036828229645657906,0.0006236630316325265,0.0008924043507010371,-0.000291506024355237,5.188417839430137e-05,-0.0001232532981597645,-0.0008439641113680008,0.0003594351036837473,0.0012850158561827918,-0.00746654836301508,0.0008491500158975818,-3.4415544688526367e-06,-0.0006607824140753005,-3.4170902351471355e-05,2.507594762723997e-05,-0.000721720974758977,0.000534808547915544,-0.0018601360571526282,-0.010467562338732472
-0.0010554382966428966,0.0011879166394310747,0.0007063958948501092,4.9149928631031514e-05,-7.021469005941139e-05,4.4442886520057456e-05,0.0001858843312791958,0.0007432880170046285,-0.00034558551363683687,0.004093196922705378,0.0010036274900799835,1.5038648541354505e-05,0.0059520672806598895,-0.0011862002246264547,0.0005142621676037518,-3.356612837890349e-05,0.0018209810369520518,0.00034793242537056734,0.002219847161936128,0.0002988958368559391,4.8687867625352155e-05,-0.0008756474318893925,0.0006076410313484715,0.00030325866764124854,7.351672429201095e-05,-0.00021020232680202255,-0.008956709507955574,0.0007046826119838645,0.0017428740800944365,0.0001021968108818605,0.006762742546886136,0.016038839063733157,-0.0016442222005293994,0.00047177109037233045,0.00034713397708885374,-0.00039037480307468897,-0.00013163981823116622,0.00027114475817180406,-0.008888257885299455,0.0009773334817484436,0.00019199691508253736,0.00026841923458076344,0.00024277264942473842,-0.0010206758956405881,-0.0009271084649474792,0.0005650094699851671,0.00038386074699570116,0.0006202012864517936,0.0007389559481030261,-0.0001866957126566149,4.24157421023974e-05,-0.00015231900199397241,-0.0008874175128354977,0.0004716258573678189,0.0012152985336135735,-0.007700286621494246,0.0008249931336357097,1.6837763733512645e-05,-0.0007828053509385535,-3.6726764559902314e-05,2.4400403257685e-05,-0.0006980115683504762,0.0005197872193296593,-0.0017272964521790612,-0.009838914373805463
-0.0010277486740254416,0.0013899400622718883,0.000729625495821562,5.3030117839192314e-05,-6.510649036595151e-05,5.2727877617009256e-05,0.00019525685243948487,0.0007525435646229539,-0.0003390197227939318,0.004139532446292948,0.0009901027148653263,1.8081627567667624e-05,0.005913929023649844,-0.0011630478744280026,0.0004946965663155112,-6.615476330262826e-05,0.0019726054708275598,0.00028291456893825284,0.0027255124423450905,0.0002402332002093832,4.3788472686268065e-05,-0.0009111995775878956,0.0005932982277139232,0.0002830354405238822,0.00019317136282648306,-0.000253637862370093,-0.008048261623051056,0.0007938754706999784,0.002047666338131693,0.00010294388595699644,0.006259467569384558,0.017348029392528996,-0.001141737816923838,0.00047767013580379825,0.0003218873677259815,-0.00041215049136145154,-0.0001732722180820545,0.0002708072559138852,-0.008462421773652418,0.0009179391764702061,0.0001959154103754468,0.00028802866156918405,0.0002422175838510121,-0.0009267779515400587,-0.0009320358284875541,0.0004796179960833147,0.0004277909279426506,0.0006310789554961893,0.0006499891322562235,-0.00016782109594970507,5.1213672978889235e-05,-0.00015792293327510087,-0.0008188926482831649,0.0004584690755731202,0.0011192646632185443,-0.007385794384155764,0.0008134676510658245,6.454833037961016e-05,-0.0008677778795547209,-3.0168308798983468e-05,2.7645639879114725e-05,-0.0007697665636396955,0.0004744550968507344,-0.0017413894642767103,-0.00938459874652997
-0.0011492487128016426,0.001605669843802282,0.0007417005804630783,5.25430950784056e-05,-5.541148329002432e-05,5.825611142529219e-05,0.00017004244694307502,0.0007634778242497919,-0.0003677090361914326,0.004172269615282831,0.0009575193439217422,2.289680419176321e-05,0.005781601232510036,-0.0008355711398668753,0.00048401169829870305,-0.00010286719503371788,0.0020019653737792797,0.0002599768495310517,0.0032037475204935717,0.0002007828860162153,3.780500259575881e-05,-0.000944184103378376,0.0005799142691396142,0.0002670331618954691,0.00027349167386314654,-0.0001878596119778697,-0.007041796585457116,0.0008696161847348005,0.002306723849601955,9.129785282713243e-05,0.0066946291356986265,0.018272790675358364,-0.0015208877873674753,0.0004689986555548309,0.0003005779777611739,-0.00043760434786854763,-0.0002124655797516306,0.0002852467275247239,-0.00799183599969211,0.0007460297710617514,0.0002053130740349296,0.0003318101921376826,0.0002370362422503547,-0.0007321029261869727,-0.0008709671257046692,0.00044241615237949894,0.0004569060240635636,0.0006478048759810395,0.0006401206639030654,-0.00012723531304648095,6.339228459917301e-05,-0.00016481637357501633,-0.0009261191196410223,0.0004432960823170795,0.0010975516611855252,-0.00712550659995026,0.0008060934083862215,0.00011165958631842443,-0.0008951888696722143,-5.860671533075568e-06,2.9545493297034042e-05,-0.0007496145283373279,0.00040831288458820225,-0.0018643817852572742,-0.008931787694626991
-0.0011380835893981534,0.0017309176409343596,0.0007420412400045429,5.065409293925072e-05,-4.8734285051588166e-05,6.048196587382648e-05,0.00014021225404525772,0.0007698102650812721,-0.0003541955274252162,0.004141414047532654,0.0009302256963459321,2.232969908932958e-05,0.005764054803168106,-0.00044571776733437485,0.00047002883234203985,-0.00014755152561463092,0.0019738912834039724,0.00022605971192635188,0.0038667502129179354,0.00016026199296770294,3.442397049768786e-05,-0.0009502170949482469,0.0005582680518796401,0.0002628655302456817,0.000283618558915677,-0.0004006122433430903,-0.0061473983465349935,0.0009141999401323098,0.002462007566095714,8.468204858580464e-05,0.0064884712556632085,0.01847936053301935,-0.0023680498753542167,0.0004770187315197294,0.0002811371642592597,-0.0004449909036970956,-0.00024987561871736563,0.00028333238213673617,-0.007494078470195342,0.0006775770273748094,0.00020415799473028073,0.0003857965069167246,0.00022108263041809018,-0.000618088212008816,-0.0008509878206679478,0.0004013946225072118,0.0004878126775278435,0.0006526428755517788,0.0007064986441034371,-5.512515747385649e-05,7.00236730009074e-05,-0.0001621920128580534,-0.0010663229320221346,0.00045221665714301196,0.0009588447201522854,-0.00693594967011768,0.0008025864842022834,0.00019371632104214775,-0.0008802693356998459,3.340041610688793e-05,3.1475776236078445e-05,-0.0008278610564327327,0.0003407203205290088,-0.0019578738206637025,-0.008480481218096414
-0.0010866022970525968,0.0017933003362209377,0.000728369123938144,4.7425253631105946e-05,-3.997785454601388e-05,5.8407076183986106e-05,0.00011715324981631525,0.0007568067332519579,-0.0003718100668134161,0.004158707982361287,0.0008972492370464824,2.334071915077729e-05,0.005495241723111999,-0.00018671494699207258,0.0004639925056961758,-0.00018349601658507186,0.0019249112824391013,0.0002242911994243535,0.004346730494649842,0.000156684182240463,3.2408592333998953e-05,-0.0009304000629556386,0.0005364849006259664,0.00025766623505063535,0.0002324723540036988,-0.0006610416254572149,-0.005361672502541492,0.0009246697264209125,0.0025165180244668406,8.90979611456455e-05,0.006450517421181523,0.01795564427292673,-0.003523300648478167,0.00046138169611809055,0.0002524469563058851,-0.0004421287278854047,-0.0002775932432502737,0.0003039627039935766,-0.006919514238963753,0.0006846324363665168,0.0001941969273946409,0.0004186410761259918,0.00021122271222284716,-0.0005098125559708233,-0.0008728976004087619,0.0004427463206493343,0.0005278320101895773,0.000662636349961554,0.0008289746557175182,1.4782143685998506e-05,0.00010163483376923743,-0.00017746835960541496,-0.0012107634155087421,0.00041685384673462167,0.0009284470671191425,-0.00677161973665974,0.0008122524325269165,0.00026444407080861154,-0.0008239670161604984,7.317944221951755e-05,2.7999772423958902e-05,-0.0009559496851221372,0.0003079456479229137,-0.0020523861287476963,-0.008888915563412092
-0.001078256216744844,0.0017915963063781515,0.000708053069671255,4.969049860803487e-05,-3.3344372258992117e-05,5.262464089517138e-05,0.00011751345670352187,0.0007383654002715012,-0.0003911291915700277,0.004098462021217886,0.0008516067401760363,2.3631196176321367e-05,0.005307296709668785,9.439128744559433e-05,0.0004566852114187281,-0.0002244868059537719,0.001990446066023388,0.00025757660984071507,0.0047646146025637215,0.000144861047250755,2.7549951387095817e-05,-0.0007896868795476131,0.0005204834485903476,0.0002699289543606209,0.000115502291445857,-0.0008280795504908012,-0.004839574597159779,0.0008916781355363668,0.0024638497487119437,9.387222324619415e-05,0.006463588159400846,0.01671754406337067,-0.004722281707088105,0.0004550375101031179,0.00023346645652377873,-0.0004312863764986963,-0.00029222458646893656,0.0002728630671797738,-0.006232227010370739,0.0007542739331816151,0.0001800272984446849,0.00042410696341277365,0.0001867807119562137,-0.00039915865568940223,-0.0008183329779568593,0.0005049776675365436,0.0005395369564269448,0.0006684684705016153,0.0009822228690601342,3.118204094110233e-05,0.00012111144657622752,-0.00014951735548807132,-0.00125015945789142,0.00035630130894559464,0.0008978853422025868,-0.0065242155044071826,0.0008231229526909356,0.00034731797764608885,-0.0007215464219674228,9.536684763955527e-05,2.6947632771667784e-05,-0.001022359286240282,0.0002277848037552932,-0.002029622322448743,-0.009342387967127164
-0.001083621521290934,0.001713793163007571,0.0006753500715384053,4.503904655472901e-05,-2.8680541533820936e-05,4.5593091800189e-05,0.00011545235795140663,0.0007056893340644521,-0.0002675297073605476,0.003969875200371842,0.0008113082802869709,1.664040113524834e-05,0.005354750756317639,0.00036897095066446006,0.0004373831962856123,-0.00025537285192045456,0.0020550576728817216,0.00027814764885314425,0.005188243845166918,0.0001497014920812667,2.6989180886172193e-05,-0.0006939220778157118,0.0005006897302224367,0.0002679596140566787,-6.955785630002875e-05,-0.0009841564477024445,-0.004446129550267686,0.0008119610510044506,0.002314965178309869,9.245350780395789e-05,0.006552581027586157,0.014801020129454168,-0.005817078554679056,0.0004446621797602468,0.0002300898385669825,-0.0004200349434910766,-0.0002775523012585879,0.00025571212380715025,-0.005537268693904918,0.000948729847840557,0.00017743506159573208,0.0004480532389652403,0.0001666284839028087,-0.00028244868369065035,-0.0008133470930162812,0.0005129076674350586,0.0005586710661149574,0.0006624531842529535,0.001130098846532146,7.473790644985101e-05,0.00013551879221540553,-0.0001247024001316266,-0.0012395908147474488,0.000454420584667492,0.0008169608798125338,-0.006473071847912126,0.0008388129870506855,0.00040495801561979405,-0.0005878695251236854,0.00012011311344317654,2.5384480814905075e-05,-0.0010966630443590697,0.00020153938162059681,-0.0020438045615944755,-0.009783889903044352
-0.0011066517379743068,0.0015576167037592015,0.0006584483645799555,4.4431250004750567e-05,-2.5624129185053413e-05,3.886512266260134e-05,0.00011204438950751516,0.0006751197305303602,-0.00018217993785019093,0.0038292040247538406,0.0007670454834234341,1.1308555783351437e-05,0.005450118770808032,0.0005242182756526326,0.0004342017150917865,-0.0002764780086498275,0.0021311622001589647,0.0003242379615500113,0.0053891466844078195,0.000126875240912927,2.558942828567723e-05,-0.0005833724315277289,0.00048012284492227053,0.0002585367564249541,-0.0003305665671368141,-0.0012415141110462269,-0.004248200099894461,0.0007030473329183717,0.0021741396351300235,0.0001085202684758535,0.006047156544660703,0.013118088734122013,-0.006630169812433029,0.00042935676759570107,0.0002314752586747293,-0.00038699848416412497,-0.00024748395864160333,0.00023466783990522266,-0.004964779594265556,0.0012063122599059728,0.00016654794843384835,0.00047065545598679037,0.00014877545885694232,-0.00023736919067962603,-0.0008447304792154053,0.0004810519192712803,0.000570025719745848,0.000649706722667176,0.0012356787801337532,0.00013145192362506997,0.000136614657919365,-0.00010957178311998828,-0.001291859458522393,0.000799802354139123,0.0005937732652345762,-0.00660838062058422,0.0008375741060451247,0.00043498380645234924,-0.0004347412586576116,0.00013634943967288926,2.8057157230865215e-05,-0.0012075124993605746,0.00019811109769807267,-0.002072164457578962,-0.01016198473398311
-0.001080257613577773,0.0014034550707813231,0.0006219069428612389,3.887492935450432e-05,-1.7375758849635936e-05,2.679147861739395e-05,0.00011500899252103736,0.0006402096857252015,-0.00010641923820065013,0.003660161251458627,0.0007285708272875002,8.682425442163577e-06,0.005617076456335912,0.0005114981109131111,0.0004360640850646913,-0.00029502151238480767,0.0021759821913140964,0.00039832604769474145,0.0061519255085924485,0.00012001123709071138,2.5130337255818702e-05,-0.0005201705296132841,0.00045808672577352105,0.00025050113606894797,-0.0005904684265282123,-0.0014087077718423213,-0.004110531449021626,0.000596022051020384,0.0019825732350415848,0.00011779540873346761,0.005671542712863076,0.011155171386378893,-0.007059981071652399,0.0003982102780499819,0.00022604750639865223,-0.00035418973843992507,-0.0002153298582339147,0.00023274738587897303,-0.004452539592928018,0.0013772389410282582,0.00014999907024737524,0.0004675413994756905,0.00012704758499593183,-0.00023120806764143076,-0.0008413507497032624,0.00048804983289163495,0.0005374230389492141,0.0006374536812749909,0.0013051335194689262,0.0001738546358405202,0.00011976380469724823,-0.0001123149641220067,-0.0014785290724976807,0.0010934395053832091,0.00038549418477851205,-0.0067519723938294085,0.0008365355522141904,0.00046190549080993293,-0.0002749634150276403,0.0001498623191324988,2.8764478886555978e-05,-0.0012467391679769069,0.00019229161333766953,-0.0021187112263534313,-0.009818197528293493
-0.0010354052645401568,0.0012096245555437424,0.000579220317551421,3.162773530007712e-05,-1.2886638861675515e-05,1.1558639323672182e-05,6.445181522085619e-05,0.000610286216427447,-0.00012582752232659367,0.003529670160405507,0.0006955149393250704,3.948237097262108e-06,0.005594627768416238,0.00079671654648239,0.0004174724193446444,-0.0003071748095299087,0.0021763392890807864,0.00047217057190218625,0.006831205653760275,0.00011233161024803984,2.9693646133477358e-05,-0.00047541804327366766,0.00044155198868467416,0.0002528945316822018,-0.0008019704449671039,-0.0016138273071646392,-0.004168194274558279,0.0005061011240128366,0.0017937628987119147,0.0001245237210585337,0.005942531058583667,0.009304369478862817,-0.007041636843475141,0.00037292942428845954,0.00022055678418286817,-0.0003341453075564882,-0.00016999914253335024,0.0002197925424143321,-0.0039653659043782374,0.0015279431083747852,0.0001340056355378927,0.0004333065687718296,0.00011454883320149989,-0.00027125481795930995,-0.00088073660133825,0.0005414656398166073,0.0004525483674937547,0.0006143014729373952,0.001317107991742228,0.0002130873320016491,0.00010857206515813012,-0.00010605930842644273,-0.0015167012097392352,0.0011537686802778335,0.00032472852723097745,-0.0069962817994212445,0.0008271199635017101,0.0005151576061319663,-0.0001403404322772861,0.0001517167575373346,2.5099892905444676e-05,-0.0013431434270381182,0.00020926881186245083,-0.0022105268585922433,-0.009469780859919785
-0.0009445117654914847,0.0009922911501660803,0.0005564997105305114,2.5825872215001766e-05,-7.521684489364411e-06,-1.5741158048143689e-06,1.962350136563984e-05,0.0005770117290295751,-1.361436682945083e-05,0.0033703871726040724,0.0006727998979920713,-4.624893934490615e-08,0.0055043264174383655,0.000839195077312338,0.0003925214945903477,-0.00031042948339143894,0.002146665357817712,0.0005191178349435166,0.00782974609946896,9.892533366495648e-05,2.724263656905812e-05,-0.0003789734559775937,0.0004254904808733695,0.00026104355122802403,-0.0009408003954424204,-0.0016281587672117848,-0.004566764184589678,0.00043800108489522316,0.0016101659971436977,0.00013960683849489897,0.0062666950451093495,0.007499189444658327,-0.006623372426058927,0.0003808864746515095,0.0002288921678235134,-0.0003149499484569329,-0.0001278824769848086,0.00020587866821109024,-0.0035027591597648344,0.0017743963873675384,0.00012079281976995482,0.00044867156760952653,0.00010219332951466598,-0.00033975485549186946,-0.0008644815507897752,0.000560849915612005,0.0004100040950676398,0.0005879364346199623,0.0012615204329073926,0.0002188825479882972,0.00010752580784756383,-9.535093019230612e-05,-0.001393535932804224,0.0009093233369419362,6.395157260485895e-05,-0.0072975708273335105,0.0008100702539242111,0.0005360343515141697,-4.866094250099984e-05,0.00016695375174213822,3.070460050524915e-05,-0.001356555119425007,0.00021860719097821502,-0.0023029718718150516,-0.009122521557217045
-0.0008401380822490312,0.0009569804595948028,0.0005404259376335929,2.0342427429209664e-05,-2.694653670198832e-06,-1.0860216799080114e-05,-2.764107249753067e-06,0.0005576726638567564,4.4407958472492126e-05,0.0032447579596488474,0.0006540171109075121,-2.8701946737097472e-06,0.005208143513329766,0.001001948591924151,0.00037121631263015153,-0.00031101539111366705,0.002089137474979408,0.0005564444520029799,0.00845413775481707,9.148910671363808e-05,3.022567700750045e-05,-0.0002999566978377777,0.000409040862609622,0.00025953019098867713,-0.000991947320403419,-0.0015647159976978076,-0.005222265846077989,0.00040447696222001284,0.0014734106471547825,0.0001430942126072754,0.005934712542040366,0.00616842564128528,-0.0058857741402573716,0.00037421186009822804,0.00023948093065317977,-0.00027615979678885516,-9.238691212309913e-05,0.0002056201455538087,-0.003073659262037065,0.0020201021922421347,0.00011222303079061469,0.0005026699800594336,9.233320286772262e-05,-0.00035036823406409123,-0.0008711186091413525,0.0005781689978039406,0.00034024688501110845,0.0005683456421921029,0.0011558914966520728,0.0002100831526101743,0.0001032203334101478,-8.690807745570517e-05,-0.0012757916956703808,0.0009444076869071782,-0.00023067430878165318,-0.007381911810086628,0.0007910984977579361,0.0005305297583551027,3.260031364415994e-06,0.0001734622677511677,2.973284750318328e-05,-0.0012873016216041755,0.00021699382323903116,-0.00238614285458727,-0.008776419620185383
-0.0008011413859700944,0.0008887699157664741,0.0005389562209143772,1.545261561219924e-05,1.4575045019782351e-06,-1.2035835491031044e-05,-9.355230770058398e-06,0.0005332195474132551,7.611696168630111e-05,0.0030017866056490927,0.0006385479825592455,4.914505403075253e-06,0.004896069524812585,0.0009167210563298944,0.0003519691071225406,-0.00030731214684998065,0.0021003886472144018,0.0005888588208786683,0.008730495389729365,0.0001217627555785139,3.0560798758072494e-05,-0.00026607283436375084,0.00039292827326620205,0.0002678571703815802,-0.0009812068368890703,-0.0013064037806773676,-0.0062322514191429645,0.00039859843480472,0.0014036634955540972,0.00014265531615564875,0.004619441538650015,0.005364521968040936,-0.0050109935855898735,0.0003611998923682691,0.00023905304858984344,-0.00023653230617737275,-7.877994916172248e-05,0.00020957360526319135,-0.0027319189796721766,0.0020575328612491006,0.00010413525907093657,0.0005422529232348428,8.829740838245392e-05,-0.00031432141337939257,-0.0008784004112079025,0.0006139240692744075,0.00025018254447806143,0.0005477772035427098,0.0010369929717308768,0.00022747481170681816,0.00011902667195129446,-9.75150474014086e-05,-0.0011866975839860405,0.0009754387281351029,-0.00040699284842249384,-0.007486544312045651,0.0007745989193732594,0.0005017508456226505,3.956699014429077e-06,0.0001746341962127751,2.476940613527212e-05,-0.0012116261550882967,0.0002427019917472517,-0.0024622766936372997,-0.008426845586140708
-0.0007513090202408979,0.0007935210594327557,0.000531458903369364,1.1712017715437284e-05,1.1638453558671102e-06,-1.256343745026367e-05,-1.3934484323407936e-05,0.0005163079035002127,6.379246977017416e-05,0.002867118757320375,0.0006236730771305155,1.3576040454932325e-05,0.004697195541827792,0.0010454181660277673,0.0003334496336420134,-0.00029858027845108825,0.002038290936421383,0.0006101356838463801,0.009086703868095958,0.00016714459959277228,3.0591087605502665e-05,-0.00016138364372852987,0.00037527387130409373,0.0002839913764736135,-0.000913393951081809,-0.0011279163504691603,-0.0072638574308822035,0.0004293752229449499,0.0014123065363444987,0.0001513883648052161,0.003734755801599654,0.005293316240405188,-0.0041388405082295465,0.00034588353927822446,0.00022403271263637947,-0.00019642120197493895,-8.393974047649078e-05,0.0002011277003373113,-0.00250381023431967,0.0019611483522152806,0.00010141780591488292,0.0005915282454191928,8.096067470231283e-05,-0.00028499606833709556,-0.0008435347644210056,0.000659970754827377,0.00020156544717297997,0.0005406606805646863,0.000904641445126364,0.00020724667889093773,0.00010319466921338005,-9.003296926290982e-05,-0.0010603834238750443,0.0010070931917054438,-0.0005384005341879661,-0.007777240328616153,0.0007492077955286724,0.0004789834566842899,-4.206946123119781e-05,0.00016614919668245243,2.4429035760054063e-05,-0.0013121374358918692,0.00029579494251152916,-0.002555554872558874,-0.008081901014780013
-0.0006552374209105594,0.0006290879091872537,0.0005282300011419938,6.364936074421124e-06,-6.691479393916566e-07,-7.430618810255751e-06,-9.751435368632322e-06,0.0005130239366870626,0.00020661786462139453,0.0028128754054435046,0.0006044261827842234,1.5951275563530487e-05,0.00465338282593275,0.0012543441326373639,0.00030041093294808086,-0.0002829214989884532,0.0019687772709209295,0.0006159376494627722,0.00933240921111933,0.00019966164227924743,3.148690081444805e-05,-9.360692984605734e-05,0.00035510006129468863,0.0002974856109856372,-0.0007921127219926438,-0.0010414675853551714,-0.00824772174254329,0.000494565629977517,0.0014912132496096575,0.00014441506305717944,0.00416732574768619,0.005787366173550801,-0.0034211933776993053,0.00034767504253729875,0.0001970513252074202,-0.00017262982533450266,-0.00010666605455778022,0.00021061517897447146,-0.0023046450458911183,0.0018420575906836767,0.00010894642590364434,0.0006216307868658344,8.713070340449214e-05,-0.000260345152060415,-0.0008879868492985832,0.0007123018530601488,0.00012845352643586772,0.0005332768690042844,0.0007656010562826499,0.00018723623510985554,0.00012224761910006876,-9.791623819754847e-05,-0.0009284039498794749,0.0012664869353185004,-0.000536553871955503,-0.008045046353963525,0.0007191303893021583,0.00044812092597523723,-0.00011984061610614827,0.0001752217191963723,2.2333202444935196e-05,-0.0013114190252330182,0.00027864770606633726,-0.00266876634136215,-0.0077288714175173245
-0.0005997511989574988,0.0005263591634014908,0.0005258709532414141,6.3217727945819036e-06,-1.7083140559592813e-05,-1.2044104533037725e-05,-6.415381927227237e-05,0.0005014451694043132,0.0003232034184006416,0.0027627893473292087,0.0005888839509391453,1.2422577402970703e-05,0.004606099657260332,0.0009574268882193149,0.0002724629076915619,-0.0002706284209674781,0.001946029323327103,0.0006358551165623894,0.009025426726302133,0.00019671743713400858,3.0486372926574745e-05,-2.559047628247768e-05,0.0003300029231305679,0.0003113227531152951,-0.0006562558925115036,-0.0008868969142811212,-0.008847210901173685,0.0005574637411314143,0.0015630959950605483,0.0001370914565514969,0.00459939665271869,0.0062422092244815985,-0.0031119365650507103,0.0003328509472744212,0.00017489372425139038,-0.00014449774536040572,-0.00012458847368379544,0.00022180808757332748,-0.0022912244583381813,0.001632274585081861,0.00012077634173879304,0.0006900251094814625,9.252149741900695e-05,-0.00022281452795747114,-0.0008273313352838985,0.0007152270065169386,9.377811941790881e-05,0.0005233701934932444,0.0006712483892905574,0.0001540831473847426,0.000148708129586117,-7.05825429928586e-05,-0.0007540679298577713,0.0014801238827724106,-0.0005744549500606988,-0.007866410081327935,0.00069196343824518,0.0004637151949828944,-0.000166887713160202,0.0001793618857277579,2.57415484914425e-05,-0.0013326224401828402,0.0002706726351431321,-0.0027562640450908837,-0.007454823760406515
-0.0005291749718835392,0.00039229126744899645,0.0005240319532442417,7.799412332865074e-06,-2.0893561223811474e-05,-1.3237558084577827e-05,-0.00014082442576468512,0.0004920612022052406,0.0003702133226821669,0.002698375245169027,0.0005625712894721246,1.8355916294954255e-05,0.0043226134303397945,0.0005655740783681029,0.00024595467667465343,-0.00026463407040244746,0.0019290528591189293,0.0006479110448138758,0.008582308914444114,0.00019271563657641266,2.477426940794558e-05,2.0988802633237214e-05,0.0003071004994132931,0.000306011000520634,-0.0005262305642455001,-0.000788002244638264,-0.00942280259674022,0.0006117929990001603,0.0016425687409853396,0.0001227611604639467,0.004644574440691107,0.0068628230735459095,-0.003054116933737361,0.00033555735926293906,0.00016371724198549487,-0.0001236561359637678,-0.0001457627291809871,0.0002279710162518267,-0.0023178900274979375,0.0014883441923285723,0.00013112833711681482,0.0007890557199063952,9.45782083956459e-05,-0.00011453040222020316,-0.0008316782297952408,0.0007539528682902752,0.00011277580989688119,0.0005173429772549198,0.0006159172386148715,0.00017483659801276197,0.00018051439708766104,-4.675876940285484e-05,-0.0006687916329137789,0.0013275118512900974,-0.0005972824023456891,-0.007631341793700286,0.0006677514046686817,0.00043388557010382023,-0.0001971226213549615,0.00017087030811158144,2.946428301275894e-05,-0.001333251541707936,0.00024125390562357296,-0.002854948787633149,-0.007227599811587493
-0.0005166944680402574,0.00031635564351462087,0.0005225119463332373,5.10409483722718e-06,-1.785487403971331e-05,-1.7868575524770947e-05,-0.0002145647611029311,0.00048193683939179444,0.0003911158709777318,0.0025232025419905657,0.0005250855723060166,1.806766165102225e-05,0.004037595671519734,-1.2463557760411526e-05,0.00021209825247492375,-0.0002606443133007508,0.001858777042086368,0.0006854208305639986,0.008008005276499475,0.00018448782749813653,1.7488062717063713e-05,3.137568288380521e-05,0.00028086868243226704,0.0002961687773088695,-0.0004370730147287283,-0.0005856942467826753,-0.009843009823705673,0.0006425320390299749,0.001687795828556382,0.0001157517166336941,0.0038786401595334308,0.007330076394788776,-0.0032631430176870424,0.0003404698559557051,0.00017929801650939936,-0.00011477086041034035,-0.00017120639148382466,0.00022389390752519667,-0.0023774928720656785,0.0012096397921543822,0.0001428272372701045,0.0008398872662498391,0.00010115749060535251,1.7289090789462946e-05,-0.0007716987961235988,0.0007644444761694125,0.00011138446432101823,0.00050235142015298,0.0006142157610080634,0.00020545780997061058,0.00019452958294507994,-1.8474409791524593e-05,-0.0005990192406508665,0.0010178843154533546,-0.0005566284903774088,-0.007526409690729152,0.0006412685499004311,0.0004083115325952402,-0.00020573192428752218,0.0001690374685001661,3.39463479148705e-05,-0.001335389739323345,0.00024609277155862586,-0.002898434249905657,-0.00700113641735256
-0.0004424299895892103,0.00018905072625430286,0.0005170729243917371,3.7007165858415902e-06,-1.687957668272677e-05,-2.0496396379132698e-05,-0.0002586705549353363,0.00046886025198222825,0.00029369444551829993,0.0023420169464500873,0.0004856294731638844,2.5389498038430602e-05,0.0036332830874306055,-0.0006028587855695378,0.00018817880413712906,-0.00024659182772102106,0.001724511797392747,0.0007111787780911261,0.007238889136885529,0.00018380233346504404,1.6362980639561542e-05,7.474467699064569e-05,0.0002561111835677199,0.00028129839557733405,-0.00042377030517537495,-0.0004001174762418014,-0.010245895700997654,0.0006339036648332907,0.0017083699832747268,0.00010742273012565029,0.003838101054767895,0.0076320227707302735,-0.0037214321371061843,0.000346587719906033,0.00021376055036692598,-0.00010218820647878157,-0.00020059045057974068,0.00022095654341480753,-0.0025122693526343776,0.0008874248377395144,0.00015776217456919817,0.0008699530945237566,9.807234076086857e-05,0.0001227129094545365,-0.0007663993076507669,0.0008185816483914365,0.00016487243168206156,0.0004908974339310479,0.0006404717622121581,0.0002580575321819989,0.00021863163527502394,-5.582076926691215e-06,-0.000525195603994888,0.0009209443066342526,-0.0005567288608092635,-0.007395536742625497,0.0006235388334954184,0.0003816001580914108,-0.00018847434205238045,0.00015228641080078376,3.3676780088809366e-05,-0.0013582042568008879,0.00020537781654694776,-0.002883171121375705,-0.006773168447745004
-0.0004747294922536893,0.00013596289691952812,0.0005071710187762868,3.3681347042513465e-06,-2.0393628914039397e-05,-2.5205961302177116e-05,-0.0002949019642776163,0.0004534086955316763,9.172925226352824e-05,0.0022361776652579657,0.0004418894519739869,2.5165224603496128e-05,0.003642087635747693,-0.00109227737385309,0.00017002107881447515,-0.0002492429195992685,0.001662414656697253,0.0007044945957392912,0.006157095188734862,0.00016782451958308187,1.5312308584647383e-05,0.00012577564357507676,0.00023427944173159965,0.0002632964856075226,-0.0004514950890103231,-9.392566904076194e-05,-0.010352510191275699,0.0006111260942429642,0.001733201162512188,0.00010846068555792066,0.0033802031443184166,0.007861187406692949,-0.004325471934582215,0.0003444746121123998,0.00024160254732952247,-9.74922099681308e-05,-0.00022016200980723433,0.0002132027726446939,-0.0026487716212615364,0.0004635219872257679,0.00016723538344876054,0.0009204226379735392,9.353192604910632e-05,0.00020124864472759185,-0.000744691921010121,0.0008871345573615574,0.00027771157850087214,0.00048801650583696343,0.0006913498853879929,0.000290261390649027,0.00026749330009367966,-1.6123330625172905e-05,-0.00043677105102379876,0.0008973723713796566,-0.0005368661864292301,-0.007335284032996325,0.0006155221365193864,0.0003807912002529168,-0.00012656888333151262,0.00014517796145163686,3.504666265174983e-05,-0.001299657982485658,0.000211651785177569,-0.002827616584406667,-0.006044077676365722
-0.00047777580348107307,0.0002003494112858828,0.0004918861026259602,1.578977072647092e-06,-2.6392740096747858e-05,-2.984393416949338e-05,-0.00035055877268630464,0.00043502180281440594,-8.803575369475958e-06,0.0021532740197349742,0.0004127098769504123,2.2151089756006215e-05,0.0034141704314720744,-0.001085443748629067,0.00014763845256737795,-0.0002400121150828438,0.0016039098858713352,0.0007033456913232428,0.005082495580389423,0.0001521261556043374,1.0784473701397346e-05,0.0001498036158293914,0.00021198631115959543,0.0002469025569300509,-0.0005180422066249912,1.916653067102203e-05,-0.01026737664890398,0.0005814288312038229,0.001720583490431471,8.23365978375179e-05,0.0026584192749514735,0.00781270378054666,-0.004957121272802678,0.000336992842277839,0.000257338252742656,-8.824447404054414e-05,-0.0002219795892488552,0.00019635718482136078,-0.00276111665340828,0.0001515306253523363,0.0001728549496577969,0.0009355271384507979,9.31401408057475e-05,0.0002721336042106337,-0.0006293765686433694,0.0008814223397992649,0.00035773779582970455,0.00046580234153603683,0.0007537225385454427,0.00032299776513844414,0.0003157096936940995,-2.3771997152977065e-05,-0.00037162403087076523,0.0009064438878585435,-0.0005519189725635698,-0.006812178101473387,0.0006072887263228743,0.00037807680967438806,-5.816825285687166e-05,0.0001333072317022399,2.910606224948431e-05,-0.0012272276189747577,0.00018602681987722747,-0.0026884493256504882,-0.005131246837808523
-0.0004312811552329432,0.00018541791575987787,0.0004737366409237609,-1.4739674981667505e-06,-2.5518895584109025e-05,-3.231487899424401e-05,-0.00038835288480687513,0.0004159498784839233,-4.073596507669919e-05,0.0020831934706326827,0.00038167595747462535,1.3916252050938382e-05,0.00366696549361456,-0.0014244269478079774,0.00012718372249653775,-0.00022190707539260224,0.0014461606036191288,0.0007431999924889521,0.004555510212636227,0.00014069086979939804,1.010977223914189e-05,0.00014339793082007724,0.00018919621904212036,0.0002326359393935995,-0.0006344776814967146,6.275962741830732e-05,-0.010268444286411937,0.0005259687082272979,0.0016645329643072415,5.50186721390844e-05,0.0019686363418320862,0.0074089071769387616,-0.005520480080631773,0.00030987389200398674,0.00023754541427334352,-9.651764329976498e-05,-0.00020647181335453624,0.00018147106995058948,-0.0028272052506799206,-0.00011751320448361025,0.00016743115416750776,0.0009342541301955443,9.350947578501412e-05,0.0003846854271825073,-0.0005921490890717918,0.0008081490652895873,0.000417724188658708,0.00043103284963397215,0.0008260529534382943,0.000367726964186188,0.0003361505470160786,-2.6806152541025696e-05,-0.00033895927078342325,0.0009983825000954294,-0.0005634764112508739,-0.0060687785313015,0.0005954402327539299,0.0003722319955496989,2.073687792658596e-05,0.00012677438721797607,2.7065172790274872e-05,-0.0010824650606660047,0.00010123625866720332,-0.002518579123532372,-0.004218415999251102
-0.00045137209729217975,0.00019531402219929994,0.00044439383278960243,-2.4325043685990977e-06,-2.8627151744897716e-05,-3.609086734002176e-05,-0.0004452496803406536,0.0003962326432480623,-7.706757446301893e-05,0.0020898725844633592,0.0003463001614405492,4.507926462116174e-06,0.0037006256954621453,-0.0015810638031757973,0.0001198996667597374,-0.00021170677235526902,0.0013167564927638598,0.0007384719411809293,0.0040977807113935505,0.0001128808347841126,7.64089921023725e-06,0.0001031012456536029,0.00016926077245482674,0.00021497995461339237,-0.0007912832450749363,0.00010639002614398763,-0.009999966929465365,0.00043970153742600715,0.0015615816623584244,3.8359530053933e-05,0.0005538345408759859,0.006721892637367777,-0.005897243097821581,0.0002869806333269942,0.0002143060455372936,-9.324828103962624e-05,-0.0001941242941546628,0.00018033598317068744,-0.0028966633752479654,-0.0003669184292144356,0.00015938131537707179,0.0008358134659740557,8.74651018545336e-05,0.0004602632425212416,-0.0005657976338753201,0.0007532339279772149,0.0004961669988254869,0.0003931482699508493,0.0008985254883622229,0.00044896493032542395,0.00034718671716871263,-2.5745629155804473e-05,-0.0003303954363667039,0.0010857711056100339,-0.0005500394397902619,-0.005183391875723253,0.0005790869442543478,0.00037804827771314997,0.00010173765598819884,0.00011830191737427498,2.4018551693982815e-05,-0.0010446613461982945,8.215147048673543e-05,-0.0023446847257402315,-0.003308627379029261
-0.0004356168163657248,0.00024480974577922865,0.00041113003192139175,-2.2557756880203783e-06,-3.471044980807303e-05,-3.8747671946226525e-05,-0.0004433205093712367,0.00037455266683084076,-7.368579578959089e-05,0.002105120183383047,0.0003266278390081645,-1.5002248276996255e-07,0.00380618913691122,-0.001572390142306701,0.00011074069594196878,-0.00019986978519337395,0.0012110969944187921,0.0007623146996680319,0.0036134110539745024,8.385642872332788e-05,9.822960884253717e-06,4.998139512046862e-06,0.00015224117028100892,0.00020715212385802317,-0.0009264744185024654,0.0003779859739538871,-0.009827373708796494,0.00034344873528269204,0.0014249624054920584,1.8686328508765726e-05,-0.00032697666415526516,0.00579982508310084,-0.005983409598495637,0.00026495705250195734,0.0002006922825423807,-0.00010164387844913136,-0.00018380493990333147,0.00018993629344477014,-0.0028790279070873837,-0.0005231676945436359,0.0001471119017362188,0.0007078500067956295,8.519418576291571e-05,0.0004827145728034665,-0.0005454590944298232,0.0006448860593744055,0.0005637503884114992,0.0003545172137613406,0.0009191943852313589,0.000512343656780212,0.00037385924016830607,-4.590384544944648e-05,-0.0003542614951712597,0.001202872844644931,-0.0007135584215481883,-0.004998465472029201,0.0005606801118471783,0.0003950145050326537,0.00015310871471863052,0.00010759880527788646,2.5349783372874413e-05,-0.0010456951493514888,6.316711105336381e-05,-0.0021409274586352556,-0.0034025393363378287
-0.000573912638846541,0.00025418842675395403,0.00037903042779596774,-7.118632312508311e-06,-3.517753392789924e-05,-4.3874293014556365e-05,-0.0004322336929426518,0.0003450516065852671,-4.4662206091672374e-05,0.002077587722160157,0.00030743454437454076,-1.6402348932409438e-06,0.003948560019332525,-0.0016678851334970268,8.794891861718668e-05,-0.00019014464698463573,0.0010974513902863858,0.0007535946092025458,0.00338602136973587,6.943574423390331e-05,8.832060297114808e-06,-5.875778045139057e-05,0.00014099321822014232,0.00020445485685627318,-0.0010211395834377468,0.0007840750605341285,-0.009569208461158163,0.00025684627623068224,0.0012902854229857041,-2.799584733703675e-06,-0.0006865574595649182,0.004863491967467493,-0.0058066721101157626,0.00024414248590942655,0.00016263667537796955,-0.000105585665178487,-0.00016522850775546605,0.00018756985792833802,-0.002914671481809683,-0.0008006673130129816,0.0001445985280190687,0.00061273736125389,7.402139615564352e-05,0.0005168867666975885,-0.0005151167762696973,0.000535887486805553,0.0005227238333467277,0.00030577674698251123,0.00088324796276118,0.0005422935914261018,0.00037486211276638315,-4.5299072153781594e-05,-0.0005836503034118978,0.0010517337628064283,-0.0007953123330075584,-0.0050139175456699325,0.0005409443315853579,0.0003761321367679038,0.00018394499804297304,0.00010063931003956306,2.7066969809030894e-05,-0.0010625676419934171,2.075115016042517e-06,-0.0019003781069387715,-0.0036320449489083417
-0.0006270070258987959,0.00023681005447517833,0.00035275959459601935,-1.2855837907888024e-05,-3.726063879172514e-05,-4.818728072442102e-05,-0.0004307155277584185,0.0003260649673151317,-6.765168732780769e-05,0.0019891508227014576,0.00029731941907074066,-7.99811893037461e-06,0.0037579517491035386,-0.0017957420799075141,7.557525215751149e-05,-0.00016945814489288669,0.0011074772887946782,0.0007132639885345515,0.0032426557140046164,5.948437751968072e-05,7.2932572265926865e-06,-0.0001312030909059736,0.00013666121766209294,0.00019288737068134942,-0.0010412322182669076,0.0010477178692560596,-0.009386536607945528,0.0001888594009236133,0.001180164426763719,-2.2722055685764353e-05,-0.0005418628141367066,0.003989418784419385,-0.0053814619126304475,0.000220366533451255,0.00011167744245277333,-0.0001269043239773282,-0.00013974641562275458,0.00018651601603547618,-0.0029586595887370892,-0.001022240494795712,0.00014041621694005357,0.0004414053295025422,7.135642269529008e-05,0.00047297337039808873,-0.00045360789765436227,0.0005053441600413322,0.0005116477731472724,0.0002666470680474653,0.0008031887438479934,0.0005482373431138221,0.00036175157850881767,-6.825413516542422e-05,-0.0006848722784278394,0.0008799894283091358,-0.0008896710769130678,-0.0047471988687433075,0.0005101264650186899,0.0003708961730710669,0.0001914674119800619,8.837070306677575e-05,3.172425903930076e-05,-0.0010676436535672629,-3.319105822685575e-05,-0.0016883183746998487,-0.0038570037677709834
-0.0006571036945117736,0.00030852699375794046,0.000335597925488873,-1.2946952915426913e-05,-3.622761984800604e-05,-5.5822991996801186e-05,-0.00045132400692915464,0.0003055804677549734,-0.00015929424310523466,0.0019016153480715392,0.0002962862896080942,-1.2893418274817492e-05,0.003614524058868307,-0.0022422003460593753,6.559633582203794e-05,-0.00015618451304066916,0.0010097342086918815,0.0006839336700252829,0.003217465847389578,2.3947993396555844e-05,1.0261390367860557e-05,-0.00022051180480564536,0.00013099515993486577,0.00019233184919253965,-0.0010313448759815547,0.0013612367375404055,-0.009016605253797216,0.0001333649278105753,0.0010953081098927786,-3.1184335937739505e-05,0.0005987427787152999,0.0032738315069418267,-0.004745072493936853,0.0001949947777821759,9.767832704321577e-05,-0.0001397824525470881,-0.0001179006657864301,0.00020229376300306967,-0.0029600675171143065,-0.0013416718528326266,0.00013050320355767475,0.0002891191471134924,6.82966414398134e-05,0.00039079272283015776,-0.0003882605094249758,0.0004843329054091683,0.0005664803782827743,0.00023699277605682134,0.0006853975894691722,0.0004932169006575116,0.00036480095575308624,-9.941083603282053e-05,-0.0007363420926408404,0.0008792305941334178,-0.0008975104938903078,-0.004357625650470043,0.0004831337390946988,0.00035806540589078395,0.0001749099043313329,5.675837768959191e-05,3.336194235958878e-05,-0.001098802768504159,-3.928377305451036e-05,-0.0014683922640548186,-0.004076423765207782
-0.0007341045930634449,0.0003374197337013829,0.0003137110267195098,-1.1242427056079585e-05,-3.79893757359584e-05,-6.0612704319229493e-05,-0.00046065218197233193,0.00029258663516840144,-9.89044114263482e-05,0.0018540370060298184,0.0002863669303296845,-1.729270534689409e-05,0.003187369530255335,-0.0024693969481923705,6.783008267041701e-05,-0.00014167577053492142,0.0008872274137818881,0.00066001057823728,0.002750909088813591,1.019721374606597e-05,9.74331828906827e-06,-0.0003008183696954214,0.00013461135365200327,0.00017494704223763868,-0.0010454399507411338,0.0014345326264142422,-0.008398590506131565,8.124145436649854e-05,0.0010297018684752857,-3.9066618986893786e-05,0.0008943195188366726,0.002602912802577295,-0.004030746056698731,0.0001669467291107729,6.573548656185757e-05,-0.00014864110953927145,-0.0001092478914300754,0.0002118926224761175,-0.0029387122041927283,-0.0016545937351545303,0.00011989490648733891,0.00014142435698660805,6.112575204797466e-05,0.00035140273768208274,-0.0002557367414883771,0.0004172306587506558,0.0006685706102811384,0.00020521953548469085,0.0005645858948595261,0.0004696906994141603,0.00036195028366137194,-0.00013434920821853158,-0.0008684287305237293,0.0009216293869764858,-0.0009683216339444467,-0.003708938305150733,0.00046558996624312954,0.00034077453159131466,0.00017194709003276465,2.700256408227908e-05,3.69214177040611e-05,-0.0011172899588657303,-6.477045198638454e-05,-0.001202240913696917,-0.0038398747558393564
-0.0007930406394652811,0.0004111765460828032,0.0002963830891984376,-9.513098115365715e-06,-3.910903063286675e-05,-6.218360344978358e-05,-0.0004277564201398132,0.0002812788241652875,-7.596574967883019e-05,0.0017740279107147927,0.00029382522896304053,-1.6839971040849555e-05,0.003267233682311854,-0.0023809528425745574,6.552435189632888e-05,-0.0001446750335150071,0.0008391347548881711,0.0006242413922858958,0.0019946179503675943,-1.8854518721966862e-05,1.5203167561317343e-05,-0.0003914145940513425,0.00013127721734673692,0.00017391005469713505,-0.0010309763860716359,0.0014258496780741314,-0.007790445233646803,4.419780351416769e-05,0.0010172898789944096,-5.026158941623393e-05,0.000690187518766372,0.0022575214118032427,-0.003290513531104544,0.0001574582844738881,3.3370871673765734e-05,-0.00015564744205665004,-0.00011201375964853266,0.00019495825577853232,-0.002913316384288156,-0.002038066920889814,0.00011015622286625337,2.627034688229557e-06,5.6291482769532664e-05,0.00032763341398389656,-0.00022422893800100319,0.00036805333605105517,0.000722523954582055,0.00018402321758381746,0.00044203563913702837,0.00041623125832201957,0.00034732983919427696,-0.0001505487227136948,-0.001019968605956878,0.0010016866615754072,-0.0010671833315125667,-0.003370068380698088,0.0004393149971009258,0.00032357036934027583,0.00014903948510225362,5.737388363957763e-06,3.743762638830361e-05,-0.0011404814436334343,-4.758447414787703e-05,-0.0009355594113912291,-0.003600961413742776
-0.0009000173762389041,0.00048588859313936084,0.00029051271585367466,-5.858342553843876e-06,-4.508825840499053e-05,-5.824147639932331e-05,-0.00037905352708056395,0.00027583156474642045,-9.71083689983443e-05,0.0017199627564123965,0.0003032697439040444,-1.557777502447788e-05,0.0028459437549501754,-0.002307022845084883,7.710295474150364e-05,-0.00014622842323142038,0.0007674528077106224,0.0005390132381974944,0.0010526170902531717,-3.703496340123902e-05,1.90398918886725e-05,-0.0004444008630639651,0.0001230675586492147,0.00017795725256330996,-0.0009059901548937876,0.0012420464777489482,-0.00717593815265416,6.05396111441614e-05,0.0010633712871854772,-5.865402271587605e-05,-0.0003316086501558013,0.002302345620855961,-0.002337457411816568,0.00014497632286181172,1.849190761160635e-05,-0.00016848604766339648,-0.00012600331846290835,0.00018578949533720746,-0.0028756435720465046,-0.002284705243620455,9.981196463515474e-05,-0.00010622236454527201,5.009698182045774e-05,0.00031403369718496776,-0.0002297861776568988,0.0002931867967144175,0.0007076212091663425,0.0001692590329323007,0.000264299652508182,0.0003615229151099353,0.00035938069562235775,-0.00016979278362805328,-0.0010905395664698725,0.001065581826620976,-0.0010725915404502517,-0.0029050690442513627,0.00040794526484599913,0.00029088985042347026,9.890199160755841e-05,-1.7031976262238402e-05,3.927718981855399e-05,-0.0011728596853086692,-7.39019157460774e-05,-0.0007438921068587678,-0.0033612379156764405
-0.000915985153368104,0.0005695139721133557,0.00028145813286339916,-8.202744870011713e-06,-4.388988112180581e-05,-4.7074429285753894e-05,-0.0003532895246096679,0.0002839588273635396,-0.00022428805915841732,0.0016474536531190243,0.0003026839450206431,-1.536580656713582e-05,0.002483301206911648,-0.002029002588792017,8.032042789785088e-05,-0.00012833808431000904,0.0006852221561259864,0.0004752787256292468,0.00016067210016745825,-5.142872934071896e-05,2.1676128188152788e-05,-0.00047065893307818296,0.00011532911599587692,0.00017502809382863305,-0.000763112089280038,0.0010631581504727539,-0.006553064286906385,9.793296345494973e-05,0.0011852894999013763,-5.591398127080538e-05,-0.001497216425512371,0.0028701749756803174,-0.0017763007114370843,0.0001295615014385021,-1.740621057400027e-06,-0.00020465405574454643,-0.0001624916020516176,0.00015132170816034574,-0.002909668292494505,-0.0025433646033361512,9.384931522493645e-05,-0.00016992467414700396,4.9438044692928784e-05,0.0003051588554237039,-0.0001875468541585601,0.0002670051063000667,0.0006797677005985214,0.0001660862087833337,0.000149044716977631,0.0002449834101496684,0.00036592189723227975,-0.0001531100479158498,-0.0010764220504834165,0.0008795086958011122,-0.0010175677928574434,-0.00254509720721674,0.0003777463734297992,0.00021497978262785544,2.254168978721438e-05,-2.771639824250549e-05,4.086985781248664e-05,-0.0012274711932295235,-0.00012501378493812165,-0.0005890100018286493,-0.003505743286605467
-0.000986502272762202,0.0005798669863341654,0.00027715048130749764,-8.333014850037124e-06,-3.8750317988500704e-05,-4.107703257560935e-05,-0.00030626632689101374,0.00027657095629840533,-0.00030495144283648745,0.0015713249516655647,0.000293911853751494,-1.7505469182776956e-05,0.002137566655501022,-0.001966861449971491,9.08334140397038e-05,-0.00011290266481800426,0.0004929691233748201,0.00042119771040827203,-0.00045267898143730445,-6.476317780523821e-05,1.8554021470551518e-05,-0.000475152895680675,0.00010913246890087436,0.00017129689529782333,-0.000631710922637363,0.0008731434364952495,-0.005985373210450784,0.0001436231700806534,0.0013333777870703223,-5.697821104577727e-05,-0.0009650981451027052,0.003618832148070572,-0.0016042823493501723,0.00011331988556273487,-1.3118452402705039e-05,-0.0002094533563911094,-0.00020128918421513653,0.00012940434714958648,-0.0029143203692978403,-0.0027836074258529298,9.290882672563505e-05,-0.00022176421005792868,3.947583917685016e-05,0.00036844492236576265,-0.00012419913823569217,0.00025597961467838104,0.0006811581876917661,0.0001664945941619589,6.558801671485703e-05,0.00021386337484474716,0.0003251626952571751,-0.00014952366159248776,-0.0011517369924420873,0.0008344289844330888,-0.0009894111303033748,-0.002389246637096054,0.0003475364827740801,0.00015417187726796122,-6.436061406667193e-05,-3.650403445953909e-05,3.920014262881466e-05,-0.0012534970160542613,-0.00017823092990809641,-0.0004186519119827592,-0.0044185741251626665
-0.0010455163109598375,0.0005205033959565508,0.00026969939259680054,-4.611503489626578e-06,-2.9078408731009198e-05,-3.579437753875592e-05,-0.00024404284659873543,0.0002641216468333152,-0.0003340097381602236,0.0014187917258912108,0.0002772560072066277,-2.0215511990273605e-05,0.0018295274864423838,-0.0016659501297030532,8.74273244819701e-05,-0.00010036776967703442,0.00032799932102167695,0.0003529637913546324,-0.0009410490110929315,-6.818185639312357e-05,2.0405893607300385e-05,-0.0004717742214993548,9.966348152867788e-05,0.00016955335392321302,-0.000541867964372833,0.0005874364873035276,-0.005479054097306091,0.00017854820823259843,0.0014774192226019167,-5.4623685147192624e-05,-0.0004819326443619154,0.00444554444868972,-0.0018524163627066104,0.00010396279491575733,-2.5186876481231302e-05,-0.00020552843669796594,-0.00024180232302706273,9.757620433070713e-05,-0.0029922698910778145,-0.0028275843623194463,9.469879815227067e-05,-0.00023664349101304438,4.067727223189266e-05,0.00034882341838060604,-8.172472082712545e-05,0.00024568865736207535,0.0007672891686232308,0.00017338525462617937,4.1563471158134746e-05,0.0001584703429187151,0.00026980613301286205,-0.00014229303618129574,-0.0010339796635970844,0.0008846777170612441,-0.0010568425609991383,-0.0021077887581139043,0.00031974136233059447,0.00010362264207541827,-0.00013268695298729316,-4.360595047214755e-05,3.799720313146793e-05,-0.0012575627501554276,-0.00015708622760668423,-0.00017183122002883966,-0.005331404963719866
-0.0010741650310462925,0.0005407299190716142,0.000254558866508825,-1.6244673232135298e-06,-2.6853701534435004e-05,-3.371494071791048e-05,-0.0001622479658841547,0.0002496503364237679,-0.0003062243629028405,0.0013486411953269606,0.0002571010160783427,-2.2501945392550127e-05,0.0013527775723667368,-0.0012406468086572087,0.00010452035893981915,-9.168871054987537e-05,0.0002455673981249795,0.00028490650105883475,-0.0012016083894892393,-4.4220245110304646e-05,1.7893452695760814e-05,-0.0005039773300750117,9.030290165634725e-05,0.00015740086247006957,-0.0005097947855302598,0.0005040776554368076,-0.00506685856381206,0.0001919125692326773,0.0016017294301924334,-4.601594490216687e-05,0.0002896334164117498,0.005144763900919225,-0.0024252921509708703,7.399805112595637e-05,-5.043352656186606e-05,-0.00018492038148132384,-0.0002745187737320798,0.0001017814671955275,-0.003016067965199154,-0.0027965142758915595,0.00010466456353941389,-0.000288813938077781,3.02983297870707e-05,0.00040333049824248235,-4.7780390686091856e-05,0.000287831590644716,0.0008131258640640127,0.00018347020724118757,7.393098835706269e-05,8.015977526087958e-05,0.00024393485798679393,-0.00012971662128136163,-0.0009129052452996333,0.0010235970085596957,-0.001027828500548278,-0.0013993033814126976,0.0003007091808551188,7.093608889263692e-05,-0.00015683958978363055,-5.373818616871695e-05,3.280726249310639e-05,-0.0012021369027238604,-0.00014838826252616677,5.71569951988149e-05,-0.006253329389692475
-0.0011009838883420109,0.0005204966312721826,0.00022310770213462838,1.208894653714765e-06,-2.9755454930446845e-05,-3.0983664206063466e-05,-9.531165755183313e-05,0.000235011849624156,-0.00029668228304813304,0.0012523145976248706,0.00021896901830698035,-3.054451196304875e-05,0.001371536136726137,-0.0009013002850086771,0.00012107453237875099,-9.9034916794416e-05,0.00017236280387833425,0.00022317278660288764,-0.0013489906473778124,-9.051317330310837e-06,1.4595161634600728e-05,-0.00044654844292801865,7.977889467669641e-05,0.00014700851864568598,-0.0005314719561639869,0.0004122100040435672,-0.0047448812361549075,0.00016468349151943507,0.0016587693216667532,-5.585011836950482e-05,0.0008538799295887411,0.005475816939855216,-0.0032419141744772784,6.615615296023947e-05,-5.7032360916364766e-05,-0.00016364651767097893,-0.0002902616754142384,7.634072005457959e-05,-0.0030803018377084657,-0.002668577565541952,0.00011588937875139926,-0.0003110289861515403,2.516818395958964e-05,0.0004410846818352354,-1.1706929410659761e-05,0.00026929429093525137,0.0007794467417476802,0.00018662488225729135,0.0001847380772848073,1.421176760274534e-05,0.00019630597984798825,-0.00012681065597797136,-0.0007551734085822215,0.0014125831820932522,-0.0010623752464170577,-0.0008613375670620815,0.00028021112509479806,5.02973656424377e-05,-0.00013529409837798045,-5.5893888961322524e-05,3.0100038386438044e-05,-0.001180932688842451,-0.00015314975815461374,0.0002629699967260368,-0.005929713414269955
-0.0011185496688552732,0.00045678122025516465,0.00018558804083812497,3.1017302282165815e-08,-3.2668320995021816e-05,-3.0492119314051713e-05,-4.942725126355629e-05,0.00020038430781577077,-0.00031232265649905333,0.001171944440021111,0.00017989836877618792,-3.986801273903051e-05,0.0013731800571279429,-0.000596810487681565,0.00013210522413520387,-9.584821173946878e-05,6.417845546535794e-05,0.00015507482399201855,-0.001325310972149385,-1.814321641480099e-05,1.6312868089229937e-05,-0.0004660373196685441,6.410235803833153e-05,0.00012124410738612035,-0.000601090374418467,0.00038044302356943227,-0.004211927808014715,0.00010590209846594867,0.0016230970196828842,-6.18547766395583e-05,0.0006951345214867288,0.005248506320031376,-0.004172909379110856,3.814572682059314e-05,-6.50686729719574e-05,-0.00014868263104828028,-0.00028724473645336257,8.432430288229931e-05,-0.0032295572322834643,-0.002531021490623342,0.00011879797427893912,-0.0003064541539348209,1.9548447283579407e-05,0.0004856333393974399,-3.9429525208078964e-05,0.00021799453491166965,0.0007101179461950213,0.00018091962624589009,0.0003332788286440902,2.7542625808951726e-06,0.00013805280343159865,-0.00012246181821373714,-0.0006536707326456614,0.0018309615651526112,-0.0011462949481254592,-0.0006449273819377765,0.0002627174974938473,6.70433073854948e-05,-8.251223744082381e-05,-4.2798113827346995e-05,3.3490638870370404e-05,-0.0012101888344381306,-6.3780835145133e-05,0.00041799031529010655,-0.004329374299514743
-0.001081361236411671,0.00037173221052455574,0.00015125606782628864,-1.0544134231293967e-06,-2.913481394117845e-05,-3.520813442714488e-05,-2.169248897831988e-05,0.00016373386140711155,-0.0002986981978558845,0.0011098530607973611,0.00013755882212262982,-3.950976475841639e-05,0.0012768936702252098,-0.00039922883453435976,0.00014165702813095926,-8.66423172570796e-05,1.568552076092189e-05,0.00012484175875093761,-0.0012773563346606398,-1.474291404246486e-05,1.4848712167836453e-05,-0.0004352460022563065,5.2664274850178217e-05,9.089281421670314e-05,-0.0007151920344512508,0.00019835978178472935,-0.0037697161094271125,1.749851988708251e-05,0.0014809534502182586,-6.594830340866942e-05,0.001257277194262052,0.0044447573205259605,-0.00502469417694873,2.1301752190616696e-05,-7.629281531829069e-05,-0.00011994156320105365,-0.00026300315344807146,5.3935940624416645e-05,-0.0033299657309778796,-0.002382035364623225,0.0001084286365402587,-0.0003399192105350002,1.392204014827314e-05,0.0004676747028133921,-3.7205949231955415e-05,0.0002247533855535,0.0006382278048655543,0.00016651933618350157,0.0004914297898765962,-1.120794180720086e-05,8.666258160361373e-05,-0.000128905635813914,-0.0005733408813749508,0.00221260902726117,-0.0011918653263375267,-0.0004045449140359647,0.00024709761853958234,9.384167297898927e-05,2.073827629600622e-05,-3.468497750380717e-05,3.133644736252883e-05,-0.001166597474389519,-5.7911281028721895e-05,0.0005059740459114614,-0.0027184039543812766
-0.001018666013408942,0.00022517920011067005,0.0001004481769673049,-2.6546829463569566e-06,-2.414747599455147e-05,-4.099931031309456e-05,1.0620014190942939e-05,0.0001262531959616009,-0.00032294570171964576,0.001019254147021531,0.00010720295186139595,-4.248974510279169e-05,0.0008496186295710029,-7.092904837147085e-05,0.00013463352642917314,-8.361335202655695e-05,-3.8149913074048136e-05,0.00011114273975354472,-0.0008589960081492043,1.2836613888955739e-05,1.2421399357975815e-05,-0.00039915979478899466,4.5645989669829135e-05,7.054321427313326e-05,-0.0008545875736376551,8.118549554803067e-05,-0.003361766736529992,-8.27684169675269e-05,0.0012748848641417343,-7.37489497366628e-05,0.0017679108631143414,0.0032448894042975684,-0.00567852690292503,2.3164308588619065e-05,-7.032844433274565e-05,-9.422824033533672e-05,-0.00021905815391887185,8.056183992577459e-05,-0.0033100070368937695,-0.0022006200523000397,9.725678244465463e-05,-0.00038543527189893734,9.464547580328997e-06,0.0004166248663195482,-6.369995148891583e-05,0.0002781067996675546,0.0005274624176261344,0.00014563257012412123,0.0006414699484280639,-3.7364571156106585e-05,3.1310002515327895e-05,-0.0001383537888419717,-0.0004640023851396613,0.0022245363649444627,-0.001132471851274297,-0.00029485754888813887,0.00023724555744264464,0.00013529360742103869,0.0001332940487184242,-2.4102389061919638e-05,2.756260262581911e-05,-0.0010319765673850734,2.46203082499008e-06,0.0006071219992631605,-0.0011233887217130256
-0.0008872197350380251,9.040442379237845e-05,4.693683515477609e-05,-8.195938818622572e-06,-1.7016556390747617e-05,-5.105993933685049e-05,2.8382663648240936e-06,8.656646485238895e-05,-0.00035733962286943477,0.0008590084717634561,8.05315835274989e-05,-4.267972367510975e-05,0.0004707239767827165,0.00012195894787181416,0.00011890221489907482,-6.329955148953736e-05,-0.0001316614226469781,7.124164772664976e-05,-0.0006207612995766665,-1.0075944315790508e-05,9.889909353910653e-06,-0.00033069016186249023,4.4997865005447224e-05,6.41377745427274e-05,-0.0009948504993456675,5.130411028009263e-06,-0.003105323264039228,-0.00019549163442456052,0.0010061514679431394,-7.278682530764691e-05,0.0018189998034041643,0.0017298602978226274,-0.005984321472711773,1.2932572658552743e-05,-7.21830953385183e-05,-6.986095519823099e-05,-0.00016144951209950964,7.84227475589816e-05,-0.0032090499957082574,-0.0018094309816302223,7.801628341308486e-05,-0.0004064682253550611,1.734736255531999e-06,0.00035202393349620387,-0.0001158749632610423,0.00029004529766130105,0.00039930341423843885,0.00011752647088569823,0.0007463580626250188,-1.811910770566083e-05,-1.4900577994580999e-05,-0.0001320924142502733,-0.00018244883061702133,0.0021050361143490903,-0.001023207470110532,-0.0002380384026803295,0.00021914928433108827,0.00017923741453573783,0.00024530839792324954,-5.680169461230733e-06,2.0227829953478604e-05,-0.0008951114046028552,2.6930249779510973e-05,0.0007054831658250826,-0.0005544938930031051
-0.0007706052524524276,-4.357433577517611e-06,8.714612113713827e-06,-6.568996567479779e-06,-8.861679412719425e-06,-5.931362259237183e-05,1.4945675355537702e-05,4.7160810971780265e-05,-0.0002753524996358392,0.000664413156156396,5.7203058217103475e-05,-4.220797045761948e-05,0.000399426959422966,0.0002692102825723186,0.00011288315513691138,-5.685693893253685e-05,-0.00019925243674256965,4.3090775794896174e-05,-0.0004225905828039167,-2.7182569944272927e-05,4.592649222701084e-06,-0.00025682336294685637,4.424056508312013e-05,5.278559306698405e-05,-0.0011180810371400618,-2.7072843869935248e-05,-0.002890747664439308,-0.0002920158557893071,0.0006950867214103873,-6.213670073518252e-05,0.0016572932133336327,1.0535446586468211e-05,-0.005863505425447335,1.2535115228917704e-05,-8.819234233259365e-05,-2.999470729614373e-05,-9.25391158457245e-05,8.882079507177565e-05,-0.0030249214068150954,-0.0013396606118533105,5.747305801584446e-05,-0.000409817657637368,-6.722092569355631e-06,0.0002541558305018121,-0.00011584216359783461,0.0002557047326690043,0.00030723008185251643,8.583678509199721e-05,0.000792749914210189,-5.312213548258615e-05,-5.568772995434568e-05,-0.00010090479559898835,-4.876962918953787e-06,0.001868839668294875,-0.0009753440908844002,-0.00022242189537946544,0.0001868416271850748,0.00019433758880316176,0.00035794036876724,1.2815841046176502e-05,2.2320308833201352e-05,-0.0006747858436598753,3.3651825319447326e-05,0.0007460811003425771,-0.0005544938930031051
-0.0006270670518339072,-2.9584939194693405e-05,-3.222933798674443e-05,-6.582178248559778e-06,-6.294821426999775e-06,-6.138039481040636e-05,1.2821580608557426e-05,1.0102936122136086e-05,-0.00028350139864818935,0.0005344259111159655,2.704338232217829e-05,-4.0759515435473403e-05,0.0002890527588010894,0.000384160116511989,0.00010252260826626447,-5.267153130761315e-05,-0.0002794502725051995,-4.397211604278972e-06,-0.00023620146524816477,-2.6791933738445906e-05,4.430455291082325e-06,-0.00022100866331120628,4.387524852766944e-05,4.28835373669223e-05,-0.001190785293237906,-0.000231018775595504,-0.002638218950355209,-0.0003519813864544252,0.0003959159005690882,-5.6074520279447704e-05,0.0010984213070674986,-0.001535636940631635,-0.005266981184854247,-1.1305644399217663e-05,-9.53807284211905e-05,1.2257804120618943e-06,-2.595170009911385e-05,8.422272132047048e-05,-0.00269770841705097,-0.0009824392488091416,2.877757073638243e-05,-0.0004083759484416749,-1.1533202847635593e-05,0.00016721235485173125,-0.0001736681876622903,0.00017178325358835345,0.00018129534272404157,5.73279365727597e-05,0.0007618338809034508,-9.524204643096557e-05,-5.876163981666238e-05,-9.526698496264974e-05,3.939110359385545e-05,0.0016294817762223524,-0.0008749003950976331,-0.0002456770558725285,0.00015923442451759584,0.00017540490592460323,0.0004316273950351057,8.234569872422881e-06,1.6466699125805562e-05,-0.000583766540147912,4.50031018339736e-05,0.0007208776460598809,-0.0005544938930031051
-0.0005641706311585448,-0.00013448778749680645,-6.125756755237521e-05,-5.826679617570996e-06,-2.4902785379365966e-06,-6.168037074605337e-05,2.003923663451701e-06,-2.6123996765936575e-05,-0.0002920856572879993,0.0004249961885700593,1.2362201160964759e-05,-3.238784917869442e-05,0.00014601912462897104,0.0007034512148045291,9.382975072558253e-05,-4.036251086503295e-05,-0.00023737598962692008,-1.715716027284042e-05,-7.446188476545323e-05,-3.135048152458353e-05,7.293193993174185e-07,-0.00016299524549234778,4.394030326460019e-05,4.4134772495985075e-05,-0.0011846080128451453,-0.00025627249321613643,-0.0023619662130899277,-0.00037427956892532865,0.00014119669365286747,-5.2251603390618406e-05,0.0009119213384878311,-0.00269765364306096,-0.004250980572440999,-2.308053295441148e-05,-9.85283906904666e-05,1.3955051788139272e-05,2.5624870062301852e-05,8.762362925662792e-05,-0.002240046942598939,-0.0006813412273353192,8.256580923404755e-07,-0.00041554056610892953,-1.3303209156045881e-05,8.995882386542142e-05,-0.00022694187941929567,0.00010278933438390148,1.1607667465662885e-05,2.215159912855036e-05,0.0006535087193375588,-9.519570005944722e-05,-8.419316087793227e-05,-7.474143169683423e-05,3.0120421298240885e-05,0.0013965379562208557,-0.0007364195277095309,-0.00016227286372583194,0.0001288996501891404,0.00011098179527735397,0.00046362063837612766,1.5850307460318902e-05,1.1069157866971935e-05,-0.000543938861009563,4.7102866081782935e-05,0.0006880005958969093,-0.0005544938930031051
-0.00044981870912830235,-0.00018428518101298863,-8.713033481644317e-05,-5.832490318380401e-06,-1.8904546680298395e-06,-5.507364160173278e-05,9.912391093491735e-06,-4.062826050399426e-05,-0.00016117207127064326,0.0003886507815467066,0.0,-2.3670707789746892e-05,-7.984212824241332e-05,0.000793370289689177,8.14586766135772e-05,-2.6411729395325878e-05,-0.00014862472033394525,-1.8902462754932792e-05,0.00024346089016114014,-1.1027768858418163e-05,5.961970703793895e-07,-0.00010459076388336097,3.9680096656447006e-05,4.639948885887257e-05,-0.0010758494273169772,-0.0004562519943936971,-0.0019412217006739008,-0.00035650772952833254,-4.7140184990301925e-05,-4.680669166035045e-05,8.266775413345862e-05,-0.003314315421733105,-0.0029341129153809264,-2.1174380529398462e-05,-8.486116534123234e-05,2.4025137567162957e-05,5.883414026830458e-05,6.998659100188043e-05,-0.001747660828310571,-0.0003389539655743734,-2.060830107308842e-05,-0.0004054909653218308,-1.7356763737819136e-05,-2.5046642269987984e-05,-0.00017335756951142312,3.716378493145989e-05,-7.860495205169737e-05,0.0,0.0004847347907410704,-9.677897799031943e-05,-0.00010878636345978965,-6.477523345804759e-05,7.009006877467527e-05,0.0013776136656673543,-0.0005706023867456667,-0.00020533423082724767,8.811215757731361e-05,6.990140417428847e-05,0.00042949254256363645,1.946133338215361e-05,1.451064393864776e-05,-0.000539970625090036,2.7436282117099253e-05,0.0006358619708366486,0.0
-0.00030033674318741266,-0.00020211015367666008,-8.965912977121349e-05,-6.543359542976468e-06,-2.3294509826632392e-06,-4.4327961987278286e-05,-6.1839089835480365e-06,-4.17712048157437e-05,-1.5623313480372936e-05,0.00033723525515805264,-5.156295207031647e-06,-1.6038814021346326e-05,0.0,0.0006834122180328084,6.464420374485691e-05,-1.1202801421639208e-05,-8.931696818781365e-05,-1.3472784510693003e-05,0.00030777056419450943,-1.8466578903031383e-05,1.901036184248639e-06,-8.831243627338559e-05,3.260422958883957e-05,4.4102617098307206e-05,-0.0008715933197402936,-0.0004810460444881759,-0.0014028141782668202,-0.00029867970172259284,-0.0001478473944298564,-3.18540740893436e-05,0.00046375603081849626,-0.0032789817094655005,-0.0014932125811206731,-2.082978328266094e-05,-6.42798487617835e-05,2.7641523159926962e-05,7.598524299856635e-05,7.825842519304516e-05,-0.0012317705289244252,-3.832168518236312e-05,-3.091879467576053e-05,-0.0003562930537456266,-1.4581706858196597e-05,-9.812119654539764e-05,-0.00016325754681778548,-5.686435270213508e-06,-0.0001387513246630112,-2.2428306123090103e-05,0.0002786233841651775,-8.185031915364238e-05,-0.00010848085994563661,-5.347839610081451e-05,9.493884211408954e-05,0.0013751225389733168,-0.0004343233282694259,-0.00011138566608803746,5.360473714621783e-05,4.90915414765869e-05,0.00035812668242507506,1.8787116898399958e-05,1.4568522926250438e-05,-0.00035338371504467503,-2.1117739191445217e-05,0.0005269508921716959,0.0006879381548756669
-0.00019334790940173097,-0.00016461535935319294,-7.667883934137087e-05,-5.555069735985185e-06,-2.220191718582676e-06,-3.2535431702895856e-05,-4.148988992624947e-05,-3.5927200179752816e-05,-2.8548493555491383e-05,0.00021263796745629726,-2.5250547611710417e-06,-1.2190163031888801e-05,-5.538625593592972e-05,0.00035188617888648466,4.451277639794249e-05,0.0,-3.600864312547358e-05,-1.896546860447046e-06,0.0,-1.2161905402541251e-05,-1.1383611129289761e-06,-5.6788848940780845e-05,2.0735485066314396e-05,3.314504558327158e-05,-0.0005854246977743394,-0.00038314860754162794,-0.0008449709889267742,-0.00020964187758798492,-0.00016393433339811914,-2.0077600537793394e-05,0.0,-0.0026105102659905732,-0.00016682216081587153,-1.2076141290950915e-05,-3.2368340558752706e-05,3.0647094622526794e-05,7.120563918427969e-05,5.0009409827911355e-05,-0.0007594795983676406,0.00013707716574540285,-2.638733614579447e-05,-0.00023790935657141965,-1.1877982199592907e-05,-0.00012589638373794454,-9.370531686836436e-05,-2.080464265097337e-05,-0.0001360684241400456,-2.6946348749112836e-05,8.307647482541647e-05,-7.05265998162119e-05,-8.223414986674449e-05,-2.7799044869825096e-05,6.661603557511775e-05,0.0010265015975003955,-0.000321054534900167,-0.00021619320402643805,1.474780848331747e-05,4.212016832294552e-05,0.00026188006724048307,6.86716337905402e-06,1.4107617501313285e-05,-0.00020733987026977374,-2.839917687702531e-05,0.0003931803811298984,0.002073040322404962
-0.00010721676066660635,-0.00010579601991311804,-3.622514797574361e-05,-1.1743263681474048e-06,3.3123557727776642e-06,-1.4732856946864104e-05,-3.1859965981761995e-05,-1.3826099910629885e-05,-2.754344205313508e-05,3.619813566380081e-05,-6.3897311077809604e-06,0.0,-0.00012857169929425538,5.3230510132618036e-05,2.4033835656300795e-05,2.02577885466404e-06,0.0,-1.2376250124845889e-05,-5.377257706695726e-05,0.0,-3.4741434290497253e-06,-2.0112659168569635e-05,1.2171975007246871e-05,1.4207688398215623e-05,-0.0002867687730271351,-0.00021766698853642463,-0.00041727412148595544,-0.00010701338093621615,-0.00010545921334881303,-1.3740094294445448e-05,-0.0009287673660561824,-0.0014683224001480477,0.0008596826188371764,-6.995695097100629e-06,-3.973175172666821e-05,2.2318207288485326e-05,4.495169085272366e-05,2.2891332459140656e-05,-0.0003336587714941608,0.00014184579021803145,-2.15280038331489e-05,-0.00012163433422185399,-6.858336695780842e-06,-9.547939419174423e-05,-6.261665314255538e-05,-1.9487943849871847e-05,-9.568953044092332e-05,-1.8139235582914637e-05,-8.070163476081582e-05,-3.959919872176254e-05,-4.268987826583359e-05,-1.2295040089593812e-05,4.4871670177304424e-05,0.0005035812560540975,-0.00010735333760247823,0.0,-1.2445244614855966e-05,0.0,0.00013644948204993845,-5.980837194385913e-07,7.02252564499517e-06,-0.0001332974483660987,-1.5203176927047757e-05,0.0002117405059613997,0.0011841008180573098
0.0,0.0,0.0,0.0,2.0010303087847348e-06,0.0,-7.887902779835088e-07,0.0,0.0,-5.324758413838282e-05,-4.5322740460651545e-06,7.021791419425938e-07,-1.695034217974456e-05,-4.4075126272025145e-05,0.0,6.423799550292486e-06,-2.3845913279529896e-05,0.0,-0.0001273382136158796,1.3173956802559061e-05,-5.041306724740124e-06,0.0,0.0,0.0,0.0,0.0,0.0,0.0,0.0,0.0,-0.001026687039134666,0.0,0.001421904254193862,0.0,0.0,0.0,0.0,0.0,0.0,0.0,0.0,0.0,0.0,0.0,1.0308010914616972e-05,-1.4595960192043123e-05,0.0,-2.2657412758197992e-06,-0.00018021297980264084,0.0,0.0,1.868097939428104e-05,-1.9299403411388028e-05,0.0,0.0,-2.0225779943094935e-05,-3.437888444657311e-05,-4.6341224345436416e-05,0.0,-5.494029029162739e-06,0.0,0.0,2.4545910635165313e-06,0.0,0.00021895705116836695
6.338581070886029e-05,4.348132136922089e-05,3.708539631142038e-05,2.800206013731099e-06,4.826387937972854e-06,1.4958546229459913e-05,2.3301854747082018e-05,2.1460066670364597e-05,0.00010516590105846824,-7.742857698078698e-05,5.4936992583964894e-06,9.443930487407215e-06,0.0004698453968117189,0.0,-1.9073726560958626e-05,-3.1875828366834114e-06,7.96138666230295e-05,7.770384313765533e-08,-7.293825728293957e-05,5.363838433858348e-06,-1.0201776980967026e-06,7.834569518805345e-05,-8.700921769300152e-06,-6.825670219923197e-06,0.00024033423754321603,0.0002651476459558655,0.0002502723673141194,9.796214416146753e-05,0.00015698812460418488,1.6158344391614676e-05,7.17963287064638e-05,0.001768748739763737,0.0014649592708138037,2.2434703932150413e-05,4.857001945368644e-05,-2.0964485496599572e-05,-5.1867814715000904e-05,-3.417747414857786e-05,0.00017043663201521397,-6.207960950022073e-05,2.7303595527383706e-05,0.0001426751402981985,1.5125870399756991e-05,0.0001237728897933721,0.0,0.0,0.0001621200258816735,3.337638901723672e-05,-0.00020901025739694656,3.1464109758516656e-05,5.196080887759358e-05,1.5666457181984228e-05,-1.471066718783387e-05,-0.00043188440642438763,0.00011551065586345999,0.0003213229889433844,-3.8272925453552986e-05,-6.035033013451763e-05,-0.00011020391844063226,-1.00136511604898e-05,-4.66973358703715e-06,0.00011136194105465513,0.0,-0.00015226404947121797,-0.0007461701819252431
7.501936397513731e-05,0.00018745221965743575,8.023226163200725e-05,4.976582249849315e-06,0.0,2.9330344110567452e-05,4.517042614837763e-06,5.2180319726868873e-05,0.00020446263172946288,-2.2613013178629515e-05,1.5500511451049803e-05,1.2538585744126252e-05,0.0009825134694489979,-1.7455490819329178e-05,-4.231141074262368e-05,-6.776573078015602e-06,0.0001593578917715721,7.052643525629065e-06,-0.0001698089207261555,1.5812110715884842e-05,0.0,0.00014599196636666534,-1.5845733550290397e-05,-1.2797848164880499e-05,0.00041343666877335927,0.0003378293617124495,0.0004347054074627099,0.0001620807882898312,0.0002992758776112492,2.661573100515291e-05,0.00013864915212202789,0.003399902655901954,0.0009565189744469293,3.449768257657304e-05,6.792200726946085e-05,-3.821217571009505e-05,-9.888487541021007e-05,-5.626017563187258e-05,0.0002581571190893861,-1.5716955214850614e-05,5.970496688889604e-05,0.00030119365178493673,2.809313856166895e-05,0.0003425868626107942,1.6587633995257534e-05,2.9674071140073366e-05,0.00027638589093004207,6.980213127283363e-05,-0.00015410532804205346,0.00010154583491983615,0.00011815519822766518,0.0,0.0,-0.0008081465061114956,0.00024677473993328647,0.000491852029863793,-2.410362055982329e-05,-4.905128978516249e-05,-0.00019653645031436628,-6.453400303363388e-06,-9.100313894228051e-06,0.00023907738311268467,-3.2305758731476786e-06,-0.00024342385360531793,-0.0013745536061275931
5.7133292097111266e-05,0.0003434870579044347,0.00012026470201154105,3.3981028524365797e-06,-7.627484439609589e-07,3.839021690255073e-05,8.076239741861002e-06,7.332541202154097e-05,0.00028374993958824035,0.0,2.6327382112611986e-05,7.910720833725904e-06,0.0016762022065173188,-0.00021465530745268246,-6.179639466374898e-05,3.668417663638124e-06,0.0001478835266450762,2.784214664086626e-05,5.80279594093458e-05,1.3551111074594502e-05,1.622856202532219e-06,0.00021054316390856087,-1.8947477888553443e-05,-1.4206073900790983e-05,0.0005119709291123709,0.0001997451336366307,0.0004037255357254299,0.00019202380054617052,0.0003732377422214217,3.064133285146653e-05,-0.00022092588865096907,0.004592949676729408,0.0,5.448629310156328e-05,9.708873459191025e-05,-3.9717476852163536e-05,-0.00014298361502451673,-7.102462679275945e-05,0.00023521052013908417,8.276695196252071e-05,9.113455264442294e-05,0.00044329801380738054,4.5040315268529696e-05,0.0006146880419042322,6.559691478225105e-05,6.558639606901728e-05,0.00041369706370431025,9.669089315345047e-05,0.0,0.0001824224509008321,0.0001650723136061849,9.444604249786437e-07,-4.2426551427610093e-07,-0.0010682547495944883,0.00039495003718603705,0.0006819749622932747,0.0,-3.0705901402972025e-05,-0.00025610459809566333,0.0,-1.391786726911981e-05,0.00033375004364888383,1.3600575150096716e-05,-0.00029340118836673756,-0.0011445023783122066
0.0001274735475778055,0.00043635742786163334,0.00015039516614279158,1.5200495784295498e-06,7.479315531355724e-07,4.4326884148349066e-05,0.0,8.747249060037099e-05,0.0004083387669118199,-3.12568136049407e-05,2.5014474714923907e-05,-4.4889777328638303e-07,0.0025907446413546698,-0.00040822719049826706,-7.076008304407466e-05,7.211431099163335e-06,0.00015901725894273966,4.5133156419074894e-05,0.0004166430428040879,-1.0422667937159957e-05,4.656009191528199e-06,0.00023363530557984902,-2.1448084383091093e-05,-9.856157858090242e-06,0.0005133806487107595,0.000127208677341617,0.00028573509798945906,0.00014991608929526556,0.00036044649206679047,5.6313069913160874e-05,-0.0009368551350791288,0.005170310902962383,-0.0012450662946018598,7.106032868064993e-05,0.00014153468107314104,-3.745283173417491e-05,-0.00017546633097198505,-8.164989019143754e-05,0.00012183938080778667,0.00024696806751545175,0.00011435635029388713,0.0005567707518485676,6.03286738818376e-05,0.0008962897894706501,9.991680996623842e-05,9.54577834197945e-05,0.00045194606261445003,0.0001236506818278471,0.00023597704379074713,0.000265094704646085,0.00017162980994411825,2.4882433227846334e-05,-0.00010688875224584837,-0.0012509041188163428,0.0003389865084266752,0.0006625348288382682,3.203587722033774e-05,2.8324302319804318e-05,-0.0002569718922407205,1.2292055386442513e-05,-1.5046784558991888e-05,0.0003699674224664218,4.346642952035573e-05,-0.00038872549514890054,-0.0009144676842921529
0.00015384146178076819,0.00046538763377412806,0.0001694344711100637,1.5931003027880308e-07,-3.5257618609119135e-06,4.360006731496391e-05,-4.62323586380986e-06,0.00011035563499262047,0.0004972022745657334,-1.3913027562262315e-05,3.2542093168164143e-05,-1.7811807018208725e-07,0.0030321573974605442,-0.000773140434432662,-8.360932947704125e-05,-1.8287049003973266e-06,0.00020357106919499657,4.585357723518868e-05,0.0005167472285037,-3.559844633749254e-05,7.934603016845898e-06,0.00021122086794056472,-1.623456057719963e-05,-9.295389254315722e-06,0.00044681805977453415,0.0004200231416602307,0.00011939742632449679,6.725763141401941e-05,0.0002543546435078703,7.222880265045362e-05,-0.0015758174130142688,0.0051281204052124885,-0.0025614699934570773,0.0001085160435814192,0.00019868695564762007,-2.7653807323835267e-05,-0.00019302621000749642,-8.80747776360602e-05,-5.260651285421414e-05,0.0006446228435592616,0.0001339176272385778,0.000590357466108804,8.187581999341553e-05,0.0010980331255008302,0.0001417942893171542,0.00012285381811416585,0.0004388166556381634,0.00014360222937437328,0.0005083403774854833,0.00033497442529428767,0.00018788117560553097,4.434999065661138e-05,-0.000263699491704239,-0.0014580014230434202,0.00036933014085493987,0.00022817988285983581,6.641136318408236e-05,8.778292146449651e-05,-0.00017417377723893956,2.5832485240684377e-05,-1.0532867494750242e-05,0.00033268021724275343,7.365461999864209e-05,-0.0004902930435769504,-0.0006844164564767663
0.00012872662640672772,0.0004942001305645594,0.00017584834227957202,-6.639168842470511e-06,-6.327286949381339e-06,4.155532342164925e-05,-1.5119613233638418e-05,0.00012978633090066083,0.0006196978014949561,3.562669304679744e-06,5.1022243197307304e-05,4.3675187060276954e-06,0.003697006156420768,-0.001102728822767074,-9.872488911943922e-05,-7.838404791016274e-06,0.0001865178862481276,8.440220100291995e-05,0.0007102336739477355,-5.774099350996931e-05,1.362855852038436e-05,0.000205613814090011,1.9897399887724987e-06,4.3078238043392503e-07,0.00033258572058914027,0.0006854600763688268,-1.7790982015042367e-05,-4.387451284915134e-05,6.848747919874221e-05,8.856890763508929e-05,-0.0008030008598862715,0.0044919692543095024,-0.0037116486031716356,0.00012497121710941528,0.0002472805302971004,-1.53248480886381e-05,-0.000180080069892119,-8.212224063752771e-05,-0.0002360621543191499,0.001159650832975423,0.0001485894039692237,0.000614577670609906,0.00010117981579815805,0.001260916838475179,0.0001581207913332605,0.00015784203900248706,0.0004195418025327857,0.00016161258219749008,0.0007479805778063398,0.0003444931365663706,0.0002344115854104878,5.4063331975218176e-05,-0.0003914088467100729,-0.0016554015332934657,0.00035937429855859016,-0.0003127541654872612,0.00011077207155030244,0.00017942032603324165,-5.6341168784168616e-05,3.820149378741533e-05,-3.8479118701362225e-06,0.000279075890935232,6.217220764281883e-05,-0.0005649242582063119,-0.00015225972092525186
0.00015566759166585342,0.0005166558067311033,0.00018297821298673966,-1.401055316296862e-05,-6.247875761200561e-06,3.460373647246051e-05,-5.142981543904135e-05,0.00014558179880430622,0.0006828042982724991,-6.7447897270978e-05,6.961614626566082e-05,9.09726228570662e-07,0.0041919962241900866,-0.001792937317464105,-0.00011580433690072667,-1.109314982439269e-05,0.00030253597529572573,7.84280396253223e-05,0.0012125906605044978,-9.296643211953448e-05,1.6521586069684346e-05,0.00020499756482750264,2.6171675898467583e-05,3.943504878645143e-06,0.0001778594442805037,0.0007966617205095172,-7.675149014474414e-05,-0.0001636683507798553,-0.00017231766974057372,0.00011096138478028372,-0.000223936778769529,0.0033606063852555934,-0.004535417077038084,0.00014841793572850648,0.00029808519879237494,4.398299352503798e-06,-0.00014056585754329554,-7.64269027575537e-05,-0.0003841580924967003,0.0016718773233275197,0.00015620120873927057,0.0006120639628506286,0.00011781694123080833,0.001392685361138124,0.00015917043987445645,0.00022760267406751744,0.00035141194121712793,0.00017055406472277213,0.0009488583837728992,0.0003517306718459068,0.0002388265513659782,6.72276443205444e-05,-0.00047256940755768806,-0.0016933045969065308,0.0003620328513160853,-0.0009033872921629937,0.0001644515048140338,0.0002691045992595509,9.128677678993391e-05,5.548950823386356e-05,-2.139965107006425e-06,0.0002506772842203464,6.550022350437779e-05,-0.0005962899147625711,0.0007719298350035153
0.00022122361840759552,0.0005395310537030795,0.00019339426870934595,-1.548179016952478e-05,-1.1029047690680471e-05,2.56636384869946e-05,-9.665127025759723e-05,0.0001706284968581162,0.00068229979770984,-3.754309269055067e-05,0.00010104529580123867,1.6288188675606108e-06,0.00445848847392738,-0.002358406386095302,-0.00011287584101449255,1.0239993024852012e-05,0.0004348274499057503,8.398088098915402e-05,0.0017539768940935119,-0.00010799475530653968,1.725830378895843e-05,0.00018582019107804548,5.9470334519806656e-05,1.1700067126252378e-05,1.3926427621102633e-05,0.0007619646497369903,-0.00020139276784192361,-0.00027853638237718137,-0.00045187832222082225,0.00013394424205048772,0.0006169909035353971,0.0018382684274234062,-0.004852827351682909,0.00017428999772195475,0.0003385972036509255,1.939948641771494e-05,-8.310275495337915e-05,-8.290832055724007e-05,-0.000472691316089735,0.002129547869506032,0.00014333010997313878,0.0005789667044360236,0.00015595733366136066,0.0013843711255654423,0.00021796248223493464,0.0003160168228197868,0.0003776108362789632,0.00017964220539279374,0.0010870673927911856,0.0003728375167151299,0.00023728194696559513,5.53258549522706e-05,-0.00045488451786845907,-0.0016736719569064862,0.00040792819561308313,-0.0012389316307280795,0.00021819405678957793,0.0003390936921265908,0.00023338602728650848,5.82553321950563e-05,5.142454411410924e-06,0.00019155282599903067,0.00010952204810021904,-0.0006514192741494673,0.0017022699627844418
0.00022502874768681735,0.0005909047790639832,0.00020215525092259767,-1.2360529519250818e-05,-1.1964088412197427e-05,2.267787419385492e-05,-0.00012467154417894477,0.00019615654242643998,0.0007284935265856607,6.993420091450098e-05,0.00015213494556265417,3.709623449754673e-06,0.005165149340591979,-0.0028752692325667573,-9.60924300201782e-05,8.439827906103758e-06,0.0004470363983122283,9.086217152809439e-05,0.0019573380241351135,-0.00019795766177066465,1.9069817143391177e-05,0.00015144493725105512,9.65098708380907e-05,3.161298408760338e-05,-0.00012704158168541646,0.0008473358241680717,-0.00014735514400132654,-0.00037949228666500634,-0.0007233931018283402,0.00014906625581856403,0.00023390909190945663,0.00029446031129731765,-0.0045996422379503965,0.00019371362050968344,0.0003789759801600123,4.963457051565534e-05,-3.2559367992734956e-05,-8.004947790007932e-05,-0.0004663307037411357,0.00240752523815968,0.00013243602640899965,0.0005793107129492547,0.0001762173313184512,0.001361307711580606,0.0002453744598818197,0.0003520885735881496,0.00041331755090001643,0.000190359806264917,0.0011476339481384379,0.00034802720526516673,0.00021741417016540865,6.147604296402598e-05,-0.0006906815750046258,-0.001420975486759124,0.00039601221086393856,-0.0018267375782222706,0.00027977589364991395,0.00035865768824816513,0.0003353793814813155,6.057935044778695e-05,6.740543412542266e-06,0.00015023162993643702,0.00013840815174948062,-0.0006881386698677217,0.002629534804639233
0.00030475814139729884,0.000609480762912451,0.00022060666567025322,-1.117069449996233e-05,-1.6144502762438506e-05,2.1927917514652506e-05,-0.0001403991357814549,0.00023660326844843205,0.0008322570710601607,0.00020337151408700294,0.00022106404745692032,4.590037629537136e-06,0.005630216111337072,-0.0032011776179219353,-9.049140938255373e-05,1.451249087303097e-05,0.000510094640744363,9.915745289146294e-05,0.0020866767271465747,-0.00024280874810000963,2.317855618638731e-05,0.00010359574178497866,0.00014036863815025669,5.533736314222715e-05,-0.00016787306607524144,0.0009339816945268531,-0.00021483432372093603,-0.00044255862169340077,-0.0009180343163401883,0.0001608307216385274,-0.0007169419383651343,-0.0008497308560992956,-0.0037490228871212006,0.00021375016570468475,0.00040050948040426526,6.397951099534893e-05,4.868235336408233e-06,-7.613124467054089e-05,-0.0005496647192475557,0.0027373364303588943,0.00011674245840609387,0.0005788593756343996,0.00019511788942216945,0.0013545705137412156,0.0003007002361861133,0.00041206439932928163,0.0003595695905602714,0.00020043767264565915,0.0011013603166123431,0.0003440933959535375,0.0001687909288974332,6.611222974228781e-05,-0.00089652777593896,-0.0011667697538408905,0.00028730769304230463,-0.002350474787447099,0.0003355230711208357,0.0003714622778772103,0.0003743850152904127,5.659367197252685e-05,7.126827622938592e-06,4.7446989420718566e-05,0.00018774278562450064,-0.0006717747177562572,0.0025873736266222025
0.00035202290622660115,0.0007945574120051813,0.00025927675041304,-1.0337733317711262e-05,-1.949576818072174e-05,2.7789472887951305e-05,-0.00012758883317898206,0.0002836549378371078,0.0009065228607845199,0.0003350200303118278,0.00029591179124333067,3.4445283654260805e-06,0.005999109889453402,-0.003321739504222987,-8.191664251333552e-05,1.856108310205329e-05,0.0005883892083922149,9.897883518550366e-05,0.002383128952517355,-0.0002805761090703962,2.461991643087913e-05,4.6050553139220796e-05,0.0001814777551716329,9.153323133626046e-05,-6.785682825327655e-05,0.001034905710880496,-0.00044601657321607924,-0.0004458542217659067,-0.000985987610251815,0.00016197288277952637,-0.0006042553232620262,-0.001253160163700251,-0.0025032271285239105,0.0002326048603447095,0.00044739618897859934,7.022376015042298e-05,2.9793707390979307e-05,-8.150381738203372e-05,-0.000669833249724916,0.00299420744493073,0.00011657370496642727,0.0006007489166635072,0.00022259040430494537,0.0013260119216218502,0.0002107975450333921,0.0004779286244367409,0.0002262534450383491,0.0002327491680469418,0.0009661743920161836,0.0003375080185292756,0.00014308692377817955,6.644826596868825e-05,-0.0009876218098244793,-0.0009477126940704572,0.0002674764555501419,-0.003340196689186614,0.0003821997539668054,0.0003685209744948015,0.00035848207165933843,5.142672743563281e-05,9.791447403983966e-06,-9.978983135128239e-05,0.00025621661595853773,-0.0006623742668143695,0.001893020359169828
0.00032902804236334404,0.0009221137160195791,0.000310752663826408,-8.40788141798221e-06,-1.9805836114938913e-05,3.491718538928268e-05,-0.00014792277235753382,0.00034640301433341847,0.000940830986502661,0.0005238554792386108,0.0003689604750969355,7.456629703916917e-06,0.005885821376040434,-0.0035186227205109555,-7.105454590616844e-05,3.112705647567715e-05,0.0006589116330055766,9.037305870363e-05,0.002452310856171591,-0.0002820146201011342,2.4478621171164505e-05,1.659908185724923e-05,0.00022066362008987817,0.00012200638058423863,0.00016157331898036809,0.0012405375928534745,-0.000612156503105532,-0.0003756192564515759,-0.000900390119949801,0.0001682289900777345,-0.00018283850692446535,-0.0007548600463753719,-0.0011567549158814083,0.0002657918116137914,0.0004946984625087136,4.918729255232179e-05,3.67274579011756e-05,-7.141743767868913e-05,-0.0008632965220194411,0.0031366852788645705,0.00011908097261170703,0.0006400284183671889,0.000251005225754275,0.0012575400657039992,0.000201648930056475,0.000521007416194319,0.00010085754668520686,0.000269104152606392,0.0007656081954354743,0.0003429186985430821,0.00010877676767551137,0.0001084873373871087,-0.0010751812907434655,-0.0007705248500192718,0.0002759737415136687,-0.0041632091208939626,0.00043642562380674654,0.0003381881860373692,0.00026618742645845295,3.23788588036944e-05,1.6015138200486945e-05,-0.0001467163311364983,0.00029580720285293793,-0.0007351410874004705,0.0011963688941705186
0.00031510685618618695,0.001053626587742107,0.00037160407804548434,-6.963572702134435e-06,-1.8457223516454846e-05,4.2741467880302864e-05,-0.0001685040809150662,0.00042106417072917957,0.0008667889286764208,0.0005893073021125961,0.00043467215215464705,6.498221612805111e-06,0.0060921982586730206,-0.0036531634709670024,-5.811577091241471e-05,5.49027349088238e-05,0.0006995102475046977,0.00011882657109207884,0.0029076264921161776,-0.000277375611226649,2.3434983843939605e-05,-3.8355689143565463e-05,0.0002567457786206706,0.0001359151179649576,0.0003669625305975366,0.0015205552560999536,-0.000973740944724133,-0.00030266768330644567,-0.0006956653941142532,0.00017095888637697065,0.0006815245589788521,0.0005188591438580747,-0.00038722963018467116,0.00028085654436704743,0.0005286713048178182,3.453078569726209e-05,2.6723182587895522e-05,-5.912673044450312e-05,-0.0011001291362481291,0.00309515654700121,0.00013999778369044868,0.0007215023810407395,0.000279887437931281,0.0011910584200782726,0.0002740369370530793,0.0005968614122711102,2.3885761977426867e-05,0.00031888187070583385,0.0006454045161323752,0.0002790338747606924,4.86245086355197e-05,0.00016600503598351857,-0.0010620620895943622,-0.0007524855798382024,0.0002496819796125038,-0.005058028640060774,0.000490693586889801,0.0003103125645045335,0.00011751362767431495,2.4166827451210793e-05,1.4952306285120898e-05,-0.00015782099455274867,0.0003247337350986701,-0.0007775940885248467,0.0005020156267181441
0.00024337961633125182,0.001118787002419852,0.00042749189627655504,-4.253244231033904e-06,-1.8829742808867955e-05,4.909766693184103e-05,-0.0001618471658327847,0.0004889206757463516,0.0008803354761173221,0.0007330273512948793,0.000492994522004464,4.128764697686194e-06,0.006206706024870723,-0.003870203928850846,-4.3644131786368945e-05,6.293470252627387e-05,0.0005855887843977392,0.00015845681213022544,0.003175183649983815,-0.0002488243870618634,2.0980449011442914e-05,-8.193164705383449e-05,0.0002933412604841923,0.0001461961191608907,0.0005625214200217776,0.0017606917068235806,-0.0014273412844815203,-0.00021913945678198044,-0.0004544290792181105,0.0001707003634876525,0.0010663744825576416,0.0019890677938638746,-2.3768353779929363e-05,0.0002969566198742779,0.0005632353682869518,3.446769367831948e-05,4.984687482112449e-06,-6.33320951205496e-05,-0.0013090357539845554,0.0030239369013140838,0.00016952184269003467,0.0007886833869050758,0.000307761806281448,0.0011409655412724096,0.00029975353390621073,0.0006946144091044548,-1.2043808310768789e-05,0.00037258694743580456,0.0005424315452984274,0.0002991731033645806,-1.2156070580138234e-05,0.00019688674473772316,-0.0011082691665738054,-0.0007472230977614291,0.00020451668942778056,-0.005373566134125096,0.0005524228558637656,0.00030950512395255814,-3.297220364195663e-05,2.0145096293555653e-05,1.6450376203236416e-05,-0.00024218437082623723,0.00040302968973815467,-0.0008463473201966165,0.0006853258152181851
0.0002187518953153944,0.0012417452746074087,0.00048743452011823507,-1.2993371822922484e-08,-1.6720050197482905e-05,5.8803889174674495e-05,-0.00016127007273447624,0.0005685781269739731,0.0009300947537853599,0.000816911942538523,0.0005366370956616517,-1.111869418313205e-06,0.006347830266579146,-0.003986763576241503,-2.8514985467631426e-05,7.561595004745847e-05,0.000524761439272714,0.00017948623639596484,0.0036229459395367147,-0.00019850860836900797,2.2926428407288313e-05,-9.277902507154323e-05,0.0003266321562140906,0.0001601682063270271,0.0007111779562201104,0.0022075298126611465,-0.001990329279220382,-0.00014038556102480282,-0.00019899391961664126,0.00017396036347872013,0.0003536424077887901,0.003535337267118077,-0.0002337578401797602,0.0003150863419356664,0.0005901941370269892,3.347055722646708e-05,-2.8743458106661457e-05,-3.3900116523377655e-05,-0.0016027645755717357,0.0029804652841809443,0.00020052967728467763,0.0008878774680196599,0.0003469189642772985,0.001055412769969566,0.0003456872778400122,0.0008266641865022351,-6.51383840692965e-05,0.00044004788548024365,0.0005122886067225885,0.00026560221635874015,-5.939430525292444e-05,0.0002283766989754632,-0.0010651704433409792,-0.0006569077874059026,0.0002712179773320944,-0.005302471967109423,0.0006112467180361403,0.00031955304826403186,-0.00015834492176269865,1.9625889936092378e-05,1.4870976199565789e-05,-0.00029638547046528796,0.0004919470368938139,-0.0009186346733336404,0.0011389635568863632
0.0002222343377820124,0.0014527719821744167,0.000530825031528126,-7.84740441628351e-07,-1.9400131884173e-05,6.598865975315782e-05,-0.00013340654203986002,0.0006385508943136387,0.0010033907833191247,0.0009262563743765995,0.000574929021610826,-6.066775386948109e-06,0.006750773351115846,-0.004374961265075528,2.2318720260816605e-06,8.02925123699616e-05,0.0005218303816723058,0.0001828848271991923,0.00390474719654077,-0.0001703058072290986,2.1140904021610396e-05,-9.492295399338158e-05,0.00035825735722538887,0.0001613386781684767,0.0007986576944034596,0.0024232831501462826,-0.002572482923745567,-6.965672996683825e-05,3.323174481106861e-05,0.00017287071139415744,0.00011681130016305552,0.004892243843062083,-0.0009897765919966162,0.00033860698516341436,0.0006156268670460818,4.854102146523154e-05,-5.416100224175935e-05,2.9449999081609946e-06,-0.0018462209626165516,0.0029685433284505347,0.0002397411316852338,0.0010020517840694243,0.00037345686446710324,0.0010543972513266109,0.000294086250291814,0.0009362893647610893,-0.00016698871793530135,0.0004984333603366142,0.0005815059961997715,0.0002589268234198805,-7.081267729769358e-05,0.00026249155007684877,-0.0011387946731148402,-0.0004406177264686395,0.0002573579011226901,-0.0048930833323788114,0.0006780835402639962,0.00036371605967033815,-0.00026323094295954697,2.7583926636154388e-05,1.6483291601421257e-05,-0.0003725280694025779,0.000516643654923099,-0.0009876934308840069,0.0015987353366109236
0.00026301715996357444,0.0015444860867797061,0.0005601820190943574,5.054569378604157e-06,-2.3589240443433468e-05,7.215379508407338e-05,-0.00012171398752536255,0.0007054463710445269,0.0009389070994214599,0.0009575775278454213,0.0006000972278399352,-1.2671835091127015e-05,0.006960351526636099,-0.0046440895413439875,1.8678231598290296e-05,8.514562752348631e-05,0.0005197779246588485,0.00018649303296869313,0.003984854299970753,-0.00011908701086071893,1.8263874548285486e-05,-6.39246727771603e-05,0.00038247082241738006,0.00015761682065584814,0.0008093810718896588,0.0026488955395933544,-0.0031188406495298304,-3.612246168160915e-05,0.00019703777879143125,0.00016669933191670872,0.00033020050061516315,0.0057945848426608215,-0.0022221834458614476,0.0003720181625341823,0.0006528573501609625,5.801943435734813e-05,-6.513866717794414e-05,2.2016830002025145e-05,-0.0020912917715498747,0.002992289342304,0.00026846493273846583,0.0011248725304011664,0.0004087381522337452,0.0010612724156651154,0.00021594829820337225,0.0009999241036171558,-0.00019700531594413206,0.0005553924240158103,0.0007664374011349118,0.0003001541815457198,-0.00010383982727457663,0.0002924960465009452,-0.0011033227209010787,-0.0001215606169752137,0.00031136322359870405,-0.004567788871120082,0.0007467865667882823,0.00043312898480807327,-0.00033127524347886794,3.7283664391818405e-05,1.9801846598443973e-05,-0.000528947495491594,0.000561439696782795,-0.0010967882902858106,0.0020615658684661753
0.0002614100538773645,0.0015559602016561591,0.0005828349427223767,1.2098631038570673e-05,-2.244348761382131e-05,7.322095627393388e-05,-0.00012022969465597111,0.0007418699595946876,0.0009006354290206353,0.0009744693962232542,0.0006204354203296347,-1.197948121689496e-05,0.007187082978050485,-0.004690302535399815,2.8822456357158188e-05,9.476393727259058e-05,0.0005490083070500695,0.00021356877699685306,0.003882215452777338,-0.0001175601308502916,1.683916052308554e-05,-0.00010668065556029838,0.0004106970541837285,0.00014578617147997797,0.0007051041098842248,0.0028419965359862687,-0.003455952751737157,-7.00909137578698e-05,0.00024131638829194557,0.00017363548103066506,-5.070610815971488e-05,0.005909639829637214,-0.003741046487947264,0.00036874672088860194,0.0007194415566853518,5.2065353356001154e-05,-5.9453668174502816e-05,3.941995832024148e-05,-0.002316487803581402,0.002806267220141656,0.00028707197555055686,0.0012054015997453593,0.000433600558181535,0.0010615443589465645,0.0001822103153115151,0.001089583127867888,-0.00025521674875572664,0.0006020446342795971,0.001027702466395386,0.0003662333986869104,-0.00011260937816659489,0.00034236421052313837,-0.00111853751042712,-5.5016566862242655e-06,0.0003187731361224966,-0.004476484168048467,0.0008188547683232184,0.0005111876348564692,-0.00033875125697613306,5.609598982747599e-05,2.5851795607323425e-05,-0.000546093536587744,0.0006095641562187115,-0.001198418641901955,0.0021075463531976535
0.00027945077188751277,0.0014491257152065007,0.0006003995160777098,2.1400983666319817e-05,-1.4207347336037124e-05,7.598859299462468e-05,-8.573337500472622e-05,0.0008012657729528083,0.0009841084366140063,0.001013518513570677,0.0006524475416993525,-1.700550341010576e-05,0.007253422909398122,-0.0044097725822427325,6.068814310800086e-05,0.0001215799683804697,0.0006375787742198824,0.00025528124505513894,0.0038974280352261914,-5.431050973270235e-05,8.791970257382431e-06,-6.634470211819288e-05,0.00045616765368960976,0.00014433421978465866,0.00047804183385835586,0.0028802814420605394,-0.0038065477125375224,-0.00017143328526203483,0.0001668169162860611,0.00019268580627995746,-0.0002723445299044336,0.005189749254509879,-0.005322684226264696,0.0003988631075888538,0.0007847328740990811,6.795386023528138e-05,-2.339162144571194e-05,7.008198756786044e-05,-0.002416607521427805,0.0025063192366225895,0.00030394196622984815,0.001257098397622336,0.0004706644427479034,0.0010275713466847414,0.00013867211328011386,0.001171097541160293,-0.00026991630411010714,0.0006567522936011816,0.0013260080332002655,0.0004451546524057992,-0.00011764567114380675,0.0003667302580410148,-0.0009939509858303275,4.9352743999975246e-05,0.00041544243958613336,-0.004413122755912324,0.000901335188377983,0.0005746423156272051,-0.0002727129301168807,6.839228144106535e-05,2.6656575593531073e-05,-0.0005654958317017345,0.0006238390822865814,-0.0012616262590424698,0.0021075463531976535
0.00029885771372306635,0.0013699814585663717,0.0006113641198335351,3.779731348263482e-05,-7.595768944601566e-06,8.289918839743393e-05,-1.084252983174494e-05,0.0009019603797673081,0.000989723119100283,0.0009978097396363683,0.0007832055540446525,-1.750799568045469e-05,0.007001879826292745,-0.004522790793739739,0.0001244510414037947,0.00015078062517548396,0.0008164536307815329,0.0003163906655971882,0.0036771155890638063,7.524996989904942e-05,7.72077893129719e-06,-1.840489390747546e-05,0.0005522658524204083,0.00017326081550450567,0.00021015531285328848,0.0029542822589736506,-0.004204008052038244,-0.00028433123266669025,-2.3312870560676657e-06,0.0002435149294286454,-0.000742598313858589,0.003791021930433791,-0.006720951131124697,0.0004451144256572004,0.0008625543951494841,9.177089062140098e-05,4.819962403246336e-05,0.00014268585004018064,-0.002431837436574824,0.0022676776194672232,0.0003277144674824761,0.0013241828684158463,0.0005426852848549046,0.0009428351321656425,0.0001039214926794596,0.0013559003302781036,-0.0003483416743662593,0.0007514794476397579,0.0016548260784174929,0.0005195445695853618,-9.640055984982965e-05,0.00043632266603021996,-0.0010125785832481027,0.00010943759330483971,0.0005417884020615382,-0.004309983324291888,0.0010681232841944777,0.0006604395625708914,-0.0001590235885843283,9.765540986150789e-05,4.635215846815477e-05,-0.0005795674415447483,0.0007097028973983566,-0.0011618957736410085,0.0021075463531976535
0.00037176012045936346,0.001469771911180251,0.000611471145412823,5.389842744785156e-05,3.231536367609422e-06,8.679549046930468e-05,-2.1574117783362823e-06,0.0009966332829822733,0.000967192500002767,0.0009721670599707188,0.0009314070460046953,-1.0668509764055756e-05,0.007171155118513628,-0.004403011809765434,0.0002024667338040853,0.00017413105374375348,0.0009417063511483192,0.000363086697449333,0.00356533736643172,0.00014171905420301556,8.814386533329e-06,4.93676734314441e-06,0.0006552091129528037,0.00020930199951640915,-7.282970029953706e-05,0.002913980645209424,-0.0046654787560993505,-0.0003881401468738277,-0.0002706272071653082,0.00029525814608089007,-0.0020563728886136,0.0017257610829100045,-0.007693367416162444,0.0004582653347622312,0.0009105879384052606,0.00010622337353116684,0.00014693534768417393,0.00019287566831471814,-0.002290102548021977,0.0022373222842042573,0.00034645351577267114,0.0013907653945097742,0.0006035424467001338,0.0008659776821897669,2.458644184444303e-05,0.0015129090842485038,-0.0004348976994634768,0.0008440571254790807,0.001958974201717867,0.0005461280906917665,-8.230641245754455e-05,0.00048787108777537114,-0.0010084197307375087,0.00034662195119805617,0.000758129618098069,-0.0043625852393640585,0.0012394688584789204,0.0007422358472273238,7.642724542122892e-08,0.00012660792137819676,6.448343629839037e-05,-0.000598483700946284,0.0007656164015807931,-0.0010060570364968102,0.0019146134958327732
0.0003519520608508131,0.00148605648938549,0.0005940581136389955,6.788680041447392e-05,1.660379577161919e-06,9.10190681049361e-05,2.204630052737855e-06,0.0010598858606720718,0.0010426283243571977,0.0009867341282778774,0.001042768673063188,-1.0527844679253384e-05,0.007092799262458538,-0.0042066399459846915,0.00026332122690364557,0.00016736088610280753,0.0011113611817279434,0.00042490356007429675,0.0033557496079188454,0.00019304742810555275,1.3445766275710369e-05,6.230436492193903e-05,0.0007340705703442474,0.00023238559626737043,-0.00034822938708878315,0.002985236512657252,-0.005222333043965355,-0.0004662617295723148,-0.0005914513734930349,0.0003333160958189918,-0.0037252795033684283,-0.0007380530246843264,-0.00806711553502426,0.0004649985524360911,0.0009335280319677786,0.00010686237404700094,0.00025388469507925393,0.00024760891348174496,-0.0020190727677098508,0.002157375227178404,0.00035084753191028106,0.0014651774465728185,0.0006510641518897575,0.000757462203486936,-5.055916867979793e-05,0.0016316956152524487,-0.0005283462252381188,0.0009057222262975895,0.0022077146635910427,0.0005464712558975737,-5.1949085726143984e-05,0.000525521799771278,-0.0009865858399856764,0.0005377997032145476,0.0010119018516878686,-0.004516711100464588,0.001368528054046525,0.0008038567914030459,0.00014816306341791652,0.000142493416375844,7.677655878501888e-05,-0.0006501515883875486,0.0008575830708070775,-0.0008813123902723374,0.0009928213402223829
0.00041052180332412647,0.0014926946567337396,0.0005713538226772563,7.246415258910233e-05,3.231490447008767e-06,9.180607548375797e-05,1.066759627232905e-05,0.001085067645281379,0.0010927676368901462,0.0010401843740126537,0.0011094903920148003,-7.408392318386525e-06,0.006821091443468763,-0.003941732586409619,0.0003089445231605481,0.0001590963773883125,0.0013250523104164635,0.0004537321578468312,0.0033669841319747817,0.0002699931987177884,1.9086068153262303e-05,8.271848286200978e-05,0.0007866946317105494,0.00025565553287298926,-0.0006022218048318262,0.002904133875122561,-0.005735937104907829,-0.0005233923030623089,-0.000917651831366717,0.0003470866057366795,-0.0047407337904191715,-0.003253758151138819,-0.007808089838160837,0.00046735265403419213,0.0009559907714475901,8.192996566780408e-05,0.0003289655394480562,0.0002866374099064206,-0.0016867818939898527,0.001972705990756829,0.0003362897073164728,0.0014881357552904984,0.0006792173037375449,0.0006172731936335829,-0.00010630173202696991,0.0016292235127479682,-0.0006512284871775798,0.0009244699511614662,0.002347226375316147,0.0005643982850438434,-4.152847154714756e-06,0.0005285416323879133,-0.0008594894174687173,0.0005489041910602399,0.0011892735935947751,-0.0046686929479320405,0.0014521395202549137,0.0008395289980773768,0.00024628049350106096,0.00014602361090099159,8.106150567743775e-05,-0.0008007965655324467,0.0009304370889009483,-0.000782325215490487,7.102918461221464e-05
0.0003536491758970861,0.0014077372909819807,0.0005540489112834113,7.707147291236005e-05,2.8132653318024836e-06,9.05119787599773e-05,7.79369600190094e-07,0.001083698606197725,0.0011059064870850843,0.001033201434472053,0.0011259990178256185,-5.165096520931556e-06,0.006516984453611707,-0.003694405947187729,0.00034102634685573285,0.00014213734160195557,0.0016057170655305875,0.0004877160432217309,0.003350644057101393,0.00034161793320408584,2.0644110016343475e-05,0.00013549098179055363,0.0008057637054843525,0.0002684154787997439,-0.0007570222072597055,0.0028757283585254534,-0.006004805585772988,-0.0005528108033914236,-0.0011661729064805781,0.0003423687561958655,-0.0058578649078335765,-0.00527975782428125,-0.0066781616883277994,0.0004670203181698085,0.0009602023874983878,6.195994615221245e-05,0.0003748680104773694,0.000309493846770037,-0.001409632221602175,0.0017832062842204621,0.00031583886763075775,0.0014745999533374299,0.0006739188747353353,0.0004396901230137029,-0.00011346020419633618,0.001600275336909096,-0.0007351656799738926,0.0009072287986346961,0.0023382491138173034,0.0005559030329946868,2.7238674258356355e-06,0.0005128896511621406,-0.0007269832438118184,0.0008143590492937225,0.0011734948769459574,-0.00444219218900721,0.0014741652293619456,0.0008336412464899912,0.00031059396980515075,0.00014136881731463546,8.023006990898196e-05,-0.0009375218724944068,0.0009793229428587402,-0.0006866013408701743,-0.0008660732654466319
0.00043758150295691856,0.0012598701677200008,0.000531012931081376,7.370929686589811e-05,-1.8379220545483577e-06,8.901369900038425e-05,-3.0215559887247778e-05,0.0010459230677066778,0.0011588877563817324,0.0009424983562775768,0.0010844966918293064,-2.2325815766111035e-06,0.006291682925399167,-0.0036255589230738128,0.0003457722632667082,0.00011907375800501718,0.0017477432549286576,0.0004913644999189337,0.0030253713152565975,0.0003806801036494445,2.0701826394908807e-05,0.00015065073347897417,0.0007860809879336461,0.0002629418921069604,-0.0007836989890538382,0.002705608893190048,-0.006118944471035781,-0.0005413052147490438,-0.001312426765176622,0.00033134213178254157,-0.006850245162747792,-0.0066667346349101875,-0.005207172294298901,0.0004382715472088794,0.0009416750147606123,3.808750781075787e-05,0.00038872720683436057,0.0003186450194239132,-0.0011960997834803422,0.001508732244298816,0.0002927862695267791,0.0014403203684938415,0.0006541630178660274,0.00018259272028009477,-0.0001180758621942557,0.0015729878707566591,-0.0007326163847458655,0.0008553731992246849,0.0021930948498201097,0.0005259333727263282,3.705423351774151e-05,0.0004892290448359482,-0.0005353556603211462,0.0009890735772539738,0.0012084266840510782,-0.004390176943724677,0.0014316126831512843,0.0008255372974816932,0.0003193451182481599,0.00013418753170224562,7.664569087562079e-05,-0.0010183567105307434,0.0010336045843435393,-0.0006308872372826624,-0.0010176716345595693
0.00046555552514315757,0.001138729015153439,0.0005040261866335882,6.669360272115732e-05,-9.314390535863915e-06,7.877881380058405e-05,-7.236570145430221e-05,0.0009643338405818103,0.001170438062043866,0.0009288355079541954,0.0009937631440390948,-3.62711459367393e-06,0.006280450290272688,-0.003381514158353305,0.0003172312848900294,8.862079077132101e-05,0.0018008906769606536,0.0004530474369748294,0.0023661228075699814,0.00036836162654285687,2.195683750993993e-05,0.0001747732502617172,0.0007348241167810521,0.0002491635830144112,-0.000651932971667657,0.002721777674121739,-0.006100078567948142,-0.00046035559965662554,-0.001349080678368031,0.0003098002022756674,-0.005785544882434657,-0.007266240281474823,-0.0035828881458735973,0.0003896288194034092,0.0008874567159096181,8.671138277627222e-06,0.00036852787732266634,0.00029603977485193056,-0.0010006229162102809,0.001246990170328699,0.0002693282588848156,0.0014072147938357649,0.0006105224150476651,-6.794108809204946e-05,-0.00015291446260345953,0.0014670340168148055,-0.0007350199764364351,0.0007748823502125024,0.0019180713874831223,0.000449384295532651,5.8395936336275156e-05,0.0004529097634122792,-0.00029973365582613987,0.0008415315708338866,0.0012893065702046513,-0.004488562920937245,0.0013207942455764066,0.0007620080603942814,0.000257954335752153,0.00010979857080251065,6.528938434691156e-05,-0.0010082495702156136,0.001047078378243027,-0.0006430999451964015,0.00013458509374841832
0.0004461910625863652,0.0009516249580594494,0.0004819486513099047,5.8077517997467965e-05,-2.0150175762623235e-05,7.14658309615146e-05,-9.723900948765962e-05,0.0008340850987833548,0.00114990886579025,0.0007380899677167374,0.0008413231198778348,-4.242644230934012e-06,0.006236034085770559,-0.0029082513412438393,0.000274381591776951,5.281648398147709e-05,0.0018493858649051287,0.0004092190140454477,0.0016729778618482793,0.0003441877937575555,1.9789050799134955e-05,0.00023075842941366886,0.0006440008113524076,0.00021753449239780842,-0.0004279352823114424,0.0026260466686596207,-0.005961009476691537,-0.0003397209966442549,-0.0012653667129244317,0.00025500486205132233,-0.006765009551065626,-0.0070670051102554865,-0.0021281824765674306,0.00033871920301264957,0.0008060160622176404,-4.5633740545447665e-05,0.00031675297103195277,0.0002493474319009703,-0.0009646629128896578,0.0009924880065830255,0.0002454353787844088,0.0013027777558174414,0.0005473813922500792,-0.0002660569922041667,-0.0001584098396033573,0.0013265716845969333,-0.0007071861175766969,0.000678614956748147,0.0015881523399092767,0.0003896102307514582,0.00010088493681936761,0.0003919569228776343,-0.00029911693431861064,0.0005314241225453653,0.0014457528137372666,-0.004699778067514204,0.0011463215170031127,0.0006564875894519151,0.00012879073980620603,9.342130051170905e-05,5.086306552493092e-05,-0.0010527714857822001,0.001070824008343907,-0.0006970317175720719,0.001286841822056628
0.00037039126164217784,0.0007959389092746516,0.00046562189120313846,4.409899093960057e-05,-3.322179616083165e-05,5.999517020760514e-05,-0.00014513777494640223,0.0006812813803476203,0.0011319561905842601,0.0005345229722497624,0.0006363414420198499,-1.4628513789638475e-05,0.006365093042606906,-0.0024115985742482193,0.00022596413876607713,1.2320740021554144e-06,0.001845170338528046,0.0003063505874170147,0.0011480488967632319,0.0002842578779711502,1.4711369002329278e-05,0.00024853793844359373,0.0005205935280980789,0.00018094268804857983,-0.0002188803793851113,0.0024389678783749424,-0.005824448890612399,-0.0002089336496007288,-0.0010631391772004672,0.00020244147375447774,-0.007178502407074738,-0.00607618827825851,-0.0009601148886499988,0.00026396538961392935,0.0007000555288634303,-0.00010511690284886743,0.00022489392409008602,0.0002066637809297056,-0.0010374147570479941,0.0006215225100409949,0.00022818207174246652,0.0011919162168296804,0.00046662727248047986,-0.0004329100864153279,-0.0001867748857095064,0.001177800869778256,-0.0006465512684904473,0.0005695541591315134,0.0012349071964981029,0.00032446114866813147,0.00013252284809928128,0.00033331758019072844,-0.00020367608648919067,-9.93099721623425e-05,0.001494989646520839,-0.004568354189696033,0.0009312254665176933,0.000522014118957248,-5.275076628552533e-05,7.428981113610789e-05,3.141234146530891e-05,-0.0011225253287499015,0.0010696899829982787,-0.0007601529221792358,0.0024390985503648377
0.00039700207427562084,0.0006124141575201136,0.0004259382154208069,2.388539426578795e-05,-4.92168748638111e-05,3.932781853333012e-05,-0.00021239235666126177,0.0004889371423695277,0.00104616352262199,0.0003810995535555861,0.0003745114006865613,-2.7089713852790354e-05,0.006580144264848986,-0.0020220073247376735,0.0001549682910062522,-6.009967970244112e-05,0.0017133366652095638,0.00023670866124048118,0.0004975056003451162,0.00016424038707540944,1.282008658542999e-05,0.0002606277435663884,0.0003641473786375471,0.00012793123839238696,-2.4513462867692404e-05,0.002021314622716819,-0.005535864588204542,-7.410520951067756e-05,-0.0007955468466653848,0.00014419686315947366,-0.0074300068446695455,-0.004588812262454889,-0.00037407546669721015,0.00019222578034394644,0.0006129115454291956,-0.00015833222971295413,9.43285632386548e-05,0.00015216719458610584,-0.001258723686362595,0.00028704231712994854,0.00021472275466782875,0.0011124383844167696,0.0003721421586790896,-0.0005372117967080703,-0.00024491783479152485,0.0010139765643317755,-0.0005984221707258097,0.00043736964761365016,0.0009171232290139386,0.00023878208881655816,0.00015492443243059206,0.0002786054087795531,-0.00010286016356886307,-0.0005458649334628696,0.0014855359815419966,-0.0045428790404281605,0.0006799074961998386,0.0004183562653727879,-0.00021870314827099335,5.001354283651338e-05,1.3689376303416267e-05,-0.0011719942569790032,0.001039603683510082,-0.0008592484673513034,0.0032387720938831244
0.00037073283256949807,0.0004505144107562753,0.0003772402170538758,2.3784056730757897e-06,-6.283909276727506e-05,1.5274470806847518e-05,-0.00031811035900874973,0.0002801326266910209,0.000938761293742818,0.00018742138232186178,6.136334683093381e-05,-3.2049532455613594e-05,0.0065895489234140125,-0.0018267599309795823,6.679314380808599e-05,-0.0001417310708099473,0.001614192436522277,0.00013894230940780794,-4.7092429830919436e-05,4.3712327407297025e-05,9.647345641905503e-06,0.0002701074390860647,0.0001840898572613714,6.331497692912968e-05,0.00011359758685358656,0.0014692800350166735,-0.005187467197908635,4.85627186623816e-05,-0.000500218480624981,5.691379333194746e-05,-0.006889895275448477,-0.0028627593200615253,-0.0004401833334846117,0.00010879851649114869,0.0005127517792991032,-0.00018432807112700456,-4.062651823244501e-05,9.81891043589922e-05,-0.001515889203294818,6.064749327916452e-05,0.00019424265323353396,0.0010314869976808527,0.0002672645113726002,-0.0005372301392699841,-0.00028707779852510384,0.0007961700498595459,-0.0006137761599179781,0.00028396826213517024,0.0006251088289017659,0.00014690294521924052,0.00014785308637965677,0.0001780303433023267,0.00014441986600033374,-0.0008519960814461491,0.001516379116121458,-0.004342638051229475,0.00039697703477159507,0.0003185703175265786,-0.00035304040601003006,3.264876914133019e-05,-3.3900613778392596e-06,-0.0012189115405180084,0.0009933121370888642,-0.0008707893904984498,0.003701801031282148
0.0003147338450031345,0.0003336595896858974,0.00032976991386046706,-2.3007413608056027e-05,-8.091620486516682e-05,-1.28657543160271e-05,-0.00041695130495111865,3.699775159349272e-05,0.0007445138598130008,8.471749629679337e-05,-0.0003046003274994602,-3.407912867781082e-05,0.006236502775226027,-0.0016891253808701823,-3.789444466906211e-05,-0.0002090282082688466,0.0014245982537306467,9.591098295125278e-06,-0.0004908944716291996,-9.333973441028043e-05,2.911934366522928e-06,0.00028373947807547317,-2.1725910592351738e-05,-1.0449101079723633e-05,0.0001766184107419022,0.0008899948833269722,-0.0046882530094575214,0.00013593980308157505,-0.0002373274949171167,-3.849696507773892e-05,-0.0065598102892320265,-0.0013027709115759345,-0.001157785194821459,1.3765110049135387e-05,0.0003893408973743018,-0.0001920968660412692,-0.000178271501010685,2.126175142058706e-05,-0.0017841179942273966,-8.934734795829069e-05,0.00017386423602827605,0.0009454000263071638,0.00014117964037851927,-0.00043428483188812095,-0.00032928347221794496,0.0005556214317818942,-0.0005942384363276654,0.00010896861676812364,0.0003815213245044191,7.258064070203574e-05,0.0001454214151062061,9.103977587132661e-05,0.00022898411496496962,-0.0010584928992862785,0.0014494075330533374,-0.004527855920975599,9.292811817207536e-05,0.0002312137535547265,-0.00044067479439824364,1.1635842869450741e-05,-2.4786837219070712e-05,-0.0012658351299099646,0.0009743889508142534,-0.0007796694780188851,0.004166367611644128
0.00022062793036758954,0.00019989333451131408,0.00026130073638142015,-5.100841114413779e-05,-9.312636387559525e-05,-5.1617299744122214e-05,-0.0004972350668425163,-0.00023655198094085783,0.0005180221360685522,-0.00014175518308090496,-0.0007008263795713621,-3.853292259303753e-05,0.006017927665378675,-0.0014108984522980261,-0.000162094907945054,-0.00028898611957317577,0.00125850939211114,-0.0001141693634394425,-0.0005909821149410188,-0.00024555280883620245,-3.131386233423683e-06,0.00023643486768132327,-0.0002430855293539258,-8.797611017219431e-05,0.00017143257935670064,0.0003841880033790268,-0.003818381386508918,0.00018827736499882342,-4.454561312938754e-05,-0.000126616514079525,-0.006522275253356025,-0.00017622674289929918,-0.0023428918784434982,-7.605071135163843e-05,0.00028962493393258626,-0.00017789387399014256,-0.0003061168976723483,-7.245397176369739e-05,-0.002141494659379628,-0.00020577369173391258,0.00013808836744977349,0.0008141175456393146,8.459455318465814e-06,-0.000364608334518679,-0.0003872074405449899,0.0002421849768856621,-0.0005299138140671955,-8.372297926317884e-05,0.00020356858825198998,-1.863432276605348e-05,0.00012636912153474178,1.1823894935814039e-05,0.00031816166344356134,-0.0012003265947768682,0.001290482416241634,-0.004879812600351197,-0.00024246256723092774,0.00010917753240780037,-0.0004813799301386368,4.0527570477344455e-07,-4.579246192337738e-05,-0.0014006461968885109,0.0009694538178994794,-0.0007866654972830123,0.004630934192005887
0.0001854304545954033,-0.00012356534429991406,0.00017868037931934033,-8.182770587927823e-05,-0.00010821898983315315,-9.639803811911651e-05,-0.0006244298399675774,-0.0005268112797890412,0.00029654288987646105,-0.00036090924782161693,-0.0011286781467736429,-4.3356099792335456e-05,0.005597095235042371,-0.001118246184603433,-0.000294576369606836,-0.00037827895933584266,0.0011852797679012816,-0.00024171883986456866,-0.0006526221415926736,-0.0004291475884931062,-1.229319343287738e-05,0.00017705637754006354,-0.00048050017263279177,-0.00017256756205030754,6.118277247502135e-05,0.0001020477384736651,-0.002855298117716454,0.00015212237294837117,6.590301541642418e-05,-0.00022045503245593512,-0.006359025552644781,0.0004245653176968567,-0.0038356715924648954,-0.00018731944578087578,0.00018352762978834924,-0.0001716921973028418,-0.00041603678172053016,-0.0001506658185901344,-0.002595211191465663,-0.00024040700444694085,8.555262660769891e-05,0.0006357575781748004,-0.00012821716660926796,-0.0003599701682391876,-0.00039042750153328587,-6.818557445698037e-05,-0.000530198639443924,-0.00029379666016948747,6.852058962736329e-05,-8.345132741338634e-05,0.00010549641266499599,-5.9394824222014364e-05,0.00026144991239984705,-0.0013660042280191353,0.0010936259963896244,-0.005030259530078518,-0.0005932927722637205,4.604756837744972e-05,-0.0004471317016795373,7.137446624838617e-07,-6.79440606226045e-05,-0.001518179099466832,0.0008923164735632483,-0.000813049209549388,0.0044691510049876815
0.00010211443639085438,-0.00040555340213921376,7.853309591321356e-05,-0.00011383471042358817,-0.00012601540756473906,-0.00014770731182134345,-0.0007620864862740717,-0.0008379521848760341,3.394552626323488e-05,-0.0005771423494158601,-0.001580046109670441,-4.817448132532487e-05,0.004923446569786938,-0.0011776394803917345,-0.00044801795330629,-0.0004870293587361241,0.0009739484191144676,-0.00038463023124213347,-0.0008516483020241106,-0.000632028218126246,-2.2386619811798347e-05,7.185365961981383e-05,-0.0007283364039082363,-0.00026265178238238374,-0.000141660560160628,-9.185979416803658e-05,-0.0016729280436308391,4.043785659124666e-05,7.604527624271995e-05,-0.0003293715362516769,-0.0049322485275197225,0.00042870958765006684,-0.005352120930700144,-0.0002951102443080611,5.308960390948414e-05,-0.0001631719664509923,-0.0005088645261502878,-0.00023394215914429584,-0.003089794377638011,-2.448522709053158e-05,2.9658852639391498e-05,0.0004090384806729741,-0.0002698407260377511,-0.00039629525489481843,-0.0004864254338131646,-0.00039250805073065553,-0.0005391555835778661,-0.00052147188992413,-7.662083006210185e-05,-0.00013180680802205025,0.00010893643337572811,-0.00016139057590558448,0.00016732137142616565,-0.001551464930379165,0.0010127020365164885,-0.0056148258828429,-0.0009528397335601957,-3.22569692761121e-05,-0.0003322641449148289,2.4489272976158105e-06,-9.219177716512927e-05,-0.001547793665727215,0.0008537965053199148,-0.0008696366263549749,0.004001889415991666
7.321327600617877e-06,-0.0006570667752517911,-4.945067372164047e-05,-0.00014681091823853798,-0.00014394771822778818,-0.00020668636659826323,-0.0009399489764803093,-0.0011773647360429074,-0.00025418607745297805,-0.0007940570842991379,-0.002045813362645421,-5.096558259221062e-05,0.004606383181628981,-0.0013150161597842436,-0.0006132299272475494,-0.000591597766744334,0.0008530038522780448,-0.000523502404925158,-0.0007980358368950835,-0.0008639362447701027,-3.014614507079738e-05,-2.0985564693432046e-05,-0.0009806480189059608,-0.0003558991481852347,-0.000396682706270135,-0.0006496977364711665,-0.00016961525823622203,-0.00012003182495101683,-8.113602938508713e-06,-0.0004395609784599852,-0.003423622022794337,-0.00016249015128788624,-0.006633329525916776,-0.00041547233438277154,-8.37192575023904e-05,-0.00014702718054915298,-0.0005747175604926547,-0.00032166976251224444,-0.003528109045845107,6.401078158080331e-05,-3.7006367635483706e-05,0.00018667947085515557,-0.0004237057034573999,-0.0004438437413434304,-0.0005554588003711114,-0.0007698426078192044,-0.0005218576882148884,-0.0007691502890987412,-0.0002943552405377803,-0.0001503561413928045,9.257544040708332e-05,-0.0002653316714789078,8.537117918572257e-05,-0.001612641146778837,0.0008827362057748367,-0.005958274323441315,-0.0013223878097502473,-0.00010076531264902044,-0.00018500964025314204,4.040719599585074e-06,-0.00011626251728613646,-0.0014983886092219123,0.0008012457733799216,-0.000856158108559768,0.003543886752364278
-5.5647854808826835e-05,-0.000910829085202014,-0.0001800859795760834,-0.00017854171276321384,-0.00016664768499963234,-0.00026680100846987465,-0.0010869885986013461,-0.0015318323193369565,-0.0006574657672637763,-0.0009564994184164677,-0.0025146548889600773,-5.560851291386282e-05,0.004263935929451845,-0.0014855938818006953,-0.0007859555648165317,-0.0006944902513938978,0.000854268883468734,-0.0006383558318724392,-0.0007532737149211766,-0.0010741231762957382,-3.967195592224915e-05,-0.00011646038912305201,-0.0012324697527976713,-0.00044831130012334963,-0.0006643626705334915,-0.0011328458268469177,0.001353158318887937,-0.0002942799533144358,-0.00016224074548210066,-0.000557201792605988,-0.002409634795891624,-0.0011933218012504243,-0.007441965652834948,-0.0005142141907173992,-0.00020531309122728825,-0.00012550308503989083,-0.0006090480225716677,-0.0004101237593149287,-0.003893135253103419,0.0002443151163558088,-0.0001212838288480178,-8.341886255602837e-05,-0.0005789987010877962,-0.0005289497486842265,-0.0006507422179824474,-0.0011280553430803586,-0.0005391840565768247,-0.0010356760988158298,-0.0005855431950123613,-0.00018540685415591174,3.2754168024506924e-05,-0.00036285810561187404,-7.0751448435602e-05,-0.0015723712206616725,0.0007001463246918416,-0.006500876600253003,-0.0017033675224347178,-0.00017855287418544474,-2.2566733313356124e-05,-5.281964079340007e-06,-0.0001451935498839596,-0.001520619264672951,0.0008017567387772484,-0.0008280742674764419,0.0030766416971634847
-0.00011813834685270308,-0.0011693499278647712,-0.0003063990836226216,-0.00021321286954301133,-0.00019215770269476184,-0.0003234793832270766,-0.0012323049834691568,-0.0018891458171004238,-0.0010108761155672719,-0.0010777686247260831,-0.002963582451516955,-5.967699257491965e-05,0.0039059264027336837,-0.0016189747092797413,-0.0009541084408775102,-0.0007870300547698772,0.0008384372414724783,-0.0007310277444494417,-0.0008335496793744346,-0.001279957097217732,-4.72314261907858e-05,-0.00024592113820021133,-0.0014770156100019083,-0.0005305297105818729,-0.0009200610593613767,-0.001451836478791546,0.002782324398935332,-0.0004695582958937905,-0.0003579618430952225,-0.0006806072292832033,-0.0018487821041804908,-0.0024012460062269314,-0.007667077498931252,-0.0006293749604227017,-0.00034674597802331064,-0.00010230207189476648,-0.0006258256438179677,-0.0004939301260392659,-0.004204989728912256,0.0003618111086152176,-0.00021515087677659306,-0.0003941219794573181,-0.0007271742980698992,-0.0006898561503290157,-0.0007152387920380532,-0.0014956422402478964,-0.0005926294972637969,-0.00129808597234371,-0.0009535514749339224,-0.00018306268750867272,-1.2820940735069897e-05,-0.0004450910363079652,-0.0004140072306798581,-0.0015156794833426357,0.0004936414553045054,-0.006791907249460216,-0.0020828787661421044,-0.00030304432640881895,9.446341448704487e-05,-2.7223608641158137e-05,-0.0001702968721003506,-0.0014779534382861614,0.0007800985322401477,-0.0008179388796737408,0.0022028471493116264
-0.00022458253560375674,-0.0013305140735118126,-0.0004289147837862606,-0.00024708216314672793,-0.00020924102693509194,-0.0003762056946096104,-0.0013578639286782046,-0.0022265955467608567,-0.0013197864326187636,-0.0012598674155213097,-0.0033743106097378073,-6.610084626801349e-05,0.003659418520549629,-0.0019036715799778392,-0.0011191696883483537,-0.0008922330755474217,0.0008026108392857889,-0.0008246878779849531,-0.000791919950523523,-0.0014650592024162412,-4.957353185708335e-05,-0.0003760980831402083,-0.0017127963437643112,-0.0006108291376645258,-0.0011425759733431073,-0.0016208148805550993,0.0041077701551273105,-0.000635980455074403,-0.0005431858684959989,-0.0007992654707927871,-0.002073550527090018,-0.00348967642468323,-0.007235448097203889,-0.0007235691852712778,-0.00047006618160660985,-5.886156291812217e-05,-0.0006465864931602949,-0.0005860737657411574,-0.0043954561918171375,0.00032098105002309474,-0.0003033573167670056,-0.00069915411370014,-0.0008813515571991504,-0.0008440515070783361,-0.0007612543473084488,-0.001932252846871596,-0.00063629089373618,-0.0015490298250117052,-0.0013964298887862991,-0.00022232329252036553,-7.76159977087243e-05,-0.0005337541001020352,-0.0006983338761662461,-0.0014403375593607937,0.0001771206310787754,-0.007340771417051251,-0.0024571315695927076,-0.00042703847491809555,0.00016688084843718975,-4.2665105235206724e-05,-0.00019720986733062773,-0.0014227058381891533,0.0007661391131246198,-0.0008879722496580866,0.0012281633825339533
-0.0003022119997193595,-0.0015891011634288077,-0.0005324071065648806,-0.0002789351303329468,-0.0002303543006102471,-0.0004241761782188824,-0.0014973771378037348,-0.0025325837040131027,-0.0015679445437997153,-0.001481079535309071,-0.003768864133750882,-7.170688677338166e-05,0.003148811608695956,-0.0025321277570777845,-0.0012932415642004091,-0.0009925884613788405,0.0007633460612295195,-0.0008921013219900242,-0.0003184406068217349,-0.0015854509246100434,-4.9399829428198316e-05,-0.0005243891847611648,-0.0019373473298733845,-0.0006843916534186034,-0.0013134713961907574,-0.0018643290254846123,0.005354562885551362,-0.0007807623987423629,-0.0006504394736208674,-0.0009040407735592115,-0.0015101619259815235,-0.004092017074906917,-0.0062614727667348324,-0.0008084466877167351,-0.0005867683931525258,-3.8042816194683304e-05,-0.0006748801914467917,-0.0006699082576540061,-0.004673334365523085,0.0003021419995767882,-0.0003901510932068364,-0.0010043134256183528,-0.0010159631926125456,-0.0009774504891315594,-0.0008499764680567345,-0.0023029069779664235,-0.0007147273129785026,-0.0017805499499587985,-0.001939987030284529,-0.00025205712931586355,-0.00015797367388592498,-0.0006233957589844019,-0.0007211966552130855,-0.0015910728914974026,-5.0081815548108644e-05,-0.007713921032604043,-0.002819138919742392,-0.0005451178397253287,0.00019633078830838535,-6.4435078170888e-05,-0.00021957006998596373,-0.0013531127944614862,0.0007252008367166773,-0.001015871058061113,0.00026629330711469557
-0.0004822028908801901,-0.0017066875034792428,-0.0006183267862484021,-0.00030807548243072524,-0.00024535179539331153,-0.00046587099752415373,-0.0015833604479824626,-0.002805449991352127,-0.0016989981086755757,-0.0016321213276508928,-0.004122536325987358,-7.625862925175753e-05,0.002676757176920841,-0.003010387715893126,-0.001460838728985614,-0.0010642949358056208,0.0007495823231551402,-0.0009406734381289805,-0.0001531990211194323,-0.0017077546569527202,-5.416493221821472e-05,-0.0006192891097365205,-0.0021501732787895245,-0.0007547403784706752,-0.0013914539613107957,-0.002048514709986571,0.006681532710131499,-0.000894626514188146,-0.0006639689696223972,-0.0009959584115831754,-0.0006965076471205922,-0.00407763494294322,-0.004995478144522725,-0.0008667591190232304,-0.0006679839389803766,-1.2689920701025592e-05,-0.0007106709455767524,-0.000761368086219294,-0.004933001377731894,0.0003267623598877112,-0.0004567778926242161,-0.0012600226728198827,-0.0011316976582194105,-0.0011168036191145925,-0.0010161858659559764,-0.00266584174594231,-0.0007598256817750171,-0.0019808710136809404,-0.0025306802222594404,-0.00030112990526842687,-0.0002456955938457961,-0.0007291598293831525,-0.000902017253248566,-0.0018175275530010193,-0.0001777150942116057,-0.008156297390144673,-0.0031477575426235305,-0.0006807055216762059,0.00018999731891078397,-8.330621855279219e-05,-0.00023884122692185983,-0.0012522506257764965,0.0006674364548249212,-0.0012160346569742853,-0.0005544938930031051
-0.000714856469433145,-0.0017992340724845013,-0.0006834501120841496,-0.0003317944512485349,-0.00025418165216550825,-0.000497974855943828,-0.0016907727553800989,-0.0030313133063288866,-0.001825930158950162,-0.0017427153222175917,-0.004438573709901306,-7.677115733062401e-05,0.002234365418441575,-0.003434604274104691,-0.0016068441880119355,-0.0011275652120743551,0.0007386102947384288,-0.0009805729625943505,0.0002306170674317709,-0.00180281964840312,-5.253341302624559e-05,-0.000709003458153501,-0.0023441719978596343,-0.0008180952757589344,-0.0013671944227285904,-0.0020803424649080693,0.007967258614687278,-0.0009681001353267771,-0.0005782187701770525,-0.0010726569238073136,-0.0004012273451736714,-0.0033872017769674967,-0.0036752659417819133,-0.000912917460180962,-0.0007390583317740118,2.5261306970447706e-05,-0.000754516392951099,-0.0008757722396799394,-0.0051630910217637105,0.00026331654859990117,-0.0005217384591960084,-0.0014792661917917282,-0.0012399902470353608,-0.0012380493771552148,-0.001116216733342057,-0.0029574511749456134,-0.0007615052071683337,-0.0021545127182388546,-0.0031100167948050483,-0.0003297869655708441,-0.00031308938831564603,-0.000784821592907492,-0.0010333884722327769,-0.0020679905479619176,-0.00025877714287003695,-0.008228246021004693,-0.0034466092339641152,-0.0008175929949119087,0.00011018454466715788,-0.00010025736341823244,-0.000263030585272217,-0.0011340284164742531,0.0005949381794567721,-0.0014487799449834915,-0.0005544938930031051
-0.00089281496267124,-0.0018349432379592967,-0.0007295509610957263,-0.00035475247390448494,-0.0002632841213631165,-0.000521172703021322,-0.001741590877793131,-0.003212000520400715,-0.001946044213153697,-0.0018820938794548159,-0.004696374991803642,-8.351402811301867e-05,0.002283240774762829,-0.004085332898700389,-0.0017492489231293318,-0.001171794922673719,0.0005436954936748339,-0.0010155165325707038,0.000736690852928934,-0.0018987849158231818,-5.3003000817342105e-05,-0.0008034056986183646,-0.002509479121144631,-0.0008739672680302402,-0.0012934449474816256,-0.0021358952904426687,0.009034353164732112,-0.0010255581543501258,-0.00041373468386285417,-0.001140511642809483,0.0007162582280615393,-0.002092681759201076,-0.0024818121877026034,-0.0009782577176947749,-0.0007889264114867567,6.403514292530055e-05,-0.0007986970995952358,-0.0009629061343243706,-0.005376347876812737,0.00017736755453401365,-0.000564579555418554,-0.0016232603694498193,-0.0013135471082540429,-0.0012910495267551836,-0.0012003815395563722,-0.0031952300911275433,-0.0007291905631082729,-0.00229070998199854,-0.003635328589184472,-0.0003633862160505874,-0.0003824182269677179,-0.0008391224377995998,-0.0012202278603553607,-0.0023891791637389304,-0.00041303289890803896,-0.008377051179205841,-0.0037134771252530507,-0.0009577547897463567,-1.7962945204619274e-06,-0.00011580630207697062,-0.0002856519397141932,-0.0011076051680056764,0.0005146193648868369,-0.0016645522993038453,-0.0005544938930031051
-0.001110474553644658,-0.0019176668436758915,-0.0007624968283627132,-0.0003710162202215095,-0.00025952661598049875,-0.0005312637136187792,-0.0017782238913904846,-0.003340337366737889,-0.0019366440944768026,-0.001930926169285252,-0.004899268151291825,-8.059758450096322e-05,0.0021661689363101644,-0.005288447734586366,-0.0018811762937327448,-0.0012014901503990538,0.00035949867504125876,-0.001035736050184144,0.0010733014352350967,-0.001983041089555715,-5.519339350501529e-05,-0.000822528902961861,-0.0026389985468757704,-0.0009151673848132313,-0.0012043200920791586,-0.002105812414958552,0.01001999249509855,-0.001070846401574177,-0.00019191583104893883,-0.0011838922473432767,0.0011430994090699809,-0.0003878265039591877,-0.0016248150239401848,-0.0010122264211748222,-0.0007996948819323224,8.007104254659225e-05,-0.0008433150260173106,-0.00104423422654909,-0.005601360531316213,-1.6588046638399412e-05,-0.0006002519692860364,-0.0017001831736730422,-0.0013690371562142811,-0.0012513903877482413,-0.0012666724074344993,-0.0033620205558316796,-0.0007235558345070059,-0.002390360379720624,-0.004075272410191566,-0.00035455613356594196,-0.0004107508432509288,-0.0009027468454765319,-0.0012816595521769614,-0.002474194910086158,-0.00044771486625805323,-0.008255411849269367,-0.003922678260259271,-0.0010807347979449045,-0.00014442453545926437,-0.0001272896109255628,-0.0003001745488047103,-0.0011455485528272247,0.0004597487128166211,-0.0019487260478805446,-0.0005544938930031051
-0.0013554203937486964,-0.0018441125052977014,-0.0007682925786917094,-0.000381183734995294,-0.00024924086191058237,-0.000535177698978373,-0.0017955079627628434,-0.0034207573832777394,-0.0017985930734557565,-0.0019631844435131773,-0.005042593040311849,-7.479080441552544e-05,0.002053840599293366,-0.0063387864495946245,-0.0019825184582045186,-0.0012099343672155038,0.0003081698346039108,-0.0010425504749651537,0.0014149640261613694,-0.0020478148489794235,-5.64585694055042e-05,-0.0008261062478566172,-0.0027330014814771486,-0.0009434374953246616,-0.0011364299664271549,-0.0018612915729475654,0.010911815100990152,-0.0011142914652503277,7.528262067046931e-05,-0.0012132445918433543,0.0018165734305295445,0.0015856686271948917,-0.001188359643207293,-0.0010188624700125937,-0.000772231641114729,0.00010727900190099504,-0.0008813907668188126,-0.0010846855520638687,-0.005820704522515374,-0.0002749461924336227,-0.0006164413559447413,-0.001672659464575954,-0.0014017472321604663,-0.0011424168352452968,-0.0012467048462195818,-0.0034711002643142974,-0.0007197418834460345,-0.0024403317134822355,-0.004389663352514894,-0.0003422662628620454,-0.0004482346012656402,-0.0009431039230795024,-0.001329929527452367,-0.0023459174407952643,-0.0005050706042925013,-0.00814738272100013,-0.004081186283721117,-0.00115933316596728,-0.00028401643329301063,-0.00013908335768186841,-0.0003129747601041677,-0.0011426682762061269,0.00041709625427555075,-0.0022604575794314963,-0.00047959580029044435
-0.0016045996293169162,-0.0017461040950839113,-0.0007776713109248767,-0.00038855947734039997,-0.00024213579533216567,-0.0005336874524842772,-0.0017711574257497364,-0.0034440034560653254,-0.0017136068194729681,-0.001985734834951458,-0.005107980349157049,-6.63378925516156e-05,0.0021128344281700073,-0.007198899470039377,-0.002069818410486035,-0.0012170462293508155,0.0003476503671457909,-0.0010366379878519183,0.0014575083468990613,-0.0020733219430757455,-5.992054038572725e-05,-0.0008480203412497556,-0.0027940320889422443,-0.0009688166184218527,-0.001104478417473298,-0.0018292706810764114,0.011619704781493434,-0.0011675135149967764,0.00034171471777444395,-0.0012333347747405243,0.003065922274072319,0.0035917973915311485,-0.001187804806450754,-0.0010033958992673453,-0.0007250150783656428,0.0001336650593544153,-0.0008985752750589882,-0.0011263727568883164,-0.005997464002159947,-0.0005887401278937832,-0.0006112477789012027,-0.0016190012502345086,-0.0014169335327502974,-0.0009139320379836224,-0.0012651246152408646,-0.0035255263295624895,-0.0006367666996475174,-0.0024448023351461012,-0.004548122700492652,-0.0002923311665697925,-0.0004873404994273356,-0.0009639116936707159,-0.001490726078878346,-0.0020813183371672928,-0.0005832192057056984,-0.007944225410081107,-0.004167949201256516,-0.0011810069924980127,-0.0004000417128211531,-0.00013090991478192926,-0.00031647764432540804,-0.0011066125811605154,0.0004095537179151787,-0.002577530708193887,-0.00025566207673632935
-0.0017224708837136893,-0.0016635796393443814,-0.0007638293595142454,-0.0003799147022847116,-0.00023233648836440413,-0.0005245513226163068,-0.0017586384556895762,-0.003417500064280543,-0.0016953943251256653,-0.0019638048398173957,-0.005105791441980867,-7.042847906535421e-05,0.0021050326596923075,-0.007639761121917998,-0.0021293893676996856,-0.0011938810128151456,0.0004496924928043544,-0.0010371908818794795,0.0013867446416973017,-0.0020718314982755004,-6.14683226133339e-05,-0.0008369091042068622,-0.0028144907714775513,-0.000977522043585588,-0.0011382299525508621,-0.001795543124455512,0.012107129662686678,-0.0012528193973121438,0.0005666681235625415,-0.0012310712777493515,0.0037633148453259935,0.005301014782986835,-0.0015666172785274712,-0.0009795201580192758,-0.0006548162181480022,0.00016468698466032272,-0.00088385698201221,-0.0011611140328862124,-0.006079613656429839,-0.0010046622274297867,-0.000591758715324131,-0.0015472624503111154,-0.0014088385763276756,-0.000653980617057015,-0.0011902447037379638,-0.0035100778865506665,-0.0005347698991482464,-0.0023956844142533074,-0.004554642952278809,-0.00020912273455475638,-0.0005323619269171909,-0.0009929431096572516,-0.0013732405663605673,-0.0017191494213133485,-0.0004648832056961538,-0.00802468389205202,-0.004183040312925601,-0.0011797915239714074,-0.000464326814938687,-0.00012007007993553032,-0.00031597608134570354,-0.0011173246553214389,0.0004024326448528459,-0.0028996734033233107,-2.561084892116483e-05
-0.0019873288656441224,-0.0016060418868669712,-0.0007386972247998003,-0.00036925977468027504,-0.00021309883715958655,-0.0005107468719904862,-0.0017023835874306892,-0.003340536472312139,-0.00156350114240289,-0.0018938358917863773,-0.005020061585847668,-6.395430596495277e-05,0.002455028251752811,-0.008140226208602774,-0.0021424190600114468,-0.0011545599786071392,0.0005608545924591368,-0.001004494031722425,0.0010399363387110228,-0.0020276342970757533,-5.980057062460187e-05,-0.0007584749769278254,-0.0027800416011527496,-0.0009616888258515699,-0.0012385893423442207,-0.0017174115498714837,0.012390691754694316,-0.0013701686585902983,0.0007160322441925882,-0.0012037780214003702,0.003888143395414545,0.006528446762280149,-0.0021896978809983203,-0.0009373989346833644,-0.0005542800982177853,0.0002015409935376411,-0.0008365771617601103,-0.001171103845200805,-0.0061839661235587595,-0.001578270097879586,-0.0005594810407217876,-0.001442724052641342,-0.0013685749559378957,-0.00038972829632233363,-0.0010622714689706436,-0.003382204722612858,-0.0004922503637327935,-0.0023039743367014864,-0.004411784673855945,-0.00012079667808506667,-0.0005475619657973052,-0.0009817483699197105,-0.0013088210899643293,-0.0013055268535351328,-0.0004317896658294629,-0.008155694645871958,-0.004106644883669075,-0.001151624845041277,-0.0004701445148408423,-9.693647432884589e-05,-0.00031026689206570257,-0.0010573565396548856,0.0004052690740476983,-0.0032098323430496123,0.00020444037889433275
-0.0021645831570459295,-0.0014806950395921392,-0.0007032776204491942,-0.0003534191334219061,-0.00019990470189001908,-0.0004886898664704376,-0.0016100641247552838,-0.003196509162916472,-0.0013893858849793883,-0.001760513615931325,-0.004845681445979744,-5.947798411387595e-05,0.002660149235418352,-0.008759994601715282,-0.0021243235278742834,-0.0010838945775315523,0.0006629381858722638,-0.000951470159588963,0.0008930568775240566,-0.0019238699913971535,-5.891819453485159e-05,-0.0006465478186831186,-0.002694721673955569,-0.0009239357753579869,-0.0013770902304534038,-0.0014358651602511818,0.012408602040096417,-0.0015017014663992745,0.0007955428311268165,-0.0011416883608534878,0.0033924918721341957,0.0072271242309922545,-0.002905283337906406,-0.0008538057753736394,-0.0004687046831539643,0.0002587278957986161,-0.0007587152101149464,-0.0011345935330452361,-0.006235462810807002,-0.0020463643718583446,-0.0005199788369004699,-0.0012950470105952405,-0.0012923686092307651,-0.00012814499593605255,-0.0009590577689071456,-0.0031931848531189244,-0.0004099962097479093,-0.002164283798502531,-0.004143301986442971,1.0767638648045974e-05,-0.0005707688717845327,-0.0009594887655616224,-0.00120708736231101,-0.00087109455712997,-0.00035823314099192594,-0.00799380874235689,-0.003945738151704625,-0.0011023245284375038,-0.00042084883974358167,-7.226180673602922e-05,-0.00029614934603439114,-0.0010452584904621087,0.0003779646990647034,-0.003418256375481654,0.0020116668742484745
-0.0024194971550945965,-0.001238200988172844,-0.0006682685309764569,-0.0003361760554611015,-0.00019018841849360868,-0.0004642200015180231,-0.0015612339951044385,-0.003026147144219782,-0.001349217539351688,-0.0016388101860597137,-0.0045979395479647245,-4.563846272642724e-05,0.002675320677521631,-0.009275552741903614,-0.0020849823220324692,-0.0010435817206675413,0.0007727920491442664,-0.0008880876909408419,0.0004379847822959526,-0.0018053579227105265,-4.996520016631312e-05,-0.0005365113692790136,-0.0025736592275268366,-0.0008695008006847083,-0.0015667207234283387,-0.0011667701910903494,0.012276857238391337,-0.001653678467251174,0.0007830163889126496,-0.001064449163867498,0.0033332574924380687,0.007370789072761674,-0.0035235957758598113,-0.0007798848556795912,-0.00036418183108932745,0.0003122218474924665,-0.0006671286599486681,-0.001087524643457738,-0.006212818806641929,-0.0023343825579758004,-0.00047940815405334014,-0.0011307692106934386,-0.001189371385174831,5.994533688302717e-05,-0.0008741880763761811,-0.0028762702474359747,-0.0003230371907636531,-0.00200156972542731,-0.0037707622562723753,0.00011717812512967996,-0.0005761713661359691,-0.000917799951017706,-0.001189947228914301,-0.00023506989340993378,-0.0002672325868821046,-0.008144195820284028,-0.003711425752989994,-0.0009877342074217088,-0.0003279845751111843,-4.322579380588998e-05,-0.00027709315749702146,-0.0009887046372879515,0.0003541574780216994,-0.0035611207881267593,0.005758241423205135
-0.0026125293644073677,-0.0011367617457795909,-0.0006474257363965341,-0.0003243992053957312,-0.00018057906774160415,-0.0004448164155175238,-0.0015488669047506454,-0.002893196008631249,-0.0012816727922067006,-0.0015150238524654913,-0.004399379883833321,-4.4237379531297805e-05,0.00266268615184706,-0.009281368255967704,-0.002045472474749288,-0.0010073499102482009,0.0008705093391545571,-0.0008296410344618144,0.00044324110779192516,-0.0017737026588420246,-4.580911503870855e-05,-0.0004343247258804528,-0.002473268883434576,-0.0008203103079003071,-0.001774274149168087,-0.001035100772452613,0.012031944839278275,-0.001815985518745844,0.0006972187942464458,-0.0010227362469615864,0.002532759527203776,0.006993723771693938,-0.0038750311761326373,-0.0007331319527490443,-0.00027057729064605684,0.0003334743992255973,-0.0005793177212877199,-0.0010197651601168145,-0.006202340050996846,-0.0025329363135572214,-0.00045633042067849683,-0.0009739625993880896,-0.0011226143690636903,0.00018135093725346607,-0.0008139639995248249,-0.0026960425437557722,-0.00016388560618418868,-0.0018674163320422377,-0.0033970335255869566,0.00018426761740331088,-0.0005685576545985116,-0.000912100483529299,-0.0010003975430059597,0.00042659962906088644,-0.0001767029505603812,-0.008525201583141961,-0.0035246914388977757,-0.0008635234183113072,-0.00022307823941980498,-2.6009839975138505e-05,-0.0002701074258164571,-0.0009359804339438282,0.00034080847286643845,-0.003722456688305509,0.009504815972162017
-0.002820937236019838,-0.001040582060119477,-0.0006394696444605996,-0.000316353241825551,-0.0001753748337774974,-0.0004317623931250347,-0.0015078210312766682,-0.002774687166049783,-0.0012806846655160076,-0.0014368755357639929,-0.004233551810841951,-5.0281580195821185e-05,0.0026181058518774947,-0.009662616858390982,-0.0020101211689321774,-0.0009787080211001165,0.0009191631633158615,-0.0007963159293490341,0.0005792837239371185,-0.0017252586937425152,-4.3465112367191416e-05,-0.0003405890383809673,-0.0023836760219004827,-0.0007724305752099259,-0.0019788613430314905,-0.0006555401787863291,0.01172629752612897,-0.001975870764845289,0.0005716647983777801,-0.0009814529730244326,0.0018012809810865615,0.0062684555057772595,-0.0038197075142362147,-0.0006738751853953007,-0.00018934557988636858,0.0003527429292162765,-0.0004909120441419779,-0.0009639917156831768,-0.006180915688267508,-0.0028804117356052705,-0.00043974112809941346,-0.0008280150752102422,-0.0010622900101344701,0.00023497038924169544,-0.0007806679520619975,-0.002485281078524526,-9.527723631164164e-07,-0.001757020631353634,-0.0030698647172623383,0.0002672221420201293,-0.0005492517290640597,-0.000899853364727865,-0.0008012719628539555,0.0007652869952647912,-0.00011670967681354227,-0.008601701247178295,-0.00335836909036491,-0.000763775542146683,-0.00012115948187796377,-9.621740455156846e-06,-0.0002641838222184889,-0.0009492729856636073,0.00028913184060508357,-0.003961675566097278,0.0132513905211189
-0.002954790600310009,-0.0009672295105287443,-0.0006319111063765037,-0.00030745127603271083,-0.00016907849698644117,-0.0004213877425826018,-0.0014431603335909315,-0.0026545812618128384,-0.0013034176464962188,-0.0013743233918237507,-0.004063223289526352,-5.210655351761684e-05,0.0027040381578358197,-0.009865011489150532,-0.0019599818650531953,-0.0009422354374101216,0.0009509398286997595,-0.0007651119706000298,0.0006986630085616952,-0.0016572374876215878,-3.872686800754366e-05,-0.00031511157609742657,-0.002284591344974163,-0.0007132877851185881,-0.0021520758489058656,-0.0004898057198244876,0.011388896409976645,-0.002120280992691792,0.0004436605922193415,-0.0009478626523132805,0.0020365330612037713,0.005429399855894967,-0.003300541099598986,-0.0006096928844594451,-0.00010274849638403083,0.00036763211158108433,-0.00039694988266203435,-0.0009160531596430488,-0.006252070502184015,-0.003191066560885192,-0.000432419529058925,-0.0007686031214455546,-0.001005125656108441,0.00023154273065228992,-0.0006874660378638486,-0.0023255773424694093,9.751363062582286e-05,-0.0016797053572649157,-0.002813706521078263,0.00029397432855926553,-0.0005402910093315061,-0.0008768273516572833,-0.0006263675901020394,0.0009262163987484584,-0.00017564942313508247,-0.00831280640335641,-0.0031958682583661524,-0.0006906245463996763,-2.5137266849384332e-05,2.8779944909462785e-06,-0.0002565066125997939,-0.0009330613520763809,0.00023397685466508555,-0.004217087036339495,0.013574097137799779
-0.003143345058498115,-0.0009677544150518136,-0.0006120114647838459,-0.00029929664429884095,-0.00016546689512086932,-0.0004079206217332265,-0.0013999058664863062,-0.0025323040525528917,-0.0013343324750577645,-0.0013011244749243644,-0.003881028671368525,-5.6261589110429e-05,0.003023847147085812,-0.010227357724026498,-0.0019187104252931242,-0.0008979380664133618,0.0009709686318122301,-0.0007426011335205374,0.0007330382016943471,-0.0015967609303926267,-3.129263168910601e-05,-0.0002667135498930495,-0.002180660951746627,-0.0006631302086670399,-0.0022538400541806114,-0.00027177717987159067,0.011048735067952675,-0.0022357556512401233,0.0003445059916717952,-0.0009090118158250338,0.002171740742480832,0.004703142471863542,-0.002287042280231466,-0.0005637105622590122,-4.047175540122794e-05,0.00038499163420668836,-0.00030687278815466623,-0.0008569236039530637,-0.006308514228572704,-0.003431406393271663,-0.00042150007323016325,-0.0007235194902577291,-0.0009481141598199905,0.000183675540067485,-0.000565976578874472,-0.002154682710694189,0.00020626724389272155,-0.001596858768808218,-0.0026298630583211358,0.0002689547133589709,-0.0005414433181617495,-0.0008688191350485486,-0.00049682340956414,0.0012991566544875432,-0.00017637247156576663,-0.00779539147415631,-0.0030439422080056344,-0.0006628259576743067,3.3721297432620645e-05,1.2176349694525967e-05,-0.00024980942227093017,-0.0008389459462931903,0.0002061279148433126,-0.004497709799632599,0.011689046067964837
-0.003288972768513143,-0.0009140522678110496,-0.0005938693311818843,-0.0002936035435319173,-0.00016550228422407276,-0.0003897875715798138,-0.0013458558389047859,-0.0024121961401915026,-0.0013415141067975034,-0.0012450620409748536,-0.003693244848230637,-5.9820979535940566e-05,0.003304950521119787,-0.010403118749912843,-0.001882936937224744,-0.0008428807469511579,0.000916667089561729,-0.0007130117797264912,0.0003303680731421288,-0.0015692276942110839,-2.3186033547673013e-05,-0.00021473153771445208,-0.0020769511270060104,-0.0006091751047688776,-0.0023058862229637933,0.00010916217827561248,0.01060507488546869,-0.0023028239301436937,0.0002920380576527659,-0.0008687054084819401,0.00221501764019294,0.0042277009682318845,-0.0012405917879519945,-0.0005260090328387257,-3.2689399707130917e-06,0.00040013447681008785,-0.00022858962397109828,-0.0007939604960294222,-0.006336503828803353,-0.003567628915378318,-0.00040990462778756065,-0.0007441467732972606,-0.0008896325152030204,0.00010615209447073504,-0.0005086810038568146,-0.0020033237983162477,0.00029031754969155443,-0.0015076714505590783,-0.0025116819951617186,0.0002428962827527581,-0.0005234287271690397,-0.0008206350838982912,-0.00039790528827099436,0.0015052846262808561,-0.00014288578584664702,-0.007342499912614153,-0.002901086257425911,-0.0006471593297993072,5.0928055295607066e-05,1.6044159615535847e-05,-0.00023798032004185288,-0.000644573063138032,0.00017926883289076656,-0.004782744765999047,0.009797745223506293
-0.00354959396142851,-0.0007689177271665848,-0.0005586680159279656,-0.00028524888651404456,-0.00016460367346149418,-0.0003701814361423139,-0.0012923742688000228,-0.002281734436757832,-0.0014043032971396974,-0.0010874854827868097,-0.003509737479733266,-6.549855734883092e-05,0.0038910552994335657,-0.01045946111064966,-0.00183249955971454,-0.0007949042351146351,0.0008802665456182357,-0.0007014003309419037,0.00014593592012035472,-0.0015173914479235107,-1.8758866398571605e-05,-0.00019688598132749924,-0.00197526845768492,-0.0005580456395998246,-0.002284481717348963,0.0003379921015169707,0.010092147618253389,-0.002327080295845052,0.0003064155245799949,-0.000826914441322435,0.001550733474989352,0.004211503452481891,4.446490639020695e-06,-0.0004718577165147009,1.9052488694049075e-05,0.00039826724938696323,-0.00016943025231375142,-0.0007552519904335808,-0.006328597387222246,-0.0034400264624736554,-0.0003975145564837357,-0.0007075727020896538,-0.0008318517899150724,3.9497166573143616e-05,-0.0004449704157086787,-0.001900582289999786,0.000347326646132462,-0.001412066709724935,-0.0024323517254166704,0.00016971884727334796,-0.0005192191200460439,-0.0008101845921497652,-0.000290079890725381,0.0015622247382185428,-2.2249010584562967e-05,-0.007186960816148225,-0.0027683197117887026,-0.0006361054968918589,2.0873206233673613e-05,3.901535661210431e-06,-0.00022894430947750788,-0.0006261262330864437,0.00014441367835638097,-0.005035148800918043,0.007912694153671351
-0.0036869982181131356,-0.0006746113634087392,-0.00049408666932238,-0.000275704058209425,-0.0001615530623539918,-0.00034266221442391664,-0.0012483541801576736,-0.002148075557664053,-0.0015291609841877607,-0.0010721129993963574,-0.003327660698130619,-7.190341552343327e-05,0.00414620709019653,-0.010739484339309713,-0.0017726927220557132,-0.0007437905061571382,0.0008345337480692994,-0.0007043523859076029,-0.00024729425779779213,-0.0014802346486241236,-1.5827329646778132e-05,-0.00012372297168072866,-0.001879803079632092,-0.0005127085858287472,-0.0021913314186181587,0.0005501028610614966,0.009568701588090978,-0.002322435603426487,0.0003984809394308453,-0.0007877093965739101,0.00046341744985567423,0.004665240934975889,0.001252044213484238,-0.00041992547986491324,3.240075185617641e-05,0.00038997161371767675,-0.00013120924218390506,-0.0007097827495580189,-0.0064112775960515345,-0.003239956970827018,-0.0003651584090920146,-0.0006774341718815968,-0.0007704837334422399,7.624431812702781e-05,-0.0004007638043818096,-0.0017227862219085788,0.00048161185928519146,-0.00131456381481998,-0.0023719312682897176,8.760681634623069e-05,-0.0005006286462171383,-0.0007884235785420302,-0.0003539541927294332,0.0017564409790296054,0.00010105808225002733,-0.006904786034745203,-0.0026398014813807658,-0.0006253559235180894,-4.839545570833881e-05,-3.404599330569802e-06,-0.0002174577490212659,-0.0006832845493074391,0.0001141841755085693,-0.005256876106991437,0.007832488712667063
-0.0038731972522104696,-0.0005790957685697373,-0.0004264640021978128,-0.00027136853607800937,-0.00015740673603670263,-0.00031771874048580617,-0.0012158869634197877,-0.0020020445212605154,-0.0015547606408670145,-0.0009728657719159095,-0.0031416309163071476,-7.902582236707367e-05,0.004379318484635464,-0.011158238785881625,-0.0017117511307207511,-0.0006875742295734399,0.0007123795715937575,-0.0007033947408208174,-0.000760491379493855,-0.00142018867491156,-1.0958160321483668e-05,-0.00010196733908007793,-0.0017842862276373772,-0.0004707809459720824,-0.0020331187042649246,0.0006020010450371593,0.008944983791818961,-0.0022750723857288824,0.0005671002785692103,-0.0007440068818033163,0.00023705427340692253,0.005611608262871659,0.0023675627723052095,-0.00038041723049508924,5.074686970485409e-05,0.00038430851062676297,-0.00011183979770734709,-0.0006751537452386325,-0.006488772033082957,-0.003070761573119807,-0.0003339961103825395,-0.0005726265249609286,-0.0006947247035498094,0.0001515371559761558,-0.0004014529136453504,-0.0015530113768877918,0.0005568704470129138,-0.001216392975034064,-0.002317376758792511,-6.076804892618526e-08,-0.0004773700271003545,-0.0007567874094835947,-0.00028689348320376507,0.0018262304797007634,9.71006849677103e-05,-0.006261602441116287,-0.0025083720343169746,-0.0005934915826305565,-0.00014741880035840094,1.0080431378511889e-07,-0.00021066871604558113,-0.0006854409939482942,6.447009772370116e-05,-0.00546073488265586,0.008301238343240147
-0.003917522023780484,-0.0006133431353052554,-0.00035444225001546315,-0.00026181368700584073,-0.0001512124490516964,-0.00029434729403998716,-0.0011232427554337399,-0.0018582764005333763,-0.0016287944089894424,-0.0008538873878688458,-0.0029732455630484544,-7.620583013345783e-05,0.004327686463736935,-0.011459257096881115,-0.0016535364802812147,-0.0006361733709578932,0.0006133783286095262,-0.0006866849591604662,-0.0008864865533657618,-0.0013674661104200458,-4.124215442491419e-06,-8.42185243946636e-05,-0.0016890050092568387,-0.0004334156438270398,-0.0018357591865116873,0.0007273570838730592,0.008191139195701469,-0.0021979760732750986,0.0007770046928197161,-0.0007067985484109363,-0.00024153795350445595,0.006813047765320546,0.003051215841099353,-0.000342094331937437,7.120778401370487e-05,0.00037445605957842076,-0.00010015274840469157,-0.0006380711554987428,-0.006608955470686517,-0.0028550180088623422,-0.0003072698035733179,-0.00045337360647779157,-0.0006192589028682915,0.0003257592267384979,-0.0003841198830800696,-0.0013586359140005388,0.0005966901825207316,-0.0011190797789275564,-0.0022371043675418756,-4.598368293629029e-05,-0.0004836470051737818,-0.0007130217930240157,-0.0001611588076977366,0.0020323632949532655,0.00014803963237364215,-0.006001787681567228,-0.0023801865309028836,-0.0005693008220414297,-0.00024891583510433524,-4.541265675728212e-07,-0.00020167441129759212,-0.000710550784689401,4.467560770637924e-05,-0.005650929545474304,0.008769971440017788
-0.004083029776617564,-0.0005098645738176311,-0.0002819014387823726,-0.00025331382973659,-0.00014696382802137364,-0.0002726075940786554,-0.0010478190483926841,-0.001712881337254335,-0.0017701908210889794,-0.0006719748211043708,-0.0028090098041611,-6.347015419505553e-05,0.004237086811287094,-0.011430048729750952,-0.0015943959915710737,-0.0005883194164885142,0.0005163029540042885,-0.0006812927001201841,-0.000638027619530912,-0.0013060209838601233,-2.1242030198154183e-06,-0.00010862921778853618,-0.0016030764713662604,-0.00039090538199693103,-0.0016384880985513828,0.0007969005920660521,0.007392938111249414,-0.0021065899752615858,0.0010161800079313554,-0.000685496198903679,9.796248558768816e-05,0.008236304588407739,0.0033515934423600235,-0.00030673692733318436,9.013231730148341e-05,0.000361718242697151,-9.206815837170534e-05,-0.0005777825111710211,-0.006687365920807542,-0.002597699353169336,-0.00027608618937347007,-0.00028803904962926286,-0.0005485021544411328,0.0004923118579420738,-0.00040990862337597633,-0.0011842622389098834,0.0007277352129020365,-0.0010216675848351287,-0.002109719563657686,-6.690845096957165e-05,-0.0004862662921323313,-0.000666955265395508,-6.184506064255135e-05,0.0020272459116266184,0.00016575481404457193,-0.00572329373702285,-0.002262040625618744,-0.0005649819620825447,-0.00034761597844112924,-4.4286476819088705e-08,-0.00019172326880467772,-0.0007056944079575356,7.761016287832767e-05,-0.0057597849619066555,0.00923870453679565
-0.004220186862988751,-0.0004579939357316487,-0.00021153530751083505,-0.00024214076791440053,-0.00013863371987843376,-0.0002481817520930685,-0.0009649865144981673,-0.0015789595946248403,-0.0018049503151738033,-0.0005031963310442311,-0.002668153700198239,-5.748906918012775e-05,0.004078889188035673,-0.011611142675755692,-0.0015299961628377767,-0.0005454820107189118,0.0004386034859569232,-0.0006544403588553127,-0.0001864351972972189,-0.001271211423262808,1.7536388920991186e-06,-0.00015455456509561039,-0.0015286064219791617,-0.00036395827484736465,-0.001466720423986989,0.0010459987043742736,0.006494407394867618,-0.0020188229290264426,0.0012517488948606825,-0.0006511904076244024,0.0003037744673428655,0.009641825553553307,0.0032036850416163887,-0.0002751822909472512,9.486632122257532e-05,0.0003483586196841859,-0.00010157438224667192,-0.0005312082431055964,-0.006866632600189271,-0.0023872554770748566,-0.00022859984977419145,-0.00013671135052861771,-0.00048430369712360033,0.0006812574106236369,-0.0005025323224107092,-0.0010566903455192511,0.000892789372585856,-0.0009261476994175677,-0.0019242425454740752,-5.936800994832403e-05,-0.0004549666322429813,-0.0006315616026755233,-0.00014532504938413737,0.001917611248489548,0.000181657519436218,-0.005595630653183359,-0.002144774278749373,-0.0005427731089582277,-0.00042036912275389415,-1.4097463933326893e-05,-0.0001824482247624326,-0.0007831090057813794,0.0001228390928107448,-0.005845653039211696,0.00950190602418921
-0.004330449974806916,-0.0004962235730603393,-0.00015026649176563822,-0.00023401141003620562,-0.00013599841030553783,-0.00023005553947774704,-0.0009054731065929467,-0.0014554188732391893,-0.001881672245028998,-0.0004840690562846195,-0.0025365653206490535,-5.7786306925766695e-05,0.004019621660402928,-0.011543143055802951,-0.0014717739436705957,-0.0005103480922517001,0.00038292053132971127,-0.0006205673995097749,3.384951279405968e-05,-0.0012541663160388072,5.1003035821395315e-06,-0.00021078799177920438,-0.0014596133399303879,-0.00034127801402872304,-0.0013083101632341831,0.0012444582491113465,0.005754782820615034,-0.001944708974966125,0.001455698265736327,-0.0006221210968442303,-0.0002106091903043561,0.010827142928666378,0.002664058843001582,-0.00024381570434584,0.00010789083786666431,0.0003382131404932043,-0.00011068630069210883,-0.00044445160777295545,-0.007159532386799228,-0.0022273079262192796,-0.00018775362692413644,9.407641841097103e-07,-0.00042055120168349447,0.0007708023857062596,-0.0005696176183032087,-0.0009449136004517911,0.0010302082690014647,-0.0008283560329797046,-0.0016782529087846498,-8.634745787716724e-06,-0.0004036863771961219,-0.0005747538131586349,-0.00017179664615363244,0.0017584260795973083,0.00019031333481356327,-0.005538170481979021,-0.0020362703208854915,-0.0005073033641049829,-0.00046037687894662227,-9.620189160508552e-06,-0.0001774963591916201,-0.0008592975147491133,0.00018176891415966345,-0.00598709547138121,0.00974809423621803
-0.004425186032010031,-0.0005251217364149463,-0.00010206604491769244,-0.00022823525122850352,-0.0001332287078580352,-0.00021540296466016073,-0.0008620719488144912,-0.0013575511840331345,-0.0019539900744924843,-0.0003661475743851339,-0.0024241347120022017,-6.0891910337868005e-05,0.004148805487623308,-0.011635747896895476,-0.0014229168795030223,-0.000493778744291351,0.0003184808765204217,-0.0006032047875781377,3.116095194832802e-05,-0.0012183330121452451,5.127462370912994e-06,-0.0001792344700271009,-0.0014019853528289827,-0.0003251407903644976,-0.0012166923427155973,0.0011875461632686601,0.004822677375056816,-0.0019108136034892143,0.0016018852845107734,-0.0006004964209904706,-0.0008803756386062123,0.011628148790610249,0.0018050172451917756,-0.0002164629075004365,9.965099833397772e-05,0.0003251088489162335,-0.0001242076633337641,-0.0003841710573905255,-0.007521677066444243,-0.002078582992019906,-0.0001513472575768171,8.898722508732249e-05,-0.0003454631991259838,0.0008623546457251496,-0.0006428033550270884,-0.0007671915448843603,0.0011110079630576308,-0.0007396873254406078,-0.0013801890400912953,-2.6681366249725613e-06,-0.0003486953826422612,-0.000524921519892918,-0.00025408837265628037,0.001781845048684172,0.00022226945643333273,-0.00529726178239176,-0.001935576894765867,-0.0004195776635239623,-0.00043998448297277726,-1.7584669700365652e-06,-0.00017035591915004478,-0.0008159536808128864,0.0002638035498592206,-0.0060057264324913096,0.00999266213630734
-0.004451857848720042,-0.0004662010433406083,-6.90072895908056e-05,-0.00022501535663221883,-0.00014039865956083641,-0.00020738413231491393,-0.0008507205492068737,-0.0012843047113980655,-0.0020365235823173178,-0.00024363316476327945,-0.002331466391635173,-6.363482100568696e-05,0.004154208878230703,-0.011664949125617885,-0.0013813947921778036,-0.000495516207296598,0.0002799553103871588,-0.0005557995101052038,0.0004468241155721753,-0.0011938673804582356,3.656493039683184e-06,-0.00022432517235870808,-0.0013546868738878448,-0.00031322762886276667,-0.0011573590645946874,0.0009325763821474986,0.00400269813474341,-0.0019026556474051048,0.0016647776352129995,-0.0005861861774181243,-0.0008131087790421709,0.011933493610800427,0.0008138272529230051,-0.00017981539586164885,8.482352181760078e-05,0.00032453683413780077,-0.0001300970401084678,-0.0003405895129682257,-0.00787425657864127,-0.0018005965980455452,-0.0001139416392387238,0.00020300305439868715,-0.00028986936299180144,0.000947174204790624,-0.0007903332754193304,-0.0006422630521535355,0.0011814289071780948,-0.0006725766178127257,-0.0010919686604241585,-1.9676345794361616e-05,-0.000313595068033079,-0.0004794272138066713,-0.0003187172641686553,0.0017899820595048688,0.000278038466675401,-0.0052158313316136296,-0.0018403216195534977,-0.0003545035497892757,-0.00037222300902761685,1.0288856782558753e-05,-0.00016684240256603644,-0.0007284341968025743,0.00035620792773727317,-0.0059279487781496165,0.010123229517797983
-0.004531567380174573,-0.0004322839652389776,-5.0451515632543575e-05,-0.00022423353499234633,-0.00015035049784906107,-0.00020090716482457083,-0.0008111816203539846,-0.0012222092955435082,-0.0020936092161385478,-0.00015457233018068006,-0.002247108468262593,-6.469276841747362e-05,0.004350486346386351,-0.011639565561851861,-0.0013390984263067507,-0.0005014370139517776,0.0003346011775218205,-0.00048288367323978676,0.000509634975705664,-0.0011716559054816278,5.857888356608498e-06,-0.00027997585254102564,-0.001305777927655849,-0.0003118998588907962,-0.0011451234091880425,0.0007475415419020415,0.0029572070225520886,-0.0019073534351824462,0.001649761974621633,-0.0005713454338598378,-0.0003819688104270691,0.011733655909594187,-0.00013778425252841675,-0.00014629983954239645,7.028113035278949e-05,0.0003295796472349011,-0.0001222480949057969,-0.0002852437495632909,-0.008160470817304422,-0.001577566492738991,-9.37667996027125e-05,0.0002846707246961788,-0.00024155318528473746,0.0010413081847044925,-0.0008706462267670245,-0.0005700860555291065,0.00124020067461994,-0.0006301992159202241,-0.0008024252091057837,-1.429056906254722e-05,-0.00025872632920065364,-0.00041378549094872596,-0.00015003513871503227,0.0018031850463589016,0.00022713049797995488,-0.00507035596114036,-0.001759162631207123,-0.00027795196630686636,-0.00026589270103305473,2.2649019966847206e-05,-0.0001585913448782783,-0.0006527630530769324,0.00040904310602662974,-0.005801411938287315,0.009888648030070168
-0.004675602935691137,-0.00040384470699705854,-3.169421008863971e-05,-0.00022546545723534095,-0.00016218718855098846,-0.00019246224943658685,-0.0007501257488091717,-0.0011770787589904241,-0.0021815529120705612,-0.00012976796637331756,-0.0021655734678459604,-6.884211939051088e-05,0.004389520462003249,-0.01184111468405602,-0.0012905389497058772,-0.0005102012416704493,0.0004273127462905979,-0.0003932799331501924,0.0005636081384206015,-0.0011068213980487407,1.2282712480438107e-05,-0.00030363162695912216,-0.0012544793075019989,-0.00030248518906494937,-0.0011761678716248891,0.0005716632263990107,0.001724938157696032,-0.001929126461559738,0.0015529335774184805,-0.0005523351541958377,-0.0012209921298457216,0.011035846490111911,-0.0009628076776879713,-0.00010924717829141617,4.655557179189529e-05,0.00034869611546706203,-0.00010675541273841294,-0.0002314277673205467,-0.00839905495922999,-0.001350731918758119,-8.246497538610953e-05,0.000310152694587007,-0.0001964853126819044,0.0010638830948315192,-0.0010029331411975928,-0.00047035465930067577,0.0012595301844366968,-0.0005906389959117186,-0.0005291176260370234,-4.062871959598091e-05,-0.00019888398682954556,-0.00039886466041849644,-0.00015912528082517863,0.0016753498694264124,0.00015408905332892076,-0.005057232098101383,-0.0016813104795975198,-0.00022594777548978762,-0.00013454436896376265,3.876261493052091e-05,-0.00015156711206554263,-0.0005772024329706582,0.00046692829164962646,-0.005690523140715276,0.009653289453963154
-0.004738695743181087,-0.0004815533488919943,-2.4852960582077976e-05,-0.00022509955798222236,-0.00016864023539353568,-0.0001838374529025133,-0.0007184566281414062,-0.0011391261038909972,-0.002180357813100886,-0.0001520276103520457,-0.0020877896620191683,-7.419522942997414e-05,0.004438170009758435,-0.011689094670858657,-0.0012466850461131385,-0.0005210607116531429,0.0004945258948081399,-0.0003489497389177476,0.0009798578583717354,-0.0010316160204966174,2.3337541017909302e-05,-0.00037045255397882837,-0.0012034938816329888,-0.00028818241832939684,-0.001213073668656417,0.0003175058744455672,0.000482670902066884,-0.0019592112707923492,0.0013996492825283369,-0.0005270626246651755,-0.0018803009656290781,0.009987863927980012,-0.0015290551417135312,-8.493428207823062e-05,3.424927484707574e-05,0.00035894727637364454,-8.499501408243404e-05,-0.00019073914666623004,-0.008465631894079118,-0.0013032427022171555,-7.273698436227605e-05,0.00031782773256772145,-0.00015307769649075542,0.0010004832532861663,-0.0010947501345865973,-0.0004430917461085704,0.0011857577568943345,-0.000549143875071767,-0.00030064649974692603,-3.095235488936865e-05,-0.00013499473566580544,-0.0003639366026714219,-0.00023025424612943546,0.0014894254251049954,8.737569023065106e-05,-0.005109429805872701,-0.001603947864651789,-0.0001647310747922015,-7.753094043549957e-06,4.821052089676314e-05,-0.00014527664703789522,-0.00045085286425627924,0.0005114808299520046,-0.005671722494696385,0.009419485054614762
-0.004790702197584151,-0.0005474834796895811,-1.8396215612170863e-05,-0.00022602936416771247,-0.00016982410192034614,-0.00018007417968313177,-0.0007177736673056323,-0.001093769271754086,-0.002132717110413296,-0.0001491553444565863,-0.0020121626806428594,-7.3927280339392e-05,0.004602166833333365,-0.011688571176226348,-0.0012003033031453558,-0.0005282576712090092,0.0006485208589819269,-0.0002740350086118948,0.0015236602731940607,-0.0009722637659300704,2.8507132709298943e-05,-0.0003958230981799815,-0.0011544705905682795,-0.0002821662837835248,-0.0012425056106840637,3.298270752805088e-05,-0.000564888182202461,-0.0019774708563592425,0.0012188904170877812,-0.0005001506435089453,-0.0016424788203648344,0.008728166597767428,-0.0017275978765370903,-4.556380034470564e-05,4.0416990080505144e-05,0.00037313941425476393,-5.4936429445651136e-05,-0.00017777735462554123,-0.00848286886494276,-0.0013793040133615042,-6.30113214526995e-05,0.00036574388499843735,-0.00011459294161242362,0.000953929609947668,-0.001176772938912607,-0.0004655129940549507,0.0012136402630886778,-0.0005183626923876972,-0.00014081200901572277,-2.4518821817198777e-05,-9.353205408324516e-05,-0.00037882041356018803,-0.0001530458664473766,0.0012527732070126696,4.2858277806923084e-05,-0.005003319892759817,-0.001532270248930434,-0.0001122722561223144,0.00014507190423085348,7.082329426943978e-05,-0.00014571553897968492,-0.00037153859268335143,0.0005409010699197747,-0.00565148051551545,0.009276087447970705
-0.004854128152009918,-0.0006661422846471199,-6.0559067164289715e-06,-0.0002220390810223627,-0.00017196883158054899,-0.00017158626864233195,-0.0007411862341634157,-0.00104759220096029,-0.0020917903770251156,-0.00015993710547645978,-0.0019456436240036235,-6.877535435656501e-05,0.004693167479089322,-0.01192938287402856,-0.0011628073392672134,-0.0005335935190967644,0.0008201361981075017,-0.00019926009465687233,0.002000758540039227,-0.0009156674226068473,2.932508966946301e-05,-0.0004442170934799705,-0.0011049543814860563,-0.0002688509893491453,-0.0012249730222870792,-0.00021558278013822374,-0.0013088252570186976,-0.001971382991193149,0.001044369660804234,-0.0004727303548727191,-0.0014530727853410141,0.007502731834109877,-0.0015823874897697987,-1.134043738204582e-05,3.3148023642626256e-05,0.00037390372013712536,-2.7225303311784188e-05,-0.00015351285121389946,-0.008504902650866342,-0.0013809000156012052,-5.716534263611184e-05,0.00035353642184765555,-7.924105120538094e-05,0.0008091146565547547,-0.0013362093150578458,-0.0004383650991881538,0.0011936719787881689,-0.00048754962164843096,-6.677549071476552e-05,-4.458879606084043e-05,-4.787934168348773e-05,-0.0003855999099550145,3.93805988669893e-05,0.0008990569724860453,5.862425416669481e-06,-0.004787143862535759,-0.0014683770065057056,-6.870916582579767e-05,0.00028247632005218293,8.537051429624576e-05,-0.00014429111688984975,-0.0003108482571665405,0.0005051894108225596,-0.005605021043171843,0.009276087447970705
-0.004904020743295101,-0.0006979303095320244,9.207607849726074e-06,-0.000221171349793714,-0.00016892726673567449,-0.0001660654954974694,-0.000743183571011441,-0.0010037068624338952,-0.0019647262321215164,-6.140838682222594e-05,-0.001865897417618223,-6.734528662122319e-05,0.004536333269184345,-0.012016007454116462,-0.001139102176197282,-0.0005217729962809781,0.0009967806188686534,-0.0001361977287601679,0.0022123273598315674,-0.0008678714287128075,3.129596725659489e-05,-0.00040571425981184017,-0.0010572234156510651,-0.00025344836179319596,-0.0011352074011706792,-0.0002574437753595227,-0.001895826534004108,-0.0019296613767637583,0.0009130471759561942,-0.0004501064614003125,-0.0014686387040231397,0.006460400107449749,-0.0010916771647557777,7.898279566154187e-06,3.2552852865075366e-05,0.00038112782521593225,3.460345707750889e-07,-0.00012929355172452972,-0.008363740613358206,-0.0014020841699223796,-4.966265254402469e-05,0.00034139366312824215,-4.667172194539049e-05,0.0006333560707527663,-0.0014260118476245864,-0.00038065186746205626,0.0011397131338410915,-0.0004628464697838952,-5.5061127241518015e-05,-6.170121511039905e-05,-1.5640675510297797e-07,-0.00039493355740094493,3.83232798704114e-05,0.0005331795304071019,4.119518217149398e-05,-0.0046176809898271776,-0.0014061761944953455,-6.287308917818368e-05,0.0003745681254108124,8.832113622236903e-05,-0.00014618580387781854,-0.0003162855569985856,0.000505109790911451,-0.0055058318049472366,0.009276087447970705
-0.004995570195863608,-0.0008199827554833394,3.566997816584205e-05,-0.0002198749987215587,-0.00016293864064631514,-0.00015412664863256875,-0.0007789059382481422,-0.0009543052251583806,-0.0018062039526683948,-1.2895821751568448e-05,-0.0017888888658126323,-7.125609412683698e-05,0.0043935862282729055,-0.012122410120458893,-0.0010938821750909877,-0.0005136377113328372,0.0011364840032144219,-7.783907483349672e-05,0.0026985877203289377,-0.0008407258377872706,3.990128802500159e-05,-0.00041954909953967334,-0.0010085322227910698,-0.00023799187923168041,-0.000996613256993295,-0.0003683955359233826,-0.0025186404504119464,-0.00184850194079611,0.0008363565453359811,-0.00043120839259935817,-0.0014993852288107679,0.005782662913185632,-0.0003871105315229606,1.9969139030573402e-05,3.3349270928129116e-05,0.0003823901135433516,1.8853226585680005e-05,-0.00013234962703634334,-0.008093787266688524,-0.0015062932869500667,-5.184179547146339e-05,0.0003609646673328193,-2.3104948441377005e-05,0.00043764669393131506,-0.0014737439383838424,-0.0003597954749846588,0.0011476555107778896,-0.0004353817794215953,-0.00010500564038562477,-3.4426792098085635e-05,6.440334982404927e-05,-0.0003775577629295812,7.011089530983838e-05,-0.00011000471364208675,6.820985948374769e-05,-0.004442526894932186,-0.0013549645957238177,-5.7265494941560746e-05,0.00040916170026927823,8.764981349962397e-05,-0.00015074627870914625,-0.0004039695638409224,0.000517080720830787,-0.005435656755622853,0.009276087447970705
-0.005012040278483787,-0.0010047129915006225,6.569645390630541e-05,-0.00021747832700458325,-0.00015870364258374625,-0.00014278686105362315,-0.0007947413506558254,-0.0008968860692865066,-0.0016272701697315206,-3.0155599267001065e-05,-0.0016947166979950357,-6.864669013462166e-05,0.004374010384417648,-0.012318538988052019,-0.0010714290925510905,-0.0004972941906227213,0.0012577833331350874,-1.2638251976060388e-06,0.0029096094649605497,-0.0008190715405543836,4.1705371442768424e-05,-0.0004029488282355498,-0.000959636106657169,-0.00022370982787356386,-0.0008131096604465649,-0.00045937585656874447,-0.00316927866920258,-0.0017449543485125174,0.0008236748620129575,-0.0004191309133587673,-0.0008418789583840569,0.005563370960067537,0.0003957059770489657,3.485653237089714e-05,6.377323900497167e-05,0.00035715825066406914,3.224989470251849e-05,-8.632483097281707e-05,-0.007849498902993912,-0.0017980976198472831,-4.4149789253045135e-05,0.0003711783762920806,1.3182703143765906e-05,0.0002715676558568969,-0.0014784823331575048,-0.00034615649083502564,0.0011315192215664016,-0.0003978496576834134,-0.00019232850817241243,-3.860033969838028e-05,9.859287967839414e-05,-0.0003546730627683736,0.00012131187214836636,-0.0007185981792435792,6.75046947555824e-05,-0.004410835220105991,-0.0013076950820737343,-7.676356758323788e-05,0.0004023612517567443,8.172069109391167e-05,-0.00015307716211054867,-0.0005719282721068364,0.0005317553211749981,-0.005360895957083112,0.009801233854314972
-0.005092232253172457,-0.0010789213319893909,0.0001139135523167134,-0.0002134212611591968,-0.0001482370397882793,-0.00012933776031720523,-0.000836198785198583,-0.000835286359039622,-0.0013933963295621465,7.991016219843772e-06,-0.0016068007474567825,-5.906714755687936e-05,0.004187924578025859,-0.012610608587469652,-0.001041727506465251,-0.0004704805556228209,0.0015148694553455133,8.800245097773107e-05,0.002879160644447598,-0.0007934328219963982,3.576074253031081e-05,-0.0003587456847565784,-0.0009143217033531492,-0.0002074744658600025,-0.000564659984833793,-0.0005212502762771409,-0.0037749823717683206,-0.0016094404516930894,0.0009084452701009216,-0.0004052258415540022,-0.0017423670006786462,0.006011149077481681,0.0010863673891070569,7.278727628512449e-05,9.26221442365538e-05,0.00033923296732929487,3.4184569900563844e-05,-7.169408262974741e-05,-0.007542504408708961,-0.002054309391443354,-3.351882443425325e-05,0.00038871187185307576,3.0053086191195177e-05,0.00021545895753716238,-0.0013809071898175374,-0.0003132441065346603,0.0011153280371762886,-0.0003585964031898037,-0.0002801170553637933,-3.7570692539956596e-05,0.00014045874261481295,-0.0003586079443421708,0.00011043271242949793,-0.001263678908033139,8.95257250856929e-05,-0.004128288160505145,-0.0012570012795511953,-0.00010928180661051723,0.0003466671974952096,8.104349135140687e-05,-0.00015496626336464203,-0.0007136227478149459,0.0005529694237580429,-0.0052866630309669205,0.010729606460454955
-0.005141204213891415,-0.0010092106902276354,0.00016880450170297934,-0.00020852020456085807,-0.00014093851175878136,-0.00011783274346011119,-0.0008951895561173373,-0.0007691948551546979,-0.0012422722503614425,3.682740466337542e-05,-0.001522929333569567,-5.469747664910152e-05,0.0038656070660472164,-0.012487772110672313,-0.0010081626750281236,-0.0004609380909962324,0.0017190029928870754,0.00015500517707645045,0.002740568754366235,-0.0007514559707080259,3.3834428753598544e-05,-0.00033653470866013,-0.0008767439512646913,-0.000199737931062427,-0.00029679234078727745,-0.0005083508550800531,-0.004202553195022385,-0.001459926273486789,0.0010397307645215736,-0.0003903297356164792,-0.0021068055275346165,0.006776321893180226,0.001576387287491654,0.00011702246675926453,0.00011173884476067819,0.0003157111014617797,2.1960582572200238e-05,-5.563062956470688e-05,-0.0071740741094977745,-0.0023230140319647763,-1.1648824783661027e-05,0.0004313071786590239,4.736317756104391e-05,0.00021039772892961217,-0.001338049477005332,-0.00025487313165373227,0.00110580980454289,-0.00030396869573001695,-0.00035680457405973254,2.2644231052248998e-05,0.00015055685697507037,-0.0003396582278779592,-2.8054909886887636e-05,-0.0016728832675481087,6.346164784054587e-05,-0.0036920936877666843,-0.0012036484672935943,-0.00010798414301449455,0.0002756731765003462,8.939422932074947e-05,-0.00015502565484293296,-0.0008621231501588777,0.0005537743481160984,-0.0052113285136751175,0.01167047861584214
-0.005183822867523391,-0.0009983442452048408,0.00021569148811817485,-0.00020389812882526392,-0.00014108703272264211,-0.000109907464130643,-0.0009347782690395379,-0.0007016270582399509,-0.00115764888116765,3.77285730550625e-05,-0.0014457559419442934,-5.460743508789445e-05,0.003985452589822858,-0.012449577751709962,-0.000990702754009698,-0.00045404330201381793,0.0019646428747459588,0.0002079072008187577,0.002321378918984207,-0.0006986221745960419,2.9931483141343307e-05,-0.0002736557912059734,-0.0008463042376219976,-0.00019506894045173695,-4.6908892049057904e-05,-0.0004896383371135737,-0.004604930886104919,-0.00131534754799556,0.0011932587017071672,-0.0003803418988543861,-0.002287893955352893,0.007780498134171587,0.0017781728449757228,0.00015391273281140094,0.00013717379389444062,0.000286694492746431,8.638095862822937e-06,-7.395768940376968e-05,-0.006831638996043665,-0.0026522072116160755,1.4475267149594018e-05,0.000437924039846882,5.912152924647529e-05,0.000245569905231946,-0.0013027009495807373,-0.00020377431247620148,0.001127353086057381,-0.00024358044766903397,-0.00039712086754406517,7.996602974746914e-05,0.00017898004478666962,-0.00033329529181269635,-8.806462237376245e-05,-0.0020552692930604355,0.00011531606344661327,-0.0037657181934632744,-0.0011410038077676043,-0.00010243225237493991,0.00019223221835873439,0.00010248030886317316,-0.00015230046054637292,-0.0009791645957039075,0.0005443654278480814,-0.005143388001775162,0.012608242417712967
-0.00523337754093911,-0.0009598371974975928,0.0002662967172748498,-0.00020083703313322765,-0.0001404846220192102,-0.00010270873217521626,-0.000985368208087034,-0.0006458646655730371,-0.0011169418249312724,-5.544331982965112e-06,-0.0013781312377443289,-6.631300187298628e-05,0.00408334663777965,-0.012269478554803093,-0.0009487788065828395,-0.0004331855375075966,0.002004311457784347,0.00026915605003519083,0.0019350764359524764,-0.0006764874673373944,2.6295303864110053e-05,-0.00018034149839851743,-0.000817056221660617,-0.00018801531863954501,0.0001583492122791963,-0.0005302097156156815,-0.004922488508231071,-0.0011887612081356025,0.0013500753252395636,-0.0003735929593867704,-0.002320630889719122,0.008757766797480748,0.001636402944099613,0.00016733775193400469,0.0001587396240017025,0.00027912239951977114,-1.3862684316023888e-05,-6.608660732854155e-05,-0.006515489002013819,-0.0031122157104593873,4.443749957783183e-05,0.0004518642517403748,7.240910451344895e-05,0.00028004724498109645,-0.0012815766021655461,-0.00014872270246824026,0.0011553148269960456,-0.00017386992915013888,-0.0004020723559591266,0.0001723209371613521,0.00022257896517596798,-0.00032042506860974207,3.4106154873647654e-05,-0.0024056199131211597,0.00010048438490395384,-0.0037574575212763195,-0.0010726415602446693,-0.00011801985927373249,0.0001174334375437791,9.745362223778642e-05,-0.00015075806415909554,-0.0010994844425786798,0.0004844111368653703,-0.004983569054448633,0.012815691947352104
-0.0054185478299159096,-0.0009618089572216437,0.00031041866137826446,-0.00019479491373519675,-0.00013987033331253063,-9.909883200953651e-05,-0.000989169145164559,-0.0005858847891162533,-0.00108511982944981,-2.6560029187217005e-05,-0.001316883657154433,-6.697735373384361e-05,0.004101109436910333,-0.012312619061963681,-0.0009236936815715246,-0.0004071715857678626,0.0019749974611977805,0.0003544300342215312,0.0017157274184835813,-0.0006233858452423524,2.323151424410419e-05,-0.00013346540285941177,-0.0007926711880356097,-0.0001786404346313386,0.00030720162124975303,-0.0003358228723844281,-0.005140303333127538,-0.0010886827863753057,0.001479372356719022,-0.00036009597211561495,-0.0020589842035871886,0.00957062788434726,0.0011491734757902439,0.00020807733753946955,0.00017556766344073438,0.0002593146067790819,-4.234302991734662e-05,-7.073703719895352e-05,-0.0062399020933534555,-0.0034483032489093235,7.046597153226308e-05,0.0004894676247002572,9.643530588476779e-05,0.00028425535001930236,-0.001279218743299837,-6.138878292405447e-05,0.0011929906140402124,-0.00010590830528001138,-0.00034663610708074444,0.00025524356234130074,0.0002581134890162762,-0.0002778872787866371,1.699876382033061e-05,-0.0026610424817821166,1.4165591920578535e-05,-0.0035970365211103195,-0.0010023320383897305,-9.289321198646672e-05,6.186996556212243e-05,9.960840022027462e-05,-0.00014821751356552948,-0.0011825944236570907,0.00039532153432220163,-0.0047637421728408125,0.01269522671479062
-0.005494602486569411,-0.0009793137299621835,0.0003458539107816794,-0.0001924834925229879,-0.00014356278519678245,-9.267127667966779e-05,-0.0009989210975211993,-0.0005385183260837589,-0.0011239389957431456,6.30351160380016e-06,-0.0012622080381288203,-7.240017638743268e-05,0.004036776947839993,-0.012460235036103828,-0.0009012842523064002,-0.00039270298400251313,0.0019436026792170047,0.0004147905987228473,0.0015281400438427184,-0.0005996336684400694,1.3506739179325322e-05,-0.00010405467014207304,-0.0007740573268072426,-0.0001740690057644434,0.00038165475945750593,-7.558023826315097e-05,-0.0051520493416952196,-0.0010292287554897195,0.0015653698381583592,-0.00034336698307790847,-0.0027994186750411876,0.01002340545151248,0.0003519029778364935,0.0002324599873950728,0.00017052318697552415,0.00023336679937635552,-7.118004005901568e-05,-7.085165052256315e-05,-0.005966284117918552,-0.003797543737678599,9.158808884013325e-05,0.0005040686302379971,0.00010216308315236233,0.0002933921100480852,-0.0012516061914605858,-2.6624233103955675e-05,0.001248085278872102,-3.67745374848516e-05,-0.0002588143466374371,0.0003600380884911658,0.0002884789857426906,-0.00025259579128023013,1.4225751250762642e-05,-0.0028114627328270636,-8.610582912682574e-05,-0.003936405316425251,-0.0009323923871142892,-5.949754538947527e-05,4.369131552017791e-05,0.00010907612994071059,-0.00014651966005885253,-0.0012761120146448368,0.00033597524700978987,-0.004439830172346282,0.012574761482228913
-0.005665388828732798,-0.000926626970603972,0.00036462228793721074,-0.00018449244814000565,-0.0001413600737356635,-8.900894977459384e-05,-0.0010015418458000358,-0.0004926560690150517,-0.0012068386621891802,-1.1720522970937175e-05,-0.0012168612106375765,-7.49353528203267e-05,0.0037270375609723683,-0.012444079572325184,-0.0008651082329043103,-0.0004002521002661741,0.0019032188554675145,0.00046682004707387925,0.0013549282803255736,-0.000587746953103041,1.2023455123300053e-05,-6.723270701380901e-05,-0.0007550386009299581,-0.00016941760163824426,0.0003340014535693214,-2.909822228480685e-05,-0.005102952828563878,-0.0010287047911030633,0.0015441804950528937,-0.0003224740456917452,-0.0029298340590530048,0.009741960730896393,-0.0011155668895012072,0.00023991323117589225,0.00018921479459965695,0.0002188941242635689,-8.9193561345291e-05,-6.007614007741413e-05,-0.005765272155194956,-0.004275141033428742,0.00010955586211713886,0.00047530264241957276,0.00011273457256644193,0.0002883382353706665,-0.001184490013667272,7.99709448324748e-05,0.0013141556568510016,2.3890342821575317e-05,-0.00012986773350254222,0.00040087252536125106,0.00032092864604282845,-0.0002351567315171943,-7.81988029108227e-06,-0.002847183728546754,-0.0001998699123708647,-0.003912427610341496,-0.0008603104929361116,-1.6104879497769176e-05,6.0547845403213785e-05,0.00012150537048194465,-0.00014556625162542858,-0.0013496543624675894,0.000301481009289839,-0.004101209455908417,0.012453882904784663
-0.005847429724359587,-0.0009275242826688457,0.0003654718001637747,-0.00018331999141874,-0.00014192975870319646,-9.065647648787145e-05,-0.0009858180262983796,-0.0004635975793945146,-0.0013274648458858618,-1.8868376686520527e-05,-0.0011726214442313587,-8.64129499976718e-05,0.0031978819815061676,-0.012910228573161153,-0.0008202906011101074,-0.0003940943161546695,0.00201978927328339,0.0005179612949874901,0.0013406523462815567,-0.0005937777054259019,6.882002340447002e-06,-8.466922574279501e-05,-0.0007292980128981164,-0.00015682254582161104,0.0002765944036660084,-9.785598809708418e-06,-0.005087922159963454,-0.001045580000147317,0.001476816634696343,-0.0003067497233266714,-0.002828131183999383,0.009024410877002564,-0.002407789872638788,0.0002582227868468401,0.00019085573870092354,0.0001970220750640017,-9.506902780875848e-05,-3.483349098154509e-05,-0.005672153718228046,-0.004746395673944748,0.00012264531570527204,0.0004353962640166742,0.0001166717693288355,0.0002762264807645298,-0.001112508255907363,0.00014076468053492164,0.0013293192537287002,7.697186080979357e-05,1.432317656102633e-05,0.00044115828180668615,0.00035019918232848113,-0.0002205500573277952,-0.00010898128327785361,-0.002903231285842689,-0.0003202196172609195,-0.003391565632743343,-0.0007835114620994288,1.3924678390786482e-05,0.00010824922680119364,0.00013125434692362603,-0.00013938968765281334,-0.001382628949475051,0.00031373858695649126,-0.0037307607584103897,0.012333417672222957
-0.0059324707645803665,-0.000851086089333486,0.00035372559712909535,-0.00017965469051239857,-0.00014548146543014173,-9.668349691660527e-05,-0.000979266481112795,-0.00043734437987918984,-0.001478973870699396,-5.110254590379171e-05,-0.0011222478803475378,-9.664610682269537e-05,0.0030250064920014363,-0.013629018809146798,-0.000783499639929186,-0.00039032590249810095,0.002060807818359711,0.0005338336618234685,0.0013750873860989277,-0.0005878127086870188,5.996954635323348e-06,-0.00011149472812654881,-0.00070057913609467,-0.0001374862541304589,0.00016357670919897593,0.00024585502269047765,-0.005088952924425905,-0.0010780980809241836,0.0013644831955288428,-0.00027744313105615426,-0.0030811804189386782,0.007934604824468172,-0.003436002703714358,0.0002762284279094196,0.0001799609822754622,0.00018185936760595212,-8.00605490536288e-05,-3.8935594219302594e-05,-0.005546383467381344,-0.005210030600978577,0.00013298424854935043,0.00034189731743872187,0.00011531724923852238,0.0003196486175955915,-0.0010787893517831826,0.00022291499528837022,0.0012939439133063946,0.00010773353392412588,0.00015247592041767177,0.0004992139948716279,0.00035727519048234235,-0.00018238293409134076,-0.00023214494008116926,-0.002914815558006434,-0.00037424651841910794,-0.002363106912981139,-0.0006996541769903608,3.411363956917768e-05,0.00019328363962078932,0.00014518955141196166,-0.00013517810406116215,-0.0013873547294330768,0.00030257134411337816,-0.0034077089289853424,0.012212555628574151
-0.006065934489286051,-0.000912734830937012,0.0003383329137602864,-0.00018089752126926317,-0.00014665816841819002,-0.00010478131461688633,-0.0009611858263409712,-0.0004106555176871529,-0.0015767281908414255,-7.918375513205067e-05,-0.0010698284465602281,-0.00010422169244816981,0.003023668945031366,-0.013960522152254629,-0.0007464150954326065,-0.00037006918152460155,0.0020913610288972873,0.0005851553478373184,0.0011257140809417532,-0.0005893077985232864,2.765248451108704e-06,-0.00010806812913732866,-0.0006663016706930369,-0.00012341137732596597,3.28059745944298e-05,0.00036586374345892736,-0.004981204316603871,-0.001131798278771079,0.001194632965310083,-0.00026638183085059275,-0.0027928585386726157,0.006448454483785726,-0.0040940712627856035,0.00027063830643725417,0.00018310337160110102,0.00016044231489109606,-6.17855969567982e-05,-4.9186958057556573e-05,-0.005464505341445269,-0.005566281076222812,0.0001331179966286289,0.0002033877313714072,0.00011756019109276927,0.0003581331225699369,-0.001002881480244855,0.0002478014581117627,0.0012133082052829813,0.00013172785303461332,0.0002867575163034708,0.0005452631688940279,0.0003495564005819851,-0.00014516629654570679,-0.0003759615943843553,-0.0028005337883303394,-0.000459240055161958,-0.0013542494135185823,-0.0006219981925857931,5.7732139006061445e-05,0.0002965401027839043,0.00015041064209575516,-0.00012817462681780079,-0.0013719371196689867,0.00033639524806527987,-0.0030452730111025783,0.012090073272985835
-0.006195798773850791,-0.0009997701648741808,0.00033225112030921267,-0.0001812011438048211,-0.00014946171399188302,-0.00011401748137251921,-0.000964926601285665,-0.0003916355837078056,-0.0017147903248716512,-2.626240923508938e-05,-0.0010137378322447876,-0.000118158507381394,0.0030045820350041996,-0.014588396668652082,-0.0007299061260477302,-0.0003530401366810265,0.0021724591832190665,0.00060807734106616,0.0005339107650852437,-0.000570135242110914,-1.2517387811827874e-06,-4.773566934401785e-05,-0.0006370614858686174,-0.00010975102261123748,-9.026011959090141e-05,0.0002634535408614358,-0.0047489970454567265,-0.0011853252121467595,0.0010091932876965526,-0.0002446381873086878,-0.0019053345009792944,0.004858968157505306,-0.004310956579386738,0.00026718715694018513,0.00017320951758237335,0.00015009939317223164,-4.772139997855085e-05,-6.309044757557558e-05,-0.005249644678381515,-0.005868314919904805,0.00013401638389809456,7.518634649361644e-05,0.00011742048666651961,0.0003876626194867505,-0.000892923821419811,0.00024457087458706894,0.001198143257090889,0.00017537146338342247,0.00037814071190966914,0.0005864949722305113,0.0003317057979190796,-0.00011227559564763734,-0.0005575695242714396,-0.002594720282585339,-0.0005711057464558023,-0.0010056586528155442,-0.0005602905413480963,8.36131566999132e-05,0.0004046147368057529,0.00015009480448902046,-0.00012128722202686681,-0.0013342427589566608,0.0003508801585918597,-0.0027013009745892047,0.011954777226039326
-0.0063228625600803,-0.0010605942272963187,0.0003118220896924928,-0.00018150229141278285,-0.00015321178031602045,-0.0001186367099546004,-0.0009699015807441702,-0.00037131261770684265,-0.0018682726145677897,3.140752120978085e-05,-0.000969187647258285,-0.00013350803207612394,0.0031065658845879085,-0.01508656038727163,-0.0007039028240771739,-0.00033615784752272226,0.0022818222067337857,0.0006210343642105709,-0.0003059447991806685,-0.0005595514480685182,-5.17401803623585e-06,-2.1958796781240686e-05,-0.0006065237721182282,-8.549266791391119e-05,-0.00017557449546556914,0.0002211994462730793,-0.004537722739029748,-0.0012155599509477977,0.000826856909112772,-0.00022961463297510587,-0.0011028911958815835,0.0032874655760841698,-0.004061793593324259,0.0002727243972702187,0.00015417313274301847,0.00014599724038322215,-1.8430000166103078e-05,-9.622578805534854e-05,-0.005074924910997813,-0.005993176017891955,0.00013280032751472604,-3.0971009367442015e-05,0.00012174707147560859,0.000458922967540909,-0.0007958989571823505,0.00024509320597698725,0.0011376533325488936,0.00021049438497122708,0.00040447305425228564,0.0006270505479073485,0.0003179445382357482,-6.002203908062054e-05,-0.0007321825345890653,-0.0022923690313709777,-0.0007029211954141523,-0.0007620690811613873,-0.0005010141027756987,8.311944564098894e-05,0.0005240545039586486,0.0001422292637274225,-0.00011590531483340882,-0.0013534597590184605,0.00039570469007887965,-0.002365984054739423,0.011718145547694236
-0.006416612191744608,-0.001102504392387238,0.000305861324672696,-0.00018515780021344241,-0.0001547722989460043,-0.00012191310330122995,-0.0009589529151071696,-0.0003418268995347695,-0.0019292461345057355,9.901505006815192e-05,-0.0009187747188548201,-0.0001370020844707609,0.003413847217817789,-0.015438712053453596,-0.0006742569503084272,-0.00032010847872765424,0.002403582161282891,0.0006112893415128884,-0.0009725811007127438,-0.0005487626833111658,-1.1263135500039212e-05,-1.0603491791605357e-05,-0.0005716128547709198,-7.038353283750354e-05,-0.00020393015893627187,0.00017945805548236216,-0.0043309993648567024,-0.0012303343262654032,0.0006599978395651629,-0.0002062404940690321,-0.0007564181221495492,0.0018582837625327198,-0.0033776369983016252,0.0002801212386913665,0.0001604276377764613,0.00013555871582093815,1.4314042783514225e-05,-0.00013799273606041051,-0.004971317502035166,-0.0060616500179356825,0.00012398551495373944,-6.46869731201205e-05,0.0001481766392412709,0.0005709724071678579,-0.0007332760564854324,0.0003018707644695251,0.0010888881629305125,0.00023409035006083379,0.00039100572800543354,0.0006480291636052904,0.00029637801343729286,-3.5497828332786696e-05,-0.0008417621430383271,-0.0018084347919327115,-0.0007304158653842485,-0.001254352019558258,-0.0004525552752057127,9.074851887058699e-05,0.0006315463484516393,0.00013585295083129445,-0.00011447957492960459,-0.0015189014191838712,0.00043689037471450476,-0.002004835927854387,0.011483084579902991
-0.006489318690756085,-0.0011974536490109156,0.000308806232113934,-0.00018537952146768788,-0.0001535858608927576,-0.00012240171781996434,-0.0009092656761173767,-0.00031826350286578986,-0.0019718049033368157,0.00017387377646493896,-0.0008624063826403461,-0.00014008162752954245,0.003671011737604868,-0.015950973154292947,-0.0006445190713619819,-0.00029485513708182864,0.0024369641920638507,0.0006064055116974387,-0.0016844215184534939,-0.0005056676018947437,-1.451623041581751e-05,3.315879631760055e-05,-0.0005367738849251236,-4.6298102294728416e-05,-0.00016246917662554594,6.131887815907788e-05,-0.004179386382043404,-0.0012102038258177128,0.0005260633162529338,-0.00018992182863097895,-0.00023883329932494757,0.0006315559937706272,-0.0023524180841608677,0.0002780050079131957,0.00015950023083832754,0.0001282005358951288,3.783071170126995e-05,-0.00017837050339053473,-0.00495618816029908,-0.006353104533340148,0.00011809629176173786,-0.0001533734805231335,0.00016916965781210713,0.0006340027094755563,-0.0006508791303810879,0.0003727344471660121,0.0010189370789357444,0.0002526583626338841,0.00034202151576545603,0.0007209908043166458,0.0002789630005308741,-6.2360225198121455e-06,-0.0009104488901268137,-0.0011776303773787244,-0.0007688148494101599,-0.0019479972767395548,-0.00040956226586108535,8.032570272575867e-05,0.0006992849399880541,0.00013395316689290837,-0.00010515478341122098,-0.0015019622585579206,0.000484646638260644,-0.001715473914884802,0.01124565927938348
-0.006652351526569511,-0.001310360533177346,0.0003126960760080344,-0.00018840212127135825,-0.00015178935878368272,-0.0001240360073289093,-0.0008470189313468657,-0.0002824011450355268,-0.0020068465627216536,0.0002587936009899039,-0.0008058806169021215,-0.0001456223533972123,0.004010088649938348,-0.016516021466717268,-0.0006106027222801957,-0.00025645658073913946,0.0024009226054890753,0.0006000857957664252,-0.0019054980023887058,-0.00046446014985290773,-1.4202102188276555e-05,7.305149897707253e-05,-0.0005026720314844635,-2.5337357598576027e-05,-8.056125498068223e-05,-0.00012115051847527702,-0.004081378071181585,-0.001157896410855619,0.00046261579264750274,-0.00017329175476643588,-0.0010744365045441961,-0.00011289766116773237,-0.0011087475964834947,0.0002718271155881524,0.00015967000333283465,0.00010397687038321557,5.549902888235536e-05,-0.00019852226435201903,-0.005046452339755092,-0.0066818634618955874,0.00010586719492811092,-0.00020572760935722023,0.00019535360676870006,0.0007207500126880095,-0.0006543439927143568,0.000434291008651444,0.0009173367860122461,0.0002716064604975088,0.00024716281696357534,0.0008068415856834488,0.000265628889029923,1.26037073115981e-05,-0.0009006465693812693,-0.0008393980656632438,-0.0008098891761815219,-0.0028498026491771133,-0.00036520520980631854,5.2164430218715196e-05,0.0007248420990402238,0.00014598183036174106,-0.00010283050405457406,-0.0014359584290649652,0.0005499285859082992,-0.0015487381035714787,0.01152777542860095
-0.006774003676296103,-0.001448697280331257,0.00032523998248357167,-0.00018543453481012495,-0.00014380900886223902,-0.00012131896165434863,-0.0007744978461536878,-0.00023590379841753606,-0.002094018310019319,0.00037991227920119996,-0.0007534822717607526,-0.00015136358490974722,0.004316113955256107,-0.016845725896874497,-0.0005702800352876958,-0.00022477626054817623,0.002412025036758303,0.0005877289294635712,-0.0017613418962046934,-0.0004560763581972216,-1.6198589343097147e-05,0.00013406974113050474,-0.0004723883946136098,-7.856564956831846e-06,4.179561045947189e-05,-9.054817325049314e-06,-0.004244949459010661,-0.0010914756634253786,0.00046108549669732213,-0.00016170752380473274,-0.0011776595213031094,-0.00042010703359252055,0.00020893106898878244,0.00027688134128700526,0.00016813688482053557,7.652340003239111e-05,5.5504862908062336e-05,-0.00020954145855434092,-0.0052461629103636165,-0.006955920191692666,0.00010670389413780512,-0.000228776686830634,0.00021318591170160772,0.0007694999792424717,-0.0006622155362882021,0.0005558260903040235,0.000904225184596763,0.00030010255678392106,0.00014676337977403975,0.000898261988600435,0.0002579078359730147,4.3836336741431836e-05,-0.0009398317594341288,-0.0006098608373269476,-0.0007972960642115279,-0.004517039186047067,-0.0003258535268910734,2.519129764255723e-05,0.0007251691395122606,0.0001381630372647713,-9.897435584715897e-05,-0.0014343457714738328,0.0006506692889649557,-0.0014933438310337221,0.012952674441419232
-0.006950816925790471,-0.0014102053073734577,0.0003357949012916528,-0.000183749095486907,-0.000137248493640163,-0.00011956250588462947,-0.0007306057408642541,-0.00018799492079446534,-0.002059892422627163,0.0005445502207885866,-0.0007006371386041321,-0.00014732816025664341,0.004673951417703437,-0.017143185165045982,-0.0005420046104722687,-0.00018574415900962649,0.0023270445912026982,0.0005626516743444387,-0.0015517044002441027,-0.00045831352087333244,-1.6165534030387896e-05,0.00017606451078022722,-0.0004435757147828179,1.1088422648519725e-05,0.00021842690423889977,7.329065072392282e-05,-0.0043827761597343695,-0.000993929907977309,0.000527532409860143,-0.0001580166523315052,-0.00012555809904557513,-0.00024323525549652114,0.0014997416451363321,0.00028731095706713283,0.00016556366801423472,5.888873280213147e-05,3.7515674286892065e-05,-0.0002005366386900187,-0.005549908386560665,-0.007163451675640364,0.00011510189058183684,-0.00022758162524849634,0.00023538976450554472,0.0007817479928844406,-0.0006651044768644088,0.0006715415478237841,0.0009549847518681709,0.00032972521486684947,5.088168504285839e-05,0.0009426215027199536,0.0002571398564021887,7.459968476486445e-05,-0.0009974492164835924,-0.0007054572347907628,-0.0006678427862897296,-0.005654796942705431,-0.0003001457377628247,-8.303219256600158e-08,0.0007077143109126549,0.00013298606897893528,-9.798487225742836e-05,-0.001410933325067587,0.0007665052683030193,-0.001490987548466438,0.014363420525460135
-0.007045762644582565,-0.001352853262978404,0.0003490336882499001,-0.00018314610083480787,-0.0001260043102030428,-0.00011123908310806119,-0.0006886304754125661,-0.0001417198735917946,-0.0019712521362741375,0.0006723447048018194,-0.0006554285366899837,-0.00015490245924032475,0.00494037880808218,-0.01739006457788872,-0.0005153157484090176,-0.00015228540473855023,0.002203404253853458,0.0005489747697597913,-0.001354911296806871,-0.00045633351192742033,-1.7418395206192372e-05,0.00022398956654257063,-0.0004139027700840181,1.2945786057372288e-05,0.0004390595519101481,0.00013099022499618584,-0.004567996210050218,-0.000870339244636642,0.0006472906783432375,-0.00014691802115940344,-0.00033985149670046066,0.00030707194613044386,0.0026013987008222106,0.00030894877593556913,0.00015917795015751857,4.5451218194658694e-05,9.254011240189541e-06,-0.00022372113487567624,-0.005969618046997249,-0.007450878382666892,0.00013223578069210262,-0.00022419407443530215,0.0002576226963426631,0.0008574697254897234,-0.0006562184766729651,0.0007617602717904237,0.0009676677956991231,0.00036593017756203494,-3.087100884147098e-05,0.0009739244230804189,0.00027146242419306965,9.61880591869857e-05,-0.0009764882371317007,-0.0006176086544483761,-0.0006626640060387601,-0.0073897982985901,-0.0002795742550281144,-1.979478062275053e-05,0.0006973209428362548,0.00012489654514791226,-9.509766172277612e-05,-0.001304514801483414,0.0008557229375847353,-0.001526964773326811,0.01578831953827864
-0.0071877495330916474,-0.0012268014160365937,0.00037415807107010757,-0.00018455336633671493,-0.00012588389235057562,-0.00010573060405860701,-0.0006383746066156437,-8.902555424072922e-05,-0.001963647399251589,0.0008108810996361182,-0.000610995702805539,-0.0001580754593114575,0.005422791911245728,-0.01746045334441515,-0.00048748528146680403,-0.000126911545976216,0.0021266135065063363,0.0005116281283694679,-0.0013431404501422772,-0.00045915511077831983,-2.0663364617035107e-05,0.00029508705165826044,-0.0003895026883924402,1.3658355813905843e-05,0.0006656431316167666,3.7449123486910096e-05,-0.004692597953399047,-0.0007449174919598178,0.0008003888540206727,-0.00013412941077906027,-0.0003830205197895564,0.0010958174004993548,0.003410694394577529,0.0003323240641415204,0.00015118439169836684,5.7023452238125216e-05,-2.167465300406679e-05,-0.0002552334101963982,-0.006451929945292201,-0.00754897925621123,0.00014655976223032496,-0.0001956346018352484,0.0002765637357946549,0.0009036839384417572,-0.0006288996192281848,0.0009134201010718712,0.0010394207229280639,0.00040591283581936644,-5.1196409134757204e-05,0.0009578332659054833,0.0002424055525254154,0.00011109489884586488,-0.0009218316234302915,-0.0004925051882921361,-0.0007021197690717518,-0.009128501158526925,-0.00025067348539309364,-2.2701273617586892e-05,0.0006791932697165493,0.00012962888854639587,-9.359462005142927e-05,-0.0011819782049028449,0.0009613584092340588,-0.0015733048963525453,0.01567355846509555
-0.007358592866956504,-0.0010009943103352903,0.00038731308813111376,-0.00018546820189890845,-0.00012536305108135082,-0.00010161410294418083,-0.0005941596707862429,-4.414470792579728e-05,-0.0018525928650235945,0.000988403784928149,-0.0005740202252051407,-0.00016454659125741955,0.006132710600306401,-0.017915603595626495,-0.00046741579269982125,-0.0001007874681627774,0.0019546156324381503,0.0004858337561119974,-0.0009992478349928335,-0.00045676103651748345,-1.767087076975926e-05,0.00031896325376057355,-0.00036679181189069876,1.596433795025831e-05,0.000851518647213334,-0.0002617562214467517,-0.004979522443484652,-0.0006399773100409512,0.0009520895827896947,-0.00011754532692231923,-0.0009322634563360133,0.0019183310427783873,0.0038795366922479424,0.00036361685189167936,0.00014098576561427656,5.7928827877917755e-05,-6.149040768865799e-05,-0.0002784697025426386,-0.007060436212112164,-0.007550060075379061,0.00016759059514970254,-0.00014220822813726386,0.00029701796888148557,0.00102172598621042,-0.0006310403557885369,0.0010650404064873609,0.001075934983309823,0.0004370468202949951,-1.6063341285010857e-05,0.0009018206322410904,0.00022044725268210996,0.00011977189443523883,-0.0008874671881705654,-0.0002491020086586859,-0.0007047241829852835,-0.01084751492594871,-0.00022752500776501705,-3.074871678476754e-05,0.0006731811201885485,0.00012841191287704667,-8.563677596473696e-05,-0.0010491739826328228,0.0010600611478766009,-0.001621750158976143,0.013717213669923733
-0.007507142265014921,-0.0008315817837569739,0.00040456537846789153,-0.0001856008661029751,-0.0001270050166910508,-9.474716000146266e-05,-0.000564535947741307,1.1003720663538274e-06,-0.0017948241566030365,0.0011014605935741884,-0.0005447503844961954,-0.00016930389237490573,0.006297910481167346,-0.017528389606727646,-0.0004367947334811273,-6.93461182303956e-05,0.0018452605088363772,0.0004848754030943869,-0.00067463886566832,-0.0004857185993757396,-1.747347158598256e-05,0.0002935236555445808,-0.0003454915807333814,1.2062694670911256e-05,0.000987517754473144,-0.00039738510627396195,-0.005298534397369825,-0.0005570733928161875,0.0010888892223861468,-9.936675108046522e-05,-0.0010266672947802924,0.0027029833922076474,0.004010569303826372,0.0003797965111069779,0.0001346823586103607,5.75967074933903e-05,-9.552339671758947e-05,-0.0002799336885823678,-0.0076678039918919305,-0.007386040329321553,0.0001865539649261727,-4.410621178396745e-05,0.0003074303886927421,0.001151650599535703,-0.0006666588527154405,0.0011750272104438242,0.001103382350221782,0.00046276529203326255,5.937558115798325e-05,0.000876980290362539,0.00018787866350122862,0.00010252577083380565,-0.0008766060066899284,-0.00015198043420106,-0.000712940665262729,-0.012649246861739405,-0.00019832998027069504,-3.757134354653857e-05,0.0006773542359417295,0.00013103407801207112,-8.145692473404686e-05,-0.0008846954629789794,0.0011029970725826566,-0.00170990213235922,0.01188665798940014
-0.007629859910027292,-0.0007658145739692923,0.0004103869978737684,-0.0001832036967107653,-0.00012190361317532261,-8.48698814160942e-05,-0.0005039088319170881,3.572845606880648e-05,-0.0016850591819193017,0.001159713454981004,-0.0005286706277761732,-0.00016769989400533536,0.0062187603752019704,-0.017347050973860245,-0.00040686601612049955,-3.922827398672446e-05,0.001708064654475372,0.0004383455158798455,-0.0009289665793548174,-0.0005036830158888783,-7.971815932261705e-06,0.00032229188856103264,-0.0003236638312413831,3.1671048361658904e-07,0.0010508509044542258,-0.00039163145457343784,-0.005684027612587017,-0.0005018487929262516,0.001184491574847124,-7.8667403687116e-05,-0.0017886884481693732,0.0032468153930382826,0.00385901146047396,0.0003987608665223519,0.000140623724089739,8.212966517406883e-05,-0.0001222287242782505,-0.0002718585270871099,-0.008288551016794599,-0.007025726486922124,0.0002033499996374477,-7.637759767975538e-07,0.0003141119582232843,0.0012762248310833613,-0.0006922269515144963,0.0012433945407985814,0.001146344862545945,0.00048596665551725593,0.00017704274864582814,0.0008604359490198554,0.00019616525676857677,0.00010058709047866543,-0.0007826152553237486,-0.00013101117895408798,-0.0007775379134203897,-0.01501939552224374,-0.00016317134845733605,-2.099947118350265e-05,0.0007152392419149667,0.0001328449459223613,-7.18790230884725e-05,-0.0007240805477450873,0.0011634819165857735,-0.0018768007900128447,0.009968043315104591
-0.007694602143185958,-0.0006920653718580638,0.00040573847487967996,-0.00017584915266033452,-0.00011622782553355471,-7.459277526078445e-05,-0.0005204301730568073,5.910577989309829e-05,-0.001583052348832048,0.001132404452337088,-0.0005187571082104769,-0.00016532098611821144,0.0063936042108461155,-0.017323143472322666,-0.000369886484830273,-5.820407356749158e-06,0.0017533622238512514,0.0003537228955372562,-0.0007484078081688716,-0.000529641924715718,-4.047449971511519e-06,0.0003165392100357156,-0.00030106931280526883,-6.383836223755601e-06,0.0010665154912945507,-0.00042042638002204313,-0.006060878633262434,-0.00046027338800858075,0.001228393811696149,-6.589678508961416e-05,-0.0032951870521611415,0.00350843507775922,0.003452648173784212,0.0004312462151969676,0.0001556381356160319,0.0001052889328354567,-0.00013406673160354377,-0.0002642198532412099,-0.008884033523760326,-0.006800700429430817,0.0002250305437543343,6.088697139938759e-05,0.0003237591513105542,0.00131177501632318,-0.0007214263823074329,0.0013577936363204923,0.001170605256695989,0.0005116633004569326,0.0003236477564065865,0.0008320189806034772,0.00018595149510391984,5.258338881164448e-05,-0.0008129804210670333,-0.00014511335778200074,-0.0008083670957558242,-0.016938093461687842,-0.00012178587796096707,-4.172956297954222e-06,0.0007883561148285256,0.00013685493795656534,-6.619776247895892e-05,-0.0004984185663441387,0.0012010282723124988,-0.0020398717561888047,0.009890797423459219
-0.007738731486120476,-0.0006014496391515411,0.00039880123608893037,-0.00017188567674919497,-0.00010847943342806587,-6.748700687775333e-05,-0.0005079970230730257,8.278908169367938e-05,-0.0015293577595306695,0.0011565794702139698,-0.0005092839372697888,-0.0001649319990854048,0.006665793897475458,-0.017088921464293416,-0.00034498305557895126,1.9126469700481152e-05,0.0018904227345208913,0.0002657754440476001,-0.0007014398506194341,-0.0005231836931196554,1.6922865864188452e-07,0.00024184435766483325,-0.00027814677381565733,-1.9391857293937775e-05,0.001045952917497761,-0.00032634104660622665,-0.006161704580592842,-0.0004294291074059542,0.0012134586201195674,-5.0195210042902616e-05,-0.003181650660853408,0.0034348401339812096,0.0029727326259965103,0.0004350618316690813,0.00019073922497203633,0.00012131158347727933,-0.0001281040246484677,-0.00025764064632494144,-0.009451687248572482,-0.006567556786246542,0.00024370388903283136,8.118298107917532e-05,0.0003275188721718614,0.001340328367710475,-0.0006888812079102191,0.0014457324377421532,0.0011485207974271106,0.0005294478206658848,0.0004902032278566448,0.000805561137723787,0.0001628859911424474,4.303364877977778e-05,-0.000787497444473928,-0.00017890381231988606,-0.0008443948634344611,-0.017629215073817206,-8.141098374303546e-05,3.538767186506142e-05,0.0008702624769327816,0.00013841928427771322,-6.632743237544592e-05,-0.0003853436732561555,0.0012455063647931475,-0.0022038502982103525,0.010881518971678439
-0.007854029510314109,-0.0005709605503120274,0.000399962007166188,-0.00017085613366130126,-0.00010521833981225193,-6.219906369586692e-05,-0.0004968251141818092,0.00010149028610495492,-0.0014684547471278675,0.0011564891277107137,-0.0004910960156151445,-0.00016033751669186636,0.006886231824835276,-0.017317731278305715,-0.0003252557797830402,4.1696312701011706e-05,0.002106730648171018,0.0002103707834681945,-0.0008658346130845374,-0.0005664852633839867,1.8036882085681327e-06,0.00027111424001535767,-0.000254875467731841,-3.929837392790958e-05,0.0009573088601788626,-0.00021033437183948234,-0.006263644195458551,-0.0004152007108384481,0.0011439211270947158,-3.6091812523175726e-05,-0.003546385650688544,0.0030073787610007674,0.0024981161046349065,0.00044685223034868216,0.00019894158385169725,0.0001658621122768711,-0.0001095315372157124,-0.00022745730523532348,-0.010045372810796427,-0.006447144801576266,0.00025050320977082485,7.089073142974023e-05,0.0003325333689150334,0.0013199194859858654,-0.0006981428917691712,0.0014856251713708524,0.0011457984226124207,0.0005384291445726941,0.0006562395148022038,0.0007648773328758907,0.0001429657996352418,3.1853231816647565e-06,-0.0006954061148667368,-0.00023610096072290698,-0.0009020964367996154,-0.01958141299419469,-3.856980620819961e-05,8.811034141587015e-05,0.0009684551392910024,0.00014755041291070192,-6.367287590081094e-05,-0.0002994123367582313,0.0012563845978048604,-0.0023048757853458834,0.011859162287814806
-0.00801987633882073,-0.0006339151238567986,0.0004011387764570884,-0.00016366303830217532,-9.221887522403716e-05,-5.3067144134888444e-05,-0.00048656105608446687,0.00011599623666724845,-0.0013902216282917212,0.0011092391010441016,-0.0004750432586438924,-0.0001615057176453938,0.007156037188604358,-0.017213286277641182,-0.0003008560065504984,6.305066466505416e-05,0.002101901154704766,0.00015975507310939108,-0.001194963551061634,-0.0005757781225914638,8.09339814789034e-06,0.0002839558418155086,-0.00022656026128609064,-3.764093905722632e-05,0.000826341591135149,7.740027722080711e-05,-0.00640615422823243,-0.00042681881912509656,0.0010311541878138542,-2.4367550806703164e-05,-0.0048854910671236595,0.002262108149681863,0.0021214143988321776,0.0004700774895365356,0.00018990479692582163,0.00019289749032269654,-9.415698888859403e-05,-0.0002021602638068165,-0.010544227365646308,-0.006268117623687508,0.0002511639899671625,3.625614150681855e-05,0.0003423217255924538,0.0012164713895244095,-0.0007215875138665284,0.0015143655058968974,0.001082813795962645,0.0005468844575875487,0.000797660849767956,0.0007047182522414985,0.00012402408389733388,-1.4418537815474863e-05,-0.0006529576655511793,-0.0003568356270221562,-0.0009332285188006217,-0.02178793315991079,5.714711272419848e-06,0.00012415151029854243,0.001050251284459236,0.0001415900856178709,-6.0832567561952544e-05,-0.00022166421354719024,0.0012789605142009552,-0.0023709426455478244,0.012843352986890322
-0.008107371116311324,-0.0007379798365039214,0.0003851380726658249,-0.00016216503441224273,-8.915386050656338e-05,-4.444175815798701e-05,-0.0004727889827118581,0.0001275314075603884,-0.0012945899829294172,0.001120558814102779,-0.0004503898323930944,-0.0001635106805172315,0.0072594942869261825,-0.0169157772626225,-0.0002862005422366032,8.28204063372251e-05,0.002128810442333595,0.00011739028044455146,-0.0015172135574367251,-0.0006148321812178281,1.413482174283942e-05,0.00028016376867046056,-0.00019779682036746848,-3.150225650538907e-05,0.0006763563700353803,0.0002379010502611134,-0.006452991890868898,-0.00044544160142190314,0.0009096375882764463,-1.0723934472101071e-05,-0.005999072491807644,0.001381186648516941,0.001962972944014263,0.00048546206621624677,0.0001962639057582205,0.00020631352056366126,-6.788688798597953e-05,-0.00017014321135255805,-0.010934432523937776,-0.006000460684830844,0.00024204376225989144,4.733956437519282e-06,0.0003522996275324708,0.0011478899853991642,-0.000691922482064955,0.0015372494878893583,0.0010549526882364102,0.0005497300591583709,0.0008975742077699245,0.0006543313103963833,0.0001112761073323032,-1.9084493491527965e-05,-0.0007414273470358612,-0.0004431655908233578,-0.0009062053134748504,-0.023366875978990898,5.144823753733263e-05,0.00015918652642410436,0.0011318339367527575,0.00013248267389265322,-6.297662088683431e-05,-0.00011522594494106642,0.0013386335564855578,-0.002458540392428099,0.01289893960669164
-0.008187408444867095,-0.000816756904905791,0.0003818821359287128,-0.00015454875329001805,-8.107623647113371e-05,-3.688779420152333e-05,-0.0004947930816665558,0.00013651732426112062,-0.0011741328821595065,0.00107604791161231,-0.0004224788029382198,-0.00017073314133753126,0.007345006103086638,-0.01655187360816046,-0.000260098059841396,9.014409865559792e-05,0.002314960914778119,9.600217119354326e-05,-0.0019444755636481847,-0.0006417662530604495,1.8224733010718808e-05,0.00017335711431254452,-0.00016384787029677383,-3.371015795250454e-05,0.0005625086148273173,0.00026725383871228914,-0.006573859931921389,-0.00044868713371515323,0.000784478618520712,1.2970747453655562e-05,-0.0064289198996946295,0.0005777277284242377,0.00200265568468172,0.000517125147717401,0.00023328180170567592,0.0002214209062108008,-2.286832382947246e-05,-0.00013377823387994425,-0.01135081407901295,-0.005711268565852579,0.000228806201563847,-3.920393110024012e-05,0.00036532182275528235,0.0010108512472550846,-0.0006719129871033402,0.0015087138624070295,0.0009818850906269105,0.0005574433357757869,0.0009440126720114961,0.0005758977417407163,0.00011435225771960766,-2.5602350375519833e-05,-0.0008277958219434778,-0.0006783744581863038,-0.0008116769847756888,-0.0244805378894406,8.282552824345757e-05,0.00018606398275378133,0.0012018915841516264,0.00012540513110437246,-6.1023425955375465e-05,-9.730842130428741e-05,0.001372030517747369,-0.0025752402294113574,0.01289893960669164
-0.008209747894185826,-0.0008044436775774821,0.00038782610812182483,-0.00014648648747794812,-7.114085289150474e-05,-3.2739564215455985e-05,-0.0004996066075599881,0.0001545572732564171,-0.0010849066549102337,0.0010015838406580713,-0.00038437463304152875,-0.0001690024905873777,0.007467977203218679,-0.015895758217991163,-0.00025002075004354474,0.00010336608370420386,0.0024543215352186287,0.00010651661363847431,-0.0022636636107133956,-0.0006412959488206749,1.770708775827856e-05,0.00011249278992386813,-0.0001303810896258195,-3.965608110145791e-05,0.0004941885226545928,0.00041646379872117834,-0.006614612631539507,-0.0004300484244217362,0.0006893777533907297,2.759184463951847e-05,-0.0069534222664396905,2.0250304485269766e-05,0.0022979314465154665,0.0005545256759180717,0.0002777535224978145,0.00023386903734512465,2.9441859554779626e-05,-0.00010289858439793687,-0.01174306761557442,-0.005515285226597277,0.0002135124976585523,-9.093776089141858e-05,0.0003786768530398277,0.0009070701783417956,-0.0006132579559954277,0.0014943274107046545,0.0008990421767065548,0.0005529961106458536,0.0009554101218460787,0.0004961296754053546,0.00012078319833874751,-3.124559906986235e-05,-0.000862040471965364,-0.0006639142221800398,-0.0007695198367790868,-0.02564762779195262,0.00011623120562265221,0.00019344849382352258,0.0012282240754908358,0.00012027206147080527,-6.392931051280026e-05,-0.00012758127862466662,0.0013957777547080052,-0.0026037023550294913,0.01289893960669164
-0.008310663508645733,-0.0006504412625287781,0.00039807753763132503,-0.000139786104523143,-6.32793136189358e-05,-2.7037360532000676e-05,-0.0005072237998903217,0.00017820348499220096,-0.0010400704100903546,0.0009009292139159353,-0.0003424993364290474,-0.00016734634811688132,0.007552158925432817,-0.01567266389494415,-0.0002344553255856363,0.00010427878734753371,0.0024215043753350596,0.00010337753007338968,-0.002475987259683232,-0.0006520731802933666,2.008212227067041e-05,3.678869164858156e-05,-0.00010430666313676618,-4.0389024272280416e-05,0.0004649428008511869,0.0005968698006670881,-0.006581588336749489,-0.00039207704611687877,0.0006452972305954763,3.9287434430157475e-05,-0.007376127005071176,-0.0002329534930857191,0.0027449903771716855,0.0005765271024158469,0.00031330055222134057,0.0002385454963491629,6.914714145156431e-05,-0.00010598362483571488,-0.012010044545803233,-0.0052775930682696925,0.00020226537715917203,-0.0001134234635740139,0.0003826294335476099,0.0008304506237939435,-0.0005999944957226777,0.0014819418400171536,0.0008541867743214748,0.0005509766982454423,0.0009194327527659585,0.0004687452081744148,0.00010537632957396958,-2.874406697217502e-05,-0.0009666761955948733,-0.0005278457290398553,-0.000806748620696851,-0.026565474130886835,0.000150475998058619,0.00018718590272270852,0.0012070046075609575,0.00011597405071772648,-6.442591671473874e-05,-9.45583419919016e-05,0.0013927874847412536,-0.002586441806000206,0.012845568515460704
-0.008486828589826412,-0.0005433414371635026,0.00041129592951572036,-0.00013293602878450272,-5.912224199411398e-05,-1.5805811518943003e-05,-0.000511648971750267,0.00021074878211213566,-0.0010125031201208001,0.0008121065060666677,-0.0003005050039073254,-0.0001657891601308803,0.007453206290219727,-0.01565404270894355,-0.0002104773179770758,0.00010613228366262994,0.002274173163883564,0.00011635270658882924,-0.0027240306671048042,-0.0006502856797701018,2.4679008137740155e-05,1.335610377162233e-05,-7.628627595523962e-05,-4.258989112515543e-05,0.000442859892370695,0.0008733456409999452,-0.006568054230575715,-0.00035115421326914475,0.0006254923580766292,5.439514195693107e-05,-0.007082959349111406,-0.0003699005151882595,0.003190980059554649,0.0005909412483111609,0.0003313960118425108,0.00022781809579552892,9.694546655292235e-05,-8.788199919718132e-05,-0.012163543303534308,-0.005071159566394701,0.0001952111209280183,-0.0001232218529559903,0.00038741513354612067,0.0007272448182134017,-0.0006607558622981902,0.0014826353853623075,0.0007808619817497586,0.000561454323933841,0.0008352641879605383,0.00043316642459956256,8.513062824877515e-05,-2.2410491312685465e-05,-0.0011266348513748747,-0.00037682504286173923,-0.0007532460076148384,-0.027235769197574422,0.00017780726083116427,0.00017624337236887833,0.0011496385102589546,0.00011552982856954941,-6.532884388932292e-05,-0.00013365869382464535,0.001389815790075577,-0.0024708619592007652,0.012388756285094837
-0.008626638535085718,-0.0004261909235714345,0.00043218993250682125,-0.00012549900507397016,-6.0133142748330926e-05,-3.5157240241279197e-06,-0.000471854765509927,0.00023939936134143025,-0.0009292825430204932,0.0007551884468088854,-0.0002590643875428622,-0.0001618621877204074,0.007481726149354939,-0.015516371493375258,-0.0001865567354873976,0.0001139355059964764,0.0021964654022850194,0.0001248078454896273,-0.002672898641196686,-0.0006517759433006809,2.6919876968456435e-05,-4.989251698561681e-06,-5.0790773498010644e-05,-4.003900517957071e-05,0.0004526070197201637,0.0010659795689949014,-0.006658275412869785,-0.00029279985376784445,0.0006553919181713219,6.228675774777592e-05,-0.006800606341155535,-0.00015791320379976437,0.0035197939664268763,0.0006005014167953515,0.00034804772323537847,0.00022562389941138683,0.00011057171709594193,-9.399190998671259e-05,-0.012269683492862393,-0.004891259842181306,0.00019790336910929796,-0.00013692806546028446,0.00039231642009274204,0.0006149976508347255,-0.0007052612293287908,0.0014560046351141942,0.0006888704913505794,0.0005735967811975051,0.0007398693433835479,0.0004059402422242897,6.093574123422485e-05,-3.072671134274341e-05,-0.0010982148891836019,-0.00024035710531578047,-0.0007537813215106048,-0.028175824634108393,0.0002051783887957459,0.00012646716846198558,0.0010679785154239507,0.00010274298479862054,-6.921756306610405e-05,-0.000161910225801698,0.0013794041088515119,-0.002338356304363076,0.011916253482988637
-0.008723092228339668,-0.0002784703490337215,0.00045158171026682403,-0.00011822867582400587,-6.147688781432681e-05,1.0455320019753245e-05,-0.00042973939619939117,0.00027623320978831245,-0.000935359857057616,0.0006837247060307305,-0.0002152280182278199,-0.00016149664096931637,0.00737611177461206,-0.015261491991636955,-0.00016541533431713162,0.00012386597405678046,0.001971203358507756,0.0001534562917062665,-0.002297335403116052,-0.0007036879603236068,2.7830723942079416e-05,-0.00011336235838810271,-3.119871969525789e-05,-4.6337061643364486e-05,0.0005101250155425952,0.0011678353213253612,-0.006883144527678242,-0.00020964181317162378,0.0007311896157042863,6.764910146395131e-05,-0.006389899919650777,0.000263259346631628,0.0035404570195585183,0.0006061808682025216,0.0003521100681589395,0.0002199458589147163,0.00011139587191344447,-6.553985876067703e-05,-0.012211727985117826,-0.00481996552799191,0.0002033740335842804,-0.00010923984252109165,0.0004014456311898229,0.0005543463366159962,-0.0008042335315678883,0.0014473438899469393,0.0006507688175561022,0.0006021496720096664,0.0006386672217546518,0.00041091018971162185,3.924132545418679e-05,-1.9299411661677368e-05,-0.001183048968506517,-5.2517418991038234e-05,-0.000817229963022581,-0.028557256175344436,0.00022248845601224865,8.482553833344397e-05,0.0009642013503348146,8.083523005630866e-05,-7.233841602216629e-05,-0.0002051030902089357,0.0013463593552236475,-0.0021930766904565413,0.011443734147086992
-0.008875904785303645,-0.00017876572335395746,0.00047978331246811834,-0.000107432529374063,-6.026631108646541e-05,2.3206082437443598e-05,-0.00038048945281232704,0.00031627226639385775,-0.0009109467543457761,0.0006475301604742523,-0.00017278525571839953,-0.00015325885568384656,0.007174996829870217,-0.015299693813480286,-0.00016781050106839945,0.0001296321012633772,0.0019541051650628916,0.0001567889438034431,-0.0018704637421266268,-0.0007216908966480862,2.205918093234338e-05,-0.00026145146875522496,-1.1581039820351968e-05,-5.826486893922844e-05,0.0005530792431287512,0.0013268350666955087,-0.0071454637357897255,-0.0001329736776636281,0.0008288080651321916,8.373680631401648e-05,-0.00706148173241361,0.0008628328764452853,0.003123464520877972,0.0006206739899767832,0.0003534529382587248,0.0001875136667586208,0.00011181737511534173,-3.820548469601892e-05,-0.012105253478639999,-0.0046209109410785265,0.00021389613465983004,-4.8783070110580695e-05,0.00042912386719873297,0.0005537289614652163,-0.0007641750792403146,0.0014394659261571796,0.0006229765791940789,0.0006293352484492143,0.0005960746640287784,0.0003957120904973799,1.6814869030712387e-05,-8.88144613586661e-06,-0.0011766601611937766,0.00018025008885791394,-0.0008626692581303885,-0.028761247869218298,0.00024161097226715889,7.131605578769573e-05,0.0008598585320984675,7.589319339862399e-05,-7.790510169503051e-05,-0.0002529022800410452,0.001316381872291883,-0.0019969254941747394,0.010637728159968107
-0.009025791282531004,-5.6552164196199683e-05,0.00049980301129815,-0.00010103080564838329,-6.842004006157865e-05,3.930560495502e-05,-0.00034254635229113983,0.00034726996197287363,-0.0008799790939399976,0.0005883302029363602,-0.00014302572152458115,-0.00014355158462431294,0.0072508135000646234,-0.015612198437611191,-0.0001439732903149027,0.00012502424318650007,0.0019011290978356854,0.00014637123505867322,-0.0017743350599392915,-0.000736482662875293,1.809959391141369e-05,-0.0003342515153015313,7.208399246172448e-06,-7.009813206293458e-05,0.0005799440355391816,0.0013995983507697485,-0.007311969559749665,-6.243598667465822e-05,0.0009252549861913373,9.622595655556232e-05,-0.007411711095274831,0.0014496963864190082,0.0022157008348149265,0.0006220490673436441,0.00035499381858561385,0.00016707085336453709,0.00010075186759972432,-2.0489288672376205e-05,-0.011973634605662253,-0.004631465610010377,0.00023061326441697894,-2.654862229800603e-05,0.0004364244970191944,0.0006244219580013866,-0.0007399414660834713,0.0014069758258274945,0.0006119047160193514,0.000658265144879655,0.0006285000808388119,0.000412165936445108,1.071670296282079e-05,-4.053523144142979e-06,-0.001142667885914883,0.00040274664506023683,-0.0009341505049441645,-0.028457282977247034,0.00026615521107897777,5.553878808228774e-05,0.0007547491785901972,7.835362115882205e-05,-8.228639875629273e-05,-0.00030847065115369166,0.0013154015109639872,-0.001750988512855045,0.008770963467735982
-0.009165597315225371,0.00014382169617510598,0.000509030572769964,-9.094212539784152e-05,-7.555741909526237e-05,5.235447393170389e-05,-0.00029652578657446416,0.0003756882011625162,-0.0009305124677567722,0.0004749584648895411,-0.00011866373835656141,-0.00013762521699400843,0.007215807008772668,-0.015830059914870853,-0.00011968042825682979,0.00011022357880685618,0.0018716916752952173,0.00014663343917664662,-0.0014618325823375633,-0.0007282450652335015,2.2550837215584707e-05,-0.0004382285409770814,2.3345881026370918e-05,-7.292346326803756e-05,0.0005640285408350376,0.0013183068620448157,-0.007620107974559254,-1.3876311695915078e-05,0.000993356182468652,0.00011667575713558698,-0.0064073411055795,0.0018671175333837553,0.0008084999519604175,0.0006129791445623756,0.00037071417342215973,0.00014685644272671716,7.94855756673929e-05,1.0977197314687714e-05,-0.011846647197901072,-0.004717174200104646,0.00024998384509600236,-1.9640562192835276e-05,0.000458944925641136,0.0007749622083863539,-0.000719565105205322,0.0014290077123249034,0.0006239005764996364,0.00068267795547583,0.000745394261531418,0.00041669083247986016,1.015901590561974e-05,-4.750692360389053e-06,-0.001144577211384279,0.0006481697264097974,-0.000951529059173839,-0.027552614612265214,0.00029973796211169024,1.9566123810932368e-05,0.0006611553464892506,8.315835333139177e-05,-8.456769940834441e-05,-0.0003430643157382729,0.0012855538783851372,-0.001494855875932788,0.006904198775503634
-0.009229833430137946,0.000210115589131199,0.000519642809682308,-8.923854108733309e-05,-8.373089372015752e-05,6.21437571064476e-05,-0.00029520089846402087,0.0003964846428294866,-0.0009862573621225446,0.0004336228334083092,-9.118671808250323e-05,-0.00014093158337891154,0.007375109613708686,-0.01604481910494404,-0.00010655794380443062,9.167310026225728e-05,0.001880082020424112,0.00016486341815014072,-0.0013693119604584192,-0.0007419030574559171,1.7594832484313372e-05,-0.0005129060472442992,4.16566994447809e-05,-7.113092959987188e-05,0.0005386801909523786,0.0012958675985876855,-0.007697270163201875,2.8129186561365316e-05,0.0010635639143403708,0.00011940509862240489,-0.005024476344566042,0.0022758350471223654,-0.00037537687095845484,0.0006138933406645286,0.00039409171770943274,0.00011301593057910786,5.125534577299362e-05,2.233997696077239e-05,-0.011658249108690844,-0.004850091851901439,0.0002728697251179746,-5.649076455727098e-06,0.00048177928274228954,0.0009628713471185879,-0.0006966603825703244,0.0014181658458591873,0.0006162416577268903,0.0007041208713494118,0.0009088978760758426,0.00045044020984463806,-1.877349530576833e-05,1.774175278113077e-05,-0.0011085526373978416,0.0009718214075711273,-0.0010776289951129892,-0.026543145476262797,0.00033565060589224593,4.378470131838341e-05,0.0006026783082377918,8.09145101583475e-05,-8.189273179293188e-05,-0.00026667618801723414,0.0012570777650531273,-0.001208990093172102,0.00503745061706673
-0.009170577990664786,0.00015135115443620784,0.0005200964279157283,-8.655214140262935e-05,-8.910931799321897e-05,7.064141921753198e-05,-0.0002850449866828031,0.000414838280999863,-0.001052806669016304,0.00032282097158931045,-6.370238745878609e-05,-0.00013943999075249902,0.007498529262080389,-0.015956360124796398,-0.00010059674893414527,6.75242220729011e-05,0.0018199777887750734,0.00016005752815506646,-0.0013447208180165093,-0.0007086877865387642,1.4023040720623214e-05,-0.0005612126842587939,5.701178413008989e-05,-7.678751183270993e-05,0.0004518377739233248,0.0012171956413438156,-0.00767745786944507,3.8131405170727106e-05,0.0010699444267516789,0.00012122763842881135,-0.00411178199969664,0.002317735224909745,-0.0017547260970414147,0.0006114537237829065,0.0004216062424837741,0.0001018560688657022,3.379616078347247e-05,2.3673059974749222e-05,-0.011414950081270137,-0.0049386464758400805,0.00029342906608498254,3.643456405022505e-06,0.0004943276460758206,0.001170634526191927,-0.0005906391776229203,0.001368239523152015,0.000570939812707838,0.0007330994445304828,0.0011240266806862298,0.0005115855715773776,-1.949161753622697e-05,6.147425580915744e-05,-0.0010825121002440152,0.001353007613513979,-0.00108228152155887,-0.025526050830034674,0.0003794660340130651,7.498757507473641e-05,0.000575151939929075,9.149938079300313e-05,-7.930023237501249e-05,-0.00025203230065451443,0.0012339471606004349,-0.0009940557194617616,0.0047925520410712075
-0.009255809129649295,0.00012215215215172215,0.0005223299269183634,-8.725013831223372e-05,-9.352603726375808e-05,7.264983658417101e-05,-0.0002617147358686678,0.0004280214998366727,-0.0010442575815478028,0.0002728514381222791,-4.360280935244987e-05,-0.00014157836672523683,0.007586148530296599,-0.01583051120570267,-0.0001019632862206965,3.672839787705051e-05,0.0018292229125895787,0.00016859451735173892,-0.0017181889626209923,-0.0006925650928486515,5.637487986431822e-06,-0.0005369311945614408,7.318326908078987e-05,-8.041338365827322e-05,0.0003294322759885837,0.000991492913645864,-0.007549884046542554,2.5352172090986613e-05,0.0009946898555068806,0.00013143833155226936,-0.0024614519208927543,0.0018816222496980117,-0.0031750940560566487,0.0006032238628992381,0.00044360522759734344,9.13079516406956e-05,3.1799678126276376e-05,2.818291480988222e-05,-0.01115079302278077,-0.004994125098790381,0.00030867655622324186,3.0348942760216602e-05,0.0005177113154786195,0.0013891893363524588,-0.0005247284615997883,0.001295665637524701,0.0005530499778449993,0.0007665542455732588,0.0013477138650799247,0.0005584871904993349,-7.90765032088192e-06,0.00010281626013441958,-0.0010624782283180645,0.0017694027411330193,-0.001088680295465494,-0.02531573626983208,0.00041789418975857195,0.00012019688628872593,0.0005792454248996215,0.00010838593810613695,-7.706346784386309e-05,-0.0003263392972997492,0.001216875623327729,-0.0007534202808762158,0.007134216935728466
-0.00924788760258144,0.00011014864240177502,0.0005164397058992076,-8.549848121852666e-05,-0.0001019781704633127,7.171666419636402e-05,-0.0002531003494885553,0.0004311180885248067,-0.0010641245325840876,0.0003799907743478048,-2.449586822506067e-05,-0.00014270289202378272,0.008007679894364461,-0.016190970971127316,-9.36522675291096e-05,-1.3273489518628168e-07,0.0018389211276101936,0.00012811632680409524,-0.0017069052157695497,-0.0006661057890117172,4.180904277228947e-06,-0.0005390696553304597,8.703173860924451e-05,-7.614922815546432e-05,0.00015034388331458537,0.0006600526864992684,-0.0074504961129853164,-1.613910478537317e-05,0.0008615772713553849,0.00014150277209212803,-0.0005555837766300087,0.0010914206491203782,-0.004489066131156627,0.000604625579953666,0.00045557330287793185,8.916976622130868e-05,4.731237453303727e-05,2.5072701692385735e-05,-0.010877796336612011,-0.00501642538446323,0.000317833490069086,6.502609909975199e-05,0.0005323221013693313,0.0015640926684810097,-0.00034749663696997946,0.0012378589597241696,0.0005741502029612544,0.0007897077993985757,0.0015699088585310328,0.0006111890515267948,1.240795991308552e-05,0.0001241666876159453,-0.0009960607372959673,0.0023376068086333746,-0.0012409738398622139,-0.025188501993604895,0.00046134641735107174,0.0001837962673543192,0.0006280231185349372,0.00011828737398777989,-7.702595507230736e-05,-0.0002979120289156034,0.0012057946206578407,-0.0005306298331348991,0.00949145666555884
-0.009281880886626737,0.0001310263684475288,0.0004954223789273016,-8.638878271360895e-05,-0.00010732757322262643,7.108730754334935e-05,-0.000233981850059517,0.0004397808778637824,-0.0011100694952567158,0.00040197577506506654,-7.67620987840445e-06,-0.00013689772609026818,0.008487688559240425,-0.016414401021354275,-7.455442288073488e-05,-3.2297994137286956e-05,0.0017769917582537431,0.00011241477357848417,-0.0013380728549159393,-0.000627357056537936,2.686759867254196e-06,-0.0005659572567671134,0.00010692727881567166,-6.816629037265098e-05,-6.0142807737251225e-05,0.000568422319343842,-0.007379278958878022,-7.961208552087484e-05,0.0006634396306752777,0.0001455128788132587,0.0002225212623025996,-0.00014491676091010763,-0.005574440986060414,0.0006075541011218988,0.00046655684427165944,9.660018668156134e-05,7.297444948872744e-05,-5.880989574325035e-06,-0.010679089731137736,-0.0050748878623467775,0.0003126616188582343,8.302384098812787e-05,0.0005562265043270731,0.0016665155593973413,-0.000272119273791005,0.0011976807853029126,0.0004889132360434978,0.0008044723577966817,0.001787481643513722,0.0006756782218935165,5.318282293220733e-05,0.00016200829331070032,-0.0007738093157094728,0.0029332361800962214,-0.001223984500026476,-0.025051686983198374,0.0005073151581216351,0.00023534112149925512,0.0006968599131471631,0.00012569429837760993,-7.680665885301252e-05,-0.0003192495216987057,0.001226932766970501,-0.00032520388532852884,0.011817563258837982
-0.009345895881724076,0.00010180721790065128,0.00048586076203371853,-9.117875002229159e-05,-0.00010595760776999086,6.874780849530637e-05,-0.00021045983484102582,0.0004486300814281474,-0.0011174498396077093,0.0004304815145630414,1.7628622788867787e-05,-0.00012807421448002287,0.008612085146864956,-0.01650092762764732,-6.51382773373399e-05,-4.717364958084502e-05,0.0017025781380390903,0.00010311080868197209,-0.0006739137944089535,-0.0005747356405393367,-4.033396325375804e-06,-0.0004998949492255322,0.00013195136049315437,-5.3163827415048104e-05,-0.00026478017149689226,0.00038822264892957037,-0.007536320666041929,-0.0001576850014999298,0.00042527241349943345,0.00015687042916967542,0.00200743020436267,-0.001602767917304293,-0.006322701248570373,0.0006076168332889154,0.000483776710241246,9.904328814358543e-05,9.440052314890757e-05,-1.246673782340224e-05,-0.010564133686027155,-0.005189738079316997,0.0002975532440092632,3.427852720294666e-05,0.0005851167835901894,0.0017296885110527072,-0.00022506822583179265,0.00118031323711687,0.0004433255322890961,0.000811094668239809,0.001975203162104311,0.0007464236473031516,9.734042616726946e-05,0.00016949994549531056,-0.0005282867634381905,0.003408713176642708,-0.001228509002811351,-0.025071076645706403,0.0005567393522756259,0.00028577363027548763,0.000777053043875986,0.00013793083531821182,-7.973350863210715e-05,-0.0002822180316366385,0.001226400735639066,-0.00015171012535408757,0.012242084986981316
-0.009436884839376436,-1.5127758848931805e-05,0.0004694128322308977,-9.355930780652333e-05,-0.00010384090468740226,6.45317252057076e-05,-0.0002063360863714392,0.0004571125813224164,-0.0011234019070326395,0.0005525936012975574,4.7216749271106195e-05,-0.0001277291136436709,0.008407327685074684,-0.016495673212938544,-4.786007522572522e-05,-5.6499254569519763e-05,0.0014667522144220513,0.00010961880051940653,-6.69488834208476e-05,-0.00048557571353369244,-1.035540277605218e-05,-0.00048098141798180727,0.0001493489728292552,-2.9030442469379913e-05,-0.00043808005182277565,0.0001386650476686846,-0.007884708794304696,-0.00022632668735311778,0.00017921875812576538,0.00016257564711597006,0.0030931846395283458,-0.003170829910092099,-0.006649772774541041,0.0006038709704598855,0.0004911269085121628,8.755986878017374e-05,0.00012938778031212905,-2.7501572581245526e-05,-0.010413358698762143,-0.005473755163128979,0.0002854178433233656,-1.209002156499217e-05,0.000586577113837361,0.0017310330462403378,-0.00024087022979424333,0.0011694561976627327,0.00037127068952491626,0.0008100176502856549,0.00208880822854951,0.000797970056661601,0.0001520543424546883,0.00017664499170688686,-0.0002673920336636604,0.0036161959586880066,-0.0012606567460846652,-0.025085717055647216,0.0005962278488083061,0.0003283663722870589,0.0008418807896062308,0.00014958697926381603,-7.81419038744513e-05,-0.00027364167269605666,0.00123924618302107,-7.070531757358278e-05,0.011005886179931146
-0.00948998014468394,-5.8200487445758675e-05,0.0004641007541756892,-9.816381693450449e-05,-0.00010084066794768809,6.009657123517975e-05,-0.00024408975850986891,0.00047376503656648694,-0.0011763447313259956,0.0006301709882550188,8.077408153450705e-05,-0.0001287361802043696,0.008427407781429919,-0.0167122652490157,-3.446449162980425e-05,-5.634708984780801e-05,0.0012283260929446538,0.00010437427991427661,0.0005343413818326148,-0.0004312770089904827,-1.1003182574742532e-05,-0.0004743848597454914,0.000173562147979478,-1.3005868407356402e-05,-0.0005623498148452644,0.00012211465558564782,-0.008270886156848345,-0.00027327234073437623,-3.916856990549e-05,0.00017036174942619553,0.004000597815910556,-0.004562669850708967,-0.006542164364743863,0.0006067131589202468,0.0004945111610392683,7.106578533866426e-05,0.00016496493849360583,-5.555572238913342e-05,-0.010323743734589108,-0.005643777684644302,0.0002745932825516384,-7.537974986482343e-05,0.0005974113984927865,0.001727381794350169,-0.00028151405429488463,0.0011836450637119356,0.0002936207673269742,0.0008094201043040705,0.0021183661728891856,0.0008165478797910186,0.00017732221465993625,0.00020283217583383362,-6.5344310411386e-05,0.003382734785530195,-0.0012669266686549108,-0.024925185806021988,0.0006189753900556205,0.00037350097022370576,0.000891200720057217,0.00015733517354132864,-8.664647601819286e-05,-0.00023340157368101355,0.0012535739265755463,-0.0002117309226593589,0.009769687372880753
-0.009551320642012584,-0.00015660782451398791,0.0004677427493589015,-0.00010158557955930458,-9.390192403180286e-05,5.7136540337010544e-05,-0.000253626011814001,0.0004915038070036903,-0.0012836502169586428,0.0007010001261593679,0.00012094124068928735,-0.00011558498900998693,0.00839506315431704,-0.01680478581249356,-1.5844078631310765e-05,-5.42759510074875e-05,0.001094315572924165,0.0001295353574222169,0.0009916817142010537,-0.00037854732966291493,-1.5340020666498866e-05,-0.0004689977214565877,0.0001956588518041702,1.2336082819697225e-05,-0.000612440233403122,8.886162775767481e-05,-0.008791089162354382,-0.0002966095141798686,-0.0002154724428079513,0.00017683984123695318,0.005504289521713224,-0.005706707354677154,-0.0060894225243594,0.0006152891261435034,0.000508798720711523,4.87836897029581e-05,0.0001897623526350145,-7.663765077392526e-05,-0.010126226240755432,-0.0056288904671284445,0.0002581278540212395,-0.00014577408558680283,0.0006012443276421919,0.001628450076315735,-0.0002495943866798189,0.001235704058563103,0.00029671480142190454,0.0008108880910471239,0.0021171263810781937,0.0008092180306211727,0.00018422309975307805,0.0002269518257207448,0.00010913603200712885,0.002989833252140972,-0.001311749626349723,-0.024866214095923822,0.0006316952349143534,0.00041906569270810934,0.0009179160086711935,0.00015522870943529554,-9.100704746078936e-05,-0.0003390415099404631,0.001280678376042621,-0.0002674033667986464,0.008549807421792455
-0.009569417932520752,-8.505787379975427e-05,0.0004736227640120827,-0.00010619400283928826,-8.957109068608027e-05,5.2914124745839786e-05,-0.00026250639830427414,0.0005078960092741447,-0.0012664225153987685,0.0007738306466922307,0.00016626261045926682,-0.00010283445820236103,0.00809106143519589,-0.016677822396655162,-1.047794316300088e-05,-3.596102648883992e-05,0.0009230838139178132,0.0001264797928468564,0.0015103101247200268,-0.0003330176375488936,-1.9938961622556484e-05,-0.0005021199092345441,0.0002180166105802961,4.3081639985675935e-05,-0.000611684571232396,3.2238433838038816e-06,-0.009249608044275659,-0.0002833868535313533,-0.0003319071510808902,0.00017993500242030613,0.005981064151761695,-0.006397399785592062,-0.0053896490918080575,0.0006315460425481145,0.0005101660417967668,3.2250824138380096e-05,0.00020816037984650038,-9.054327831514719e-05,-0.009939994912272598,-0.005585351628615953,0.00024888570003711585,-0.00022252905816366741,0.0006123474526422701,0.001518163382301596,-0.00017691907123884576,0.0012808950279843412,0.00030557087387594883,0.0008132938826295177,0.002049534775681927,0.0007573822532080943,0.00017833352883167564,0.000243667470618103,0.0003258373519934299,0.0024662313412193715,-0.0013223530360284563,-0.02452586661374212,0.0006362832151189934,0.00043708819555776657,0.0009041758340506689,0.0001483206903267753,-9.1645468412338e-05,-0.0004671993746083736,0.0012955592007943828,-0.00020236989816280193,0.008172555814414117
-0.009616241655442503,2.0348287439464485e-06,0.0004993243186011131,-0.00011294857864363461,-8.101413716687933e-05,5.289342687819776e-05,-0.00027666010486082637,0.0005393121578993743,-0.0013180462555866246,0.0008350033429256332,0.00021127321897584928,-0.00010572257229235493,0.007940251022096723,-0.01665181511022784,7.790095789550477e-06,-1.2488633649332392e-05,0.000809796461319845,0.00014343478828382494,0.0020552410061287496,-0.00028483236697141034,-2.017728869052604e-05,-0.0005406289709798395,0.00023534242896605662,6.663759241254397e-05,-0.000551470245121144,-0.00018135876988967237,-0.009686266234942731,-0.00024571799154760043,-0.00038061430595315304,0.00018397261199853965,0.0054640628788071854,-0.006655991449223575,-0.004591542603704979,0.0006487545889513058,0.0005100859500604127,1.7705253795963216e-05,0.00020984454486638882,-0.00012101087470062222,-0.009687320216791084,-0.005505118597146308,0.0002451373383234312,-0.0002140804501628013,0.0006187069849172833,0.0014464627620309756,-0.00020273319716956895,0.0012767984558279544,0.00033909122464481634,0.0008223830847402525,0.0019669590284139282,0.00069572996067091,0.0001758043381390184,0.00024135838959704614,0.00056612943901313,0.002130263256808762,-0.0014424708439849665,-0.02483417398590282,0.0006353674720269709,0.0004365758759399263,0.0008706576561334778,0.0001489789463759994,-9.248520041849062e-05,-0.000587423991696423,0.001310194449138491,-0.00012288060108700538,0.007941347220927764
-0.009633019812642418,9.144487308088145e-05,0.0005265099812394869,-0.00011613469854543368,-7.710944250338692e-05,5.2804084168744936e-05,-0.00029614746594541774,0.0005768717627308018,-0.0012883864311192816,0.0008560996893416384,0.00025731608599555145,-0.00010369786531094771,0.007654818266538577,-0.01653451031893116,3.2708245869095265e-05,8.698987154609483e-06,0.0007450021791630679,0.0001429775660606314,0.0023670169420373366,-0.0002460972297252395,-2.17674373638177e-05,-0.000545170214106161,0.0002472038030072454,8.854764208932053e-05,-0.00044307415558231256,-0.0004536218080387622,-0.010124734934183421,-0.00018605384991243756,-0.0003698804356645491,0.00018848613195832087,0.0061356164640873345,-0.006493539906233026,-0.003847563429876577,0.0006541550467480395,0.0005077683997591897,4.643706975837603e-06,0.00019785487362145027,-0.00012799009560537922,-0.009504233079485225,-0.00539255543594841,0.0002548064155074581,-0.00019487254995764758,0.0006298787739553724,0.0014053455160984996,-0.00023895060922862754,0.001263925800214949,0.00037690130059031546,0.0008334911760061736,0.0018735503795057618,0.0006177431861926763,0.00016528348875088916,0.0002489940864844886,0.0005902770349357489,0.0018940924887744792,-0.0015099523638273382,-0.024918896016973502,0.0006440544316324015,0.00043657174264244425,0.0007832856527001386,0.00014204400335726675,-9.455872074781713e-05,-0.0007321731393684638,0.0013057321508342934,-1.203234646141027e-05,0.007709378072857431
-0.009614198677624142,0.00010257923751244569,0.0005481864487548727,-0.00012039456051804454,-7.01649126529924e-05,5.545721738720033e-05,-0.0003068757987817472,0.0006086122435924324,-0.0013225187159999763,0.0008123655836456134,0.00030173371378117153,-0.00010024776929329349,0.007481492990921268,-0.01641505314394931,4.7483050736207844e-05,4.219975634889295e-05,0.0006170194281811536,0.00015014836662330389,0.002751519153713078,-0.00021909894309068978,-2.2020908855280297e-05,-0.0005252400194338813,0.00026024331099594455,0.00010600112282488361,-0.00028632170047859784,-0.0006105063129387966,-0.01078332596512821,-0.00010331197257174018,-0.0002916117578156685,0.00019646386260174786,0.006146862089689842,-0.005886975845060594,-0.0032850051125495883,0.0006610477043134111,0.0005113213457625942,-2.3385999220026932e-05,0.00017463428672392922,-0.00010719473870812735,-0.009459943470961685,-0.005361823404505306,0.00027135699447145,-0.00016468429614746594,0.0006411824087855234,0.0013471721383733204,-0.0002515527579027843,0.0012910512808226304,0.0003664428071796788,0.0008533604544624929,0.0017715681165091368,0.0005737678797059775,0.00017982963378604389,0.0002525199393106359,0.0006058134729105547,0.0016766162929613415,-0.0014945779666499792,-0.024991709738426238,0.0006373998917537094,0.00043111814426044504,0.0006776381812108045,0.00013606559751644376,-9.540656928952451e-05,-0.0008587181181791692,0.0013202498895092951,0.00014424878098995286,0.007474317105065742
-0.009517619722400172,0.00012822979833049253,0.0005797449565541068,-0.00011789067331269276,-5.865573952934522e-05,6.492304795591153e-05,-0.0002910161453624216,0.0006485143460868148,-0.0013862172958634122,0.0007186263254825853,0.0003434969849955838,-9.412080244419752e-05,0.007296103642516094,-0.015858845647266584,7.32400565810476e-05,7.376368737221917e-05,0.00056425292581741,0.00015552510175065315,0.0025715014289064975,-0.00017396086150678336,-2.484648206679818e-05,-0.00047903767962276245,0.000270950146866733,0.00011182807292553498,-0.00013172287283236273,-0.0007721799752825609,-0.011513635000299338,-1.026490938438318e-05,-0.0001490235713285104,0.00020707627972793574,0.00628580681183033,-0.004883668759829929,-0.003018939151314348,0.0006643950407720922,0.000510906330495775,-4.107945125886303e-05,0.00014920395340634052,-0.0001197031170820928,-0.009405232310405798,-0.005217667329410203,0.0002822043484589365,-0.0001173951797869277,0.0006489810509091587,0.0012606940735482297,-0.0003198921120529663,0.0013127485700863417,0.00038640625854213795,0.0008758847237495537,0.001690823076313741,0.0005144790753275341,0.00020997827484436904,0.000240203453359511,0.0006569044114346223,0.0015494880303768,-0.0014182296037428266,-0.024998492462015465,0.0006343343755106368,0.000442045588950446,0.0005623479355048033,0.0001263106247249013,-9.693879754424373e-05,-0.0008994947282603416,0.0013202864937793546,0.0003104126878661351,0.007474317105065742
-0.009446434053421826,0.0001707635098731064,0.0005955370478722966,-0.00011365890984127436,-4.6417462100989404e-05,7.442832067861005e-05,-0.0002711967245372371,0.0006853653238383384,-0.0013998884741961426,0.0006250743683819948,0.0003796880563600169,-8.713756350187118e-05,0.007227476587084558,-0.015766290399323535,9.800396200465578e-05,9.676134241232148e-05,0.0005415550788712142,0.00012161521200981795,0.0022726123075567095,-0.00013817518622805114,-2.0996889721458523e-05,-0.0004001938538821248,0.00027938458819143364,0.00011790736505434829,6.144158140042322e-07,-0.0008910270171834656,-0.012298855599523262,7.630160522054119e-05,1.3874594927854034e-05,0.0002125613757471001,0.006256880314742919,-0.003732981968930571,-0.003114203249473868,0.0006804439957461828,0.00050957339551716,-3.951955191694445e-05,0.00011098663885200644,-0.00012682370205463478,-0.009522950904386707,-0.005167241209332207,0.0003033177945861443,-8.391265038254492e-05,0.0006486653714354862,0.0011635638149216643,-0.0003005660521507858,0.0013669924584323034,0.00040753538589854976,0.000902578808527732,0.0016552720827474054,0.00045037481978682514,0.0002679733382469074,0.0002518033922265239,0.0008285895559285716,0.0016225164467813524,-0.001591348719479746,-0.025102726131121078,0.0006399249645963057,0.00045196457879370655,0.0004574055473067773,0.00012478401662674443,-9.796598858280436e-05,-0.0009629120168748173,0.001345529653085098,0.0004663329528522553,0.007474317105065742
-0.009525776522388951,0.0002950173357638697,0.0006174494802153596,-0.00011347221419633069,-3.581012945452766e-05,8.514336610110362e-05,-0.0002515988428195559,0.0007261756409364661,-0.0014779151764034992,0.0005086477305176196,0.0004081777028506206,-8.211441870820124e-05,0.0075365139713283735,-0.015710740384787925,0.00012721341875887582,0.00011338293027240987,0.0005549860025872988,9.483307389168694e-05,0.002236662977516124,-0.00011841291415970456,-2.0753883374635684e-05,-0.00041378340317632656,0.00028584269970899356,0.00012412802176609006,9.63932823905278e-05,-0.0008437261235569871,-0.013195059567180256,0.00015268482623587154,0.00018669968629225764,0.00021142232552029405,0.0062349454525167936,-0.002557049922080945,-0.0035846250977372707,0.000697608191575938,0.000517737907284932,-5.058362126963978e-05,7.35505855271601e-05,-0.0001325454343422683,-0.009644004480883095,-0.0052965193141659705,0.00032679101464583304,-5.439569418186352e-05,0.0006541711474876699,0.000991270688603496,-0.00029486664107869487,0.001454230170115256,0.00038693676885848127,0.000936577425748153,0.0016915644997259616,0.00040192689900342415,0.00026804571399585697,0.00023835167980523764,0.0009634013863584201,0.00170226873723478,-0.0017022231215885197,-0.024980876684721598,0.0006524901009212769,0.0004540171883189448,0.0003846666663620546,0.0001256848116144571,-9.845386426765579e-05,-0.0009905458749008833,0.0013386878362147137,0.0006791494402440534,0.007474317105065742
-0.009559791884480084,0.0004481482145282101,0.0006381867148355092,-0.0001155891652619978,-2.852426007049491e-05,9.229145648692594e-05,-0.00021229876261175118,0.0007596179071618359,-0.001590016631144997,0.0004488844593926178,0.00043295830348633046,-7.908816603086066e-05,0.007592125081636869,-0.015415095638430576,0.00014690379989978908,0.00012849551572435836,0.0005085781425766545,9.944301872910621e-05,0.0015343456451004656,-6.674910067516748e-05,-1.6394360264238017e-05,-0.0003520463715034339,0.00029296770332098987,0.00012856669670013865,0.0001260133712599476,-0.0007837116638599317,-0.014094267760123791,0.00019369099802268863,0.00033383144453358327,0.0002097597104659954,0.006886343920819105,-0.0015742831726380802,-0.004363340165706275,0.0006971109243973928,0.0005136676224082315,-4.825395450192005e-05,4.20148088489114e-05,-0.00013200459079132365,-0.009796172827293392,-0.005355162840973371,0.00034628953008852825,-8.447535871480838e-05,0.0006569531666591466,0.0008636896799725235,-0.00032781988362085013,0.0014925592270866872,0.00035861732692721304,0.0009740602278920374,0.0017668638617476251,0.0003767872126030358,0.000280213915095473,0.0002451143258810351,0.0010324590652639465,0.0015675854476906448,-0.0017497293736260522,-0.025030161490875225,0.0006675001143512382,0.00048551943838770484,0.00034707923340371316,0.00012257549523786437,-0.00010115382542230655,-0.0010837705576108858,0.0013516642105459997,0.0009191537533124183,0.007474317105065742
-0.009598319771616737,0.0005007621952128893,0.000650900792159792,-0.00012187797040386084,-2.1711827088655156e-05,9.996506052001308e-05,-0.00019925593011149711,0.0007854194994911801,-0.0016835906428639413,0.0003297214412205651,0.00045232678950823946,-8.172477665757683e-05,0.007839962722510752,-0.015295158806838183,0.00016623585848440925,0.00014927577443968332,0.00032277028472571523,0.00010495901397633567,0.0006476827682562192,-4.432671840082225e-05,-1.2938712633969729e-05,-0.0002597847229006689,0.00029501348967997387,0.0001358838466969381,8.397738121912468e-05,-0.0007098686859065007,-0.015058356843668408,0.00021253873908833043,0.0004297380877649193,0.00021119425788329593,0.006281673594034087,-0.0009786163695159056,-0.0053262277278044445,0.0007186896371140783,0.0005117907395320032,-3.4718993565219236e-05,2.5639257892118295e-05,-9.187631042406608e-05,-0.009859415356035961,-0.0054855294340315774,0.0003566734638495994,-7.502700494932402e-05,0.0006596102814853122,0.0007256209858137463,-0.00037510752806724224,0.0015444133108128977,0.00029160113983062175,0.0010050371939680502,0.0018716672312675264,0.0003445242025270634,0.00027565231922177524,0.0002504299379777475,0.0010267894919993026,0.0013984763904468789,-0.001826014759297112,-0.026503850424161923,0.0006847940070451308,0.0005164307664240475,0.0003485459703864713,0.0001222309437654001,-9.98223541406329e-05,-0.001058456311727185,0.0013874174873160783,0.0011807759238449123,0.007474317105065742
-0.00961022131563194,0.0005803401351893722,0.0006469138112068507,-0.00012609690191212053,-5.9313024769469536e-06,0.00010349784470697898,-0.0002197673877912809,0.0008095981655180662,-0.0017649639225382208,0.00024461223849914226,0.0004637684148915966,-8.58677646001782e-05,0.008002255382558499,-0.014703891771076116,0.00018348019806202487,0.00016810486578311412,0.00026128010707271443,0.000123683684944087,-1.759038534054902e-05,-1.4714160136208854e-05,-1.205312744412268e-05,-0.00022665217702100282,0.0002999028317254293,0.00015257005698132708,3.3982612408500756e-06,-0.0006405341878453763,-0.015961676591331297,0.00020609453755726648,0.00045489052985181466,0.00022498014403815603,0.005800789508867865,-0.0008595528069199609,-0.0063121425188220615,0.0007402377068543853,0.0005143050174516439,-3.7088510644101014e-05,3.0308430442049783e-05,-7.878333537914006e-05,-0.009835530999468656,-0.005419449881215677,0.00036388406620413427,-8.030987692497771e-05,0.0006666976650679945,0.0005974768351568738,-0.00041130424015711764,0.001552787924741672,0.0002748952316609099,0.0010321807762452284,0.001995303609686694,0.0003314674572265641,0.00026676395260638586,0.0002695750670904662,0.001218836193165318,0.0015006420300531786,-0.0017829465918567378,-0.026456046351547524,0.0007063822707571443,0.0005170283854443181,0.00039039703173715523,0.00011944726500034974,-0.00010605848929390316,-0.0010217427964199777,0.001426719803534926,0.0014320901838911215,0.007474317105065742
-0.009536428101657335,0.000734315097866256,0.0006258198128827885,-0.00013180895470799037,-3.083597058028964e-06,0.00010111550157754223,-0.00022442577886616633,0.0008238118937591299,-0.001953222465938098,0.00018019446929984362,0.0004781185885576189,-9.6039607074494e-05,0.007812527523320512,-0.01425794373031486,0.00018258595402254052,0.00018337288984660027,0.0003468953282497189,0.0001462722090113111,-0.0003884730649393875,-2.404436090130968e-05,-1.1522756449222626e-05,-0.00025118017963943196,0.0003046290165584775,0.00015967347833600876,-0.00013544435820345146,-0.0008346075754037674,-0.016724361789092757,0.0001807867162748611,0.00042090093624591596,0.00024265225517083877,0.006154565290270142,-0.0011017341641489375,-0.007152222815061893,0.0007481138320930558,0.0005334269705605799,-2.680938732657623e-05,5.742251354612371e-05,-6.723739839908927e-05,-0.009801649625945763,-0.0051934817133822975,0.00036284440282075003,-0.00013258647924518918,0.0006676722191345519,0.00040903623546961754,-0.0004911268572967975,0.0016110923978118752,0.00023943839900408825,0.001053064283234928,0.002116144184715063,0.00030610785918661065,0.0002761663499872835,0.00028332035803790845,0.001401751282069874,0.0014063662311072367,-0.0016354207981559288,-0.025831973633184013,0.0007301561538599621,0.0005381707780354184,0.00047516199148023297,0.0001145159979070165,-0.00010616923059003636,-0.0009509403557990126,0.0014802022410831395,0.0016060432677735825,0.007474317105065742
-0.00947065143418957,0.0008417706085899201,0.0006119848010941453,-0.00013399122234802885,8.693198505271837e-06,9.556709197866553e-05,-0.00022066302234047264,0.0008248019193681788,-0.002142660985605005,8.593844073589985e-05,0.0004997579661858431,-0.00010673085531542892,0.007582236337577042,-0.013912839363424134,0.00019512252172626532,0.00019848917621789752,0.0004622547790535947,0.00020011965760424744,-0.0009195994336094193,2.099329726945598e-06,-1.2086356648954855e-05,-0.00022943417825693757,0.00031711978195581025,0.0001643975732648073,-0.00030407559689060726,-0.0009559813501921477,-0.017652293384443962,0.0001397526360094048,0.00033846535600945415,0.0002570887978849967,0.006309467370372079,-0.0016615190652921052,-0.007734942278479484,0.0007562040389741398,0.0005636663041781453,-1.600462927331403e-05,9.455517674727965e-05,-5.005451193895727e-05,-0.009745621828253337,-0.0049278280751955394,0.00035294513507211356,-0.0002082394046706293,0.0006667825883499567,0.00017572252618380801,-0.0005710708668009712,0.001656160568751952,0.00022548599358485077,0.001057514692685002,0.0022100617025904157,0.00030512887732681016,0.0002684934795351701,0.0002903597578503003,0.0014582138986340976,0.00125362857721667,-0.0013589238475004706,-0.025463521431210445,0.000753052636091267,0.0005419802483086489,0.0005708479622228424,0.00011606941058461828,-0.00010563633957871854,-0.001033054939505007,0.0015116419505067924,0.0018615679698370524,0.007173749240292793
-0.009501724168028969,0.0009340820173366904,0.0005894740426108935,-0.0001370694811271278,1.6553651001949277e-05,8.950448603761707e-05,-0.00019004451785786802,0.0008281224340525029,-0.0023536349544346358,3.0378237249717444e-05,0.0005268216518621305,-0.00010342643059013668,0.007098505648136522,-0.013573755372657481,0.00020435875374702483,0.00022121348515269368,0.0004600823030929124,0.00025542352230911725,-0.001250635708955783,3.4582746883726756e-05,-1.1027843640598611e-05,-0.00021403220887228347,0.0003278980534893172,0.00016974274979020265,-0.0004803370774271176,-0.0009549559822799036,-0.018610983560730543,9.328004181941019e-05,0.00022892028293552968,0.00026299967299880933,0.00622557821952352,-0.0024252668138591282,-0.00793184819248638,0.0007515748116559973,0.0005839349290981399,-6.369451149179639e-06,0.00012831967600068772,-5.564012340630864e-05,-0.00959073499843699,-0.004589838117463274,0.00033394766608685345,-0.0002328930390358419,0.0006618989576747669,-5.427281913528148e-05,-0.000633630738368085,0.001665977542791186,0.00026479063966378114,0.0010540179050277931,0.00225380822809651,0.00033428713512151376,0.00025262949839444104,0.00027780818440725774,0.001418941796343054,0.0011191735452800167,-0.001166504462870921,-0.02549286383737337,0.0007833286490983582,0.0005561143122292389,0.0006533272235698107,0.00011387021187947433,-0.00010796069381135975,-0.001101632612571568,0.00152682255105141,0.002163631764730445,0.006204174416263086
-0.009501262964433765,0.0010169287140677774,0.0005566906472720401,-0.00013780150829489912,1.9314169426465355e-05,8.685403057429042e-05,-0.00017634763757767846,0.0008322550544888063,-0.00250146534808271,5.833079239625505e-06,0.0005518693515449424,-0.00010623002398324477,0.006540509574781916,-0.013673967416969246,0.00021189371165464266,0.0002293223654645793,0.0003245329425405341,0.00030288160805613806,-0.002105017640643747,3.077714811894339e-05,-9.809191788723304e-06,-0.00018048114279756167,0.00034258880527548996,0.00018598664557378797,-0.0006173286067331363,-0.0009799179309630812,-0.019512681104477014,5.295162898244499e-05,0.00011266107149099369,0.00026887731879710053,0.006320559679569682,-0.003323196508796089,-0.007789982841238108,0.0007373516918121048,0.0005876984467418911,-1.0859080592062753e-05,0.00016833783609948583,-5.593710503115634e-05,-0.009317031535602371,-0.004312631230098174,0.00031726403608312026,-0.00025670739926164643,0.0006618217471110466,-0.00026543789268318463,-0.0007454269577109596,0.001684047628969898,0.00030886612670233404,0.0010575768990606083,0.0022251738712188995,0.00037194486286473705,0.0002182038534088715,0.00029594283047784664,0.0013087514504224185,0.001058856722486956,-0.0009027539510677585,-0.02546460074238921,0.0008057427018663965,0.0005494606797862289,0.0007190634009324182,0.00010862236136399694,-0.00010583197504809849,-0.0011191374024647205,0.001538015439380258,0.002429744944706602,0.005221653630512968
-0.009499072546789056,0.0010405214841204824,0.0005408437806120325,-0.000139749814548229,1.9641763537858736e-05,8.477951139185258e-05,-0.00017787974230132342,0.0008364822174404818,-0.002601566645570985,6.91773548635588e-05,0.0005842290286426355,-0.00010257439271954549,0.006043273181141506,-0.013777880691631661,0.00021578570428304467,0.00025259751828343724,0.0003236777973638638,0.00035314072351133596,-0.0030476656757487675,2.1997757999159262e-05,-1.1837596053942967e-05,-0.00016078665690155702,0.0003618121985073941,0.0002044656778297238,-0.0006914586375750265,-0.0009446310524082735,-0.020423056805366713,4.523882361029408e-05,4.861076217110849e-06,0.0002769233310284669,0.005812215016458566,-0.0040781363937625326,-0.007326728261448978,0.0007363992234283856,0.0005806416399358749,-1.5505492495293538e-05,0.00021400823330353091,-2.5703469487381447e-05,-0.008983449446365532,-0.0039099577591472645,0.00030497843716870143,-0.00029273032374388386,0.0006565529599615871,-0.0004671693102739072,-0.0007716025521445902,0.0016772074403328396,0.000352507014984349,0.0010544700337027368,0.0021525120176721924,0.0003694768617434896,0.0001643287082317979,0.00029013825273693783,0.0011787440166797225,0.0009465299163009533,-0.0006830300696892833,-0.025699267583228047,0.0008169157011157502,0.0005173106530440563,0.0007642819901196862,0.00011245471525467288,-0.0001034475704305704,-0.0011302042450322958,0.0015377391719475497,0.0026344877799118205,0.004258543520446079
-0.009459881080622679,0.0010636258264615783,0.0005327132269159485,-0.0001359074217924805,1.6337214185480065e-05,7.99138788181164e-05,-0.0001390325439393214,0.0008446240992061593,-0.0026932529475571787,0.00017803889153356067,0.0006236901822063157,-0.00010386197067768776,0.005971599644245318,-0.013523456784263366,0.00022059321208534044,0.00027189762278201357,0.00039145919663829964,0.000384962807062017,-0.003631755404612358,1.7328318473008864e-05,-1.2127205491374582e-05,-0.00014129649159311253,0.00038228070835177874,0.0002171825897254731,-0.0007091735929622978,-0.0009659814750644369,-0.021132268452848213,7.367981858186212e-05,-7.403491575896926e-05,0.00028967564080817354,0.005663827928597209,-0.0046647764326576135,-0.006616444307370517,0.0007419421018988182,0.0005680263566434363,-3.4893383902501185e-05,0.0002498842348055419,-1.8652243010119918e-05,-0.008651520815811664,-0.0035589955054698974,0.00029005617206134815,-0.0003055220826885252,0.0006600102171951949,-0.0006701663477700626,-0.0007709759184305609,0.0016293781223004622,0.0004040807415099934,0.0010462356497475955,0.002048190887924406,0.0004012454431694401,0.00011474432697422543,0.0002915110431851442,0.0011334453110853904,0.0009044374658215837,-0.0005532146246257641,-0.026058336366528323,0.0008359185512860634,0.00047503823287398106,0.000753548106374291,0.00010797472571622002,-0.00010275570313889038,-0.0010932322753701706,0.0015104749202574652,0.002725786030184585,0.003890104425962937
-0.009476792324922712,0.001166952240865493,0.0005294198020906471,-0.00013738557245712713,1.311884158505805e-05,7.650897006739044e-05,-9.899353411357836e-05,0.0008668376343827777,-0.0028141150574264584,0.00025920015507585603,0.000667396978427881,-0.00010084977749036383,0.006395191911207299,-0.013751556873169202,0.000217859142235044,0.00029721459177189935,0.0003683716342453014,0.0004407258323724239,-0.00435770456799256,1.6996980116701366e-06,-1.4549111836403839e-05,-0.000121110714464856,0.0004061634061209851,0.0002319780511106373,-0.0006896777035569901,-0.001005319110449876,-0.021695203396623675,0.00012425096539958602,-9.453251809565799e-05,0.00028543800144831266,0.004770080574379998,-0.004908276076811324,-0.005815290346713797,0.0007419827006982516,0.0005741253607398633,-5.654431814550165e-05,0.00027201981740199166,1.6032731706028258e-05,-0.008363503391290328,-0.0032531392411092597,0.00028010006765200046,-0.0003221055415982832,0.0006805272568233267,-0.0007457443659757423,-0.0007528261584524021,0.0016150417700881992,0.0005367719118580805,0.001053014649693207,0.0019285306785816747,0.00044338699926305125,7.174656888109254e-05,0.0002975550741830535,0.0010320706517013,0.0009671244057185557,-0.00031731183072469804,-0.02640273088086942,0.0008514480108514633,0.00042455738021218714,0.0006769311147765134,0.00010490328180967623,-0.0001021284087293628,-0.0010974717200161743,0.0014980155531172379,0.0028113192734573467,0.003890104425962937
-0.009598430660898605,0.0012510433333734472,0.0005387169010531156,-0.0001389783768441788,8.068133877880967e-06,7.844598063200259e-05,-5.330883853260637e-05,0.0008940122218015212,-0.0028287388608913,0.0002857513115674948,0.000711871389926344,-9.983821937864512e-05,0.006618531850000942,-0.014190246741287882,0.00022630005603652137,0.0003243675488824316,0.0005342707079307729,0.00047903096162449366,-0.004787973428980963,2.1992931693359807e-05,-1.586779908813174e-05,-0.0001425823004788107,0.00043301867712641773,0.0002493698349987916,-0.0005782456346983267,-0.0009823194641227495,-0.021934885198351517,0.00021071604001021704,-7.917383557975999e-05,0.00028907783015652555,0.003004100366885032,-0.005038866008235221,-0.0050163743469254785,0.0007443181482280625,0.0005650364144267339,-7.746831586397107e-05,0.00027939313375768826,3.166440586399588e-05,-0.008240868546354307,-0.00296431370797956,0.00027827405924485404,-0.000303171976012373,0.0007005637941024379,-0.000761389202415863,-0.0006530285660688584,0.0016457242639742464,0.0006695772921585519,0.001064243924540298,0.001799567983078676,0.00045704859628536987,3.198066635112795e-05,0.0002963402937787851,0.0010403267917087344,0.0010763812790679506,-0.0002012289998468697,-0.026666939275575174,0.0008707298327581547,0.00037544745689754855,0.0005668614652263315,0.00011165297937476559,-0.00010541704335975677,-0.0010234907159750728,0.0014631920697925072,0.002894284052429086,0.003890104425962937
-0.009608364384277257,0.0013582387099064785,0.0005492242666707003,-0.000135415059106192,2.3847694168299682e-06,8.467853139482173e-05,-1.1529262768150694e-05,0.0009202806027406307,-0.0029316336083615724,0.0003546445863149561,0.0007425996882384212,-0.00010213503949241254,0.006821068645984862,-0.014498565987067003,0.00024330247407378103,0.0003374688981945262,0.0005326523253232907,0.000519183419684266,-0.004824660531158598,3.566993457537748e-05,-1.3758218815440593e-05,-0.00012157078270924604,0.00045236936471804157,0.0002721965537537674,-0.0003957787529389467,-0.0008675305799241695,-0.02194714756963012,0.0003275621917668836,2.2479260622265684e-05,0.000301948592441148,0.0030245855568944435,-0.004530913696322747,-0.0043409809261160115,0.0007509032232502211,0.0005595812591314697,-9.366137698074706e-05,0.000267578358728926,3.8394088899940115e-05,-0.008217321985265702,-0.0026946704834022173,0.00029184203095100614,-0.00028859254344804075,0.0007008796611833734,-0.0007158010540870841,-0.0006297642136104953,0.0016744929068164272,0.0007551062702686462,0.001075063154573952,0.001655239131623576,0.0004675671768556988,-1.6971524733011556e-05,0.00029602197591915846,0.0010345331999590535,0.0012110464504877516,-4.5593331426396766e-05,-0.026834540195420864,0.0008822652992528379,0.0003299257939559652,0.00041623378840016656,0.00012036026151651669,-0.00010840195182815204,-0.0009472948454236629,0.0014191206253610922,0.002945473558497058,0.003890104425962937
-0.009642080974112455,0.0013596595852205517,0.0005714217179675352,-0.00013563146733652776,8.986658663889813e-06,9.061614174887822e-05,1.9584344280509924e-05,0.0009533671296575452,-0.0030537465774727046,0.0004535303155643877,0.0007787763387958613,-0.0001105702424811783,0.006962539672501711,-0.014726463485223884,0.00024930961366842475,0.00033555080185831976,0.0005372487849422125,0.0005649843234902807,-0.004338665914938478,4.646520238282825e-05,-1.043888680651861e-05,-0.00010428053293920492,0.00046804504829101035,0.0002872659798935917,-0.00021392395169972378,-0.0007758477320592982,-0.02186208190797967,0.0004518398578348126,0.00017258983620416224,0.0003099825374965892,0.002709585828415406,-0.0036201798061672452,-0.0039502968360511925,0.0007376274785995118,0.0005570446271878637,-0.0001193975969768779,0.0002543433616506441,5.963560545652058e-05,-0.008356773777878135,-0.0025007756921783253,0.0003068869751385872,-0.0002606143241138392,0.0007169477339237229,-0.0005331452590596752,-0.0005412215519000618,0.0017163826145421002,0.0008822419149638883,0.001095612831146564,0.0015354028642882156,0.00048271721223125397,-6.413991839204769e-05,0.00030666953981750567,0.0008971296549473706,0.0013367135004880293,-4.651454901438701e-05,-0.026883496012107377,0.0009010502798723063,0.00030146887731241634,0.00023879499651702218,0.00012096319303167569,-0.00010868035499722595,-0.0008010754925082963,0.0013590639452616404,0.0028731785294151546,0.003890104425962937
-0.00960496913611919,0.0014101060822828693,0.0005924323878461202,-0.0001335240931653603,7.677935339733821e-06,9.391781377754427e-05,2.8556793003398084e-05,0.0009962688886555604,-0.0031108243871348362,0.0005449237715247079,0.0008068091455408766,-0.00011620508037868404,0.007248850646984328,-0.01514343373967697,0.00024072899087212996,0.00032394958223669335,0.00045126772451431485,0.0006035759456317624,-0.0038816730462460924,3.0309789511795415e-05,-1.1420634344005975e-05,-4.931459435153496e-05,0.0004785163699765338,0.0002899480052755976,-6.901787797763959e-05,-0.0006792058638555032,-0.02154128896496743,0.0005681581963143945,0.0003448988616578941,0.00031678818674474307,0.0015779823964250372,-0.002398932683653654,-0.0039001308415038682,0.0007408014370140492,0.0005608727841979189,-0.00013843131508195494,0.00022934501617344338,6.08298696687104e-05,-0.008591920237126849,-0.0023967929232937557,0.0003243242729196183,-0.00021782007943327297,0.0007250001244789583,-0.00029366980122891295,-0.0004800161344261644,0.0017045246462159547,0.0010019367907985188,0.0011210325149439981,0.0014720301745945186,0.0005408841565885947,-9.901914522969513e-05,0.00033115481611378783,0.0007395519398118999,0.0015793291183401337,3.9789877887885794e-05,-0.026867323591513448,0.000911608449838619,0.0002947193593418884,5.9582716247508216e-05,0.00011643697789875951,-0.0001049905059240519,-0.0006270994886413694,0.0012790205304200608,0.0027475573600319603,0.003890104425962937
-0.009635329343940624,0.001406026977564201,0.0006092239437460734,-0.0001330964955746916,7.947685411568983e-06,9.820850370312328e-05,6.933850454782231e-05,0.0010385586716201711,-0.0030936677938138146,0.0006255198494957703,0.0008338990742304819,-0.00011838207901160303,0.006950705173474736,-0.01536107606098247,0.00025365714187186583,0.0002994814523074041,0.0004313298925600062,0.0006196686138200125,-0.003179710823765558,2.3750636009456372e-05,-1.5125753946576559e-05,7.609818524434431e-06,0.0004843133049357018,0.0002783436355338065,2.0585148303498002e-05,-0.0007339977686993127,-0.02136151929710184,0.0006545392395087557,0.0005089798314397154,0.00033392783623220623,0.0010175331989639158,-0.00110176825010333,-0.004227373525028333,0.0007398118281696231,0.0005628653257316873,-0.00013516197005047914,0.00019971709062960308,7.943713783076234e-05,-0.00897489665166995,-0.0022461406392132455,0.000341685523611579,-0.0001499626905905327,0.0007325106861526542,-3.1621428129846585e-05,-0.0003839286604493397,0.0016466780572250705,0.0010976750480635733,0.0011533916555550583,0.0014812266528110296,0.000620096192747388,-0.0001052360364947047,0.00032592442578560643,0.0005526270505338271,0.0018548416878978458,0.00013555772451612214,-0.026674389114659136,0.0009359078991657555,0.0002862096146887261,-9.580745090898013e-05,0.00011462970481534995,-0.00010526917864617236,-0.0005692454029107008,0.0012473126360699194,0.002516417879754762,0.003890104425962937
-0.00973563665433419,0.0015172715571614148,0.0006339734456795032,-0.00013263996553947166,5.454284305983492e-06,9.449540049888405e-05,0.00012418561337002032,0.0010731667948622459,-0.00311985065818976,0.0006880100897166397,0.0008511658632643915,-0.00012883560255805282,0.006796415384600296,-0.016044450862144788,0.0002708581059258641,0.00028462978166765573,0.00042635594742779226,0.0006262905319647238,-0.0026445156708930773,6.2205643593937765e-06,-1.7410206467727285e-05,2.201840129978372e-05,0.0004942723099048418,0.00027561865300107513,4.3168101582002905e-05,-0.0008391641113564274,-0.02109228026488652,0.0007172406546631649,0.0006430653627305105,0.00035675617817387817,0.0009142124278040953,8.344292212347781e-05,-0.00488357672665285,0.0007419844403477871,0.000565489195369695,-0.00013884606499203755,0.00017237265691827375,8.509078425533723e-05,-0.009415787450165025,-0.0021582753919718867,0.0003574448782714956,-9.14076431394184e-05,0.000740740740215573,0.00026047894288017126,-0.0003316101723915832,0.0016425574036327273,0.0012338892870258356,0.001179294324542557,0.0015289645354406023,0.000682740727006248,-0.00010788300185904376,0.0003409781185343963,0.0003922475785524959,0.0021608909327361925,0.00014136309944401404,-0.02651888873864361,0.0009645565182869742,0.0002986403763292067,-0.0002015230611274177,0.00011482789761174672,-0.00011092944408364058,-0.00047680890897028316,0.001159299115502277,0.002304579819509156,0.003890104425962937
-0.009758380335508687,0.001497239387512339,0.0006420119478416364,-0.00013585836710861,4.962587005774566e-07,8.672928760589116e-05,0.00014519560105719087,0.0011007237694053984,-0.003245951680672654,0.0007578205857674547,0.0008568765456959948,-0.0001348389347867185,0.006850245995913662,-0.016620974558081536,0.00028965086371779414,0.00026404669180202234,0.0003740504904774511,0.0006233050694033349,-0.0017427802888674293,8.441367444600445e-06,-2.2226038334349774e-05,-3.4167199697288098e-06,0.0005008468647953457,0.00027234568329870257,-2.0817179209542402e-05,-0.0008201536140701737,-0.020991151822013276,0.000735023444877303,0.0007133520602631283,0.0003593230189922192,-0.00018953042942126963,0.0008373669879089274,-0.005779478863619736,0.000733550977636277,0.0005723063784484062,-0.00012984063549581482,0.00015432058123199255,8.11898079284834e-05,-0.009942800950199171,-0.0021340549322871327,0.00036833770716326875,-5.4236019408571146e-05,0.0007446056458779715,0.0005357140123691817,-0.00023876763099783815,0.0016895376405585694,0.0013668070172332403,0.0011961849327066787,0.0016386250424509363,0.0007584639547926209,-0.00011507832363011339,0.00035570279602392674,0.0003765016993302339,0.0024637919037129308,7.30736500953455e-05,-0.02614265497203616,0.0010100468062421708,0.0003354324624837979,-0.00025168392010344043,0.00011121038310224485,-0.00011201431943241857,-0.0002451650274893913,0.001123109849420656,0.002084151376402943,0.004327373710283133
-0.00980303971124541,0.0014445160055518436,0.000635473269413378,-0.0001421703612485281,-1.9788355852812245e-06,7.869480976085974e-05,0.00013523290890682382,0.0011182166248793202,-0.0032859452817459722,0.0007890067511757692,0.0008653070351742898,-0.00013795197732990871,0.006416636607203596,-0.017460513320703308,0.00030258621311030076,0.00024227195336146146,0.0003085346015294643,0.0006447766639328112,-0.0008707891686575708,1.4809122800718555e-05,-2.7752346017040352e-05,-2.5015824629659456e-05,0.0005095884436421283,0.00026970357827593716,-0.00014054211008873718,-0.000631188454766729,-0.020985257229663823,0.0007227117794768034,0.0007224987840732666,0.0003766379298386635,-0.0008562071590118014,0.0012798142255909806,-0.006766605513795154,0.0007333947236081162,0.0005878559224881119,-0.0001137529632048162,0.00015395035932797008,9.211536179809521e-05,-0.010507577500278531,-0.0021153083790509397,0.0003763164199686031,-3.9930283981526316e-05,0.0007598377433382097,0.0008231221361247876,-0.00023842933380613385,0.0017345500873935382,0.0014039253153574904,0.0012120597575513425,0.00180133326590326,0.0008506922747326673,-0.00012362130991216969,0.0003968988153060238,0.00039706428301600205,0.0025734139584812077,0.00013925857196017688,-0.025693279276248093,0.0010514308806806039,0.0003865879146529583,-0.00025310590926452825,0.00011320048520002679,-0.00011734278028574519,-0.00010793010206799902,0.0011016773424323834,0.0018243736889775874,0.004786103860904056
-0.009837729671427264,0.0013875697110117269,0.0006223037550745492,-0.0001473051505714862,-1.1648004942466095e-05,7.317218408076087e-05,8.880007365541509e-05,0.0011240569948094414,-0.0032782590593380956,0.0008516693422238042,0.0008682346017885312,-0.00013897715045585457,0.005974928386417444,-0.017814876783300515,0.00030507819939873393,0.0002290054149378662,0.00039954863925451,0.0006679332182637499,-0.0003335857330865055,4.400704928286814e-05,-3.1952742020391334e-05,-8.383947071743947e-05,0.0005205030179016301,0.00027198157579788607,-0.0003233315348515342,-0.00040993023803514994,-0.021270348695156427,0.0006721179580260195,0.0006407372010690526,0.0003970921292915097,-0.00010329095619154849,0.0012025726860420693,-0.007660498389802206,0.0007255515259452228,0.0006086316661360058,-0.00010482676915180011,0.00017170504501007322,0.0001180428910423359,-0.011126038706206098,-0.0021798621841064847,0.0003790478836329658,-5.101772008830885e-05,0.0007834424967683162,0.0011123395296703809,-0.00023071933697760283,0.0017786188787567436,0.0014659447216491817,0.0012131354449675946,0.0019828176471583525,0.0009390989511577352,-0.00012645613990813764,0.00040412129639699756,0.00040505218666608833,0.00250903144922221,7.490396573706093e-05,-0.025430613274650793,0.0011014658992669624,0.000428356177160083,-0.0001945643680447695,0.00011779395790223468,-0.00012390459518329955,-3.40336849041778e-05,0.0011065721431624542,0.0015199113240369488,0.005249446940413627
-0.009861144916458398,0.0013332761204125632,0.0005981989493804019,-0.00015018351857365442,-2.623716274174903e-05,6.336530182404765e-05,3.052134895664693e-05,0.0011235492404531033,-0.0032532422649512727,0.0010020491186530922,0.0008787878911784563,-0.00013747042223832828,0.00570932338175778,-0.01810597192172758,0.00032093311033754013,0.00020303243427344242,0.00040674377647476057,0.0006736370006072967,3.813470819569176e-05,6.767221662817846e-05,-3.242267759606676e-05,-0.00016809972488318614,0.0005388713329010919,0.000281744169714937,-0.0005474934732092596,-0.00011585266521285664,-0.021652869410614617,0.0006040035057008897,0.0005066832402171872,0.0004165389474526382,-0.0012572126778452875,0.0007490072690623517,-0.008280451608096207,0.0007208759988086566,0.0006249460516545291,-9.34249628129491e-05,0.0002143368903664289,0.0001222189597074319,-0.011640183997278064,-0.0024135794530143473,0.00037737176675745054,-3.996422990204529e-05,0.0008013702518010479,0.001326384013603743,-0.00018447918606123714,0.0018306574633284445,0.0014650267655160754,0.0012107188446353057,0.002151907009136922,0.0010048115394534207,-0.00013071073858417215,0.00044977266788825965,0.0004067952395641061,0.0023920684534999292,2.5988950915323272e-05,-0.02523640449189435,0.0011403527656035362,0.0005134648202165248,-0.0001094880295673395,0.00012038032393180131,-0.00012177581651962033,-6.263252383742479e-05,0.0011061204066229458,0.0012255819278137459,0.005608445237780035
-0.009938124355787559,0.0012453040526283488,0.0005781955489516655,-0.00015249905569891808,-3.8441214376794264e-05,5.464622810125164e-05,-9.051413915051043e-06,0.0011253901085401807,-0.0032954936539670854,0.0011071625569409882,0.0008996279563107112,-0.0001363505756383221,0.00588112589373968,-0.018601660645025886,0.0003325927240311888,0.00018780514404581616,0.000473760458781447,0.0007086877715472006,0.0003157339780113233,8.372247041465997e-05,-3.132848508402564e-05,-0.00022678980596757548,0.0005719669449906206,0.0002911255117106215,-0.0007765546634741494,6.0144262646888436e-05,-0.022021777143796273,0.0005294494093162072,0.00030279772233576807,0.00043599117503756446,-0.0012269698573506016,-0.00012529674589845108,-0.008497299098319866,0.0007332488655555913,0.0006446969305231587,-7.91266780372224e-05,0.0002691548122619736,0.00013314751699078364,-0.012020483489483369,-0.002551196855728466,0.0003604203617790791,-4.561419014004198e-05,0.0008370963132693365,0.0014550343006458633,-0.00012383254911052521,0.0018290145200154928,0.001463031795541081,0.0012072336281712115,0.0022742494584513384,0.0010852547474025087,-0.0001557110377811144,0.00047729929925499626,0.00030742842012254634,0.0021172418099673074,-3.694134404774729e-05,-0.025281008520826487,0.0011828440545109675,0.0006132481171710058,-7.689353822337708e-06,0.00011921955285787433,-0.00012704367290683471,-8.976936084248432e-05,0.001106306256045464,0.0009094758751031495,0.004652196652762841
-0.010016324735018234,0.0011653724829412404,0.000559267101365446,-0.00015664949626847946,-4.609464368110494e-05,4.654096657907836e-05,-2.621345687514598e-05,0.0011329029452116224,-0.003299325104020423,0.0012248888395403057,0.0009471447868709681,-0.0001337356507812304,0.005746543575823937,-0.018697136321528807,0.00035900925076726153,0.00018153467168557924,0.0006613471136156512,0.000740714935935527,0.0007050298981048364,0.00010112370462445064,-2.8785265265507398e-05,-0.00027403355631616666,0.0006072528014668954,0.0003094568751575988,-0.000968803760373671,0.00012924736938924042,-0.022360689564590364,0.00046048866818804157,0.0001012705716676443,0.00045284612636575794,-0.0012008773945385576,-0.000928828384298086,-0.008265054911918757,0.0007515769704977693,0.0006612962382226417,-7.811715404837383e-05,0.00032228456213667656,0.00018522536260312528,-0.012319411002376657,-0.0026651675970966737,0.00034478238970514496,-1.40328930954281e-05,0.0008624960038485785,0.0015344993529713413,-7.704676521602671e-05,0.0018395840304961109,0.0014612276471228647,0.0012017789318456984,0.0023423720441453355,0.0011353247406817868,-0.0001440617332336691,0.0004788656386034429,0.0002185473819165118,0.002073872326471715,-8.095014988995786e-05,-0.025624594669424128,0.0012294229146336821,0.0006683086984207165,9.226286407737483e-05,0.00011925059366535429,-0.00012658717017899335,-0.00023098024043277654,0.001095364037870139,0.0008050311032945512,0.0036831178425922317
-0.010064134843554284,0.0011270729681713831,0.0005498150704719151,-0.00015635980865269516,-5.101803021190232e-05,3.8813133794946e-05,-5.650323332062612e-05,0.0011467688863187053,-0.0030905397071093743,0.0012756802769431363,0.0009968911884277176,-0.00013542533952259905,0.005706403085916634,-0.018753209864851406,0.00037597449639803493,0.00018247560670059393,0.0007751722846616182,0.0007642571946140375,0.0010720779969584093,0.00013148146263097793,-2.4201120949252086e-05,-0.0002936411795303462,0.0006457637725421073,0.0003260222864740481,-0.0011078497449912295,0.0002126645352020784,-0.02257975292552805,0.0004221060544959965,-6.86102399420907e-05,0.0004774783624454937,9.567504252783188e-05,-0.0014475522668137009,-0.007556177772513162,0.0007568940299338411,0.0006753574888582747,-7.100405439808277e-05,0.0003690641302140918,0.00021385873857204807,-0.012695723434615003,-0.002929613913667306,0.00032935857627069964,5.5649751833586336e-05,0.0008930730545981813,0.0016420625737390004,-6.534956301151862e-05,0.0018023819847103884,0.0013943787051120538,0.0011942002189355705,0.0023326615160632613,0.001199910139755067,-0.00011678967741124424,0.0004746698323805365,7.914927159213825e-05,0.0021534868986838873,2.1299105173788746e-05,-0.026002353142321022,0.0012661842343486551,0.0007316912470449743,0.0001457165016880424,0.00010528318489844146,-0.00013052562185666972,-0.0003217056798023865,0.001056295407295016,0.0006493803337659365,0.0027172300549147543
-0.010167710463321877,0.0010882843404742548,0.000557153853839143,-0.00015413799596963873,-5.7144477878079414e-05,3.741894965925141e-05,-8.966694833101307e-05,0.0011667747292509745,-0.002944529774473126,0.001292430771997477,0.0010550167642340291,-0.0001388978465083346,0.005670802622161686,-0.018818591789634076,0.0003999821771230039,0.00017742105240614592,0.0009459772719295767,0.0008008032504429607,0.0014038142542742715,0.00017994214986116752,-1.2210800180434411e-05,-0.00034654392292154945,0.0006829406693864559,0.0003362969642242142,-0.0011379765147851995,0.00019154175382563032,-0.022639889641801858,0.0004198498480008084,-0.0001672731249603432,0.000496716987152368,0.0017905497505017465,-0.0014904183977366703,-0.006478737911867705,0.000759981173568347,0.0006799073469321293,-6.1756301240945e-05,0.0003909308285638957,0.00025663208471304877,-0.013093685188055093,-0.003173484446661212,0.00031072762497874606,0.00013740133795425713,0.0009052656531678416,0.0017645572320588165,-4.4155207393759e-05,0.0017351087598589388,0.0013103527070827958,0.001187703771380555,0.0022602937863740458,0.0012641218633133722,-0.00010599451080839373,0.0004793638719224891,2.3251662970125153e-05,0.0022902317846924536,6.3268104797398195e-06,-0.026184660186941655,0.0012869996463711342,0.0007839914133600523,0.00015014839206051178,0.00010369215332772797,-0.0001359544012963232,-0.00038910759669996686,0.0010292709151791257,0.0004735083798899087,0.0021075463531976535
-0.01012256355402441,0.0010274222704391711,0.0005708982797141271,-0.00015095795578268234,-6.727035340836629e-05,4.037687540381363e-05,-0.00010710799270208238,0.0011893702900902525,-0.002745749794794805,0.0013056722955047118,0.0011166010920855562,-0.00013855538913676302,0.005603853244944279,-0.01879945057573995,0.000425526818814026,0.0001700490346214778,0.0010122468016791064,0.0008048296242482156,0.0015686016043745532,0.0001937641458453765,-5.7295401566515025e-06,-0.0003492472389247103,0.0007121594422794253,0.0003352433512089359,-0.0010270212156285874,-0.0007041528520634888,-0.022856048016020813,0.00048293795582998733,-0.00016080721807187892,0.0005209991364374389,0.004425476889236224,-0.0007625474755408312,-0.0052184868984735955,0.0007589766414684007,0.0006708266255963657,-6.609717686301142e-05,0.00039622793749183316,0.00027895029965008256,-0.01364850803134976,-0.0034679870052777284,0.0003005919072436303,0.00018426371801294472,0.0009115269003974191,0.001812555035212604,-6.960812184153564e-05,0.0016895052064012095,0.0011674024497041469,0.0011837675773815892,0.0021190961088950466,0.0013004126888020995,-8.843504061417651e-05,0.0004795916831408231,-0.00026972008484071885,0.0023817240811676577,-3.327558413213083e-05,-0.02600128599693674,0.0013016157178094012,0.0008031845986258279,9.049125713400663e-05,8.003247986843043e-05,-0.00014257265756556503,-0.00040293175176353557,0.0009740005084883929,0.0003441203683396399,0.0021075463531976535
-0.010158729030347202,0.0010420072216781318,0.000591598344091171,-0.0001497538495761619,-7.515451599171552e-05,4.892305709014444e-05,-0.00011045422890032519,0.0012094486263278803,-0.0025835395582591847,0.0013060537957656493,0.0011587534538082256,-0.000133535051562772,0.005722274441733788,-0.018737037972487713,0.0004427243572668882,0.00015915661222209998,0.0010572454367336892,0.0008068346530900605,0.0016324339018429779,0.00023646152153711242,-4.6039364026695395e-06,-0.00034278457609315804,0.0007298883168165293,0.000325159453181012,-0.0008316453743211216,-0.0005955334374251331,-0.02315500632052858,0.0005865527023887207,-2.428130763620917e-05,0.0005384454388130955,0.0072427626428888114,0.0008097349213200822,-0.004020178224128146,0.0007627786341815046,0.0006379508812852652,-7.953383002812231e-05,0.00037861584288378936,0.00027450830160402617,-0.01420041573643016,-0.0037577767435247322,0.0002898103538540031,0.00023785795233410845,0.0009051595094879961,0.001853837279679249,-8.165597795206647e-05,0.0016728971496451361,0.0010656037519634065,0.0011802544345758115,0.0019317010485129238,0.0013219668582427069,-7.842131936419694e-05,0.0004776098557546238,-0.00034470195903346657,0.0024188879150814913,-0.00014815122076405896,-0.02569988967551129,0.0012837840610169238,0.0008003338964281959,-3.96660964037121e-05,5.0890606000608685e-05,-0.0001470729322605724,-0.00045706210316109885,0.0009523643480693345,0.00020164382353060617,0.0021075463531976535
-0.010205486539093034,0.0011224850250550755,0.0006243169872763854,-0.00014791386176904453,-7.657272818051286e-05,6.065773775998373e-05,-0.00010756162130942659,0.0012235784350336232,-0.0022995939846643942,0.0013191399701713014,0.0011878627666619401,-0.00013172516704462733,0.005836354471422167,-0.01852090375085913,0.0004678647085312182,0.00015728779030554918,0.0010852682455464446,0.0008049776829377464,0.001263154841363967,0.000291647971783382,-1.9518443029609145e-06,-0.00038742936790547855,0.0007347143443769966,0.0003128684609541299,-0.0006206502897962984,-0.00033147534656374766,-0.023165030886611815,0.0007062228443990293,0.00020443807969594552,0.0005430624313365051,0.008730466009951865,0.00304809531183059,-0.0031229155757841465,0.0007556830035773121,0.0006058785381251042,-9.870379381438088e-05,0.00033074159557133775,0.000271240332906153,-0.014678142182838028,-0.004055425588191941,0.00028429572008081827,0.0003189069752462803,0.0008924146386000142,0.0019236306791861058,-0.00017172268719278794,0.0016533038200445827,0.0009657245572367579,0.0011865002028457194,0.0017724025956216138,0.0013188912776562756,-4.774744491498062e-05,0.0004691769855562633,-0.00033559373416047755,0.0025586361043341554,-0.00029974490642381557,-0.025752565049507292,0.0012662785457768777,0.0007843366047477485,-0.00019531168209308003,2.7172371171557685e-05,-0.00015506725583258607,-0.00044989996718869385,0.000911532397584347,3.6992101115851383e-05,0.0021075463531976535
-0.010312077189529756,0.0012284241676132623,0.0006642895314725727,-0.00014831970958573137,-8.273725893026551e-05,7.619358440980051e-05,-9.869186180311296e-05,0.0012346867388375315,-0.002022746349839122,0.0013765182299856349,0.0012035877858058708,-0.0001283754291200312,0.005744244459851,-0.01795941733321027,0.0004892844629773574,0.00015052874914611714,0.0010708083921506795,0.0007684985771447828,0.0007213648080768298,0.00032053604037018957,4.435988222306619e-06,-0.00038116255085074435,0.0007241469675725032,0.00029274698558423573,-0.0004171549431156718,-0.00013928735579182838,-0.023067511064819524,0.0008302062877805216,0.00048760466583486206,0.0005382167569192298,0.01038778638417548,0.005752573193939403,-0.002827353313159753,0.0007366757228433052,0.0005659987571613456,-0.00010395857335310232,0.0002490689036931393,0.0002789814027992499,-0.015150532951388351,-0.004474323528373181,0.0002972858314957971,0.00036909954721919824,0.0008794894777104378,0.0020593641200106205,-0.00019316486907983155,0.0016382801870287178,0.0008201683288948658,0.001200347034069349,0.0016626017418037708,0.0013252752314769634,-2.8478024096778576e-05,0.00046538750181746025,-0.00019204275536088833,0.00269194746494672,-0.0006578348595580596,-0.02587393553492867,0.001240545303279772,0.0007435755239617592,-0.0003358384026030947,1.0727246659847367e-05,-0.00016371174088158913,-0.0005426935549964762,0.0008698573116117103,-0.0001667505119111734,0.002228474532027791
-0.01043893121435946,0.00132849523799905,0.0007086525965609436,-0.00015344122307314745,-8.946833677192512e-05,8.922670683930711e-05,-7.319240421577167e-05,0.001233744647167967,-0.00178520269382354,0.0013789851470455972,0.0011807302069315462,-0.00012421807757168057,0.005689916301180098,-0.01768458615211599,0.0005034031262627359,0.00013336013694109639,0.0010159829852502966,0.0007304598490300851,3.815261073625287e-05,0.0003378925236228181,5.336654603116386e-06,-0.00040479151314776196,0.0007032376961046971,0.0002652615205862574,-0.00024538536139440126,0.00017450197168278336,-0.022843987430997692,0.0009399821250413165,0.0007941622573925944,0.0005282120181853145,0.01226021540444222,0.00861129177682729,-0.0030874447477902134,0.0007127080736262226,0.0005099880646834976,-9.594645550559111e-05,0.00016100803618113169,0.00028488802320159046,-0.015487809284880916,-0.004806363136419356,0.0003069095731829119,0.0004022936594454407,0.0008573905595652409,0.0021959489938461196,-0.000278084581591731,0.0015950059483187395,0.00073912752847205,0.001208269459255229,0.0016076244803373552,0.0013282868111332835,-3.7057017200803344e-05,0.00044618247747751916,-0.00016782750586574746,0.0026406223312556154,-0.0008611795013879764,-0.026049372032604157,0.001206302386355329,0.0007113752000460494,-0.00044227096954074785,-8.041567945982209e-06,-0.00017007691697412675,-0.0006205140385789898,0.0008242518140486599,-0.00033970811874450835,0.002461882120289305
-0.010507254203164118,0.0014219458691746567,0.000738433854643672,-0.0001573761028064169,-9.98722433014354e-05,9.90451927014302e-05,-7.815451640735827e-05,0.0012104714646956616,-0.001591227843977694,0.0013419632867472941,0.0011384656484747513,-0.00012911859366526723,0.005766271291155478,-0.01706211954327508,0.0005068134746766262,0.00011729764886148075,0.0009055238285038403,0.0006993425275376719,-0.0010618215140386633,0.00036555600208454386,1.8436359734419483e-06,-0.00039051332351558443,0.0006647272539301863,0.00023431305575072336,-0.00013821343289632804,0.0002459319084189282,-0.022434298651824558,0.0010264562018680312,0.0010499306671150066,0.0005163546806870034,0.015436184875183168,0.011147000812259833,-0.003886810568515253,0.0006947557957768247,0.0004234346916431875,-7.177616494602468e-05,7.367233189592426e-05,0.00029848552085387503,-0.01583294050117512,-0.005128484286679558,0.00031243728343066657,0.0004550846228770222,0.0008271466565545893,0.0024057048852392793,-0.00035792748351415327,0.0015347940908285729,0.0006617076159611823,0.0012060224352068438,0.0016441535995621592,0.001322494070320701,2.5038433386637138e-06,0.00040957548960851575,-1.9339201168144804e-05,0.0025182414783724294,-0.0011395577584075722,-0.026295992841434912,0.0011546185253663577,0.0006811674569200399,-0.0005082475647453233,-1.658685913641378e-05,-0.00018341421232870303,-0.0006897295871511888,0.0007980877633022576,-0.00047806482095003044,0.002692181355034018
-0.010625133043146384,0.0014358142158137355,0.0007539184835976265,-0.00016786139024693725,-0.00010979443250136445,0.00010111174598348427,-7.159100389775297e-05,0.0011692847647657434,-0.0015315563481748118,0.0013865528895333767,0.0010743538528752428,-0.0001395702691253664,0.005804943844861299,-0.01651397188976822,0.00048203869065321925,9.603804992242004e-05,0.0008747400681126116,0.0006585210410738895,-0.0019444418539370512,0.00034843836432152386,3.072215484678509e-06,-0.0004265547284741933,0.000614266002380015,0.00019641258631075686,-0.00011180046146452849,0.00020744999630695204,-0.021959644135525425,0.001061956624934357,0.0011936377052277347,0.0005114873289460142,0.01657894823334627,0.012968009550741177,-0.005118935629477295,0.0006591712726409238,0.00036075665726231776,-4.7344909118840484e-05,-7.951154850305286e-06,0.0003080192469719911,-0.016154105212698222,-0.00531723735751477,0.0003080248096678506,0.0004862924423501003,0.0007873179500941241,0.002566404683699286,-0.0004380674013155783,0.0014896215445474592,0.0005058906313171185,0.0011806073559663677,0.0017689917302874392,0.0012980718055493057,2.7158897990986475e-05,0.0003747868044308156,9.696680304971395e-05,0.0025211264115834187,-0.00136642693263489,-0.026256828095254425,0.0010833945013590807,0.000651288999834021,-0.00052948005022313,-2.3231859234584817e-05,-0.00019457054059235368,-0.0007292695225330492,0.0007956254111050054,-0.0006288046370519496,0.002924051300332353
-0.010708236585110664,0.0012959274665993448,0.0007473890933158422,-0.00017471554154580016,-0.00011985646376266867,9.720821902581278e-05,-8.60633093482388e-05,0.0011069135128884966,-0.0014196449108654363,0.0014467974402774253,0.0009797345829265502,-0.00014496387330364957,0.005696493452759244,-0.015486764075579917,0.0004471029936359283,7.19444008365766e-05,0.0008484166770927892,0.0006088266690600364,-0.0027047408454550226,0.000325172556786546,2.596936678145312e-06,-0.00043526805658922196,0.0005580743890631901,0.0001617935819018257,-0.000215650376066856,0.00025200159518457,-0.021486567106257848,0.0010026260161986045,0.0012131740312015804,0.0005035065072036549,0.019101022269401247,0.013984609364467104,-0.006634996539802707,0.0006128130814282429,0.00029171428182350745,-2.316514269651293e-05,-8.613657314382461e-05,0.000270005726229261,-0.016509642557118065,-0.005368532029104034,0.00029369599067075036,0.0004763764375241841,0.0007439574440200047,0.002678783461076417,-0.000487256556327198,0.0013759078268906766,0.0003909146264633456,0.001136321140752461,0.0019407675108780165,0.001273386465132642,6.133889995640907e-05,0.00033543012520897975,0.00020713386610649032,0.00263259282471906,-0.0014803257644026013,-0.025738821976842963,0.0010216389611248378,0.0006548127668126735,-0.0004673709634885892,-2.7218119445171496e-05,-0.00020876377107414967,-0.0007837867137313603,0.0007804843553840257,-0.000830079922171878,0.0034730229057049478
-0.010807964097269473,0.0010924750770655578,0.0007203033753697685,-0.00018450973228290035,-0.000136600790395347,8.178687587823141e-05,-8.512388396608728e-05,0.0010097897134337952,-0.0014309281589129919,0.0014919563059723195,0.0008719961622261074,-0.00015482413781908733,0.005529027878481196,-0.01517085379900307,0.0004052713522844087,4.690113380978467e-05,0.0007569043204835868,0.0005539392025639689,-0.0037292110804264533,0.000298958238951208,8.209921684709798e-07,-0.0004518258216774651,0.00049843347566636,0.0001182518295086421,-0.00041949936408114397,0.0001821502266150521,-0.02100334958667327,0.0008767021846645129,0.0010818270772849914,0.00048470299433311936,0.02010877772145747,0.01391966818787127,-0.00812486026194692,0.0005668977671593467,0.00022523868979251738,-7.76486673792487e-06,-0.0001492996438934302,0.0002292243815382733,-0.016841855297620834,-0.005314663710814349,0.0002679141873125346,0.00042257606467854814,0.0006838733883782755,0.002788741375224557,-0.000597285231662581,0.0013083679211904897,0.00032672394335198085,0.0010811480772792148,0.0021074253204691473,0.001264199679755773,9.554671611589072e-05,0.0002867018597907389,0.0002545079606919298,0.0023996144342104397,-0.0015372113975449242,-0.025531076280338127,0.0009507043299281648,0.0006854403971634504,-0.0003233618454495657,-3.106850713507914e-05,-0.00021993028244549073,-0.0008565012258071603,0.0007765126314240867,-0.0009991371951739714,0.004170517594264567
-0.010911103885228868,0.0008622067202901373,0.0006786631497992524,-0.00019097425730296713,-0.00015092382581227692,6.15023421350891e-05,-9.531108312021974e-05,0.0008855633780786576,-0.0013889505103347188,0.0014877909857540228,0.0007491709644571465,-0.00015379126823367173,0.00509549420630262,-0.01497062828790885,0.00035923707641938307,1.013679431260961e-05,0.0006910640464652396,0.0004993852389403308,-0.005232742667460988,0.00028454532639954344,-9.466687526105133e-07,-0.0004214768299229954,0.00043941538502556554,7.902762633826832e-05,-0.0006633649551534004,0.00028629850302386295,-0.020532937711748467,0.00071239163288217,0.0008226344617416892,0.0004570055173245269,0.021416298420586122,0.012871038281261571,-0.009215384456955134,0.0005118899985085967,0.00017215539712811534,6.520599779014091e-06,-0.0001708681217725827,0.0001848227015386339,-0.017042164816682526,-0.0051522332349949185,0.00022324149242081148,0.0003330122515348144,0.0006142776541937511,0.0028115370723253985,-0.0006235778886679588,0.0011693223857136559,0.00020003920857902813,0.000990026052546611,0.002226474014316304,0.001230157726712422,0.00010456424108018503,0.00024236851520775815,0.0002975353981202744,0.0022636930387087695,-0.0016082591049868533,-0.025751763401822947,0.0008697727156035118,0.0006885997363532681,-0.0001248424310082985,-2.8636211505062015e-05,-0.00023266416876854823,-0.0010260821075093185,0.0007610818267156372,-0.0011437860789904608,0.004868012282824186
-0.01110872323779366,0.0005594957806145384,0.0006167535579062466,-0.00019775157823243017,-0.00016188475866329988,3.274114729023836e-05,-0.00012954726186331644,0.0007580229138755001,-0.001323296641631333,0.001554797402318009,0.0006086943276124579,-0.00015392928985380472,0.004673462535453199,-0.014712842173333462,0.0003089335751229605,-2.0104413908650365e-05,0.0006019905910465972,0.00044686104802837967,-0.006581028057685012,0.00025945420094974914,-5.519652356289484e-07,-0.00041644376692140384,0.0003758022085806889,4.571657587337796e-05,-0.0009275461821586228,0.0003630610354508068,-0.019932674691885977,0.0005405330533154729,0.0004622433168488538,0.00042680070315603835,0.022969350592262572,0.011024470032130473,-0.009607655023378237,0.0004660551063324636,0.00011971760233175921,2.988416704741148e-05,-0.00015726541495153512,0.00011602312074132648,-0.01709016137033359,-0.004853475138933638,0.00017000454304838541,0.0002060659819493882,0.000538806892357746,0.002754424182106474,-0.0006519208706249335,0.0009685980291551655,9.711057314731875e-06,0.0008760126198181784,0.0022575568231744114,0.0011411922671109576,0.00011227517782708141,0.0001723700911036019,0.0002273298557489145,0.0021523803605436598,-0.0017470493308653356,-0.025901589607308373,0.0007579693243373598,0.0006895744795367698,7.433617478191934e-05,-2.892163478873666e-05,-0.0002463839745936447,-0.0011507903854968138,0.0007349895704720222,-0.0012821695772231578,0.005577080628094144
-0.011224096898259206,0.0003247562298460682,0.000556515426215487,-0.0002080023259060093,-0.00017559508196363094,7.115233151999689e-06,-0.0001933123824429117,0.000622998770973382,-0.0012373600451877076,0.0016022590402067216,0.00047281130321708,-0.00016154485496233661,0.0046121317839160625,-0.014576957899366194,0.0002526508482560974,-5.665687577460776e-05,0.0005275879384083471,0.0004012792319789682,-0.007944758009783004,0.00019392957710584469,-7.505658554674e-07,-0.0003581915015071768,0.000309971882079374,2.766692292244244e-05,-0.00118230780677675,0.0004485526674959939,-0.01905193101809044,0.0003803212474104978,6.92753555160408e-05,0.00039748755220725407,0.024564805353829877,0.008847048328513685,-0.009168563457107037,0.00042486706852251643,6.846367497526096e-05,5.0704016416602826e-05,-0.00013519988219290457,7.205265968979191e-05,-0.017113512071659898,-0.004543498593644668,0.00011106468933785862,2.424242944476518e-05,0.0004644196006784451,0.002588489737522126,-0.0007360662421982411,0.0007517840908333184,-0.00015471435941161182,0.0007379333926884613,0.0021486074714169856,0.0010247479805811643,9.545053195925135e-05,0.00012009416956670904,0.0002966416863168231,0.002120992440969083,-0.0018809680657948524,-0.02638444139216778,0.0006205930115403824,0.0006520843892952044,0.00024326993124268448,-2.9253059922407232e-05,-0.00025909147468727856,-0.0012793653494977963,0.0007247231654567976,-0.001437101971324406,0.005484375637842653
-0.01135860374077391,5.7815469016508914e-05,0.0005222802017852413,-0.0002175181814136895,-0.0001908172638769301,-1.5337945391658003e-05,-0.00025145111816859966,0.0004962635045719921,-0.0011354090174255926,0.00162520157401147,0.0003467134389258941,-0.00015546869878402259,0.00489676959326002,-0.01465728426897872,0.00019337127549179378,-7.227639227913585e-05,0.0005746547081382225,0.0003548306556842018,-0.008873062617899885,0.00012110277525523294,3.072990095720485e-07,-0.00034791596672523184,0.0002425419051523825,1.3154863411024564e-05,-0.0012568984548712026,0.0005185560614715534,-0.017999746922812587,0.0002855179308380862,-0.0002558315506010489,0.000355620417193947,0.02537236911927887,0.007082482659440448,-0.007851528887755421,0.0003868261817618901,-4.382813665548824e-06,7.012584864218852e-05,-0.00012878064711674408,3.449894123219721e-05,-0.017176791868217967,-0.004114076438824998,5.252918866416323e-05,-0.00019909712923460443,0.0003873115955146389,0.002308828649971506,-0.0006752291932167198,0.0004808515886716158,-0.0003238192364177772,0.0005932314215704171,0.0018758497419146813,0.0008798090354771304,1.814221039464492e-05,3.995315501259533e-05,0.0004553590074714009,0.0020504060760013765,-0.0020877432303457732,-0.02705591627219983,0.0004623389859006455,0.0005620365777230241,0.0003376357903930316,-3.300221072510823e-05,-0.0002759429006070624,-0.0014494784480091338,0.0006537166345979006,-0.0015941063356352814,0.0052518608745275586
-0.011569620195409525,-4.1040276240078555e-05,0.0005087791924445195,-0.00022742009876597358,-0.00019665187389539263,-3.157814267806813e-05,-0.00026282509293684697,0.00038589847155523493,-0.0011168241621961617,0.0016239055193842944,0.00021982949786991668,-0.0001548262900209485,0.005613162148917716,-0.014483501128567,0.00014444257458867682,-8.382622605873635e-05,0.0006025185549642931,0.00030567230534472856,-0.009727593578125249,5.017987173472349e-05,-6.667972743956696e-07,-0.00026161386133116693,0.00017362778280016755,-1.0471742476481083e-06,-0.0011576243928985708,0.0006161036336325143,-0.01673361210875557,0.0002571941901297059,-0.0004539941350936161,0.00030916181104001517,0.025831493585772636,0.006077414699085848,-0.006000925755571207,0.0003385873669510264,-9.007885494760615e-05,7.29981722418227e-05,-0.00014010812524667404,-3.086694860454653e-05,-0.017274978728084478,-0.0037334537749352803,-6.624963095003267e-06,-0.00039928304889036426,0.00030931241702214507,0.002010163704076806,-0.0005960768438220132,0.00024223591838423708,-0.00047472508182322404,0.00045675646412535187,0.0014685227533699496,0.0007114084204540294,-4.1753202999372796e-05,-3.618386612613822e-05,0.000485830709954449,0.0019499755478582514,-0.002257400386473707,-0.027595254256253088,0.00029438529503655886,0.00043030336143679015,0.00032957563984825633,-4.8034105889160905e-05,-0.0002973129457904955,-0.001607064799220237,0.0006190924983187074,-0.0017374646837224894,0.005017808468249285
-0.011743912954482072,-0.00012023862119781015,0.0005034497565032936,-0.0002346312046056509,-0.0002033667113223725,-4.142793638128861e-05,-0.00025476610528973875,0.0002921510728990384,-0.0010695282631322245,0.0015600283948042915,9.147046530944003e-05,-0.00015051126631715483,0.005999643593002313,-0.014436452940784994,7.911665297921644e-05,-0.00010979488898421597,0.0006434455452115628,0.0002449235081700696,-0.010298564623288042,-3.607434727892489e-05,-4.839417963031778e-07,-0.00019786641617880463,9.582641222172228e-05,-1.5282789598614066e-05,-0.0009306077718677086,0.0006778631910229205,-0.015364497443234426,0.00028834340267347436,-0.0005013807317155727,0.00024722652711872684,0.02557845501675371,0.006078592793389737,-0.0039880176803701595,0.0002826292258804042,-0.00014934099913943566,8.335794376779226e-05,-0.00017921468241965943,-8.163904735902783e-05,-0.017468849720218116,-0.003399034613907559,-4.999211557854544e-05,-0.0005975235036225213,0.000249833934836019,0.001855933403477783,-0.0005661218740677931,5.6083423741970506e-05,-0.0005788525243091147,0.0003303855801684019,0.000995750577431842,0.0005667910711817381,-0.00010278352154902137,-0.0001145793917955995,0.0004040085865284482,0.0019524097831313814,-0.002302240814032741,-0.028185510512021894,0.00010215674801683505,0.0002702873327669053,0.00022081176224664212,-6.496256307142456e-05,-0.00031755473259142963,-0.0017391811842293325,0.0005857896347758462,-0.0019338142450364693,0.004786980152054809
-0.011893489301075366,-0.0002329768839408608,0.0005247737159106425,-0.00023842319760758457,-0.00021542042049538246,-4.840899547786659e-05,-0.00026218370179864614,0.00020727147304255844,-0.0010089471225089852,0.0015144239197775189,-5.136040398390218e-05,-0.00015494140940908174,0.006237558860948456,-0.0144050596572729,1.3354106041862934e-05,-0.00014116869713887148,0.0006756508690821672,0.0001674918644207768,-0.010289113864960342,-0.00012930935311883385,-1.3556314242268996e-06,-0.00020522631864128282,6.968978023325079e-06,-4.308730994462273e-05,-0.0005983509579573498,0.000857161482922475,-0.01398329759315109,0.0003679145514638993,-0.00040881733076614246,0.00019206913199742992,0.025902568104514856,0.006998266344566684,-0.0022172896923293717,0.00022718606287353005,-0.00023086029908925276,7.847170638530798e-05,-0.00024394268398131302,-0.0001309539813864058,-0.01763072459338566,-0.003140560914413504,-7.923714937441151e-05,-0.0007498939640411262,0.00017440434224025303,0.0017413769328413764,-0.0005086434196737155,-0.00010264890425015771,-0.0006322461221994757,0.0002182826052463671,0.0005015500097491632,0.00040754178087842874,-0.00014496002536390495,-0.00017848816138510415,0.00032462355961060396,0.001879415578460053,-0.0023308916579676264,-0.02860843850343142,-9.712094364833224e-05,0.00012964260483983026,6.068763149658096e-05,-7.40834143777569e-05,-0.000343312828632758,-0.0018252341437885455,0.0005023547331048928,-0.0022089918323786595,0.005744468771719635
-0.012034064033043745,-0.00031378831455664,0.0005482531609539709,-0.00024371089443020466,-0.00021948980000408014,-5.5409270414585876e-05,-0.0002740837409942465,0.0001289917359974524,-0.0010786282404665615,0.0014616315356879017,-0.00021936436259106795,-0.00016225227424737643,0.00651181961134073,-0.014345087279489577,-5.9907499424527444e-05,-0.0001824209469686311,0.0005208271877898962,7.901078473793177e-05,-0.010313681315026302,-0.00021141322105433513,-3.7519282017894895e-06,-0.00012541847902836079,-9.637232263748352e-05,-7.722319536440647e-05,-0.0003058988775704874,0.0010269329684127193,-0.012766467451599595,0.0004566121272717716,-0.00019076732773759542,0.00014204890590674424,0.02668603730767871,0.008961016606183758,-0.001014880502630544,0.00017066716791047654,-0.00028190188358478974,7.853926067458161e-05,-0.00032724892395563643,-0.000168864647933753,-0.017777065585164786,-0.002922666019427256,-8.888341940194167e-05,-0.0008498677147192879,0.00010537734807014587,0.0016559602853296607,-0.0005020707941751912,-0.00027051473135486503,-0.0006877385982277939,0.00012041420116726265,7.225165291835367e-05,0.00024600219685022573,-0.00017884237696896843,-0.00023621388483829886,0.0002614253229784591,0.0017982480498399678,-0.002291502537590806,-0.028872957907634555,-0.00028871370642347127,-1.2791474693130134e-05,-0.00011947185337513044,-8.19911384186689e-05,-0.00036525405630694063,-0.0019214451470154215,0.0004419608213066528,-0.0024566972584268987,0.006727849314825285
-0.012168386446021473,-0.0004006061726368193,0.0005629227638976886,-0.0002533856295460213,-0.00022435151581823298,-6.367216582148227e-05,-0.000262434077370588,5.1389459935879955e-05,-0.0012032569544812022,0.001386943006053576,-0.00040579270125451483,-0.00017042507240416782,0.006966370861943183,-0.014645302963614215,-0.0001248245939999837,-0.00022163204489400457,0.00042045263594703286,-1.0165634780845423e-05,-0.010235682943352753,-0.0003274621064059957,-6.335159017933911e-06,-5.5568558768870346e-05,-0.00020559557471544476,-0.00011400437636055472,-9.147040509349669e-05,0.0011370656132307921,-0.01156952679908485,0.0005317447166699463,3.5284278337543995e-05,8.029613553950377e-05,0.025918432420924287,0.01099293696394299,-0.0005543515038107794,0.00010569496146772828,-0.0003299889706301906,9.25218441514275e-05,-0.0004152547938327533,-0.00020132518751792006,-0.017948408053670928,-0.0028139368934610998,-0.00010575115167077431,-0.0009103201551495799,4.6934767328199456e-05,0.0016556306939949916,-0.0004670027147465339,-0.00047403460578121503,-0.0006562914347172377,3.96825995789829e-05,-0.00022188104032505596,0.0001360520093864892,-0.00020077838471899145,-0.0002851319716619116,0.00015323116250276492,0.001780761113351792,-0.0022469053283827867,-0.028974960081761703,-0.00047356884275728817,-0.00014565934220289734,-0.0002856425843910104,-9.332564231911977e-05,-0.0003871113332434284,-0.0019942266837410516,0.0003750204495669429,-0.002734688033158128,0.007695059806126947
-0.01225603570994871,-0.00046882571174622356,0.0005395823232035024,-0.0002619021925782672,-0.00023367469240320737,-7.611508745120066e-05,-0.00026295079771121443,-3.163348797241561e-05,-0.0013493609572350351,0.001194707981298837,-0.0006043192546416609,-0.00018084200852408472,0.007305557480721925,-0.015160753225039514,-0.0001889996523473103,-0.0002690670363165726,0.0002844494919280738,-0.00010884600967298041,-0.010407242250943693,-0.00044404847908041667,-1.4103426308587075e-05,-1.2554614635562622e-05,-0.0003273352353251324,-0.00016323636555970467,-3.9350343720934156e-05,0.0010072140509878036,-0.010495417616036229,0.0005270305187712321,0.0001517583309744719,1.5344275686057784e-05,0.025084088761689216,0.0122691747622381,-0.0008548028801129703,5.229988948829423e-05,-0.00038148604379661943,0.00011579509783077313,-0.0005052971748459312,-0.00024632251064338195,-0.01809573235924511,-0.002667940959846682,-0.00011329493925504863,-0.0009776419431367644,-7.0692274273254085e-06,0.0016737814456755373,-0.0004437402207377872,-0.0006594018267015445,-0.0006705196196525876,-4.278936028756508e-05,-0.00037507197082997656,4.4083380668968886e-05,-0.00022073084883966754,-0.0003333722926680549,0.00019288373448334006,0.001845673327869557,-0.002156664447343526,-0.02943309751923784,-0.0006462997994559627,-0.0002767554725813248,-0.00037873526631337917,-9.497659264268155e-05,-0.00040501045119323287,-0.00214465228284344,0.000309325153263762,-0.002944382155393166,0.008010359282513146
-0.012388483664877215,-0.0006036608453786618,0.000523682447008289,-0.0002735481673821205,-0.00024491512569746465,-8.65277823250965e-05,-0.00026789397280890803,-0.0001306476357090247,-0.0015417467819852648,0.0010272035692759918,-0.0008042874175602233,-0.00018991646215349434,0.007366463719376659,-0.01545706399510216,-0.00025243626209037195,-0.000317542697785389,0.0001745985741554712,-0.0002291113660256583,-0.010633230335383992,-0.0005760492114289528,-2.495464297125327e-05,5.9739652553680855e-06,-0.0004393442905880063,-0.00021473897172485934,-0.00011688243065599568,0.000947909936053426,-0.009546690918436407,0.00044985075464998303,0.00019921263788069687,-5.224258768443679e-05,0.025263432964255594,0.012952908871458835,-0.0016952765570691364,-2.446638356357056e-06,-0.0004216716554857891,0.00016234394831160515,-0.0005720003368415716,-0.00027875915018082953,-0.018306157059083006,-0.0025170307143393966,-0.00011459766562116336,-0.0010650485603755921,-5.930127727260537e-05,0.0017038843632164458,-0.0004238485198652109,-0.000819749530656555,-0.000676773425336008,-0.00012343737719799908,-0.00040292811375663984,-6.136896087605148e-05,-0.00026551751909209553,-0.00037863774077484535,0.0002386852819902252,0.0018213772058275346,-0.002156435373374954,-0.02955342414040374,-0.0007898176645251276,-0.0003552780983617776,-0.00036913416350603523,-8.409363479100485e-05,-0.000420664912704094,-0.0022746989928842387,0.00028273910895526555,-0.003126667617335932,0.00684862868949776
-0.012502307869705631,-0.0007872404144039225,0.00048772206417679875,-0.00028862657121186963,-0.00025815187483524404,-0.0001057673347746313,-0.0002888359860943046,-0.000248311017587044,-0.001803868178436363,0.0008256400335713288,-0.0010075525910364647,-0.00019813560282333498,0.007506685448912975,-0.016089129884064635,-0.000313795707382325,-0.00035832153835080316,0.00013722662601267643,-0.0003318460948492641,-0.011251035785880936,-0.0007095826470772115,-3.012891394138517e-05,1.2621091515230276e-05,-0.0005460802610474103,-0.0002472942454193605,-0.0003059639544261694,0.0007957399449549651,-0.008570141599276715,0.00032864047684921793,0.0001381683645262921,-0.00011519482341548759,0.024651830136456665,0.012785262768499672,-0.0027714257898890926,-4.700288841574807e-05,-0.0004711110387817241,0.00020572400128204826,-0.0005971020130960403,-0.0003170887929477839,-0.018504473217108575,-0.002359310444999818,-0.00012632896420416984,-0.0010979966334943025,-0.00011068461543028985,0.0017212286507488628,-0.0003774058374530487,-0.0008950553625307611,-0.0006929431794625573,-0.0002022781202488666,-0.00035265891562819007,-0.0001240439549302641,-0.00028324315024619295,-0.00040322794860803146,0.0004310634830519966,0.001768238465888805,-0.002165024856474962,-0.029760676609215775,-0.0009103142200961312,-0.00037760080029036747,-0.0002668658898817844,-5.890340041581066e-05,-0.00043578968788804406,-0.0022785593159786455,0.00026350173335343285,-0.003250225771778692,0.005675291372181146
-0.012503642533502779,-0.0010324960316147047,0.0004223151320330576,-0.0003047535508629018,-0.000269075918525985,-0.00013097727060606967,-0.000379827611910466,-0.00037570219779226033,-0.001973734121658799,0.0006936420972651902,-0.0012008006293071638,-0.00020128815698006175,0.007776066067698206,-0.01678695039784439,-0.0003793008944266152,-0.00040294523079220657,0.00010935644025367175,-0.00039032206303790673,-0.011566820677687661,-0.000793140139404902,-3.8800155635621e-05,6.147104155451721e-05,-0.0006470473623855222,-0.0002608456792514424,-0.0006081014131006368,0.0008593096999296446,-0.007850533101013135,0.0001610502197824104,-4.773656166923157e-05,-0.00016888180644292206,0.024108083968817473,0.01163493499868129,-0.003586020877449192,-9.046774967536031e-05,-0.0004974181002028732,0.0002587451074111957,-0.0005647885046698997,-0.0003454024580669124,-0.01858683451281795,-0.0021575766693818776,-0.00015376884503703891,-0.0011924422989185723,-0.00016166072206325044,0.0016923383540965453,-0.00036049833259932385,-0.0010127914040574115,-0.0006853354675744328,-0.00030857872485601234,-0.0002535856031190553,-0.0001674868969359089,-0.0003072702015651796,-0.00044581488519723766,0.0006175613369130417,0.0019463695543255888,-0.0021458251058136257,-0.03042409460633344,-0.0010183769674414478,-0.00040082110795447434,-0.00010404684699028,-2.707569867099746e-05,-0.0004451278072973297,-0.0022930274384013183,0.0002960985587001641,-0.0033408212776393498,0.004521315129161652
-0.01251362570292125,-0.0011716294661523463,0.0003497900364841655,-0.00032002452829149597,-0.00028003181547098244,-0.00014987599030380494,-0.0005073249955842574,-0.000501972221839897,-0.002173230590051367,0.0005969427181360398,-0.0013725800265939059,-0.0002029482763439283,0.00771860547279557,-0.01772114641337863,-0.0004430344899410965,-0.0004289598230751146,3.5561320755439496e-05,-0.00045099565098272176,-0.01168943155462332,-0.0008542140709343338,-4.1084481689823704e-05,0.00010090061975098763,-0.0007292701006114122,-0.00027417296709153494,-0.0009808181272268346,0.0010084756515398308,-0.007237710204270775,-4.5446744196042665e-05,-0.0003091081705255405,-0.0002146640761376828,0.02386560701744389,0.009917221713098945,-0.0038769983790588602,-0.00011131073752446152,-0.0005201296045368453,0.0003073469983749799,-0.0005031281212786176,-0.00036369393508872694,-0.018530809994693698,-0.0018764308459253698,-0.00019257315823972831,-0.0012587539820569926,-0.00019422821694736747,0.0015907069996943246,-0.0003693971046911937,-0.0011677363958382259,-0.0007234760751346769,-0.0004095617233715876,-0.0001896435852359879,-0.0001923048107063119,-0.00034361667811011465,-0.00045994627824530454,0.0006927005468204683,0.0018993572516339263,-0.0021023068898318176,-0.031094897582726766,-0.001117808992317837,-0.0004118964444729256,8.69860026209146e-05,-4.934757506513954e-06,-0.0004621311262484884,-0.0023846947181963563,0.00030241457885549217,-0.003443393351427737,0.00474195862745086
-0.012460458953376108,-0.0011746174156068712,0.0002808565223217929,-0.0003300088042487159,-0.00029696104710685844,-0.00016838550924602735,-0.0005957323495262568,-0.0006091887561422427,-0.002363559832388673,0.0005101026987102131,-0.001518740845852462,-0.0002023445136342117,0.007817069174179903,-0.018017484746576384,-0.0004976942917584992,-0.0004416654587060531,0.000162245676311068,-0.0004674500212905608,-0.012308723853359793,-0.0008833990592913565,-3.880167323977446e-05,9.734151304585659e-05,-0.0007953930284073651,-0.00027581425699330087,-0.001317080378780533,0.0008952419622467733,-0.006749789270306228,-0.00024229194791869357,-0.0006052287053560645,-0.00026039203363392716,0.024258762542866963,0.007879667478652541,-0.003514555639089645,-0.00012842486080189008,-0.0005426812104206702,0.0003700929242926865,-0.0004270791607482449,-0.0003904694705726408,-0.01830912473000923,-0.0016706631957316143,-0.00023541719597230948,-0.0012865668906965055,-0.00021133708975029641,0.0014283771475793738,-0.00043837720886585885,-0.0012734833683563096,-0.0007112306188509221,-0.0005040716110669141,-0.00021708278928367353,-0.00025031382380380496,-0.00036408824246725313,-0.0004922441031941505,0.0009391585423572657,0.0020178688472138884,-0.0021288007375692697,-0.03207850939739465,-0.001203784223291593,-0.0004337489271223349,0.0002734903726699933,3.7632019518341053e-06,-0.00046637319926279286,-0.0025240281942549014,0.00029763431510310134,-0.0035143066638558818,0.006619784428739228
-0.012377024799658742,-0.0011065246268564533,0.000225772693805526,-0.0003408625869262272,-0.00030462759425753383,-0.00018511058229886412,-0.0006569701052523413,-0.0006964413169140427,-0.002506895584658886,0.0004339099651164968,-0.0016272389146907429,-0.0002020469717726181,0.007909928382262343,-0.018446747254076912,-0.000534706157950815,-0.00044601928188403583,0.00020083003028181778,-0.00047935898645978803,-0.012452260686048877,-0.0009261124546935395,-3.473307166179662e-05,0.00012862673186586626,-0.0008451737900070366,-0.0002703610629340991,-0.0015350445640023302,0.0007324779313080398,-0.006435779181864887,-0.00037418589112736544,-0.0008624210289330803,-0.0002963000050164588,0.024078199101573716,0.006057320824355283,-0.002538834702953241,-0.00014734279064076983,-0.0005646150064793076,0.0004043806799465255,-0.00033508937763926383,-0.0003983910252708389,-0.0179806767941606,-0.001570608932034867,-0.0002752155861275307,-0.00130283227502348,-0.00024136701694221774,0.0012106473808071172,-0.00040818811396770016,-0.0013639472346008708,-0.0007261778622701387,-0.0005777184730834106,-0.0003511487765773813,-0.000302898467658852,-0.000396280513963454,-0.0005036099247391901,0.0009657263540587824,0.0020768046692005715,-0.002038497751309265,-0.03260244489929842,-0.0012881865207166054,-0.0004299741277171698,0.0003964025707907659,2.5414829010195206e-06,-0.00046526671476043724,-0.0025797211416221932,0.00026584991815048475,-0.0035888330902028587,0.008478943575133346
-0.012358487864588041,-0.0010025785731894166,0.00018465129773148625,-0.0003483429218748002,-0.00031135032994478173,-0.00019408129763465176,-0.0007050223013822521,-0.0007471896830065772,-0.0026818300210038615,0.0002944100878730094,-0.001708708407520243,-0.0002033976887737543,0.007890339386011691,-0.01872422499136772,-0.0005749853768360902,-0.00044646170781015293,0.00015236748716551674,-0.00044528197446258577,-0.01225944415218927,-0.0009624051186681859,-3.0371272144891215e-05,0.0001282036686438559,-0.0008909053932800726,-0.00026493239385250167,-0.001666290277916982,0.000551799109036244,-0.006157449945848548,-0.0004526666928327261,-0.0010326854332511903,-0.0003267945106575354,0.023833191052869518,0.0048002199682837254,-0.0011573312510824163,-0.00015178065655385709,-0.000571677798788861,0.00042550330898238897,-0.0002465928474739698,-0.0003978700856989148,-0.017613262922440365,-0.0015255342107701741,-0.0003084053936333042,-0.0012715026819843933,-0.0002678039430578094,0.0009677267163867853,-0.000439103348732206,-0.0014537877621473294,-0.0007263121034785103,-0.000640561488474245,-0.0005483173530341778,-0.0003338873187372915,-0.00040802593477273774,-0.0005323589957458852,0.0009737796378708197,0.001991846224302485,-0.001962760035546185,-0.03333896251403945,-0.0013725397023062191,-0.00045716091864111963,0.0004325420303419314,-4.277456100210131e-06,-0.0004708485552936681,-0.002609477404098448,0.00022955781303091172,-0.003643236491259416,0.010356752842626493
-0.012239320333449433,-0.0008602764671526986,0.00017854487126856,-0.0003511753826553887,-0.000317451200106067,-0.00019948042659734266,-0.0007506981315686945,-0.0007815813906383307,-0.0027990546779103065,0.00015870464704836884,-0.0017738525330127652,-0.0002016813782351745,0.007662496350927084,-0.01907779477571625,-0.0006061458988688706,-0.0004406660681448571,0.00018501417453697933,-0.00046010137837393383,-0.011865413194015462,-0.0009949615875155526,-2.4164002883630964e-05,9.176170083891044e-05,-0.0009364810903939036,-0.00027299815148440487,-0.0017238419798142335,0.00037923811012041675,-0.005902257075410033,-0.0004742674531954538,-0.0010654482700001022,-0.000352908691009457,0.024032276807551378,0.004513853495611064,0.00036911271404282964,-0.000181787738792627,-0.0005761622845784631,0.0004156869868154889,-0.0002082985902107648,-0.00038618036664894717,-0.017358132963649298,-0.0014668697481774462,-0.00032840958388025143,-0.001235703108043107,-0.0002944679149236018,0.000761798976952166,-0.00037064424318822287,-0.0015345556677764938,-0.0006756957914797468,-0.0006854587493952957,-0.000770157115793535,-0.0003463888925955283,-0.0003978873778026637,-0.0005366301688535247,0.0007367947104623962,0.0019057053604096819,-0.0018178342365633426,-0.03403430690275755,-0.0014648319375230034,-0.0005126018330275928,0.0003847599503152832,-2.0093336753790325e-05,-0.00047259506308983124,-0.002678498427105991,0.00022061574985476895,-0.0036846612878956853,0.010360109203072287
-0.012080102528099879,-0.0007718334811100958,0.00018486052823640797,-0.0003519522544404019,-0.0003165263383438921,-0.00019248335149368856,-0.0007644008901985799,-0.0008014631515389503,-0.0028372612921565565,-1.3254960768649404e-05,-0.001841124869789712,-0.00019783850543875214,0.007293276625521816,-0.019404186421041025,-0.0006423811487743514,-0.0004391739571122377,0.0002248596233160871,-0.0004565008250001501,-0.011777762982094209,-0.0009996968959191666,-1.9446325219774074e-05,0.0001194051794173312,-0.0009874952986764773,-0.0002796951040142659,-0.0017176143738386607,0.00013302639717593934,-0.005589312698534132,-0.00045527424340885414,-0.0009789263552949512,-0.0003727518237494065,0.02374062795385523,0.0050449753803814,0.0017344468727853446,-0.0002053463608659989,-0.0005597123701599482,0.0004121695120034019,-0.00020198245753377808,-0.0004102724028434146,-0.017140628114296952,-0.0013999865225916563,-0.0003347793744882255,-0.0011792323372395996,-0.0003221190730378076,0.0005993190370308099,-0.0002902035135255998,-0.0015695520561446186,-0.0005747102037371166,-0.0007119849023743408,-0.0010067007739702483,-0.0003493722603188365,-0.00040415618588107716,-0.0005364259736145849,0.0005732384733583284,0.001543198914417232,-0.0017621638231629655,-0.034685701088496224,-0.0015517558387994068,-0.0005523301126227897,0.0002522215041618203,-3.951239735922041e-05,-0.0004766583626629739,-0.00280325608191645,0.0001794503759287025,-0.003722465317928858,0.009192145369228744
-0.012026836587044398,-0.0006329645399021366,0.00019953617024093262,-0.00035519711352571814,-0.0003154582517379545,-0.0001822759511768135,-0.0007485942568127291,-0.0008239517194890134,-0.0028983328468530356,-0.00010474491370293659,-0.0018951699283179524,-0.00020219736855187076,0.006708910800108159,-0.01979488260387907,-0.0006744057093726052,-0.0004393368212863846,0.0003797531143163724,-0.0004586560363244452,-0.011737880570576342,-0.0009759757615535047,-1.692937892117108e-05,0.00012914618986714643,-0.0010430481710441697,-0.0003009476305916303,-0.0016276492797054898,-0.00018063259162803824,-0.005241950379808236,-0.0003989489414699676,-0.0007957504918247871,-0.00038719234922557355,0.02311256168257314,0.006264900391223627,0.0026795879995320515,-0.00022238440069388687,-0.0005570871364782848,0.0004150245378458095,-0.00021983279217951956,-0.0004213790778343496,-0.016990793190284292,-0.0013340434099413656,-0.0003214205845554208,-0.0011435970743051138,-0.00035192975057851683,0.0004931719297083248,-0.00028994489243017174,-0.0015798344923372287,-0.0004669842574726024,-0.0007239350147145718,-0.0011938262118214027,-0.0003706009191123405,-0.0004033402047578516,-0.0005157275258549365,0.00043572042160300306,0.0011073707280540024,-0.001855019863116758,-0.03498588608277209,-0.0016310603694728032,-0.0006122408482489572,7.900380481506986e-05,-5.102558354408426e-05,-0.00047634908071692017,-0.0029043440628959694,0.0001516024966343732,-0.0036677750458664615,0.008020296093488977
-0.011879971488384933,-0.0005342436509625514,0.00021066614184883647,-0.00035651833493266505,-0.00032006494253078444,-0.00017484391770339336,-0.0007591597000050632,-0.0008463768106141689,-0.003003625466246107,-0.00022251689324803703,-0.0019549251695467618,-0.00020798997217885695,0.006149403336071613,-0.020109264390207104,-0.0006985588161441125,-0.00043991110432561875,0.00043044044656026514,-0.00046117954026747565,-0.011336023426886555,-0.0009543415399402289,-1.6773255405722054e-05,0.00016636409021453247,-0.0011021795316558114,-0.000325867506189903,-0.0015137862283223225,-0.0006439998988490014,-0.00504783144182297,-0.0003345256069620106,-0.0005609303940024013,-0.00039990092787800524,0.0229411315433532,0.0077593221205878304,0.0030380550920121596,-0.0002315935163653693,-0.0005576596274911028,0.0004091201965112923,-0.00024845215784996544,-0.0004575104508023342,-0.016947902983261542,-0.0013514099768155985,-0.00030442122320972764,-0.0011061164890866504,-0.00036718092138210423,0.0004154190414771275,-0.00034625076380012665,-0.001550465245019117,-0.00035193704627412004,-0.0007271949965581559,-0.001307019551123223,-0.00039813887239326107,-0.00038878190657187783,-0.0004994831027039792,0.00015976700985254055,0.0006235230045785745,-0.0018756235435289925,-0.03518020235447561,-0.001708388449626952,-0.0006756801468742468,-0.00012653862770206636,-6.656725796783114e-05,-0.00047538658236268017,-0.0029283507003726728,0.000130531806302292,-0.003532035422280977,0.00684843028395421
-0.011850723686706588,-0.0003507263928451687,0.000210154216659042,-0.0003596400932589505,-0.0003200588963824247,-0.00016896452747094948,-0.000817678881756323,-0.0008695476188841367,-0.0031561683162443233,-0.0003283493532347803,-0.0020228843079689307,-0.00020885218621891077,0.005787478135118818,-0.020177064937381917,-0.0007244233349573692,-0.00044801142033101815,0.0005065123833047913,-0.000438105105920239,-0.011040723838370181,-0.0009196645328116704,-2.3935650901085737e-05,0.00017031356686514343,-0.0011613534602109565,-0.00035190672789342514,-0.0014798328070905198,-0.00017242256492189245,-0.004586269693203748,-0.0003336951324278692,-0.0003445594794337925,-0.0004184365256728606,0.0226419983636863,0.009098254958559426,0.002747799870107981,-0.0002635861251415461,-0.0005483251126643385,0.0004060918312913664,-0.00028990447107057893,-0.00047889651300947467,-0.016942746409556064,-0.0015178351681691682,-0.00028318504223878715,-0.0010409806561392232,-0.00038523804163026476,0.0004216634921565543,-0.0003490362836172656,-0.0015682386411752791,-0.0001602783268076502,-0.0007208003725130974,-0.0013000183702079893,-0.0003837416182760345,-0.00037273660132153275,-0.0004672425433114302,2.187888860971654e-05,0.00020073235866591155,-0.001878214241677445,-0.03557973632921552,-0.0017744938506329966,-0.0007037540794900821,-0.00030530645531678946,-7.214544472755602e-05,-0.00047140089903519033,-0.0029956343468681146,0.0001629614057336859,-0.0033428718249840506,0.006395139751987244
-0.011824229831823518,-0.0003039764021962599,0.00019641303987016911,-0.00036131001047967626,-0.00031789209445243216,-0.0001678125370206951,-0.0008498365181753842,-0.0009021356288185789,-0.003239910063421503,-0.0003246205901484833,-0.002092392840746804,-0.0002144144808895465,0.005589886330101157,-0.0201237091635601,-0.0007495315364878241,-0.0004526197766081541,0.0006126208192938076,-0.0004218466302041701,-0.010899636216548658,-0.0008811006727744708,-1.9931215518798062e-05,0.00016694150072371627,-0.0012144875862012405,-0.00037086526574081624,-0.001546984687971542,-0.00029996684102651106,-0.004035143823860499,-0.00038964425769727473,-0.00020928473558068372,-0.00043910365430221976,0.021351885860545483,0.009911397200427663,0.0019243715615033796,-0.0002892781229691943,-0.0005231699552795677,0.00040877860026378166,-0.0003349739012916686,-0.00047354595684778733,-0.016997436044222103,-0.001698499258153463,-0.00026103812244526736,-0.0009801385837624466,-0.00040415523419035093,0.0004485013321429143,-0.0003565680867355647,-0.0015953390467776662,-3.399200734843788e-05,-0.0007153701042619254,-0.0011896953559538126,-0.0003597372538131083,-0.0003387263361039894,-0.00046519280403123364,-9.765535911687717e-05,-9.778051549880207e-05,-0.001968525149974143,-0.03600306696445066,-0.001817747259921454,-0.0006954308041097201,-0.0003923780127220722,-5.793135029197316e-05,-0.00047069133110555494,-0.003035525269997952,0.00014197795182857575,-0.003143374474852356,0.006163154070121912
-0.0117764455142777,-0.00025223190214829216,0.0001677647767155399,-0.00036495925125712425,-0.00032755988620591925,-0.00017398136058066616,-0.0009030895985508991,-0.0009463176075406032,-0.003325970299596137,-0.0002739224442661614,-0.0021644982324817708,-0.00021985410007219208,0.005456663660336369,-0.01987179795870131,-0.0007762473404452352,-0.0004657434975033903,0.000554365221484332,-0.0004082815955558372,-0.01053394900483784,-0.0008430595039202737,-1.2036307332374818e-05,0.00020479767162639995,-0.0012666854392322513,-0.0003942308612905343,-0.0016883045482191106,-0.0005869636251939481,-0.003587407856662783,-0.00048109887883818203,-0.0001581452524217486,-0.0004508280943515963,0.020316122644022494,0.01006328996346828,0.0007800125671331148,-0.00030263646951422807,-0.0004999694312397551,0.0004255901423455555,-0.0003539544176094367,-0.0004785071382320538,-0.017144668184004175,-0.001876999021933612,-0.00024385726576481304,-0.0009835469541610298,-0.0004207017456061557,0.0004753214212624979,-0.00037233001540082356,-0.0016722951811165565,0.00011916617786988937,-0.0007243340564292433,-0.0010415636179345045,-0.0003505905258446296,-0.00031020205308573967,-0.0004627296191764829,-0.0002886414748910493,-0.000413366889530975,-0.0021157794069982527,-0.03629010657346898,-0.0018630066907616705,-0.0006577724171525912,-0.000406906842276733,-3.669913958370685e-05,-0.00047035873283851615,-0.003036414523607811,0.00011603908643631478,-0.003001258932071371,0.005929630745293402
-0.011810309484053372,-0.00025869790536159343,0.00013248770832885448,-0.0003659627807011123,-0.00033347269818317926,-0.0001833930634457248,-0.0009440542474014046,-0.0010003048781263013,-0.003410370297313947,-0.0001994619634194672,-0.0022429595164017435,-0.0002248962637769747,0.0052725953023577965,-0.01962139104522942,-0.0008150849597060583,-0.0004883817837880722,0.0005681181277199521,-0.0003359344800294428,-0.009935384355379884,-0.0008092359372035007,-9.094653220631521e-06,0.00026023952123388483,-0.0013132864010462209,-0.0004091754522201896,-0.001895636432415193,-0.0007240206797830551,-0.0031731903461009736,-0.0006032544053988786,-0.00020510657781680486,-0.00046376182787444264,0.019563167299754713,0.009384320358678533,-0.00023587957338144783,-0.00030374559015855507,-0.00046341801774540947,0.0004368708643844865,-0.00034569455765109947,-0.000496439554593886,-0.017327562562230447,-0.001963268661484663,-0.00024920165443242936,-0.0010390445216352795,-0.0004473768904906805,0.0004196132501226302,-0.00038282994092264655,-0.0017584615383582358,0.0002687522496938044,-0.0007417934918901858,-0.0008643502851611862,-0.00036383982958554384,-0.0003137602558354047,-0.0004769625992278037,-0.0005256428910609401,-0.0006766289678834525,-0.002274362117420048,-0.03648340077185752,-0.00190404058043947,-0.0006309566289252055,-0.0003694812896484212,-1.7930414475508805e-05,-0.0004708668998627541,-0.0030435009180160844,0.00011770551269107976,-0.0028101575075222263,0.0056945532437064905
-0.011829009369476728,-0.0003080508853521291,9.521637251097559e-05,-0.0003678564771329995,-0.00034539354515195075,-0.00019310354651924655,-0.0010304808464193238,-0.0010573634350274919,-0.003429905945530831,-7.374735718179704e-05,-0.0023131755254072184,-0.00022811750123474805,0.005126140008212987,-0.01923270837159563,-0.0008502364233323734,-0.0005070115948594411,0.0005742103584163161,-0.00025065038254534766,-0.009163381366825929,-0.0007626531361016875,-1.0676486688843134e-05,0.0002510035962988155,-0.0013502063035293332,-0.0004156598677597101,-0.0021492004599604764,-0.000841272605723864,-0.0027394141008756367,-0.0007568842066236758,-0.00034935094639265696,-0.0004746436263659559,0.019021868489567773,0.007933406572062651,-0.0009653050894056214,-0.00030697050142913795,-0.0004089701931588863,0.0004414227244036173,-0.0003174290536975821,-0.0005211325026139857,-0.017517234992091235,-0.0021865333511569274,-0.00026466694176019434,-0.0010912667206547377,-0.0004738177980367908,0.0003558263889615887,-0.000434341308148789,-0.001823426852311405,0.00033077321397234627,-0.0007767531759350632,-0.0007036933578200566,-0.0003611849275642065,-0.0003073166189078158,-0.00048682912527209243,-0.0006985831413014454,-0.0009409651408894826,-0.0023087382439006543,-0.036659982344404374,-0.001955882576648138,-0.0006008252907641065,-0.0003040506687191913,2.000931327073019e-06,-0.0004736995558956014,-0.002988734346042632,0.0001070777730776129,-0.002591424936572051,0.005679044543714262
-0.011799123959417734,-0.0003675177537999508,5.1000999543804326e-05,-0.00037060762846297113,-0.00035090965324124923,-0.00020899920598393962,-0.0011243232037652096,-0.0011107223432809121,-0.003431981915638871,9.755046551451763e-05,-0.002380299627709803,-0.00022955159265092284,0.004774801840326193,-0.018769674312396623,-0.000893223140509547,-0.0005176917363217681,0.0006716528753498707,-0.0001826509403166643,-0.008414617511320444,-0.0007499658431293632,-5.163979717948131e-06,0.00019376951416250066,-0.00137865071519927,-0.0004117917637326274,-0.002388993668299255,-0.0008696981026896644,-0.002454816744703603,-0.0009314867388552361,-0.0005422236426461113,-0.0004823673716947141,0.01698906083593288,0.00611871840874878,-0.0012273239140204728,-0.00033352192785074397,-0.00031950139131253774,0.00043723484089763787,-0.0002876327095759912,-0.0005590002050733789,-0.01772565074797705,-0.0021804869286561335,-0.0002892277536893362,-0.001198589524157967,-0.0004961101594950224,0.0002257301501116249,-0.0005504661736072114,-0.0018685857075387835,0.00034269704142175783,-0.0008183263201049229,-0.00060829866743628,-0.00034201311317050287,-0.00030879151808393956,-0.0004940262542909579,-0.0009749106206080604,-0.0011588681761212083,-0.0023176140583764937,-0.03642136987745692,-0.002011317065483409,-0.000574268853879234,-0.00021995120569984206,2.0415483952263003e-06,-0.0004770153704386493,-0.003055053824829179,0.00011420456656141553,-0.002382490663129122,0.005679044543714262
-0.011765669072280383,-0.000498460234328757,1.9965047094894217e-05,-0.00037415676916852103,-0.0003577749249705775,-0.0002196891074542906,-0.0011968229966948796,-0.001157582317076411,-0.003316020147055898,0.00014843229670802316,-0.0024282551649214,-0.00022412193909671085,0.004415294281632898,-0.018283231313097503,-0.0009253337346289969,-0.0005228455511703256,0.0006197149679405545,-0.00013748154457826622,-0.007907669901732639,-0.0007268994322654487,-4.429506783587556e-08,0.00015772977773442776,-0.0014045804789254435,-0.00039517676429545734,-0.0025378588240820843,-0.0008219493273748935,-0.0020732163146389704,-0.0010770515693154792,-0.0007398224099484096,-0.0004892920877049844,0.01651086399221091,0.004225657398583937,-0.0009146020147289269,-0.0003410296876241725,-0.00022779201599731902,0.0004301141088700611,-0.0002550132158188889,-0.0005847706914118289,-0.017950017128870344,-0.002223279649314014,-0.00031173196236378153,-0.001274599642385077,-0.0005208335280620924,0.0001177385755668503,-0.0005393264668268616,-0.0019406339442639142,0.00042713948289541115,-0.000860365212272951,-0.0006247366061002957,-0.00031120075715718176,-0.0003391872053201128,-0.0005084365711925942,-0.0011922464835530944,-0.0013301771118605643,-0.0022623781302629764,-0.03634904999442978,-0.00205406522893703,-0.0005620011743722175,-0.00013591222851527807,-1.263037184839888e-06,-0.0004793559727177543,-0.0030734573128449183,0.00010279356306241993,-0.0021775130137821064,0.005679044543714262
-0.01181109565013616,-0.0005195494296589276,-1.1484898872260452e-05,-0.00037926428048240535,-0.00036108098968701263,-0.00023286487507645504,-0.0012799699935758246,-0.0012137281611742656,-0.00322038309536532,0.00018040087486559386,-0.0024664325668177778,-0.00022001748024025325,0.00426424581018825,-0.0180681167737613,-0.0009644139235168714,-0.0005413733497222628,0.0006180629360492684,-8.612683864506199e-05,-0.007205561591583365,-0.0007244412565070579,4.1460626176714754e-06,0.00010728322618147601,-0.001424666030830024,-0.00038506313261543745,-0.002552196282883168,-0.0010708764458235986,-0.0016690214442178775,-0.0011583766847031995,-0.0008841282973629516,-0.0004926988158325818,0.015415813016779856,0.0026961336067357067,-3.6166656448122225e-05,-0.00033718546126049187,-0.00013472773849898534,0.0004041534832084359,-0.0002161617363883872,-0.0005903971543967934,-0.018223563530223807,-0.002277933762347084,-0.0003333144189794357,-0.001382606985739887,-0.0005517143348404696,-3.211179160189648e-05,-0.0006384004499995211,-0.0019460764665878427,0.00048385421526586647,-0.0008986951931931886,-0.0007492116114335978,-0.00026797962105729045,-0.0003532101085420569,-0.0005052927610718072,-0.0012371054278559335,-0.001506521015245288,-0.002090998921401299,-0.036466224673217584,-0.0021145779961271316,-0.0005773945511656775,-9.638317231586147e-05,-2.2615413556970054e-05,-0.00048306424123634173,-0.003123165235738856,7.432922801386965e-05,-0.0019841672126421628,0.00586149497485855
-0.011810180608948562,-0.000585043384100814,-2.3132110750556656e-05,-0.00037845347259435336,-0.0003673405597713897,-0.00023831750861724732,-0.0013484771424673303,-0.001254679830176908,-0.0030756639086620963,0.0002464581950951672,-0.0025019942913170334,-0.00021749718207009217,0.004215976057172943,-0.017662502462569285,-0.000999966390843987,-0.0005563125850619466,0.0006390598856655938,-3.7414484767461786e-05,-0.006767742306692082,-0.0007243539751454753,1.0219845957060159e-05,2.0851173686331492e-05,-0.0014424758441742291,-0.0003675920077355066,-0.0024510545307255827,-0.0010889825090072414,-0.0012528492770348398,-0.0011791173389092968,-0.0009248528982697124,-0.0005078434778462704,0.015462750160728955,0.001945740792929529,0.0012678564419399407,-0.00033681066118906866,-5.199248555287639e-05,0.0003683172681641089,-0.00018232563017306358,-0.0006108661318475761,-0.018462100267487958,-0.002326787553158405,-0.0003539076500426175,-0.0014738272815879583,-0.000580001437844202,-0.00028552467224829403,-0.0006869107963043408,-0.0020305538731868467,0.000428535375248007,-0.000951291558262346,-0.0009550810269306487,-0.00025525901955014696,-0.0003566185808492328,-0.0005057280609996884,-0.00139130480209948,-0.0016938156458787823,-0.0020143704790241967,-0.03676601449903538,-0.0021753892939575525,-0.000625369613976634,-0.00013964195945948,-4.310330120060879e-05,-0.00048582464212987286,-0.003137485013693375,7.13354711610048e-05,-0.0018251344449254914,0.007796792248612627
-0.011868830239614492,-0.0006662622120053863,-1.8756122452612267e-05,-0.0003789445171131778,-0.00036841853450919615,-0.00023805481915850635,-0.0014180407475982149,-0.001279402959081466,-0.0029678622422055767,0.0002948253607923945,-0.0025289197085818227,-0.0002114523029943527,0.004292021037467508,-0.017265957413249544,-0.0010217458797499024,-0.0005539058250307871,0.0006593552497460298,3.5200178067906762e-06,-0.006071337168707336,-0.0007177494135831575,9.146046249464135e-06,-4.3367391656889964e-05,-0.0014610276534545719,-0.0003514388697440918,-0.002278472422427291,-0.0011061959834510748,-0.0007855708406342421,-0.0011482226845488386,-0.0008325197478937785,-0.0005147647064620564,0.01544588079215714,0.0021984555280134543,0.0026774754371858833,-0.00033292531203488185,1.4712041806808074e-05,0.0003279106204081561,-0.0001962883026386253,-0.0006084545433139299,-0.018806163437881995,-0.0023594460467473155,-0.00036191283643616234,-0.0015769071926926559,-0.0005963605718960485,-0.0004811695542531469,-0.0007460383481817656,-0.0020608345607416867,0.0004230090538941411,-0.000980229871465177,-0.0012273120472925392,-0.0002644953841797193,-0.0003620871141111204,-0.0005249247623032582,-0.0017274666015472118,-0.00184076477706141,-0.0018728841150532638,-0.03669494481018443,-0.0022544564525825983,-0.0006739556025837645,-0.0002532823072118884,-6.201895180335537e-05,-0.0004900391159267103,-0.0031436632654673335,7.057602094007187e-05,-0.0016063954308334072,0.009764677632904561
-0.011902318004275214,-0.0006689463629808712,3.450934835447228e-06,-0.0003775901666445147,-0.00037307420675991576,-0.00023352713948698867,-0.0014868422160754236,-0.0013005840570540217,-0.0027639911829649977,0.00034842215986374825,-0.0025557817314078024,-0.00020588670984156288,0.004192037563972573,-0.016889581593951375,-0.001055987892443655,-0.000564249799654637,0.0006611682932577967,1.759395363376548e-05,-0.00574672882431726,-0.000737161925763119,8.168345655645837e-06,-0.00012086053408166819,-0.0014827355473140402,-0.0003407348703496904,-0.0020219588603564986,-0.0008987301536449444,-0.0003297753465548725,-0.0010676514201846121,-0.0006021102738786865,-0.0005079476042954001,0.015233280894620949,0.0035322466067717606,0.0038469157960365763,-0.0003304032190162287,5.258484680825681e-05,0.00029212466189543207,-0.00024307671518208895,-0.0005898958642777119,-0.01929332231868619,-0.0023921530699307914,-0.0003553383948171618,-0.0015988239281280459,-0.0006138906841884895,-0.000655462222748926,-0.0007374165839767466,-0.002035241720367731,0.0004634301563100074,-0.000990359314869127,-0.0015551446272470404,-0.0002163903760331598,-0.00037047505153220417,-0.0005315973102290039,-0.0017390303715270061,-0.0019706762089686247,-0.001551082396114678,-0.03658862832285803,-0.00232628719745942,-0.0007308828821679381,-0.00042450021114925907,-8.296866282231363e-05,-0.000494869682714727,-0.0032433773267214194,4.5443992068738837e-05,-0.0014418067209510665,0.011752089429446944
-0.011952822093557747,-0.0007610891648838214,3.98702509807336e-05,-0.00037637493671383027,-0.0003755650669529098,-0.00022835341350702087,-0.0015275964697915034,-0.0013070402184542917,-0.002554400648568933,0.0002782038275461751,-0.0025891753803719553,-0.0002045918331133878,0.004236344345708076,-0.016675272635903404,-0.0010807418913976186,-0.0005649287522837554,0.000651735444716417,-1.4580730068103342e-05,-0.0055384401211758805,-0.0007676571315202718,3.890140828355371e-06,-0.00021340327217334032,-0.001510892953795917,-0.0003479624157666228,-0.0016734738169725816,-0.0007454489603998526,5.323415561830913e-05,-0.0009438407581509045,-0.0002913732585744233,-0.0005118641061934159,0.013753470581522098,0.005628462817269808,0.004504762186371636,-0.00033408980801663546,5.6000981303760966e-05,0.00025850185339337806,-0.00031074433928757195,-0.0005972686596480425,-0.01988411226109399,-0.002509422196199984,-0.0003390162777581196,-0.0016433658154509923,-0.0006249092611203544,-0.0007576654255547766,-0.0006342001753214532,-0.002020397856110856,0.0004974608112637835,-0.0009871196199878751,-0.0018241107725593952,-0.0001557341895201958,-0.0003943271155806283,-0.000538448216237053,-0.0019178163974437057,-0.002049824425287894,-0.0012244777650520788,-0.03683794104580218,-0.0023827103063990274,-0.000796346310677376,-0.0006330765205571076,-9.680871627182341e-05,-0.000501099168897623,-0.0035238869859144373,3.0814383802812984e-05,-0.0013419325092905998,0.012802646782859917
-0.012008835473774515,-0.0008067053419358317,8.09471133951245e-05,-0.00037739085424759455,-0.00037945295485364294,-0.0002260231434507709,-0.0015535183260562135,-0.0013040135727532265,-0.0024798653083115685,0.00020018347255090774,-0.0026379918112096057,-0.0002026116907394293,0.00463138175784894,-0.01626725239092497,-0.0010997852273175734,-0.0005812155255642271,0.0005634379453161031,-5.208043623061709e-05,-0.005258435918951809,-0.0008006689271974343,-2.47895877203419e-06,-0.00028725176681898557,-0.0015479215367597554,-0.00035953345767880673,-0.0014418357856212927,-0.0005340662640577198,0.00028914937395740914,-0.0008660457191536075,9.644611003833958e-06,-0.0005138574094138981,0.01331773087271193,0.007817514085723731,0.0043540090243572305,-0.0003455433225930671,7.585385803787759e-05,0.00023689986629027437,-0.00038307405621573754,-0.0005972499010382659,-0.020623362869365724,-0.0026547691204675816,-0.00032747549421008326,-0.0016279648713171113,-0.0006328075432261437,-0.0007349125841185078,-0.0006642728403111198,-0.001990439640871089,0.0004971970822964522,-0.0009740455321781694,-0.001957076698075766,-0.00010561709216272419,-0.0003756775507319787,-0.000540731485631607,-0.00227063696818941,-0.0020737042917658988,-0.0009212113359445828,-0.0367419052899961,-0.002425777306781174,-0.0008600627669606009,-0.0008393984041945579,-9.616692781122538e-05,-0.000506599155215004,-0.0037171077099144023,7.84774494710927e-05,-0.0012522711659588293,0.012569354931165622
-0.011990299377110825,-0.0009271660459745368,0.00010413459986224893,-0.00037383081847908173,-0.00039132120798224257,-0.00022738965745072726,-0.0015797029273193486,-0.001307488933941614,-0.0024126695396770037,3.673906236367763e-05,-0.0027000247261069754,-0.0002099179002715834,0.004825340175127035,-0.016001723511689492,-0.0011322470844770116,-0.0006166250439018084,0.00045876015363366385,-0.00010746760080393436,-0.004872954453030931,-0.0008383589766404187,-8.156663266034592e-06,-0.0003751464593426679,-0.0015865049842369583,-0.00037826033443544294,-0.0013551784211704998,-0.0004065658773024783,0.00037134102154801063,-0.0008571094337489482,0.00023644310721215867,-0.0005187679572837833,0.013951594394203681,0.009611969865537473,0.0034511389965801165,-0.0003473594114959955,0.00011244898199458397,0.0002246370313496726,-0.00046674788136380485,-0.0005879278392322274,-0.0213784748586493,-0.002897269136287517,-0.0003122564014911289,-0.00161863797237638,-0.000629084051296025,-0.0005836939801278085,-0.0005936973359924602,-0.001945430191585329,0.0004792102548223376,-0.0009588707794678797,-0.0019374158095403216,-2.2268459216157055e-05,-0.000348809739946665,-0.0005352080018620198,-0.002440263160191747,-0.0019745891599077803,-0.0004460059824331619,-0.03653570015440177,-0.0024570116637812056,-0.0009014435110202834,-0.0009837633945409818,-8.740488795433432e-05,-0.0005178672580611332,-0.003898065262691097,9.027247643089709e-05,-0.0010916832750080818,0.012333715280538504
-0.012074333790180858,-0.0010407534369849536,0.00011535626984238156,-0.0003747766713440015,-0.0004014951006480194,-0.00023300376467561001,-0.0016468606215768178,-0.0013351279805456917,-0.0023730170629197023,-0.00012085375388515285,-0.002780923026474702,-0.00020827789931376905,0.0052220938716294185,-0.015928801976554885,-0.0011548166143250382,-0.0006535238264107068,0.00023844679427242887,-0.0001522819860551028,-0.004713327262010125,-0.0008821184115117564,-1.7559959207935627e-05,-0.0004710856142020603,-0.001624783358609161,-0.0003997211311186355,-0.001389126938284635,-0.0003020637281295757,0.0004062644007616356,-0.0009173561749539205,0.0003284462713282199,-0.0005227597948163076,0.014528720651210136,0.010498898240433485,0.002035689541521668,-0.0003526048938020665,0.00014332174067921422,0.00022005074810405034,-0.0005276944581550369,-0.0005834027382547458,-0.02207086358408583,-0.0029998736696241757,-0.0002968934675504631,-0.0015904887339854845,-0.0006426555796662514,-0.000435161200640688,-0.0005054175460875721,-0.0019291321959427066,0.0004818625520386366,-0.0009457385366951065,-0.001826147620751839,3.3214967076977686e-05,-0.0003258398317215194,-0.0005343926761612883,-0.0025414427765974024,-0.001804847608446014,-1.4742319150107264e-05,-0.03638198236043266,-0.0024667115123260253,-0.0008621385369043111,-0.00100262005035745,-7.304309237721185e-05,-0.0005305212818642602,-0.004069003072556421,0.00010570816599386745,-0.0009250764195736227,0.012097282007736965
-0.012108704177632656,-0.0011634011605877737,9.565183824533641e-05,-0.00038088738928543364,-0.00040455573764797137,-0.00024505078274106307,-0.0016919615989479109,-0.00138190449667408,-0.0024103602264200497,-0.00022587510590277304,-0.0028689118377835943,-0.00020690542636259135,0.005599878745978781,-0.01567937059995894,-0.0011820133449716996,-0.0006883776849246903,7.85984020863495e-05,-0.00021553385830974658,-0.004581113252969726,-0.0009347426371902889,-2.9060615548415214e-05,-0.0005689942126950731,-0.0016634928208483224,-0.0004112900203677716,-0.0015430171599313258,-0.00017225063851267208,0.00043857359307630794,-0.0010395197213779461,0.00024376798325076443,-0.0005193328358413796,0.014062163452035481,0.01019987074798423,0.000627695951145979,-0.00035454372228715947,0.000175873290577222,0.0002432666986551535,-0.0005548960308905393,-0.0005892113659197173,-0.02277443009012825,-0.003036135091045944,-0.00030097682679874893,-0.0015784643296103962,-0.0006575270762796404,-0.0003666345029964546,-0.000496290520762499,-0.0019037628245550664,0.00040082184700218626,-0.000951734343273225,-0.0016331841596902708,9.21966730715873e-05,-0.00031570498632882416,-0.0005442438837328645,-0.0025707171493281056,-0.001346622627821481,0.0003433512994042154,-0.03617256706742222,-0.0024621602244560004,-0.0008243325371600774,-0.000916594066487364,-5.871896044218339e-05,-0.0005394326691605666,-0.004222853177595409,0.00013892539996973596,-0.0007323749093600673,0.011594621563002061
-0.01204708011914335,-0.0013753930603289666,4.697917921347994e-05,-0.00038803894889938295,-0.00041535278160265143,-0.0002644079037963376,-0.0017537906553793947,-0.0014559972332633953,-0.0024403779648574098,-0.00037286912842093844,-0.0029522850627602404,-0.0002054901199228798,0.005875202003556623,-0.015766965371654784,-0.0011976939437102763,-0.0007129241747032555,-0.00011386768397769753,-0.0002524911377094208,-0.004360465051466589,-0.0010007638720389567,-3.5712353092631766e-05,-0.0006340265085678087,-0.0016936664123338163,-0.0004173141505179334,-0.0018202153538243726,2.4128904219544722e-05,0.00045353377217893787,-0.0012219658246196419,-4.501914994015088e-05,-0.0005224901558588124,0.013322289908777707,0.008506093091231737,-0.000595240021480592,-0.0003657284296322283,0.00017176253229633787,0.00026346341527228034,-0.0005327135684680684,-0.0005913707186024908,-0.023373935056516082,-0.002917691588047555,-0.0003244560692861054,-0.0016216978863754505,-0.000674283728000491,-0.0002548554344308229,-0.00048642926933784025,-0.001979269677475415,0.0002845241608280258,-0.00097620042022728,-0.0014033153629950945,0.00016985470402142155,-0.0003143039113214785,-0.0005571850314637361,-0.002493492934163566,-0.0008672579739539277,0.0006929809754927518,-0.03584201068017567,-0.0024628100115783313,-0.0007659985935163371,-0.0007521665428028568,-4.2590732593938974e-05,-0.0005462108451460557,-0.004332304616525562,0.00018802511091919882,-0.0005728181537131283,0.010896019110157251
-0.012125307686708942,-0.0015427413813555724,-9.82618779565847e-07,-0.0003938310064278694,-0.0004222328396095154,-0.00028675432580183013,-0.001846995795790063,-0.0015398969284599051,-0.002432673826477494,-0.0005309710219814079,-0.0030170562890271535,-0.00020319259800449796,0.006144446456372243,-0.01563846870093688,-0.0012191442508192596,-0.0007284835038209314,-0.00031023396502849465,-0.0002967755524105886,-0.0042707352040124436,-0.0010457054572662328,-4.224720350942679e-05,-0.0007030088923348776,-0.0017144233434542855,-0.000419335289265077,-0.00218529120051425,0.00019329284364588695,0.0004562152445075629,-0.0014500150432837922,-0.00046429559322280767,-0.0005388733777141885,0.014475189413579281,0.005903188154643635,-0.0012577157480860857,-0.0003673138787867458,0.00016881294133042068,0.00028265488065337685,-0.00047550660246564735,-0.0006089097132141452,-0.023841898945248907,-0.0026715594970462275,-0.0003539152617221264,-0.0017299738704753542,-0.0006913790305888012,-0.0002582332891598593,-0.0004946770106177834,-0.0020548098907624546,0.00011327223528301289,-0.001023298255975913,-0.0012307453323430195,0.00019137626683263242,-0.0003126566953990384,-0.0005673257836974477,-0.0023367719291086386,-0.0004775531233881525,0.0008419273559134854,-0.03561408085569451,-0.0024603556582051267,-0.0007276495447436915,-0.0005284793516340258,-2.8050821551550698e-05,-0.000545232053819511,-0.0044649741902969,0.00020440219545592164,-0.00046205863766624056,0.010190373260514418
-0.012145029809619068,-0.0016350718740932857,-2.7305596269067145e-05,-0.00039543085897941754,-0.0004309250431784317,-0.0003062976266215989,-0.0019207071797773256,-0.0016187372134622846,-0.0023774120025882306,-0.000623593089826513,-0.0030641308862635608,-0.0001940066977652588,0.006228826289756073,-0.015428537072687654,-0.0012484711501579149,-0.0007332761706254631,-0.00040061389224355093,-0.0003316593696486292,-0.004267315340941713,-0.001100863085629955,-4.731287094084102e-05,-0.0007658466912616735,-0.0017241066207543954,-0.00040444015191420934,-0.002504308785942655,0.00042480698158731123,0.0003903514053449353,-0.0016443994051696942,-0.0008589486762135001,-0.0005476885782684793,0.015028747607898296,0.003454491204016197,-0.0010805257854805683,-0.00036982603694157845,0.00014520963769659723,0.0003260290413598099,-0.00040374388644548453,-0.0006194404199851844,-0.024174579928522677,-0.002692446580216834,-0.00039052568262587517,-0.0018527211759731266,-0.0007166371615197065,-0.00032448894089132096,-0.0005048906162322675,-0.0021041599935525124,-7.218049914847757e-05,-0.0010794502812583318,-0.0011552584557612544,0.00022579068306072259,-0.00031403402989349516,-0.0005801169635820669,-0.002203143787965711,-8.372141526447052e-05,0.00111973311275948,-0.035358617224308664,-0.002459826256348552,-0.0006994966783527845,-0.00029261513404321704,-1.1953530096753262e-05,-0.0005506642475948675,-0.004479497396195908,0.00024019263889685227,-0.00042944156944069167,0.009487075209804408
-0.012118654848806365,-0.0017325467344012635,-5.480795644396963e-05,-0.00040261110892514385,-0.0004280856186874571,-0.00032782689545185484,-0.001991283220542206,-0.0016861483163985724,-0.002326437667587,-0.000748669887736364,-0.003092694307318511,-0.0001848090773844957,0.00615839464839496,-0.01534478308892484,-0.0012632432469481536,-0.0007253313169558462,-0.00038013402041103816,-0.00032569549012395616,-0.0041545897541123145,-0.0011375192633321651,-5.3374892848845334e-05,-0.0008762559993059638,-0.0017294214545598985,-0.00038340198824582394,-0.0026514791800507087,0.0004816140663272961,0.00036141984356330425,-0.0017410338754946242,-0.001196506105155204,-0.0005561999198120393,0.015822041388801056,0.0014059998523621164,-3.0442300983923865e-05,-0.00034554917032925125,0.00011041097913677689,0.0003380711231497635,-0.0003205655798146356,-0.0006214774217367935,-0.02431056652984165,-0.0027347481606664337,-0.00042882441860947473,-0.0019486085071285242,-0.0007346297450763206,-0.00042801176004914065,-0.0005280974951397122,-0.002189225307142939,-0.00022318107967456147,-0.0011347796305882785,-0.0012633680241539436,0.00025704584266450503,-0.0003111589609727794,-0.0006279464176237592,-0.001991091122953037,0.0002521868819000961,0.0012619333320511572,-0.03525478141088467,-0.0024703972869639657,-0.0007052831903098244,-0.00012547304477139587,-1.9257129318717148e-05,-0.0005549105286286604,-0.004430156967546228,0.00028194403464909534,-0.0004915821371592743,0.008784934524765253
-0.012060567968771085,-0.001679859464775335,-7.485437193810451e-05,-0.0004062918646803304,-0.0004202587337958086,-0.0003443001584790828,-0.0020263605011311414,-0.0017362167314334265,-0.002294234570992648,-0.0007886971556483324,-0.0031049230089286173,-0.00017602453933740492,0.0062335518420417735,-0.015526050423100513,-0.0012809388863901372,-0.0007123385042195896,-0.0003243285899913184,-0.0003261587634708629,-0.003825455338766992,-0.0011305878271808956,-5.5189362369256756e-05,-0.0010027376954033773,-0.0017318298617891026,-0.00035727343104474674,-0.0026512362316460925,0.0006773094550485137,0.0004189935679930201,-0.0017588110453629069,-0.001438526577545618,-0.0005533180444704522,0.01654339596727339,1.7782668998655993e-05,0.0017084055755407501,-0.0003347211329772781,8.425129546973942e-05,0.0003592096371778375,-0.00024566957649629906,-0.0006298499975520011,-0.024276952351648173,-0.002742940414861561,-0.0004600555709527443,-0.002082840385582818,-0.0007531357246818304,-0.0005484653053520194,-0.0005839182320068748,-0.002296150990152901,-0.0003748160468854955,-0.0011944461740640566,-0.0014851482682717299,0.00024186865614495012,-0.00031354303806219175,-0.0006507181440503773,-0.001955792498722908,0.000597029925492043,0.0013905175507200607,-0.03498623019397973,-0.0024982734492395853,-0.0007615361145474342,-5.584533240976519e-05,-3.749820544696192e-05,-0.0005583907704105329,-0.004429441980879467,0.0002738280099705559,-0.0006140023443584885,0.008084281881303168
-0.012025711824381502,-0.001546537506494472,-6.393348957045575e-05,-0.00040369006986651357,-0.0004150702504319703,-0.00034861028318022846,-0.0020228915280551263,-0.0017619681005611731,-0.0023063085246313175,-0.0008658617571186689,-0.003102140192950076,-0.00016464662184156875,0.006143391814834587,-0.015487272012581599,-0.0013058581706218986,-0.0006833163456113622,-0.00026154630155028613,-0.0003564469124778258,-0.003865211182633832,-0.0010998282395644488,-5.4992295161482296e-05,-0.001146574020097324,-0.0017365929843367045,-0.0003602128918075431,-0.0025242001962839655,0.0008165141115585861,0.00035563089791823543,-0.0017104494030267814,-0.0015228927020237704,-0.0005673544681754628,0.016233021800438507,-0.00016920972697020975,0.003590387742203216,-0.00033354460616874526,3.582537599444713e-05,0.00037611977992146883,-0.00021109522720808016,-0.000629474265399832,-0.024182128638827738,-0.0028375367020472275,-0.0004746179402494999,-0.0020478451981246204,-0.0007562950416929448,-0.0006141091945871535,-0.000696977564607848,-0.0023097274130903234,-0.0005373059832863847,-0.00122342265426445,-0.0017905516489783446,0.00021934712300764048,-0.00032445887617682523,-0.000642475988834601,-0.0017662708776805536,0.00038110717299555397,0.001499551483382433,-0.03427390389517615,-0.0025368329894908115,-0.0008235443678897836,-8.970275474995404e-05,-7.38957674010221e-05,-0.0005627793304235906,-0.004391219554949144,0.00028145227122799987,-0.0008128518214561842,0.0073789832413615475
-0.011898551701216786,-0.0012895816240083846,-2.9332848980545556e-05,-0.0004038336022319511,-0.00040528286738794606,-0.0003471652216979759,-0.001979244034873706,-0.001764257483322873,-0.002247839426342213,-0.0009294944209883305,-0.003096529385316016,-0.0001527289462378567,0.006162060478707598,-0.0153699762552989,-0.0013144526578462434,-0.0006551177838963751,-0.00018755286981286812,-0.0003799314410777299,-0.004013094509463411,-0.001118207491788592,-5.5462278162443646e-05,-0.0012437549908185241,-0.0017458345275187526,-0.00036814120577799425,-0.002270159068203381,0.0008611526557942284,0.00045491012077181203,-0.0015817391522033875,-0.0014352730617759324,-0.0005771735824415813,0.016346155416825603,0.0008890167830897244,0.005168861467348407,-0.00033210199688016306,-1.8506321681432958e-05,0.00037261794889809075,-0.00022785534637526084,-0.000636923927800348,-0.024097160921549454,-0.003064541770751883,-0.00046417070129467497,-0.0019524627093145952,-0.0007616702852001334,-0.0006700999764336357,-0.0008043187632428284,-0.002248377648828237,-0.0006457301777860192,-0.0012304791086975575,-0.002085005573274734,0.00020542517808364025,-0.0003122789971893303,-0.0006587889366191924,-0.0015307356025049401,0.0003401666456592789,0.0015435324586361432,-0.033255533599434894,-0.002587503594899121,-0.0008981816765154527,-0.00022548839269498355,-0.00011488428120309813,-0.0005565599374977026,-0.004344432611384841,0.0002790596246160515,-0.0010658037327777592,0.006685307859516376
-0.011867277071032523,-0.00112682694651145,3.2857612222159105e-06,-0.00040187947182745987,-0.000399724206657015,-0.00034117090693208674,-0.0019401724443945945,-0.0017555806973535981,-0.0022433854225335503,-0.0010399794044900768,-0.003101537888667627,-0.00014540977670995936,0.006019309982069565,-0.01542572722114055,-0.0013336703754042167,-0.000624625055503647,-0.0001999709758705448,-0.00041940578562027486,-0.0038305373074905003,-0.0011484247204593956,-6.128241611846885e-05,-0.0012579397592890063,-0.0017619673345027342,-0.00037721521674904945,-0.0019817761206003537,0.0009822039271949468,0.00037912266993389565,-0.001411847033397029,-0.0012259380429513467,-0.0005866165337177209,0.015023072891751754,0.002865724581620821,0.0060325576552979765,-0.00034705417643099423,-5.987584152788994e-05,0.00034804944811672733,-0.0002745978964143747,-0.0006602997770761565,-0.02408511459214402,-0.003408229270548069,-0.00043573051196987844,-0.001872722900742474,-0.0007712086038885735,-0.0006602843049152707,-0.000785405793255034,-0.0022092937483119135,-0.0007383256900297397,-0.001208842024017387,-0.002298948199109141,0.0002303480089269616,-0.00029676207111750674,-0.0006285848660286808,-0.0016298417897571138,4.6397465315539677e-05,0.0015970107291911617,-0.03234660813468948,-0.0026416813360155,-0.0009658226552408111,-0.0004156455833687067,-0.00014663592476549248,-0.0005595629060068941,-0.00426327111021263,0.0002511946483312322,-0.0013235182889606012,0.006782675380042846
-0.011856787184506334,-0.0009538204772161496,3.335500481482789e-05,-0.0004036065276005196,-0.0003949037118009535,-0.00033570493513968014,-0.0018960583213049054,-0.001736026220633069,-0.0023284638093663546,-0.0011305770360843237,-0.003118882407279422,-0.00014244280314790192,0.005909089200264228,-0.015484008359805457,-0.0013546961625205967,-0.0006099631044276244,-0.0002824940192370784,-0.000470276553366511,-0.0037274672737561687,-0.0011361797935338647,-6.558458644323473e-05,-0.0012478166885033781,-0.001790429524047954,-0.000406416776674301,-0.001762409961171274,0.0010328217405797258,0.00029220346364700056,-0.0012597055448314576,-0.0009608056351662064,-0.000595264814917118,0.012683151791982317,0.0053041144158527676,0.00596983556222086,-0.00034631207983559786,-0.0001023998713448604,0.0003446366040615878,-0.000345573620986972,-0.0006766186221214276,-0.024109862965744466,-0.003756631094934515,-0.0003971395348995044,-0.0017360820934012589,-0.0007729618298236707,-0.000603225191370016,-0.0007708648463939927,-0.0021424847562822036,-0.0008116902748500632,-0.0011799931558388321,-0.0023554816109292442,0.00028103447209204546,-0.00023575386360819017,-0.0005797780679077658,-0.0016757564329243912,-0.0003260300244571912,0.0016088370885098957,-0.03168065860185432,-0.002678674485855126,-0.001013047882064022,-0.0006052134757401628,-0.00016388388896282358,-0.0005646682819262505,-0.004182283105585438,0.0002454073975812765,-0.0015491076887020894,0.007025920576508193
-0.011749126427546774,-0.0008558250132083556,5.0868069571663455e-05,-0.0003999934826438567,-0.0003875215632391793,-0.0003311943493136127,-0.0018506055045992564,-0.0017304438144152279,-0.002397138599327331,-0.0011731492289740464,-0.003147069916444978,-0.00014041718381996304,0.005711165877531954,-0.015750336330866532,-0.001378103390835217,-0.0006028821070104273,-0.00031995788869865205,-0.0005169076072759626,-0.0037550642416704916,-0.001120001450045205,-7.339692748453697e-05,-0.0012357354573121482,-0.0018162056848897157,-0.000453671026342084,-0.0016579258975217837,0.0010922729999169878,0.00010068171174015816,-0.0011625198297016137,-0.000744443859408972,-0.0006017479000420822,0.011395535436680149,0.007446693394089987,0.004984111944081215,-0.00035000164510312626,-0.00014061712782054148,0.00034454096675995416,-0.0004262081883896762,-0.0006933677952720707,-0.02416909482163243,-0.003935486125923204,-0.00035907234173926383,-0.0015836666470318006,-0.0007699391946869305,-0.00047762184908595184,-0.0007542084892937506,-0.002087867319401915,-0.0008620583582574781,-0.0011454107764092836,-0.0022769353990635954,0.0003444106728591745,-0.00019894307784895648,-0.000515489502322386,-0.0017199108027593502,-0.0006950627877575499,0.0016288566812929783,-0.0311472884285926,-0.0027041621350766265,-0.0010233805679057406,-0.0007384260630834971,-0.0001770695944320888,-0.000564760454026092,-0.004107041030899872,0.00021988776195169812,-0.0017504372171678328,0.007270802618708272
-0.011672569585174597,-0.0007826207909876759,4.068531230738692e-05,-0.0004045281423132874,-0.0003751942467041802,-0.0003288019856538815,-0.0018112818726974123,-0.00173099799661669,-0.0024679222328776174,-0.0011264938780524147,-0.0031859296081299115,-0.0001459584243447276,0.005516132496976578,-0.015754872430470468,-0.0013933209547092318,-0.0006098207376523668,-0.0002989494149838734,-0.0005284214121636932,-0.0036110638361206426,-0.0010959752614314588,-7.92799353493967e-05,-0.0011594861296809755,-0.001847165921734395,-0.0004981979486121668,-0.0017258328178283433,0.0008679166554075302,-3.8394400452612665e-05,-0.001161106497930886,-0.000628013067769273,-0.0006154513965149766,0.0102645306604785,0.008869749911076585,0.003247600826023378,-0.000339850331265934,-0.00014470811765332492,0.000365913861953171,-0.00048055272369673663,-0.0007356714125917874,-0.024272562580637036,-0.004151451254411631,-0.00031919154748805134,-0.0014568579576704765,-0.0007755658102741592,-0.00033596644857014635,-0.0007519592706637379,-0.0020236349230990935,-0.0009425192538317084,-0.0011236785209076672,-0.0020568432639879175,0.0003770149791317845,-0.00016917202184330016,-0.00045855257808202765,-0.0015953056466450066,-0.0010775911443297037,0.0015859335344203807,-0.030726115169820822,-0.0027117981737573293,-0.0010056157247116948,-0.000767578429940019,-0.00018058048727320752,-0.0005621073651167485,-0.003971274855524842,0.0001423043372230648,-0.001852986309641258,0.007708534849297122
-0.011739101677142871,-0.0007529666741465935,9.798570573815724e-06,-0.0004061889534138219,-0.00036862147081118124,-0.0003389913826993274,-0.0018031659971773362,-0.0017605025911621164,-0.002585135701687391,-0.0011062894683219193,-0.003227926710588469,-0.00015616187143052684,0.005168068089093314,-0.016132704911921758,-0.0014153752324139734,-0.0006216611884947154,-0.00029266466803312685,-0.0005576902249627702,-0.0034138971687950326,-0.0010459894842294037,-8.51209403611719e-05,-0.0011211504133370465,-0.0018710665338684818,-0.0005381363360361657,-0.0019243488314832913,0.00040636018069761803,-0.00011404153762040181,-0.001254921374432727,-0.0006795629270792691,-0.0006091081043686497,0.010931509781315407,0.009112804369088678,0.0011350393506075473,-0.00033400148414342024,-0.00016143542147628587,0.0003966713245366904,-0.0005174302261086172,-0.0007723015813185796,-0.024442240698319573,-0.0043689634609953565,-0.00029064989698746047,-0.0013671693429210263,-0.0007776119527415082,-0.00016380506749502644,-0.0007885407016509083,-0.0020280899550022546,-0.0009871536446967033,-0.0011146159445011294,-0.0017286354852998898,0.0003985535145645258,-0.000155315800107525,-0.000398701671870727,-0.0015347083750251178,-0.0012671197370575094,0.0016389973760393417,-0.030049045563361854,-0.002703360755871853,-0.0009503572858213793,-0.0006902012338705354,-0.00017511755871624235,-0.0005587048444072318,-0.0037634528015340063,0.00010303552403456706,-0.0018712192846229714,0.009118569980140157
-0.011691425633848063,-0.0006655140874749499,-4.678298036575601e-05,-0.00040646926589515964,-0.00036046555297752914,-0.0003562255660441993,-0.0018522679286973043,-0.0018049696834437912,-0.0027473716483187305,-0.0010903949832302695,-0.0032820855792684567,-0.0001643893635782101,0.0050355901285517035,-0.016120539630316233,-0.0014319678049951046,-0.0006303425013868269,-0.00026977221447788136,-0.0005872441147904972,-0.002813629976734733,-0.001004197867916612,-8.733762237744802e-05,-0.0011304161570513394,-0.0018950337703792508,-0.0005690983126727112,-0.0022330102449240607,0.0001140780830826138,-0.00016451305118514448,-0.0014193384551193233,-0.0009053896827874164,-0.0006185420399387187,0.011589230684787122,0.00804332997509638,-0.0009549565137567662,-0.0003236448497884181,-0.00015747672348553898,0.0004192501697446449,-0.0005156899423239825,-0.0007957987379669795,-0.02457128994051605,-0.004652006081402815,-0.0002815431360972953,-0.001323615205109041,-0.0007785727281413024,-9.331879248264396e-05,-0.0007335800316660146,-0.0019972829280984206,-0.0010262932554863102,-0.0011194276622148447,-0.0013884174614767764,0.0004113236953238175,-0.00016373745856212985,-0.0003572838411060042,-0.0015592745921307882,-0.0014363201537224146,0.0017588587228369867,-0.02946734227643011,-0.0026873649285532597,-0.00084898697700031,-0.0005248606766476982,-0.00015838471381224295,-0.000550866307407305,-0.003524741400402376,5.4614149016085634e-05,-0.0018357388329787172,0.010533284175052948
-0.011730435425243102,-0.0006722004677790494,-0.00012043799833783009,-0.000411971824117896,-0.00034983852060099796,-0.00037880365596831833,-0.0019189390602714074,-0.0018586434054223,-0.0028342126634650633,-0.0009281323853050916,-0.003320062903175325,-0.0001706775116071535,0.005044405740354252,-0.016018830757498437,-0.0014529325099313928,-0.000644496050532517,-0.00025622493672294855,-0.0005875575933318444,-0.0022944680741940893,-0.0009822791208486947,-9.044958011772408e-05,-0.0010962398382599048,-0.0019092724830219732,-0.0005897416741788009,-0.002620431467662776,-4.067010969766027e-05,-0.00010333839193599204,-0.00164021424446259,-0.0012647010632641509,-0.0006294197367793242,0.01225329825739263,0.0059501057512774125,-0.002576214102988472,-0.00033522250824269406,-0.00014790738962078276,0.0004504301179883985,-0.0004649067374389304,-0.0008282489946771499,-0.02461165110389263,-0.0049145478826474465,-0.00028647250701263616,-0.0013477039868838858,-0.0007901920841363319,-0.00011025085416882519,-0.0007297513085701146,-0.002093104677998836,-0.001080613680494391,-0.001143998163954607,-0.001083294404321311,0.00041649630400275583,-0.00018457083376988148,-0.00035191770358045105,-0.0014062953078798346,-0.0013143986862517165,0.0016886077417226364,-0.029307364155156224,-0.0026708999413666,-0.0007387214106876483,-0.00025402072254587793,-0.00014115876606424216,-0.0005477856927017521,-0.0032848686524034054,2.0089172064530203e-05,-0.0017808601978739347,0.01193862370803056
-0.011766570758844686,-0.0006931471236271136,-0.0002056485474740688,-0.00041802688308389957,-0.00034327523486543665,-0.0004017154042817994,-0.001969199543668254,-0.0019165159958747235,-0.002821861755626931,-0.0007242476396377429,-0.0033430430874658024,-0.000172191959678214,0.00468666836505216,-0.016118310448974604,-0.0014742353078575077,-0.0006589574639738194,-0.0001421487194860349,-0.0005647940249237093,-0.001824835442321593,-0.0009190158138685511,-8.441980729512188e-05,-0.001077956780084266,-0.0019148316175818803,-0.0005905983954481719,-0.0030312993910350805,-0.00016170157930350815,-0.00014307804576374483,-0.0018503164911779502,-0.0017045621254020427,-0.0006404994052467972,0.012133608274915941,0.0031668110148714845,-0.0033749929481428076,-0.0003333039686774786,-0.00013576327131814558,0.0004729344312259798,-0.00037303365561625057,-0.0008555497712319227,-0.024466112592529843,-0.0050837183744135706,-0.00031546026325968146,-0.0014618921102163007,-0.0008059860843908639,-0.00018801518748245982,-0.0007004779747382672,-0.002146445158866417,-0.001155666137064304,-0.0011906476981934366,-0.0008880045507531076,0.00037398736135751953,-0.0001964495771364927,-0.0003572940534206648,-0.0013602513416015594,-0.0010933263119565773,0.001490189808620368,-0.02902562167475642,-0.002661725659045988,-0.0006560171783320801,4.7224486572350344e-05,-0.00012091326819607673,-0.0005471271900623353,-0.0030014517241161442,-6.348787243815046e-05,-0.001808287280435028,0.012299358053903475
-0.011716093239073522,-0.0006529690968091195,-0.00026907890557503755,-0.00042635045554628714,-0.0003426797887130517,-0.0004234569904608687,-0.0019971416948966203,-0.001971540121539106,-0.0028279678433466016,-0.0005309768943725368,-0.00335006901889201,-0.00017290340264453086,0.004118449347865649,-0.016188566796326298,-0.001490909909709126,-0.0006713078113489424,-7.5495473881304065e-06,-0.000498319465837338,-0.0013579270844731317,-0.0008805598999378494,-8.391398670737349e-05,-0.0010289072176854486,-0.0019156848190721165,-0.0005842207289088464,-0.003422276701957938,-0.00026922149826758,-0.00012496369799186446,-0.0020216022141805734,-0.0021237271820028214,-0.0006447850160883339,0.011967620409191193,0.00034872409267006077,-0.0032006823892376524,-0.00033663692683116864,-0.00012840637498412466,0.00048632592759645377,-0.0002676165394198682,-0.0008960353560250045,-0.024233879085116095,-0.005188744036390136,-0.0003551881268846202,-0.0015802093353951552,-0.0008212382557633013,-0.00035045352275331343,-0.0007544727845926191,-0.0021731909442798125,-0.0011870527457711333,-0.0012538502727137413,-0.0008441543456232381,0.00032158047541197554,-0.00023074106219722612,-0.00034891178524343314,-0.0013897204176051003,-0.0011909236985834237,0.0014153714038358522,-0.029504176246931912,-0.0026679261277571253,-0.0006109459925049965,0.0003035714093766462,-0.00010873681408740676,-0.0005426420253024089,-0.0026906350818125535,-0.0001344389666287915,-0.0018772851188932904,0.010419448994406943
-0.011717659722354057,-0.0006687150224364835,-0.00030390279718006674,-0.0004274220051546651,-0.0003348100756596084,-0.00043133767422154357,-0.001996307218161575,-0.0020020618513774124,-0.002737876333206324,-0.0004128967297002406,-0.0033419493192234917,-0.00017193921635971776,0.0032822361806148503,-0.016249944757368295,-0.001507160917406547,-0.0006811259944663473,0.00013860300253543123,-0.00043264879598980954,-0.0009418583750105958,-0.0008498911737596648,-8.310888195628419e-05,-0.0009846526636578812,-0.0019138333438581956,-0.0005644131194322277,-0.0036802245625955354,-0.000308740187141443,5.279994311235825e-05,-0.002143095635018355,-0.002453101418528947,-0.0006563402184585065,0.011801692024575816,-0.0019739316093805304,-0.0021064435623501243,-0.0003391499233709183,-0.00013929767040454788,0.0004916265358545502,-0.00018323011184950833,-0.0009337525060062468,-0.02394628241920005,-0.005359596172307968,-0.00039563278485854614,-0.0016569291885045745,-0.000831805742902203,-0.0005711370506849001,-0.000726723735540391,-0.0021994826009698043,-0.0013191350613366293,-0.0013116088550094718,-0.0009468239101583231,0.00027435405303433136,-0.0002626040217718062,-0.0003497017078111231,-0.0014126062443351461,-0.0013241573588407274,0.00136305913589152,-0.030069776003913473,-0.0026865525219055275,-0.0006163260809746163,0.0004904063539594716,-0.00011674313483100995,-0.0005370456438905657,-0.0024904668633600746,-0.00019383575754983173,-0.0018949724969962167,0.008520790611039608
-0.01155569571549131,-0.000651003037497655,-0.0003226713509161261,-0.0004336779233472532,-0.00033019735402450845,-0.0004352939142198142,-0.0020020977372611215,-0.0020161655544607138,-0.002650271584041186,-0.00034836759022238706,-0.003319506102964276,-0.00016667090773969662,0.002546153716313615,-0.016442354172885754,-0.0015066131914857062,-0.0006764012252967744,0.00024244619967306313,-0.0004260449637937258,-0.0006266665645846548,-0.0008315366421907111,-8.714702079493097e-05,-0.0010370691874874716,-0.0019122758007207308,-0.0005398779169507595,-0.003713619770752019,-0.0003548389252843176,0.00030796810896038807,-0.0021746305417800205,-0.0026318247027399266,-0.0006705895317107302,0.011282141249376432,-0.0032675652961060564,-0.0003739554836055259,-0.0003404846744127221,-0.00013512915405022863,0.0005130280309253443,-0.0001299427809819953,-0.0009533642124499586,-0.02359993984983344,-0.005621923831784725,-0.00041899794974220583,-0.0016605228633539415,-0.0008399253174870003,-0.0007625913249342808,-0.0007601281069066212,-0.002188066636447661,-0.001472828017487826,-0.0013616317956943735,-0.0012068423065833,0.0002527535372216505,-0.0002715343925742131,-0.00035523706339668504,-0.0013794983781675318,-0.001363801581833024,0.0013369873287487621,-0.029651198383359056,-0.002724789149869178,-0.0006687645819579702,0.0005467667185421465,-0.0001364017063673062,-0.0005345175526286772,-0.002284194693767505,-0.0002776967502753358,-0.0019420145270580003,0.006659597807823658
-0.0114864915411651,-0.0005337293016798306,-0.00030830894546596266,-0.0004360038982119674,-0.0003198853336481289,-0.0004292794910292219,-0.0019312545283755034,-0.00200349675695477,-0.0026110265642489416,-0.00031571948155439955,-0.0032945438144380557,-0.0001575098046051604,0.0021462914899901264,-0.01646513576988784,-0.001512880838823616,-0.0006581575909222481,0.00033348724912629635,-0.00043094746950034235,-0.0006270307544530285,-0.0008454174148762039,-8.251523003488526e-05,-0.001095219523889135,-0.001922458291658935,-0.0005142322673166166,-0.003535881508761718,-0.00047701868075999965,0.0006237193195175461,-0.0021106667228796283,-0.002608536617745183,-0.0006785824800734641,0.010093620894153332,-0.0031690177015681886,0.0015810686962605125,-0.0003501807032066928,-0.00012311093490902092,0.0005139486713190422,-0.0001104058314402856,-0.0009538691677514199,-0.02335430805592764,-0.005704723186129024,-0.00042830959863715545,-0.001655039227986932,-0.0008456871140962718,-0.0008835393924838675,-0.000774907053977758,-0.002182538700808534,-0.0015468015365793786,-0.0013906555025086087,-0.0015341959310842812,0.00024354604120446766,-0.00027589572171760057,-0.00036942870910272596,-0.0013100076014163076,-0.0014139983946328538,0.001231303944663864,-0.029418545983112998,-0.002764830400489471,-0.0007385932610229906,0.00048345249160730575,-0.00017199016379154664,-0.0005334595726644853,-0.0021333234335290108,-0.0003508332704181827,-0.002025553257385737,0.006493284360892915
-0.011518939621493529,-0.00042632980370960194,-0.0002835532278909758,-0.00044112077120916915,-0.0003159976753478455,-0.00041896398687590874,-0.0018735308960468045,-0.0019815214857855645,-0.0025479683489891825,-0.00034590949457080633,-0.003254544479210253,-0.00015020995810333115,0.002087731354884159,-0.016787915739433834,-0.0015208343450674455,-0.0006459822543283256,0.00025271172886243143,-0.00044186475833418726,-0.00044391133184340514,-0.0008627424478353518,-7.921251262843487e-05,-0.0010753437629438256,-0.0019391448231341757,-0.0005010345812962447,-0.0032313251332479753,-0.0006006908130211652,0.00100702401616104,-0.0019806247077678307,-0.0023878519072526583,-0.0006873960360040954,0.00877837930885983,-0.00168593018958052,0.003336523223194998,-0.00035629200679287987,-0.0001162332045948622,0.00048711798914369275,-0.00012639729170460523,-0.0009552872371949572,-0.023239231461857135,-0.005927035753764076,-0.00042716868318992685,-0.0016361133701389141,-0.0008543511232100842,-0.000937985984153622,-0.0007101506330413621,-0.0021779670002431972,-0.001531195439728017,-0.0014009082673236417,-0.0018625550968248694,0.00023522192976277445,-0.00028736942794216347,-0.00038428969546711045,-0.0013229682125551756,-0.0014756227462935367,0.0012907387148217708,-0.029375630043671608,-0.0028031259166882982,-0.0008431451276876833,0.000319493675931648,-0.00020418491077967005,-0.0005345028320480338,-0.0018883774987495938,-0.0004150276631109673,-0.002182232696610664,0.00811085169035164
-0.011604533491196611,-0.00031533996405042064,-0.0002556179447438245,-0.0004467605399712804,-0.000307586058997944,-0.00040605751047317895,-0.0018144149756370576,-0.0019623162621303925,-0.002526302577272821,-0.00034158567108588667,-0.0032456131879421424,-0.00014828974986358379,0.0023030292232120164,-0.0169773641501777,-0.0015196976239856275,-0.0006557384470463612,0.00019528963969950297,-0.0004568249225048726,-0.00016028747125929055,-0.0008667422544262893,-7.873317106954492e-05,-0.0010198764393432036,-0.0019605156198280183,-0.0005030211621208647,-0.0029341997211738136,-0.0005617907020726287,0.0013033337819572388,-0.0018388730484226734,-0.0019964278709635463,-0.0006951447479028872,0.007505694448409761,0.0010366741798397694,0.0044674257287991015,-0.0003795100349087699,-0.00012752734068621763,0.00044460554619152326,-0.00018255934416877562,-0.0009537054053438965,-0.023180268311887464,-0.00618446071590073,-0.0004100981819182836,-0.0015607799391426092,-0.0008592063627440583,-0.0009113392787396535,-0.0007426872862474898,-0.002104246720401215,-0.001525990047704262,-0.0013917729149894864,-0.002124584082310532,0.00023844225751878945,-0.0002548672624079762,-0.0003976069372294555,-0.0012005211244221492,-0.001549525214814551,0.0013018418335708493,-0.02930430949027496,-0.0028465957007594023,-0.0009219843954547668,9.71613013411865e-05,-0.00023548535136797,-0.0005336665892536896,-0.0016172201750274118,-0.0004791930680493328,-0.0023054786959498808,0.009761205535891548
-0.011616818766024384,-0.0003211999448441416,-0.00022142607088226907,-0.00044719545473959066,-0.00030866908494853185,-0.0003923270096750642,-0.0017326090083923384,-0.00193794198466668,-0.002500300554588164,-0.00029676627574493075,-0.0032485160678484837,-0.00014959297806937943,0.0021161486511291905,-0.017217946633360293,-0.0015160270918714858,-0.0006604414614524989,0.00017061078787050654,-0.00047710075433593513,5.0204273631671015e-05,-0.0008708217290516185,-8.175958969058872e-05,-0.0009470878247056502,-0.0019859248262300566,-0.0005150012483652322,-0.0026924906182931307,-0.0004696202101970304,0.001578937511594436,-0.0017056027002417817,-0.0015250915949995836,-0.0006983661091546356,0.0062206390302101955,0.004361019820703582,0.004758067011063627,-0.0003961289660114886,-0.000137836006382841,0.0004054591537598906,-0.00026718909838341354,-0.0009723267742790531,-0.023079220138470857,-0.006449473334369404,-0.00038857118182356043,-0.0014153942105382677,-0.0008516837525532894,-0.0007992272377224108,-0.000731090657815292,-0.00204691458160311,-0.0015016800682478015,-0.0013714506856163933,-0.002284380749407511,0.0002068879301913018,-0.0002122447583157161,-0.0004105445617120784,-0.0011066001955147842,-0.0015601352085785614,0.001279098419906921,-0.029185345853391942,-0.0028769203924516873,-0.0009568437900339122,-0.00013556721263963123,-0.000250890496953704,-0.0005332747492596823,-0.0014655517665727036,-0.0005026446427781606,-0.0023927721032340754,0.01144981858375771
-0.011631638185328419,-0.00026204018432263165,-0.0001978181457006345,-0.0004513593594548393,-0.0003102022964158735,-0.000379765761584272,-0.001656474557176102,-0.001920869269063652,-0.00246772706441567,-0.0003047544198778729,-0.003260916976740358,-0.00015165509124914767,0.001922679735037347,-0.017734159133299676,-0.0015102411581856545,-0.0006754398403301387,4.0445814987410955e-05,-0.0005117463528282462,0.00021010566392898333,-0.0009000799730267683,-8.753685533258171e-05,-0.0008714468001695952,-0.0020102351313611155,-0.0005391798968856776,-0.0025533277327574044,-0.00033101103613131233,0.001686693000283901,-0.0016151411088520806,-0.0010758946633485644,-0.0006895820375540929,0.004502982337883488,0.007566563785906366,0.004149886531519709,-0.00039536324791489275,-0.0001508789885089623,0.00039999211488983555,-0.0003599986763616059,-0.0009711380078413212,-0.023063774924669045,-0.00661367311831762,-0.00035627642973501406,-0.001288355216286563,-0.0008457207373787634,-0.000584808261213432,-0.0007213140251721706,-0.0019387578488699875,-0.0014645039020518835,-0.0013336685872366028,-0.002293861529364838,0.00021782072356679727,-0.00017027546912151692,-0.00041557039936990225,-0.0011496670909948437,-0.001451302868239135,0.0013078677101145963,-0.028553783305169445,-0.0028988360245542077,-0.000977857875999577,-0.00032640245993809103,-0.00025207620807110587,-0.0005304151229665877,-0.0014322697478530433,-0.0005241651574859896,-0.0023982204658652417,0.01260839122187063
-0.011661604581493346,-0.0002541784109382217,-0.00019060549394778192,-0.00045797837915617645,-0.0003132102324285846,-0.0003722524355085355,-0.0015950534811899342,-0.0019101021456636724,-0.002537145765190485,-0.0002764266728050302,-0.0033027573921330378,-0.00016112700035708638,0.0016469026424730249,-0.01791130444676381,-0.0015192452594067207,-0.0007016277115540204,-0.0001318370667517943,-0.0005392994782550398,0.00016453114526648882,-0.0009107369547114441,-9.734187371035485e-05,-0.0008660827569795249,-0.002042386315189937,-0.0005737829485273904,-0.0025315894941896344,-0.00021910289647497638,0.0016190381570933,-0.0015883317212016523,-0.0007363790759222777,-0.0006790512373353597,0.002278029392814629,0.010082899923484323,0.002823638109802351,-0.0004078877785316237,-0.00015134270215788614,0.00040921343900324203,-0.0004291503438544897,-0.0009781333148256577,-0.023070287192181183,-0.006677739334109756,-0.00033154170626825685,-0.0011439130480945803,-0.0008386040871563027,-0.00033381717360403407,-0.0006592881218446811,-0.001867029895238348,-0.001430118423611737,-0.00130796762178631,-0.0021595961700403565,0.0002351471441461861,-0.00012539668839406382,-0.00042322361037783196,-0.0010108172124069226,-0.0012887509829303534,0.0013903319001540293,-0.028145990466010518,-0.0029065109413158874,-0.0009955225434078452,-0.0004645029586369809,-0.0002518971230467404,-0.0005247160119679073,-0.0015632834646630567,-0.000576291003516749,-0.0023648981411008574,0.013547345457003201
-0.01163112438168723,-0.00026855913868650827,-0.0001943106167416886,-0.00046776585799657155,-0.00031784695497771853,-0.00036931712753207613,-0.0015485702491421227,-0.0019085043209216002,-0.0025938200224586705,-0.00040097367335156786,-0.003351019621360196,-0.00017275978997943753,0.0015727830954073152,-0.01823229352979916,-0.0015108845926375958,-0.0007318311988668835,-0.00029032790918281925,-0.0005606850928917551,0.0004710649453718574,-0.00094291062726648,-0.00010651469934752633,-0.0007821214009695598,-0.0020747009462728228,-0.0006026090994736277,-0.002656078424540187,-6.212269612515531e-05,0.0015656719868659685,-0.0016422728209188886,-0.0005629543637981627,-0.0006746715659314839,0.0016525168405356894,0.011486912470875854,0.0010243701745982214,-0.0004183078367213655,-0.0001394830174230588,0.00042754099856723293,-0.00047552466510902835,-0.0009821681721385866,-0.023078582729631925,-0.006550398738808139,-0.0003157806647716699,-0.0010629475353353124,-0.0008329191258981128,-0.00014810354662009306,-0.0006312107795976019,-0.0018382331966814158,-0.0014157486526744645,-0.001307228186665177,-0.0018776414689021248,0.00020871380043874233,-8.525777238843624e-05,-0.00046004702273316767,-0.001189356429517896,-0.0010384026421214054,0.0014146441283484634,-0.028085253860683723,-0.0028951514485513474,-0.0009850147941020682,-0.0005122132641744992,-0.00024388963883248405,-0.0005171079726056238,-0.0017511621328846205,-0.0005282020556857114,-0.0022775377902699567,0.014498898444154973
-0.011618723885808424,-0.0003475777383973311,-0.00021635816865839264,-0.0004735785892437949,-0.0003224850551307723,-0.0003720213233504577,-0.0015038245002509942,-0.001922809258191105,-0.0027238949067006635,-0.00048601076618959294,-0.0034103156669693657,-0.00017404996461523048,0.0017284812994495802,-0.018411579562994884,-0.001513736915179975,-0.0007882180024261221,-0.00044005378502942616,-0.0005527676780699986,0.0005738596402435903,-0.0009837749357640702,-0.00011657360023442642,-0.0007308646872287161,-0.0021031645689669753,-0.0006235750912849669,-0.002918629558049113,-3.3856347656513464e-05,0.00145064237067416,-0.0018082965636089243,-0.0005661738365069224,-0.0006788245369149237,0.001955099006801353,0.011624768844667788,-0.000854077498100847,-0.0004147663093077014,-0.00010903246068139083,0.0004518796149115545,-0.0004946286510130182,-0.0009714672125322732,-0.02307369388791225,-0.0062435559526220485,-0.00031833325397234713,-0.0009721997441048957,-0.0008292752834175854,1.616779388502465e-05,-0.000624503119920794,-0.0018057585051027836,-0.0014351321038013065,-0.0013193164656291057,-0.0015448365381693918,0.00016678725614993617,-1.557239604066396e-05,-0.0005071841073462924,-0.0012153802688608106,-0.0007865670006796943,0.0014907859271040547,-0.027461951373916493,-0.002873569121607744,-0.0009186278787871593,-0.00045389764860459536,-0.00022771881004912675,-0.0005140623099200159,-0.001761195257898307,-0.00047327474573288786,-0.002147223827126621,0.015444168589092255
-0.011556293739093282,-0.0003723813432281453,-0.0002625845489095946,-0.0004795795360643673,-0.0003236845957239609,-0.0003812836445322709,-0.0014664707665162924,-0.0019672529357368518,-0.002781589923859129,-0.0006621649792476481,-0.003471447624098012,-0.0001818549702456984,0.0017995722626240607,-0.018735651567296285,-0.0015209952557591055,-0.000835376112890418,-0.00046725431067295986,-0.0005531909027549631,0.0007407604826312753,-0.0010129017365471116,-0.00012081580939116154,-0.0006396308531217976,-0.002122550829368741,-0.0006349611771963026,-0.0032231030890130796,-8.133200502313809e-05,0.001576245691701006,-0.0020049345714316935,-0.0007387398366340836,-0.0006833736243304633,0.0025720186967144176,0.010576170402015528,-0.002407027317366417,-0.00040381806848788226,-8.321954939749521e-05,0.00046654197957285426,-0.0004791138992019661,-0.0009509885885236047,-0.02289340149886898,-0.0058786413172635665,-0.0003220336314369021,-0.0009688596422421369,-0.0008357091496206115,0.00014676142893099708,-0.0005512184701668144,-0.001788373965190826,-0.001409169450372838,-0.0013419427677238138,-0.001233625772475877,0.00013867768919939572,2.2566183713879084e-05,-0.000551055599981698,-0.001201935133752885,-0.00039890765296834996,0.0016651059408412383,-0.02798406992173963,-0.00285349809016755,-0.0008122654708262456,-0.0002916406485244938,-0.00021135693337337447,-0.0005118749035112335,-0.0017282805051568317,-0.0004739422192902021,-0.0020403920457094937,0.01582437974582951
-0.011622341591240648,-0.0004752756634128774,-0.00032095189607261876,-0.00048778540149552185,-0.0003271342220320106,-0.000395955199412934,-0.001460458306207002,-0.002025856202480081,-0.0028148603949103013,-0.0007485112562507501,-0.0035214407499577494,-0.00017655538452288067,0.0017608259007737548,-0.01874182878346531,-0.0015236936113974808,-0.0008750351406736634,-0.0005161776277285979,-0.0005638047589235917,0.0007721830064988389,-0.0010519662861578905,-0.0001243985721675056,-0.0005866692320970479,-0.002134959598158792,-0.0006323338140679091,-0.0035361991476483556,-8.575488877826665e-05,0.001793132177262624,-0.0022098534904680944,-0.0010426054152371522,-0.0006925194932363432,0.0027391305768207364,0.008527584754707274,-0.003261784547301305,-0.0004015485599485613,-4.850985903581684e-05,0.0004940417093644012,-0.0004075338234966752,-0.0009347754992762303,-0.022617966821780966,-0.0053758193839110735,-0.00034401323369392944,-0.0010504465696385967,-0.0008438641193283525,0.00014328780404859742,-0.0005900468263780878,-0.0018159295099253736,-0.0013603150303824751,-0.00139151340033572,-0.0010079699704574896,0.00010263200697169239,6.80114099145257e-05,-0.0006119118575468319,-0.0012578102173148586,0.00029933500645284994,0.001791541203588931,-0.028532566354984357,-0.0028380840098043425,-0.00069795099946246,-8.220589283636226e-05,-0.00019487660640837845,-0.0005094771410525389,-0.0017266282433876512,-0.00048332991293831284,-0.002017163449299475,0.01606135863387581
-0.011580124314889528,-0.0005261329838435191,-0.0003789927454682651,-0.0004934189156837743,-0.0003308976358029625,-0.0004137461537219167,-0.001435686787447099,-0.002080713071429763,-0.002823358602819903,-0.0007451483508118528,-0.0035550294653241554,-0.00018124177995793023,0.0016607617334680747,-0.018917557208345093,-0.001525753740424074,-0.0008990802033315148,-0.0003964277122777693,-0.0005715600407159016,0.001135182410961999,-0.001063493317090547,-0.00012508699529933942,-0.0005399962346580578,-0.0021379539586746654,-0.0006186529513976247,-0.003833744465018274,-4.213079964121569e-06,0.0021591920892038985,-0.0024069857344294343,-0.0014314936093865471,-0.000687948015166806,0.0022864503354260712,0.005940462408934755,-0.0032004273333242628,-0.00040352306172120045,-2.717145770247953e-05,0.0005138531890775955,-0.00031216007681778013,-0.0009011745787590453,-0.022156850471766742,-0.004875922566928148,-0.000377133908749161,-0.0011871155565849056,-0.0008542104182147625,6.75839406498735e-05,-0.0006973607413870431,-0.0018464691823737445,-0.0013477575634461836,-0.0014494921940979566,-0.0008713142746346048,4.767541390360286e-05,7.822671052526431e-05,-0.0006630918700266664,-0.0012397766072951288,0.0009828401995104485,0.0018063995451049752,-0.028379941967904165,-0.002836254695264606,-0.0006476152307770544,0.00011022491940670953,-0.00018325163751709006,-0.0005093676277191372,-0.0017910498602879965,-0.00045779457828620806,-0.0020485621356801653,0.016299908232475735
-0.011639874094988678,-0.0005500818037313948,-0.00043282336289618417,-0.0004943313570221486,-0.00033830637211229586,-0.0004299987293104879,-0.0014044184285350036,-0.002124825589114532,-0.002692092163756543,-0.000808519757394599,-0.0035725065696926572,-0.00018349431618591705,0.0016268658716533935,-0.019017144744428838,-0.0015232992505860299,-0.0009133496434445831,-0.00033329455641351036,-0.0005327562584276357,0.0012716851076859381,-0.001090070061035009,-0.00011851235520221604,-0.0005273088645045831,-0.0021342362502227985,-0.0006029985391997617,-0.004070396839342627,-8.9729871003974e-05,0.002700130632807607,-0.002564573450803853,-0.0018221286616232346,-0.0006977680409108178,0.0031766798954553366,0.003354442215787845,-0.0023988672561635616,-0.000402898611519209,-2.0655056353069412e-05,0.0005216291339606993,-0.00020938444574059023,-0.0008885721528103518,-0.02151535630493795,-0.004460543910075887,-0.00041107416370633754,-0.0013499482860219736,-0.0008573580410776716,-3.0524018820643484e-05,-0.0007860593547216466,-0.0019473246259188448,-0.0013620272099015285,-0.001509099655719437,-0.0008864622623838692,-1.4460446826403128e-05,9.700081688324147e-05,-0.0007031991033418228,-0.0011790285066192174,0.0011072217852881039,0.0018597682373389102,-0.028001828073030754,-0.0028539302897709895,-0.0006209126983909297,0.0002552240575772746,-0.00018470597617104012,-0.0005072899592710733,-0.001865510208989729,-0.0004658426006519667,-0.002159124449716887,0.01653688712052226
-0.011732893773750641,-0.0005140355703596722,-0.00045569632376951663,-0.0004928843985194664,-0.00034022263388577834,-0.0004394396853868443,-0.0013689134070545839,-0.002149973396252003,-0.002596425587504503,-0.0008005519486588009,-0.003573462012411488,-0.00018076953547707664,0.001436578726169646,-0.01866146576547134,-0.0015181733701493672,-0.0009162863703783275,-0.000162102025495936,-0.00048709695765625227,0.0011928433682968365,-0.0011290096705041108,-0.00011548334400768301,-0.0005790566381960183,-0.002127273909045657,-0.0005775913930486931,-0.004154439998005688,-0.00020567329113818644,0.00318230453664059,-0.002669798466694129,-0.0021028002137775115,-0.000707080908430191,0.005046266646363762,0.0014954858269577986,-0.0008347004329408714,-0.00040072677484692676,-1.1114265604073026e-05,0.0005285062157067699,-0.0001382027655104645,-0.0008576031135897333,-0.020779420564499662,-0.004483945827404412,-0.00043618484279128733,-0.001536821957100809,-0.0008566808018776184,-0.00023369220848490357,-0.0008487199977682547,-0.0020269473329841414,-0.001393657198363596,-0.0015660645647952443,-0.0010515215338634532,-9.94951784554221e-05,9.491124436555864e-05,-0.000730935291413104,-0.0010848149087201442,0.001039363876496724,0.0018202239573694712,-0.027776753154993505,-0.0028861017114651943,-0.000627450703142407,0.0003244572517855371,-0.0001905871725244035,-0.0005105837902813493,-0.0019757512348195228,-0.0005252979134120483,-0.002331059201964636,0.01560105777270171
-0.011726391948884807,-0.00048168562471506693,-0.00045921075703503345,-0.0004886182281708118,-0.0003396276163212253,-0.000443769884830969,-0.0013013113516860964,-0.0021568868076699,-0.002484201484191817,-0.0008063624358611854,-0.0035615982714445327,-0.00017688212146593774,0.001324013929725698,-0.01858745777489801,-0.0015192291961128035,-0.0009083300580925435,6.312539168873421e-05,-0.00041991652404804736,0.0011387604192649725,-0.0011554441177324959,-0.00011308271573540196,-0.0006879669950339284,-0.002123363220229102,-0.0005531200208568343,-0.004009520982863557,-0.0004976705841748252,0.003496825717714369,-0.002676441264513385,-0.0022432693828738914,-0.000716743585338353,0.006013356168419026,0.0005885043024698167,0.0011774556185044638,-0.00039761049732922604,-3.985887241941821e-05,0.0005398686713713463,-9.964221920910621e-05,-0.0008390297483695797,-0.020048803507795476,-0.004771728245507978,-0.00044938367593228,-0.0016698959217926745,-0.0008521694661977053,-0.00040535448589906764,-0.0009244294501252748,-0.0020533719259350214,-0.0014049026339575388,-0.001606645217529623,-0.0013215354077222852,-0.0001388787592074836,8.401869413288132e-05,-0.0007498693575046511,-0.00114995942028151,0.0010653249439156465,0.0018590985148572159,-0.027117180599400825,-0.002930853823537527,-0.0006533072698525766,0.00027918186337450024,-0.00019680993709147998,-0.0005125366707349199,-0.0020898392872400473,-0.0005456590786615534,-0.002578905911925,0.014578277195393952
-0.01174651339298205,-0.00041063841835031756,-0.0004442306368804827,-0.00048605825156733395,-0.0003329860520936423,-0.00044104190919957986,-0.0012319181229575316,-0.002152852444780362,-0.0024153969273268405,-0.0007571519281542871,-0.0035400923076983615,-0.00017656918668496058,0.0013536170561994076,-0.01845565132499294,-0.0015223410542686278,-0.0008999073825245452,0.00021328285794797175,-0.00036326686586152235,0.0010330873855928235,-0.0011954766475478218,-0.00011302752869701838,-0.0007170708008269466,-0.0021186579013660056,-0.0005453507924956247,-0.003640081133619466,-0.0007880459950976304,0.003908596861009084,-0.0025688618068571145,-0.0022028084030483175,-0.0007227255755480888,0.0074573575884389065,0.0009787408542130116,0.0032594208477454423,-0.0003694226269777001,-5.3656475878516297e-05,0.0005039012586960379,-8.242270681158015e-05,-0.0007979812780224416,-0.019416950574511316,-0.005036799158672278,-0.0004485692123061824,-0.0017456663612448464,-0.0008478818410387889,-0.0005196444906643283,-0.001070629392604272,-0.0021223306491954252,-0.0014180751876221587,-0.0016215614123779032,-0.001672348397392609,-0.00017960676359185523,6.073400345218971e-05,-0.0008005278525868853,-0.0011660282545110645,0.000937395281096709,0.001767772787743871,-0.02600481095039242,-0.0029898873763397615,-0.0007124227729785604,0.0001291341793383527,-0.00022366265208506597,-0.0005178090945460179,-0.0022600035316372447,-0.0005570584484947405,-0.0028620087963674434,0.013608289026481923
-0.011802617600603749,-0.0002899101302207274,-0.00041747025126848136,-0.00048340627221110655,-0.0003270143093005995,-0.0004275609785441281,-0.0011160237207692436,-0.002135293321187781,-0.0023161493642109843,-0.0007140372443040777,-0.0035196198732004857,-0.00017479102374629019,0.001979659029659686,-0.018282486493664818,-0.0015241286859466463,-0.0008902758111482001,0.0004581908577001581,-0.0003124007333769052,0.0007356811423091525,-0.0012283956104796045,-0.0001114218878153217,-0.000728357233522603,-0.002127379450247102,-0.0005394084443042235,-0.003216802738633895,-0.0009660079634381535,0.004372401422274574,-0.002422236164308922,-0.002045571315066219,-0.0007233652547420366,0.007036835642824535,0.0022654842227674,0.004964160367006087,-0.00037779801055981554,-7.092858267088165e-05,0.00046136886474479333,-0.00010159072167215122,-0.000792550698701433,-0.018921213099744594,-0.005390754958405908,-0.0004325186063569575,-0.0017626521872553536,-0.0008402518781478463,-0.0005774076204972944,-0.0011816951225174233,-0.002113918448019114,-0.00146163219899631,-0.0016234301002703289,-0.0019629289995923838,-0.00020144825528078947,3.9733969389388335e-05,-0.0008240937652224112,-0.0011734607142233067,0.0004825394770582303,0.001667955110217667,-0.02438713048269292,-0.0030561423246977526,-0.0007840828516681997,-0.00010267095317073593,-0.00023730385642106722,-0.0005267358313795212,-0.002394426688817397,-0.0006163759248080103,-0.0031312011701242204,0.012830770768666566
-0.011867780534323136,-0.00019454809663443928,-0.00038380988539987726,-0.0004774555771865918,-0.00032810560087204177,-0.0004101820111707122,-0.0010312343857465933,-0.002104560517351861,-0.0022398644909694676,-0.0007201023983807175,-0.00351021473705726,-0.00017816041220652945,0.0022410277769078224,-0.01778138081171865,-0.001536661504004555,-0.0008755155010232718,0.0005817600822628499,-0.00026795435420101654,0.000247288045212013,-0.0012343620573765923,-0.00011311058590124379,-0.0007565893067175145,-0.002139858989309351,-0.0005572204779015211,-0.0028138511889912454,-0.0010226170699081383,0.004604028739588095,-0.0022567945541686063,-0.0017652468992793713,-0.0007435967959810164,0.007516781102189007,0.004491078208485932,0.006011965247687767,-0.0003652980027080144,-9.413016537129781e-05,0.000408066118737338,-0.0001579844327276314,-0.0007824623336911696,-0.018478599633748427,-0.005795336717564381,-0.00040721844385627204,-0.0017205612881475707,-0.0008296616697579529,-0.0006043370042397855,-0.001287826490047772,-0.0020972342063576566,-0.0015069958388487237,-0.001607078868175349,-0.002183848860111026,-0.00019803655615791005,8.670809368283017e-06,-0.0008416857799341537,-0.001245484541102293,-0.00010441866801413902,0.0016344112409909517,-0.02284114555824024,-0.003120580748657509,-0.0008696970999140241,-0.00037733615956103694,-0.00025073478576209673,-0.0005327171342626169,-0.0024537963191568757,-0.0006716206860135632,-0.0033846128007807286,0.012596486889254077
-0.011905741319099938,-0.00014617558767426875,-0.00035314150339527117,-0.00048103900371332386,-0.00032787468391193286,-0.00039489740194487144,-0.0009778242749289845,-0.002073013599639184,-0.002202898193624736,-0.0006560286128139969,-0.003520855507917253,-0.00018048376054335957,0.0024627845799953807,-0.01761692926113112,-0.0015591888619190808,-0.0008633199517159573,0.0007109513841330184,-0.0002233131423300394,-3.574220095914349e-05,-0.0012951153228042411,-0.00011871119294848409,-0.0007556120932862287,-0.002157960107289414,-0.0005705557421255003,-0.0024591281281136634,-0.001170078221866211,0.004864792171293653,-0.002101362667168205,-0.001426327352254786,-0.0007542328719039038,0.007889197315847474,0.007125202656154794,0.006252787150201167,-0.00034241038217108777,-0.00013273676459713002,0.00034695965495346037,-0.00023867516041775616,-0.000789128970490105,-0.01813075287572219,-0.006206826126908482,-0.0003703725348817022,-0.0017000672968161545,-0.000811478248537334,-0.0005808789293137995,-0.0013348445010945564,-0.002095782432595228,-0.0015438587066686216,-0.0015680043542306565,-0.002295917142890014,-0.00018094992438077995,-1.4301339387179368e-06,-0.00085535601036546,-0.0013575323421388674,-0.00043942613309178036,0.0016677235975623983,-0.021496999128609806,-0.0031714485083824684,-0.0009191812348995354,-0.0006368927215818498,-0.0002535314864513527,-0.0005390526745168156,-0.0025576152906914285,-0.0007493180210446093,-0.0036224774557586104,0.012360648833083632
-0.011997830745579363,-7.132992352110179e-05,-0.00033539529910264765,-0.0004787665088117343,-0.0003273143819557678,-0.00038426927409518363,-0.0009477260905583762,-0.0020506227068799454,-0.002211224675513712,-0.0006302970010454434,-0.0035371808895323653,-0.00018405891818495945,0.0025775660965272618,-0.01728442196413682,-0.001586606219825537,-0.0008671626447213088,0.0007438963814339061,-0.00017130257213615607,-0.00035084348776015517,-0.001317719654540972,-0.00012677251590198502,-0.0007536939280404775,-0.002183454876110935,-0.0005878518670693333,-0.002171904264696045,-0.0014254171338489163,0.0048770181597661555,-0.0019765929551244232,-0.001118785182342652,-0.0007657773346860797,0.0074820817872915946,0.009590757240222736,0.0056526519328876645,-0.00033595416694354174,-0.00014603773413846,0.000320519016528964,-0.00030986832184565216,-0.0008036253033419927,-0.01776375944458841,-0.006574572666305678,-0.0003265080581353885,-0.001666982614184409,-0.0007985632184082103,-0.0005179279987398422,-0.0014004785651046125,-0.0020558586793829603,-0.0015440349817178456,-0.0015241373032456318,-0.00228727881384283,-0.00015651823879347937,-1.578517802713897e-05,-0.0008389811759519361,-0.0015262101559510022,-0.0007051346194311137,0.0017499522695882952,-0.020136242431930018,-0.0032101558332872093,-0.0009405727415094933,-0.0008440584830329279,-0.00025370955716774723,-0.000548877321846386,-0.002657099544993602,-0.00083270065156138,-0.00374571322050421,0.012125587865291942
-0.012008373611431367,6.3408040667845e-05,-0.00032670743896956456,-0.0004807187157663817,-0.00031952427907766534,-0.00037613524775736984,-0.00094226820563037,-0.0020394851647786982,-0.002294228398767917,-0.0006268937838221911,-0.003561044169780314,-0.0001921000577522758,0.0027562621912331497,-0.016910536766101547,-0.0016064006188964974,-0.0008885450145428297,0.0006419728766275945,-0.00013000899689996626,-0.0004988816697243381,-0.0013478363465030396,-0.00013048277322669222,-0.0007948154948034247,-0.002210225881355221,-0.0006195545902785149,-0.0020358204641121036,-0.0015743258605349641,0.0047853330160010366,-0.001936460513599747,-0.0009368196772990833,-0.0007694111000842163,0.005872978120205374,0.011195787050480188,0.004463868307696961,-0.0003209522921143737,-0.00015469582599580978,0.0003034828103491982,-0.00036591774230909646,-0.0008280594996308288,-0.017406541908039252,-0.006929138020431158,-0.0002946413584520302,-0.0016333814696479765,-0.0007873042131180119,-0.00048565775106534925,-0.001395053255619616,-0.002044878891968027,-0.0015532003303988517,-0.00148743856156075,-0.0021385562376595724,-0.00010129836802574843,6.632587874921825e-06,-0.0008599990393949319,-0.0015635112371045201,-0.0008855424154079472,0.0017992728749545162,-0.01875385338914115,-0.0032319244845269157,-0.0009312258558581421,-0.0009766454907428335,-0.00024091886499322257,-0.0005542386831232093,-0.002690172486180975,-0.0009154403774097597,-0.0038111114593589734,0.011787455217595388
-0.012022402133642474,0.00011742194655517402,-0.0003334330987313505,-0.00047795500148772874,-0.0003177190521465034,-0.0003720530690631829,-0.000954452320383048,-0.0020367598783666008,-0.0023305763622979425,-0.0005288410365565932,-0.0035958485306263333,-0.00020228815870537709,0.002827119995973959,-0.016590117594427523,-0.0016319834745621709,-0.00090797820979438,0.00047237752614615047,-7.370784297844324e-05,-0.0002768187631755348,-0.0013860948577288923,-0.00013373545712480617,-0.0008403121950945058,-0.0022344147441528683,-0.0006443533978265359,-0.002056653795770802,-0.0016482995739883766,0.004626362810018048,-0.0019806450634045625,-0.0009018057851373218,-0.0007810503565739424,0.005295369986835219,0.011797866559473347,0.002785452232356267,-0.00030148926522588493,-0.0001559013145395749,0.0002938432044130579,-0.0003993785607756539,-0.0008572103790620567,-0.017043560779606226,-0.007364173974172994,-0.00026697233261385733,-0.0015643617046676717,-0.0007827850396489033,-0.0004927058088481928,-0.0014042020880749018,-0.0020867014411162232,-0.0015241895080911894,-0.0014662571337225039,-0.0019077137560745694,-7.965059659376106e-05,-1.2870707549184068e-05,-0.0008543521908594975,-0.0015140227135751472,-0.0007476136496790131,0.001969256475159442,-0.0174245405564053,-0.0032476967170491644,-0.0008989267688025437,-0.001017341041295916,-0.00022208046587635089,-0.0005540174700837674,-0.0026960415229135837,-0.0010464068232617363,-0.0037704607236429544,0.011316605795019141
-0.012088635613050513,0.00013649774436230722,-0.00034521076845206444,-0.00048046439002746855,-0.0003104170035744813,-0.00037327399065589795,-0.00099788687178326,-0.0020519917660450915,-0.002362079189163868,-0.0004584386855609468,-0.0036385020510890653,-0.0002125361236118284,0.0031620666179363877,-0.016168966333470758,-0.0016526761682147395,-0.000925416823043812,0.00044125712360321145,-2.539638025189639e-05,-0.00039868348649763075,-0.0014083409552186898,-0.0001319334287954721,-0.0009104940537086881,-0.0022559096788660193,-0.0006602172525624894,-0.0022268352998249252,-0.0019491473369662726,0.00445961955235652,-0.0021048646418297956,-0.0010215663284333099,-0.0007799162996614539,0.006182080686085056,0.011289626405265318,0.0009879396451528688,-0.00028804368470769504,-0.00015533087977104287,0.00027993367122580715,-0.000408722677616713,-0.0008951447929399503,-0.016709152179665177,-0.007846263167206269,-0.00024618556136035696,-0.001593020465102346,-0.0007875798073024853,-0.0005296974828208345,-0.0013757391767883487,-0.0021269437597249974,-0.0014838012823706892,-0.0014553410136338707,-0.0016230037273056164,-3.7475373081297114e-05,-2.3773962513073954e-05,-0.0008487903087857074,-0.0014941630058313837,-0.000570390133168952,0.002151057625850772,-0.016231497765112346,-0.0032453138728342212,-0.0008619878546639592,-0.0009213478360771132,-0.000201195372242835,-0.0005630453042113626,-0.002722058614557543,-0.00115746723087784,-0.0036576736183062675,0.010847310549201072
-0.012129922038257801,0.00010354151387459432,-0.00037847543456603905,-0.00048069662972594074,-0.0003060602559762371,-0.0003781754445189023,-0.0010503585911957325,-0.0020957083216814887,-0.002470665794460869,-0.0004758733013353611,-0.0036663773711989034,-0.00022070583382705067,0.003292452161414383,-0.01610340839057678,-0.0016839286028420553,-0.0009348712010456284,0.0003676089397643967,-1.2343280770821252e-06,-0.0005845200882850232,-0.001418940836947602,-0.00012646975389618564,-0.001035921090148717,-0.0022703204888416817,-0.0006531670519460686,-0.00243173230934024,-0.002152505722838427,0.00421398341904311,-0.0022602919552537903,-0.0012820321861299888,-0.0007721751173628277,0.006988232531714544,0.00971414483589128,-0.000594829265122776,-0.0002775131063990077,-0.00016885646856346082,0.00026403525776252934,-0.0003897261955830844,-0.0009216250266743664,-0.016340803511877167,-0.008320863982438031,-0.0002363690741092883,-0.0016378052330990878,-0.0007946689835715004,-0.0006208710238676529,-0.0013280061963455436,-0.0021213357996229254,-0.0014414923295041904,-0.0014519399200429994,-0.0013573954664847232,1.3091902875128625e-05,-5.38636936044945e-05,-0.000864707657017072,-0.0014542893903675136,-0.00045841100532073575,0.002261893821868366,-0.01482256584136743,-0.003234305284011474,-0.0007676527496678354,-0.0007407121428524288,-0.0001800791357192688,-0.0005668264568257086,-0.0027164224949037807,-0.0012239483620427594,-0.003492217270752662,0.010376444592829603
-0.012091737857990115,5.4795183203504294e-05,-0.00042622715446616333,-0.0004804911569102899,-0.0003008815076768201,-0.0003896848400952724,-0.0010970980197212432,-0.002149769892884512,-0.0025445286024592395,-0.000448205005812774,-0.00368889588977106,-0.00022496578924391386,0.0033248503522995687,-0.015781060038546846,-0.00170247485619468,-0.0009347478133441278,0.0004521555009449063,2.5563317098242777e-05,-0.00029263683379632255,-0.0014567623748994452,-0.00012035934255127945,-0.0011290010949087659,-0.0022793636091050784,-0.0006457614121405664,-0.002673591980292711,-0.0020711702852391767,0.004009423736293538,-0.00239732263685688,-0.001646997345699841,-0.0007656462998224534,0.006367139589597448,0.007309633626137568,-0.0013674208821351508,-0.000275056973330301,-0.00016240279284773784,0.00025203902192094674,-0.00031100045511389673,-0.0009585568348624562,-0.015864402726385896,-0.008740999131363503,-0.00025294841295375736,-0.0017890463795188216,-0.000797079458173755,-0.0008409155036847027,-0.0012888404523970776,-0.002126564317133317,-0.0015120988171034577,-0.0014794746056587815,-0.001170437035475147,7.455421317370536e-05,-5.87575887660563e-05,-0.0008779544082750945,-0.00134443010011287,-0.0004235800271931156,0.002470875436226816,-0.013694703224060412,-0.003229764896669707,-0.000667762824099527,-0.0004976881466549621,-0.00015899699784338583,-0.0005640685867338568,-0.00269927699593997,-0.0013088434173559316,-0.003318780336032834,0.011630136155308168
-0.01209513454341693,-8.674946770315106e-05,-0.00046766673135523185,-0.00048319992510059695,-0.0003004957940040409,-0.00039992268935074016,-0.001179388347661403,-0.0021917107842464034,-0.002612476977086109,-0.0004315159016049508,-0.0036859357406991977,-0.00022435437686185722,0.003287123739456943,-0.015846486399065052,-0.0017273924739171775,-0.0009322584943437517,0.0004666575143554841,5.969639048108988e-05,-9.729247596368396e-05,-0.0014948145558879578,-0.00011047215223802809,-0.0011634088437710854,-0.0022805727263741638,-0.0006315433063928122,-0.0029195347957918782,-0.002101909655713774,0.0038722546574143646,-0.002517390003651143,-0.002048833237751957,-0.0007589780261544332,0.005190172584183195,0.004566879622465159,-0.0015377224029292647,-0.0002845771508439565,-0.00018435464721111572,0.00025118905423671123,-0.00021368399847465636,-0.0010046736677407075,-0.015361382166426796,-0.00902275986029022,-0.00028270836430799307,-0.0019724441070984033,-0.0008048923375584272,-0.001081297422213856,-0.0012705144560120063,-0.002195661264465909,-0.0015927222043151668,-0.001512101647796027,-0.00106647195364451,0.00014484824765426119,-5.882453293970524e-05,-0.0008910567829297777,-0.0013268282813817533,-0.00034735838758015447,0.00234448958274891,-0.012886212427006827,-0.0032351523805680404,-0.0006310768782368248,-0.00024507710761945134,-0.00014734468738542006,-0.0005672560791444292,-0.002672567216379207,-0.001334172463326122,-0.003129256457781504,0.013940353771303204
-0.012094900687802723,-0.0002124467956111653,-0.0004987246857631744,-0.0004853531123386601,-0.0003020804360018836,-0.0004073845654781749,-0.001218918889813514,-0.002224598004776368,-0.002673524728919463,-0.00041722309190472817,-0.0036743579743305776,-0.0002240535131240451,0.0029680229164041894,-0.016061096024122534,-0.001742926535603928,-0.0009219402126411369,0.0004967141298723998,7.293717592493643e-05,-0.00012255266610972093,-0.0014993395461210257,-0.00010377340058520534,-0.0012774339555015057,-0.0022807606224704013,-0.0006033109443579487,-0.003106826569810095,-0.002316413198326206,0.003744956139247302,-0.0026084856956593017,-0.002429763406347263,-0.0007476159580376285,0.0042507811428358355,0.0018485418667990583,-0.0009952828471007091,-0.0002888622420270659,-0.00021329205238718174,0.0002525453948123424,-0.00013226989305958892,-0.0010256021674971416,-0.01484287950249763,-0.009339758351837202,-0.0003169615345647303,-0.0021596882277084006,-0.0008110413126245497,-0.0013055536924875266,-0.0011759105588529106,-0.002197243145341532,-0.0016538658313954846,-0.0015526508759213797,-0.00106588649682815,0.00017296183044890334,-4.261499041247063e-05,-0.0008904688599531418,-0.0014282130273930438,-0.0007873811374168316,0.0024177410352732576,-0.011953158796080388,-0.003246399441363401,-0.0006460290734746632,-4.4808612695401706e-05,-0.00014875424732518905,-0.0005691306994204393,-0.0026037432441307073,-0.001391432451877339,-0.002949644481025415,0.016321534436729346
-0.012032694774985253,-0.0002693369461860273,-0.0005037193246437699,-0.0004887330433021031,-0.00030250414091803624,-0.00041315876540670704,-0.0012550425740897042,-0.002251302630747687,-0.002735922501071575,-0.00039777732327916926,-0.0036576979586016023,-0.0002230231466424648,0.0027948804590745002,-0.016074386322231127,-0.0017460571188386842,-0.0009013543470862695,0.0005251382460997878,5.937451790183346e-05,-0.0002485909972347322,-0.001545038861358039,-0.00010214260857843716,-0.0013497916929099407,-0.0022788032818907844,-0.0005736705103479567,-0.003212049189602939,-0.002378472342196347,0.0037113703621647343,-0.0026489276427025255,-0.002711353844231046,-0.0007502092317168696,0.00288389296324576,-0.00029268341553334576,0.00013385030930046504,-0.00028421719018922875,-0.0002410995003722105,0.0002536400465087407,-7.712871213294559e-05,-0.0010579875962843932,-0.014417118860661327,-0.009591613458007409,-0.00033800234909986404,-0.002261922823082796,-0.0008094417156998546,-0.0015595900512023197,-0.0010995185611195613,-0.0021825162528688047,-0.0016960515761426098,-0.00159575821977187,-0.0012205464430116164,0.00021806783686395548,-5.9477046259193145e-05,-0.0008796036205606095,-0.0012933684023572756,-0.0014042088930438235,0.002515260257994534,-0.011301735368462573,-0.0032623379739255,-0.0006691801963646382,8.43986378022965e-05,-0.00015336050329117779,-0.0005658539700408305,-0.0025847854402887283,-0.0014284380670914754,-0.0027248652191473877,0.0186869583952336
-0.012020177960142653,-0.00026272728090237507,-0.0004918920357378509,-0.00048672307906372225,-0.0002990716428137308,-0.0004051434023547573,-0.0012840289461650833,-0.0022580009318371452,-0.002689697790929646,-0.00039504078911012375,-0.0036321204013445296,-0.00021401957530231552,0.0027215431700289283,-0.01641255272018416,-0.0017580084178795419,-0.0008697926698280067,0.00038647080905374054,3.876747554665272e-05,-0.00032274368638285367,-0.0015824552388695734,-9.295351612303993e-05,-0.0014534687796633472,-0.0022822756488487528,-0.0005337005825732932,-0.0031070877335066527,-0.002370575850529688,0.0038838579886548708,-0.002623268364610687,-0.0028454961271452417,-0.000755931787559394,0.0009484499331515739,-0.0014741384454551865,0.0016583103353688955,-0.0002809711096942724,-0.0002728863513042912,0.00026285530606995344,-4.9417378382599075e-05,-0.001083484822876124,-0.014116463512463207,-0.009838413521393585,-0.0003544603611221886,-0.00233686472417427,-0.000805359936738026,-0.0018061741226307326,-0.0009751700549174291,-0.002223842993886449,-0.001835373266961482,-0.0016238532710625142,-0.001470698098049228,0.0002449640128667774,-3.977728620774279e-05,-0.0008940895596555309,-0.001223040461632574,-0.0018330545287791322,0.002523029366895635,-0.010070177723822682,-0.003284373046487099,-0.0007216690468421216,0.00014037676445721736,-0.00017406321539925607,-0.0005673776474800496,-0.0026517223647604116,-0.0014564182391663127,-0.002532737543987751,0.018949366260452738
-0.011988334071694862,-0.0001699982841029124,-0.0004553186882235716,-0.0004856429613626645,-0.000297674155904204,-0.00039885911534243146,-0.001298518120755876,-0.0022553477371047848,-0.0027156958940259823,-0.0004010598359428519,-0.0035995450403737417,-0.00020097110494388115,0.0031651366189771046,-0.01672023686966695,-0.0017548726730961528,-0.000845703385929375,0.0002725632861702021,2.0689600581436096e-05,-0.0003192280428836458,-0.0016374617562781024,-8.694013658594457e-05,-0.001523647747260326,-0.0022880102247567757,-0.0005036951569330483,-0.0028234588214545164,-0.0023245712998836154,0.003986173144813199,-0.0025097584919915317,-0.002815556649038875,-0.0007591805922230188,-0.0007421282692260389,-0.0015425896093983482,0.0032625462861772814,-0.0002882567393287516,-0.0002695310287101904,0.00026924937723404874,-5.314885060136998e-05,-0.0010997957266921654,-0.01387384315680662,-0.010061987611889145,-0.0003570877985027421,-0.002367263173213452,-0.0008081546089362401,-0.001955422363487891,-0.0009341138127084703,-0.0022366275080767384,-0.0018910709361771305,-0.001641109612649183,-0.0017768299807634502,0.000276139284964394,-2.234747225704492e-05,-0.0008861464465544922,-0.001169072508521718,-0.0020645656331592654,0.0023712486561378032,-0.008529556058120447,-0.003322368791106145,-0.0008143960026026908,0.00010257558437487546,-0.00020110139959139683,-0.0005687711458675082,-0.0026732383188772246,-0.001496077840696164,-0.002372474671164526,0.018469704324981073
-0.012005655218790268,-0.00017748144277673905,-0.0004517388084566143,-0.00048673231575835363,-0.00029701924456693174,-0.0003974645775596253,-0.0013122315299977094,-0.002262671855819187,-0.0027845024867030332,-0.0003848144829523559,-0.0036027958436062324,-0.00019879234001851653,0.0033640643554302407,-0.016891503656841667,-0.0017581646223643332,-0.000842999032594216,0.0001277878389012166,6.271908832289341e-07,-0.00015896875804899402,-0.0016571288498040682,-8.390323216866946e-05,-0.001533482534125219,-0.0022927804075378866,-0.0004997020781927208,-0.00284211479939378,-0.0023379638342081455,0.0039153864067762445,-0.0025106042850621124,-0.002809218783212719,-0.0007578689151499507,-0.0017198911594296096,-0.0016351261683883456,0.003000930126025647,-0.0002946337935878507,-0.0002687856370269248,0.0002708589172255582,-5.777039531018602e-05,-0.001115748554524676,-0.013832842103847498,-0.01012012730189582,-0.0003591574146073473,-0.002371352173210939,-0.0008073669161767771,-0.0019675685488194095,-0.0008777125392859242,-0.002225477340274784,-0.00189630446023914,-0.001643545468883012,-0.0017407508201097155,0.0002977225068188094,6.0366233101127875e-06,-0.0008853447857225527,-0.0011201812539138878,-0.0021537726342718555,0.0023859159379893136,-0.008160092574961308,-0.0033235951884823534,-0.0008081056759877692,0.00015227899241976317,-0.00020498507856847592,-0.0005672883602574341,-0.00265304307521419,-0.0014940317247144064,-0.0022243808291841916,0.017990058923304852
-0.01203859992677725,-0.00019763007483164508,-0.00044271813515917025,-0.0004889483603552902,-0.0002961033514328193,-0.00039445259030435054,-0.0013384088158073792,-0.00227481256798745,-0.002924449380258265,-0.0003531897318806987,-0.0036099121591242067,-0.00019420947679615885,0.0037509723893498492,-0.017250455664661435,-0.0017641570532657136,-0.0008385941469315483,-0.00017440305772709053,-4.3705245019065586e-05,0.0001709571401842247,-0.0016957769827815605,-7.824564548564172e-05,-0.0015470742243838265,-0.0023026552258831323,-0.0004932067112985994,-0.0028629087654876706,-0.002397602104966867,0.0037986616743148627,-0.002504467278202749,-0.0027699069003233046,-0.0007566200927040523,-0.003481771559692648,-0.0016492753313369635,0.0024533592507802737,-0.0003081463563634479,-0.0002667171353233355,0.0002743291318183516,-7.174969946910359e-05,-0.0011447320076001244,-0.013794026134025028,-0.010218653630359897,-0.00036244955216457875,-0.002367056641430332,-0.000806226885402217,-0.001974315379483449,-0.0007619795219905301,-0.002196946404436906,-0.001903054334786769,-0.0016461220314503144,-0.0016747187169986466,0.0003375140460022408,6.318764026058687e-05,-0.0008844774556575619,-0.0010265047710681374,-0.00230957825339273,0.0024091629484273014,-0.007498501918860367,-0.003326359066462836,-0.0007976079692664229,0.0002402629817175317,-0.00021303203249722902,-0.000564275667583436,-0.0026149761825335904,-0.0014872531152175794,-0.0019355666220054468,0.01750722249913572
-0.012067105794634325,-0.0002252886894805739,-0.00043099458706696847,-0.0004911461992754829,-0.0002957769146807454,-0.00039114504895199076,-0.0013625201576517032,-0.0022829273475821754,-0.0030640572823262824,-0.00032371712256962226,-0.003617418302784947,-0.00018934885173604865,0.004107161369575341,-0.01762356916528507,-0.00176945649930349,-0.0008355152652075315,-0.00048658145713531553,-9.272211030120214e-05,0.0005021294114306851,-0.0017332483974272783,-7.329980563597349e-05,-0.0015533027429431856,-0.00231300712675242,-0.0004887263843271761,-0.0028549260249713937,-0.0025099332620609482,0.0037260598406685386,-0.0024860159466799647,-0.0026936481591813832,-0.0007576494925882749,-0.004908000565522763,-0.0014192185117699596,0.001906779611794196,-0.00032229256696492126,-0.000264487257914392,0.0002778324765677631,-9.197777307812238e-05,-0.0011688871024366776,-0.013811927103979382,-0.010298169879912389,-0.00036444733533325113,-0.0023456725890583785,-0.000805856890194967,-0.0019585840664991805,-0.0006441836731313488,-0.00216008693462999,-0.0019056829519390472,-0.0016454759409518793,-0.0016241205745023413,0.0003718539224666362,0.00011869381552820357,-0.0008850426870137262,-0.0009417118781458456,-0.0024317894451366673,0.0024227033994603797,-0.0069393506393365945,-0.0033303094860823723,-0.0007917105095139876,0.00030821727973306956,-0.00022140853453833653,-0.0005613883972158673,-0.0025824892703183444,-0.0014786063835983132,-0.0016650116882732657,0.017688680902562037
-0.012088562352235654,-0.0002611775624067336,-0.0004163021765511976,-0.0004932442485209299,-0.0002961169948075826,-0.0003875439473955966,-0.001384085675153357,-0.0022861971160355044,-0.0031991854701038935,-0.0002975936973801385,-0.003624798533978457,-0.00018423768413056152,0.004413284333948164,-0.01800156845662737,-0.00177417772695998,-0.0008337474786390686,-0.0008005083594192497,-0.00014531253391492083,0.0008209919775015173,-0.001769228718366267,-6.925385348199864e-05,-0.0015530568974193582,-0.002323873484825545,-0.00048629388034859833,-0.002810063313671285,-0.002685623645822033,0.003710770394532492,-0.0024529988498027677,-0.0025787241719672505,-0.0007614917309812785,-0.005905629111934374,-0.0009253868588204872,0.001401322380383041,-0.00033661927607586684,-0.00026282670339583536,0.0002810068921805797,-0.00011837519599211532,-0.0011870953333926737,-0.01388550752378992,-0.010364268838440216,-0.00036495289039351064,-0.0023066514423285556,-0.0008064844057483755,-0.00192147370158946,-0.0005265383476560359,-0.0021148736505661736,-0.0019051922806470056,-0.001641412253651442,-0.001597675196347459,0.00039959998808614117,0.00016996881768527317,-0.000887581967038753,-0.0008698932409660909,-0.0025162663097191285,0.002424629504921727,-0.006481827892038106,-0.003336372564245238,-0.0007926008787839667,0.00035038277969090537,-0.00023006268896974547,-0.0005588524503509218,-0.0025585605637959974,-0.0014701479874654755,-0.0014228295933760293,0.017935315527063844
-0.012100359129455951,-0.00030601696929344335,-0.0003983749159833794,-0.0004951609240935184,-0.0002972006523100923,-0.0003836512795283298,-0.0014026254879349054,-0.002283802794780021,-0.0033256932207876844,-0.00027601649867303735,-0.0036315371120948514,-0.00017890319327218407,0.004649994320309769,-0.01837517783660314,-0.0017784355027178345,-0.0008332758784430627,-0.0011079447646746843,-0.00020036564481173968,0.0011139887602076293,-0.0018034035702226836,-6.629592988571797e-05,-0.001547225495428739,-0.0023352916747821917,-0.00048594198243345765,-0.0027202173674134578,-0.002935339596581432,0.003765982824601277,-0.0024031645468799434,-0.0024234165508612016,-0.0007686814240609463,-0.00638170813394201,-0.00014821152162158846,0.0009771187278631022,-0.0003506733343789925,-0.0002624661703635178,0.0002834903193651428,-0.00015086254806562227,-0.001198238194826895,-0.014013729903536776,-0.01042254329383141,-0.0003637683436255035,-0.0022494446274745616,-0.0008083369072561242,-0.0018640833764771436,-0.0004112569005124689,-0.0020612812719585927,-0.0019025842898615641,-0.0016337360258128486,-0.001604101386260992,0.0004196100947353454,0.0002144263153038839,-0.0008926367829813486,-0.0008151395253482852,-0.0025588689473551307,0.002413033478644966,-0.006125122832612351,-0.0033454744178559315,-0.0008024666591305296,0.00036100037481534564,-0.00023894260006995793,-0.0005568937281853481,-0.002546168288193651,-0.001463934384427601,-0.0012191339027021186,0.018188530602095687
-0.012099885656169596,-0.0003605271858240222,-0.00037694681773503547,-0.0004968146419948027,-0.00029910494768470297,-0.0003794690392431299,-0.001417659715618913,-0.0022749253052476437,-0.003439439811574574,-0.00026018256880877555,-0.0036371182965240223,-0.00017337259845318087,0.004797944366502049,-0.01873512160312696,-0.0017823445930594817,-0.0008340855558361948,-0.0014006516729970775,-0.0002567705719437319,0.001367563681360151,-0.0018354585776210186,-6.461417570935435e-05,-0.001536697344587501,-0.002347299071302378,-0.0004877034736520125,-0.00257728492202447,-0.0032697474546704575,0.0039048866195698917,-0.0023342615972206104,-0.002226006908043421,-0.0007797531880054942,-0.006243288566559535,0.0009318763506931393,0.0006742998255495625,-0.0003640015925577833,-0.00026413635741284747,0.00028492069882823934,-0.00018936040915296104,-0.0012011971810985678,-0.014195556753299421,-0.010478586033973003,-0.00036069582130937583,-0.0021735035707302064,-0.0008116418699120054,-0.0017875121828853091,-0.0003005526866484143,-0.0019992845185197172,-0.0018988609485335317,-0.0016222523137002787,-0.0016521179479694892,0.00043074209428861643,0.00024947997695723423,-0.0009007486220897754,-0.000781541397111174,-0.0025554574582604683,0.0023860075344634968,-0.00586842461670678,-0.003358541163818396,-0.0008234954326068467,0.0003343109583315851,-0.0002479963721166989,-0.0005557381319156729,-0.002548290668739406,-0.0014620220320934463,-0.0010640381816399147,0.01828416207411565
-0.01208453146225097,-0.0004254284876816783,-0.0003517518941771325,-0.0004981238182271142,-0.00030190694142850916,-0.00037499922043338074,-0.0014287084778278336,-0.0022587455688708458,-0.003536284519661148,-0.0002512889501486981,-0.0036410263466559734,-0.00016767311896592751,0.0048377875103660095,-0.019072124054113848,-0.0017860197644670173,-0.0008361616020351459,-0.0016703900844821096,-0.00031341644426241544,0.0015681606627702127,-0.0018650793651863173,-6.439673181524164e-05,-0.001522361252512039,-0.0023599330490656767,-0.0004916111370746323,-0.0023731627133304345,-0.003699513560420642,0.0041406712681328894,-0.0022440385601334434,-0.0019847768556943146,-0.0007952416389932493,-0.0053974213448013675,0.002334445608990654,0.0005329968447589373,-0.00037615090129528017,-0.0002685679631400095,0.0002849359712777666,-0.0002337893591087825,-0.0011948537865656972,-0.01442995058315788,-0.01053798984675236,-0.0003555374497252739,-0.0020782796983290774,-0.0008166267689092566,-0.0016928592125367015,-0.00019663906101174966,-0.0019288581099622393,-0.0018950242256139394,-0.0016067661735776895,-0.0017504436852001648,0.0004318538386203219,0.00027254347121719036,-0.0009124589716124065,-0.000773189522073725,-0.0025018919426502695,0.0023416438862113864,-0.005710922399969398,-0.0033764989190373518,-0.0008578747812669762,0.0002645554234637082,-0.0002571721093886925,-0.0005556115627382008,-0.0025679059306604746,-0.0014664673880715462,-0.0009676559955776876,0.01781050190633815
-0.012051686077574786,-0.0005014411505497307,-0.0003225241576815252,-0.0004990068687921179,-0.00030568369403782825,-0.0003702438169919109,-0.0014352918941842319,-0.0022344445070816565,-0.003612086622244326,-0.00025053268505315085,-0.003642745521881041,-0.00016183197410268857,0.004750176789743543,-0.019376909487478167,-0.0017895757834230919,-0.000839489108256819,-0.0019089209992256828,-0.00036919239071953047,0.0017022236262487223,-0.001891951557542515,-6.583173906504758e-05,-0.0015051060268185257,-0.002373230982752217,-0.0004976977557716866,-0.0020997474771576874,-0.004235304254163186,0.004486526258985046,-0.00213024399492745,-0.0016980080059939562,-0.0008156813932025386,-0.003751157403682037,0.00407906510413758,0.0005933409568068537,-0.0003866681112746351,-0.00027649168614030106,0.0002831740774209557,-0.0002840699777879596,-0.0011780895055876206,-0.014715873903191734,-0.010606347520057513,-0.00034809535515323287,-0.0019632244365048734,-0.0008235190794416702,-0.0015812235571546207,-0.00010172937855035258,-0.0018499767659988509,-0.001892076090053818,-0.0015870826617089273,-0.0019077974016796784,0.00042180317960460734,0.0002810304666562846,-0.0009283093187972824,-0.0007941745660554611,-0.0023940325007401064,0.0022780347477218132,-0.005651805338047544,-0.003400273800416631,-0.0009077922871646438,0.00014597466343713172,-0.00026641791616377475,-0.0005567399218499025,-0.002607992299184625,-0.0014793269099707684,-0.0009401009099043733,0.017333683783658405
-0.011998739032015315,-0.0005892854501116096,-0.00028899762061929124,-0.0004993822096917011,-0.00031051226600953274,-0.000365204822811771,-0.0014369300843107835,-0.0022012030413123274,-0.0036627053965208045,-0.0002591108158829236,-0.003641760081588785,-0.00015587638315606167,0.0045157652424761,-0.019640202201134827,-0.001793127416410134,-0.0008440531657176731,-0.0021080054173234775,-0.0004229875402669281,0.0017561964936065877,-0.001915760779314657,-6.91073383213281e-05,-0.0014858204751233561,-0.002387230247041572,-0.0005059961128134338,-0.001748935949332675,-0.004887785876229955,0.004955641080821582,-0.0019906264609114155,-0.0013639819711227519,-0.0008416070668113562,-0.0012115476782157408,0.006185303687000765,0.000895463333009161,-0.000395100073179111,-0.0002886382250099073,0.00027927295796570384,-0.00034012284504469914,-0.0011497858325226762,-0.015052289223480897,-0.010689251841775715,-0.00033817166387350994,-0.001827789211491071,-0.0008325462767028169,-0.0014537043084618118,-1.803699421176752e-05,-0.001762615206342244,-0.0018910185108038657,-0.0015630068343580605,-0.0021328979011349114,0.0003994479691165065,0.0002723546318472714,-0.0009488411508932204,-0.0008485871948752388,-0.0022277392327454404,0.0021932723328284,-0.005690262586589223,-0.003430791924860954,-0.0009754355323533526,-2.7190428524170862e-05,-0.00027568189672044774,-0.0005593491104468606,-0.0026715279995390695,-0.0015026570553997587,-0.00099148649000802,0.01685526188283437
-0.01192307985544705,-0.000689681662050301,-0.00025090629536217435,-0.0004991682569278622,-0.00031646971784038413,-0.00035988423178623385,-0.0014331431678297202,-0.0021582020929952206,-0.0036840001196872807,-0.00027822038499913937,-0.003637554285169653,-0.0001498335654183114,0.004115205906405128,-0.019852726492998518,-0.0017967894299104614,-0.0008498388656350553,-0.0022594043388710627,-0.00047369102185623735,0.0017165231866551611,-0.0019361926551270114,-7.441167044608399e-05,-0.001465393405042481,-0.002401968216613759,-0.0005165389912705765,-0.001312624865681622,-0.00566762476695204,0.005561205222336607,-0.00182293451739457,-0.000980980363260997,-0.0008735532759981401,0.002314356896583325,0.008672730208446833,0.0014794951446814864,-0.00040099363769163787,-0.0003057382783443474,0.00027287055361902013,-0.000401868540733874,-0.0011088242617297572,-0.01543815905410506,-0.010792295599794,-0.0003255685021661403,-0.0016714254495215908,-0.000843935835886267,-0.0013114005581812416,5.222473705579489e-05,-0.0016667481507051107,-0.0018928534568150024,-0.0015343437477890465,-0.0024344639872928564,0.0003636460590297208,0.00024392963536201684,-0.0009745959551482608,-0.0009405180743520258,-0.0019988722388813995,0.0020854488553647688,-0.005825483301241774,-0.0034689794092743753,-0.001062992098886939,-0.0002606989591953379,-0.0002849121553367695,-0.0005636650297259349,-0.002761491256951687,-0.0015385142819671627,-0.0011319263012770087,0.017058726767806176
-0.011822098077744592,-0.0008033500620493461,-0.00020798419428136317,-0.0004982834265022662,-0.00032363311002681083,-0.00035428403780835005,-0.0014234512643637176,-0.0021046225835623655,-0.0036718300689405625,-0.00030905843476236594,-0.003629612392013315,-0.00014373074018192433,0.0035291518193723004,-0.02000520666098382,-0.0018006765904066135,-0.0008568312992252025,-0.00235487876396423,-0.0005201919644390873,0.0015696476272053506,-0.0019529328096039578,-8.19328763014271e-05,-0.0014447136241926284,-0.002417482266148241,-0.0005293591742131509,-0.0007827109620308637,-0.006585487266660972,0.006316408172225341,-0.0016249167236855877,-0.0005472847945887649,-0.0009120546369411064,0.006919505385700742,0.01156091351934263,0.002385567563139901,-0.0004038956554957007,-0.0003285225447393625,0.0002636048050883577,-0.00046922764470980205,-0.001054086287567424,-0.01587244590514414,-0.010921071582000286,-0.0003100879963114922,-0.0014935845768299094,-0.000857915232185702,-0.0011554113980360992,0.00010684246030479017,-0.001562350318800143,-0.001898582897038259,-0.0015008984582657314,-0.002821214463880062,0.000313255301219284,0.00019316914577349742,-0.001006115218810999,-0.0010740578703050119,-0.0017032916193636671,0.0019526565291645426,-0.00605665663765298,-0.0035157623705610597,-0.0011726495688189065,-0.0005603100353513968,-0.0002940567962910201,-0.0005699135808835409,-0.002880860296649912,-0.001588955047281515,-0.0013715339090999423,0.0184907849139897
-0.011693183228782211,-0.000931010925791953,-0.00015996532974804634,-0.0004966461344169115,-0.00033207950306568534,-0.0003484062347711703,-0.0014073744935355625,-0.0020396454344460135,-0.003622054521477347,-0.00035282200753306014,-0.003617418661509997,-0.00013759512673916507,0.0027382560192190653,-0.020088367003005536,-0.001804903664380908,-0.0008650155577051288,-0.002386189692698548,-0.0005613794969672181,0.001302013737068064,-0.0019656668673706523,-9.185909674969128e-05,-0.001424669940189749,-0.002433809770325146,-0.0005444894447119708,-0.00015109097420662465,-0.007652039715688064,0.007234439419182559,-0.0013943216390934765,-6.117687728623977e-05,-0.0009576457658181381,0.01269684685412198,0.014869422470554783,0.003653811759700254,-0.00040335297727411845,-0.0003577217227908047,0.0002511136530816138,-0.0005421207368273562,-0.0009844534043947917,-0.016354112286677713,-0.011081172576282272,-0.00029153227258948977,-0.0012937180196498366,-0.0008747119407943593,-0.0009868359197491294,0.00014360282058745177,-0.001449396430339811,-0.0019092088004245555,-0.0014624760220521837,-0.003301868134623631,0.0002471335475588976,0.0001174868316540234,-0.0010439404291292531,-0.0012532972485532756,-0.0013368574744075934,0.0017929875680611218,-0.006382971751470734,-0.0035720669256255055,-0.0013065955242035354,-0.000931782763768263,-0.0003030639238613686,-0.0005783206651163164,-0.003032613343861179,-0.0016560358089516836,-0.001720422878865313,0.01992763786081042
-0.011533724838434622,-0.0010733845289612187,-0.00010658371413407863,-0.0004941747966737964,-0.00034188595745376915,-0.0003422528165678562,-0.0013844329749673756,-0.001962451567078416,-0.003530532754494442,-0.00041070814567256697,-0.003600457353049591,-0.0001314539443824092,0.0017231715437868722,-0.020092931816978687,-0.0018095854183158844,-0.0008743767322914042,-0.002345098125169809,-0.0005961427483925918,0.0009000654380544315,-0.0019740804530510303,-0.00010437847265276634,-0.0014061511606502375,-0.00245098810382427,-0.0005619625858368504,0.0005903383619647595,-0.008877948454364737,0.008328488451903038,-0.001128897822927022,0.0004790617764658389,-0.0010108612788078952,0.019739330366833174,0.018617825912949915,0.005324358905678395,-0.0003989124537104871,-0.00039406651109441526,0.00023503503830601957,-0.0006204683969408542,-0.0008988071065701986,-0.016882120708785586,-0.011278191370526769,-0.00026970345728039025,-0.0010712772042148488,-0.0008945534369061425,-0.0008067732150434104,0.00016029246295579114,-0.0013278612050371397,-0.001925733135924701,-0.0014188814954121387,-0.003885143803250446,0.00016413864992359528,1.4296361575683036e-05,-0.0010886130733519517,-0.0014823268749157847,-0.0008954299042286396,0.001604534185888351,-0.006803617798342376,-0.003638819191371989,-0.001467017547093885,-0.0013808762512207418,-0.00031188164232598403,-0.000589112183620677,-0.003219728623813256,-0.001741813024586314,-0.002188706775961613,0.021374030807519873
-0.011341112436575984,-0.0012311911472406845,-4.7573359810537674e-05,-0.000490787829274586,-0.0003531295336876017,-0.00033582577709145855,-0.0013541468282821656,-0.0018722219028919351,-0.0033931240451885447,-0.00048391389154134323,-0.003578212726022323,-0.00012533441240425436,0.00046455143091761464,-0.02000962540081752,-0.0018148366186937492,-0.0008848999142011538,-0.002223365061473692,-0.0006233708476667266,0.0003502466519753611,-0.001977859191269915,-0.00011967914487298614,-0.001390046093190378,-0.0024690546413252967,-0.0005818113806586034,0.0014496803106569534,-0.010273879823022525,0.009611744759081331,-0.0008263938344953425,0.00107514955448762,-0.0010722357920883718,0.028139904988819797,0.022825692697394873,0.007437340172390172,-0.00039012093548740356,-0.00043828760824593527,0.00021500690146902812,-0.000704191204904947,-0.00079602888845276,-0.01745543368154756,-0.011517720752621696,-0.0002444036766642288,-0.0008257135567588669,-0.0009176671957146221,-0.0006163223756416869,0.00015469803246204172,-0.001197719362604599,-0.0019491578724898373,-0.0013699199346099977,-0.004579760273487166,6.312846018730056e-05,-0.00011898859588865829,-0.001140674638727024,-0.001765237415211951,-0.0003748690090420448,0.0013853885964794088,-0.007317783933915578,-0.003716945284704787,-0.001656103219544014,-0.0019133496044845266,-0.0003204580559632575,-0.0006025140375933713,-0.0034451843617335776,-0.0018483431517940518,-0.00278649916577689,0.022070963347039285
-0.011112735553080899,-0.0014051510563136693,1.733172085094381e-05,-0.0004864036482215006,-0.00036588729226383343,-0.00032912711023502794,-0.001316036173101942,-0.0017681373633186004,-0.003205687670756463,-0.0005736362875001788,-0.003550169039817974,-0.00011926375009674306,-0.0010569512815477022,-0.019829172052437172,-0.0018207720319971532,-0.0008965701946508364,-0.0020127515017059894,-0.0006419529237413624,-0.0003609986993579062,-0.001976688706651797,-0.0001379492542723515,-0.0013772435454262322,-0.0024880467575081333,-0.0006040686122473771,0.0024350381360436213,-0.01185050016199296,0.011097397829412436,-0.000484558233107224,0.001728804844598697,-0.001142303921837895,0.03799151978506732,0.027512591674756504,0.010032886731151436,-0.0003765252732886859,-0.0004911157128408838,0.00019066718327831467,-0.0007932097405742855,-0.000675000244400703,-0.018073013715043662,-0.01180535351045442,-0.00021543505702115162,-0.0005564785035153674,-0.0009442806924133684,-0.000416582493267148,0.000124606174158437,-0.001058945622754992,-0.0019804849790707735,-0.001315396395909385,-0.005394436349060783,-5.7039169775396914e-05,-0.0002849543721668013,-0.0012006666125028431,-0.002106119535260409,0.0002289651109368407,0.0011336430136683617,-0.007924659313838234,-0.0038073713225281747,-0.0018760401236075364,-0.002534961930334756,-0.00032874126905135803,-0.000618752128230482,-0.003711958782849578,-0.001977682648183654,-0.0035239136136998583,0.022070963347039285
