normalized_A1,normalized_A2,normalized_A3,normalized_A4,normalized_A5,normalized_A6,normalized_A7,normalized_A8,normalized_B1,normalized_B2,normalized_B3,normalized_B4,normalized_B5,normalized_B6,normalized_B7,normalized_B8,normalized_C1,normalized_C2,normalized_C3,normalized_C4,normalized_C5,normalized_C6,normalized_C7,normalized_C8,normalized_D1,normalized_D2,normalized_D3,normalized_D4,normalized_D5,normalized_D6,normalized_D7,normalized_D8,normalized_E1,normalized_E2,normalized_E3,normalized_E4,normalized_E5,normalized_E6,normalized_E7,normalized_E8,normalized_F1,normalized_F2,normalized_F3,normalized_F4,normalized_F5,normalized_F6,normalized_F7,normalized_F8,normalized_G1,normalized_G2,normalized_G3,normalized_G4,normalized_G5,normalized_G6,normalized_G7,normalized_G8,normalized_H1,normalized_H2,normalized_H3,normalized_H4,normalized_H5,normalized_H6,normalized_H7,normalized_H8,normalized_GASR0_274625
-0.0012961405043869778,-0.0012600533909969958,0.00037405738364837404,0.00010775181139233148,2.1391576747520347e-05,0.00029226341814370116,8.465323700579397e-05,0.0011254305075392157,0.0016850713405258677,-0.0003911891038392845,0.0024364499667381967,8.859339790556753e-05,-0.0029824213665838872,0.0005413868720285375,0.0009313929041969704,0.0007399963843846002,0.0006791213173868993,0.000753801390843023,0.007340862027095607,0.0008556268949699852,0.0001678142209136091,-0.0003756893580165732,0.0015989352679648405,0.0008061871899347484,0.0010431873916745271,-0.02366273343995129,-0.006365243492814421,0.0013528794797037502,-0.003024046176297479,0.0005043233443744466,0.026470900190850744,-0.027743651389548707,0.02227180349582869,0.0006736636617681313,0.0008661405461565241,-0.00018447584732783628,0.0014455566221958094,0.0004497198440618355,-0.010447657493533269,0.004911088415179954,2.629730812175879e-05,0.00045747089004066765,0.0007686014170686928,-0.0015144477242766685,-1.2906692255287844e-05,0.002043942453987091,0.0009000552362259384,0.0009426226643722835,-0.0010395756602584738,0.00019895654365287285,-0.0005896154258445696,0.0010123614836219375,-0.0010113936669248202,-0.0014607014227755455,0.0011804713629701702,-0.0016851320212565302,0.001914179039789854,0.0007886050515368836,0.0003556196788123689,0.0001480835201912445,0.00023879525217407327,0.0017898382406504876,0.0009321271225577465,-0.0017840322708511103,-0.016246730763964767
-0.001344850252968821,-0.0012253502369472535,0.0004456031160149365,0.00011300869703667615,1.5652508372987484e-05,0.00031143855211190896,3.688935813683791e-05,0.0012046341136664473,0.001636113868822564,6.562285462918815e-05,0.002357866112083773,7.83421930359296e-05,-0.0025568427591154963,-0.00035954616455813326,0.0009449136975701045,0.0006996709084305941,0.0009197412276786832,0.0007613328322153556,0.006332046146698023,0.0008899619330493547,0.0001546189193599723,-0.0003861226264582074,0.0015502416461270485,0.0007362981474317021,0.0010823507825319378,-0.018567196498927574,-0.007421237091276511,0.001361756475662279,-0.0023311898589727376,0.0005258873694815591,0.03171416004958072,-0.022497711642496587,0.014989356105988616,0.000690847099613201,0.0007654326920052412,-0.0001912542650324145,0.0012095071782791678,0.0005042603577600779,-0.01006164638109841,0.004079066618636107,0.00011336079505031016,0.0007042575662554729,0.0008046949649473945,-0.0010080493514461608,-0.00025811013888843437,0.0022637380747556612,0.0009417297064759911,0.001104524862308276,-5.636666866393192e-05,0.0003911787629269359,-0.0004678069177128652,0.0009127489929179333,-0.0008746654247741015,-0.0015292008546432534,0.0010887830534191956,-0.002030659921960498,0.00202311081688733,0.0009360532704287827,0.00041102627973788053,0.00021186196429123783,0.0002484386517804804,0.001963094678140598,0.0008538212165014603,-0.0015970412696518776,-0.014394659561456469
-0.0013965524118250139,-0.0011900581381667497,0.000507079778089059,0.0001169449967193259,1.0140887319876057e-05,0.0003272366321891429,-2.0924916812603556e-06,0.0012710199005148137,0.0015930803819836914,0.0004483275141502485,0.0022879204115808793,6.972569772445425e-05,-0.0021960595376673275,-0.0011337784777495363,0.0009554401359694875,0.0006630402812670688,0.0011191826536671723,0.0007736568956286938,0.005434280273863168,0.0009170564440752482,0.0001442770564381579,-0.00038232892479339586,0.001507000480409415,0.0006751702104363932,0.0011135286340864248,-0.014473218079226635,-0.008289253615971215,0.0013711859265250759,-0.0017410136344588878,0.0005442062212326348,0.03599120665644673,-0.01805823158681763,0.008919303640707588,0.0007034658265596683,0.0006712827198744886,-0.00019909766040115962,0.0010046388971762799,0.0005450807673714753,-0.009664199882867708,0.003322217183284515,0.00018662154467663505,0.0009099682655959729,0.0008329871370973407,-0.0005819630598086212,-0.0004708616817593603,0.0024358488269937695,0.0009690846443641821,0.0012338924056212175,0.000751314669149572,0.0005484864685674218,-0.00036654855608497794,0.0008223268031817277,-0.0007491779865496095,-0.0015759678943464417,0.0009937875472847413,-0.002320536477071977,0.0021109119987605673,0.0010507892876350233,0.0004486386959314803,0.00026405777258875496,0.0002548608153951637,0.002079335399309157,0.0008017336279873,-0.0014118058605069317,-0.012602934638429208
-0.0014502072620264927,-0.001154553633988975,0.0005590335870642171,0.00011964885747683951,4.832694002976368e-06,0.0003398635672482442,-3.275307698535901e-05,0.0013252738006670484,0.001555072936904045,0.000761877087765761,0.0022258508549370948,6.263528151428943e-05,-0.0018960591139710603,-0.0017873747860932543,0.0009630787050485257,0.0006298356017084838,0.0012804857891233201,0.0007899949154530628,0.004641585573992968,0.0009373992168770773,0.0001365180887020756,-0.00036568033980877157,0.0014687222508822373,0.0006221787400777501,0.0011364966336548932,-0.011297645838655668,-0.008982261870742914,0.0013807546212833977,-0.0012460319766195438,0.0005594279041256645,0.039367502756512573,-0.014366989859936119,0.003971073877493403,0.0007117340569064989,0.0005834826964157269,-0.00020783062816120967,0.0008289422743761321,0.0005732120921548844,-0.009258520216102961,0.002635787401031431,0.00024700127564791785,0.001077457122293568,0.0008539302915950842,-0.00022995582798568392,-0.0006530150100418908,0.00256389933603951,0.0009833600124544706,0.0013331525013569046,0.001396810766044032,0.0006734051364496452,-0.0002842310453953223,0.0007407160542476365,-0.0006346622428889948,-0.0016028854654738245,0.0008963144060716299,-0.002556742201262008,0.0021789909990350687,0.001135328924735557,0.00046977603768882936,0.000305465055528531,0.0002583258546184908,0.002143342204923959,0.000773912955971845,-0.0012289762466412002,-0.010793100937293243
-0.0015047750846440833,-0.0011192132637476426,0.0006020107601352187,0.00012120842634555373,-2.96091163698442e-07,0.0003495252661622761,-5.555316231242724e-05,0.0013680817467049966,0.001521193590477976,0.001011223788516702,0.0021708954318608864,5.6962313948139e-05,-0.001652828899758041,-0.0023263998081364257,0.0009679358904610691,0.0005997879685697427,0.0014066908278183021,0.0008095682260580439,0.0039479832124884595,0.000951479040283365,0.00013107147270541297,-0.00033754895829118947,0.0014349174376151463,0.0005766990974849229,0.0011510304685535822,-0.008957327435021423,-0.009513230659436211,0.0013900493489285015,-0.0008387593593182086,0.0005717004226588607,0.041908511094843615,-0.011365765099276004,5.4094593853193373e-05,0.0007158660049526588,0.0005018246882801947,-0.0002172777630387035,0.0006804078053674889,0.0005896853513684963,-0.008847809598066303,0.00201502456378444,0.0002954217066111209,0.0012095782705798808,0.0008679767865169552,5.4205365401571726e-05,-0.0008064238129096291,0.0026515142272309777,0.0009857957733105938,0.0014047323565613556,0.0018934640348808873,0.0007684602424484765,-0.00021924509007809068,0.0006675378859486436,-0.0005308490844300184,-0.0016118364916137828,0.000797193191284018,-0.0027412576092018526,0.0022287562313367815,0.0011921880033101129,0.00047575741530536675,0.0003368779235561892,0.0002590978810512734,0.002159896895753466,0.0007684077994118965,-0.0010492026312795,-0.011675063688042386
-0.001559216160748278,-0.0010844135667761323,0.0006365575144964275,0.00012171185036180532,-5.269487765025005e-06,0.000356427637804968,-7.095351219899015e-05,0.001400129671211614,0.001490544399600724,0.0012013198294440475,0.0021222921320602772,5.259816456870681e-05,-0.001462356306760615,-0.002756918262426522,0.000970118177860968,0.0005726284806657489,0.0015008379635230717,0.0008315981618136625,0.0033474943547506797,0.0009597847031233009,0.00012766666500230173,-0.0002993068670272825,0.0014050965206784394,0.0005381066437870619,0.001156905826099397,-0.007369110526130984,-0.009895128785895824,0.0013986568984516445,-0.0005117102564188292,0.0005811717813302142,0.04367969441650432,-0.00899633594226179,-0.0029222064327054653,0.0007160758849962257,0.00042610076211890835,-0.00022726365976055707,0.0005570259856397808,0.0005955315642709458,-0.008435270246019977,0.0014551759634502393,0.0003328045562138726,0.0013091858446860893,0.0008755789799395064,0.0002767535417318445,-0.0009329417795365114,0.0027023181259060447,0.0009776318894965108,0.0014510591782803672,0.0022546168885215767,0.0008361772624387864,-0.0001699813945679196,0.000602413438119509,-0.00043746940181010885,-0.0016047038963548088,0.0006972534644267281,-0.002876063215562996,0.002261616109291653,0.0012238823449384206,0.00046790193907697564,0.0003590904871166867,0.0002574410062938792,0.0021337812725656935,0.0007832667572638119,-0.0008731352176462037,-0.01349851975829608
-0.0016124907714103465,-0.001050531082408157,0.0006632200673417632,0.00012124727656215306,-1.011151538665711e-05,0.0003607765910489391,-7.941489118190592e-05,0.001422103506768746,0.0014622274211661956,0.001337117423588996,0.0020792789452432903,4.9434202919362846e-05,-0.0013206287467100175,-0.003084994867510904,0.0009697320529018505,0.000548088236811406,0.0015659673900083604,0.000855306057089722,0.0028341401661808874,0.00096280499422563,0.00012603312214665152,-0.0002523261528035725,0.0013787699801424136,0.0005057767401130953,0.0011538983936083547,-0.006449842769791547,-0.010140925053966243,0.0014061640588443058,-0.0002573991417847976,0.0005879899846374936,0.04474651546655961,-0.00720048102631754,-0.0050484014246751086,0.0007125779113366093,0.00035610298458332856,-0.00023761291305290921,0.00045678731068177214,0.0005917817501215339,-0.00802410437722556,0.0009514888919355258,0.00036007154310335743,0.0013791339788440382,0.0008771892299395123,0.00044392172238394423,-0.0010344225990959188,0.0027199356574030276,0.0009601083235757368,0.0014745601735597358,0.0024936117398279833,0.0008790816722956674,-0.00013483066329877946,0.0005449638505932164,-0.0003542540856670273,-0.0015833706032852835,0.0005973247870041387,-0.00296313953501659,0.002278979046525187,0.0012329277712008757,0.0004475287192990951,0.00037289685665520267,0.00025361934194689795,0.002069777136129103,0.0008165384284843924,-0.0007014242089664613,-0.015309919624025281
-0.0016635591977012254,-0.0010179423499770968,0.0006825446358658116,0.00011990285198315576,-1.4846193614026504e-05,0.00036277803476769677,-8.13980637979217e-05,0.001434689185958904,0.0014353447120696305,0.0014235687839931899,0.0020410938611177265,4.736179854258893e-05,-0.0012236336313382612,-0.003316694341936932,0.0009668840012377888,0.0005258983358216174,0.0016051193010448994,0.0008799132462560255,0.0024019418121805636,0.0009610287024195419,0.00012590030069214997,-0.00019797890240713656,0.001355448296076922,0.0004790847475928395,0.0011417838583975826,-0.006116371823809974,-0.010263588267492407,0.0014121576190977425,-6.834048927972791e-05,0.0005923030370786897,0.04517443699007373,-0.005919978988867314,-0.006415062604548272,0.0007055862982727756,0.0002916234223244718,-0.00024815011764289796,0.0003776822759824494,0.0005794669281780074,-0.0076175142089456305,0.0004992106411476627,0.0003781443859267597,0.0014222768072849057,0.0008732598945935255,0.0005619429287364586,-0.0011127199607618987,0.002707991447060021,0.0009344650381124531,0.0014776625494457019,0.0026237910016615462,0.0008996989478944339,-0.00011218360070497368,0.0004948102632036377,-0.00028093402663831313,-0.0015497195359938098,0.0004982367205206284,-0.003004467082234119,0.002282253456663774,0.0012218401036765414,0.00041595686626738626,0.00037909114261736043,0.00024789699961091927,0.0019726662872117107,0.0008662714120302173,-0.0005347198084646454,-0.01712735574912394
-0.0017113817206911852,-0.0009870239088164423,0.0006950774372624924,0.00011776672366092811,-1.9497542032675952e-05,0.0003626378778345263,-7.73637945836736e-05,0.0014385726413645994,0.0014089983292053798,0.0014656261236971613,0.002006974869392275,4.6272320981755044e-05,-0.0011673583723772474,-0.003458081404251856,0.0009616805085224112,0.0005057898765110647,0.0016213338904040864,0.0009046410636825986,0.002044920458150745,0.0009549446165337816,0.00012699765719270673,-0.0001376372026243855,0.00133464194855204,0.00045740602735477864,0.0011203379077833198,-0.006285545345993349,-0.010276087230318698,0.0014162243682029896,6.295122723276592e-05,0.000594258943151571,0.045028921732111815,-0.005096608467335617,-0.007112762194817712,0.0006953152601028023,0.00023245414199379866,-0.00025869986825666214,0.00031770137703079904,0.0005596181176996673,-0.007218701958441653,9.358850299356902e-05,0.0003879448033317079,0.0014414684642403142,0.0008642433319778764,0.0006370501821679753,-0.0011696875537078322,0.002670110120214897,0.0009019419956703967,0.0014627935129838399,0.0026584970868837043,0.0009005545651095126,-0.00010043091122091674,0.00045157381578508904,-0.00021724011536161658,-0.001505633618068769,0.0004008188264807977,-0.0030020263718866236,0.0022728477533324742,0.0011931351639462573,0.0003745054902777323,0.000378467455447673,0.00024053809088631084,0.0018472305265819777,0.0009305143068576438,-0.00037367221936579487,-0.016688584949815732
-0.0017549186214517176,-0.0009581522982599067,0.0007013646887266134,0.00011492703863202891,-2.4089580227926177e-05,0.00036056202912226887,-6.777284807624184e-05,0.0014344398055678997,0.0013822903294682387,0.0014682416557425526,0.001976159959774737,4.6057139779343004e-05,-0.0011477903815584334,-0.003515220773003147,0.0009542280604093456,0.0004874939576946513,0.0016176513518568747,0.0009287108437388003,0.0017570972694926912,0.0009450415253970945,0.00012905464820223145,-7.267314024228533e-05,0.0013158614176378425,0.00044011594052828507,0.0010893362290820274,-0.006874210994148311,-0.010191390746289719,0.0014179510951515262,0.00014396153388873678,0.0005940057073543503,0.04437543243773834,-0.004672148099146289,-0.007232072417975854,0.0006819790111258772,0.00017838721024210358,-0.0002690867596211177,0.00027483510931580746,0.0005332663379449265,-0.006830869842975873,-0.00027013023062016916,0.0003903945139649423,0.001439563083941664,0.0008505919001693396,0.0006754765040573041,-0.0012071790671076554,0.0026099163022057503,0.0008637791588135268,0.0014323802712201683,0.002611072408356563,0.00088417399981644,-9.79632992810231e-05,0.0004148756481709981,-0.00016290324247447696,-0.0014529957730987642,0.0003059006663894692,-0.0029577979186455883,0.0022521703501576784,0.0011493287735888646,0.0003244937016253502,0.00037181990559198574,0.00023180672737366237,0.0016982516550076987,0.0010073157119234732,-0.00021893164489461547,-0.016019082214660085
-0.001793130181053204,-0.0009317040576408697,0.0007019526074523164,0.000111471943933239,-2.8646327785208925e-05,0.00035675639750465393,-5.3085988811929496e-05,0.0014229766111513165,0.0013543227697527804,0.0014363675931703401,0.0019478871219731353,4.660762447827871e-05,-0.0011609170706136096,-0.003494177166737944,0.0009446331425526644,0.00047074167818728085,0.0015971118791737737,0.0009513439207951002,0.0015324934116074385,0.000931808217838892,0.00013180073027485584,-4.458802047357935e-06,0.0012986171834046267,0.00042658984824273105,0.0010485545096106108,-0.007799216426082278,-0.010022467619250408,0.0014169245889343873,0.00018217595682501475,0.0005916913341852403,0.04327943185201799,-0.004588376521723614,-0.006863565496515234,0.0006657917656407442,0.0001292146937210692,-0.0002791353864626256,0.0002470739683269052,0.0005014426081724199,-0.006457220079810311,-0.0005966982677860777,0.0003864152364743134,0.0014194148006201335,0.0008327579572442456,0.0006834549157832548,-0.0012270481901350827,0.0025310346183706756,0.0008212164901053587,0.0013888500312007057,0.0024948593789413387,0.0008530827278898645,-0.00010317146931948518,0.00038433690019545885,-0.00011765429861454457,-0.0013936889246720652,0.0002143118017505774,-0.0028737622371822757,0.002221629660765112,0.001092936754184981,0.0002672406106059011,0.00035994260349525575,0.0002219670206737856,0.0015305114732575564,0.001094724226184729,-7.114828827547992e-05,-0.015340574033093968
-0.0018249766805666923,-0.0009080557262930444,0.0006973874106335209,0.00010748958660067309,-3.319180429006696e-05,0.00035142689185430065,-3.376398132814984e-05,0.001404868990697361,0.0013241977069538002,0.0013749561490217221,0.001921394345695493,4.7815144621710104e-05,-0.0012027258512744554,-0.0034010153040037183,0.0009330022406057736,0.00045526413680363476,0.001562755666125959,0.0009717616292208575,0.00136513004989669,0.0009157334826874752,0.00013496535996404546,6.563372517365273e-05,0.0012824197259222458,0.0004162031116268228,0.000997768436685309,-0.008977409299602113,-0.009782286653045036,0.0014127316385430522,0.00018508002217765274,0.0005874638281417877,0.04180638272001547,-0.004787072372491985,-0.0060978136529286076,0.000646967737946369,8.472865908193405e-05,-0.00028867034350776866,0.00023240844955263462,0.00046517794764078246,-0.0061009548862070995,-0.0008908683165975706,0.00037692868950656155,0.001383877748507567,0.0008111938612791469,0.0006672184387246372,-0.0012311486119637172,0.002437089694047989,0.0007754939521098514,0.0013346299999710265,0.002323200411499693,0.0008098062252051008,-0.00011444612577071744,0.0003595787116916771,-8.122417441946972e-05,-0.0013295959963772752,0.00012688179406894484,-0.0027518998421678376,0.0021826340987802784,0.0010264749273141138,0.00020406532751526818,0.0003436296596028843,0.0002112830823866041,0.0013487917820993456,0.0011907884485973241,6.902764726657296e-05,-0.014642961906333518
-0.0018494184010628967,-0.0008875838435498107,0.000688215315465035,0.00010306811367066793,-3.775002932782101e-05,0.00034477942104471637,-1.0267590160983886e-05,0.0013808028767881009,0.0012910171979658713,0.001288959536337897,0.001895919620650277,4.957106975256309e-05,-0.0012692041352728722,-0.0032417999033480527,0.0009194418402229676,0.0004407924323590606,0.0015176229064846058,0.0009891853033860976,0.0012490283497610388,0.0008973061087724776,0.00013827799382393202,0.00013623235463411376,0.001266779525260775,0.0004083310918101546,0.0009367536976225832,-0.010325637272514787,-0.00948381665151854,0.0014049590329689998,0.0001601592560829257,0.0005814711937217609,0.04002174778679568,-0.005210014288875353,-0.0050253891097084,0.0006257211423412734,4.472117297571465e-05,-0.00029751622548324086,0.0002288290484822042,0.000425503375608427,-0.00576527647942815,-0.0011573930851477288,0.0003628565917095372,0.001335806061835365,0.0007863519703510402,0.0006330000942595948,-0.001221334021767273,0.0023317061545753415,0.0007278515073909642,0.0012721473845773712,0.0021094379188935086,0.0007568699676367974,-0.00013017797306891232,0.0003402222224941909,-5.3343760526902706e-05,-0.0012625999118027753,4.444020484895006e-05,-0.0025941912482737584,0.002136592077829347,0.0009524591145564365,0.00013628696264911255,0.00032367518435982845,0.00020001902411315164,0.001157874382301527,0.00129355697811806,0.00020094595850683739,-0.0137394480782137
-0.001865415623612643,-0.0008706649487445484,0.0006749825391407782,9.829567218000435e-05,-4.234502248401384e-05,0.0003370198939491864,1.6942420152377125e-05,0.0013514642020060474,0.0012538832996833449,0.001183329968160285,0.0018707009365450666,5.176676941331948e-05,-0.0013563393343406505,-0.0030225956833178635,0.0009040584270574303,0.00042705766366779585,0.0014647537940204458,0.0010028362776608457,0.0011782094766024098,0.0008770148849224224,0.00014146808840842517,0.00020596499954717018,0.0012512070614902893,0.0004023491499216547,0.0008652859797391166,-0.011760748002627275,-0.009140026418515301,0.0013931935612028212,0.00011489918467755267,0.000573861435423817,0.03799098979742288,-0.0057989809082981125,-0.0037368640893472582,0.0006022661931246454,8.984302053649529e-06,-0.00030549762711573614,0.00023432626060437833,0.0003834499113344325,-0.005453387076735372,-0.001401025281529411,0.0003451206617299807,0.001278053874834928,0.0007586846425360338,0.0005870329037676036,-0.0011994581087194645,0.002218508625291049,0.0006795291185124341,0.0012038293920653143,0.0018669143139840028,0.0006967994310602688,-0.00014875771564848428,0.000325888572436428,-3.374394757416077e-05,-0.0011945835945371686,-3.218340440480638e-05,-0.0024026169701714117,0.0020849120115380426,0.0008734051374914564,6.522462630265125e-05,0.00030087328821126746,0.00018843895745401795,0.0009625410746321172,0.001401078413703738,0.0003239564422206076,-0.012829897990724204
-0.0018719286292872006,-0.0008576755812111925,0.0006582352988551143,9.32604091650191e-05,-4.700080334407719e-05,0.000328354219440552,4.740528507540809e-05,0.0013175388989334902,0.0012118980690010162,0.0010630196575296402,0.0018449762830885508,5.429361314734926e-05,-0.0014601188602094695,-0.0027494673624608446,0.0008869584867636782,0.000413790929544966,0.0014071885225042102,0.0010119358864146832,0.0011466945958213959,0.0008553485999662769,0.00014426510027121253,0.0002734595731264111,0.001235212814681308,0.0003976326470904734,0.0007831409703518144,-0.01319958914774666,-0.008763884757880147,0.0013770220122366617,5.678533409758657e-05,0.0005647825577455023,0.035779571496962204,-0.0064957508681842135,-0.002322810814337606,0.0005768171045945625,-2.2689887033133793e-05,-0.00031243914313161536,0.00024689058140858755,0.0003400485740772119,-0.005168488895390788,-0.0016265176138354764,0.0003246426182157425,0.0012134753217374339,0.0007286442359106804,0.0005355498886270293,-0.0011673745619941167,0.0021011217315332065,0.0006317667480382205,0.0011321032294810962,0.0016089720096328364,0.0006321200913506075,-0.00016857605794373676,0.0003161989013520383,-2.2155626199227285e-05,-0.001127429968168947,-0.00010215947218794597,-0.0021791575225318383,0.002029002313532091,0.000791828817699125,-7.802571228343602e-06,0.0002760180816028246,0.00017680699400912658,0.0007675736598595773,0.0015114013543111593,0.00043740889518328885,-0.011920347903234707
-0.001835425809250002,-0.0008191059667533862,0.00062438244651708,8.652587818280821e-05,-5.3992898299659586e-05,0.0003164002878019989,0.00010032631896761401,0.0012607641422499594,0.0010630372537494548,0.0009204436401994975,0.0017738410236538549,5.6439566676225184e-05,-0.0014762701980727266,-0.0021762563935210366,0.0008554072684909819,0.00037500740778662056,0.0013120019433827679,0.0009832794995927596,0.0008212964393536915,0.0008298302176887873,0.00014373242753107363,0.0003170974131634363,0.001194209917343203,0.0003614079686369287,0.0005522697039044289,-0.014408103620459523,-0.008459295720107285,0.0013260278716862306,0.00013642009947179012,0.000546691609731198,0.031560882865250495,-0.0063723561128992134,-0.002458217230162929,0.0005112978772401355,-7.064522499755643e-05,-0.00030566337666437793,0.00022285174221603476,0.00028991804683586864,-0.004940227964145616,-0.0020697911014757597,0.0003163461666371159,0.0011848250135364502,0.0006868421730148455,0.0006444469704913747,-0.0011057770413785972,0.0019714441287577156,0.0006536020733651782,0.001073295663879259,0.0015476419083100268,0.0005697615817137347,-0.0001601860032481861,0.00029743672144522115,-4.666754346338564e-05,-0.001345865148446146,-0.00026177386810932735,-0.0019816188252865796,0.0019670790409567207,0.0007276641413702656,-8.806045997611367e-05,0.0002521880151618028,0.0001621707295569319,0.0006147117168979754,0.0016562093129128819,0.0006309028814712736,-0.011843263239664115
-0.0017898345641073066,-0.0008304784558076372,0.0005900178344322438,8.359397713819661e-05,-5.7620327525653714e-05,0.0003047760656309517,0.0001747854582776487,0.001211825167573899,0.0009325933783372875,0.0007400041704908045,0.001718299044166427,5.593399353176487e-05,-0.0017318057721399382,-0.0017686226017930018,0.0008315553602136205,0.00035011176588395365,0.0013041618620495132,0.0009531030912584004,0.0008806977858604181,0.0008198822796017247,0.0001397872237025588,0.0003832955391627202,0.0011605109384613677,0.0003334123488005769,0.0003438663270327602,-0.01435036577090587,-0.008311007617050725,0.0012774595363398422,0.00018217640592821382,0.0005284196778603256,0.02944677052918787,-0.006305271599348128,-0.003321764102694247,0.0004885257278981481,-8.154345736144375e-05,-0.00030432683489178824,0.0002308596675602015,0.00023855171817821486,-0.004859452134781672,-0.002308283636835662,0.0003134930442241224,0.0011843559742295007,0.000656268893850287,0.0007674747122130565,-0.0010604646407991192,0.0019210600015868717,0.0006537716600552024,0.0010325454196478123,0.0016179645426244171,0.0005267631651235671,-0.00014458453004440042,0.0002879172946952391,-8.224893041441916e-05,-0.001392928660622017,-0.00030027930415843507,-0.0014489890608473388,0.0019301011598344964,0.0006880689941843876,-9.240988008729634e-05,0.00023589963445869166,0.0001575251481058526,0.0004956521500727451,0.00173648099100987,0.000729876849566713,-0.014911004450770649
-0.0016859300008519318,-0.0009464336584723565,0.000557861723532671,8.084828651311327e-05,-7.583384639675561e-05,0.000291595515580223,0.00018280735562736794,0.0011636966605073074,0.0007876203590713171,0.0006462097358708174,0.0016616422117867735,5.7777178673834584e-05,-0.0016920042622650122,-0.0015337845999789934,0.0007937077435709039,0.00032524621785934293,0.0013615830377946558,0.0009120089322327551,0.001074180559059501,0.0008047815668763558,0.00012961581090853436,0.00039573603426501514,0.0011276883930957382,0.0003175072137857615,5.580194464593902e-05,-0.014259820911425303,-0.008197136411789874,0.0011938765300194554,0.0001602060644019243,0.0005119159840329957,0.0282514698775731,-0.00670171471660308,-0.004061684954863698,0.0004617973283023158,-9.282189949966213e-05,-0.00029164319889496415,0.00025371765889636855,0.00020642906320600396,-0.004780843855213934,-0.002552104938329358,0.0003019924257849915,0.0011341355816310017,0.0006195060753337867,0.0008827442264245366,-0.0010832331185147703,0.00186562583548322,0.0006556327709832388,0.0009818915209114376,0.0016962526159860492,0.0004995588388614358,-0.00013032332827767057,0.0003134905753374717,-0.00016096278433241906,-0.0014172639354586014,-0.0002767453829628508,-0.0013715917016126067,0.001895715111465357,0.0006899104566757686,-6.38954723064522e-05,0.0002281394743843812,0.00015458188670924855,0.00035435303510467087,0.0018094284701359875,0.0008524048827707187,-0.01798895836016179
-0.0015528718904010974,-0.001022603126039412,0.0005153632950789522,7.308975263975448e-05,-8.522731020266239e-05,0.00027682810389562107,0.00021206848433963366,0.0011015419614666122,0.0005897149805120794,0.0005952669448496817,0.0016002477844236918,5.861020163422381e-05,-0.0015899381625515963,-0.0010299222737901736,0.0007720944311482292,0.00030140369543651957,0.001382614244681779,0.0008757287665692726,0.0012446199971354321,0.0007821163692935951,0.00011958220455676738,0.0004545311752153225,0.0010969952981432218,0.00030954734412280693,-0.0002833459307948205,-0.014068816756745761,-0.008042107537386656,0.0010631908100331433,8.054929317524717e-05,0.0004991199251078715,0.02653078869248726,-0.00749601334607497,-0.004536100728947834,0.00042581683074582877,-0.00010429255665078685,-0.0002914972440095642,0.0002812497609154807,0.00021331828786785856,-0.004693279975473863,-0.0026370955153606213,0.000270208770539071,0.0010794067117154693,0.0005836422853129353,0.0008717693215445355,-0.0010342496465611806,0.0018320127829909438,0.0005783474824134771,0.0009394688302655219,0.0017724187181020756,0.00047192011763841357,-0.0001222508896050467,0.0003474381536492377,-0.00010442084713657707,-0.001393228915600786,-0.00023543144925264325,-0.0007613765418520435,0.0018529543382812541,0.0007163670573089309,-3.272351580030364e-05,0.0002167369338530456,0.00014433797684199057,0.0002897214731067965,0.0018786199655389524,0.0009102784758709959,-0.021087288723478648
-0.0014834454162797606,-0.001193793310611202,0.0004827970872260945,6.529532976418118e-05,-9.617248045445947e-05,0.00026255051365198234,0.00021397164374903355,0.0010341143343171044,0.0004666173514100702,0.0005124046137776617,0.0015421674101365745,6.277456664083303e-05,-0.0018169703174333307,-0.0005810322058590334,0.0007519352812228597,0.0002742621998794714,0.001329400260887681,0.0008321398596440321,0.0015386944578241746,0.0007750142488107681,0.00010919504794593138,0.0004777237871524953,0.0010714119717321058,0.00031250886388778376,-0.000597038378871706,-0.012912691746285287,-0.007824661882292472,0.0009101192609473063,-4.424827749660576e-05,0.0004856379028839175,0.025307854375324457,-0.008576970319268185,-0.004691920209084155,0.00040052870461448897,-0.00010791332640991413,-0.00030065688858815776,0.00031653070192438904,0.0001873978369577589,-0.00466896202391498,-0.002761608512785174,0.00023712378826346026,0.0010153875623131192,0.0005481933656217297,0.0008756471291226919,-0.0009613634921842307,0.0017765525303643503,0.0005614912875775424,0.0008942771701190289,0.001803027193507667,0.000457282253208513,-0.00011804054471031833,0.00034932388043240614,-0.00011817549736603539,-0.0013688999254691803,-0.0001690796523950988,0.0004906795658157215,0.001815463554392771,0.0006926811521106302,-6.101741858888232e-06,0.00021027324493139155,0.00013831013924092694,0.0001749872584526635,0.0020019303054163995,0.0009327769900191463,-0.022126683644271616
-0.0014112355111276509,-0.0011394743667373364,0.0004471222218229709,5.4460125915145596e-05,-0.00010064992816150031,0.00024600676582764436,0.0002496931744919717,0.0009777806163258074,0.0004616428212467216,0.0004122490683102775,0.0014970192342578237,6.514469410290324e-05,-0.0018385759255585832,-0.00032680344317348453,0.0007244543495130706,0.00025620898434874917,0.0012641417843055613,0.0008137797150555848,0.0017592052644639367,0.0007642517455890285,0.0001060679492270733,0.00041379084088455365,0.0010453556349718784,0.0003236096227474672,-0.0008619760731010118,-0.01143736917771987,-0.007578019475661724,0.0007549398002761887,-0.00017093458005446038,0.00046598256775487457,0.024234209522283834,-0.009687807771666779,-0.004490661755747194,0.00037727764640127504,-0.00012030723948186495,-0.0002996939748215466,0.00036435316388727657,0.00016520575943235194,-0.004607213358024276,-0.002883011106465383,0.00020987658090154682,0.0009445982444742373,0.00050953741783899,0.0009108276020712847,-0.0008909090957971433,0.0016890053800577842,0.0004719184323875858,0.0008595099743051726,0.0017580366409066794,0.0004464112129316522,-0.00010467435352778942,0.00035192327873789786,-9.914430913571248e-05,-0.0012819400297857664,-0.00010343966957948592,0.0007644695410422564,0.0017674160683791573,0.000667089465706372,1.1827687788956709e-05,0.00019593452536703637,0.00013279792923603928,0.00013333843506768694,0.002080743880561897,0.000995906464371421,-0.021455304774447126
-0.0013284555761357009,-0.0011390442308288895,0.0004180748745012952,5.032685298012041e-05,-0.0001077387962423737,0.00023152557226202575,0.0002888563801393129,0.0009236327800563604,0.0004900022965006468,0.00043542830313159087,0.0014621003249188913,6.626092893657898e-05,-0.0019980912430381803,-7.881573165890998e-06,0.0006912704703516681,0.0002476402571998104,0.0012879408038584117,0.0007843054008787043,0.0020730887608275683,0.0007345325530645486,0.00010062375622155173,0.0003790591468606497,0.0010206789389888282,0.00032945209804169373,-0.0010201996082142006,-0.009326407521098257,-0.007264616277352753,0.0006281565779135967,-0.00028877133646787456,0.00045887056718729724,0.023828860898289728,-0.010750425049777523,-0.003940977514031108,0.0003645858372609556,-0.00012731666530574337,-0.00027846084789395764,0.000413875459258195,0.00012432971863485243,-0.00453727686549521,-0.003083853392819802,0.000184472749155562,0.0008415017338012643,0.0004779820525324663,0.0009561119394421169,-0.0008657453465473752,0.0016048411212163938,0.00039133675778435517,0.0008263061232820501,0.00168316698961668,0.000411436949381061,-0.00010323933946987385,0.0003727491211755751,-0.00013198174625905779,-0.0011045505683277002,-0.0001503160157988459,0.0008272326249239015,0.001715366947115049,0.0006210240449320281,-1.11097473945998e-05,0.00016361865137337617,0.00013124131563824193,8.524821135491578e-05,0.0021495485893912036,0.001047756517698506,-0.020775002029284395
-0.0012426537904698387,-0.0011552007472089842,0.00039112959436016226,4.920459053181503e-05,-0.00010388611188882901,0.00022509089124622683,0.0003182963559986707,0.0008789826936066447,0.0005258447376512709,0.0004241670838041056,0.0014249489562159212,6.643762296620892e-05,-0.0023939987605627877,0.00042941874322033335,0.0006926163114400197,0.0002437058448159224,0.0014277968544891273,0.0007386877661366142,0.0020354324118263545,0.000715826971332767,9.69880552195157e-05,0.0003743321124509702,0.0009964886990723176,0.00033792667831233913,-0.001096284003064496,-0.007395597661279174,-0.006960584654403856,0.0005533514689946006,-0.0003564044564924318,0.00045109018500810727,0.02316067087479934,-0.011436720556766922,-0.0031219942428418745,0.0003408390803485428,-0.000128960442094872,-0.00026164633281011707,0.00045811378941040815,0.00010183324033508079,-0.00437448070636004,-0.00337446393158225,0.00014927301099376677,0.0007118977630413692,0.00043740846564155333,0.0009812332311576188,-0.0008630549005769206,0.0015334393080461695,0.00029893733579955395,0.0007912686717470585,0.0015663394695828448,0.00040201222960867256,-8.386217213751657e-05,0.00036894172345713905,-0.00029679477373367735,-0.0008653953358254141,-0.00011777010135427535,0.0014177827474646243,0.001665356307222643,0.0005771297003620557,-8.343680971389933e-05,0.00012576546594589288,0.00013045415786350212,9.943647917154408e-05,0.0022177748316636325,0.0010024875922896026,-0.020110295673195333
-0.00117250122985324,-0.001183464590713057,0.0003735378010223389,4.750753801374685e-05,-9.827601137413211e-05,0.0002223966541399225,0.0003185353308037264,0.0008416187720441393,0.000531212176413387,0.0004150298147036491,0.0013954861381744177,6.969757040864444e-05,-0.0028971137204376607,0.0007441840921051934,0.0006677854571679465,0.00023731012370897808,0.0015317502353262569,0.0006987532636053562,0.0021424265129204034,0.000698987237518045,9.491828473318087e-05,0.0004932879031684934,0.0009676056800109745,0.0003392760474889567,-0.0011497741025664476,-0.005380174577905961,-0.006644319091067663,0.0004984203018623123,-0.00036590490075461,0.00045430374873345336,0.02308338006361188,-0.011691562698176727,-0.002170009603491896,0.0003293905789962803,-0.0001339515083532694,-0.00026632036140628035,0.0004818391631284946,0.00010417761644010426,-0.004203074941100171,-0.0036769614510555604,0.00011144787811279144,0.0006061334894202908,0.00041132974389834764,0.0009573372013118586,-0.0008027572655133763,0.0014897686382080444,0.00028864515280679903,0.0007519347679592059,0.001423651791027325,0.0003789153360926889,-8.150655179672839e-05,0.00036667974545046,-0.00020232240258910572,-0.0004887273503988432,-7.14995095326687e-05,0.001958922530944651,0.0016148602266690126,0.0005130303135969516,-0.00019213667404183177,0.00010541387138784941,0.0001265054647663355,2.1796134272333845e-05,0.0023242319931482402,0.0009888342588872945,-0.019280440523598563
-0.0011016433426858097,-0.0011769263785744721,0.00037024877291158553,4.5170615444734e-05,-9.789957439931829e-05,0.00021752703456789924,0.00031962939693253034,0.000812104691830795,0.00061303656443501,0.0004162840944241797,0.0013591175784000153,7.436242400804538e-05,-0.0032521631855215727,0.0013477207335645947,0.0006395369576270848,0.00024166060118235855,0.001510427843380846,0.0006622698757086098,0.00206792249719312,0.0006701007964451389,8.700825824847769e-05,0.0005130036955864892,0.0009455155716127095,0.0003404141255558546,-0.0011484019565546344,-0.0027549347368630572,-0.006229080827389155,0.0004712583665191783,-0.0002893559856150807,0.000447740090661064,0.02422392877836832,-0.011283386631452785,-0.0012088025361741694,0.00031635325617229704,-0.00015563612628799461,-0.0002561544514860792,0.0004804527768320632,8.639950330757706e-05,-0.004014146880644831,-0.003960579345836046,7.953096175228325e-05,0.0005353686686377923,0.0003853998154879079,0.0009130894217219687,-0.0007650579369187227,0.0014580328152908884,0.0002560699531650723,0.0007322822209012703,0.0013050095779998383,0.0003346775417600867,-6.23931403070932e-05,0.0003749679253253202,-0.0001752103035177477,4.5398552786402036e-05,-3.311815075546232e-05,0.0023828166588160116,0.0015664034436180252,0.0004522581814043747,-0.000328685380785676,8.64647858032086e-05,0.0001238387418311948,-3.770021224358544e-05,0.002333924593150627,0.000922103236790095,-0.01838273455584505
-0.0009928104668102122,-0.0012158539490011444,0.0003751523181119154,4.651760531171334e-05,-9.729046270479103e-05,0.00021430502379460314,0.00036239985891817206,0.0007894885068198132,0.0006604461279686724,0.0004207888538554361,0.0013277325181726418,7.478985438713615e-05,-0.0037945073010888786,0.002001105583328,0.0006367405880502996,0.0002370959987569865,0.0014750881213227984,0.0006214898349832243,0.0020243579293108827,0.0006620343692409492,8.531453638571662e-05,0.0005954717541132304,0.0009185421542963201,0.0003413412203776556,-0.0010475381511246828,3.8203214664189744e-05,-0.005747932591139038,0.0004906210096120578,-0.00014748912528572689,0.0004418326239656878,0.02437627713676771,-0.010392795647759523,-0.0003371909987611721,0.00030407260894427246,-0.00015263149249389318,-0.0002534013858332962,0.0004622348168064061,6.494379279997631e-05,-0.0039019768647273745,-0.004251948520266446,6.138302039171428e-05,0.00047717501537558604,0.00036204853967625183,0.0008402095869759485,-0.0006703805881100866,0.0014042740345039384,0.0003111209011268379,0.0007354324533859202,0.0011817740755435402,0.0003085380351350864,-3.717278580450678e-05,0.00036187280907262753,-0.0002422125025295374,0.00010196187084088315,-1.5373982132027564e-05,0.0025168876680468077,0.0015183583916802412,0.0003966835021886883,-0.00047359977569350065,6.638270217096398e-05,0.00011772692148293018,-4.826848205963241e-05,0.002345251653325997,0.0008308084300325813,-0.01748202677262134
-0.0009661670398041222,-0.001193007432771176,0.00038568157993679186,4.661593282273557e-05,-9.80543587343341e-05,0.00021466058776176133,0.0003920058385640246,0.0007726345181033878,0.0006527560395128695,0.0004614722550093653,0.0012978577591686857,7.428053226532505e-05,-0.0041934448849137995,0.002134137737273667,0.0006255266200476672,0.0002414535305967913,0.0014156845477295565,0.0005789003938423409,0.0020497681311855143,0.0006243985138316699,7.716979594452056e-05,0.0005185051687099929,0.0008880811658231735,0.0003304523491152178,-0.0008923630989575715,0.0026924792755980143,-0.0054191307796229715,0.000539848856943026,5.362845164502694e-05,0.0004332571213832015,0.026639183968830915,-0.009017847372021826,0.00030220353097587527,0.00027080610321705834,-0.0001539592195251016,-0.00022404305303513894,0.0004303599221051613,7.350597082611543e-05,-0.0039561902899223345,-0.004665834073640629,4.8580865525282846e-05,0.00045320021325778725,0.0003318724327718847,0.0008205650165646894,-0.0006513667940908352,0.0013691511842459647,0.00023906536003370782,0.0007445318078993513,0.0010688736177888458,0.0002841534780759769,-3.443810429126781e-05,0.000358840062755883,-0.00043270240418713524,4.003628873228138e-05,-8.966117484454639e-05,0.0023862083079833063,0.0014848176692672244,0.0003478461251715803,-0.0006031256431517917,6.010874547413003e-05,0.0001201075857057976,-4.675734102288498e-05,0.0023681164616413675,0.000771206123991286,-0.01656635885468971
-0.0009702174881462966,-0.0012458473500434053,0.00040323576883150025,4.257298211651772e-05,-9.214376475263908e-05,0.00021388471680405807,0.0003923804269636566,0.0007568938312221274,0.0005632348529645004,0.0004896273154473274,0.0012764255264821056,7.532103773866261e-05,-0.004579270622526943,0.002594475218928194,0.0006085773013515539,0.00023815688516548583,0.0013068272757554844,0.0005416727074694094,0.0019873718581731037,0.0006089236176358703,6.544400242858295e-05,0.00048394756868130884,0.0008548151183787045,0.0003155039023774453,-0.0007184887765173675,0.004077597534231758,-0.005133326745941469,0.0005999424639153705,0.0002819682114587607,0.00041048713190705577,0.026389885930490742,-0.0074564554716674,0.0005908629699620249,0.000243693972090675,-0.0001651364980141956,-0.0002117338873229846,0.0004007558565495284,7.921358745188734e-05,-0.004081275156096131,-0.005110800481917366,3.767506405849552e-05,0.00046161369316122247,0.0003151804996115448,0.0007954275897272822,-0.0006263488126803107,0.0013706514559390648,0.00022726452200827474,0.0007466040185082345,0.0010116524011132277,0.00025266483149555263,-7.518594478672647e-06,0.0003538671497216317,-0.00039754363486266264,-0.000193215169027261,-7.803424094610101e-05,0.0020363966600827066,0.0014484071855769276,0.0003021853887146264,-0.0007179611300727196,6.545967245963347e-05,0.00012108071172245438,-2.9500600991827497e-05,0.002311261372890172,0.0006475034999455787,-0.016440674146086964
-0.0008981451655787343,-0.0013544794870368193,0.00042020555145372285,4.2282163947415796e-05,-8.719083465169586e-05,0.00021810505151864668,0.00040265615160395285,0.0007454990836164299,0.0005188713149617552,0.0005766327374419067,0.0012519957579659735,7.461897127369888e-05,-0.004462238791688167,0.0027838698945494844,0.0005901452605774349,0.0002451659323408073,0.0009276829488191751,0.0005140026954266741,0.0015277771537023366,0.000575815041227612,5.9173967533743266e-05,0.0005176534636526231,0.0008239151212103835,0.0003017736746291355,-0.000576616149143172,0.005749658525423973,-0.004958126476939162,0.000644345866856133,0.000506142994768588,0.00039499154070177234,0.026526184794417373,-0.005822286000828125,0.0004931054054793105,0.0002235065119113866,-0.00016815440418516125,-0.00021369127452752767,0.00035660627822808877,5.828092856008382e-05,-0.00421651717253968,-0.005594244848369345,2.6793915758771547e-05,0.00039071755185315915,0.00030082400118836006,0.000813796956225854,-0.0005679613078350965,0.0013670942305639144,0.00014144171037133724,0.0007434364101912561,0.001014890573132643,0.00021517160383277556,2.0168944959486623e-05,0.00032265012627341605,-0.0004655321001901802,-0.00022063661870330709,-0.00011713253642420263,0.0018430875348520726,0.0014157835943617858,0.00028106491241852716,-0.0008149002783779391,7.230590458839892e-05,0.00011893134597129595,-2.6904005994476954e-05,0.002314368288981017,0.0005117796980065314,-0.016440674146086964
-0.0008860254506918297,-0.0013533296289081065,0.0004320322019186751,3.950032825872363e-05,-7.90933466507937e-05,0.00021718656044611429,0.000419849167845987,0.0007268218602896059,0.00035843023946946495,0.0006244901449150575,0.0012194948500976466,7.29277603366274e-05,-0.0042475632597347435,0.003225890632425177,0.0005808157123656787,0.00023207720916218477,0.00047331751815749,0.0004970285237693162,0.0016342880255721948,0.0005363703520044893,4.912900124764974e-05,0.0005084763225833289,0.0007961363553536938,0.0002959624860434662,-0.000494715638716059,0.00760377531651546,-0.004784769745035944,0.0006526556177000042,0.0007102363076165741,0.0003987685112760708,0.02877031769296634,-0.004294478793464673,3.79366749561072e-05,0.0002077525108852285,-0.00017275979677122688,-0.00021830228691666065,0.0003034157539589799,5.378131634770078e-05,-0.004336593142663103,-0.005749151134874175,1.307944017092666e-05,0.00030224792367739006,0.0002807117019316685,0.0007893649842278805,-0.000508859321064592,0.001370956137711321,6.465307649117236e-05,0.0007399316236880171,0.0010558964361797596,0.0001612664453516377,4.3702454572080995e-05,0.00031863362913409077,-0.0005285538044403904,-0.0001382932876099474,-0.00022294707354530985,0.002207478238969607,0.001385703841648489,0.00029675146420848897,-0.0008590139364892391,8.807055261450536e-05,0.00011924008483821247,-5.529719189645288e-05,0.0022631265999972783,0.00033117427767304086,-0.016440674146086964
-0.0008064314423974484,-0.0013942145774535897,0.0004349819064752847,3.4371677951172686e-05,-7.307706947479176e-05,0.0002163595188953149,0.0004356341371654082,0.0006992875926012943,0.0002624756627964686,0.0005273677192039194,0.0011786602182657369,7.206673719495349e-05,-0.004308245051237614,0.0036520674833937505,0.0005912425447991421,0.0002193350287511553,0.00014547023525057767,0.0004695830555818681,0.001641787960569241,0.0005164659282617112,4.1218531757536425e-05,0.0005331695474457554,0.0007704720275345522,0.00029291399461661705,-0.00047653267912350916,0.009497178379551885,-0.004685964867740755,0.0006271073719257281,0.0008776828257239799,0.00038399864533644745,0.029520893241977708,-0.0030524195192709325,-0.0006823763443956077,0.00019675391397533382,-0.0001623659759069085,-0.00021392044312196212,0.00024716236682431614,3.626578845183914e-05,-0.004413904366013965,-0.005738615803811631,8.114758687005619e-06,0.0002459683449533845,0.0002645766833462293,0.0008579798026229213,-0.00044661756108477224,0.0013572798840273403,-7.318744993378701e-07,0.000743557545854312,0.0011385552630625018,0.0001288756367014976,6.080498281413327e-05,0.00031545871564908623,-0.0005163612753522617,-9.647640092014242e-05,-0.00025852461571163055,0.0024060584961458353,0.0013546643470898623,0.00029109085694623005,-0.0008034157540227627,0.00010263575521429757,0.00010718031878509393,-3.1718588981433093e-05,0.002237329923589604,0.0001993358878111806,-0.016440674146086964
-0.0008990291896343594,-0.0015751904966145869,0.0004317699250626639,2.9310587377207042e-05,-6.459892882182405e-05,0.00021162693872445182,0.00037609399067095595,0.000670333277930979,0.00015679167884763423,0.0004432894796202458,0.0011422096422484262,7.045420793794221e-05,-0.004500042152386752,0.0038630753321409195,0.0005786964564200581,0.00022828754192039113,-2.1491611842949787e-05,0.00043520900574955945,0.001798986529354174,0.0004914024101347891,3.1974773074816554e-05,0.0004558488343149314,0.0007495218439503848,0.00028297288356626815,-0.0004808704909873285,0.010651099960629073,-0.004431491996834791,0.0005853512741966771,0.0009726552572881797,0.0003763563794998426,0.0314135688654682,-0.0023361304974517383,-0.0015578472376800434,0.00018701709366486519,-0.00014281494868395583,-0.00019675914981831522,0.0002125669822754528,4.9543855388911595e-05,-0.0043705439605927765,-0.00579816472356387,4.227892427266511e-07,0.0002447939417926648,0.00025434093070031416,0.0009682992493174059,-0.00040531495275242246,0.001321766905498345,-6.401664520960804e-05,0.0007433016049389618,0.0012555411456416365,0.00010580927946013396,7.509187096355063e-05,0.0003108428427491816,-0.00038021908630403445,2.5866716313327487e-05,-0.0004534654808872052,0.0032976587586504014,0.0013189925195546959,0.00033716911344638945,-0.0007005150740531096,0.00011668737308268007,0.00010817062035672897,-0.00012181159781854412,0.0022484050795130717,0.00010289777597938254,-0.01688730839679009
-0.0009777836777360438,-0.0017615695344437299,0.0004130766466841074,2.7121560382203924e-05,-5.8914126508158304e-05,0.00020249598052246576,0.0003312221131053228,0.0006462696694977677,8.752257298061394e-05,0.0005416534971771636,0.0011020010672591063,6.524392487028408e-05,-0.004411143092949876,0.003953658723668818,0.000559293785939996,0.0002160301175979651,-0.0002749027675373883,0.00039731327566339125,0.0015660336536726938,0.0004717857848572926,2.845869945589108e-05,0.00041763441421815983,0.0007310856651798758,0.0002641708033215284,-0.0004974189819607622,0.011372186557462083,-0.00407693531778186,0.00054543604886792,0.0009789321483577584,0.0003431248501111206,0.032017834344240104,-0.002142875806476874,-0.002454384366382567,0.00018251783937062172,-0.00011842827045915882,-0.0001804138184119397,0.0002004207197072727,3.495572145006953e-05,-0.004324430834362847,-0.00584587672093051,-1.1912477087649975e-05,0.0002530724622731295,0.00024137516203759368,0.0011274156408365155,-0.00043656120178570124,0.0012525247818229168,-0.0001256939771572263,0.000721902861709367,0.0013657340211385982,6.399053536054744e-05,8.275328218032563e-05,0.00030856469370621475,-0.0003145894698708407,0.00014710526461225726,-0.00054250980223991,0.0033265769525923083,0.0012876761703284334,0.00034745336599506516,-0.0005713556280059207,0.00013653455940310089,0.00010142294352988301,-0.00021029181286003062,0.0022218964604299174,4.4175552413872055e-06,-0.01733844537069862
-0.0009894067099006643,-0.0019161660575384154,0.0003830825085406886,2.471784626334461e-05,-5.253100877189443e-05,0.00019059332962800823,0.00027561875400095026,0.0006105280943096147,-4.319054969481595e-05,0.0005928216709907286,0.0010637898883807395,6.192183811370988e-05,-0.0043649112419700264,0.004148643047029443,0.0005502101389736058,0.00020221569728673394,-0.00044561877747428813,0.00037634985055046144,0.0011584397787545164,0.0004715452253503116,2.939589401318443e-05,0.0003989845057756902,0.0007073294068791203,0.0002556382868397211,-0.0005812778535153607,0.01208296763319594,-0.0037237925272105565,0.0004784927874492695,0.0008924685141851185,0.0003250266934951007,0.03363542922369711,-0.002522967617166305,-0.0032449983883132694,0.0001892757663324307,-0.00010586167376913647,-0.0001745749354064019,0.00020814929809365168,2.581810750967861e-05,-0.004292297239905651,-0.00589522641908391,-3.244081708975166e-05,0.00025592966621501567,0.00022587948882279996,0.0012708912942132056,-0.00038664055198478486,0.001215144998157891,-0.00012030016279007683,0.0006934058657055431,0.0014762815331836876,1.485637856646349e-05,0.00010615391634227755,0.00027499162944510935,-0.0002107680443840243,0.0005517278222453292,-0.0005878804547932992,0.0036506603967367823,0.001262100632285934,0.0003209807075723603,-0.000403009648683339,0.0001571452180317845,9.78062259289203e-05,-0.0002377974820432227,0.0022108759362917674,-8.041106511680329e-05,-0.017791083252342133
-0.0010466634236032668,-0.0019792610909113995,0.00034852335354340624,2.195385399916816e-05,-4.184552423247556e-05,0.0001788995424263362,0.00022742188604785163,0.0005752389964364113,-0.00015020893309214411,0.0007021573423791061,0.0010274275998429783,5.4637526569978334e-05,-0.003983243276356796,0.004366959927101455,0.0005263563903969981,0.00019524662485292943,-0.0007937219197641232,0.0003799237122239507,0.0007332193949567412,0.0004563685165532849,3.0449947167054958e-05,0.0003924075920069825,0.0006881633546331756,0.00025421547278869916,-0.0007242455134316428,0.012282953945030428,-0.003260998849500374,0.0003721192654460026,0.0007537477641499368,0.00030867614072116467,0.03574857922568442,-0.0033097609108806436,-0.0038234400205020558,0.00018868526806392616,-9.954524545041643e-05,-0.00015385769565745555,0.00020858204378959577,1.1519823150729636e-05,-0.0042884413763730755,-0.005994675217969148,-5.807937043433853e-05,0.0002261660480418204,0.00021198566850122447,0.00137657138973446,-0.00041214434708991554,0.0011875527795444096,-0.00014785799202143846,0.0006506718955674451,0.0015661918258658147,-2.1564281450281442e-05,0.00012224671811811305,0.0002528511558312907,-9.913664727545513e-05,0.0007543924938611113,-0.0006452342573918246,0.003715301458104392,0.0012328977053357448,0.0003175712728400448,-0.0002511226242093434,0.00018646386091347722,9.715038143576216e-05,-0.0002516394816929335,0.002208352788303891,-0.00013736156635013597,-0.018174777263456843
-0.0011486923664305593,-0.002068073554430727,0.0003132089111796965,1.936430681492851e-05,-3.66173640679035e-05,0.00016842422230767262,0.0001587077217855004,0.0005377135175914649,-0.00021224509483985798,0.0007949270837313005,0.0009891736468048418,5.287836540257551e-05,-0.0037003416270929845,0.0044263216635074265,0.0005076514262634113,0.0001934169075443748,-0.0010493108476743451,0.00039430917228733264,0.00039279839848238574,0.0004437275031912158,3.21828750418085e-05,0.0004098741822513574,0.0006695612477918278,0.0002434359510730122,-0.0008611457696164893,0.012328810013315872,-0.0027497851912478,0.00025032831390348065,0.0005838340485109228,0.0002935300425341847,0.03790480209017977,-0.0043556332916158125,-0.0040833977556370415,0.0001860337973584869,-9.072156108791418e-05,-0.0001246945480821715,0.00020848182134125537,-2.429181486962584e-06,-0.004404029441031021,-0.006010463229506158,-7.612502767695428e-05,0.00017552443124668748,0.0002063075344025389,0.0014807956192020022,-0.0003521005746979222,0.0011487931222189385,-0.0002224332499654036,0.0006065281271820933,0.0016066193995887268,-8.609140447690677e-05,0.00013858527486521055,0.000249171874617371,1.4207518992170876e-05,0.000892668851246059,-0.0008048495622181573,0.0038934514376731677,0.0012026196470198425,0.0003458864619383384,-8.673070485554213e-05,0.00022414605568465973,9.059692975110778e-05,-0.00020504733716852908,0.002216077350978507,-0.00019539860216810645,-0.018174777263456843
-0.0011233547910446395,-0.0021722018560484946,0.0002869189874239453,2.2347986134763076e-05,-3.096939910773866e-05,0.00015706279948957125,0.00011803483580985485,0.0005022238540326462,-0.0002496950881144544,0.0008589679394910288,0.0009543526985082984,4.6693183979540365e-05,-0.0034882954359919394,0.004395042522583381,0.0004787518335247487,0.00019600507609651707,-0.0011140322502021238,0.0004231935376213247,0.00021628818312535714,0.00042311849606524454,3.683824878453201e-05,0.0005315114485582306,0.000653548448668051,0.00023853117267669255,-0.0009515889816503753,0.012026096509673456,-0.002085850618149032,0.0001528625980731224,0.000424200972086064,0.000283456588137998,0.03978949458752967,-0.005372060681791968,-0.004002403447595171,0.0001622621705128502,-9.513565610730357e-05,-0.00010265884977156414,0.00021460303778964018,-6.482429431131642e-06,-0.004575195598061632,-0.005937677975189293,-8.748876939024264e-05,0.00013426999049626076,0.00020359738953534823,0.0015153390024196245,-0.0002877580056896978,0.001120019958750662,-0.00027139180283619613,0.0005625036788505788,0.0015824090409406466,-0.00012410164721976535,0.0001090111579453712,0.00025338515768646985,5.348440593544446e-05,0.0012753592769021438,-0.000911023966116864,0.00403413677618647,0.001178426320506576,0.00040299869640381125,8.958687619919914e-05,0.0002514846982062391,8.685079389492145e-05,-0.0002881605535091092,0.0021880452324345434,-0.00022364697911747555,-0.018174777263456843
-0.0011320576408441196,-0.0022546739889698353,0.0002623713793179494,2.3543185601937466e-05,-2.080952519523116e-05,0.0001510074046893184,6.334821231712695e-05,0.00047935551548006217,-0.0002551450230557917,0.00088025337444253,0.0009287737799217322,4.7704752027533104e-05,-0.003016924763653228,0.0044386407777885495,0.00045709279316152873,0.00019802875284580246,-0.0011108569647337863,0.0004459345579754803,-0.0001304881332131469,0.00041585235773666795,3.775943184702868e-05,0.000570721487875625,0.0006377246126596514,0.0002302683837953623,-0.0009226878897142798,0.011337139257185047,-0.001499932634073442,9.922696438047218e-05,0.00026629838158376273,0.00026269620333918553,0.04110059794293219,-0.0064307655969007005,-0.0035963460182572016,0.00014888640672094944,-9.882578474118553e-05,-9.16849881975601e-05,0.00023179786854221618,-1.9698819727076433e-05,-0.004802161303258612,-0.005834032836294578,-9.78254819621327e-05,5.662171512654801e-05,0.00019061624214855577,0.0015481469465867814,-0.0002760654117870409,0.001118870236361813,-0.0003034871139800943,0.0005118409571525095,0.0015146338734766118,-0.0001920030792056382,7.572453131565737e-05,0.0002598110370664042,0.00016738569510210688,0.0016577339795100787,-0.0011086439670990877,0.004583993957799182,0.0011488084122361908,0.00042509752461872274,0.00025671511061675645,0.00027117288010436447,7.874812823827071e-05,-0.00038453184745856905,0.002202655048697544,-0.0002540785423378322,-0.018174777263456843
-0.0010269464005253637,-0.0022839607203941625,0.00023583149557526717,2.3610826196840407e-05,-1.564404831777555e-05,0.0001456037900506857,9.673737737303512e-06,0.0004614092713215445,-0.000247694883731997,0.0009903811793265938,0.0009104298646220865,4.751451481399549e-05,-0.002285800073120181,0.004483030644109265,0.00041055176616189293,0.00020647572686138815,-0.0010471939176446288,0.00047907094085086754,-0.0004710398563806395,0.00039407201540297976,3.85136966583044e-05,0.0006264406917153575,0.0006212053007976781,0.0002325452133826733,-0.0008482875402640033,0.010615969663978708,-0.001032797799567553,8.787740321336557e-05,0.00016241735242172872,0.0002538526940016883,0.04056150684631388,-0.007231255511032653,-0.0029227524914365866,0.00015114258190052077,-9.532583235161152e-05,-8.645931854656119e-05,0.00024558561398224654,-2.753361673613064e-05,-0.005128799248868443,-0.0055761156992881755,-0.00010533785741562163,2.3120250752350913e-05,0.00019325887525334373,0.0015480119408648463,-0.00027476995474517985,0.0011156504577027881,-0.00035334962547106663,0.00046097547238987957,0.001398013175641477,-0.0002358147076723105,3.9473972779147104e-05,0.00027821173497355467,0.0003312701051516598,0.002002107739929926,-0.0014024816750793923,0.005227558264594423,0.0011124663547172897,0.0004184285161827894,0.0003723020365520302,0.0002763951717801305,7.656020020863075e-05,-0.00038212673054760504,0.002166263668974988,-0.0002895529656099516,-0.01838818350349214
-0.0010079444445469932,-0.0021457664450050817,0.00020830447752229198,2.5441933504843917e-05,-1.2141924346176225e-05,0.0001421917989665733,-3.527493121835423e-05,0.0004438157155401967,-0.00018455151499308098,0.0010100692749313023,0.0008911458116434012,4.576964662583727e-05,-0.0016272200995463004,0.004657882788587475,0.00037439866906829877,0.0002184244454701556,-0.0010968019541052199,0.0005132776758836055,-0.0008375887065420473,0.00035490698626894357,3.7003031114757334e-05,0.0006309156191715015,0.0006062140490841195,0.00023196777542677793,-0.0007951168529702901,0.01074695712076279,-0.0007583170673788331,9.977168942088e-05,0.00011610751315616064,0.00024242289272069506,0.04006094294266194,-0.007640534991132819,-0.0020917441037076046,0.0001511130737772426,-9.240533849763644e-05,-8.876824542491946e-05,0.0002453060176630384,-3.552495396197397e-05,-0.005431061276663929,-0.005327779416330447,-0.00010891808072310827,4.136571095214592e-05,0.00017474886768487075,0.0015569869272917813,-0.00023996142132431952,0.0010781059509523683,-0.00036620808569709506,0.0004077803355990728,0.0012630385084995144,-0.00026435483135567317,-5.342234705496551e-06,0.00029702373412288097,0.00042264436359773505,0.002224102034434905,-0.001552332765435871,0.005684098016092376,0.0010776907110083833,0.0003680519028379514,0.00044962345021626327,0.000274382485766278,7.430528450780294e-05,-0.0004179143867499846,0.0022136420502547605,-0.00036840959189110567,-0.01883736277165904
-0.0009179374700953868,-0.002089153433197488,0.00018966124415498165,2.8854030210245796e-05,-7.121895994610661e-06,0.0001399566135045216,-3.572554309327902e-05,0.0004429123736611196,-0.0001769580214053823,0.0009799199112756618,0.0008761240227368461,3.990308148948962e-05,-0.0010981416293818214,0.004780530532441762,0.00034932282205368814,0.00023075001449446297,-0.0011764848911764991,0.0005455054841942975,-0.001070805408044051,0.0003320523554626309,3.6707925975987266e-05,0.0006418500925395865,0.0005919161728686895,0.00022608976104820933,-0.0007583360266013583,0.009900688945609692,-0.00026168481174770886,0.00011250631945958212,0.00014351577770477242,0.0002333437451682574,0.03895897132005688,-0.007567399649974882,-0.001216103106901012,0.00013777000817638552,-8.89725431140187e-05,-7.114613966308081e-05,0.0002325064493586826,-6.805562952871824e-05,-0.005763023904054143,-0.005040683990147232,-0.0001185786878799,3.4791373413112225e-05,0.00016844275509808604,0.0015895668113310446,-0.00026407590317234497,0.0010599574943082057,-0.0003470919545420781,0.0003652839102015193,0.0011211067322705048,-0.00028197236264460024,-5.1171319943033033e-05,0.0003083998666491006,0.0004299837913379623,0.0022518265607938126,-0.0017162450241366978,0.00599436335432646,0.0010393972404483254,0.0003225626012348659,0.00048326589813285636,0.0002720240671374441,7.4313045090868e-05,-0.0004305220417206712,0.0022190124678842515,-0.0005773198529065438,-0.019288026633346722
-0.0007970800468377615,-0.0019188076144133204,0.0001748998213486619,3.2460895171171344e-05,-1.056492383766372e-05,0.0001412292185694053,-4.573612626235235e-05,0.00044111089102361056,-0.00012677893251222816,0.001074352943291279,0.0008589961795328893,3.891203909711649e-05,-0.0006174483797611874,0.00492468172409577,0.0003133064428839649,0.0002584218463714816,-0.0013145063896489173,0.0005775614365213233,-0.0016478312773995363,0.00029848127828158155,3.6641997222419675e-05,0.0006065429907333719,0.0005729324039192019,0.00022049605934060246,-0.0006595058474441196,0.009269710303195122,0.0001776128625212703,0.0001649943906663065,0.00024900759927182214,0.00020886296040978358,0.038684824974757115,-0.007081029084346269,-0.00037823269424186456,0.00012092191896306836,-8.825240961185532e-05,-8.008553692695486e-05,0.0002078885701102262,-8.955445752223401e-05,-0.006137677433481037,-0.00470576629354591,-0.00011530068224119283,7.058559053452207e-05,0.00014843850391388358,0.0016521651757968048,-0.00027316696335599744,0.001083334680024084,-0.0003133087619100472,0.0003352325424184066,0.0009629435164142386,-0.0003212893351119961,-0.00011564375361050594,0.00032327913616114756,0.0005261798167677245,0.0018054257994699618,-0.0019802030290708705,0.006575902897986152,0.0009917346677572603,0.00027531377214362607,0.0004983470025021752,0.0002710422271616775,7.191510003434765e-05,-0.0004633571316715601,0.002214083436287373,-0.000842552722521317,-0.01973572130799317
-0.0007836473401032773,-0.0017760152527425133,0.00016875529417292867,3.559833251909339e-05,-9.35640417132344e-06,0.00014364551589718388,-6.0111128873274744e-05,0.00043228208995604867,-2.3426012233707105e-05,0.001215020795844346,0.0008414633153515094,3.7538882099452664e-05,-0.00011267077620469301,0.004852064766428521,0.0002816176554063521,0.0002753205210634935,-0.001430306779565238,0.0005906081756084092,-0.002190546582899411,0.00029389346157882024,2.97612155679694e-05,0.0005810127940144572,0.0005523624018652917,0.0002057432796001013,-0.0004834365687630404,0.009354968435797417,0.00033858512502327187,0.0002616653866389651,0.00041018386711222377,0.00020698072881164542,0.03854500846186082,-0.006132290244830529,0.00031450873211591457,9.949874839221273e-05,-9.134360947971043e-05,-7.703617821452902e-05,0.00018305474400581723,-0.0001106626752974682,-0.006671402559821238,-0.004395356663959515,-9.934176338466383e-05,0.00014924531924354056,0.000143712346253988,0.0017314408874071763,-0.00025081761514633705,0.0011167689745761322,-0.00028682336448537793,0.0003143659228148632,0.0008022705435077881,-0.000320525751010603,-0.0001508046926445017,0.0003537863711797762,0.0006846656010408569,0.0014152984132684843,-0.0022892276685374524,0.006833998872135982,0.0009476067313607395,0.00020020453787528147,0.0005007315183658267,0.0002654659380481039,6.820505991500525e-05,-0.0004281610910821243,0.002171861180267687,-0.0011094270450738852,-0.01804025025058842
-0.0006995954855544273,-0.0016420583757624785,0.00016458655534701272,3.6563656389043686e-05,-1.346236640831222e-05,0.0001565529987559433,-6.067013179555936e-05,0.0004361719232275352,7.341311769581971e-05,0.0013403616701030963,0.0008311764687669587,3.57728556157344e-05,0.0001610498726878351,0.005091189720742628,0.00025552766376235603,0.00029243296442649225,-0.0016334399225095275,0.0006029621392511508,-0.002361667376422516,0.00027810480595080733,2.584517101333894e-05,0.0005559576268565625,0.0005357460604735742,0.00019060149408889338,-0.0002917437171603421,0.009497363828889327,0.0002830727841045544,0.00036182863605715987,0.0005651623569242759,0.00020338482781045997,0.03961016453344901,-0.005281033409234692,0.0007208543397219103,8.434678864244205e-05,-0.00010640274231032976,-9.177273989835477e-05,0.00017110506123496627,-0.00010842712680902977,-0.00720683975880787,-0.004134865890196959,-8.745826702949433e-05,0.00019681898172074774,0.0001416293649703082,0.001804321575862966,-0.0002277991112743516,0.0011354992166152655,-0.00029410055986445194,0.0003109546477022551,0.000670029984234155,-0.0003282036490315221,-0.0001885169944930709,0.00037032420656468723,0.0006782884236486986,0.001201539852463851,-0.00248406524148137,0.007877759742252133,0.0009045416700410591,0.0001377231178876226,0.00048598608800487497,0.00026578985033687275,6.846532521520565e-05,-0.00038989841554892823,0.002125555780180477,-0.0013641648032485243,-0.01506987227169132
-0.0005746476713108795,-0.0015227964310515762,0.00015262277589744855,3.79873702862632e-05,-1.8133980540513406e-05,0.0001653443595650561,-8.667520959038111e-05,0.00043558794626807895,0.00014392649695271764,0.0014274022849301016,0.000820018828523672,3.650542939093171e-05,0.0005219719500864084,0.0050942737130779125,0.00022214938843867493,0.0002981973078883815,-0.001730520738781216,0.0005842223246157463,-0.0027526716640537963,0.0002700152366579278,1.9707025268989042e-05,0.0004856877952037486,0.0005126060670845867,0.00017717443569953417,-0.0001465969483566143,0.009835046984038476,0.00027847334836561544,0.00044989834981157273,0.0007321757912792659,0.000192200317823632,0.0396678012172027,-0.004200389054677123,0.0008316752896204704,7.325093665078164e-05,-0.00011733551139714304,-0.00010935568828962516,0.00016482090797964588,-0.00011355108737187702,-0.007826990415064738,-0.003946526756124835,-7.93465236789137e-05,0.00025753858282540065,0.0001376770329355459,0.0018681329770695587,-0.0002444128282272917,0.0012135494318383788,-0.0002845610898071227,0.0003022080165921981,0.0006119724197268805,-0.00032832890852507735,-0.0002118066761802595,0.00039140898995904116,0.0005573435866372822,0.0009331016663738367,-0.002514154841053995,0.009044551632834796,0.0008595895841492229,8.977665926224176e-05,0.00041968622992993865,0.0002650064856617451,6.595030965295123e-05,-0.00034301888165122474,0.0021090484145227517,-0.0015593785926634185,-0.012128892507345501
-0.0005319377742241116,-0.0014129297696136023,0.00014497969044624526,4.067486762826533e-05,-2.4079955550759813e-05,0.00017699724401243344,-8.880050729287436e-05,0.0004338163801522743,0.0003060250052779878,0.0014251712695447782,0.0007970457890111859,3.4090759381433244e-05,0.0004919266371563591,0.005063653389207445,0.0001945564780172493,0.00029336499583076936,-0.0018010453380284952,0.0005618888122771448,-0.002704150129746785,0.0002535237026133341,1.2228502239697292e-05,0.0005691823828062326,0.0004854139717893613,0.00016818837739629444,-5.9283725532321974e-05,0.01013538477077125,0.0002090925445559222,0.0004985961738792621,0.0008849235279626555,0.0001865658727275843,0.0410222810333305,-0.003093236338713834,0.0006633910689024525,9.560518716122957e-05,-0.00011587775176691295,-0.00013496541625612757,0.00015331224138770416,-0.00012757657512918463,-0.008447143619718878,-0.0037606563758867395,-6.315842530080218e-05,0.00031674881299426083,0.00013411562555409873,0.0019285204371575215,-0.00022739853152187184,0.0012314724832966917,-0.00028681286573151166,0.0002949530962268465,0.0005872961255526388,-0.00029487824301510646,-0.00024437787018849466,0.00043780604375931453,0.0005007694167891152,0.0004433150225655602,-0.0026231246857220114,0.010045910653940782,0.0008160305772206833,5.714413115520678e-05,0.00037973019640724637,0.00027331116750595186,6.310623633232204e-05,-0.00029618103083906,0.002072337519673173,-0.0017107175089957627,-0.009178124214292094
-0.00047680288024265494,-0.0013055675688322665,0.00014113783460611984,4.50065341062178e-05,-3.078867686057141e-05,0.00018584904850338368,-0.00010210874311444851,0.00042883737582477544,0.00048708952242892956,0.0014766979847553596,0.000764215273589608,3.23114005940095e-05,0.000406007333699554,0.00505387239399524,0.00016253450320391494,0.00029067395704340804,-0.001953574163992,0.0005334873825164621,-0.0028140423732661013,0.00023427091733840832,8.92279308151167e-06,0.0005735379016582609,0.0004610507280149445,0.00016879735220087788,-5.4925507755876346e-05,0.010203381414032098,-9.628806358663589e-05,0.0005068887672652345,0.001005607319938484,0.00018376624177762757,0.041323416404134505,-0.0020646151946531743,0.00024965482291849916,0.00010645257067798397,-0.0001176713168138388,-0.0001510314892627651,0.0001381326444833686,-0.00012435177518232976,-0.00895908592131811,-0.0035598520949309265,-5.267623671045829e-05,0.000361153636364131,0.00013472057774621682,0.0019854225060707,-0.00022780108886022443,0.0012229502247793622,-0.00030156030630423825,0.0002855265418773012,0.0006072662646028348,-0.00028494610455465086,-0.00027758396898969195,0.0004693930084058717,0.0005278155181844824,-0.00012100357729383227,-0.0027094568831118604,0.011206391330917498,0.0007883417887191158,4.172073799391107e-05,0.00035948587198242343,0.0002799249384277669,6.156539957946627e-05,-0.0002962305223264128,0.002035115510529817,-0.0018358089394627797,-0.009664157293042486
-0.0004077820775910679,-0.0011459013537341578,0.00013214623755763988,4.239977691189445e-05,-3.29264084194536e-05,0.0001873320346763574,-0.00011024098969047991,0.00040513722087798243,0.0006248523515028914,0.001466947699065635,0.0007239512810515158,3.4952391732234744e-05,0.00045253138247125513,0.004939608163653908,0.00015691965716491119,0.0002804800179474487,-0.0021484447134673124,0.0005177028324201416,-0.002987394281771194,0.00020056555694014655,3.4968740643126495e-06,0.0005651925393248547,0.00044179427440926844,0.00016134286100877304,-0.0001040396052292003,0.010191309151550199,-0.000343656633802758,0.0004901742371745677,0.0010618104447470689,0.0001853186829468001,0.03991877806705779,-0.0013471903610168257,-0.00030000272197616695,0.00012632536848444786,-0.00012183160565093498,-0.00016917056513210404,0.00013639964602774057,-0.00010588710096182119,-0.009437286491249086,-0.0033103467030276557,-4.445239543948709e-05,0.00042439650708248067,0.00014170995700535371,0.0020187718390614062,-0.00019406648333564203,0.0012410950371068985,-0.00027962821845883834,0.0002853365931141383,0.0006425179627349564,-0.000260763426197963,-0.0003047030300247222,0.0004797185089508993,0.0004351407779035199,-0.00029123175870759965,-0.002751226380163896,0.012819388414344157,0.0007749650234210037,1.577000151353758e-05,0.0003638890682062801,0.0002775039731774953,5.72045683699951e-05,-0.000265604004351383,0.0019925224857169077,-0.001954918375847381,-0.01100949267858431
-0.00046101997309111464,-0.001040438540644284,0.00012277849004660446,4.322205689533121e-05,-3.68031757868037e-05,0.00018669129792092676,-0.00012011903092101761,0.0003785547783810017,0.0007468117866551438,0.0014092095642976865,0.0006860510978485834,2.974679488709775e-05,0.0004980545737007791,0.004577853641417606,0.00016174315125327965,0.0002633121847470665,-0.0021969918879337635,0.00049132852671252,-0.002734024317560424,0.0001969619155097746,-2.172856350068919e-06,0.0005072904658953714,0.0004222389677870364,0.0001627640202892522,-0.00016396316275546496,0.010296051304278464,-0.0005605702440700799,0.0004844157291681306,0.001061824939194489,0.00018598591491092442,0.04023405369269506,-0.0009113923501344878,-0.0009058775904712268,0.00012813033801117868,-0.00011408510416566209,-0.0001558640897372232,0.00015577688657697486,-0.00012677827618590154,-0.009840090704154036,-0.0031773198225504284,-3.175633574026282e-05,0.0004942981814239911,0.0001498596568014765,0.0020798720105241753,-0.00021018665423366834,0.0012255384010904091,-0.00022162102818401586,0.000281779409022187,0.0006889996734471548,-0.00024476502641890274,-0.0003366187338607052,0.0004810364867395833,0.00022767848262250645,-0.0007204336942426837,-0.0026856510488347807,0.01367662797344149,0.0007586870686284719,-2.4692966763550928e-05,0.00038720701205341435,0.0002784749926620922,5.745555405800573e-05,-0.00027481616722491164,0.002026839651722012,-0.0020507098596717066,-0.012391306647775768
-0.0004457612651777021,-0.0008250867947486862,0.00010298874526548651,4.159782010404456e-05,-4.011706594120312e-05,0.00018883977156725074,-6.896774862985566e-05,0.000351991668731122,0.0008605950980116184,0.0013856794264350825,0.0006446898262968404,2.23535755259352e-05,0.0004167250856714766,0.004580712006632126,0.00014683982595786738,0.00025341051492833166,-0.002227444360740738,0.0004803959369827915,-0.0023792329305719617,0.00016643627349455237,-1.3207347256960489e-06,0.0004504565992422549,0.00040518134518419124,0.00017296573846015129,-0.0002662137094131545,0.010601391901623458,-0.0009118835320552909,0.00045516074557405695,0.0009944578290637107,0.00018326707647098317,0.040471770609781466,-0.0009127158527728607,-0.0014353872105588028,0.00014367876857379613,-0.00010576772735670925,-0.00013784154056273312,0.00017979615332697207,-0.0001321525938764445,-0.010109532069764393,-0.0029705319247247397,-1.801825397795831e-05,0.0005335974135414201,0.0001616699525686105,0.002051239221178669,-0.0002599119185705545,0.0012144180842326158,-0.00022698719583269522,0.0002674891970173565,0.0007473042363692617,-0.0002412459360205954,-0.0003671841909658191,0.0004825748811196906,4.5351817169692055e-05,-0.0010134435626778515,-0.0027209417221109033,0.013691699285302672,0.0007316797927687801,-4.50399198935747e-05,0.0004214253050756067,0.0002658513208875224,5.962383999125187e-05,-0.00022307580278457806,0.0020112286837496995,-0.0021132053055550326,-0.013759449305205784
-0.0003874866748049266,-0.0006997959673963328,8.292711046320456e-05,4.048023414227053e-05,-4.645184902285493e-05,0.00019194650940956848,-4.872574945247177e-05,0.00032758470571447873,0.0009501856320155433,0.0013538833816977291,0.000596331800787997,1.760329208555511e-05,0.00014878356027137052,0.004697066190035182,0.00014243748084719066,0.000244206491042398,-0.002081766403254859,0.0004492583506219283,-0.0022208269799085523,0.00014223958343095866,-3.1676100160638043e-06,0.0003621175927814857,0.00038519012875037895,0.000175567364871565,-0.000425487258846613,0.011083691500684445,-0.0011509026143601275,0.0003900310855688982,0.0008782302346792559,0.00018901053992026462,0.0417145806662107,-0.0011616290316130984,-0.0018052628169102913,0.00016194129590241246,-9.653692148636761e-05,-0.00012859039700197084,0.00019793930497247203,-0.0001363726444585378,-0.01027677590888132,-0.0027371598120501384,-2.6551223063053797e-05,0.0005308010082956116,0.0001719731751865794,0.0019241790137489723,-0.0003383629001308952,0.00122127175450637,-0.00021602107237383983,0.00023664280235635715,0.0008183880160839152,-0.00024170499294806636,-0.0004096297471555266,0.0004909476715357908,-3.974782712734548e-05,-0.001206867819986579,-0.0027188180414918772,0.014436820565329578,0.000710141155441768,-7.733127688169805e-05,0.00045555347025061366,0.0002601052815884852,6.212939546257346e-05,-0.00019452112363338436,0.0019913982508585892,-0.002138187802400604,-0.01361273557409659
-0.0003980595394212916,-0.0006098637750170388,5.8789510954504465e-05,3.412138484115701e-05,-4.223443961182127e-05,0.0001901711342990886,-4.1488928876787234e-05,0.0003012261936254923,0.0010803116611548536,0.0012830319311087912,0.0005516865780959002,1.541454487652416e-05,-0.00031722690532554054,0.004649607307453341,0.00015078263205148268,0.00022869382115486836,-0.002024425985170275,0.00042964892444863345,-0.0021725944341622894,0.00013627667657289955,-4.886567386508389e-06,0.00037152294912812245,0.00037465393727753593,0.00018012215929585906,-0.0005898152335419571,0.010840200467402195,-0.0014063599109053193,0.0003131487772369823,0.000734918940027196,0.00019585027210622385,0.04201589630966951,-0.0015150800157790467,-0.0019479125883991033,0.00015210491190909003,-9.692277864803422e-05,-0.00011618323472839531,0.00020943943094198225,-0.0001136603489712007,-0.01030610665749987,-0.002463277213481052,-4.4508039562907165e-05,0.0005107354444418011,0.00018948536267382465,0.001729289623220387,-0.0003490211376274699,0.001239957722342977,-0.0002021325253158679,0.00020752822904102075,0.0008692883660246231,-0.00020859311296994587,-0.00039958673449180804,0.0004894996101496574,-0.0002456280804312705,-0.0011153889650268312,-0.0026084999513134033,0.015322848762884478,0.0006928655301725595,-9.67936681932624e-05,0.0004754104589164143,0.0002630362895037486,6.0223405215165116e-05,-0.00011983499565904054,0.0019647029785638814,-0.002131729391181336,-0.013385560137012975
-0.00040853295239684506,-0.0005209664842189543,3.5705330656776724e-05,2.713476775073609e-05,-4.6905287257037465e-05,0.00018705900120474794,-4.955745779777754e-05,0.0002700037267984179,0.0011186265449152355,0.0011549148729650405,0.0005223764898980576,1.5970143448118534e-05,-0.0005587300085843072,0.004667548756384754,0.00015328126917157903,0.00021793726666974322,-0.002104271629203569,0.0004326191293164694,-0.0022542360003297013,0.00012028094699378933,-9.35154357240009e-06,0.00034637941595305755,0.0003652571024894691,0.00018403959767732125,-0.0007131163085715153,0.01074440895846518,-0.0014466569148279262,0.00024170027768444236,0.00059110061806944,0.00020294116275643148,0.0417712768515881,-0.00178657481232658,-0.0018326511217560126,0.00017219318617667234,-8.586507388042008e-05,-9.174485875085292e-05,0.0002213831913822073,-0.00010779195441268374,-0.010299539416017245,-0.0023396037535641234,-5.8031362370813966e-05,0.0004831584105478015,0.00020274207338988326,0.0015287867982456405,-0.0003946415273983206,0.0012393775133268115,-0.00020897421329324484,0.00018211760408415323,0.0008623583720051009,-0.00017784288211841748,-0.0004064444090640107,0.0005089885702693753,-0.000317305493539366,-0.0009959745971895861,-0.002501422973215428,0.015568695045265146,0.0006717488900322977,-8.706657016344099e-05,0.00047963046990906477,0.0002553154956901338,6.320743975396503e-05,-6.257259842445961e-05,0.0019602852067299725,-0.0020766705303829625,-0.013158368385714714
-0.0003908700127964737,-0.0004776849492102997,1.742934143544872e-05,2.0573104480670068e-05,-5.0408545629099244e-05,0.0001817378327608754,-6.91508384986772e-06,0.00024066991177362773,0.001112649499950491,0.0010390837017852927,0.0004949585996165684,1.4967479223582103e-05,-0.0006008643462528385,0.004792100842995195,0.00016555352568881077,0.00021595860010159562,-0.0021932267674703576,0.00042512560066776395,-0.0022827004582305355,0.00012161141247313267,-1.0902823253888805e-05,0.0003435384468368774,0.00036250238318213945,0.00018805545642286425,-0.0007403710170269528,0.010371478707918547,-0.0014569067703256167,0.00019588957549365738,0.0004639933402901253,0.00021092249549292674,0.04026577934758535,-0.0019360987383988393,-0.0014744397198507286,0.00018076420474510968,-7.312789350288895e-05,-6.564660907282249e-05,0.00024198180341072906,-0.00011313612304919562,-0.010182155122766101,-0.002300961271689772,-7.13897490729476e-05,0.00046617452693276107,0.0002106063056241947,0.0012735769297267385,-0.00041735281333665775,0.001209849264522056,-0.00023160434101765492,0.00017084828114533046,0.0008160981889167029,-0.00015949908884138608,-0.0003793105437857047,0.0004994700121061513,-0.0004784138003701699,-0.001072943223078382,-0.0023939582481226074,0.01567412872299423,0.0006544167655639921,-6.703241997429998e-05,0.0004714087366528563,0.0002484805473603746,6.681403550823362e-05,-8.483552871174638e-05,0.001931837886617993,-0.0021297153853355733,-0.012873228544468929
-0.00038354070823320985,-0.0004617193783471585,6.780233118508505e-06,1.6795958804216582e-05,-5.1294328382134324e-05,0.00017821818953955848,2.7137808388255635e-05,0.0002182638883136967,0.0010483788090853707,0.0009111938463113312,0.00047525277352966633,1.4837905163878062e-05,-0.0014028020916445616,0.004731890884051682,0.00017796629720323587,0.00019135646258328087,-0.0023157365355943593,0.0004298802209945496,-0.0020461598465407738,0.00012855351610041588,-1.6767128137362697e-05,0.0003080209489614294,0.0003540592990887159,0.00019341554686014284,-0.000725606429343495,0.009557860311333322,-0.0015860519501613712,0.00018057811183402883,0.00037081448227760383,0.0002225705713387871,0.03860598452097297,-0.0018269583444943116,-0.0008968605615164993,0.0001822333777008467,-5.8741900580194795e-05,-5.822298707514051e-05,0.00026045806014707296,-0.00011102979937815949,-0.009982191616440317,-0.002320284059793898,-8.417851640463159e-05,0.0004940847964862716,0.00021579409663474713,0.0010645456599520653,-0.00046237439016794113,0.001212008123451902,-0.00026256123727697034,0.00014820808117788076,0.000728087765910379,-0.0001533575249693664,-0.000380427504662717,0.0004849146742558208,-0.0007297977606125494,-0.0014393642666575834,-0.002279788580975217,0.015178424403935908,0.0006361342489653588,-5.2782471245294005e-05,0.00042725806447663217,0.0002397516693972701,6.328648941655857e-05,-0.00010298782352224922,0.0019188416314455115,-0.002173307752400322,-0.01216918861719074
-0.000403197433691882,-0.0004118729406780153,9.989016033440379e-06,1.0393296079769243e-05,-5.2309386791460355e-05,0.00017928498260055825,4.149662721375513e-05,0.00018616829852047267,0.0010362632853972986,0.0007981278884905407,0.000472742347003674,1.390743220053281e-05,-0.0017214625439384568,0.004723513491195375,0.00018662248226686273,0.00019224060980538304,-0.002507290692848385,0.0004411383917173328,-0.0019234851738266778,0.00011897512397296417,-2.088929695454045e-05,0.0003193041412463682,0.00034931180740871426,0.00019841064494152683,-0.0007431372410043879,0.008469554861525674,-0.0017382645488090986,0.00017215909932843942,0.0003175778877224644,0.00022668426987348944,0.03713536121551875,-0.001464339917544688,-0.00021165050509497352,0.0001805228929345759,-4.855511656898237e-05,-2.609807778430895e-05,0.00026557536892002354,-0.00010550277073273495,-0.00977439149194026,-0.002413903184884658,-0.00010332439449434183,0.00047602161593007786,0.00021901731835605176,0.0008986134344750596,-0.0004854367173381391,0.0011987615431052756,-0.0003131256381899705,0.00012336466162321535,0.0006256435950604544,-0.00017796717944074114,-0.00038630603611322645,0.0004800192953375859,-0.0008209931278392313,-0.0016509699184611426,-0.0021668593921414514,0.014505555268891968,0.0006198206134824247,-8.039810457505236e-05,0.0003716745551700651,0.00023238349804222125,6.681341887260217e-05,-8.872572037754711e-05,0.001880990273834593,-0.0021895398226527973,-0.011446175258435054
-0.0003905075237149447,-0.0003876789481721543,2.0523314167464335e-05,1.1438794067508695e-06,-5.005881305253368e-05,0.00017683022724246378,6.47443181793772e-05,0.00015409012643230469,0.0010236679388389014,0.0006478832280985003,0.0004694481456350985,1.4787083077782981e-05,-0.0017347969493636262,0.004912081729350648,0.00019993916681793067,0.00018918927579991696,-0.0026950762368977976,0.00045070707293359824,-0.0018213607634908202,0.00013023304520065615,-2.028209424143057e-05,0.0002551532995773709,0.0003455866550765574,0.0002179882160877611,-0.000732217358159537,0.007222390604725959,-0.0017402148225138525,0.00018692725965885337,0.0003247790831473196,0.000223210291034448,0.03409288446147207,-0.0007369665611315357,0.0006103228920137926,0.00017744489762305804,-3.554482287970728e-05,-3.379239787992816e-06,0.0002531674017032248,-0.00010157616923589519,-0.009488626244741005,-0.0025576181666481235,-0.00011871490849113542,0.0004523554796376228,0.00022068799939622963,0.0007214873445400283,-0.0005725339011866115,0.001152894689760986,-0.00030653355013354755,0.00010569274943361684,0.0004949371467721786,-0.00021879630517585014,-0.0003681194881360872,0.0004559499977228043,-0.0007532426821537097,-0.0017849256567227245,-0.0019292636048453549,0.013958909201732705,0.0005924400505921135,-0.00012542582790320278,0.00027890041898182005,0.00022629021663944648,6.550491834378391e-05,-8.491097165208572e-05,0.0018346849868897674,-0.0022497337215416913,-0.010727909336102126
-0.00042817220028512626,-0.00034815408951560656,3.9530769895490536e-05,3.020120875607546e-06,-4.853102099366957e-05,0.0001781714531692291,0.00010495025491130683,0.00013540873011352872,0.0009771580375315114,0.0005274897278575441,0.0004555345058854243,1.514440756467117e-05,-0.0015962648855849526,0.005109935840670765,0.00021580203343374293,0.0001866509866039756,-0.002825117560863122,0.0004528680859656742,-0.001828900973816494,0.00011719916192731716,-1.9365008982807908e-05,0.0003617840882166323,0.0003438893613798566,0.0002245921167336462,-0.0007300395992309028,0.00623442579648148,-0.0014546217625165392,0.0002027347063160434,0.000370580483440186,0.00021771013672799988,0.031956923407791216,0.0002178593329045242,0.001356876826124065,0.00017393634814721892,-8.228578285307542e-06,7.462263687196824e-06,0.0002172200427121851,-0.0001059706299229024,-0.009152400990277254,-0.0027636006145382863,-0.00012282175470623713,0.0004233532788917582,0.00022096753277667247,0.0005690488957175166,-0.0006050269784309004,0.0011306676162916585,-0.000274031714511791,0.00010352752260001097,0.00037336929856213175,-0.00022305545712320018,-0.00033342765997412815,0.00043305939750171163,-0.0006786034581938161,-0.0017932362425404635,-0.0018731178959356942,0.013456372411460915,0.0005712284814880508,-0.00013844475530555567,0.0002216307445179755,0.00022447204538789123,6.542839538248302e-05,-0.00012108088069651135,0.0017973431757367653,-0.002240477884820846,-0.010606825235991768
-0.00043523663439415383,-0.0002885897849338459,5.356390702226932e-05,-5.226519603440671e-06,-4.6171498827463076e-05,0.00017508695388124274,0.0001371252905033593,0.00011944971713240271,0.0008192826972577283,0.00041645359930408965,0.0004349878727429868,1.7517089017538012e-05,-0.0019097901968225806,0.005303176186197245,0.00022773916913698677,0.00017762308435087526,-0.002805216358553464,0.00044931500569878047,-0.0014341168764614443,0.00010305529953402726,-1.6501008234581782e-05,0.0003929568184941612,0.0003391904705449811,0.00024117216723462676,-0.0006862744921428687,0.005453298092215508,-0.00094901148898352,0.0002430118053635688,0.0004588621666996584,0.00021433685120375578,0.030299401672237325,0.001345955942127608,0.0019748760234272744,0.00016278788103041286,5.678141143272697e-06,2.0362210634727873e-05,0.00017855691095713944,-8.881390384474219e-05,-0.008697978170319143,-0.0027774491279859426,-0.00011819890905995223,0.0004219613570057845,0.00021558541821731225,0.00040437614881261297,-0.0007263584839257708,0.0011380546618826592,-0.00027396827658654477,0.00011479493989918765,0.00025862602446213856,-0.00021544630370007312,-0.000303986395833733,0.00045396366818883926,-0.0007538766350135839,-0.0016744462921911563,-0.0016641014070973847,0.012388482158633085,0.0005545367910497756,-0.00013331580622488737,0.00017019367661030849,0.00021458649581784783,6.401460058236275e-05,-0.00014859315257265138,0.0017972948799453992,-0.002173774005596596,-0.011293637352745023
-0.0004635021717955823,-0.00027547925122306527,6.46160614601321e-05,-8.493914762208732e-06,-4.1220117029894254e-05,0.00017283833086989553,0.00014938703246225593,0.0001114184413502084,0.0007100335695242599,0.00028529362995288743,0.0004228721605250563,1.7997684594206476e-05,-0.002371340615059392,0.005414736035136425,0.00024282011824716676,0.0001761471779437862,-0.002661153841913899,0.00042867947437574827,-0.001299402028687613,0.00010981460794257103,-1.743470621007326e-05,0.00040044450285181554,0.000335831107143969,0.00025069841191505127,-0.0006070885159314976,0.0045059674477956335,-0.00041919792999478567,0.0002973019750556194,0.0005548345163139956,0.00020878726202955278,0.02795989610785421,0.002570768071325835,0.002392211467758587,0.00014812584847656574,1.65653233861196e-05,2.2484478213957715e-05,0.00014488892173503132,-9.220310675961407e-05,-0.008210761230722174,-0.002885927265940391,-0.00011050409179835796,0.0004492663323814039,0.0002066171565902053,0.00043936120750953656,-0.0007756643221188408,0.0011157989932450985,-0.00029801199789836197,0.00012310498445367024,0.00016406137139979293,-0.0002075652356416935,-0.0002719087068259185,0.00045021191109828607,-0.0008374057829639847,-0.0014417699747029111,-0.0014778760244951172,0.011464661994230019,0.0005401169239618309,-0.00014519487571729162,0.000126507043117563,0.000198583692377019,6.433258898086436e-05,-0.0001234140282578844,0.0017776794182804423,-0.0020376597584672584,-0.011973630127831925
-0.0005281201825412252,-0.0003340729953559274,8.751875790746766e-05,-7.361019034091143e-06,-3.889622116792779e-05,0.00017501747315185057,0.00016750839901402692,0.00011107730429893437,0.0005743485856346542,0.00033670815359299056,0.0004095275886557559,1.5500138735191626e-05,-0.00246485036857802,0.005607461892039645,0.0002421153535385745,0.00018460305898626572,-0.0025494445342659766,0.0004042317620345237,-0.0012860550537066029,9.177760068679319e-05,-1.1058555608345344e-05,0.00034664557585717404,0.0003253493871810953,0.0002541215934221963,-0.0005587963091504555,0.003868128245475111,0.0002408048515925021,0.0003445898341665199,0.0006676488373167366,0.00020135054534198282,0.02627206944737548,0.003880125392074607,0.0024515894985046582,0.00016156663087940615,1.7645482864203643e-05,-4.8198975255431264e-08,0.00010264481674449044,-8.23391074087354e-05,-0.007678810103102007,-0.003080206471629099,-0.00010437067432456093,0.000458839019410906,0.00019639013805661243,0.0004303022672269563,-0.0008341202909798451,0.0010571680669997363,-0.00033183548347526237,0.00012813255713250982,0.00011770670439870123,-0.0002069037936056617,-0.00021572671734781945,0.00043728491742145437,-0.0007944383630281715,-0.001030944028645009,-0.0013181384824324516,0.01081900058957741,0.0005239045460407876,-0.0001506290628917606,3.548540699638281e-05,0.00018470702570305697,7.518400513384371e-05,-0.00013425592226889993,0.0017747346034249212,-0.0018649337806181387,-0.012658174568767722
-0.000599700724632557,-0.00028551020498390756,9.130662804479606e-05,-6.048422233173589e-06,-3.76563521934381e-05,0.00017421347944335253,0.00020218358947743376,0.00010395856307399143,0.0005298302334715288,0.000357250309774626,0.00038877448044960516,9.36753673164148e-06,-0.002292877936728277,0.005640343361317024,0.00024670911306023946,0.0001665895094202785,-0.002475297482769978,0.0003945732362660159,-0.0011463889931265792,8.234108456450784e-05,-1.6734622589886783e-06,0.00044632362139496173,0.00031230130846582327,0.0002595650381156389,-0.0005661770476038663,0.0033236939821144063,0.0007798365351812109,0.00035492250094160127,0.0007547294299332652,0.00019025761077196002,0.025258813806243507,0.005011703589458794,0.0022866663885274807,0.00016487523448538433,1.1733342166309058e-05,-1.7854110600956652e-05,5.832673254801968e-05,-6.960752716755891e-05,-0.007133017076809356,-0.0032411274680610447,-9.860060487987266e-05,0.00048719174976552537,0.00019001095563586645,0.0003968454521294795,-0.0008930831743747536,0.0010091935955041098,-0.000272530519957237,0.0001325306985211494,0.00011133992198808507,-0.00020295484057863966,-0.0001738575517832297,0.0004302475276163342,-0.0008009848411043574,-0.0005781199911845114,-0.0010889678937134883,0.009220844834447961,0.0005098688190987577,-0.00014378313858987024,-4.256813621128508e-05,0.00016675714668301644,7.785087846756689e-05,-3.7136715489105576e-05,0.0017490516354816688,-0.0016611950214148186,-0.011780877683369106
-0.0005357450925057572,-0.0002770441147776914,9.990224747746801e-05,-1.0235575843564604e-06,-3.237413938306233e-05,0.00017038101276689588,0.00018351045759201767,8.882046026115198e-05,0.0004782381242054434,0.0002960202924584543,0.0003595877265745173,1.202361750718417e-05,-0.0021933187224960626,0.005461467378155893,0.000239368299321141,0.00014998023000423188,-0.002368067581751565,0.0003925516494194259,-0.0011466813068302661,8.889695628577776e-05,8.149304983051664e-06,0.0005243296274244358,0.00029572962544865966,0.0002717409167951601,-0.0006683975038553891,0.002854252387944456,0.0012880249706381797,0.0003210656836971637,0.0008046283449192337,0.0001932067752596911,0.024461573114823443,0.005819720350574098,0.0019297142413061685,0.00015304554106410073,3.453377762419052e-05,-3.422869830416175e-05,1.767087179826987e-05,-6.423683451217688e-05,-0.0066320429825776905,-0.0034287334697594707,-8.797307987018499e-05,0.0005025159032083781,0.0001865797868225716,0.00030583149925256237,-0.0009141424050238545,0.0009921105673711406,-0.0002231642654757504,0.00014028083012140868,0.00013455654751814983,-0.00019052847593248323,-0.00013468618181500247,0.00040418002127018404,-0.0008725239972708909,-9.26804135614745e-06,-0.0008360843409870311,0.00823875819508535,0.0005038083135109339,-0.00010083970585528235,-6.621146247498544e-05,0.00016223461495057379,8.118125159861656e-05,4.051349038802776e-05,0.0017985839153014105,-0.0014341025016685327,-0.009716215951551255
-0.000509178332355642,-0.00024937441341665867,0.00011261380400795495,-1.0102963078351124e-06,-3.2826289919518636e-05,0.00016737535159938588,0.00018036417996714071,8.325782168361329e-05,0.000460153064800517,0.0003213603364253803,0.0003333095434665534,9.465525650398376e-06,-0.002059196369917138,0.005229706671302292,0.00022593609522969516,0.0001401069676665312,-0.002288209637789418,0.00039452515710625136,-0.0010768066375290708,6.030056423500518e-05,1.070180937912113e-05,0.0006168454629125186,0.00028211157571811363,0.0002747506750457873,-0.0008062737809159115,0.0022982102155604256,0.001841669942720392,0.0002705390879220726,0.0008279832541269183,0.00017505833144970673,0.021695145948589678,0.006270347898409412,0.0014392371897857803,0.0001343828701476646,8.00663498257137e-05,-2.1870130361256734e-05,-1.6452679675982296e-05,-4.212269522563261e-05,-0.0062114002574805705,-0.0036122243576942603,-7.813617325647115e-05,0.0004729040124973327,0.00017604128644554962,0.00027889626130161993,-0.0009880755328038893,0.0009626309659487298,-0.0001985292893382784,0.00014534854127434826,0.00016855305688423527,-0.00018414943302491604,-0.0001009015386317369,0.00042473463480763307,-0.0009180082853572635,0.00031330748977653755,-0.0006907265730908829,0.007138764976475809,0.0004961362634807731,-4.146963584084062e-06,-3.326239778900231e-05,0.00016164598921908357,8.699580851678768e-05,7.292055361252103e-05,0.0018042458048195265,-0.0011499961082865884,-0.007644702249638091
-0.000495365658969571,-0.00022290410275960237,0.00011708242413255299,5.494400077132866e-07,-2.3897363075953137e-05,0.00015907140122761732,0.0001560475912509851,6.8101797181086e-05,0.00039755376974826007,0.00031481029158975105,0.0003102784914097434,1.1745349598912824e-05,-0.001843952411448857,0.004834024475405041,0.00022234466980841638,0.00012971391492966333,-0.0022352214083642963,0.0003933951449248685,-0.0010650111220159575,4.971335437486957e-05,1.3203162428476745e-05,0.000688680000228814,0.00026801547134236436,0.00027413352259664236,-0.0009490214952211362,0.0019114276217413462,0.0023442561756674696,0.00022214050154478748,0.0008114541957902066,0.0001517187904542805,0.020283564525829023,0.006354427188892009,0.0009311631247970187,0.0001250940864108152,0.00011944565628119186,-1.3971824089242801e-05,-3.132822207674302e-05,-2.4261921097834538e-05,-0.005898584803511353,-0.003795574079155095,-6.513828676568689e-05,0.000473351043753345,0.00016601901806767572,0.00022405100208522377,-0.0010604563744910367,0.0008999781216552094,-0.00019366674373411108,0.00015808793769389595,0.00022173391124780117,-0.00017926833870030023,-8.356234653883465e-05,0.0004298350512272897,-0.0008863760852227953,0.0008032635127919185,-0.0005578010269365885,0.00626976685228442,0.0004966603200420305,9.385327151578693e-05,5.1203774854791106e-05,0.00015454263592507012,8.892494515522209e-05,0.0002759126304570092,0.0017986731526054012,-0.0008484349741577635,-0.005580040517820017
-0.0003721135527452457,-0.00022697033941598832,0.00011992187769260809,6.96332899563501e-06,-2.0229110765157543e-05,0.0001483500407581939,0.00013643921702866102,4.997933986983227e-05,0.0003013571479888455,0.00034478223005574016,0.0002941338195436849,1.2188502255483513e-05,-0.0015031224206603078,0.004515658710764425,0.00020514809876126527,0.00011773032827533392,-0.0020837549373704523,0.00040339991492133187,-0.0009238029048962426,4.439703928205141e-05,1.549285364332853e-05,0.0007798617842724731,0.0002611040799791464,0.00027339172359353014,-0.0011120262354887833,0.0014959791739184158,0.0028205141020385405,0.000190214463716476,0.0007356766675907789,0.00013796545128164084,0.01832836450769504,0.005990219419806708,0.0004547053714227811,0.0001087726521435961,0.00015941220936510625,-1.3902808794763466e-05,-2.935847587914875e-05,-3.5403898236419096e-05,-0.005663945734442066,-0.003847982101429781,-6.455410722938648e-05,0.00044089205067932014,0.0001515295438316855,0.00011582399894849438,-0.001185270408343042,0.0008211354965195206,-0.0001750078333125904,0.00016009903278790816,0.00027546099152275794,-0.00015098941916802389,-9.230517031144636e-05,0.00042736747369254147,-0.000765089687778775,0.0014865050935286561,-0.0004917620802700196,0.005566886480440125,0.0004906808978211163,0.0001630792433469086,0.0001572850405640036,0.000145187977893535,9.439851768222596e-05,0.00023700244608249044,0.0017862660317340406,-0.0005556815734468756,-0.0051901307909761885
-0.0003389444270920361,-0.00024222707498233742,0.0001223088586144172,8.470491898560084e-06,-1.338573306253199e-05,0.0001371155075227115,9.522201448475265e-05,2.9997623134603302e-05,0.0003102211068624072,0.0003888882559037743,0.0002829125586849557,1.4484821708737883e-05,-0.0009481417066524722,0.004235422162150115,0.00019898528616435485,0.00010996482503067284,-0.0019434358451068112,0.0004019147111971044,-0.001271573345620891,3.9466205909555185e-05,1.8192261921567976e-05,0.0007299136147060903,0.00025704877589149966,0.00028192814610306094,-0.0013136882461322053,0.0012353231252053565,0.003032097046370863,0.00013205098992763453,0.0006003331238209064,0.00011670768511318208,0.01571395593468594,0.0051685351107304545,8.386003987559398e-05,0.0001240737475449727,0.00018658461890375122,6.6502037749938125e-06,-1.7898164592300425e-05,-3.771169212829495e-05,-0.005422676772503077,-0.0037918181076743718,-7.060652941848211e-05,0.00037527664802938787,0.0001297873505849978,5.139819962729497e-05,-0.001277807633720096,0.000776196282638697,-0.00018925853965978678,0.0001451900130586825,0.00033713439999538686,-0.0001161768510136163,-8.223656194983331e-05,0.00041743873833999245,-0.0005893703461388178,0.0018557442756996778,-0.0005610405345065628,0.0047440625177403994,0.00048231389045860773,0.00020817967326447473,0.00027808144776741983,0.00014258242164610913,0.0001001853260027552,0.0002725877871707638,0.0017835029079724674,-0.00028250359386250423,-0.005415609549750733
-0.00029020973427418273,-0.0002074918334430409,0.0001181011016444522,1.6282434753156494e-05,-1.1171521455355382e-05,0.00012623631907215938,5.738898929164016e-05,8.846843714493957e-06,0.00022052194509858403,0.0005517649899990928,0.00027323697747494435,1.3082141507636535e-05,-0.0009741564833388727,0.003969815880289884,0.0001777303428918131,0.00011234582798902437,-0.0017800836709376266,0.0004146602802683752,-0.001492653162704194,9.818053684940153e-06,1.648197480697e-05,0.0007776226531044372,0.00025403175319294036,0.0002969952167992673,-0.0015456689629312903,0.0011583779298356411,0.002949229312371404,3.282669933213356e-05,0.0004331885236630306,0.00010585720736022708,0.012980122674261851,0.004116077615246239,-0.000136274881662235,0.00013644774621934808,0.00018960256585009994,1.4034840296384132e-05,-1.139245385262111e-05,-4.6482181989437876e-05,-0.0051957663675447074,-0.0037184264139639156,-7.10337718661247e-05,0.0003031545913296796,0.0001087924672009688,-0.00011117648630620813,-0.001327737024449549,0.0007228441905731131,-0.00021982473910830969,0.00012198412319786023,0.0003941761111974085,-5.077873519909737e-05,-7.554420520494709e-05,0.0004308297360213764,-0.0004829696215523649,0.0020561583047422616,-0.0007335484379499269,0.004044661277630146,0.00047439167468876775,0.0002669461927800043,0.0004169795668780285,0.0001348486701455709,0.00010966860846228776,0.00032139493411964537,0.001752073985447522,-8.671619755917792e-05,-0.005646455685099694
-0.0002689638287211027,-0.00021763787544759605,0.00011550918710878655,2.104668298108514e-05,-1.1286341170979597e-05,0.0001151954753835227,2.8676227894042228e-05,-6.516782097176765e-06,0.0001856124300321227,0.0006759531131674823,0.00027156066868583295,1.2206965973593498e-05,-0.0009434205469215362,0.0036772784677412407,0.00017385926187718503,0.00011410609423179174,-0.0015651831671157357,0.0004356783346508575,-0.001550653914101252,-1.3810632235267128e-05,1.7969240152959642e-05,0.0008415876042631165,0.00025408922029201975,0.00030536308361095443,-0.0017475226678548283,0.0014367921240265868,0.002838089719795045,-6.59216252996142e-05,0.0002326044378364589,9.203381894029583e-05,0.011519085394094741,0.002879056035430372,-0.00015731054403278488,0.00012855073432938013,0.0001969234338172754,1.4336221407340588e-05,3.180634113197911e-06,-4.2318242854277877e-05,-0.004972268620485054,-0.00364226858602823,-8.181622374048292e-05,0.0002448032282587054,8.08318159142285e-05,-0.00024582899414216097,-0.0013087945817209512,0.0006811394851680141,-0.00019461167930945322,0.00010365102905929291,0.0004059482700187189,-2.7448819018505155e-05,-7.17898219319002e-05,0.0004039426161492887,-0.0003996896161516661,0.002141574369101784,-0.0008554201255732696,0.0035219249961355725,0.0004616724678607742,0.0002930539698899892,0.0005612386370639211,0.00013035035000852346,0.00011318737125809442,0.00040481793157387536,0.0018068222107163745,6.423803471089506e-05,-0.0058788353566127105
-0.00015374888999075687,-0.0002826919550971141,0.0001178523433034151,2.5440194983517017e-05,-1.2814347846279439e-05,0.00010804470954584033,-1.2797054737334612e-05,-1.7544407209801882e-05,0.00016761832601974724,0.0007635650155732865,0.00027815829806998593,1.0694628159724218e-05,-0.0009286591320272208,0.003161436379539584,0.00016383210049930597,0.00011767277699825662,-0.001419029594127652,0.0004507361432679602,-0.0017068620572556759,1.5526909065144423e-06,2.2654595894122664e-05,0.0009003534447276085,0.00025772421228964504,0.0003095696450419183,-0.0018582378727962645,0.000992447520092421,0.002770208159974308,-0.0001500498090225566,2.3933484207372402e-05,8.685624002979786e-05,0.010113312062028923,0.0016499219924794861,-1.086556547713613e-05,0.00011537837930974959,0.00019415437962266857,3.131556529800683e-05,2.9097332294059086e-05,-2.7485699908624817e-05,-0.004807100628040573,-0.0035902452093303783,-8.747691744315222e-05,0.0001919681132789286,6.089915101847865e-05,-0.0003538716471105374,-0.0013294008859252582,0.0006432681256431927,-0.00021189386903930352,9.703367271440833e-05,0.00036454433667643116,-2.3962619681849873e-06,-8.50444711903986e-05,0.00039109359088218554,-0.0005089364046637623,0.0021672167086272953,-0.0009561933187894889,0.0028349563658878196,0.00044439208898428006,0.0002818854357018452,0.000695049780507162,0.0001249320041918356,0.00011540220565131598,0.0005131613426212489,0.0017352073430680903,9.490852078553047e-05,-0.005905672239485571
-0.00011790011171108894,-0.00038001487596217576,0.00011706233190911242,2.8497795137027992e-05,-9.503615617689753e-06,9.935602712674019e-05,-6.031428049491083e-05,-2.688795792138432e-05,0.00020739621641485684,0.0008855033094170572,0.0002839217520513859,1.2290380738244622e-05,-0.0010409835241314003,0.002640393109948569,0.0001418531509089771,0.00012371499597985114,-0.00135362497028646,0.000474448656384574,-0.0018941285314613143,1.775779045898318e-05,2.5182086284658567e-05,0.0009206977707230113,0.0002611098645641796,0.0003140155901990571,-0.0018766606165374622,0.0011103532409157957,0.002682227995866704,-0.00019082339189779862,-0.00018503829382543469,8.22075190605176e-05,0.009698789369335437,0.00039663859662253387,0.0002956973681274011,0.00010601425121770092,0.00018798398822905682,2.456839632358765e-05,6.655268275879145e-05,-2.3813693256213853e-05,-0.004636971276972046,-0.003673668232110461,-9.556495689977407e-05,0.00013883095526723288,4.4148001412835924e-05,-0.0003989123868289868,-0.001309388628678687,0.0006589066994451276,-0.00024572521277432813,9.18802227800608e-05,0.0002977545723581443,2.4012500663417313e-06,-9.201770047473357e-05,0.00039164910302602607,-0.0004092990944716268,0.0022454276026160347,-0.0011177649346086893,0.0025041146614357412,0.000419513484170686,0.00026002493520538295,0.0007951805194219563,0.00011815634438017142,0.00010680857781841802,0.0006416513343721064,0.0016887471475346416,0.00010015081889136468,-0.005905672239485571
-0.00010862898509200747,-0.0004173321621214754,0.00012076935602745031,2.9334670609504343e-05,-7.634813601553603e-06,9.298780887134761e-05,-9.675116142993101e-05,-3.80092435191548e-05,0.0002148143132638669,0.0010136368233497617,0.00029572028385627114,1.5437765110037915e-05,-0.001219454488629479,0.0020462997485695134,0.00012990718642869048,0.0001363903618059048,-0.0013223041608708686,0.0004699983629554705,-0.002082110639976986,3.343048558446249e-05,3.0171692070313227e-05,0.0010212006431826737,0.0002648476878930328,0.0003188942193719235,-0.0018706094710174703,0.0013809821148540458,0.0025760001449348646,-0.0002123180187142415,-0.00037948331507076105,8.63730905102944e-05,0.009709208226605481,-0.0006900965691426508,0.0007316825351078027,9.784465646212048e-05,0.00018917059176493112,1.2897815466761386e-05,0.00010007450471904988,-3.23926179202072e-05,-0.004459835419001856,-0.003908635548400485,-0.00010656687221199945,8.378010116305568e-05,3.55807776217798e-05,-0.0004795934077788111,-0.001299466072826272,0.0006342633427300903,-0.0003491390047644094,8.813885185965376e-05,0.00020269514686410695,2.6686273050025022e-05,-9.168658872682478e-05,0.0003908829331149555,-0.0003186778383361677,0.0027082518110657094,-0.0011666560166270212,0.0020554202922875575,0.00039961332362103974,0.00024125238093475332,0.0008388682992550578,0.00011162928683838835,0.00010435716595202926,0.0008013068104133492,0.0016195124154376739,0.00015423070956943619,-0.005905672239485571
-3.443769889421855e-05,-0.00040525633976384867,0.00012659984722374062,3.3822318805443174e-05,-4.649700275916047e-06,8.974531300132149e-05,-0.00011603520721703564,-3.078972554648729e-05,0.00018699481025974407,0.0011620182372988896,0.0003137455338297901,2.1803389540941964e-05,-0.0012079628827939004,0.0018703086596694174,0.0001177870224871036,0.0001530766929513927,-0.0014136813988882002,0.00047260640412694066,-0.002165910298741802,5.492187007472005e-05,3.0731034337039276e-05,0.0010246942698324268,0.00026147403518894663,0.0003247968051685035,-0.001886790068621469,0.001332283963449754,0.002693647833189372,-0.00022739485172007523,-0.0005616304835709407,8.0918704090438e-05,0.009218856074264759,-0.0016291073579914883,0.00124265996134576,8.9642846223148e-05,0.00017045953680505654,-1.5417122964711538e-05,0.00012586687552840203,-2.0518485950637988e-05,-0.004262958983313858,-0.00412467947015438,-0.00012163050141356102,8.054531795975706e-06,1.7062850846460975e-05,-0.0005959864386856362,-0.0012759891250454514,0.0006310407164193954,-0.00046123303924638925,7.891957709094122e-05,8.717855040218936e-05,2.0085221805965503e-05,-8.767216767535668e-05,0.00039703091591669626,-0.0003378598066861027,0.002974096414914973,-0.0011749045717989182,0.0022288258165690245,0.00037333575510811734,0.0002509834189896587,0.000843325398962147,0.0001051569295680288,9.80917432045203e-05,0.0008484183715418148,0.0015506574712276233,0.0001625272014742496,-0.00589604685292322
6.912912096090906e-06,-0.0004327453094151723,0.00012207163960686884,3.772467842155791e-05,-2.127230688264703e-07,7.828804015930224e-05,-0.00016322537844570828,-2.748116787754107e-05,0.00014460765211743443,0.001203622983214414,0.0003223465710615603,2.2674605217209987e-05,-0.0012026610742661425,0.0011854166419686951,0.00010183242045025409,0.000165820916040893,-0.0011993852352110146,0.00046765300146067723,-0.0023048958258203855,5.226318967155308e-05,3.8324485723828516e-05,0.0009906316754602074,0.0002579222654672808,0.00033169194543125613,-0.0018853392727826712,0.0012948673791730592,0.0029438381679891545,-0.00023221343155621632,-0.0006826808518543004,7.547728094459139e-05,0.00804814000973364,-0.001951830933247023,0.0017624604414721023,9.331478171792362e-05,0.0001378419459066027,-1.01038047494173e-05,0.00012759999866474026,-1.7211407934758505e-05,-0.0041323471709643345,-0.004417215083420634,-0.00012334952232517793,-1.7576216040815495e-05,3.875114542806202e-06,-0.0007046428921719805,-0.001196443213629661,0.0006255265780745756,-0.00046948978427374666,7.22236093571027e-05,-3.434770999455328e-05,5.014041059214769e-05,-8.742058622546178e-05,0.0004028501387374206,-0.00035983436446407335,0.0028346938384280485,-0.0012133933297662214,0.002170124763745118,0.00034900981440766365,0.00026933342749679845,0.0008223677195058343,0.00010058462955631065,9.019540980204077e-05,0.0009115014872895788,0.0014939235745252688,0.00015447426942905018,-0.005658805545485368
3.435975319132645e-05,-0.00041828125601561794,0.00012712323463226483,4.499288199966145e-05,5.532784995487816e-06,7.389714804073577e-05,-0.0001751638286536794,-1.1855389470238897e-05,0.00014986569409991546,0.0012010635953791926,0.00033099384244583696,2.4190246818323047e-05,-0.0012671258555990716,0.0006276118347321447,9.235322562983761e-05,0.00017651286488340467,-0.0009845515043863662,0.000476841236070058,-0.0023456909978298857,7.417676950871588e-05,3.8651961928204415e-05,0.0010809693533275766,0.0002518033106231332,0.0003326055327077526,-0.0018218664559491726,0.001030351032210275,0.003141073753353929,-0.0002077728272908974,-0.0007575600424319928,7.241884042397118e-05,0.007131753958686371,-0.0019102422460701707,0.0021987933632174883,0.00010537495750995163,0.00011768938029455,2.306322689515916e-05,0.00011386964787640785,-2.1335880145967323e-05,-0.004016539983276557,-0.004693859873434958,-0.00011697578533731434,2.830134184694799e-05,3.819387563552823e-06,-0.0007744069751606242,-0.0010575341159291263,0.0005615876970217482,-0.0004128348175981289,7.400244148358937e-05,-0.00017903532647711717,4.401641900408926e-05,-8.987011035699322e-05,0.000420524902724706,-0.00032270047332683127,0.0025358486087514454,-0.001327192369608876,0.0019136751026089804,0.0003222796938948669,0.0002622303334032239,0.0007976175886346137,0.00010008271720551853,8.585103223235357e-05,0.0009532271889831634,0.0014211562024943891,0.00011515534745232259,-0.005416735230551972
2.4535610656517548e-05,-0.00040128881706691377,0.00013691811419214162,4.846695899907161e-05,1.3997420152511708e-05,6.415517755042899e-05,-0.00017501026507182882,-5.411846405345422e-06,0.00017067146875038297,0.0011868248009898608,0.00034100566286188183,2.418778655122189e-05,-0.0012113212969315779,0.00015310051242600764,6.780656946236974e-05,0.0001899478695559509,-0.0008111604243411508,0.0004935223578226289,-0.0022123783143339626,0.00010798399601497088,4.13904338232296e-05,0.001084620665037006,0.0002434557582646768,0.0003412657743857572,-0.0016694840595791183,0.0008337639210875825,0.003211043601364816,-0.0001462713717714781,-0.0007998933330107816,7.711017765821282e-05,0.005523272561554826,-0.0015368379856738335,0.002478458580195797,8.863856263086056e-05,8.723080354022805e-05,3.1635596868140325e-05,0.00010445416130799856,-2.8856243715069674e-05,-0.003823992531028275,-0.004968763552044231,-0.00011229220020758657,7.32448093516691e-05,-2.2427653867396202e-07,-0.0008139908337994051,-0.0010070762945333378,0.0005244369798087511,-0.00035240890530474633,7.217478296683844e-05,-0.0003256623218332866,-1.1506554331353058e-05,-0.00010056797840207743,0.00042173093504516146,-0.00034546277598790365,0.002446233566371525,-0.0013257994921975769,0.002167419929242298,0.00029471250896606627,0.0002400868865972683,0.0007523122967101337,8.090412960859439e-05,8.251408666981597e-05,0.00093833656691511,0.0013330365714718795,8.248097263363618e-05,-0.005171467329574186
8.205636356195534e-05,-0.0003619283890008429,0.00014224163458198547,4.8095562405370273e-05,1.986702242229299e-05,5.370867144982583e-05,-0.00015911675112312285,1.9220760567595363e-06,0.0001479566562134771,0.0010929222502980007,0.0003401131865816698,2.611319147161062e-05,-0.0008203401597662863,-0.0005401002314341374,6.952475665711333e-05,0.00019736882520771104,-0.0005844135415029594,0.0005209864465556269,-0.0015638467369419873,0.00013048272059901223,4.1516089249515886e-05,0.0009546614137383447,0.00023447346819716053,0.00033527969964253224,-0.0015066596269742716,0.0005256238241171385,0.003310671650958552,-8.218692727191002e-05,-0.0008341707528288778,7.368335421187311e-05,0.005627734259883832,-0.0011003255819879154,0.0025466517895409435,7.803584889010118e-05,5.136408983341667e-05,2.7397903076264996e-05,0.00010302465629252744,-3.991681075043996e-05,-0.0035864422503920634,-0.005075889191903493,-9.99411033618669e-05,0.00012694033432114615,5.8733456853587995e-06,-0.0008710376578040524,-0.0009237417047240903,0.0005151237182543511,-0.00024250099772094025,8.110726646437527e-05,-0.0004262037998139512,-5.472226968317173e-05,-0.00010484069155547449,0.00042433965788202244,-0.00031652969059003944,0.002441960967523471,-0.0013867665945316299,0.002018838480031926,0.00027543747640357275,0.0002060824944127848,0.0006684428070971027,6.456986643743612e-05,8.020544848119648e-05,0.0010035241330468292,0.0012401988069390413,1.3569738505747608e-05,-0.005256431758754121
0.00010172525937801602,-0.00032620186673859575,0.00014492019131062683,4.8332904208692185e-05,2.8050203642937532e-05,4.5275572233771655e-05,-0.0001144980355719527,1.6487269410836447e-05,0.00012398179784867125,0.0010067913689053576,0.0003395557240937208,2.000418459968678e-05,-0.0005587618692032281,-0.0009430069415047315,6.308697074697278e-05,0.00019082018824501112,-0.0003857886922138398,0.0005433257493263621,-0.0010185764886191384,0.00018708922330934463,4.6596875117987935e-05,0.0008107576531661831,0.00021952718474671506,0.00032519473900305407,-0.0013413699331510376,0.0005863413934281692,0.003359153714374452,-2.9863257465456705e-05,-0.0008436534617726199,6.804185265507634e-05,0.0067205367857683385,-0.0004938126000010312,0.002352424058841729,6.481142441461252e-05,1.511614696747543e-05,2.9572409131262134e-05,9.913302048047967e-05,-4.970116145885939e-05,-0.003303325631741738,-0.005133591144110272,-8.527045903627961e-05,0.0001670626122307617,1.526153423325738e-05,-0.0009102931453742746,-0.0008633969437935596,0.000491507380654177,-0.00017555338674390963,8.353631185786803e-05,-0.00046073907379362566,-9.266971809707147e-05,-0.00011624159111811583,0.0004191033076792472,-0.00033245063924713936,0.0020754805142446653,-0.0014539496899745874,0.0016741352419877842,0.00023796941533094085,0.00015455584913826037,0.0005552734371099266,5.7838116296560216e-05,7.250813794557054e-05,0.0010993790677258364,0.0011584173034908662,-6.877466496246765e-05,-0.005947713970283597
0.0001438310932531106,-0.00027507640578816606,0.00014720414878066634,4.405379766669881e-05,3.501979105480224e-05,3.9357857520627704e-05,-8.303750546623245e-05,2.6548695692740765e-05,0.0001295831994543306,0.0009677657987841037,0.00032642444635655465,2.3303800917862105e-05,-0.00037765189972382984,-0.001226621441403175,5.6675834232411404e-05,0.00019075137848512114,-0.00022701218736764783,0.0005577451585434545,-0.0005803859731654537,0.00021429879503065408,5.045058243036138e-05,0.0006473786594869413,0.00020498604606578041,0.00031036995750155505,-0.001247072918723613,0.0007259918876936222,0.0033356636895345293,-3.028775105751169e-05,-0.00085673962158761,6.777045642070156e-05,0.007792512207416946,1.5021451057029012e-05,0.001906424540075946,5.609888857960321e-05,-3.2825392289659305e-05,2.0145693411910415e-05,8.328688091308045e-05,-3.4996796664743535e-05,-0.0029190186919348937,-0.005178545491714148,-7.388788543094549e-05,0.00013148282804964495,2.683316725016205e-05,-0.0009790189631614377,-0.0007419030785155156,0.00047697681453517937,-0.00014496358100646312,8.266426412451011e-05,-0.00044274383621745184,-0.00010518364031908423,-0.00011236877389952937,0.0004065903487375788,-0.00017698574140811996,0.0019831841602748757,-0.001513464018063071,0.0010159005830030488,0.00020761627292942286,0.000124825893471181,0.0004605650676536843,6.372917109542797e-05,7.256525944865366e-05,0.0011225820635525352,0.001057493258910469,-0.00016568572788699942,-0.0066390124960274965
0.00019397944446408744,-0.00026291445381843026,0.0001378838839485308,3.792312587203028e-05,3.744208848655006e-05,3.16696234232694e-05,-4.907027402312192e-05,4.069261845396355e-05,0.0002374207242230586,0.0009223218301388503,0.0003140546841760017,2.7816844330397217e-05,-6.640396381596414e-05,-0.0015119274377619618,4.742267008506218e-05,0.00018398476873482394,-4.308614998216331e-05,0.0005653725930534481,-0.00042332969435210366,0.00023277206929650518,4.880654050198885e-05,0.0005009238154642937,0.0001864373605577896,0.00028825406453791835,-0.0011966656185352642,0.0007859958579004012,0.003408389013968005,-6.535059862045056e-05,-0.0008662258696422453,6.694829946640724e-05,0.007844831360452442,0.0004867626130853342,0.0012662827996026138,3.996035850639679e-05,-7.952717733816783e-05,2.4010721802580903e-05,6.965625385069174e-05,-2.3853211236324334e-05,-0.0025640394230661556,-0.005200969749923123,-7.087340064415582e-05,0.00011785527408636476,2.921676497535941e-05,-0.0010089678662111856,-0.0006357581455018746,0.0004277872602662658,-0.00011839398675639323,9.64826727525292e-05,-0.00039716978224257904,-9.839683939949495e-05,-8.37231528124649e-05,0.0004044903110149711,-0.00013791966129417244,0.0019760750048019027,-0.0015176106778401754,0.0010276876984731675,0.00018316214233315975,0.00012221458517003292,0.00039566634350940433,6.767908365090669e-05,6.660529687185779e-05,0.001158718944780146,0.0009697245320470227,-0.000260474377409059,-0.007330311021771729
0.00016876231511786521,-0.00026171459485979653,0.00011732315972157181,2.983272317225172e-05,4.477939025382405e-05,2.2083626295854586e-05,-3.9787999592921786e-05,4.092191125759648e-05,0.00025817434126351735,0.0009254316410483021,0.0002996772612400278,2.8825530351550555e-05,0.0001589134282700133,-0.0018268139161143893,4.016455333499813e-05,0.00016308417826182975,9.431821532368545e-05,0.0005773981058097011,-0.0001719651463647498,0.0002609553818913035,4.582620327031606e-05,0.0004761140523177332,0.0001729352607711121,0.00026677458478308047,-0.0011367150422505468,0.0007321579893608821,0.00344787162771798,-8.823265305502037e-05,-0.0009142068053725749,7.086318816851289e-05,0.006319647231756154,0.0006378286235975139,0.0005342932919911725,2.4507231207726576e-05,-0.00010969555590867319,5.021372346170061e-05,6.653493654873444e-05,-2.2415629821859184e-05,-0.0022213360622436173,-0.00515829882056873,-5.967300360953942e-05,8.382207948254283e-05,3.163688716956159e-05,-0.0010307888169625024,-0.0005443329363200577,0.00038759892934603357,-6.820130536133728e-05,0.00010338658028818948,-0.0003235113895856401,-8.91019114535041e-05,-3.69353284642715e-05,0.000401452915206546,-0.00014181077649666474,0.001971900473000776,-0.001559588098900777,0.0009547155722209322,0.00016520182580492815,0.0001370042822645967,0.0003353425119394515,7.966621464761126e-05,5.986551598735623e-05,0.0011398812330605246,0.0008381716619834112,-0.0003158687653324055,-0.007217351400488403
0.00015052276488081162,-0.0002447652938817324,7.973186373444463e-05,2.4602456988542798e-05,4.727700267381785e-05,1.0492955848206975e-05,-4.25721482218977e-05,3.454225327215177e-05,0.00018646932874832878,0.0008623105152303356,0.00028684410512269665,2.6604659085105453e-05,0.000627772228024126,-0.0019109317362779876,4.1883416083354774e-05,0.0001592544175184063,0.00012613726772703338,0.0005941057318743503,-1.4826897170028275e-05,0.00029408750958048735,4.3940185254776054e-05,0.00039557655732957997,0.00014993678312635872,0.00023800603316681546,-0.0010969119886732326,0.0006899960095179125,0.003537718483336949,-0.00012076304697428153,-0.001009641687353846,7.079436785528692e-05,0.005784082446626648,0.0003590898562637612,-0.00018989263637381182,1.6971872223825457e-05,-0.00012515673371626956,7.383960979301385e-05,8.248073750172225e-05,-3.6617723127574386e-05,-0.0018911326724677657,-0.005137385170898345,-5.3033930983326094e-05,6.052649938004251e-05,3.053712035727685e-05,-0.0010490476109231706,-0.00048080887024271046,0.0003191070262686946,-1.8943347117050813e-05,0.00010196539321727371,-0.0002448348478887308,-0.00011933505126415778,-3.4947637775339935e-05,0.00039521815039700314,3.988309858549144e-05,0.0016638633366772293,-0.0016158127526921806,0.0007235921265529299,0.00015088892919790098,0.00017843728463029507,0.00029187325010271437,7.601988859740061e-05,5.53559101839074e-05,0.001049345255316636,0.0007555540982617792,-0.00039336218239616194,-0.00629478256981808
0.0001331341378842943,-0.0002625723790732337,4.804762851762234e-05,2.156433096622834e-05,4.5013030746554605e-05,-2.6467083114045664e-07,-2.4025779723380047e-05,2.312105655732921e-05,0.000216462246445559,0.0007728547954903853,0.00026553783058602676,2.6184281471275384e-05,0.0006509393940716812,-0.001943413986197129,4.1486354059649955e-05,0.0001471363703695605,0.0001572280082104971,0.000583639280399284,0.00033390383741038754,0.0003222625928669398,4.516251732011867e-05,0.00036704505180429337,0.00012739289468166604,0.00021263751551181542,-0.0011142575623839246,0.0007947587041448045,0.0035667288004752606,-0.00018208463999469515,-0.0011486597425652834,7.609353196191826e-05,0.004527579177716179,-0.00039397163543775093,-0.0007877334403313396,2.8261059092926644e-06,-0.000137111333139317,0.00010316572972368654,0.00010545412076323757,-3.672356391992704e-05,-0.001432836542252125,-0.005040993099058477,-5.370329377141214e-05,-8.642257377511342e-06,3.0003294763325528e-05,-0.0010966614671584773,-0.0003555240918989844,0.00030083320515261747,-2.037970391255417e-05,8.91279388808286e-05,-0.0001500114072523484,-0.0001572416074039351,-1.7598799120221997e-06,0.000382829016121633,0.0002016830864273178,0.0012328826244669688,-0.0016132671445792113,0.0006249963140014803,0.00014419715316060788,0.00019195248003689436,0.00028441569297910085,8.481637968227318e-05,4.7389099855577044e-05,0.0008902829881465291,0.0006568921813443485,-0.0005142827205278921,-0.005372213739147869
0.00018022056789313012,-0.0002740141552010078,2.1243877505794373e-05,2.0833087487348578e-05,4.199009896432848e-05,-1.1448758460264052e-05,-3.9199892732932895e-06,4.043528395003548e-06,0.0002505316153555981,0.0006241842774219464,0.0002413619102001885,2.0433606624070677e-05,0.0005353710845057424,-0.001942498789909708,4.4147589766785345e-05,0.00012128622759943752,0.0001635867699678606,0.0005765471485805751,0.0006877193883003674,0.0003519665088851376,4.223105311940145e-05,0.00023949801359068879,0.00010514565560293399,0.00019730889486080372,-0.0011649094400560944,0.0007711857806855793,0.0036506071038269194,-0.0002644930228675735,-0.0013124521488240282,7.78143965762812e-05,0.0032709020689689616,-0.0014369485670168158,-0.001140128497416959,-2.818479129484963e-05,-0.00013789138602204876,0.00013194900955371125,0.00011517580218556311,-3.400083123450415e-05,-0.001001912226645807,-0.004849582240406547,-5.652934795641329e-05,-5.7255436369807455e-05,1.9058386533821192e-05,-0.0010926771165544746,-0.0002946456597004987,0.0002703961825762935,-1.5075797055841278e-05,6.947111538724293e-05,-5.305602112037899e-05,-0.00019087913668225376,-2.437226180618257e-05,0.000385596920203346,0.0002306885631917499,0.0010820040743908521,-0.0015356147477940674,-2.2675960352436242e-05,0.00013275388896794027,0.00020820380372699177,0.0002638984630634056,9.111626669899842e-05,4.524677277273348e-05,0.0007172176156267085,0.000557320338101297,-0.0005710541115873102,-0.004449661222692081
0.0001703259822218861,-0.0003200529938111041,-8.876221385678562e-06,1.584421965561411e-05,3.487285554371056e-05,-2.1197456155586103e-05,2.693634617711993e-05,-2.6740350931087065e-05,0.0003390892658317046,0.00047474861642804456,0.000225546312471403,1.66466465680859e-05,0.0005743327970475498,-0.0017899891626909081,4.816962190634655e-05,0.00011147519569720821,0.0002594590292224197,0.0005663290948416666,0.0009704980576508149,0.0003677232475276515,4.3829940101103304e-05,0.00019338200244578552,8.690217582585369e-05,0.000188622042163189,-0.0011906967618641184,0.0012031946688388917,0.0037357694721960044,-0.00032835146390919334,-0.0014728873109913776,7.956582597179462e-05,0.002068408476950445,-0.0026256422728527795,-0.0011664733605358801,-4.164952019047874e-05,-0.0001404650243389538,0.0001709173998230007,0.00012873174554894895,-3.259273513467331e-05,-0.0005900861160105242,-0.0046826269449217195,-6.167085937303085e-05,-0.00014533514942172143,1.2653942051965572e-05,-0.0010830224573351588,-0.00023911155388467442,0.00020232201982062215,-2.825819156204723e-05,5.681018030534446e-05,-3.816655243848999e-06,-0.00020803474984987247,-3.2891412282132215e-05,0.0003735863618976598,0.00047796053530424487,0.0009998780658244666,-0.0014168980291510147,4.586875024381598e-05,0.00012704281646591653,0.00022045582720497947,0.00028146452820965173,0.00010542656005729789,4.5513144268483074e-05,0.0005787961550565157,0.0004290141315881346,-0.0006502158668499902,-0.0036744423774970336
0.00011495968094021869,-0.00038056116832041464,-4.9942606190844785e-05,1.4195225787716481e-05,3.0656365916925665e-05,-3.410207278708999e-05,2.6245588427897815e-05,-5.432056184939693e-05,0.00040328689985358324,0.0004234562296028255,0.00019861097583651066,1.9623921052813742e-05,0.000852837034912568,-0.0014689126169342703,3.987641838842926e-05,9.73782682116564e-05,0.00043315277243305417,0.0005528425361129852,0.0014685356569128505,0.00038582881719806394,4.570518358337772e-05,8.870898731005994e-05,7.789514632738914e-05,0.00018335640833799793,-0.001153719702220446,0.0011523136694147063,0.003961193080613157,-0.00036477042915450397,-0.0016099647803811123,7.953078152689308e-05,0.0009728010633667239,-0.003787956636776557,-0.0008109288564676076,-5.963950662779549e-05,-0.00015141993444256485,0.0001814114718823312,0.00015687463720870376,-3.247369615355655e-05,-0.00013646153274715633,-0.004502104520674455,-6.274574301889935e-05,-0.0001721122081321802,1.1598409966229184e-05,-0.0011002947721521217,-0.0002136054450049274,0.00014500830194985603,-3.605396175654363e-05,4.4420131155797904e-05,-1.0926573562164421e-05,-0.00022842584080551287,-3.474538868908361e-05,0.0003461409708425123,0.0005190565855786033,0.0010257833368780833,-0.001273675629779314,8.711799699945288e-05,0.00011729344007505027,0.00024552743034522706,0.00029278624672213205,0.00011021680926392996,4.418930305161162e-05,0.00039935384458456014,0.0003420444511541554,-0.00066999170963844,-0.002973551093619742
5.083347198531207e-05,-0.0003807636007122639,-7.317283946095543e-05,1.6203797002622977e-05,2.5141601025291394e-05,-4.1247746854877754e-05,3.057979045784087e-05,-6.277480161120952e-05,0.00044448458100765365,0.0003885276383088776,0.000172386307282002,2.109284101248221e-05,0.0008319537041743263,-0.0010771508782964068,3.928582211454312e-05,8.887143896929572e-05,0.0005519624261756118,0.0005253988236246787,0.0015245326733379638,0.0003767547089064127,4.47698718009093e-05,9.820056937792643e-05,6.710596533365809e-05,0.00016145561630431793,-0.0011016092224204188,0.0013689705506227945,0.004251902218678438,-0.0003862296424613776,-0.0017216114135832905,7.650429329464359e-05,0.00032589641185798435,-0.004885819374936706,-0.00022369341951589128,-6.52190604634173e-05,-0.00015392368380540145,0.0001618798684832612,0.00018804994887888782,-4.027020054586661e-05,0.000335729267584961,-0.00427081763920012,-6.775082442622704e-05,-0.00019684215421833517,9.342313563864835e-06,-0.0011104762559003278,-0.00017862367507992527,0.00011799630930320326,-0.00011028000887458589,1.865268642053941e-05,-3.389061633840562e-05,-0.000213786229275148,-1.2754512954127328e-05,0.0003043751179385712,0.0005064614389607147,0.0012878374941713844,-0.0011707465038018894,-8.07841036584156e-05,0.00010551998631536108,0.00024097535341827125,0.00030026589000886617,0.0001100964387765746,4.4737567209685025e-05,0.00025479684624540866,0.00024819328316971756,-0.0005888997659091455,-0.0022818936551564084
5.7580496358289324e-05,-0.00037918641620404703,-9.460108123271471e-05,1.1924137907293186e-05,2.127700546727951e-05,-4.2440451610059604e-05,2.5145666956216672e-05,-6.573067090409612e-05,0.00046025658084358767,0.0003664009331829643,0.00015811646128516266,1.674829074027606e-05,0.0008568928684358212,-0.0008432135989981937,3.7484448736968545e-05,7.676234635267676e-05,0.0005317563417825966,0.0005063040875541436,0.002032388280674313,0.0003511546944305888,4.633050206903633e-05,4.6255752560897534e-05,6.218536649926776e-05,0.00015491679047219264,-0.0009881213567374258,0.0013384236822946427,0.004347195140743665,-0.00036018654459513133,-0.0017612135247663252,7.962172265485457e-05,0.0008137125477556406,-0.005569457372280873,0.0006236776904360308,-6.628424915822162e-05,-0.00017118119938341891,0.00012907345249635327,0.0002108313655266869,-2.42020059169068e-05,0.0007948090498168803,-0.003994351397200502,-7.86174265202666e-05,-0.0002620817169994849,8.323305947133264e-06,-0.001168950432040683,-0.00013885923287837443,8.051451868906767e-05,-0.00022169770090219032,-8.564559991430798e-06,-0.00010559297017787017,-0.00021943766821952426,6.389855955468704e-08,0.00028198811904589505,0.0003532322454322667,0.0015035756087316,-0.0008558373131353214,-0.0002226453764545555,9.28356297285049e-05,0.00018728584470206755,0.00023351416993544483,9.207190733717674e-05,3.923233571390128e-05,0.00016724465400641542,0.0001814267924999946,-0.00048711497652031976,-0.0015810023712792276
9.742803626133778e-05,-0.00034665424020963176,-8.861285636108107e-05,1.1251842418902314e-05,1.861116453416578e-05,-3.7302603712929816e-05,2.889135897254924e-05,-6.014517158814403e-05,0.0004846673224201403,0.00035056797782395677,0.0001521129991444159,1.4861875193172835e-05,0.0009579866378761626,-0.0005953047583758808,3.972276505304073e-05,6.56287514366749e-05,0.0005472548955924861,0.0004655297022073679,0.002259595477194676,0.0003211717548454729,4.270690461738447e-05,-4.951572194000775e-05,5.603574991042137e-05,0.0001464789422596091,-0.0008728520920375793,0.0011700792541780025,0.004252911605821641,-0.00030641520219965024,-0.0017192510852633847,7.410555256148754e-05,0.00023337809721768465,-0.005737657731443302,0.001609995534358033,-5.768288297558488e-05,-0.00017778175035920718,9.363436515874568e-05,0.0002155318046035415,-2.6641424296980354e-05,0.0012059757134377236,-0.0037940969842410466,-8.613431101811564e-05,-0.00030144550315469587,3.3609093583741867e-06,-0.0012271158382962666,-5.137687466960639e-05,-1.0047294608961366e-05,-0.0002509592074744216,-3.1743680866225255e-05,-0.00022677172956986347,-0.00023401099122022373,1.7438706986006025e-05,0.0002492762582742003,0.0004134508714324081,0.0016265452725572338,-0.000638653819497681,0.00011260763702680698,7.321507292012974e-05,0.00012471671100833248,0.00015604734933205577,7.913919397584124e-05,4.516340666138596e-05,0.00016349522887715295,9.063211126547621e-05,-0.00038764641797561783,-0.002011746577047391
0.00012302675213171632,-0.0002636270351529246,-7.291558124311592e-05,1.3745285781574523e-05,1.1171352828132086e-05,-2.8766691225867724e-05,4.3892480179996696e-05,-4.530806849822877e-05,0.0005611059810808339,0.00022845361729073588,0.00014158091116223126,1.2733931724406844e-05,0.0007755034317964427,-0.0004618081414771158,4.216025299053072e-05,6.282902315635219e-05,0.0005065226684177748,0.0004318051093070707,0.002117626512166293,0.0003011425275023516,3.970658466112553e-05,-9.805841390742032e-05,4.952585351913896e-05,0.00014695332264502703,-0.0007315091966820786,0.0012314021089714355,0.004105301432213437,-0.0002342196423928966,-0.0015686474929116345,7.023637228131818e-05,-0.0004625558467202806,-0.0053309121013555005,0.0025875332221991787,-5.1002797855637105e-05,-0.0001741803488923832,6.237335890024731e-05,0.0001961563095831398,-1.1756548107921816e-05,0.0015991051682284763,-0.0036002910118937415,-8.357694284477635e-05,-0.0003259911318148623,1.8577435749733695e-06,-0.001294229390332191,-6.48193352486004e-05,-8.983518752780917e-05,-0.00019819616069449708,-4.038131538763867e-05,-0.00037616211954949463,-0.00024371590536431675,1.8738419783392857e-05,0.00020293014451566727,0.00032946520873111673,0.001453321672572283,-0.0005161807199608459,-0.00028749055544785573,4.4700960839749726e-05,7.845427148578388e-05,3.4250568879290455e-05,6.337602554729038e-05,4.603678812631351e-05,0.00010366602053046847,2.7046855310519646e-05,-0.00028901982712925545,-0.002713241486861473
9.987662261345953e-05,-0.00016525314571425032,-6.582002214305938e-05,1.4734059469612149e-05,9.350057661228206e-06,-2.099150927070692e-05,4.1665376292909784e-05,-3.349287683451774e-05,0.0006798116499120432,-2.407384533431589e-05,0.0001318083348240684,1.0642634517665783e-05,0.0005863027256043374,-0.0004374376590822182,3.804303778176532e-05,4.401966033307225e-05,0.0004235639234104749,0.0004076948458133778,0.002129676606613673,0.0002826534766064981,3.347827141797488e-05,-0.00013824052918953722,4.326066573967502e-05,0.00014569910277484333,-0.00048792041105139017,0.0011250727443421482,0.0038561170730384564,-0.00011712232174510007,-0.001338373092186318,6.061879299412709e-05,-0.00024337836005117186,-0.0044540202505142235,0.003525296235343589,-5.098451792984182e-05,-0.00016130359448274234,4.580908657092486e-05,0.00017150443408198157,7.856342987500042e-06,0.0018897547732230624,-0.0034854582365397846,-7.871356828603737e-05,-0.0003438393263179851,4.826234287103048e-06,-0.0013258749227698097,-6.89972222776003e-05,-0.0001667514610983467,-0.00010324450753651515,-3.73104145333647e-05,-0.0005393316642610113,-0.00022895174330883616,-2.2727131782418475e-05,0.00015915550656275812,0.00027050215021340307,0.0011581426062070577,-0.000370982446339152,-0.0005671002161934391,1.686513983023552e-05,5.843057549581587e-05,-9.777113685383032e-05,3.6950638427013516e-05,3.961188238310598e-05,0.0001201032228701493,9.46665392986823e-06,-0.0002004075980318598,-0.0034031696185864435
0.00010662462743527001,-8.423504629573308e-05,-3.7930248444562054e-05,1.4860176361874977e-05,9.987606014005834e-06,-1.1857229616940579e-05,3.2609252505810815e-05,-2.568478556341791e-05,0.0006979053494762244,-0.00015078162662907069,0.00012351523694054123,1.1089020668153537e-05,0.0005132342593476835,-0.0004200400183929087,2.8237597514690904e-05,3.0874050936491315e-05,0.00037151688507064407,0.00037594688371944684,0.0016708648238996648,0.0002514827659296781,2.6014937158258533e-05,-0.00020742065155743283,3.2861944244011454e-05,0.00012309753465467033,-0.00021337654042863363,0.0007837662824883296,0.0035032115518629503,1.8076827365431924e-05,-0.0010213189232489706,4.85509172030163e-05,-0.0002521959071566382,-0.0031151965476213794,0.004172765980394066,-5.587153331410022e-05,-0.00012599613512431773,2.1362012774917005e-05,0.00013959568858923355,3.7658235632065384e-06,0.002066199721264761,-0.0033044261207192394,-6.806185078556126e-05,-0.0003070747608411306,1.1648443052347801e-06,-0.001258308204316494,-2.3473299135434722e-05,-0.00019476814930552422,-5.224234039913345e-05,-3.0829934135834236e-05,-0.0006775603412281228,-0.0002350669487546364,-4.436880421287981e-05,0.00011349074780020452,0.00014877950231628745,0.0008981073782694526,-0.00017248766305300034,-0.0005379367348842257,-4.634767052147382e-06,3.7409562934742624e-05,-0.00022182320237085218,2.7181349351090844e-05,3.405569573922129e-05,8.594133618977651e-05,-3.168106922546432e-05,-0.00016464612541344792,-0.0041046808426151715
9.791687539051352e-05,9.15236879239778e-06,-1.4468433298997496e-05,1.1618266034130187e-05,7.818295200801018e-06,-4.739374816931097e-06,4.965951355484499e-05,-8.884380482410137e-06,0.0007728849823094297,-0.00017065942518490473,0.00011829511714456231,7.972635660769e-06,0.0005564820907608681,-0.0003311720106285998,3.1250889447775876e-05,2.526865635776865e-05,0.00026153834722131286,0.0003324078960620369,0.0013946467926595485,0.00018369136005480513,1.9191097568871385e-05,-0.00019517228534726705,2.3113317154876967e-05,8.91080280183143e-05,3.8683672848538464e-05,0.0005315528158416072,0.003039791759247068,0.00013587152918836942,-0.0006408367936142634,2.691594753301274e-05,-0.0002891307856519587,-0.0015148034565611868,0.004415097193611439,-4.7576455577513777e-05,-9.134326288895434e-05,1.49329157839162e-06,0.00010053711142710142,1.0572259587782185e-05,0.0021348352565679907,-0.003119280588027462,-5.625277460663547e-05,-0.00025864687449939083,-8.191291303805137e-06,-0.0010881010935988034,-2.1976998492934108e-05,-0.00023586469463732218,-9.824654391477061e-06,-1.8802916850635398e-05,-0.0007427317330908068,-0.000231088421624559,-3.3894586793592474e-05,8.628156117307384e-05,0.00014075185461170925,0.0007042872615132811,-7.265793698441048e-05,-0.00028022471060340504,-2.9154288384569682e-05,-5.591621806799729e-06,-0.0003254624568655995,2.0034594530704553e-05,3.309151845698466e-05,8.556974813167528e-06,-6.624887874973062e-05,-0.00012372066855248498,-0.0038939664479743508
2.2850858094614068e-07,7.244393747374289e-05,4.303623560852898e-06,1.1637686256227298e-05,1.6132162413029505e-05,2.5418380955599673e-07,3.223239876004591e-05,4.5560201833438896e-08,0.0008198418799132412,-0.00021819999464012252,0.00010410686930861779,8.624020626735174e-06,0.0008028640030901535,-4.932742228791476e-05,3.082764392670079e-05,2.023162516961996e-05,0.00022756099977239153,0.00027511160053306227,0.001049763659624725,0.00012342461100334212,1.2875116645494344e-05,-0.00017280088339788335,1.2790019074948589e-05,5.6920027749374213e-05,0.00022856096558432348,0.0007677117924673738,0.002533485992014306,0.0002120724667404872,-0.0002567914754623146,1.7915531053347422e-05,0.00017656266124910225,1.2620114018702111e-05,0.0042004999790532516,-3.950189125168091e-05,-6.519415159889075e-05,-2.4674815672920403e-05,4.848230304244083e-05,3.439264128601849e-06,0.0020628358749912312,-0.002828235195636686,-3.534066325583396e-05,-0.0001921303789874651,-7.770173367727118e-06,-0.0009135298849324291,-9.854343979320834e-05,-0.0002463372894049298,-1.8478395482857124e-05,-4.300098477072467e-06,-0.0007112444843893062,-0.0001896593315263706,-2.8139748988631474e-05,4.8002495392385214e-05,0.00016319806592002273,0.0005073912819641979,1.2830287656084849e-05,4.1947514185070034e-05,-3.931565361436906e-05,-2.842341719977437e-05,-0.0004164921683192935,6.986457619095887e-06,3.0069553315081876e-05,-1.684968403103948e-05,-7.095569798420964e-05,-8.35092870444809e-05,-0.0036520592751861924
-4.960089827743541e-05,9.404697388659677e-05,2.4858586957332562e-05,1.2102545197789638e-05,1.1375882153608075e-05,7.731851337400286e-06,2.3348153301405716e-05,1.0914914010839993e-05,0.000747701662732192,-0.00022079055107282475,8.244147636449206e-05,8.560873774321465e-06,0.0006297635037824101,-8.981893268655838e-05,2.9623459287142495e-05,1.0821813309913608e-05,0.00020648492143049424,0.00021126585319164448,0.0007054444559160267,8.039360281730801e-05,4.730344560721633e-06,-0.00014729034753668824,6.40122021922096e-06,2.940107803861558e-05,0.00033560097367191233,0.0008726007181443229,0.0018409218913755243,0.0002442870955885468,7.507786789773263e-05,1.2861360918492437e-05,-0.00017656266124876918,0.0012798938697782258,0.00352636962227848,-3.0095033045851594e-05,-5.920588331786991e-05,-3.843751396581663e-05,1.7693324703138558e-06,-3.2491795798339496e-06,0.001826514529930101,-0.0023048320579036607,-1.2707395130373556e-05,-0.00017272740011020637,-6.081459938078737e-06,-0.0006956774672984833,-6.195466398117855e-05,-0.00022138196228560503,-2.8782015756290136e-06,-3.311611651568569e-08,-0.0006252924797481851,-0.00014614273512325582,-4.44886891101115e-05,9.246115796779364e-06,0.00019364376099195724,0.00038140547286746873,1.8922600940829426e-05,0.00023906006126916957,-4.22563037758561e-05,-4.3323049739862896e-05,-0.0004439315378654829,4.759977239698898e-06,2.5203697632258937e-05,-0.0002383194823100121,-7.137679913815642e-05,-6.87384354330911e-05,-0.0034109678131234444
-0.00015633256517644245,9.950888779486355e-05,3.972619637115926e-05,1.2267273427957193e-05,9.618711268588598e-06,1.299869633752948e-05,3.624021818526835e-05,1.741506461883091e-05,0.0005992863015253924,-0.0001909825040632418,4.949463310577329e-05,8.92033049249008e-06,0.0004664394340752054,8.263863048973974e-06,2.9008682879583247e-05,3.497243576733311e-06,0.00019452954148846402,0.0001229661135069282,0.00035399582781936445,5.4788632570357265e-05,-2.1926017507167828e-06,-0.00011233335832883107,-3.0511534728772105e-06,1.2405083642530457e-05,0.00033662377358623097,0.0009524148135777732,0.0011263779368761995,0.000216700408160575,0.00031034074447711113,6.504936824081042e-06,-0.0003578376301954789,0.0020698970258803406,0.0024969150784568406,-1.2806378733021262e-05,-6.755098736654919e-05,-3.8909344805215795e-05,-3.837772739634371e-05,5.822596588656026e-06,0.0014172693584688645,-0.0016432580102409,1.2255429716612198e-05,-0.00010746466483180228,-4.3385239690829636e-06,-0.0004278031503056612,-3.288053571504079e-05,-0.0001522472188065782,1.9032157030807184e-05,6.680272464976156e-06,-0.0004771339018716514,-9.165607077388227e-05,-2.6978511409092576e-05,-5.820768393727249e-06,0.00031551042543531693,0.00039632877378137366,1.2468477801341749e-05,-1.4005866028066194e-06,-4.0792378883103275e-05,-4.0963727909071324e-05,-0.0003808434714701603,-4.505187561454349e-06,2.036635758106975e-05,-0.000306339488748808,-5.408199226419885e-05,-4.101813841383972e-05,-0.002911557078473015
-0.0001585812677986631,7.400941561286345e-05,3.31078850164257e-05,1.14559906005951e-05,5.001670993598495e-06,1.373088261424904e-05,1.791790776439761e-05,1.7009397387912628e-05,0.000345751024560359,-0.0001314809085010138,1.696146080587546e-05,2.7808866036593827e-06,0.00011006195224738669,0.0001139163296182133,1.5075032198108573e-05,-5.718727602910256e-06,0.0001698166975063753,4.609516816334036e-05,0.0002584909554610437,1.542364488171799e-05,-9.843090132855004e-06,-4.482294885721494e-05,-1.0855643467033715e-05,-5.910013022192295e-06,0.0002689107919751077,0.0006809099194353685,0.0005206836694207073,0.0001550961694545272,0.0004184083426943541,5.206151629799649e-06,-0.000882690262596908,0.0021255613521646843,0.0012825488072658597,-1.7184851198281947e-05,-5.485910840552499e-05,-3.919436164212531e-05,-6.060236189786572e-05,3.249179579611905e-06,0.000877308380413,-0.0009654906433039789,2.8662321458039486e-05,-3.6683585456165346e-05,-6.1635355187439345e-06,-0.0002456818315876852,4.8257727678135964e-05,-0.00010977608831030938,7.962439503783614e-05,1.6472274489753858e-05,-0.00028288057694858537,-4.6910655190579575e-05,-1.5872245758496994e-05,-1.2783945148364673e-05,0.00019914584829749948,0.0002508212606946447,-4.435328958096729e-05,0.00024224367905190114,-2.795804026101134e-05,-4.164029144471115e-05,-0.0002579472484647294,-1.550131703464963e-05,1.3452595246432608e-05,-0.00024183689456203084,-1.5628408118972814e-05,2.87945130961198e-06,-0.0017469342470838312
-8.587092864109636e-05,5.9165051539133984e-05,1.82707055140785e-05,1.3594020980001176e-06,2.0174697845654066e-07,7.992981533977428e-06,1.0270387638788847e-05,1.3517107116944871e-05,0.00013805667741828564,-4.4249437280541315e-05,-3.5231231345633773e-06,2.3134710303018835e-07,7.799740476821526e-05,-8.263863048973974e-06,9.430182294378753e-06,-1.6162063480651412e-05,6.722021246807763e-05,-3.2583421897269815e-06,7.063791106753925e-05,1.0240033088138034e-07,-7.291851467305932e-06,-6.7708926069220965e-06,-1.4533245132120065e-05,-2.059598621273473e-05,0.00011300453119278409,0.0002293570232887454,0.0001658319953834475,6.622898935626509e-05,0.00039488200533011053,3.4045341483768254e-06,-0.0008937405098449203,0.0014824282973942005,9.293966168533174e-05,-7.52780356061411e-06,-2.165278257848513e-05,-1.703345600745365e-05,-5.8443932342444604e-05,1.807610627513334e-05,0.00028912851518203553,-0.00028346779466692507,3.141592381172842e-05,7.451188067220116e-06,-3.2821560834728203e-06,-6.0660049736260824e-05,8.846601920620145e-05,-2.547359971338814e-05,0.00011177622447400282,1.9887796027795446e-05,-8.500301603886484e-05,-2.723554618411228e-05,3.7273252881941943e-06,-3.65906486341494e-05,5.2663820735210365e-05,5.2292053102753755e-05,-7.935307532735969e-06,0.0002664551252777869,-1.0607502723303242e-05,-1.4284874859327168e-05,-9.470956674517694e-05,-1.3340626434876768e-05,3.5606037704916105e-06,-0.00011070167754811955,2.2243864736815055e-06,5.7816344823935495e-05,-0.0005823114156946474
-2.2850858094614068e-07,-5.916505153902296e-05,-4.303623560963921e-06,-1.3594020978890953e-06,-4.327162649087057e-06,-2.5418380977804134e-07,-1.0270387639010892e-05,-4.5560201833438896e-08,-0.00013805667741839667,4.424943728031927e-05,-2.978066161940518e-05,-3.066043259170037e-06,-7.799740476810424e-05,-4.62903859924646e-05,-9.430182294489775e-06,-1.5259223376640207e-05,-6.722021246829968e-05,-3.8917209642663764e-05,-7.06379110677613e-05,-2.2618720176503793e-05,-5.5416780107009345e-06,6.770892607033119e-06,-1.3364948305616409e-05,-2.3040370939364507e-05,-0.00011300453119289511,-0.0002293570232887454,-0.00016583199538333648,-6.622898935648713e-05,0.00021744473695872735,-3.7690716994109863e-06,-0.00033100778488015514,-1.2620114018813133e-05,-0.0008819520926943714,7.5278035607251326e-06,2.1652782578263086e-05,1.7033456007675696e-05,-3.5589037242433896e-05,2.6787829733754265e-05,-0.00028912851518225757,0.00028346779466681404,2.8848546397286512e-05,1.077661620296766e-05,3.2821560835838426e-06,6.06600497361498e-05,2.596173472957375e-05,2.547359971338814e-05,5.0030252945587605e-05,1.6898942715615206e-05,8.500301603886484e-05,2.7235546184334325e-05,1.3043263706880026e-06,-2.8674070490675163e-05,-9.010849276358535e-05,-5.229205310286478e-05,-3.6898731795798057e-05,1.4005866024735525e-06,1.0607502723081197e-05,1.4284874859216146e-05,9.470956674539899e-05,-1.3473521191853521e-05,-3.560603770380588e-06,1.6849684030928458e-05,-2.2243864735704832e-06,8.802498051529994e-05,0.0005823114156944253
5.8542849770581995e-05,-0.00017284965754005288,-4.174674602475115e-05,-6.451637803661647e-06,-3.1244376229588866e-06,-1.564132448728106e-05,-6.673680517299552e-05,-1.5218155715923665e-05,-0.00039006919041828514,0.00010983147252119352,-4.372766146543139e-05,-3.3793641144308495e-06,-0.0003932625176820137,-0.00010110676284802445,-1.8367024634313722e-05,-7.4774737128802116e-06,-0.0002632828551356603,-5.4787653967491856e-05,-0.0003919919018353646,-3.0148696497867e-05,-5.788084156521656e-06,1.1670627330540029e-05,-7.79542575557457e-06,-1.8694231536664496e-05,-0.0003767841751954881,-0.0005528017027294219,-0.0004252793325785209,-0.00021613873568848696,-7.507786789751059e-05,-1.2740628048235614e-05,0.0014462064841933575,-0.0019651751667806305,-0.0014790463547017518,9.339971726696206e-06,6.02493042023422e-05,3.7698044735856584e-05,-1.7693324702028335e-06,-3.4688005005056866e-06,-0.0009651265706798196,0.0009444523718598052,9.189837770984255e-06,-7.4511880671090935e-06,1.2451720190931326e-05,0.00016877893902034202,-8.928117013029535e-06,0.00011633280615175323,2.8782015755179913e-06,3.311611651568569e-08,0.0002291679383947809,7.873813794412321e-05,-1.3043263706880026e-06,-8.615777483234055e-06,-5.266382073543241e-05,-0.0001407805429067821,-4.122468462941509e-05,-0.00022033124054687825,3.5674533654717067e-05,0.00010623890560990112,0.00029638993404823566,-7.083094764825937e-06,-1.32781024401174e-05,0.00022318418741940071,3.766863206888793e-05,6.570044773224204e-05,0.0012439343852406193
0.0001769957003150413,-0.0002674212889506311,-7.468581748482084e-05,-1.2378889169273322e-05,-5.641871390515973e-06,-2.5320929236682943e-05,-0.00012040411895553049,-2.914675612497586e-05,-0.0006414598682991102,0.000240906548455877,-3.9057810255371805e-05,-2.3134710280814375e-07,-0.0004815633830183019,6.979608845059104e-05,-2.8678477295929206e-05,-3.497243576733311e-06,-0.0003699499042985055,-5.912323605905545e-05,-0.0005548974996634204,-2.0817479150170293e-05,2.1926017506057605e-06,6.50123605634434e-05,3.051153472988233e-06,-1.0837842756794558e-05,-0.000633177974375343,-0.0008693756401133568,-0.0005950544095719712,-0.00036413337372864785,-0.00041228047204178164,-2.195906141222448e-05,0.0031963002522561457,-0.004039655842268286,-0.0015851293830788649,2.8867927442499663e-05,8.900298191449885e-05,8.324874079401745e-05,3.5990404979813206e-05,-1.4316920099011199e-05,-0.0016819822694372766,0.0015854721367234426,-9.189837770984255e-06,1.344012891890678e-05,1.6879977760675402e-05,0.00024687396950429097,-9.362394825629394e-06,0.00014008228841499992,-6.962674981481065e-05,-1.5066437571986668e-05,0.0002951565207043316,0.00012048297210620618,8.104053553115165e-06,5.820768393727249e-06,-0.00011916348099572094,-0.0002377623880048807,7.935307532846991e-06,-0.00038253982426206257,6.35414965191039e-05,0.00016719889818128664,0.0004888179569273454,4.505187561454349e-06,-8.816082849305573e-06,0.0003678088777117061,2.15435434387512e-05,7.525953989673262e-05,0.0012439343852406193
0.0002305618970621648,-0.00033512320301554155,-0.00010445908253753355,-1.1775110274059308e-05,-2.1276369280842644e-06,-2.853496515253795e-05,-0.00017144662624302143,-2.860573880725248e-05,-0.0008292527623690038,0.0003667814156325111,-2.311380354824699e-05,-1.627724334318792e-06,-0.00045512987046147924,0.0002972195752843909,-3.249912479474926e-05,1.2076041605135757e-05,-0.0004247123230922689,-2.867016997754046e-05,-0.000857853081336013,-1.2070542699582631e-05,3.305005095155522e-06,0.0001493852990785971,1.8792197606032346e-05,5.910013022303318e-06,-0.000843391255934911,-0.0006404715054966204,-0.0005781611967694555,-0.00047543179687492554,-0.0007347445891215942,-1.5439744076473083e-05,0.004704310168619719,-0.0058784653761850825,-0.001044314805499491,2.4954743099492305e-05,9.62566724880265e-05,0.00011836992804203916,8.532939903971304e-05,-3.0525010420556775e-05,-0.0024956475930327793,0.002334320978204074,-2.8154237284527817e-05,4.174782428045809e-05,2.013138684398008e-05,0.00026764837406667574,8.928117013029535e-06,0.00015599394861687266,-0.00010845942949977427,-3.2031087344508435e-05,0.0002814188607129786,0.0001336058473948576,1.3100905039253874e-05,2.8122620265191856e-05,-0.0002729000217533972,-0.0005479945536773778,1.7572633156826e-05,-0.00049950005137811,8.403754750752057e-05,0.00022134021391129188,0.0006422000133659012,6.485875411188502e-06,-1.1710359323346964e-05,0.00048466166677063605,8.232940529939725e-05,-2.87945130961198e-06,0.0012439343852406193
0.00036595292218688513,-0.0004185738128182903,-0.00013465334771178838,-1.466237580294294e-05,-2.0174697867858526e-07,-3.3792435902735285e-05,-0.0002338043448185667,-3.189514506451996e-05,-0.0009489683496981538,0.0004119176712753525,3.5231231345633773e-06,-3.8361536790487705e-06,-0.0004872509556809179,0.0002556415460264194,-4.074240728502154e-05,2.526818131598496e-05,-0.00021275628246986145,3.2583421896159592e-06,-0.0007152367408339577,-1.0240033088138034e-07,9.27885898027725e-06,0.00017798258966927882,3.9494349885815794e-05,2.976201043392024e-05,-0.0009700184556257208,-0.0009794111499575875,-0.0005857399518074402,-0.0005461860010099739,-0.0010434481271008877,-3.4045341484878477e-06,0.005854744047477212,-0.007403875792820647,-9.293966168533174e-05,3.157975758139031e-05,0.00010764047813816013,0.0001669084277020616,0.00014767233374235467,-5.2304446709450225e-05,-0.0032537557603263823,0.003063809874628509,-4.16168904087133e-05,8.383317084148523e-05,3.299299390580046e-05,0.0002681176926799811,1.4945771761754045e-05,0.00018241573156574376,-8.39888224898333e-05,-5.014053140672825e-05,0.00021921498657473393,0.00013633813498281633,1.4760227186272346e-05,5.596702461874159e-05,-0.00033968031744879834,-0.0010635552592933584,-4.049292460261977e-05,-0.0011765595185532218,9.853390185399213e-05,0.0002259489046156915,0.0007498767814260177,1.1996045945705802e-05,-1.0372786686474456e-05,0.0006219596361294322,0.00010909662022018374,-8.146291584054666e-05,0.0012439343852406193
0.00040678334099109037,-0.0004382503320284892,-0.00015523882937562572,-1.92919493028354e-05,4.61545364749405e-06,-3.311477539136298e-05,-0.000263752007753415,-2.2694584844495935e-05,-0.0010080979649236266,0.0005403543100701569,4.777406524358874e-05,-9.301800744099253e-07,-0.0002699769098981619,0.00048304618719119397,-3.590801117092646e-05,3.9258319474377856e-05,-0.00018213619916573887,1.7858622233246635e-05,-0.0003469460761025278,9.782135709235362e-06,1.3555763389128117e-05,0.00028033094475632403,6.137889891810744e-05,4.667761376775381e-05,-0.0010174481946647607,-0.0013337542582066986,-0.0005322519922246194,-0.0005541230375941675,-0.0013001074923344458,5.327062894355805e-06,0.006631255792788782,-0.008368935000065525,0.001149399391853434,4.250456319510043e-05,0.00011623989806075485,0.00020073645913165628,0.00020874340130894176,-7.478879901334778e-05,-0.004034219004954265,0.0037835324816017923,-5.140521660351727e-05,0.00015683183790149435,5.4697325402974784e-05,0.00026824303440320385,6.462489902592239e-05,0.00016825547880872094,-8.784493527236314e-05,-6.133822029896763e-05,8.090663970539147e-05,0.0001193538895631896,1.4592710259719865e-05,0.00011075127715232114,-0.0003892986281178734,-0.0013478451382835654,-0.00011943634915578816,-0.0014775769184109944,0.00010148849783853109,0.00017687668461285888,0.0007805531621452033,2.302846292123739e-05,-1.1213351111316605e-05,0.0007630990807658833,0.00010855691313738092,-0.00017220437333287375,0.0012439343852406193
0.0004991867887949031,-0.0004415142580291853,-0.00016617320485878828,-2.20548364607831e-05,7.455455701022018e-06,-2.791031299231861e-05,-0.0002740177687108325,-2.5575602352612137e-06,-0.0009795592779918705,0.000727321934826497,0.00010532471465074522,3.2093713828729165e-06,-0.00018609893411980494,0.0005518374740585141,-3.416019282964644e-05,5.909531580172711e-05,-7.475372698373395e-05,4.524426157948014e-05,0.00035621876070801584,2.706329690083109e-05,1.622727812455871e-05,0.0003106788647038172,8.76792212167743e-05,6.419255190515116e-05,-0.0009285026944607644,-0.0013196880502903685,-0.0004194507707752093,-0.0004888275383225782,-0.0014446703198974786,2.156992535606861e-05,0.007314251162900964,-0.008437890990182328,0.0025843150268058945,4.214142019165479e-05,0.00010222116873870313,0.00021194244587130484,0.000249333846286115,-0.00011072123747302154,-0.0047628862936254235,0.00455175801247365,-5.31284673618293e-05,0.0002085809894805113,7.287861274862806e-05,0.0002478165167238977,3.303338331117622e-05,0.00019895348526532963,-0.00013187386186408467,-5.581947274013732e-05,-0.00011078853056345483,0.00011646403378695602,2.7091651650934523e-06,0.00015293382164416336,-0.0003737385794836401,-0.0014469159679560972,-0.00020992412681519745,-0.001677175831921951,0.00010723818624036596,0.00011245409324178723,0.000723192035174014,1.4777614513405979e-05,-1.188328798096272e-05,0.0008574286212039706,4.93984319460683e-05,-0.0002768233329747405,0.0012439343852406193
0.000627827102205547,-0.000396044875755619,-0.00015776364613329097,-2.5342905194403187e-05,6.270313880785139e-06,-2.039267001929801e-05,-0.00026337377176299803,3.980397276426295e-05,-0.0009360735982532065,0.0009580234334041204,0.00017120506577938954,9.858254549799383e-06,0.00020781539549319383,0.0007025087834753307,-1.1328765401108498e-05,8.583084090152404e-05,3.882243040820299e-05,7.566542119619157e-05,0.0009043037053080294,3.2435648583239995e-05,1.8744674312065612e-05,0.0003368193112316398,0.00010731654499362975,7.972128434352577e-05,-0.0007784928620755416,-0.001312423539184815,-0.0003031062317728761,-0.0003827686827965193,-0.0014687638295657335,3.5594660763305086e-05,0.008887472699997456,-0.007598606216036474,0.003916427302437686,6.143920834600358e-05,9.119993752415567e-05,0.00021134100723019245,0.0002695821057361325,-0.00011479342749787236,-0.005387772402816848,0.005306087816363325,-4.672547044337616e-05,0.0002619309938729497,9.609768586127387e-05,0.00026522602276091156,5.085941960381035e-05,0.00023132679228710096,-9.92329654745383e-05,-3.685495164162944e-05,-0.00030149085190100955,0.00012942787231029484,-1.6935226691661143e-05,0.0002013951989354723,-0.0003569107836512986,-0.0013628266432594849,-0.00042362996813261056,-0.002337454301419406,0.00012558746811186516,6.521542065907049e-05,0.0005821713772429238,1.953585061076346e-05,-1.2279348449939498e-05,0.0010131792074121737,7.824993028915372e-05,-0.0004352121362777295,0.0012439343852406193
0.0006143883209495105,-0.00035364646925029053,-0.00013043251400846056,-2.7006305876264847e-05,9.031582414387174e-06,-9.447642633775288e-06,-0.0002490116893032468,8.979637591277623e-05,-0.0009629869400635815,0.0012326432541802657,0.00023870676948067882,1.6996426236426387e-05,-3.375321195764336e-05,0.0008867961711842565,-1.258578293461543e-05,0.00011487908174534489,0.00010560486540556191,0.00010126775927732368,0.0012005264699708196,4.0714355571846994e-05,2.316457465911803e-05,0.00040871686284260633,0.00012344160983102093,9.037007918633044e-05,-0.0005978083058971739,-0.0010428130185073936,-0.000126795243406419,-0.00024917209191011036,-0.0013941175641625225,5.112846785682024e-05,0.010071500518637366,-0.005995836673002963,0.004875988502509365,6.509164665247091e-05,7.210243416033713e-05,0.00021945904513653858,0.00026426090256848056,-0.00012076518659298596,-0.005952488892384311,0.005831177540356558,-2.928787810929645e-05,0.00032619571062131314,0.00011848394675029184,0.00033937395855176966,8.564006906630617e-05,0.00027119540651221463,-7.858990191056403e-05,-1.1490947334658053e-05,-0.00043779485542039254,0.0001690842379959978,-7.129127260974144e-06,0.0002481122502115962,-0.0002796111769777232,-0.0015067870415853557,-0.0005562758288946146,-0.002891243055431314,0.00012135990765527183,8.976339451738369e-07,0.0004193152231566355,2.960986204336713e-05,-1.576096271704852e-05,0.0010885998131726637,0.00010403196279251681,-0.0005731819348290257,0.0012439343852406193
0.0006199202918126812,-0.0002726551627844076,-0.00010373917303552194,-2.7911536219837885e-05,1.3709297780994945e-05,7.5128209664487855e-06,-0.00020726111296365257,0.00014707597207785916,-0.000920458523612,0.0015495433028165362,0.00029641105697919556,2.4896530883555812e-05,-3.5540972522229985e-05,0.0010467428426079728,1.3266460687777482e-06,0.00014489700103159642,9.333063241423467e-05,0.00010640167825370916,0.0015420364694926914,5.0083514123056005e-05,2.2436969302930265e-05,0.0004734643991128884,0.00013933492972539874,9.150617537678762e-05,-0.00044997983233330263,-0.0010328620375487096,-0.00012057130016507323,-0.00011962417630762001,-0.0012732262570309683,6.815435959572902e-05,0.010772445396512564,-0.003940192939277831,0.005280530054648125,5.843762774149219e-05,6.570406777073323e-05,0.00020685035476497582,0.00023437158850492246,-0.00011023989928138356,-0.006527830496523168,0.006275195335880168,-4.652468533983267e-06,0.0003952008771115345,0.0001415257675343451,0.0004329346312277327,6.990345090862604e-05,0.00033366488238240066,-4.554004724088845e-05,2.9293253295259447e-05,-0.0004912769383352833,0.00022039877593305057,1.9122196549758996e-05,0.0002919736446256316,-0.000134554334625836,-0.001567385499252949,-0.0006218515282312431,-0.003376619614738563,0.00013607933790749094,-5.408640929605024e-05,0.00025356738664172873,3.511659512911436e-05,-9.824372129596526e-06,0.001042409586031301,0.00017594308665103142,-0.000654045236740175,0.0003802272405306617
0.0006471949362079066,-0.00023898274251743512,-9.038906548908265e-05,-2.8909245096575553e-05,1.3333749931065952e-05,2.3666879854999934e-05,-0.0001521886703307329,0.00020815315218492003,-0.0008316046800361798,0.0017779740563004243,0.00033821489042895614,2.2635990741370904e-05,0.00015497803460462478,0.0012491281745758975,-9.471717199449614e-08,0.00016689429604022088,-4.570235027623326e-05,0.00011531717167634348,0.0017145121093866678,5.724217131874987e-05,2.1878149149889836e-05,0.0005778128192874821,0.00015072300465979183,9.101597846350451e-05,-0.00034613611799794164,-0.0008286818238791849,-0.00020945541523986755,-6.8866916129728395e-06,-0.0011342829009133304,8.4700709331198e-05,0.01003903711444143,-0.0018948080498811803,0.005040246171003959,6.888417509021139e-05,6.66937059659034e-05,0.00018956868434805152,0.0001939315707113476,-0.00011205330996411078,-0.007157021810640152,0.0067733430253198446,3.3683582377985744e-05,0.0005126251674789639,0.00016175900708081947,0.0005712667663697601,-3.838921924204097e-05,0.00041099364167895835,1.785002915255518e-05,8.72656937538352e-05,-0.0004503618207966076,0.0002674472241630532,5.8535852806906874e-05,0.0003466878737621304,-0.00019085114514383328,-0.0015837935552653892,-0.000800939604604145,-0.003571950874274088,0.00015901523508077275,-7.249114036944615e-05,9.64133600742656e-05,3.819475574062814e-05,-7.841317484214017e-06,0.0009673198612931699,0.0001941497432773609,-0.0006707698365513437,-0.0007726819848385968
0.0006235952068387451,-0.00020879541083418385,-8.502110187780243e-05,-3.145559879558224e-05,2.047794302550976e-05,3.7670475597773034e-05,-0.00014783296671105894,0.00025825802452250635,-0.0008388866001360906,0.001964572963727651,0.0003609462638687333,2.2302120799455594e-05,0.0001310126218119212,0.0013377850289908455,6.237193297176091e-06,0.00018176699003213947,-0.00017114581573840493,0.00012329366966223887,0.002227228963859851,0.0001241823893634031,2.3451484191250316e-05,0.0006744891412324705,0.0001587651446941507,8.023605267570844e-05,-0.0003114320383542646,-0.0008136190477694427,-0.0002620460273384806,7.999910911027364e-05,-0.0010595628112537447,0.00010322901272563634,0.01035434487853526,-0.00023341115888342312,0.004167663543526379,8.400469588654147e-05,8.397878568211503e-05,0.00018466591689114686,0.00015488753962267232,-0.00011536674455436824,-0.007853552133127328,0.007150764881689309,7.228746774878836e-05,0.0006021678628036486,0.00018310553250833195,0.0007212285849957922,-5.287216674287887e-05,0.0005213259543210835,6.294745847212901e-05,0.0001370901740669339,-0.00032663695961454575,0.00032301823009595054,7.989513373241053e-05,0.00039414079660882173,-2.8193636653073284e-05,-0.0015821326745216746,-0.0010089278521805412,-0.0036792195032204766,0.00019144196682052694,-8.22475521835564e-05,-1.626639509766381e-05,6.21992523381909e-05,-2.5091048871939137e-07,0.0008953069195505314,0.0001706771321066114,-0.0006357328608379564,-0.0019332915194577582
0.0006137729825732574,-0.0001987605939712811,-9.174904573527876e-05,-2.964842647312782e-05,2.3484686607400107e-05,4.923432152703633e-05,-0.00011592823681116915,0.0002935153915291089,-0.0007788873898351145,0.0020933732447014908,0.00038465917956709283,1.7167777972115772e-05,0.00018162803399435212,0.0015395741271535535,2.443784556516171e-05,0.00020418035013114455,-0.0003818705759790486,0.00013015470751542857,0.002964165448495315,0.00016810177639769996,2.592823459779403e-05,0.00063683240925827,0.0001648974419594662,6.443449475312946e-05,-0.0003790403491754635,-0.000648476215591054,-0.00025617500733432497,0.00011051560203334532,-0.0010908046086306467,0.00012169959585772716,0.011044914980596454,0.0007453901318792422,0.002802551525889374,9.797360234520269e-05,0.00010188016446521786,0.00016827283343268107,0.0001315245501638529,-0.00011081482462815817,-0.008452724513522636,0.007434946768599238,0.00010660644850135625,0.0006827413749390665,0.00020747644278684696,0.0008994022797204071,-8.574066884947662e-05,0.0006294355223250836,0.00012591246258919497,0.0001878863655686569,-9.672122394066562e-05,0.00039125525725558497,9.627474788276302e-05,0.00043581984195850687,4.172762531573504e-05,-0.0014256061756667826,-0.001259157764631147,-0.0038607686082401393,0.00022964065159780667,-3.84435655139681e-05,-6.236492925704162e-05,9.12381466746659e-05,9.504187906683725e-06,0.0008089928900691934,0.00018087166567681834,-0.0006155957766235121,-0.0030977512087019266
0.0005823890842044932,-0.00023526440452481534,-0.00010349009661192454,-3.102127852427916e-05,2.1462203997124618e-05,5.275264965565185e-05,-7.550146724022433e-05,0.0003181375156227073,-0.0007961470350833499,0.002163410005572741,0.0003950677746440423,1.2390689337227201e-05,0.0002766512315079961,0.0017324435497303448,3.844934789110077e-05,0.00020455900570315322,-0.0005240691329471137,0.00010971652358482409,0.0037761299577863117,0.00019768334396919052,2.8645220712553154e-05,0.0006739174665248981,0.00017617829547567077,5.8414227831926624e-05,-0.0005604045807244828,-0.0003269965137578934,-0.00042071509289809406,7.888521530752257e-05,-0.0012343435595564278,0.00014012244877248392,0.01039835316492721,0.0009180570731650572,0.0011631613850493494,0.00011940420241529637,0.00012152994959202523,0.00017039639021443342,0.00013062572748179235,-9.977470584987547e-05,-0.008900465923763035,0.00764555796460642,0.0001315816557709848,0.0007077312984047346,0.0002215931710241037,0.001083034853206044,-0.00012498591571041828,0.0007836143133919116,0.00015214714658906558,0.00023225819551098148,0.00019458324301546703,0.0004693464616911669,0.00012903284262710812,0.0004796225556920053,0.00023120822223754445,-0.0011172860224122338,-0.0011826866853383855,-0.0037694690725238456,0.00028002261694193287,8.822514756867683e-05,-2.5983440534393942e-05,0.00012653959434549833,1.9244231371784437e-05,0.000636651675040012,0.00016507871567172927,-0.0005476233252386109,-0.0017236375487602595
0.0006079693846825496,-0.00028335885232522173,-0.00012462860038853218,-3.3676215659972364e-05,1.7234263057996912e-05,5.058726526629975e-05,-5.8602715603317534e-05,0.0003374187543339069,-0.000763581415756498,0.0022775230847227323,0.00040585574350204823,7.552890686435276e-06,0.00013761368725417888,0.0018007339101593356,4.05495718822646e-05,0.00020604386664180296,-0.0005384360248392728,0.0001160112470135477,0.004863437294498674,0.00023703710160760671,2.8049393755003038e-05,0.0006590938099506616,0.00019310502462310808,5.708271478410687e-05,-0.0008148975779284084,-0.00010915696383517748,-0.0007196862860570086,9.382237333710464e-07,-0.0015080730892844674,0.00016542255600859868,0.010694053292147343,0.0001545771137958507,-0.00041379602721058895,0.00012613054351207076,0.00014068023664992602,0.0001625732014614023,0.00015634466139879954,-8.3506802460942e-05,-0.009313177191070388,0.007734834642262767,0.00013941903143410705,0.0007332758043752108,0.00023918400731059997,0.0012591218071555943,-0.00022462546202239864,0.0008788147816660707,0.00014739584005485362,0.00026673851002323445,0.000528394907036267,0.0005375795388857796,0.00012200667627038086,0.0005007843367226261,0.0003643704233318168,-0.00038005400481488927,-0.0012260495795074489,-0.0035873239219608166,0.0003344911524703065,0.0002169607976236776,9.425077575464513e-05,0.00015388264576876587,3.231592635821734e-05,0.00046066217090801054,0.00014115839863770852,-0.0004582756156229495,-1.8067992572534664e-05
0.0005238049703157888,-0.0003340509288497495,-0.0001612764807646938,-3.788660345527273e-05,9.818702992658856e-06,4.7529674798374444e-05,-8.22659439772e-05,0.0003427284934727215,-0.0006383537687819629,0.0023517972881657023,0.00041406698372492556,6.38335006830637e-06,-1.6694111558246405e-05,0.0018558543850455411,4.5163504810652455e-05,0.00020496172212647323,-0.0005197469681668121,0.00011907539869393524,0.005599968877579187,0.00025801092625066246,2.896630497595254e-05,0.0007529792523413015,0.00021795463838381046,5.177315257332005e-05,-0.0011084471205503599,0.00024194898987750513,-0.0010682537072923548,-9.810229466056253e-05,-0.0018847750312246392,0.0001891427692717329,0.010426043905710225,-0.001397734321865074,-0.001698680301372546,0.00014931463129697065,0.0001459626020270388,0.00015669256549188937,0.00021245412552284293,-6.811712747090137e-05,-0.009592748223457348,0.0076716623581789545,0.00014416148542184537,0.0007246650525707388,0.0002527913153205219,0.0013991885959350192,-0.0003101278614630054,0.0009181812091392239,0.00010524498146868844,0.00028807736815039675,0.0008451422738104952,0.0006009892520253413,0.00013263811792607605,0.0005124112863661434,0.0004986305689560488,0.0003945278339017033,-0.0014292405454837676,-0.002728064712291034,0.000385718042863914,0.00031982228776894495,0.0002956539069465247,0.0001831559292724272,4.2321995401550794e-05,0.0003691553102747047,7.226238360891202e-05,-0.00030221039679867445,0.0016761958129583032
0.0004035423599455523,-0.00039424184611680513,-0.00019870149018574867,-4.433719005969561e-05,1.5431447888403227e-06,4.3427698424469696e-05,-0.00011801817207823806,0.0003514368825554559,-0.0006249033178866714,0.002490561549397974,0.0004181420621922616,3.9475451947268425e-06,0.0004432442575568185,0.0020757434738873926,4.343735075074129e-05,0.00021625842253825134,-0.0004815546351594202,0.00013145907417677627,0.006347649758895013,0.00027940965145623053,3.1663308365459386e-05,0.0007397484571070034,0.0002517134773927232,4.2609841405694127e-05,-0.0014335305678496724,5.509881747522982e-05,-0.001244861311958556,-0.00020600451057972702,-0.0023219032908589066,0.0002109702257102608,0.010584285057835707,-0.0035477329638936572,-0.002501441868519194,0.00016660164860171633,0.00014848828852942475,0.0001416037593706676,0.00028809373021210227,-5.017144584817945e-05,-0.009692982307237474,0.0075873838271387495,0.00012965184051338952,0.0006649761764059292,0.0002700486255335921,0.0014588167150002551,-0.00027606786399314576,0.0009348311060715098,4.612839104778388e-05,0.00029677166169150837,0.0011032883010704264,0.0006518637738961441,0.0001413017968092678,0.0005210708125058527,0.0005488562801772012,0.0010746057455413016,-0.0013760745900164295,-0.002429976184595395,0.00044004163632616056,0.00041374321388687463,0.0005094853829383794,0.00020411309767864871,5.188023667379582e-05,0.00029621227879972345,0.00010216210104529999,-1.4428193333970718e-05,0.0031381941464776464
0.0003455668065455164,-0.0004207475831742302,-0.00022715298025810515,-4.915876904887373e-05,-1.5982091970956347e-06,4.2650546094202824e-05,-0.00013109023598067981,0.0003607659386724027,-0.0005747280288541656,0.0025709553839554644,0.0004332411963523519,3.159064781543819e-06,0.0006407017219347555,0.002070373220989019,5.583866116110059e-05,0.0002370852628192921,-0.00042229293535300805,0.00015248031920545024,0.006888096139920696,0.000284400795202977,3.3631171700188034e-05,0.0006963736175575885,0.00028432071912143364,3.661004746069452e-05,-0.001742900953593196,0.0002044636168814229,-0.0015170266535605714,-0.0003080487957120015,-0.0027602800015942286,0.00024111215515087991,0.011235762007160588,-0.0059289081696712875,-0.002693950015442259,0.00017963051354930037,0.00015619562528845776,0.0001226434616576899,0.0003718303445576776,-3.473837255918433e-05,-0.009673078886881736,0.007396866906368649,0.00011153114885931181,0.0005457292060451202,0.00027963784492723853,0.001430253417659788,-0.00024336967156413092,0.0009574094746580553,7.111458231845447e-06,0.000293035917659612,0.0012802399943405707,0.0007009534935746853,0.00014616615825358004,0.0005243854662269065,0.0005745309614824112,0.0013688957955202419,-0.0014626229694941761,-0.002458118500750728,0.0004845814470173515,0.00044943475968284297,0.0007230707778105305,0.00022711381441009593,6.248544982367932e-05,0.00017893940059909852,7.628493165245942e-05,0.0002774249024082298,0.0036106537987536935
0.00029814412512596533,-0.0004163573434803336,-0.00024177593106311512,-5.071039226645091e-05,-7.3422149476920495e-06,4.517717632523954e-05,-0.0001292142799209639,0.0003701431757106022,-0.00038960886445205123,0.0026056292950003,0.00046490282532829497,-3.811422137900422e-07,0.0006072500876588283,0.0019511243391123756,7.22513346342879e-05,0.00024655511992310863,-0.00040364612030563407,0.00016992454567787973,0.00756352293183471,0.00028011964526886146,3.273718602803122e-05,0.00067031780397242,0.0003191812805791727,4.5874953843005883e-05,-0.0019827254254647375,-3.9590177589365894e-05,-0.0017284723265107438,-0.00038041158418333776,-0.003143503828543892,0.0002567048717976306,0.011646429930256774,-0.008196398825013329,-0.0023096935027683285,0.000190121281109068,0.0001641182762965876,0.00010315068903077318,0.00044913391619316734,-1.3408874516285252e-05,-0.00945223862895428,0.007052706062257608,8.340453819766225e-05,0.00040381554436974554,0.00028545244430500105,0.0013631172593790986,-0.000225638500055525,0.0009651864959681067,3.4818640191058847e-06,0.0002892667123950421,0.001356175168528706,0.000733940949628975,0.00011543465784535911,0.0005448657645279464,0.0007433847482101186,0.001284810754684118,-0.0014627456188984755,-0.002631063179818982,0.0005243276314026435,0.0004916998952717577,0.0009094779904783579,0.00023425810323507434,6.872270285640525e-05,7.694436368144153e-05,6.51818779597857e-05,0.000553632602709131,0.004083113451029741
0.0003064916900139547,-0.0003528785606872198,-0.00022665553426071128,-4.5711241555390636e-05,-7.766557344801583e-06,5.218183199429127e-05,-0.00010639721587168971,0.0004147775176834845,-0.00017361915027092056,0.0026514760972597973,0.0005156619992607858,1.9052658779550313e-06,0.00048733674420864403,0.0019125470128904531,9.215691928399217e-05,0.00027915978263703956,-0.00022561373479368374,0.00019005376023573106,0.007660121141134679,0.000305834665466298,3.00560833823571e-05,0.0005404069001340162,0.00036027869223609343,6.0129205093018e-05,-0.002123296300378663,0.00013904657034924384,-0.001771011542267109,-0.0004136339632414554,-0.003436233511137643,0.00027582203287135343,0.010336889518774095,-0.010091246272260435,-0.00141145946074972,0.00022169889798728803,0.00019713202013349473,9.173722667310535e-05,0.0005234873985942023,6.21767427877451e-06,-0.00898863471479816,0.006623968607995412,6.369551812679397e-05,0.00029052862201628393,0.00029923349428284673,0.001340113339558302,-0.00024526198373586716,0.0009620089066237902,4.813797980762757e-05,0.00029782978688763784,0.0013351255147089347,0.0007500085244509513,6.956177199879399e-05,0.0005464971487540993,0.000755060841517885,0.001006278152683615,-0.001513189661414338,-0.002538706678081759,0.0005574442518687661,0.0005148751907759763,0.0010506433930177472,0.0002404033797860361,7.586777870272066e-05,1.944949425225495e-05,4.360578173545626e-05,0.0007721287708928326,0.00454932475914771
0.0001441812627778205,-0.00025941467374135385,-0.00020260768708668664,-3.656202568336209e-05,-9.433098835942566e-06,6.424988108300056e-05,-7.048967718426002e-05,0.0005017488788487956,0.00015015363908954527,0.0026672904181037627,0.0006274992130588242,4.227547005575261e-06,0.0003791265580022074,0.0018559905650024078,0.0001389535149227683,0.000323150833597019,6.459061648311781e-05,0.0002189461443899976,0.008212337109029022,0.0003325906022446645,3.405726415572907e-05,0.0004979750019784568,0.00043203216717047077,8.702267077698167e-05,-0.0021163294713131275,0.00045516207412976684,-0.001684964053835336,-0.00039698930697718016,-0.0035871024373739235,0.0003252277828025285,0.01044907436516529,-0.011308571777355336,-0.00019219024182581812,0.00026153631297365365,0.00022195301702643278,6.46900038028253e-05,0.0005886899459506267,3.7202604553643326e-05,-0.008427502390320973,0.006015321257728745,6.177011419428169e-05,0.0002358003343247983,0.0003306871009141066,0.001303385977980298,-0.00025631546150317597,0.0010528194148293757,8.076909326781845e-05,0.000347635826010384,0.0012693252797428833,0.0007738987027723354,2.2942416764148987e-05,0.0005725638120606114,0.0007621065822402961,0.0009139822604473657,-0.0015324267464971175,-0.0021247018936018103,0.0006435690911308356,0.000545387074995185,0.0010918602229044172,0.00023265114078929727,8.285899647231254e-05,-8.585491268497947e-05,2.8672231736193154e-05,0.0009159764182680163,0.004607077078521149
5.836176508622337e-05,-0.00016278013129211732,-0.00016054167438994682,-3.059086655654575e-05,-1.0366035854358913e-05,8.22472783974515e-05,-7.151102186964131e-06,0.000586708837738259,0.0003997737025762671,0.002733050980713525,0.0007551000958616605,7.583890050399944e-06,0.0004209182583589932,0.0018680053021959964,0.00017663918523602717,0.00036274492427268434,0.0002923010713455909,0.00023786544555060019,0.008537536086061337,0.0003455344177831776,4.005725538225313e-05,0.00043001479852833313,0.0004995033274823868,0.00010076486674925889,-0.001984402975406141,0.000873793529544642,-0.0015435025674055414,-0.0003289218443567332,-0.0035712834280207106,0.00036382127086875826,0.010663979282293568,-0.011711720319079078,0.0011263474233629278,0.00028800176286769563,0.00024037448543179352,1.5226613248708887e-05,0.0006316756513444766,4.2195221440888275e-05,-0.00780489952819996,0.005435308891623247,6.922186184366019e-05,0.00020564326401895094,0.000361329835075308,0.0012961341201043197,-0.0002425978001029394,0.001176628815045877,0.00010727758795137099,0.00040592433256758653,0.0011945256343466326,0.000831684981213332,-1.0249308545207114e-05,0.0005810105600605464,0.0007686721092858839,0.0008212566739644878,-0.0014347437530120022,-0.0010964964122368581,0.0007248078951078707,0.0005480889688429524,0.0010582619982617558,0.0002168732511136362,8.99124041875421e-05,-0.00014030533795950095,3.586352030193751e-05,0.0010430667960235063,0.003904929600126561
3.054318458595162e-05,-1.4795921653765198e-05,-0.00010645971668021836,-2.5118878575036696e-05,-9.712345290679991e-06,9.812388645213943e-05,3.739445036798905e-05,0.0006653413917581119,0.0006335636072498652,0.0028461539768755983,0.0008563956346141488,1.231039090976438e-05,0.0005829101510954615,0.0019043548210551098,0.00020520142084823334,0.00039051309456428207,0.00040741800709986897,0.00024020368295651906,0.008793002272791117,0.0003202088348304155,4.434884226856006e-05,0.00032075424982336287,0.0005492273288671967,0.00010010857705200493,-0.0017960401418269933,0.0011582732075932078,-0.001460146141880947,-0.00023839644931034076,-0.003410018145582394,0.0003901101547456598,0.009749100099452956,-0.01140600958635607,0.0023182231236447137,0.0003089699290854675,0.0002465638985273966,-3.103723512354328e-05,0.0006470855957181332,4.301233482340017e-05,-0.007099817722667545,0.004968925405632207,8.421486795939792e-05,0.0002368816108255789,0.000380985536676981,0.0013212488041032255,-0.00023151813910116115,0.0013045809890004367,5.865372263014201e-05,0.000451048860178771,0.0011096756679753739,0.0008751020182209412,-3.420463706860222e-05,0.000587458843862354,0.0007679188691926964,0.0007977843788800065,-0.0013641771414631965,-0.0003749072149686894,0.0007829564242214371,0.0005556949501817066,0.000987633175887792,0.0002074797050750643,9.449758543933484e-05,-0.0003358773662464065,1.3759386860989764e-05,0.001101875541888564,0.003200432874842285
4.61550033712399e-05,0.0001132593940842419,-6.049630736970624e-05,-2.0991387233215697e-05,-1.2668132833182355e-05,0.00011295932889221483,7.806192255044309e-05,0.0007305171353715334,0.0008839584351643115,0.0030055584882211495,0.0009133651061663528,2.027530601855787e-05,0.0010338311898794306,0.0016673179222130852,0.00024394554274032032,0.00040082417889153454,0.000503628760937902,0.00022394311879470052,0.008992428552486276,0.0002817174723399596,4.899252382273289e-05,0.0002971904707487205,0.0005776243222630484,9.872668970967169e-05,-0.0015673076433180277,0.0015440520701941463,-0.0013375615140368557,-0.00013073692578779994,-0.003120052249920846,0.00040611515898270056,0.00860175479296954,-0.010485929393256654,0.0031920401515566077,0.00030733273192029564,0.00023663454970446196,-6.263009923390683e-05,0.0006260049060231587,5.590313576453454e-05,-0.006343680388442241,0.004445746607054879,0.00010433341537696705,0.0002215912409049281,0.0003867493402973654,0.00132925981518639,-0.0002266943132666066,0.001400730199871525,1.6958875830530573e-05,0.000490485458439549,0.001046680648126408,0.000917679155761908,-4.403195667057602e-05,0.0005936930210979074,0.00082380392078929,0.0007446718768029381,-0.0013387140387578489,0.00039218310255106914,0.0008060787286612303,0.0005637415663752865,0.0008794779507264039,0.00020090314827170275,9.581789228230164e-05,-0.0005904508548831844,-2.1662311000536505e-06,0.0011391341113888842,0.002493603216882523
-4.714058916410746e-05,0.0002445396828791857,-2.152746590255994e-05,-1.893642850514521e-05,-2.116014689657053e-05,0.00012765651799950817,0.00010525525111404477,0.000774317141028158,0.0008574187010739198,0.0031068842145869358,0.000926199069615441,2.418940329795838e-05,0.0012453682053965576,0.0014214834074444127,0.0002536594805351289,0.000414212985779594,0.0005304185122423366,0.00018475176678189875,0.008955870976474989,0.00023510055438324962,4.850860329086437e-05,0.00023121916634605277,0.000577565443449668,8.813277167663003e-05,-0.0013196015392439309,0.00207731205394035,-0.001195110704243163,-1.4931665083373069e-05,-0.002769541655301744,0.0004025527959914399,0.00842939599057324,-0.009241422002887245,0.0035932135092882067,0.00029984419557127495,0.0002099156436374816,-9.760536597536174e-05,0.0005789357644434556,6.602589108983814e-05,-0.005712836614590766,0.0041190579900827196,0.0001237871090515874,0.00023826175724006582,0.0003938954112008286,0.001409511215044068,-0.00026371503333955104,0.0015341054890207761,-1.8746161433158548e-06,0.0005152644163550768,0.0010056192674432474,0.0009453337781293314,-5.339343004162611e-05,0.000595684715431144,0.0007646270699595004,0.0007293204720575375,-0.00132012922416902,0.0005252375377688967,0.0007980725372696007,0.0005534479978568374,0.0007466155187807466,0.00018112906004641438,9.206250689341999e-05,-0.0007707914903944957,-8.207763035450455e-06,0.0011565456436801735,0.0015440669896233938
-3.753284879504104e-05,0.0003662696960711198,6.844609522493883e-06,-2.0560058835217276e-05,-3.292791073350454e-05,0.00013863744067066364,0.00014261865856246558,0.0007903282660104427,0.0007481721065809577,0.0031540217710026575,0.0008924094153888174,2.927416588915932e-05,0.0010427815689828535,0.0010772366232998376,0.00025807862128757186,0.0004144470387221766,0.00047100065265159863,0.00014242522478058461,0.009123938298557066,0.00018063799110867862,5.1204578274344215e-05,0.00013071249444629451,0.000547985708980514,7.185023352751507e-05,-0.001099789926708561,0.0019061135451310385,-0.001129145218502936,8.968998681124773e-05,-0.00240285159887621,0.0003911899518007633,0.008968984054355422,-0.007786042946190008,0.0034798352604676897,0.0002816154157980755,0.00017282970611298687,-0.00014674054282204363,0.0005126717069596776,5.749501089580278e-05,-0.0051240318037355514,0.0038478308534182215,0.00014383811851947925,0.0002642754335180353,0.0003891743728177133,0.0015284763721639116,-0.00023502779993378464,0.0016135232380811715,8.214458910482669e-05,0.0005244913737032508,0.0009934085363567657,0.0009506698274932557,-5.367165006042729e-05,0.0005806610561907011,0.0007817073901270621,0.0007750746878329995,-0.0012577357704983694,0.0007225796920933281,0.0007640479921400267,0.0005325919234866472,0.0006270061090793977,0.00016529833827760854,8.364433441987451e-05,-0.0009089700005833201,-2.7356139100320753e-05,0.0011417193353624455,0.0003928707567777412
7.34480844717389e-05,0.0004467560336622878,2.0071053584702625e-05,-2.3901361350220363e-05,-4.417457088523591e-05,0.00014232838314320873,0.0001390362442386106,0.0007673328427175719,0.0007052707760353272,0.0031549597766094006,0.0008157612210255571,2.9943381932406865e-05,0.0011673482165401872,0.000891866009608222,0.00024466337590300924,0.0004001731582810031,0.0004667400833933133,7.330969432106649e-05,0.009195047978313164,0.00011475546652328639,5.539729576264918e-05,5.691114129113828e-05,0.0004977154430505504,4.444573236650484e-05,-0.0009472831970918083,0.0016357573397327574,-0.0009640870550698954,0.00016893298034270643,-0.002062415301390841,0.00037255814043479774,0.009086672726876133,-0.006462514107047679,0.002871276187607963,0.00023873559993581317,0.00016148318952313723,-0.0001837502738739616,0.000426861051066707,2.1618224371966477e-05,-0.004623403311491359,0.0035944607641507087,0.00016334314271082562,0.0002845880639430476,0.00036926417005189727,0.001637095416071821,-0.0002532981206225804,0.0016589107706377337,0.00010885165340246417,0.0005227782336285625,0.001028692902871997,0.0009484012810871967,-2.864263983448634e-05,0.0005718789827184878,0.0007665516499164582,0.0008762849849341947,-0.0012394338503227686,0.0011004457972598747,0.0007053710251285761,0.0005478642473430995,0.0005415202282417209,0.0001492481578257987,7.728101702708656e-05,-0.000949308002884619,-1.2283439681626263e-05,0.0010658289637197615,-0.0007699738252294752
0.00020936209393052074,0.0005171220247297548,1.948187607170304e-05,-3.382245357441693e-05,-5.549334211085721e-05,0.00013407423769162818,0.00010457027191668189,0.0007058308439669148,0.0006361770819864887,0.0031349213418705446,0.0007074217282492246,2.495742834840442e-05,0.0013683974036748925,0.0006076686334464121,0.0002177678922881121,0.00037609470650212806,0.0005480376120960972,2.0166438766233696e-05,0.009217321075793317,1.52827009256562e-05,5.859548108833046e-05,-7.5596829176571845e-06,0.0004342383149851248,6.154014712489442e-06,-0.0008865390401392448,0.0011369858219125728,-0.000935914147406347,0.00019467381938453876,-0.001782024986502928,0.0003401544171341975,0.009229028664839767,-0.005580134931765568,0.0018575522955530666,0.0001928601428713428,0.00016560035842472232,-0.00021497868909881035,0.00033996338785646785,-1.082550142628147e-05,-0.00412937462141616,0.0032620480550265007,0.00016880892842330297,0.0002455839900643575,0.00034025826702266393,0.001683876409766416,-0.0002627719227360492,0.0016864668511962222,9.224693553711028e-05,0.0004953575789357068,0.0010976201194636825,0.0009111830064949533,-5.9028745687306206e-05,0.0005371950985428864,0.0007068775443761499,0.0006930466437058413,-0.0012403077641297555,0.0015495531433296073,0.0006294577932883794,0.0006069047299119834,0.0004876182732556078,0.00015474190333319982,6.64387902471475e-05,-0.001009136105997288,-1.0338677434051924e-05,0.0010071383678058599,-0.0019405513449156642
0.00019923782740249862,0.0005379291450908763,9.225688243352792e-06,-4.439260709987458e-05,-6.706451742510833e-05,0.00011872469517704154,6.717716539772489e-05,0.000612133587441388,0.0005772337202438749,0.003131242319578842,0.0005668709289923246,1.9312123220593946e-05,0.0016660286847338668,0.0002018229478120137,0.00017202310917419084,0.00034210489405817057,0.0005555130786190077,-1.6804155781202645e-05,0.00901467934535427,-0.0001007121517293541,6.25360017127985e-05,-3.190521753204667e-05,0.000348715943488509,-3.436073324392108e-05,-0.0009316622653958717,0.000936113189326182,-0.0008438280861433611,0.0001558589008325839,-0.0015867852360935686,0.00028573475457260855,0.01013107330096652,-0.005179258970793077,0.0006389799783237393,0.00016030884186402083,0.00015214702014199055,-0.0002476900994734521,0.00026408105075570454,-5.214591527602508e-05,-0.003566412547109765,0.0030135117883107743,0.00015542785689937055,0.00019950355637443629,0.00030272381685625405,0.0017205547171594837,-0.000276199828284418,0.0016887004609811296,6.4804194916945335e-06,0.0004380289595982134,0.0011902301763291323,0.0008610537115125716,-8.738932274754418e-05,0.0005011759670359162,0.0006275972676468289,0.0006299586733782281,-0.001123495776605088,0.001680254229777356,0.0005271879713739658,0.0006724116686227521,0.0004906219913745069,0.00016396516115091408,6.186303900679313e-05,-0.0010712676445548963,-4.307336427855635e-05,0.0009430789163362707,-0.0020359731855981167
0.00020995027812942268,0.00047925351490452073,-2.4692512446411463e-05,-4.967722564774846e-05,-8.008188461827714e-05,0.0001017964850673625,-2.0323340457095718e-05,0.0004820889663177397,0.0005535280488273564,0.0030843021557354078,0.00038799422326585287,1.1662169144388557e-05,0.0015426635675221956,-3.878469369378301e-05,0.00011993465165316408,0.0002926211758651487,0.0006967135744531117,-7.50560752484919e-05,0.008536827326203866,-0.00022006153873788126,6.718548980755301e-05,3.0422979626631985e-06,0.00025513979392366437,-6.9211836575378e-05,-0.00104357431723201,0.0007290527884018516,-0.000682606343713088,7.579961945269886e-05,-0.0014934650522478998,0.00023416530747732978,0.010898824728179157,-0.005329648633938144,-0.0005823579440097371,0.00010490618549829911,0.00011365873669100246,-0.00025833536917418964,0.0002030016711465077,-9.007937271121591e-05,-0.002937966364991329,0.002967194686394725,0.00013413316079025073,0.0001708296423879041,0.00025915885922311865,0.00175776094183,-0.00032148430535450245,0.001584476157647785,-6.837725493269442e-05,0.0003584815267456687,0.0012571431218575402,0.0008121941026639767,-0.00011510465698216787,0.0004615244579848632,0.0005821257669405,0.0006836389792950204,-0.0010210655946457647,0.001539201073109231,0.00041008920010576766,0.0007361010301474291,0.0005362689182779601,0.0001759772809055704,5.8991096769878126e-05,-0.001127470237854311,-1.815265520777043e-05,0.0007999307541426415,-0.0015736283463197998
0.0002845501132018313,0.0003746278242862111,-7.452462024237771e-05,-6.07835174746274e-05,-9.00742811742461e-05,7.77915420937525e-05,-0.0001518718674518027,0.00033000334765276307,0.00045837201586840237,0.0030385858976087476,0.00019458458234922205,2.3884388771211462e-06,0.001487902218022752,-0.00020316982712242915,6.387986016309632e-05,0.0002204604732984894,0.0007803810309370274,-0.00011395333068986435,0.007728745164336193,-0.00030852671776049334,6.841269493662594e-05,-2.837359648133475e-05,0.00014981418779602684,-0.00010427884898012163,-0.001222413576300485,0.0006708708115619189,-0.00046273094462101483,-3.331266573503022e-05,-0.0014738853203083435,0.00018614682600004429,0.011719536514217754,-0.005823884339872465,-0.001657164327846794,3.979468487380622e-05,8.784041544895871e-05,-0.00025025212254015106,0.00015919722959689686,-0.0001495656507302101,-0.0022911094376912855,0.003180205612641984,9.776548235307381e-05,9.577700702179115e-05,0.0002017980579473999,0.0017562622707498754,-0.00029955025013395087,0.0014798671840425826,-9.57604071689655e-05,0.0002482003270398714,0.0013119822922120772,0.0007741340295834842,-0.00013054740965512401,0.0004225668984336739,0.0005473494036880577,0.0006853717878445575,-0.0008660523951767862,0.0016693952022259761,0.00027278252949214377,0.0007954589561300907,0.0006163325060797309,0.00019157966640559465,5.0634708164798425e-05,-0.0011539500208479492,-3.910488230896014e-06,0.0006579969017825871,-0.0011082001204985037
0.0003058101073818431,0.00023431962735442902,-0.0001398696919033826,-7.38865747463846e-05,-0.00010837942587205163,5.488154865362915e-05,-0.00024200435979637724,0.0001444746659848839,0.0002910774093192181,0.003054905631612259,-1.1656513521973721e-05,-5.565182433886484e-06,0.0015492247878112764,-0.00023548177767929168,-1.206001644216137e-06,0.00015738330034342773,0.000980343326249855,-0.0001395295358563864,0.007297058684838209,-0.0004070574548745709,7.443932979644963e-05,-2.476212082280771e-05,4.0878053645609924e-05,-0.00013172366112190748,-0.0014475145853476423,0.0012831026137136714,-0.00011671251851874676,-0.0001723911612105944,-0.0014944477916937204,0.00012729427898716672,0.01123205068169808,-0.006652719252883688,-0.0023752046778886537,-1.3738088291082029e-05,8.858142593193286e-05,-0.00022943150595888806,0.00013723242953433967,-0.0001918363086259589,-0.0014789597248526798,0.0034321476921039817,5.8122017899675527e-05,4.49667491697614e-05,0.0001331862575102427,0.00166205668835806,-0.0003297775481533316,0.0013386670398158884,-0.00022094000901229371,0.00011700872303244125,0.0013057831485543403,0.0006865834165721285,-0.00013477235475300997,0.0003747180278874662,0.00045596930637548105,0.000585542714949483,-0.0007218883245317942,0.00178261314743966,0.00012210893011088686,0.0008165051148045777,0.0006959359018072764,0.00020622821966465033,4.5608873169955544e-05,-0.0011679477579212838,-1.7314235100651665e-05,0.0005174611064355794,-0.0006427718946772076
0.000263845010579411,0.00015138714145868093,-0.0002178334752896971,-8.622125966151195e-05,-0.00011834389165088499,2.696096782250912e-05,-0.0003447503370610505,-5.276341091409176e-05,0.0001912655519622497,0.0029706534271676244,-0.00023541181844666248,-1.7403377821634258e-05,0.0016069429474436792,-0.00030403192184103034,-7.086947958978573e-05,9.257738014878392e-05,0.0012030254388046835,-0.00017128102623142905,0.006617588238699623,-0.0005039458311738576,7.455542895518086e-05,-3.474844308437586e-05,-7.319083244350377e-05,-0.0001557212975832334,-0.0016845004049678147,0.0014512939543700476,0.0002405887437426646,-0.00030938488020415544,-0.0015379438192951733,6.669864743780174e-05,0.010814620765692284,-0.007591409790082104,-0.0025907451664967107,-9.256614425201537e-05,8.583155654040553e-05,-0.00022386105205451923,0.00012521893105987836,-0.0002544073121998336,-0.0006782362645333384,0.003691780811536427,1.6975310561662127e-05,-5.951856849306658e-05,6.88852011332397e-05,0.0015040173717024707,-0.00036925288710643045,0.0011335095217515079,-0.0003791949329577937,-3.323290077472674e-05,0.0012143786108629318,0.000596299325919869,-0.0001588038129058944,0.00034797006067810443,0.00045031144553120406,0.0005181437449446324,-0.0006319630236356621,0.0017489241555981305,-4.6019313669876105e-05,0.0008156626849837867,0.0007605968494321935,0.00021039472138073556,3.238285386975015e-05,-0.00125191628132304,1.635623926898866e-05,0.00034086585235026945,-0.0003544181531723867
0.00033110371175704145,-1.968856945400166e-05,-0.0003016793322837552,-0.00010327058431125469,-0.0001264928109135921,-6.351762736778177e-06,-0.0004537967790897435,-0.0002543053746179025,6.0742678654968074e-05,0.002883443025508692,-0.0004587054305980054,-2.5343854278547795e-05,0.0016169382411497235,-0.00010653665959148295,-0.00015457919259664887,2.27935239274224e-05,0.001503103413954765,-0.0002125348695160012,0.0063834524340184995,-0.0006049805058674362,7.770675059726173e-05,-7.012984136534062e-05,-0.0001910898714151399,-0.0001828802000083396,-0.0018761209456847894,0.001007299904539849,0.0006472673227053694,-0.00043707061390896307,-0.0016127725477217414,-3.959814174558929e-06,0.009718721363717098,-0.008536083008092055,-0.0024502152263794486,-0.00015841205296218686,9.130750290431422e-05,-0.0001966657771954594,0.0001222411003858337,-0.0003157544837458781,0.00011652629662117775,0.0039359240983607435,-2.878495909552914e-05,-0.0001616932737009691,5.538127116233582e-06,0.0012952676726070145,-0.0003872032937618508,0.0009054783946487177,-0.0005054080894041357,-0.0001902337535510945,0.0010317283013387968,0.0004809617920054077,-0.0001788941684185419,0.000332573854480378,0.0002006125396520897,0.0005102542086972139,-0.0005265906396780817,0.0014955845787187894,-0.00023809920885398128,0.0007741873404853994,0.0008098276701804519,0.00020851321139958578,2.8571835927415634e-05,-0.001356680487528017,-1.7036825239569175e-05,0.00016422893547729522,-0.0001086934541881801
0.0003231903792464408,-0.00019549101964699833,-0.0003758876369537312,-0.00011721063834790879,-0.00013608594451897105,-3.7362828213094446e-05,-0.0005618024098188457,-0.0004606979878685191,-0.00010203338099890047,0.0028721947247443147,-0.0006835856223945669,-3.069985544379428e-05,0.0018186039170471346,-0.0004148116754282283,-0.0002368005927444461,-4.064040518658718e-05,0.001604796648667195,-0.0002551222004406606,0.006081127844951295,-0.0007164449196487288,8.020626833715738e-05,5.711103497851866e-05,-0.00031361368622417896,-0.00021006342371243658,-0.0019900062864637302,0.000992500838256527,0.0012197919400087631,-0.0005165731664908968,-0.001629869712846177,-8.288951805579536e-05,0.009117287529063045,-0.009021521771584218,-0.0018429811675525487,-0.00021851195767541576,7.17325813250902e-05,-0.00017122888827958427,0.000107751569223824,-0.00037349464397340437,0.0009289678598505269,0.003990599568133524,-8.497887880465349e-05,-0.00026706164985068614,-6.60137886158152e-05,0.0011049110390035644,-0.0003657831339526352,0.0006485320605027489,-0.0005986360857745954,-0.00035370603868800643,0.0007319453186809266,0.00037372092845244786,-0.00021967589090787776,0.0002970405438258439,0.00016928610056932136,0.0006023015857496983,-0.00046670487466948796,0.001658526666244775,-0.0004277679083593,0.0007284593784508964,0.0008007280692763352,0.00019598371077478305,1.5908789797958178e-05,-0.0014881659486781773,-3.8200920220443635e-05,-8.108525754324525e-05,0.0001370149305814916
0.0003272202807860225,-0.00036880852955467613,-0.0004413960617515311,-0.0001280765964978281,-0.00014608609792088334,-6.488527316750314e-05,-0.0006613876918744044,-0.0006630880970655006,-0.00019107513672733667,0.00280655112127004,-0.0009084351644228494,-3.2032804650028446e-05,0.0017400264836402446,-0.0004913839353084537,-0.00032315558443429815,-0.00010620382654213945,0.0016800955788898175,-0.0002713468234051275,0.00588896582606524,-0.0007923808629595186,7.518272514484003e-05,0.00013460451478897184,-0.0004392095805872964,-0.00022148819049383484,-0.001978928262684976,0.000982715810578183,0.0018462996767931728,-0.0005399179714469238,-0.0015556134852713344,-0.00016149577439539264,0.00864464438425916,-0.008887267943836208,-0.0008784756096459345,-0.0002836524627287673,2.2505599077460303e-05,-0.00016562682313558952,7.564312691732411e-05,-0.00044911196756869387,0.0018589864144322732,0.004167718400567733,-0.00014467983011456909,-0.00039635372344448694,-0.00013810945506953498,0.0008352104994231446,-0.0003934837696460969,0.0003904783458359429,-0.0007306442044318073,-0.0005210740515606549,0.00037028891514268025,0.00024113561550098694,-0.0002571866918172905,0.00025770341198572133,2.5007914549179944e-05,0.0007872184818507044,-0.00037695185997443925,0.00158603696106141,-0.0006190578027029936,0.0007074687653696454,0.0007248566236528475,0.00016849923075445972,1.0100970750492877e-05,-0.001587624776528962,-4.956981088655166e-05,-0.00035859797030657337,0.00022069053681517126
0.00025189252620516633,-0.0005205835981436646,-0.0004905116175851765,-0.0001416318444185105,-0.00014861194771298436,-9.043163963640133e-05,-0.0007139946509481243,-0.0008577395640604335,-0.00034047387772284665,0.0027539448857936133,-0.00112477706018832,-3.3706325096360956e-05,0.0018117553310303958,-0.0005745309709727087,-0.00041291878694760253,-0.00016486734150467086,0.0016402049106396532,-0.0002887394086736883,0.005713447287937656,-0.0008588556476881726,7.789042395955903e-05,0.0002299970905408344,-0.0005716051515125553,-0.00023897580567600052,-0.0019223501792424713,0.000847513633800423,0.002423880940817247,-0.0005465230109555907,-0.0014161183062514349,-0.00023593967037027763,0.00862139100590431,-0.008188409642226335,0.00043429829909458206,-0.00035350192703464955,-2.7926131737188165e-05,-0.0001783626116614867,2.670398364634785e-05,-0.000486622648987467,0.002774442089315654,0.0044128125460318746,-0.00019842071787112836,-0.00047484278787024436,-0.00021433008809135234,0.000554088188925661,-0.00042929946766967486,0.00015195514806265464,-0.000782508939647597,-0.0006788965951661785,-3.343090114549252e-05,0.00011347304875686248,-0.00027802301795387674,0.0002237678661509701,-1.0866631006134497e-07,0.0008609017718870238,-0.0002647125077989143,0.0011927176263095696,-0.0008188496524451638,0.0006826943976954158,0.0006113174441810809,0.00014074159312338352,7.932775056840313e-06,-0.0016703712420016448,-1.6237245422545676e-05,-0.0006205449129677021,-0.0007148644086071299
0.00021356361668978252,-0.0006413145312442747,-0.0005277226103644894,-0.0001516248224632255,-0.00015126250489994053,-0.00010877746906856611,-0.0007744867611044759,-0.0010424830176648525,-0.0005790490282361338,0.0027163870849047367,-0.0013475146515151692,-3.680272336403778e-05,0.0018506904284567582,-0.0006895107600161099,-0.0005121168307407054,-0.00022444462252646513,0.0016204376104476115,-0.0003104252366618043,0.005671603276125703,-0.0009479660545024249,7.859716057945221e-05,0.0002345249944697425,-0.0006979516646649087,-0.0002675278517312307,-0.0018602963070242229,0.0005908875266604774,0.0031003973109293703,-0.0005446585187789399,-0.001226073512954784,-0.0003084140407794145,0.008463188604454608,-0.007072176892273463,0.0015678325860160047,-0.0004385329011886707,-0.00010706844071683985,-0.00018099695038031882,-4.298503004107612e-05,-0.000551686042394306,0.0035448610385027113,0.004722690449398437,-0.0002405354319336972,-0.0005254448425735525,-0.0002810891910969282,0.00030021577686367706,-0.0003757306271607863,-0.00011562514777541111,-0.0008744217284806233,-0.0008196214243312294,-0.0004199336109552698,9.343036505127245e-06,-0.00026646534757701623,0.00018140899860519255,6.077413726712777e-06,0.0009129715003508565,-0.00011706360133489913,0.0010441065981066089,-0.0010276667839250742,0.0006330796450433329,0.00048395910304410705,0.00011573439273115937,4.61497527415311e-06,-0.0018130513101324297,-2.30040223879735e-05,-0.0008326101172545508,-0.0016442362667288268
0.00018567595715657248,-0.0007901999264604553,-0.0005601621506187149,-0.00016084686753836674,-0.00015543876930157463,-0.0001236527352124206,-0.0008375778182548865,-0.0012091991662387391,-0.0007642417923182654,0.002668325876841182,-0.00156730203682931,-4.068300954607196e-05,0.00235450068884413,-0.0009546065716776742,-0.0005917359546394607,-0.00028198114905775284,0.0015262380319076563,-0.00035055570228381683,0.006251298581575027,-0.0009993371712297971,7.41939678787773e-05,0.00036373422965652047,-0.0008171521664342984,-0.0003037018671520064,-0.0017657159380090048,0.00030463581882500534,0.0035400737312634156,-0.0005293663451414465,-0.0009978993159174276,-0.0003874325648860477,0.007402887285177906,-0.00563277627293346,0.002464580777934655,-0.0005215953309116728,-0.00018835710309328402,-0.000187090270344914,-0.00012866720254134378,-0.0005809816045357907,0.004138884164921919,0.005026998827545759,-0.00027655725408426424,-0.0005378488100405976,-0.0003375961597730237,9.97144031964492e-05,-0.0004310453593988628,-0.0003119860496497706,-0.000984333087927558,-0.0009332051726519408,-0.000803192610942971,-6.242062650130276e-05,-0.0002789712376635167,0.00014046674450640673,-0.00014198274562216007,0.0011517645029890389,6.487551431866301e-05,0.0007481075414546012,-0.0012248843548970934,0.0006095313079972353,0.00033293486546925877,8.597055540260357e-05,1.3017325783959421e-06,-0.002003816449004603,-2.6971227463090663e-05,-0.0009572280111487252,-0.0025829072271227327
9.802203921305264e-05,-0.0009302239951753943,-0.0005870756401611388,-0.0001711281974775547,-0.00015878147935788345,-0.00013937084087967122,-0.0009049993722507477,-0.0013683513334906694,-0.0009648947716451861,0.0025035101791677228,-0.0017756088636660117,-4.640226326957375e-05,0.0026815634555821255,-0.001194728169799819,-0.0006814418283387358,-0.0003411887052868767,0.0014944205683591338,-0.000378350250828996,0.006706353905289619,-0.0010453014504716585,6.858709682067143e-05,0.0003713366106492533,-0.0009304820201203601,-0.0003319493007353236,-0.0016377655625844367,0.00017740340526173348,0.004026842967151278,-0.000498860951252289,-0.00074253777038924,-0.00045662399625368,0.006787161678499132,-0.004015063200204505,0.0030061063153510315,-0.0005641251627980237,-0.00026752245014682874,-0.00017824917905107096,-0.0002095460121025461,-0.0006287278002720109,0.004629552400053694,0.005268867455080262,-0.00030005859007908864,-0.0005605647429132166,-0.0003965248177677516,5.660576319677091e-06,-0.00043273696640122594,-0.0004641073276738794,-0.00107055461360539,-0.0010259772948292278,-0.0011577840656034066,-0.0001306958366643629,-0.0003069950578660219,0.00010890908187954906,-0.0002709090213968146,0.001496782740647573,0.00011802579268382907,0.00025317139810532296,-0.0014034634900882414,0.0005980739087072529,0.00018358843750276854,5.6515341188667634e-05,-6.419777138777505e-07,-0.0021484254220178745,-4.898934008712441e-05,-0.001041863938187726,-0.0031686038423286433
-4.43705220798396e-05,-0.0010243623153249892,-0.0006142791150962612,-0.0001807579998407416,-0.00016061687788171408,-0.00014991903062022693,-0.000961736652214995,-0.0015074332641633603,-0.0011385321898963463,0.002402714575276299,-0.001955319326713001,-4.949737282555766e-05,0.0028037707377495114,-0.0015196372697697802,-0.0007556337934219171,-0.0003954647370442155,0.0014726703909235805,-0.0003948475136894558,0.007295883078625609,-0.001053514914047926,6.516856358262935e-05,0.0004039031879257138,-0.001036607930491762,-0.0003688488368344123,-0.0015130591599249454,0.00010465951154681186,0.004661069939209561,-0.0004650499033834743,-0.0004906342540750286,-0.0005256149329582183,0.006959745988300181,-0.002205453395384138,0.003261285988191309,-0.0006219275473781094,-0.00034497133834521243,-0.00017783826731587737,-0.0002919731888821886,-0.0006650116628387215,0.004952730013117357,0.005370499455746636,-0.0003086805255463343,-0.0005370844523836515,-0.0004474815088817419,-2.6955197694022992e-05,-0.0004102021997595129,-0.0006215258309605343,-0.0011091281649544538,-0.0010986944198516646,-0.0014548849833300181,-0.0001591379454904951,-0.00032595126779078054,0.00010249053439159717,-0.0002904990762592208,0.0018391289526886734,0.0001805661400662295,-7.320061706772574e-05,-0.0015616607754090905,0.0005941075821236375,4.4326877467026904e-05,3.7063864999131724e-05,-4.55953823919053e-06,-0.002182061849194339,-0.0001049321103513412,-0.0011301443638145336,-0.0029345601209354033
-0.00022771693219325595,-0.0011366919237078,-0.0006493015928858981,-0.00018959224692682852,-0.00016332433904475696,-0.00016063147206391015,-0.0009894343274284845,-0.0016333698871902058,-0.001288617423956362,0.0022275001774352265,-0.0021166156798585467,-5.838282610515222e-05,0.003049135022429761,-0.0016783633818163723,-0.0008221550420158819,-0.00043468976798610726,0.001466561298540947,-0.00040959299346920996,0.007976133737836788,-0.0011072194034347227,5.7307536701856066e-05,0.00036873751156663026,-0.0011308359821453617,-0.0004029138471877136,-0.0014394344503727563,7.555775885670357e-05,0.00530923198320532,-0.00045278492239131385,-0.0002682888529589311,-0.0005700286135725818,0.006229221838034427,-0.0005455626011925396,0.003112680655328326,-0.000671065477994448,-0.0004276348844480804,-0.00017101171786049196,-0.00036162789461535727,-0.0006983714501412885,0.0052264040327199,0.005484615793152958,-0.00032198254221038614,-0.0005457618251202279,-0.0004884836732256259,8.558751510179263e-06,-0.0004607244113437048,-0.0007580244515213996,-0.0011023765912814287,-0.001168446369510301,-0.001654827167426487,-0.00020376098809371523,-0.0003170647544415983,8.809593613268163e-05,-0.00034092978186417433,0.002215529440556585,0.0001831522289597043,-0.0006898757133052547,-0.0016970653158608906,0.0006495634827266006,-7.107721987686944e-05,1.96357757504817e-05,-7.960087497149715e-06,-0.0022873414529732683,-9.015660461164643e-05,-0.0011247098173547965,-0.002703616100299233
-0.0004206975974292426,-0.0012622279409658654,-0.000668996319296733,-0.00020071212347583245,-0.00016804874878484366,-0.00017764910847484217,-0.0010250026401514845,-0.0017377514142447037,-0.0014498471514622358,0.0020882881752017912,-0.0022610131548158607,-6.0704216850338e-05,0.003123769491074846,-0.0019100128006229733,-0.0008798983895548229,-0.00046560620449964674,0.0015242200902791936,-0.00044048331317037004,0.008545955180279119,-0.0011567441998027173,4.7041637103006906e-05,0.0004858000197138779,-0.00121020655061721,-0.00042388521617597874,-0.0014361249752148364,0.0001348609563116554,0.00585275928767226,-0.00047707049561906967,-8.37663845082437e-05,-0.0006068389181700384,0.004853497809703455,0.0008426688678844219,0.002639226540068762,-0.0007147821618712635,-0.0005034325747435009,-0.00014404085014274592,-0.0004128032889366695,-0.0007236677313997575,0.005327950110249002,0.005502413099955472,-0.00033323711758048713,-0.0005694479025700749,-0.0005257658579930213,0.0001194250166249855,-0.0004909694878583171,-0.0008758283578867987,-0.0011006715936433542,-0.0012267700778842983,-0.0018053318812216723,-0.00022768160140895777,-0.0003192239068321445,7.66762720958436e-05,-0.0003268141787704515,0.002549205453404646,0.00024825768883118826,-0.000704403865556591,-0.0017956114310492266,0.0007271079674797676,-0.00014918059069002343,-5.1163808914012066e-06,-1.566476757930424e-05,-0.0023495311095794724,-8.813210905178614e-05,-0.0010654812586011753,-0.0024711222292846946
-0.0006889670763655653,-0.0013817913246872982,-0.0006905011659851246,-0.0002087127699771374,-0.00017447892880828597,-0.00018361443628756025,-0.0010756951898772682,-0.0018111412792291004,-0.0014344713624853123,0.0019400695761622178,-0.00237522504809351,-5.686844978436412e-05,0.0032473898291562886,-0.0023049544528889188,-0.0009343202532808847,-0.0004935037285889177,0.001535218637133351,-0.0004465703575893265,0.009237738220364555,-0.0011571844678025522,4.000124679359729e-05,0.0004326691471105981,-0.0012681591416118243,-0.00043838639382687283,-0.0014963686688405087,7.4802602366697e-05,0.006307466079921831,-0.0005302028600491226,2.660857466452171e-05,-0.0006310888417001559,0.004255820740291405,0.0017455207472831802,0.0019588809557467,-0.0007516026335608883,-0.000569231475790466,-0.00010821831967267048,-0.00043612820924221474,-0.0007609197589575345,0.005290961680207706,0.00538373559067673,-0.00034332493926514385,-0.000555593164970225,-0.0005535410452124356,0.00022494022656927015,-0.0005002816025675427,-0.0010496803365833696,-0.0011570122658038917,-0.0012650905114653943,-0.001882948205142232,-0.00021693609914874568,-0.0003074395252280482,5.898199045928365e-05,-0.00045013461508791597,0.002836850877377728,5.3263197661967965e-05,-0.0010647985958565087,-0.0018650028569466848,0.000760963811976545,-0.0001505531680013883,-2.49534641014737e-05,-1.8377963775018102e-05,-0.00231109742430724,-7.911957779560552e-05,-0.0009604484813905412,-0.0019181356141757533
-0.001006402965432751,-0.0014964027532150537,-0.0007056488648853332,-0.0002159486424567758,-0.0001752207040298659,-0.00018740163342734206,-0.0011100154313394839,-0.0018600001405228994,-0.0014706257540942902,0.0018176369422140404,-0.0024675331405138445,-5.5918130667631516e-05,0.0037213742867163724,-0.0026431041701219238,-0.0009786130636212365,-0.0005146995810991761,0.0015361967827927092,-0.0004494867435107519,0.009920980929272849,-0.0011548676446915263,3.258499771985335e-05,0.00040876915906618017,-0.0013059206208807517,-0.00044606066163821456,-0.00159229068260347,0.00021504220117818384,0.006847970576677742,-0.0005886023700459875,7.046105830799121e-05,-0.0006435720179518434,0.003576406527200815,0.002228877205063373,0.0011435771508028214,-0.0007681108336832221,-0.0006306450896045313,-8.161411826856924e-05,-0.0004385734042529066,-0.0007806344062994963,0.005275687052525235,0.005229048627512833,-0.00034481666523999976,-0.0005105071254688509,-0.000575271871576466,0.00030134690865391,-0.0004533525059308152,-0.0012229650732484831,-0.0011493302639242753,-0.0012762672683314102,-0.001909653863607641,-0.0001854598595122381,-0.0003003639358237775,6.061253164557634e-05,-0.0006668149204863694,0.002719374353378212,-9.320483291752613e-05,-0.0016067503841370456,-0.001899535952141873,0.0007841890319724154,-0.0001198770420252071,-3.9838663287383724e-05,-1.9909716434063363e-05,-0.002246569782949792,-9.95682388387209e-05,-0.0008004734008261183,-0.0009831842946907976
-0.0012822984839818696,-0.0016397384074866572,-0.0007158973303730276,-0.0002197023517923613,-0.0001787180451241488,-0.00019068361579821502,-0.0011318380468910982,-0.0018789888666107535,-0.0015494578876277254,0.001726901592636887,-0.002505254283512226,-5.6091099150390455e-05,0.004296094630853897,-0.0030637735464201787,-0.001002260325968285,-0.0005094918912563751,0.0015327785668859395,-0.0004334586744975111,0.010818977277104347,-0.001157238890355683,2.2619566794057633e-05,0.0002672236562122343,-0.0013216685686411322,-0.00044619025326220196,-0.0017326241798186759,0.00011096358531026418,0.007340179799078417,-0.0006628936438104471,5.422614380679036e-05,-0.0006554394981879152,0.004060772187092443,0.0022785640189719736,0.00028598880141017524,-0.0007681378653072723,-0.0006935053925409829,-6.684216368535445e-05,-0.00041056115711646246,-0.0008034155008546096,0.005255835188223257,0.005055730484665011,-0.000352806203709255,-0.00048592394338842215,-0.0005722676504056334,0.0003282316411126196,-0.000375267832563253,-0.0013321832252461974,-0.0011634816775109025,-0.0012727385637996136,-0.0018997394902624531,-0.00017055924639308717,-0.0002997552161771999,5.808037215193629e-05,-0.000773238921274122,0.0022051799682394346,-0.00011683543693663534,-0.0024670646531242957,-0.0019063139231054738,0.0008119230761787222,-5.06720001769434e-05,-4.2928406606690395e-05,-2.1609795544774713e-05,-0.002136642730429683,-7.212187647986923e-06,-0.0006432473616596601,-4.823297520573089e-05
-0.0015369919827312728,-0.0017154461173153335,-0.000716585237221401,-0.00021707913929447376,-0.0001791803592747776,-0.0001911745837303025,-0.0011501832987401706,-0.0018698359833275724,-0.001497216077598229,0.0016255992683515963,-0.002491557686220003,-5.105324564913527e-05,0.004369203304023239,-0.003566845898629545,-0.0010028057766739984,-0.0004955923910141546,0.0015975686326012983,-0.00042138722656126504,0.011475259240018687,-0.0011407566767985822,1.6219826134644677e-05,0.0001894250266099018,-0.0013103275278933957,-0.00043014207680225347,-0.0019166563034966888,0.0002855202307676663,0.00777841731876161,-0.0007691489538402818,-2.6271941618749572e-05,-0.0006470584843477623,0.00379106348613667,0.0018906698549103762,-0.0004834305783040227,-0.0007589614265107736,-0.0007429877508218219,-3.520620584041012e-05,-0.0003542174804235243,-0.0007877392183928134,0.005166841245489495,0.004916972325196944,-0.0003538736886135041,-0.0004487670028929802,-0.0005584213244311798,0.00019102828152073315,-0.00036453569269057073,-0.0013724269836706826,-0.0010973944235111999,-0.001251426774758757,-0.0018437794655175033,-0.00012692658176272076,-0.0003076831944551772,6.55535624471959e-05,-0.0009755919977232352,0.0011895397601457969,-0.0005408631029758526,-0.0027886562365265766,-0.0018897082271399634,0.0008119410076687927,5.2386237942680935e-05,-3.370516373468746e-05,-2.2108668703446632e-05,-0.001991986677347457,-5.592872440063346e-06,-0.0005156943606862141,0.0008836186435221549
-0.0018744627095815813,-0.0017280709976610353,-0.0006961388283817094,-0.00021096791467656306,-0.00018261650406647956,-0.00018508142216622225,-0.0011498873255259001,-0.0018075953045254556,-0.0013732315580241572,0.0015087054171754044,-0.002429363582463928,-4.883279614276148e-05,0.0043635642845665235,-0.003889576640188852,-0.0009774555853089284,-0.0004700882684659513,0.0015519817413989223,-0.00039967337490565136,0.011939066303025436,-0.0010975556947482312,1.7029379648647591e-06,0.0001670501570487648,-0.001274909804144797,-0.0003989168451294933,-0.0021155110435611135,0.00010216417409214529,0.008290750377172085,-0.0008872923624068108,-0.00015274424727895752,-0.0006402467401456224,0.003854524124783154,0.0011873965119757468,-0.0011388943972538978,-0.0007279700684695856,-0.0007930863062307614,-1.897533836725529e-07,-0.0002961932542610013,-0.0007533284008766072,0.005029739055264049,0.004681856231371961,-0.00035630841914890965,-0.00039665374325004166,-0.0005327018923031446,8.834066201202084e-05,-0.00040234248329029665,-0.0013803823391630443,-0.0010441233324846033,-0.0012067018612917924,-0.0017694105743116806,-5.293050440990932e-05,-0.00029965498714357164,7.648439112495353e-05,-0.0010093146438725498,0.00034444476475781194,-0.0006619304890139732,-0.0025804594952618665,-0.001833294506941141,0.000814714014584661,0.00013779997574370206,-3.823268723990303e-05,-2.6609972487268152e-05,-0.0017146139044772468,3.393503444715229e-05,-0.0004277969095183298,0.0009547975614392357
-0.0020303583781166035,-0.0017415797527901011,-0.0006715259426370856,-0.0002028918109744371,-0.00017598050702005708,-0.00017726341539803236,-0.0011194139487360477,-0.0017003355016375066,-0.0012634784511648123,0.0014807149658921936,-0.002312819322534798,-4.411833887563166e-05,0.004312427086920145,-0.0044009914100737735,-0.0009480660303795574,-0.0004318440319373007,0.00165732901370097,-0.0003595593858499724,0.012707701376885261,-0.0010459938717551909,-4.630699903307445e-06,6.964885547677824e-05,-0.0012053555389656134,-0.000361692454481477,-0.0022931280217114436,-4.159722563634727e-05,0.008916134812508414,-0.0010028739137769582,-0.0003165737943168212,-0.0006046290765100437,0.0038709540524777264,0.00019646133505335506,-0.0014837397269261698,-0.0006697380321780688,-0.0008193265708216213,3.238185589693465e-05,-0.00020863717340979804,-0.0007182055704469947,0.0048426047142098305,0.004519447609311555,-0.0003444146203949172,-0.00028040683993901805,-0.0004836807682117028,-5.2584105459940744e-05,-0.0004417126344616884,-0.0013617616469598914,-0.0009517165295580554,-0.0011288156360816926,-0.0016863867643414077,2.3286415915091396e-05,-0.0002710552977512881,0.00010560679274274065,-0.0012247799896455414,-0.00040115886442382287,-0.0007926171241671165,-0.002241820276753459,-0.0017255442483838923,0.0008290855437211864,0.00022141192083058314,-3.965190520338613e-05,-2.828585241454462e-05,-0.0014018016526110566,7.770915643190435e-05,-0.0003268410667432997,0.00048532341041895855
-0.0023323971454359826,-0.0017248859286905782,-0.0006479773439292957,-0.0002008621618777573,-0.00017888826650225287,-0.00016717547437317126,-0.0010598969164503647,-0.0015757386307773125,-0.001107755053356363,0.0014780030672385536,-0.0021468624745758502,-3.680541794159886e-05,0.004525241162863125,-0.004814364368437296,-0.0008990955056019656,-0.00038113862579181035,0.0016797307175329124,-0.0003254568954834669,0.013549493596708873,-0.0010126789943141201,-8.391170320032337e-06,4.974027050907992e-05,-0.001120321190194229,-0.00030999105352869094,-0.0024180373878799344,-0.00011086870976095842,0.009481610152517694,-0.001085452013307342,-0.00047471791917896855,-0.0005514586651672593,0.0044339969109914446,-0.000824411532796776,-0.0016046572482690813,-0.0006191473826376859,-0.0008670309810153709,4.621080199673777e-05,-0.00011678075363152907,-0.0006960078000859404,0.004541060099682248,0.0043844647609072585,-0.00032881669034556804,-0.00016381326615977354,-0.0004307699762058359,-0.00024038464552722516,-0.0004141464350418955,-0.0012349354141129032,-0.0008765342209358096,-0.001022154536587716,-0.001618319954775349,8.713786690117686e-05,-0.00023446827708184514,0.00013770535482282575,-0.001354645028204371,-0.0008916657867064082,-0.0009568121153583631,-0.0017926858856002204,-0.0015793712268770133,0.0008392015309477419,0.0002980044911271573,-5.358301807556476e-05,-2.2770514112258056e-05,-0.0010936738819794511,0.00012822112316457357,-0.0002467691704406416,1.7415423991806733e-05
-0.0025478733199074677,-0.0016814535717456502,-0.0006234848524860892,-0.00019701618963885448,-0.00018558918497713073,-0.00015393355333115366,-0.0009896734942124175,-0.0014764730507286217,-0.0009602534530638307,0.00144406564246502,-0.001999308131126365,-2.981708822868967e-05,0.004684464385910081,-0.005144616020218984,-0.0008665571987411802,-0.00034317511503167974,0.0015667515997719317,-0.00028920770778961824,0.014253901383220358,-0.0009867268927429285,-1.5559241224871734e-05,-8.537188431922971e-05,-0.0010516769986484986,-0.0002614943274046322,-0.002472322085409817,-0.00011946116283401143,0.009940938538485655,-0.0011338986631838077,-0.0006232150845754125,-0.0005190408884094833,0.004586342706515811,-0.001805264932202344,-0.0014907513004630557,-0.0005903188273431725,-0.0009423628332957401,4.8770573256584626e-05,-3.795023906694173e-05,-0.0006737070225858455,0.004111238534739048,0.004285169406011313,-0.0003158826005541515,-5.63334271262983e-05,-0.0003889672406307554,-0.0003480307672089067,-0.00046498150067875166,-0.0011259738219655535,-0.0008585537686263134,-0.0009421047651084757,-0.0015744192634827847,0.0001551237420664986,-0.0002266157256289869,0.00013729456451372357,-0.0015067151408453272,-0.0017042407950990102,-0.0010998348929621704,-0.0016583174055384564,-0.0014802376402889283,0.0008307028625833546,0.0003319867144042643,-6.269047870710587e-05,-2.651270951747886e-05,-0.0007687343784458234,0.0001872713105803836,-0.00010948316619496801,-0.0004489427120566436
-0.0027398063966018738,-0.0016286070696406307,-0.0005944786968739013,-0.00019274166524518854,-0.0001825575765647125,-0.00014226979407871987,-0.0009514472971031696,-0.0013824951151362175,-0.0007417267137220795,0.0014418741004678104,-0.0018699772375642132,-2.0803513618772307e-05,0.004672220709262431,-0.005550709155254019,-0.0008330638464800755,-0.0003041360865854159,0.0014105360551166513,-0.00023815375168945163,0.014888203571109981,-0.0009976517088435832,-2.165034924772602e-05,-0.0001302738665082126,-0.0009894528874797581,-0.00022098350471744244,-0.0024687087519277284,-7.036423023576432e-05,0.010110149954998482,-0.0011454648251342237,-0.0007381345202792655,-0.0004904999628593254,0.004602514962719351,-0.0025607920314095756,-0.0012003960264070912,-0.000553520392303275,-0.0010138272860956699,5.268625870180621e-05,2.7956255142402853e-05,-0.0006228246360175937,0.003624582105500318,0.004279361791817982,-0.00030517488993375697,8.991067517616358e-06,-0.00035675880193508647,-0.0004102618826455906,-0.0005004919979065825,-0.0010016216729119565,-0.0008229340098808713,-0.0008778324448769359,-0.0015628236163089948,0.00019294474093345393,-0.00020242867556041766,0.0001512256697018266,-0.0014855498339981787,-0.002406074200032471,-0.0013722774486571998,-0.0016381580052656775,-0.0014063983271032088,0.0008154710596921522,0.0003202463522966603,-7.024185113402304e-05,-3.067433738057623e-05,-0.0005399338402035658,0.00021883078367590514,7.582709291575895e-06,0.0012835289838619701
-0.0029834741271967946,-0.0015957704548787977,-0.0005714006661750037,-0.00019270064154119915,-0.000186282288289763,-0.00013006187308195472,-0.0009093425012801637,-0.0012903345276147338,-0.0006131588385197562,0.0014595084264517055,-0.0017503215215467494,-1.1608558756037723e-05,0.00461234085961304,-0.006148528452357804,-0.0007935611951885857,-0.0002591418430064607,0.0013229317585650158,-0.00020851779497343959,0.015526924388491459,-0.0009709599015647052,-2.7287566202294222e-05,-8.629849973462722e-05,-0.0009313427009717268,-0.00018662964069571242,-0.0024304910793037093,0.00010410470269750505,0.010206060986723386,-0.0011222835006979848,-0.000797689998048301,-0.00046127594812994666,0.006506990269475654,-0.0029415193205314383,-0.0008064468886763709,-0.0005343240986624975,-0.001096637134163303,5.7337391065725996e-05,7.226970537521638e-05,-0.0005766584702295852,0.0029914374418222867,0.004243585585773424,-0.00029336715390426704,8.78798575341122e-05,-0.0003278234613380837,-0.0004490061515076693,-0.0005642108561721981,-0.0008723278143389912,-0.0007175626456847883,-0.0008154792988831483,-0.0015679132448870314,0.000224972861694539,-0.00015351602290170074,0.00016142392232820768,-0.0014904573873927296,-0.0030226522751383156,-0.0016015904119607294,-0.0011804368502558171,-0.0013411195446393354,0.0007763729860255086,0.00027102714780014026,-7.651595728574989e-05,-3.532871716716013e-05,-0.00030926333328751276,0.0001929855690281368,0.00012426708572887968,0.003620328127959649
-0.003209929455863403,-0.0015224332848419175,-0.0005385268900242046,-0.0001884984477055207,-0.00019365969264428795,-0.00011619174238541863,-0.0008645757895224815,-0.001183450273842701,-0.0005692774756811403,0.0014626615811927923,-0.0016258664785092636,-3.108031815912682e-06,0.004358489092119333,-0.00649611784053028,-0.0007700869442609504,-0.00019906766858535097,0.0012540005205599059,-0.0001813889773452093,0.015791377615089974,-0.0009705387746639094,-3.187745419741539e-05,-0.00011069470461100295,-0.0008747521387580948,-0.00016249092542386379,-0.0023440371938799887,0.000618940399368384,0.010227360512940153,-0.0010762974273205161,-0.0007976447451505386,-0.0004419638027766126,0.008778402464794333,-0.0028859519024349023,-0.0004237416442345321,-0.0005069308848196785,-0.0011706324723235184,5.45331011094774e-05,9.763228126358214e-05,-0.000543292198710299,0.0022691077447598573,0.0043494765367873,-0.00028188398532791314,0.00015008460907361965,-0.00029415972731638984,-0.00036885881891624006,-0.0006125308283592146,-0.0007451832547223924,-0.0005825188918651136,-0.0007548000547924483,-0.0015920632306261062,0.0002248799108959254,-8.796045367220895e-05,0.0001754856986870834,-0.0015486823710160191,-0.003444780942146952,-0.00176538617433597,-0.0011278283422545554,-0.0012793204026702032,0.0007049252605162426,0.00019799855049495996,-8.222729329787626e-05,-4.21507361715312e-05,-3.770700153415962e-05,0.00017458954376436964,0.00020833500307237962,0.005972756289559955
-0.0033722186116172947,-0.001425024073401393,-0.0004960571773693356,-0.0001843069006257636,-0.00019450448368585338,-0.00010327212020955212,-0.0008278006233174429,-0.0010869270752374982,-0.00036199956008464707,0.0014710755901696793,-0.00149794215847332,3.7866203044245594e-06,0.003975779028454918,-0.006914399286393369,-0.0007405433632765579,-0.00015373396035733844,0.001154783817576055,-0.0001442120712080719,0.016167264083550847,-0.0009702695717075382,-3.279806768097249e-05,-7.376681806947616e-05,-0.0008203926703828079,-0.00013868712801523575,-0.0022114204185711417,0.0008723014497205028,0.010162053720414121,-0.0010082784320942784,-0.0007300929252571642,-0.0004094665417286869,0.010488466964260867,-0.002372535601554926,-0.0001805793900772068,-0.0004756711623571386,-0.001229800077778842,4.24799022096245e-05,0.000101633989294303,-0.0005058776572877122,0.0016518822966564706,0.004362675140450412,-0.0002559432003551576,0.00019076755372449128,-0.00026480634034908856,-0.0002951922902750814,-0.0006476418532829209,-0.0006277913086236708,-0.00047539635142079817,-0.0006758657877705687,-0.001623183231480918,0.00022085702261120943,-4.327113646174219e-05,0.0001660281204038938,-0.0015316553404047806,-0.0038676550007985533,-0.0018853997499793662,-0.0006925476822614574,-0.0012091135469973757,0.0006824321321379223,9.817872463102617e-05,-9.579977564977415e-05,-4.969388783249151e-05,0.00020549911923462005,0.0002288708127382577,0.00027802389572784136,0.008332998959911686
-0.0035757766600609253,-0.0013187474481480832,-0.00044512766659454694,-0.00018206713307711286,-0.0001928565371631663,-9.185853204807248e-05,-0.0008197980006069416,-0.0009984374909026705,-0.00013411703626486915,0.0014986419332208012,-0.0013724539327870655,2.6052704049650544e-06,0.003822270949263018,-0.007234101884282196,-0.0007097064945585929,-9.99445611031824e-05,0.0011342557983027302,-0.00011872410682967072,0.0164737772694572,-0.0009514472792865325,-3.278340102497168e-05,-3.00517710130066e-05,-0.0007684347861635077,-0.00012898468875421898,-0.002033595585753889,0.0013620005720562656,0.010090279229988619,-0.0009108143156875137,-0.0006077596890158299,-0.00038477366671896274,0.011189193408267073,-0.0014987968081534575,-0.00011075018148365423,-0.0004718967879215885,-0.0012758847074788582,3.6166781853586016e-05,9.932020767045024e-05,-0.00047605820109364316,0.0010351837984690082,0.004344998313007276,-0.000231070319082316,0.0002536207276526703,-0.0002360063367012888,-0.00017485062799604822,-0.0006892206907807008,-0.0005176197865959242,-0.0004553569025786963,-0.0005936733720381948,-0.0016401921351879567,0.00021264866443448938,-4.2101918646841874e-05,0.00017120545782023378,-0.0015696429741008933,-0.004169647508036056,-0.00201486733955214,-0.0003400424644616207,-0.0011492544924570636,0.0006676617499206117,1.1067918699536605e-05,-9.491354158497334e-05,-5.7027443583046455e-05,0.0004619287395979388,0.00025161179439492365,0.00028172567772277723,0.007342269341009233
-0.003881164897249878,-0.0011809768262656117,-0.00038605884368825283,-0.0001791938026692863,-0.00019458648243886323,-8.489693723423564e-05,-0.0007710368503242027,-0.0009126322088338634,3.4004281219468524e-05,0.0015660715024454763,-0.0012463304668602904,8.242245772560608e-07,0.003314483434542659,-0.0074493071081394024,-0.0006776403059743918,-4.355226701080461e-05,0.0011320801354295362,-7.023070360234751e-05,0.016610904396470838,-0.0009413553510354555,-3.295997047292332e-05,2.577538503967247e-06,-0.0007254351067894627,-0.00011783586458258277,-0.001854235418316419,0.0018904104971932956,0.009858932212808647,-0.0008208106236688995,-0.00044093840053238686,-0.00035992870119661013,0.011921318407379644,-0.00046540524488991597,-0.0002564725851738059,-0.0004461390292987977,-0.001335076696594939,2.635581510146423e-05,0.00010096856875696503,-0.00044060043790994374,0.0005692464337991865,0.0043226213681504255,-0.00021255971372791116,0.00033709793428160495,-0.00020721458658090608,-3.554927572990696e-05,-0.0006956535594164759,-0.0003775676188767507,-0.0003477944325300797,-0.0005240292485750864,-0.0016111431484856498,0.00022435476800164444,-4.005335599255311e-05,0.0001752082874952876,-0.0015138955717808322,-0.004447680386221897,-0.00218189075966857,-0.0003059361052630827,-0.0010880880384287472,0.0006329226744581362,-5.9920752733089166e-05,-8.908808227492404e-05,-6.438428108357375e-05,0.0006568279678600408,0.0002496706688781547,0.00030983677122042863,0.0061052113971853395
-0.0041596543856997625,-0.001050429165962874,-0.0003375761487246498,-0.00017285446792880688,-0.00019164185494369157,-7.6613539401027e-05,-0.0007325195946494834,-0.0008281550872875076,0.00023222337445782948,0.001624934398083866,-0.0011304182322615652,-3.631951521532173e-06,0.002505790643638095,-0.007708668999442447,-0.0006450459981106604,-7.031576017779706e-06,0.0009945047079760183,-4.767810020644969e-05,0.01627733793966124,-0.0009555905769386142,-2.839582427860421e-05,1.4662196961223728e-05,-0.0006859740613091025,-0.00010183898601046071,-0.001713478288090986,0.0025742097993921575,0.009507708519395308,-0.0007493077760117872,-0.0002569971614143629,-0.00033996046357309684,0.01305365590008667,0.0006366056183393365,-0.0006290429872675141,-0.0004095684951940237,-0.0013616548665325023,2.1370143344245918e-05,9.264567935418633e-05,-0.00041830425552369377,0.0001382955168374167,0.004383467587086853,-0.0001964812982088171,0.00043115139214999765,-0.0001815892028714794,0.00010422054143965909,-0.0006797864997083458,-0.00027523180012278825,-0.0001739784304897185,-0.0004591687008846934,-0.001518786636121372,0.00024752653362636323,-1.1865464875193688e-05,0.00018006182098218027,-0.0015192499965515083,-0.004663211721167682,-0.002322779994062829,-0.0003974393321044545,-0.0010311555020909857,0.0005962864333100004,-0.00010414680317361036,-8.325217610938296e-05,-6.505205220952437e-05,0.0007783549322115668,0.00024124775682166089,0.00029891180004804063,0.004876375817475687
-0.004303121306056812,-0.0009241370343090471,-0.0003077837103543368,-0.00016737044506964782,-0.00018758484055092506,-6.89006726065644e-05,-0.0007027361692992784,-0.0007548436826156912,0.0004039861043558801,0.0017307871068854563,-0.0010325210694909215,-7.85114533519149e-06,0.0015228039884940259,-0.007723469677182404,-0.0005973560187421123,1.779090949582951e-05,0.0009220626621744277,-2.9965690613975582e-05,0.016143177849049062,-0.0009395493588341131,-2.321613736866457e-05,4.558589799419366e-06,-0.000649292164678017,-8.952087402935849e-05,-0.001632506217350005,0.003248408852332796,0.009056305934434183,-0.0007144810615917763,-7.678859047199893e-05,-0.00030695049912110584,0.013579452388232216,0.0017036433694181952,-0.0012262684813506564,-0.0003851127248110098,-0.0013721256712628804,4.6417779123286707e-05,8.942866966599183e-05,-0.0003743545940292359,-0.0002023943938599393,0.00454025924580459,-0.00017060061056461961,0.0005189836165186978,-0.0001578877476671181,0.00022011403239385885,-0.0007264157943581706,-0.0002073662108975638,8.22497834351843e-06,-0.00039387491276232645,-0.0013952740728924162,0.0002694008367543077,3.643504479855508e-05,0.00017953292845973579,-0.001539400318317452,-0.0048132764147968965,-0.002383076307786003,-0.0004350226403625479,-0.0009672610645530266,0.0005810315156071777,-0.00012477655278952948,-7.275311666865569e-05,-6.475196127986305e-05,0.0009335219265136363,0.00026179502985290704,0.00028581509460123833,0.004436593536867761
-0.004433998087790436,-0.0008555254036499704,-0.00028134631992560166,-0.00016918577092039921,-0.00017890273777232402,-6.652015254382526e-05,-0.0006693739772164475,-0.000684445953650914,0.00046494048198897353,0.0018585235287877921,-0.00094154471383745,-1.25765917946552e-05,0.0012031245390344836,-0.0076356413066525075,-0.0005637382948683323,3.9856539223670495e-05,0.0008235075939917458,-1.378261358053745e-05,0.01590572960405634,-0.0009056801169875506,-2.1497860328345553e-05,-1.1719489125927574e-05,-0.0006172695964515862,-7.578497003357665e-05,-0.0016206526710613733,0.00395815387443732,0.008430368613611128,-0.000715078777649536,6.166736251045357e-05,-0.000286118261317414,0.014267928416080489,0.0024321338499213585,-0.0019871177991430677,-0.00035632937612983806,-0.0013262685884177783,8.249063829413039e-05,8.872289416395063e-05,-0.0003453057639811741,-0.0005059090573328318,0.004682509984118344,-0.0001447381545368609,0.0005847046345242024,-0.00014370637028338074,0.0003638287416847241,-0.0007488261906375415,-6.149678248967838e-05,0.0001295401956591391,-0.00032939504285955934,-0.0012288093959037516,0.0002977291055394904,6.174345394138747e-05,0.00019120208118783566,-0.0014950594175163756,-0.0047009520917997705,-0.0024984633129603306,-0.00038867915858498137,-0.0008938518239590687,0.0005675596429619567,-0.00011513603195745237,-5.367940114886505e-05,-6.83204158730133e-05,0.001049683729435591,0.00028279362931571406,0.00024843591613232796,0.006332174749480446
-0.004608818960190719,-0.0007767228809586468,-0.00026600665811693514,-0.00016897650151348476,-0.00017017286753906458,-6.601819178597701e-05,-0.000630487662122925,-0.0006348884286769829,0.0005465281326655358,0.0019601518417411423,-0.0008665169493816682,-1.578180415517938e-05,0.0008609023193058007,-0.007603041052707593,-0.0005217490732283281,7.06838342010574e-05,0.0007008480078063428,-1.5576432159658538e-06,0.016010760301549576,-0.0008614820701121628,-1.3125952849635247e-05,6.110087845989653e-05,-0.0005806425156515971,-6.107781193198658e-05,-0.001641414836298316,0.004673990921085114,0.007643828183567125,-0.0007292930687575749,0.00016590039400177226,-0.0002790600167086321,0.01562606525034127,0.002868958274044431,-0.0027829532198524465,-0.00032729067514480903,-0.0012786094796404246,0.0001113097063789592,9.175828573004807e-05,-0.0003154535293075078,-0.0007701251482920002,0.0047961558082019184,-0.00012104904405585426,0.0006645301785963564,-0.00011981608691558066,0.0004920374965906582,-0.0007353649825462272,6.532555178662136e-05,0.0002222003048852894,-0.00027478694175842033,-0.0010299183705451131,0.0002910918715957056,7.175565654948812e-05,0.00022154175565658463,-0.0015492125981441118,-0.004598880379709791,-0.0025785276282412894,-0.00041058522468639946,-0.0008195040036623746,0.0005732446608663899,-7.650397090375183e-05,-4.5373613343335784e-05,-7.005209379262745e-05,0.0011558127839741417,0.00028142358375049525,0.00019264522821438312,0.008240366849910918
-0.004717154258151557,-0.0007011134022020249,-0.00024867647012671856,-0.0001701391407742392,-0.0001610106221272556,-6.785483672733239e-05,-0.0006013685974818328,-0.0005866394289879562,0.0005964447597606171,0.002057374975856119,-0.000801170230041004,-2.0279429894465295e-05,0.0008290787807418987,-0.007556364553746753,-0.0004934623001230376,7.339643987225308e-05,0.0006262957161231597,7.583542019240497e-06,0.01618486161885202,-0.0008184992556655724,-8.343009262667955e-06,0.00010088677352793063,-0.0005498187510519781,-4.769077590005555e-05,-0.0016872226867783446,0.004862947022852504,0.006733032056021049,-0.000752764987531962,0.00022532192239799187,-0.0002668320028675897,0.017034099346034504,0.002922685704754402,-0.003524526436039954,-0.0003151809063964839,-0.0012498172692206877,0.0001424903867415228,0.0001068671679353983,-0.0002937627531907072,-0.0010383182889140974,0.004882396321155724,-0.00011006495552401407,0.0006543413098083484,-9.481122217802618e-05,0.0006803650831512797,-0.0007140591865165691,0.00013896744975805397,0.0002825180004775163,-0.00023289910565471583,-0.0008221538615995616,0.00029484758013942347,7.288624277124178e-05,0.00023569565327585806,-0.0015936201307060749,-0.00453340206679842,-0.0026454536780891047,-0.00040849600452508295,-0.0007474526911104284,0.00058218566267354,-1.6461655116817298e-05,-3.6463477214421225e-05,-6.87751619935506e-05,0.0011636966286283634,0.00027309050703760995,0.00013546465659097784,0.010117056202118224
-0.004817348993867432,-0.000676519505486417,-0.00023847407361665685,-0.0001670494521066601,-0.00015615814778047188,-6.928130763506068e-05,-0.0005921752282835868,-0.0005495625568561202,0.0005258901550324602,0.0022075134938459584,-0.0007377065684692763,-1.8783400136168638e-05,0.00045889640026297585,-0.00759360577226964,-0.00046451821407456073,7.625649842157856e-05,0.0005579684347465363,2.9829927762792252e-05,0.0164578933410513,-0.0007758500919364808,-2.72626550390509e-06,0.00022917252908216668,-0.0005214411084706327,-3.6917603885133765e-05,-0.0017766899757597487,0.005421622741582421,0.005878037302665229,-0.0008096903294312341,0.00022041084967661106,-0.00025234707125965095,0.018325803349445113,0.00245531983972902,-0.004043762925334593,-0.00030948313118139836,-0.001214027274339391,0.00015742347441860538,0.00012584125365822096,-0.00028797303719485523,-0.0011724577115198587,0.004988507144505272,-0.00011239017071840163,0.0006610729496003831,-7.790603459356671e-05,0.000766400403369838,-0.0007600873544515441,0.00022067840588335663,0.0003277173631530683,-0.00020042176851142735,-0.0005922346667378564,0.000271193893362387,7.406384890140671e-05,0.0002447118618962296,-0.0016781696006190616,-0.004244336556057049,-0.0029251421021068147,-0.0004964154316472458,-0.0006730424868782725,0.0006018255477213685,8.66477097949403e-05,-3.0927376360345704e-05,-6.418641628802568e-05,0.0012416357023075086,0.0003155921933244432,0.00012950043769377473,0.010667057315971284
-0.005005693903967101,-0.0006569532602752615,-0.00023930737960065063,-0.0001646659668254058,-0.0001548383648974916,-7.170493913344345e-05,-0.0005738970729114445,-0.0005193531594208656,0.00045879086002331704,0.002377523453637176,-0.0006885621731229641,-1.8825435553981862e-05,0.00017296763045004937,-0.008049846748722778,-0.0004264644839213627,7.896729893475118e-05,0.00042442920558172226,4.697364260741743e-05,0.01652668384557532,-0.0007089702979298229,5.612511470687309e-06,0.00040770425398606314,-0.0004961738511044533,-2.1265956629212823e-05,-0.0018875531284601177,0.00609955069171586,0.005024656315596898,-0.0008755719287413255,0.0002044610125251367,-0.00024905535128527667,0.019763173141853496,0.0017379101524830354,-0.004238531293970449,-0.000291297606203611,-0.0011906012634216312,0.00017755845885658594,0.00013782547296403713,-0.00028895447695953536,-0.0011444741637498534,0.005030184817864436,-0.00012355566802757512,0.0006176424919281942,-6.369707580278217e-05,0.0008551121561071184,-0.0007533018822917237,0.00027710801267955,0.00032037806605411667,-0.00018120633318463586,-0.0003956643220188738,0.00025907646162171005,5.52409905210105e-05,0.000251888762017094,-0.0014836601287144813,-0.0038135054711244676,-0.0031083784280472315,-0.0006738983158794953,-0.0005914597622814766,0.0006687034924592883,0.000218437498082924,-2.2313697766396245e-05,-6.451646667859912e-05,0.0012943117257073755,0.0003047322510760786,9.14356382197834e-05,0.009233315201987224
-0.005191699526473914,-0.0006361004704409368,-0.00024308461163902173,-0.00016104596188082354,-0.00015284933176906712,-7.117010105872623e-05,-0.0005569685838087146,-0.00048681152315521725,0.0003583756692497886,0.002570867491586748,-0.0006397946574797642,-1.6758342688327765e-05,-0.00041588422890137533,-0.008141015714067557,-0.00039422158002466734,7.538983272636912e-05,0.00024308192082367341,8.726813109172227e-05,0.01662362990594124,-0.0006757809970066031,1.4822158708405198e-05,0.00036403665845208266,-0.0004704753322549715,-4.431841124308278e-06,-0.001987637850616064,0.006625530378074895,0.004252581566777547,-0.000947945202326328,0.00018520296188384577,-0.0002358711473799957,0.019851953425870317,0.0008841878529497471,-0.004043650651277875,-0.00028523204979491457,-0.0011621665305175943,0.00020030916593283266,0.00015179165716983078,-0.0002904986650185126,-0.0010745704083349183,0.005326991134953829,-0.0001357619728894477,0.0006088009758120627,-4.610538282034948e-05,0.0008797486941296562,-0.0007266465786052168,0.0003348924236314943,0.0003302018137347762,-0.00016593038028178686,-0.00024166565796768236,0.00024230118458734573,5.417710274269183e-05,0.00027780403581023627,-0.0013854862337706608,-0.003318373083057935,-0.003133300545603901,-0.0009260163982977021,-0.0005203260963789758,0.0007742442519536041,0.0003806192472450842,-2.2370221379852673e-05,-6.361993882253447e-05,0.0012385253317019895,0.00029305766486098506,5.638744470193302e-05,0.007818497576837391
-0.005307923603089737,-0.0006229719381874999,-0.00023949794647903921,-0.0001594916432813287,-0.00015080589341043282,-7.221241316457405e-05,-0.0005270141440334442,-0.0004604370448364481,0.0003215515823731252,0.0028516136590799324,-0.0005848521938088824,-1.8657200156702025e-05,-0.0008906221526298053,-0.0083347458051376,-0.00037024867789847704,7.340325671756354e-05,0.00018960722785243966,0.0001260273108851795,0.016766533422988283,-0.00064260585867848,2.6986701988196415e-05,0.00041367465101993517,-0.0004462425859672603,2.5495203812564426e-06,-0.0020524705660006637,0.006931823164430195,0.003600120841074972,-0.0009982047589160992,0.00018008664062851842,-0.00022681729208606782,0.01916923133515991,6.689834215434232e-05,-0.0034151244167538453,-0.00028414532814491356,-0.0011220467028838499,0.00023650040825096141,0.00018044000411499006,-0.00026650361793045807,-0.0009652812976500558,0.005517706866630334,-0.00014618853131642684,0.0006324594267537176,-3.282529059367434e-05,0.0009367559913548984,-0.0007122627279221305,0.00045466144691541643,0.0003643989913226786,-0.00015331301982746126,-0.00017995540836968082,0.00023489178296198787,4.648626440872938e-05,0.00029261021632520645,-0.0012162328149969426,-0.0028482302204240195,-0.0031183499629936495,-0.0012536121909576536,-0.00046121815473587624,0.0008422209732770192,0.0005425833700085647,-2.677501302017493e-05,-6.784032753714975e-05,0.0012183746745542123,0.00027658222162263435,0.00015899851091449868,0.00639423402148509
-0.005418629307244904,-0.0006347881279059608,-0.00022421903846547853,-0.00015994454820700277,-0.00014919544341973623,-7.207856033430993e-05,-0.0005110525545179989,-0.0004479688706507945,0.00027233055594400035,0.0030759161626106035,-0.0005499390943736193,-1.9785666031890692e-05,-0.0014217334491400946,-0.008573519947230435,-0.00033651559754799276,7.269211960614363e-05,0.0002590873467476218,0.00014896662400842864,0.01694121402505311,-0.0006330739098578952,3.6978918942498495e-05,0.0005710218925147892,-0.0004150751033832334,1.3932648517789303e-05,-0.0020881374212631254,0.007671775590621488,0.0030112964124562325,-0.001025245105723993,0.00020722209541812475,-0.00022213483489219588,0.017601651096827764,-0.0006820126795391568,-0.002738204951844736,-0.0002801411429309564,-0.0010906549617973882,0.0002758000203659794,0.0002111957031154521,-0.00027153685052017096,-0.0008600138335951302,0.005577371798922703,-0.00015462935116461463,0.000566137830581237,-1.1355108525235025e-05,0.0010651537235382147,-0.00063346734981784,0.0005208199876503006,0.0004007232800857796,-0.00014399700758527256,-0.00015715397844140444,0.00023247060582476387,3.539888380288403e-05,0.00031874003097742687,-0.001118960403926006,-0.002571932715973335,-0.0030256122635614613,-0.001394272817590081,-0.0004017866671207626,0.0008980734855248418,0.0006555954620630633,-2.7854342030897428e-05,-7.78205881286631e-05,0.0011030898527497612,0.0003072642888513055,0.0003546660710829208,0.00629435840024084
-0.005564230089795341,-0.0006310116092578255,-0.0002061145488322369,-0.0001599709225130752,-0.0001470291219047848,-7.146867767604537e-05,-0.0004768448124418123,-0.00042498326497664163,0.00024892811943200144,0.0031571360418929384,-0.0005119051103702477,-1.775367297429664e-05,-0.0020005474305999638,-0.008906456520819228,-0.0003062755448488552,7.547940179897239e-05,0.00036621399958991496,0.00017859695910926732,0.017074174187338365,-0.0005727703107815119,4.663892902434519e-05,0.0005991732051591203,-0.0003821428574918295,2.182967538288949e-05,-0.0020880912487275527,0.008025919416804195,0.0023668621782104715,-0.00101606163317014,0.0002974822409358424,-0.00023082750247194195,0.0167481249976964,-0.0010974146275213315,-0.0017955320847334866,-0.0002629525769830554,-0.0010514251377843342,0.00029639942702774924,0.00023171410393696412,-0.00026300060935968705,-0.0008288451410671804,0.0055647997727732434,-0.0001681541537208453,0.0005048353072398815,8.65984090192562e-06,0.0011888695214856693,-0.0006141249008367877,0.0006640930357981745,0.000421785164395061,-0.00013168947113428864,-0.0001574021402600545,0.00021753636735510895,-2.267214297413389e-06,0.00036233124390472327,-0.001040320103863679,-0.002467746700926088,-0.0028923073462541193,-0.001550049287646349,-0.000351626388827353,0.0009220988632536731,0.0007347592743736087,-4.1126451145401255e-05,-8.793103401016911e-05,0.0010298795701138008,0.00031624887384817946,0.0006137594523789591,0.007242981031487128
-0.005697759476548714,-0.0005510768611566297,-0.00018560065344663812,-0.0001604742445460161,-0.0001416351399959881,-7.182545557504749e-05,-0.0004051119594475905,-0.00040159620538193774,0.0002648366579085515,0.003227213173274457,-0.0004686509056539556,-1.72092979056071e-05,-0.0025298294934779086,-0.009135242756022066,-0.0002814528205062894,6.940195849103326e-05,0.0004652971565786146,0.00020437523855210138,0.016461493947978134,-0.0005185539902382574,5.3515375550095e-05,0.0004987531571756243,-0.00035202341778373114,3.524924882203351e-05,-0.002060304871354335,0.007997778555312474,0.00184679666067189,-0.0009893195708606806,0.00047382228559622597,-0.00023359038432624324,0.016407730476717175,-0.0009812624835616734,-0.0007218883775073071,-0.00025423712391536846,-0.000993931544041815,0.00032533196210149384,0.0002383925181332902,-0.0002550317116069012,-0.0007785599147043243,0.0054775592162545905,-0.00016820231534309116,0.00046117185825100826,2.3361838236812815e-05,0.0013317361892697388,-0.0006278118305559355,0.0007724757749538735,0.00040457159833873213,-0.00011757313749782838,-0.00018889494227647408,0.00019277656354144135,-3.495441644052466e-05,0.0003924088607243359,-0.000899542304608647,-0.0022960440508095203,-0.0028020548723309835,-0.0018954729083698885,-0.0002850978085681133,0.0009398581832535946,0.0007687007388725853,-5.764650094797208e-05,-9.832221448258238e-05,0.0009729472644495196,0.00032345430525704266,0.0008453141526851837,0.008191587348519214
-0.005839495989514054,-0.000499509104306628,-0.0001598454443777486,-0.00015752943262492547,-0.00013819390573233115,-6.7846726988674e-05,-0.00036200303941125167,-0.0003615490096816609,0.0003217775383674848,0.0034073127873650577,-0.00042273991672159283,-1.759031124826116e-05,-0.0029926297885467523,-0.009472220581468904,-0.0002583820610025933,7.491395991321426e-05,0.00047837119996141375,0.0002283802782394595,0.016004905695930827,-0.00045052284324076375,5.924076647723098e-05,0.00047579451774582004,-0.0003274280158815923,4.293996813076184e-05,-0.0019828909813937035,0.008044929256510791,0.0014228528952116015,-0.0009351587929544714,0.0007266092474327301,-0.00021906688004269537,0.015872862306743896,-0.0004808555924434854,0.00038516204811900323,-0.0002635098104036837,-0.000934414187999999,0.00033887338171756376,0.0002220327151389867,-0.00024325417914572434,-0.0007738518864535138,0.005290619544269903,-0.00016336993174104197,0.00044470772561555627,3.5414035480130224e-05,0.0014793827459906872,-0.0006900404593669363,0.0007731350741035925,0.00042792273594249863,-0.00010047687854575216,-0.00024157112751865828,0.00022165458654677117,-4.777235186137485e-05,0.00041428007253152543,-0.0006809799293662211,-0.00222762808730681,-0.0026190563820148727,-0.0020049908453055876,-0.00023336879693347523,0.0009753860691783522,0.0007800570513980531,-6.940891247031455e-05,-0.00010768448598497127,0.0008543578380468819,0.00033217504135962805,0.0010310871872398764,0.009143358623166398
-0.005984074952283813,-0.000465082515827997,-0.00012954886260219123,-0.00015467691056070265,-0.000134677770382452,-6.650750742198674e-05,-0.00034244354290924317,-0.00032213975760475577,0.00037747361767825893,0.0034815396483744987,-0.0003911211772379408,-1.2002295193935808e-05,-0.0032039202395666155,-0.009834299721748985,-0.0002444403036866438,8.652862934654948e-05,0.00048137397139758065,0.0002378548607075981,0.01604370860284421,-0.0004098507140231078,6.143711004491514e-05,0.00046950496774322836,-0.00030883918259738685,6.370751171869138e-05,-0.001848306180028625,0.008306348946839792,0.0009799226128142102,-0.0008595666543371738,0.0010108826625807588,-0.0002008181988130131,0.014366230576614791,0.00023549750841911354,0.0012673642256106898,-0.0002524906459540066,-0.0008712737176156393,0.0003530578038548615,0.00020385801929312386,-0.00023864711785126502,-0.00079775882060662,0.005121677437343264,-0.00016446808652403888,0.00042169608139230874,5.158651880976528e-05,0.0015586072862154854,-0.0007102896116002455,0.000790928031953797,0.00047095057453283573,-8.778926450880853e-05,-0.00030748671010871753,0.00022674783961296185,-5.121187858181386e-05,0.00042269501493863437,-0.0006333367405095824,-0.0019346792959417103,-0.002454857799074839,-0.0019701561002897217,-0.0001805469281322969,0.0010297561690109092,0.0007704100601104713,-8.093289955979355e-05,-0.00011039804313806023,0.0006850815068126792,0.0004127112310441383,0.0012363503032946088,0.010095733523750594
-0.0061655091243263405,-0.0004093126113734469,-8.897011624442452e-05,-0.0001548280675460756,-0.00013097737161771317,-6.968954274944039e-05,-0.00030355016300787074,-0.0002794012038551674,0.0004125632642297816,0.0036287477030485515,-0.000353274840171669,-5.376491674535799e-06,-0.0035303654581054777,-0.010286615255118758,-0.00022636539743237094,8.644286060577322e-05,0.00048137668340841877,0.00025127576639838445,0.015889651659154014,-0.00035107665239830776,6.762433450124838e-05,0.0004673733822992965,-0.0002922939778304823,8.26541919716206e-05,-0.0016878760672814908,0.008108799938144173,0.000607177965392891,-0.000769330528853529,0.001333251362851895,-0.00019805803250694254,0.012159745574118919,0.0012543350650460194,0.001895081816681632,-0.00024089298796281522,-0.0008201052985051804,0.00035161015003715157,0.00018913928356800724,-0.00024156460678514957,-0.0008427978754536047,0.004878397344703522,-0.0001596041256495262,0.0004035013765320006,6.933277214615785e-05,0.0015357521680725572,-0.0006898499980912964,0.0007719493831628288,0.0004674110628100081,-6.552782168400828e-05,-0.0003401231382081926,0.00027030041615394573,-7.165721853485962e-05,0.00043660420109170595,-0.0006180621886291426,-0.001925958408681594,-0.0022927812922423074,-0.001956881981898806,-0.00012429185241558116,0.0010568902612735354,0.0007471751113237168,-0.00010847479991948905,-0.00011802021438178656,0.0005287352429002024,0.0004269053931684752,0.0014482778728424073,0.011049593017855575
-0.006369353527847399,-0.00036811599537711626,-6.389979223819786e-05,-0.00015466244983997068,-0.00012957629514886992,-6.307546960482302e-05,-0.00026352495481163363,-0.0002288048861190939,0.0005171725209480726,0.0037395448894448347,-0.0003255294759988425,1.8406311519392204e-07,-0.0034908745957236142,-0.010625791159025177,-0.0002096836908520583,7.493422043292064e-05,0.0005287869362999853,0.0002613867055778485,0.015381843407086038,-0.00028821046487081947,7.22344267243269e-05,0.00031120088122693623,-0.0002775796975638123,8.908616965386251e-05,-0.0015548086402026318,0.007385954552266982,0.00020707505381123426,-0.0006924804836505594,0.0016595086311101959,-0.00019358360215215864,0.011053170976078164,0.0023444452678214045,0.002218470408500206,-0.00022165965176235147,-0.0007778476599104023,0.00035436361104546066,0.000172833758209201,-0.0002503638161086563,-0.0008655756536188886,0.004498255769107118,-0.00015575535592948775,0.00042539408894537445,9.350350827364018e-05,0.0014362736279138755,-0.0006845532919723674,0.0007766275493052976,0.00041584633744151667,-3.223334023727542e-05,-0.0003093915281285886,0.00030504360670291497,-6.410222556829659e-05,0.00045898391918641757,-0.0007584479384372678,-0.002050427013081557,-0.0020547786657437728,-0.0022560284791437457,-7.945698875977403e-05,0.0010626906781243672,0.0007375744576716414,-0.00012830571066702046,-0.00012625884064620951,0.0003602901906671896,0.0004510565375765996,0.0016856487825922528,0.012003452511960333
-0.006587206374861765,-0.00031401740927350374,-3.305437643863485e-05,-0.00015018637830721548,-0.00013134148348570296,-6.224347116623452e-05,-0.0002442808789430151,-0.00018612906836390497,0.00041220806773933916,0.003868079519643297,-0.0002982630468968406,-2.6322864793426604e-06,-0.0035077974422358382,-0.01105583777184549,-0.00019973643107262795,8.093978996326356e-05,0.0007297641263899202,0.00027085882331379096,0.014960974365333835,-0.00027034134005266,7.124511570144598e-05,0.00025448801595695514,-0.0002665509383344977,9.341716598187944e-05,-0.00145790121453937,0.006593239204615298,-0.00017126443264625646,-0.0006348351101471694,0.0019776052470741323,-0.00018520726619020156,0.010317346415102291,0.0034530383265904963,0.0021870405651773783,-0.0002111791050111167,-0.0007374801831721012,0.0003265668115992604,0.00013543023332718285,-0.00023143597992547615,-0.0009745070476244733,0.004163538730030725,-0.00014885621054427922,0.00041214448541149196,0.00010984488593135389,0.0013230384537483708,-0.0007394804569718083,0.0008002969074663024,0.00035847378093456506,2.9138281276708256e-07,-0.00022199381569021348,0.0003166034096127035,-8.493474295567793e-05,0.00048547033968016073,-0.0009470886634073139,-0.0021728657604361823,-0.0017764092085930105,-0.0023731078250506243,-3.411158482369281e-05,0.0010876711528702288,0.0007350985402490018,-0.00014312259429605234,-0.0001384747959587429,0.00026607743176665366,0.0005086877047797422,0.0018890329280074614,0.012954147048449993
-0.006699488555901079,-0.0002968770310822766,-1.319652661724291e-05,-0.0001499384571322926,-0.000135088362007596,-6.226975615974961e-05,-0.0002206243698157362,-0.0001525607551242647,0.0003673446972840555,0.003910974071328344,-0.00026757373353203384,-3.04870423517567e-06,-0.0034038621603765806,-0.011480654758037279,-0.00018069895515659962,8.422142408393007e-05,0.0008066405430022794,0.0002710038204698506,0.014423512468370925,-0.00025254812037511787,6.740346447497991e-05,0.00014346371406515068,-0.00025490012960804886,9.969759746830675e-05,-0.0014156341714455234,0.00559264085266431,-0.000399474761587304,-0.0006151090423789363,0.002256128442509553,-0.00017874128856165683,0.009403044494311175,0.004398340825694902,0.001798741722403241,-0.00019901424463830697,-0.0006938690679111348,0.0003024688022090771,0.00010050041376086227,-0.00020456661244638852,-0.001349621601868578,0.003997824386920978,-0.00013609710798012653,0.00040499834610541185,0.00013044176125442952,0.0011788626043873762,-0.0007774841755517903,0.0007958842000859168,0.00026154562599889353,2.5334264323495503e-05,-0.00010353492410142273,0.00031520190602840614,-0.00011772768321594018,0.0004860834339974751,-0.001002263619108934,-0.0024001776334617864,-0.001589236428526597,-0.0021603663306013487,9.549066255054584e-06,0.0011009293185739732,0.0007597351833987798,-0.00013878469839712082,-0.0001421945067280328,0.0002594903415906735,0.0005900486404617489,0.0021117033374751237,0.011794777394133593
-0.006867331870507587,-0.0002474089871690177,4.820172191166705e-06,-0.00015346773554136828,-0.00013640549284688053,-6.169337464501101e-05,-0.00018424479445533493,-0.00012352015830130458,0.00034320152922195923,0.003951928711048547,-0.00025013747522972807,-2.5598609063592903e-06,-0.003547336857823158,-0.011799281683093521,-0.00016752045611090338,8.360113865757413e-05,0.000863107008698405,0.00026552230672782784,0.013842595677206138,-0.00022457199539560602,6.735742351637874e-05,0.00012838503044410032,-0.0002447212739971061,0.00010057966713761246,-0.0014325108004535902,0.0052598232069474005,-0.0005276115507133472,-0.0006120296341949327,0.002469966915202848,-0.0001740770671645464,0.0088444642681762,0.004987203907471871,0.0011933045125402941,-0.00016389878003353342,-0.0006536332140109069,0.00028824585870790287,7.705006473823772e-05,-0.00015749714936041936,-0.0018608223196229234,0.0039745902369117125,-0.00012647892493011792,0.00041863851976509103,0.00015396071948403645,0.0010108730911351227,-0.0007596480535716488,0.0008097028363507341,0.00020908844291733786,5.99126217473156e-05,4.887435952105612e-05,0.000347727089478056,-0.00014101505244845658,0.0005214913105464625,-0.0009987757555217636,-0.002716688219238317,-0.0013221623603230093,-0.0017334165598750229,6.304568955783907e-05,0.0011320717118177281,0.0008281402832874818,-0.00013559612095381812,-0.00015109093267084983,0.0002560680511738411,0.0006135716001560709,0.0022010345131233677,0.010287295030553922
-0.007029065687106706,-0.00018170461870270493,1.0419611649936655e-05,-0.00015625552802289722,-0.0001400685790368117,-6.1583395804643e-05,-0.00014971472052061063,-9.505644233542832e-05,0.0004046974774591927,0.003983639503520875,-0.00023429373622751992,-1.5818227825370457e-06,-0.0035400196132143735,-0.012053527598500535,-0.00015417034334064272,8.537693875676489e-05,0.0008170873873796225,0.0002675454635745478,0.013518164882953876,-0.00020931622158570917,6.129102888752236e-05,0.00011901451612428282,-0.00023340877742250576,0.00010354218746178034,-0.0014796227511493232,0.004100900571482269,-0.0005798698437934346,-0.0006168810749241915,0.002593701042776564,-0.00017070786487327627,0.00895934215838512,0.005051551566302992,0.0005098409141497395,-0.00015397391364357915,-0.0006238304272526696,0.0002662218319744447,6.618967509619544e-05,-0.00016097789715674438,-0.002408616818570075,0.0038905688848851483,-0.0001142706796433135,0.00043730131781871684,0.0001676885289878527,0.0009480725168853343,-0.0008514558069246947,0.0007803149191396574,0.0001437436257996083,9.56481676215315e-05,0.00021018073607415033,0.0003666288660701955,-0.00014230247749746905,0.0005473658629617795,-0.0009844526217046567,-0.0027494841176010087,-0.0008440327348524512,-0.001513554681986773,0.00011594414584381596,0.0011747300968965035,0.0008950309907922449,-0.00014619483651712173,-0.00015597172296477613,0.0002573937857308639,0.0006800996020712713,0.0024707150433835867,0.00879965075182132
-0.0071093534910183775,-0.00016659816365260927,8.571250763589333e-06,-0.0001599114354468023,-0.000141029968043771,-6.086080296030527e-05,-8.64911406290858e-05,-7.104678040736889e-05,0.00048800450472796797,0.004055719447967565,-0.00021892656796751453,-1.8628086998484505e-06,-0.0034623633728833036,-0.012504186387345295,-0.00015004590670431028,9.967143599864947e-05,0.0010038303549630978,0.00024853922151857333,0.01327609915370287,-0.00021145575083958423,5.75977845984621e-05,7.229163982458431e-05,-0.000212602485394342,0.00010963029997546059,-0.0015482984692494206,0.003477034832675807,-0.0004555219001919353,-0.00063167437367595,0.002640649830690567,-0.00015399889939848865,0.008258417014650465,0.0046785926289394375,-0.00016041104684283436,-0.0001412708763055548,-0.0005798350246810635,0.00023036500872453125,8.768860597418993e-05,-0.00016351192382813018,-0.0029733869813215463,0.003954546718720975,-0.00010328081171639969,0.000458679999598699,0.00018842454415146648,0.0007956674481290893,-0.0008681378692373398,0.0007484279672831384,6.164489716065091e-05,0.00012723450567042605,0.0003757204293615146,0.00037663347121208446,-0.0001781964192733021,0.0005713649838987589,-0.0010264741454001358,-0.0027102973926997898,-0.00047319622540653583,-0.0014568117132839342,0.000171607597913237,0.0012260102717351895,0.0009791935360163873,-0.0001445948236965533,-0.00015385170003945348,0.00024845824697106167,0.0007169048903010733,0.002805473245840906,0.007906382250415067
-0.007335371582017358,-0.00015397575627795757,6.808913575406805e-06,-0.00016616625650567318,-0.0001472830589669405,-5.71102260933376e-05,-4.899782134637487e-05,-4.590053255693061e-05,0.0005741431971395539,0.0040744356780006985,-0.00019564959693108008,-5.36068738843376e-07,-0.003321315147093329,-0.012914754522285965,-0.00014656629693066137,0.00012481675970898998,0.0010550085499052564,0.00024368812211994495,0.012831293919860931,-0.0002087638576750983,5.3535880389476986e-05,8.257280859247373e-05,-0.00018910314186804111,0.00011917609403822027,-0.0016573913160801146,0.002918219484289608,-0.0002884287493171156,-0.0006612702607625698,0.002634568286598471,-0.0001455128116870652,0.008078707424354903,0.00401855421597741,-0.0008215032955607438,-0.00014161445915872317,-0.0005526708517632484,0.00018667219064516516,0.00010581357502759126,-0.00015168318137359638,-0.003564968663957724,0.003967819511518034,-9.468668435097527e-05,0.00045012709170566545,0.0002050709262011452,0.0006992742164237953,-0.0008617207817351868,0.0008028928639685073,-6.048203290531795e-05,0.00015071251187670498,0.0005318140891985568,0.00036613580398836554,-0.00018609297537486302,0.000578136126402562,-0.0009323341668761032,-0.0026261095392224876,-0.00019722464360050207,-0.001140726463736641,0.00021923703853432563,0.0012636165119488396,0.001086864368579743,-0.00014431973812523147,-0.00015294277931376943,0.000291020624649585,0.0006725595752221647,0.0032706686429722076,0.009570040589520934
-0.007437352291012167,-0.00017560805861371875,6.801173562998031e-06,-0.00016834424591427588,-0.00014751660748102413,-5.354819642355846e-05,-4.359105477758085e-05,-3.493822384048606e-05,0.0007084251126716623,0.004056958374077935,-0.00016725570037945392,2.212260332035143e-06,-0.0031478805376453645,-0.013340995351789231,-0.0001324354546961004,0.00013719577090043344,0.0011017396221060238,0.0002601489204490104,0.012653998167465597,-0.00019515365001865348,5.0783612028704184e-05,-6.512928874879975e-06,-0.00015959271912480144,0.00013200676157643088,-0.001763606303134324,0.0021721048635363616,-3.9830563264176e-05,-0.0007060580101369007,0.002582708565141978,-0.00012644760281399492,0.007714683192400429,0.003086875069914452,-0.0012365513163563602,-0.0001330097769849381,-0.00054763061042995,0.0001491559234287898,0.0001268522473496514,-0.00010712045508687318,-0.004183179126732717,0.003971078493163471,-8.321459992766123e-05,0.00045843687759195006,0.00023124666345375466,0.0005814102600163462,-0.0008925170311500086,0.0008390367668325016,-0.00021056496539995084,0.00016481230996245877,0.0006591445874160051,0.0003857352812768333,-0.00021525762914642588,0.0005852557509089529,-0.0009436889376297497,-0.0026392009128145544,0.0001722246263027305,-0.0010351902505194577,0.00025355733821519344,0.001287419339569995,0.0011956804973212165,-0.00012913728929686563,-0.00015169185148478093,0.00029631025701681857,0.0006397645832918464,0.00373686844349419,0.011228135781477855
-0.007518478059186262,-0.00024128620481278507,-4.770321564318003e-06,-0.00017388721676314667,-0.00014341584202448576,-5.33685345318613e-05,-6.391065165411991e-05,-2.5181970273790988e-05,0.0007043313811407881,0.004003679629976498,-0.00012821069209689728,5.074698927520771e-06,-0.003024775860966944,-0.01380976060544259,-0.00012601353263108628,0.00015877322424029394,0.0011047998114712687,0.00029027108779366984,0.011932513323952065,-0.0001730271311428666,4.654550226868004e-05,0.00010365978410020737,-0.00012006649376472556,0.0001396579780486018,-0.0018403843816332532,0.0016683290748731316,0.00012069561791161476,-0.0007401464369013455,0.0025115997601152795,-0.00011415582314733275,0.0075762064738646995,0.001999932831691087,-0.0013758872151915513,-0.00012185874941905706,-0.0005358429860757852,0.00012299226822265474,0.0001504965370966449,-7.160729525146348e-05,-0.004717255108680596,0.0040706983038651945,-7.265465474748378e-05,0.00040800736484292166,0.000250977607968883,0.0004799582151968629,-0.0009075298331786552,0.0008903113953444564,-0.0003171551394843819,0.00016675955862410774,0.0007207005541380873,0.0003726599575000211,-0.00021348458864811626,0.0006068238004897086,-0.0009073748919270486,-0.0023188983413705566,0.00039678374756402235,-0.0012106903387504309,0.00027810757185964263,0.0013194554354896137,0.0013251358520935952,-0.00011332190153900967,-0.00014953234884762523,0.00029434637221759097,0.0005796674051903317,0.004208515108984123,0.012897324639303376
-0.007678848859719922,-0.00026641900424095866,-2.123247954288754e-05,-0.00017799531483653208,-0.0001467598244486723,-4.8920267281094e-05,-7.716112115241369e-05,-1.0500961273973708e-05,0.0006235728389292206,0.0039512612263101765,-8.83993098516056e-05,6.145477400743005e-06,-0.002485038140404794,-0.014213745760315089,-0.00011447998153069072,0.00018180618095486878,0.0011276145354013334,0.0003165939548783747,0.01141444719220952,-0.0001647071412148593,4.141767867871238e-05,0.00020511993295890818,-8.93253144478301e-05,0.00014805357188807378,-0.001843907893882446,0.0013651572165593873,0.0003460818685168121,-0.0007417728249274891,0.002457769290866274,-0.00011370514127584386,0.008426551839623153,0.001122684669781604,-0.001206032850115002,-0.00012076661304927239,-0.0005466270066762924,9.661610091504791e-05,0.00018365250451979342,-6.476700855362338e-05,-0.0051961463729062185,0.004142086691341751,-6.901983430862568e-05,0.0003849239906756896,0.0002689120626173658,0.0003156561321613349,-0.0009439989452825204,0.0008861298223523661,-0.00040068623221023447,0.00017343674005165788,0.0007021233508819336,0.00036777065940052367,-0.00020346814653937617,0.0006195035535809801,-0.0010020521253542025,-0.0018581953875311807,0.000772974127259296,-0.0013435787653244269,0.0002966760494336196,0.0013221427249785478,0.0014281764875159197,-0.00010017082051050341,-0.0001501276277020569,0.0003898544502283219,0.0005370300445826093,0.004624787972042244,0.013760542357577954
-0.007798406441936301,-0.00023878249043673971,-3.3859938542213364e-05,-0.00017622218518076327,-0.0001502676050922913,-4.296009867843509e-05,-0.0001365449779705541,1.9087426418762377e-05,0.0005596597119279512,0.003932379669424613,-4.028803948774584e-05,7.344002306508557e-06,-0.0021163051726041937,-0.014563667565126615,-0.00011083705102665764,0.00019433661162193694,0.0012262928768105308,0.00034389601279238846,0.010814566848386331,-0.00017553277368931308,3.465421444914796e-05,0.00019246016536578203,-5.4505761566625566e-05,0.00015608986886084253,-0.0017702439963693806,0.0011309913171215769,0.0006544972077944244,-0.000715149168461271,0.002442044883132821,-0.00010618162615760873,0.009087858748713984,0.0005412640889725928,-0.0007660641515551125,-0.00013742216490419956,-0.0005517627438856865,7.326840724308781e-05,0.00021657010335296434,-4.4570155054657334e-05,-0.005516104398631705,0.004173126895689716,-6.532513989943034e-05,0.00030770527985524154,0.00028723679417397285,7.20358398247356e-05,-0.0008933154418111489,0.0008775844944668432,-0.0004939692038741228,0.00018213374950404315,0.0006409075014266463,0.00032390365545098554,-0.0002131039178252525,0.0006182815801443198,-0.001085397600027349,-0.0016712591516452324,0.0010710171406278501,-0.0015108925476060575,0.0003058024455511177,0.0012827799516954563,0.0014827169797024808,-7.863245425099308e-05,-0.00015132606631473866,0.00042680176891507493,0.0004982207557930884,0.004878712802347973,0.01304196646516953
-0.007974006153256052,-0.0001754756303109506,-2.59058388977218e-05,-0.00017955687053450298,-0.0001472344330472053,-3.6383859738364777e-05,-0.00018132493624278823,3.943368524739199e-05,0.0006110407178292476,0.0039179703192415705,1.544537851105865e-05,4.500449188871158e-06,-0.0018000570058510634,-0.014844129033916742,-9.654232898337334e-05,0.00020946062631366225,0.0012152463355796783,0.00037563320434408354,0.010434758354952223,-0.0001967619114893182,2.8601537177763703e-05,0.0001681687354422312,-2.853929246882103e-05,0.00017306065686817362,-0.001634359320748735,0.0007322229104418376,0.0008561944001881372,-0.0006595644508338161,0.002468502797062122,-8.93858622519339e-05,0.00946531954680907,0.00023707517371662767,-0.00016632897880142217,-0.00014357504940820665,-0.0005595276554423156,4.181238765532669e-05,0.0002459321845809104,-4.082452446430018e-05,-0.005671257853083866,0.0041277053287311904,-5.2001932121403804e-05,0.000281319431716609,0.0003082629364858924,-0.00020605868520817694,-0.0008828865251485629,0.0008537596172368822,-0.0006045219417425418,0.00020072812635074655,0.0005274676275517365,0.00029871882518461845,-0.00023435560160212088,0.0006094902332336449,-0.0011876297179802542,-0.0015867462634964191,0.0012303856010151826,-0.0015933961340238723,0.000307853097302635,0.0012618579300665012,0.0014841808566758985,-7.099667003940269e-05,-0.00014826310243187812,0.0004639533835231191,0.0005206379390612081,0.005083698517774016,0.012325772448079864
-0.00814316079720978,-0.00010355146295204509,-8.885940579683727e-06,-0.0001848755721798323,-0.00014592996456908036,-2.3692304980449386e-05,-0.0002234805295705522,6.97674660656844e-05,0.0006004628258147182,0.0038271202148860706,6.868910110724435e-05,1.6072924027277224e-06,-0.001649510232938134,-0.015015421132926865,-6.679067771497849e-05,0.0002321233594431149,0.0012680591061131619,0.000392858491695236,0.010321175464114152,-0.00020089220592445223,2.5667857948441508e-05,7.435387304344232e-05,-1.4593940232954239e-06,0.0001822965855247105,-0.0014418859967836317,0.00041717219132197947,0.0008988936026332883,-0.0005849550855632213,0.0025588584985671847,-7.654375793852974e-05,0.00920293705577735,0.00039256507889406933,0.0005458427929145859,-0.00015954370839144083,-0.0005671982739964276,-1.7254511220921032e-06,0.00026352788434791385,-3.408550897332496e-05,-0.0058173372852634575,0.004112975654003037,-3.7993503119948535e-05,0.0003020647124760689,0.00033385054202494935,-0.00043648031141252375,-0.0008405380508608173,0.0008512313094111157,-0.0006015856470624747,0.00021872329205185892,0.00038723195467382787,0.00028997344889591936,-0.00026048908091613754,0.0006138436397384872,-0.001415940488989853,-0.001449720895842166,0.0013891420361644702,-0.0019584175054051522,0.00029868235804753063,0.0012074264183823402,0.0014553475114600367,-4.555023842645056e-05,-0.00014917814439296961,0.0004901966035226746,0.0004720067119428073,0.005220557097884937,0.011607196555671218
-0.00830447140082713,-1.760922559967959e-05,1.0884895952134599e-05,-0.00018448520010116987,-0.00014486647952671738,-1.1552111256585285e-05,-0.00022910668914055687,0.00011059730942886148,0.0006368158506111499,0.0037178763063085984,0.00012800479369889928,-9.254118438217773e-08,-0.0015953624781299691,-0.015210756435942496,-4.602429893807436e-05,0.0002350124905319273,0.0012747234485015468,0.0003996052233727898,0.010004812905439975,-0.0002165278236965218,1.8737712792482597e-05,0.0001017961670271017,2.2261347613294902e-05,0.0001895712070059119,-0.0011968672712137085,0.00013369529731477314,0.000774877285613762,-0.00049127504478097,0.002713874009862227,-5.1159111925325185e-05,0.010271202945976388,0.0009822187400601035,0.0011604914299077063,-0.00016256873179365527,-0.0005708131313297837,-3.9065510173075246e-05,0.000266029185643335,-2.0361333052165698e-05,-0.006015676952325744,0.004215720391852029,-1.525126408941091e-05,0.0003149923027092605,0.00035496003451251923,-0.0006369578153442301,-0.0008043182925341341,0.0009151142883507823,-0.0005678906121490135,0.00024021749732661135,0.0002456082012749494,0.0002915226204340815,-0.00025027063910409986,0.0006231798969285052,-0.0014898205547303478,-0.0012974820791272768,0.0014874077320827794,-0.0022909946110822865,0.0003006932770879267,0.0011348628778697911,0.0013810933996076802,-4.0258540176973945e-05,-0.00014695942970777143,0.0004432191631766891,0.0004076267413082313,0.005299926979732028,0.011602432805033702
-0.008406144461946985,0.00011496970927793448,4.250858942889124e-05,-0.00018161600710342451,-0.00013767922520591114,7.139958472679453e-06,-0.00022831055440664105,0.00016106920346370401,0.0006808835724840812,0.0036005278447373,0.00018424834436903126,-3.0755797227888237e-06,-0.001322577776906475,-0.015417838655568561,-3.0490449865361313e-05,0.00023499465272402986,0.001253495333180421,0.0003903736871326835,0.00985628223750723,-0.0002503062021569358,1.0456463283015083e-05,7.421699365095513e-05,4.608519603754857e-05,0.00019826908509346097,-0.0009278221778106222,9.270043669995509e-05,0.0005598621513978053,-0.0003768038167824006,0.002920037682549559,-3.0515594801494572e-05,0.012110354890632946,0.002113772411297843,0.001113912368664316,-0.00016450472494444757,-0.0005898534676487266,-8.597449254876821e-05,0.00024941979280224125,-1.0813656243668923e-05,-0.006417750853147219,0.0043851863394401835,1.2886612203777403e-05,0.000334445600258082,0.0003754951650953853,-0.0007487455239639784,-0.000727904184657624,0.0009617875356113803,-0.0005383402148648742,0.0002659233163753161,0.00011021540675382191,0.00027642762341906213,-0.0002603994846388513,0.0006327854159258184,-0.00144257036644857,-0.0011235000050535682,0.0015844570026317673,-0.002301968442253721,0.0002858311240740985,0.0010538023850925615,0.0012674782304891163,-2.5211212974496355e-05,-0.00014021495637739356,0.0003063821478845874,0.0003652177674235979,0.0052375331966700855,0.012316228632590187
-0.008542313878394658,0.00018514264768199062,6.383659980890855e-05,-0.00018341464854365608,-0.0001331076682551391,2.1531759457182886e-05,-0.00021105197751492,0.00020391510591855067,0.0006822661034995292,0.0035738815392116763,0.00022142055952811823,-5.02005756963797e-06,-0.0008917711245816085,-0.015481154224485594,-1.3690777776798058e-05,0.00023877614925282842,0.0012101478097152896,0.0003854183937130884,0.010035210859334232,-0.0002537925645759165,4.02458888260071e-06,0.00011200280704026788,6.9895219991567e-05,0.000194427804641073,-0.0006621312256244183,-0.00012509141892147468,0.000207100403754934,-0.00026813489515853384,0.003129218287993174,-2.584849928410904e-05,0.012775520182975564,0.003371224869178402,0.0009291387932528483,-0.00016059792073630508,-0.0006054608862589017,-0.00010784529329443959,0.00024367754313714407,2.620425025590123e-05,-0.0067796248914626656,0.004514742825443729,3.588964990797194e-05,0.0003590051149509055,0.000395815641289321,-0.0007507925501426538,-0.000641139610942143,0.000990874567918798,-0.0005360838576663474,0.0003010119050759208,1.9526936437141984e-05,0.0002857869408723346,-0.0002708530486655869,0.0006295047648108287,-0.0015140671710235365,-0.000879278582223364,0.0017183161091824939,-0.002231658124235758,0.0002854754482992661,0.000955218763664778,0.0011261277066765274,-1.7169002759276353e-05,-0.00013224981547665937,0.00034136253879157863,0.0003055234906563786,0.005174975385411118,0.013037186400317369
-0.00861869054299147,0.00026444828086114036,9.23608071194959e-05,-0.0001871801771267112,-0.00012805454300568453,3.678966698905661e-05,-0.00019907557316289903,0.00025737343086817965,0.0006621296622251194,0.0034986600769846277,0.0002466447856142029,-1.0669017951769888e-05,-0.00018823708397153194,-0.015737700762604168,-9.860020280361148e-06,0.00024390856877132272,0.0012116140899582906,0.0003681172567615576,0.00972520322823267,-0.0002572208899109807,-1.4169619102499809e-06,0.00014721303141929099,9.377531317644738e-05,0.00018982421372681912,-0.0004265074566646154,-0.00014509897132697347,-0.0002507406785370314,-0.00016420878267831007,0.003313257647959089,-1.2524395100022012e-05,0.013791833667605502,0.004590099684952831,0.0005225958666532637,-0.0001636640792183064,-0.0005919787809645083,-0.00011886594431631536,0.00021887567683531728,4.4699379871282474e-05,-0.0073296958940269885,0.0045972712365762725,5.436743556019863e-05,0.0004464487050865884,0.00041217615877142677,-0.0005983598553260805,-0.0005959794844589972,0.0010728517625195888,-0.0005324641259193408,0.00033250888812985657,8.717385799883459e-07,0.0003239135303652052,-0.0003040707324106773,0.0006329487868230732,-0.001416693914023992,-0.0005211728957073003,0.0017239580259444942,-0.0023187479346391537,0.0002916403900652398,0.0009040734427392394,0.0009682175538348048,-3.0246186112359297e-06,-0.00013028286855398807,0.00035123235855771817,0.0002674726623759227,0.005067611482733714,0.013758144168044772
-0.008737729766035263,0.00033133655835793085,0.0001216094477751728,-0.00018846850201892362,-0.00012748180877297788,4.981036583862064e-05,-0.0001960441946542435,0.00030543692392992483,0.0005874145117508167,0.0034437715363502264,0.00026497245336498665,-1.469117952868082e-05,1.95314637498889e-05,-0.016044295574500045,8.586346873507011e-06,0.0002442714292141268,0.0010969750571092618,0.00035004035379415654,0.009807436669872827,-0.0002447006336931956,-6.08258807288653e-06,0.00017041375657123048,0.00011461930830458655,0.0001854649900914218,-0.00024430223934113204,0.0001751106255269974,-0.0008662253443112444,-8.467561485947517e-05,0.0034628090706723125,-7.362405812783024e-07,0.015453372992229042,0.00565065645571039,-0.00011682874477869643,-0.00015952039151689856,-0.000590659107065461,-0.00013462119925167215,0.00018898970836889184,5.55485206059636e-05,-0.007944346617127618,0.004742555793888492,6.576081412101864e-05,0.0004976605662010414,0.00043642406015353963,-0.00043858115547867893,-0.0005691309904288788,0.001075457194243068,-0.0005327647720544393,0.0003557829158633563,3.628206296268921e-05,0.00036415018654523124,-0.0003173533805055362,0.0006432828199525176,-0.0013613746775739122,-0.00045198896692888457,0.001602389355362499,-0.002245916402680792,0.0003039488680465219,0.0008685268022967652,0.00083843765729541,1.2812753873214788e-05,-0.00013000422450804017,0.0003688352949875462,0.0002147729674206733,0.0050556139816679835,0.012770628449401134
-0.008892684885493662,0.00038093024088037275,0.00013360862276123875,-0.00018412799469003094,-0.0001311657280728129,6.225190124742319e-05,-0.00018918253841360144,0.00034916342848223536,0.00047816859580396276,0.0033816891245417313,0.00028442100016268235,-1.6876482364036605e-05,0.00018683795577367768,-0.01636121732928919,2.227430596390967e-05,0.00022535161924475133,0.0009891063131397537,0.00034488801685306214,0.009710445869518969,-0.00024014346093415018,-8.367849229862223e-06,0.0002336565984222272,0.0001240773805015749,0.00017118741812205407,-0.00016240016374347022,0.0007449959259426819,-0.0014537872410097519,-5.7008406934455635e-05,0.0035109747161656824,1.0370509587520615e-05,0.016323267253757878,0.006075361326514983,-0.0014659559721930115,-0.00015393126747942354,-0.0005869713230145512,-0.0001450745497083572,0.0001810630955769721,6.555269646213446e-05,-0.008590163641181592,0.005063827231641671,7.736130161650756e-05,0.0005479288757994638,0.00045027874413072766,-0.0002684650161144386,-0.0005556058074415171,0.0010760793044191086,-0.0005431732526077759,0.000382643552567119,0.00011873523105121464,0.0003993660563403889,-0.00031578873296700394,0.0006389591242150772,-0.0013064984551496295,-0.00015014598436191573,0.00140903831027539,-0.002241518114428298,0.0003252302235410287,0.0008648982321444176,0.0007748049772073884,4.2666443122341136e-05,-0.0001217247649416553,0.00044814970954076827,0.000162296745560786,0.0050195897922709065,0.010863056289121875
-0.009063959985065262,0.00040732751842575965,0.00012856761282109552,-0.00017986181250184696,-0.00012623936440292471,7.047977856511345e-05,-0.0001886096938433779,0.00037704627203316576,0.0004917231206584827,0.0033066191991129035,0.00029876478908597015,-1.677069088512617e-05,-3.454450776552154e-05,-0.01653447985182155,3.887541209812717e-05,0.00021511585274525125,0.0008321069014309845,0.00035627703784402165,0.009435370305145074,-0.0002458679224446314,-6.792868738725311e-06,0.00028786642905664905,0.00013622674816193836,0.00015579622405370586,-0.00016645933609560348,0.0018377454704081586,-0.002001095098647876,-5.965706923338754e-05,0.003477393427479658,1.8273170715898956e-05,0.017296039228488658,0.006044782079455802,-0.002614743916748763,-0.0001313915523256659,-0.0005824538013130542,-0.00016017953102076543,0.00017755206817682279,7.439627416361283e-05,-0.009326373756934125,0.0053231616481059785,9.109467889611977e-05,0.0006043936598403299,0.00046852463883229056,-0.00018089761060047227,-0.0005225214914107434,0.0011066235207377595,-0.00047675757849641176,0.0004078764428612214,0.00025745224294815294,0.0004491902671024395,-0.00032684933897697555,0.0006346431691155452,-0.0013141154271610889,8.378847972578818e-05,0.0011900348890740986,-0.0021069160381025354,0.00035110015591577337,0.0008748266741938071,0.0007722256598607924,7.289998540205289e-05,-0.00012138122376936789,0.0005651307487273272,0.00015529299918592976,0.005007486155313545,0.0089238019242599
-0.009224120095614463,0.00034076886302369935,0.00011447520628493635,-0.0001776325165091519,-0.0001228659335574811,7.673742787472904e-05,-0.0001841910788782375,0.00039569585684828823,0.00048640587926063183,0.0031680854983517914,0.0003053673777928534,-2.3518664232446973e-05,4.40601867546242e-05,-0.016721000683850074,4.345225950386222e-05,0.00021241379299530294,0.0007255020504592924,0.0003732747426292704,0.008979442000601301,-0.00023036015448096858,-1.0399007018824236e-06,0.00033612336662725006,0.00014791555266069345,0.00014759198711167265,-0.00023025610413140996,0.002839877400370394,-0.002464081088024872,-7.695748933744806e-05,0.0033800373850201293,2.6516543930599212e-05,0.017572788942596507,0.005692308408380864,-0.003507844798716908,-0.00011276575606999906,-0.0005784308438635533,-0.00013476110348120685,0.00018764955780703474,9.196033156921857e-05,-0.010061800573525126,0.005463125649248335,9.185979257275712e-05,0.0006302416644019537,0.00047989118737290504,-7.048384600749635e-06,-0.000440523235339052,0.0011323243223695378,-0.0004182856592884754,0.00043196986565297024,0.000416399639603382,0.0005229524355807591,-0.00033491785554551345,0.0006525036573286069,-0.0013146545314791647,0.00014540062180112834,0.0012133402631437917,-0.002005212248702759,0.0003755598848871333,0.0009205438843384872,0.0008045794171249732,8.821006819648147e-05,-0.00011929356668749502,0.0006304939177754765,5.779021358343073e-05,0.00494001918431386,0.0070479119685638025
-0.009341976129744634,0.00030830235976164744,0.00010355281191665178,-0.00017803121731552185,-0.00012592672978528618,7.823358183434159e-05,-0.00017627221637595003,0.0003965198312423368,0.0005044725575940046,0.0030981034619503856,0.0003134607331818362,-2.6353172939974634e-05,-1.770959449409748e-05,-0.016802675896952946,4.568258565962324e-05,0.0002115076988566944,0.0006558340357725179,0.00039604287503736124,0.008779379366974593,-0.00023267620467337657,-6.66731615694971e-07,0.00021063373352325776,0.00016067805191632978,0.00014089616973445018,-0.00037358281420307726,0.003207664658128273,-0.002862921113023331,-0.00012972967640756394,0.0031964360595844177,3.355954579142839e-05,0.01703263673868549,0.004845179909441555,-0.004031587973565842,-9.324447431069416e-05,-0.0005877252796715471,-0.0001084905820021298,0.0002213028554947094,0.00010984265167590657,-0.010736885008704733,0.005702067062553162,9.14467473334124e-05,0.0006660163770337846,0.0004913979413987413,0.00010938850993325033,-0.0003905912144206436,0.0011771420533981392,-0.0004079591326446863,0.0004432260741897842,0.0005848215188135608,0.00058865358467175,-0.00035316058256507077,0.0006731921609168801,-0.0012477597570277332,7.971488797875459e-05,0.0012320559116145713,-0.001547932947136399,0.00040610683701003403,0.0009234924762673291,0.0008683104787121643,9.581918976242498e-05,-0.00011970251634230156,0.0007309038778524624,3.5394786050080285e-05,0.004877952474040326,0.008283566889939475
-0.009507380939573373,0.00026692890442348016,8.318719608246816e-05,-0.0001804345136504626,-0.000123150254154214,7.450593478841583e-05,-0.00017983837012303105,0.0003881271582308887,0.0006569098148729857,0.0030438438554212244,0.0003178430734163129,-2.972840146275857e-05,-0.0003446547896055474,-0.016795651187799132,4.7790077667198005e-05,0.00021236274978764236,0.0006811229629370974,0.0004023564047102024,0.008397023346907284,-0.00018268174667113168,1.0873814282330585e-06,0.0002466828045923908,0.00017666745445876764,0.00013461346774890082,-0.0005323621022979008,0.0034487978919302,-0.003219597223035442,-0.0001852232591789127,0.0029659115351972076,2.3683038004929102e-05,0.016963350376761888,0.0036644702897399295,-0.0040740767978356685,-6.790482439333889e-05,-0.0005944190838782504,-8.465416034597606e-05,0.0002627338765179843,0.00012707190396987755,-0.011355075829211247,0.005863396835370516,8.363602110139645e-05,0.0006739351561269036,0.0005045303895188091,0.00019422704805194257,-0.00041088169819381015,0.0012627929728354914,-0.00039363483957643997,0.00044576396612105995,0.0007149067714411483,0.0006496832155111765,-0.0003581518796259564,0.0006823512520126584,-0.0012496578639376033,-0.00014599184578656388,0.0012537263332066395,-0.0009822959627903138,0.0004334441592563909,0.0009210051123889063,0.0009326653024432918,9.569911818374521e-05,-0.00011563738441511262,0.0008477740635712827,4.144515928317105e-05,0.0048269746928799595,0.010270670845966112
-0.009666284583296547,0.00023329359334756106,6.934344185971497e-05,-0.0001820746666678641,-0.00012317542557938044,7.260154571442357e-05,-0.00018816359346218725,0.0003769617840660988,0.0007074246033522691,0.0029385903731553586,0.0003143403930718769,-2.9888248521348082e-05,-0.0007929676762699067,-0.016847346457699586,5.46263232967803e-05,0.000221017411941693,0.000704884767672942,0.0003874707559488044,0.008053276067812698,-0.00014336852178686854,4.9576223495328975e-06,0.0001884874442514839,0.00019913554073514028,0.00013378492798254982,-0.000694452235074916,0.0038738114645358035,-0.003649151010475582,-0.00024443298244403167,0.0027105464107937127,1.8950987371146866e-05,0.017473778300792997,0.0022822403566982175,-0.0035891110840419183,-2.6596158708591666e-05,-0.0006162380769879627,-4.432777597895843e-05,0.0003005483903257833,0.00014864407508907718,-0.011979147744816121,0.0060005569963412775,6.931098178442063e-05,0.0006850178690931408,0.000514478522417372,0.0002473150303121674,-0.00036459379415731963,0.0013217883645872952,-0.0004044389163593287,0.0004473699852367563,0.0007956401182498407,0.0007098182044082968,-0.0003608849741606468,0.0007069251728222259,-0.0011220726514347135,-0.0004801935934312107,0.0013378066510258968,-0.00031480059553390394,0.0004647726645441441,0.0009143154932456099,0.001009505049252457,0.00010317828924177874,-0.00011919846946184531,0.0008373971713651063,6.674048400023835e-05,0.004732037237651143,0.012284269086360489
-0.009848016620035982,0.00023099368686207988,5.125517444382055e-05,-0.00017747435153281366,-0.00012184032829065661,6.824334545108002e-05,-0.00018493242295536394,0.00038043254411768146,0.0008525853689036467,0.0028297884383632343,0.0003284093864928117,-2.7929126228065648e-05,-0.0010082644773705685,-0.016754237244227088,5.460500843890159e-05,0.00022420066496953162,0.0006999766989432832,0.0003968149608362115,0.007600509208458117,-7.287692523971767e-05,7.38850583625883e-06,4.5019922450650895e-05,0.00022039258278949703,0.0001375262872320704,-0.0008137682094551124,0.0036433748766808716,-0.0041017656976880534,-0.0002788330383957094,0.002459494945306062,1.3276364056347134e-05,0.01872174857865061,0.0009253887159517138,-0.002542939866731042,7.564027616036029e-06,-0.0006296212816641056,-1.8698830304142433e-05,0.00033877331121701104,0.0001875274191727172,-0.012533260467546214,0.006044623544820826,4.648654691852272e-05,0.0006955266988435405,0.0005274396941790105,0.0003769781999645172,-0.00039049642873967283,0.001364366688826557,-0.0005025447133415462,0.00045038952384968134,0.0008192890801999031,0.0007697033073252868,-0.000373334753218324,0.0007152975289452801,-0.0010519496447674026,-0.0005735196898712935,0.0015829554748056918,2.9104988162220735e-05,0.0004972316406317567,0.0009077838953610584,0.0010887718538994395,0.0001048308501920836,-0.00012104207424490365,0.0009269014496791073,9.844920854673589e-05,0.0045711328357074255,0.013885688697101939
-0.010027941625155967,0.00020204017724134715,4.522324854350224e-05,-0.00017058606195297088,-0.00011885349803442136,6.305535543060792e-05,-0.00018258846177077181,0.0003815241947779935,0.0010171257852447102,0.0028643838127455634,0.0003465390705792437,-2.7160796573166834e-05,-0.001369549218018129,-0.016602189605653295,5.371122869601841e-05,0.00022353494182469902,0.0006975258628338921,0.0003864824489863139,0.0071757448175995275,-1.864000869289395e-05,1.2602019401564135e-05,-4.338621298249912e-05,0.00023800464755030504,0.00014778955901895152,-0.0008630502693078856,0.0034774624830309353,-0.0045120512983936045,-0.0002861231160499189,0.002232971027605002,1.9458884057410586e-06,0.01915639294413274,-0.00037378920125386017,-0.0010118259473042013,2.98825577662587e-05,-0.0006409221910221863,-3.3752690450361555e-06,0.00036919696491222176,0.00021777404226974717,-0.012952748239025258,0.00598007231108455,2.505261486196453e-05,0.0006993381235478324,0.000532624956893768,0.0005865512000466921,-0.0003958727722339628,0.0013710004119136254,-0.0005881421358202576,0.00044686953724415446,0.0007738385331885755,0.0008519820579171444,-0.000377870156671678,0.0007197929237920953,-0.0010576363036371994,-0.0005462038745397413,0.001548606104795569,-0.00016636207381970358,0.0005283841335890216,0.0009161909800394774,0.001122797765490846,9.528157278082539e-05,-0.00011865507822783616,0.0009557304563549973,0.0001293077784665364,0.0043821468953177956,0.012929284185533074
-0.010203372400834465,0.00016421249337916777,3.596591107180025e-05,-0.00016730510902629447,-0.00011637414332910101,6.350304332514156e-05,-0.00019242728179846846,0.000389863647022759,0.0012973851498532252,0.0029016048594965316,0.00037363750261976136,-2.1376474646395138e-05,-0.0015838260141969318,-0.016641561668432336,6.0214193810637084e-05,0.000224548419092363,0.0006438548093095076,0.00039817606698333563,0.006810679280152332,4.265231223565813e-05,1.4421982091006313e-05,-5.680241757566318e-05,0.00025240606095366935,0.00015429767538810424,-0.0008349681333686965,0.0036369985609483457,-0.00483899479519545,-0.0002464043290688611,0.0020576997148258336,8.28092508164957e-06,0.019031276110506257,-0.0013290979612720077,0.0008699045104239023,6.432185400240265e-05,-0.0006435435365018671,-2.8300189957475297e-05,0.000388214958998212,0.00021040309649067446,-0.013269628152712709,0.005995176300308991,3.469172380476948e-07,0.0007402345695812773,0.0005376905748091243,0.0008311517565169346,-0.00038046514522682706,0.0013280546728149378,-0.0005747934633217877,0.00044245567057688007,0.0006725949021437749,0.0009624026692907073,-0.00035959457919487736,0.0007094666568472352,-0.00101726575223815,-0.0004847244038657106,0.0016023377460476773,-0.0004373379554160062,0.0005501493690727166,0.0009180762906284556,0.0011244339247229451,7.808603441161743e-05,-0.00011698616176969434,0.0009380050399767637,0.00016417848729655127,0.004211803729147867,0.011969698402134465
-0.010337243026499854,0.0002037791291409352,3.002728942913535e-05,-0.00016268879680247927,-0.00011323853799372063,6.369873923151026e-05,-0.00018125726383055873,0.0004010324482826011,0.0015810978186994173,0.0028840079050704848,0.00040585954949401426,-1.553132554765746e-05,-0.0015909969790298684,-0.016766654847127693,6.628412953579854e-05,0.00023500422480982053,0.0005996848753619943,0.00039647766392492123,0.006393158377298258,8.226326986093824e-05,1.972904898539518e-05,-7.938190938427958e-05,0.000268410510304129,0.00016501612452568537,-0.0007484923942495669,0.0036738605139712277,-0.005048635302181137,-0.0001903682507571336,0.001944475294407333,-3.5737108108335747e-06,0.019018751646083798,-0.001826939584983256,0.0029149198268478838,9.148387190638374e-05,-0.0006586390817225896,-7.226657675740711e-05,0.0003889256178251088,0.0002274343759565145,-0.013550186944200071,0.00606042650398364,-1.708556577639797e-05,0.0007783380891546177,0.0005503219189129105,0.0010478058041505367,-0.0003831486300959197,0.001322143134517173,-0.0005380653702127258,0.0004492494711514361,0.0005482734474160367,0.0010581165450356256,-0.00036360532752488517,0.0006996173205173761,-0.0012075799859413427,-0.0001529539135149971,0.0015905102924438363,-0.0006855294579878324,0.00057582635081177,0.0009159199063379919,0.0010727402293611021,5.720946670551008e-05,-0.00011787713990640825,0.0009793688423456182,0.00014994470904605706,0.004105084744875365,0.011016475162395567
-0.010430610937812612,0.000246126276381764,3.596720107368334e-05,-0.00016260397315204234,-0.00011496376171105105,6.580339331518914e-05,-0.00012176246265205304,0.00041262856794910263,0.001814272734034672,0.002946478847797973,0.0004425991934842166,-1.436497156093175e-05,-0.0018180062397450403,-0.016806265187624736,8.246324807492655e-05,0.00024411440424954023,0.0006986982049161927,0.00037425297120052825,0.005452586336727627,0.00013601065622248498,2.489778732339687e-05,-0.00016209859066185217,0.00028453610883838465,0.00015848172424304252,-0.0006002585414774941,0.0031343790779103653,-0.0050746638680472245,-0.00010199382249709288,0.0019273727410862307,-1.2063227644909524e-05,0.018432794657028184,-0.0016720392405067397,0.004936589837311711,0.00012373975588175767,-0.0006818362409740653,-0.00010707608646609579,0.00037667724181877915,0.0002367802506750838,-0.013768950767362953,0.006109932640642635,-2.6841309586633777e-05,0.000847962508632838,0.0005652006462020243,0.0013023981499749038,-0.0004136071474306613,0.001310401402446315,-0.0006377535998347561,0.0004621787563139357,0.0004322128587783691,0.0011223846414563088,-0.00035112981674256805,0.000694650462041535,-0.0012327992621444794,-0.0001391807648845056,0.001711967633519773,-0.0011686468998182153,0.0005889947162511788,0.0009002777104705206,0.0009873714790609167,2.6784832167336958e-05,-0.00012624316908083077,0.0009524743671942559,0.00015434043420659016,0.00394430053035455,0.01006199572813915
-0.010468350384282843,0.0003280523949711345,4.940557656918365e-05,-0.0001579724185470921,-0.0001144716618848296,7.768014700060277e-05,-8.902005387623202e-05,0.0004252049375343958,0.0020334532152612717,0.003028772454497952,0.00047292337670423734,-1.0462191509796881e-05,-0.0018082870197215772,-0.01687791900696256,8.648118030696317e-05,0.0002574208151906454,0.0007818580496472549,0.00034266150271866636,0.004611278877935998,0.00019237448526610024,2.8468999340613976e-05,-0.0002021509774631225,0.00029382971632707644,0.0001526777897091769,-0.00039805549045734967,0.002893190236933574,-0.005178530408008197,1.1095309296216271e-05,0.002001744944123862,-1.7494581459831515e-05,0.018329670036412615,-0.0010258474761938308,0.006763138701660898,0.00014173043489895676,-0.0007036268952129721,-0.00014588129810688688,0.00034851332069263385,0.00023225500793810916,-0.013969379944432259,0.006130775145604561,-2.8833944351269736e-05,0.000925784446737854,0.0005723954442575785,0.0016567151435180616,-0.0004581181314192717,0.0013399360584673836,-0.0006888597841723243,0.00048397409767542143,0.00031551095534765317,0.0011535575439731716,-0.00037326571965001776,0.0007033952373889374,-0.0013566717486804825,-7.652443834327283e-05,0.0018263513483129934,-0.0015043150979824338,0.0005992121081828117,0.0008796505427819401,0.0008841111283530712,6.077058139375424e-06,-0.0001354255634963275,0.0009798195335317672,0.00015704322055620779,0.0036971360318176494,0.00909355132626044
-0.010564269296249651,0.0004626474739415354,6.82284383044518e-05,-0.00015442075499605412,-0.00011847994304969856,8.343236235885954e-05,-8.203814231921847e-05,0.0004314535797005359,0.0021695669199270906,0.0031568067210556716,0.0005115351794855449,-9.076077106207059e-06,-0.0018372546530333045,-0.01694783292270252,9.298710387772857e-05,0.0002693243098503828,0.0007903511640496852,0.000311196934181579,0.00430872160357354,0.00024628634413104145,3.106178561940176e-05,-0.00020337494469224726,0.00030066936850503545,0.00013874058095186825,-0.00016684734190863804,0.0033897949495416135,-0.005354050582832448,0.00013523142031690583,0.0021293756325073687,-1.5457682550956697e-05,0.01813487671997205,2.871950715110927e-05,0.00818413221708214,0.0001565286749369843,-0.0007134917170407151,-0.00020681174745385,0.0003063511308778466,0.00022680466664004584,-0.01418888933086182,0.00623764151028916,-2.0754127270428135e-05,0.0010055052487896177,0.0005737996721908445,0.0020441997151630087,-0.000606104367101401,0.0013157342742058376,-0.0007576571801485299,0.0005088778824937634,0.0002382969520251521,0.0011984212812896633,-0.00041007965558748083,0.0006824632996680347,-0.0014113947339058353,-2.477961629232528e-05,0.0019254135293458319,-0.0020553897348551953,0.0006211343415680748,0.0008707019411047234,0.0007613857610480057,-7.764023467360381e-06,-0.00013843597800256013,0.0010665260643827335,0.0002153551838512957,0.0034144849554342827,0.008162955902049962
-0.010555878676858033,0.0005595991126701172,0.00010027853930894004,-0.0001596075581552503,-0.00011363876671788287,9.32802146695888e-05,-5.658640408079396e-05,0.00043742251045020275,0.0023647377258129154,0.003253873576438915,0.0005280852039113437,-7.452746105807151e-06,-0.0018841689104067694,-0.016969964137781846,0.0001016728269083167,0.0002817460510240455,0.000719836536237084,0.0002645425756824249,0.00404609249817689,0.00029196330229863676,2.96317787711331e-05,-0.0001586387275954726,0.00030608196696646495,0.0001186354266227152,5.4742832771514927e-05,0.0036840932997808107,-0.005371709225455268,0.00026197918070280934,0.0022672585279235324,-1.4541928385236602e-05,0.01756178923525087,0.0012468666022551478,0.009132297504846454,0.00016867282085941682,-0.0007355361366867541,-0.00026541652748224287,0.0002635407680131596,0.0002174518481932175,-0.014366668286891371,0.006362522982904961,1.6080258222750388e-06,0.0010841116894866332,0.0005874302154464939,0.0024257709952113515,-0.0006539527444348048,0.0012756685957084901,-0.0008079239095734048,0.0005419928736882795,0.00021465827456590425,0.0012475062660732839,-0.0004372911241184996,0.0006736394829511827,-0.001316053930567107,-0.0003127803954318109,0.0019676078685075815,-0.002511279501173025,0.00064490094592351,0.0008418041711939495,0.0006462810878746783,-2.3926728056400393e-05,-0.00013407970387968593,0.0011844772113600577,0.0002020918471348221,0.0031232533588796407,0.00720712238798904
-0.010573406442368594,0.0006846173279464463,0.0001266059614801751,-0.00016033629492939738,-0.00011096386591147311,0.00010047763257658993,-5.535660917543872e-06,0.0004473759026075719,0.00254069310424776,0.003340843856864728,0.000539503943852937,-4.522122969197184e-06,-0.0021505105572865446,-0.017009112266388127,0.00010681259621403427,0.0002879806618094616,0.0007145921233577823,0.00021732526222328907,0.0038318637088081697,0.0003477504205000592,2.8085910088959665e-05,-4.5181854919418285e-05,0.0003111961083788195,9.343994793908905e-05,0.0002298160759577339,0.003886179640857579,-0.005425391118020539,0.0003769571029934582,0.0024044802260132503,-2.0835914695704894e-05,0.01713019758751666,0.002328380785564521,0.009541715526275807,0.00017231761979363824,-0.0007641184152039626,-0.0003163751692019101,0.0002261379288746035,0.00019380659139378587,-0.014312967324949688,0.00622213897594226,3.063880462939039e-05,0.0012086574183249876,0.0005963923339420418,0.0027674936640316172,-0.0006552461052357073,0.00129694572311001,-0.0008578198739122023,0.0005845871019170001,0.00025295467839647756,0.0013326647696438876,-0.0004495500349932513,0.0006996508377363764,-0.0014196230959206968,-0.0006051008445749906,0.0020328431171210415,-0.0028084811608681814,0.0006709226500958287,0.0008510081915411583,0.0005616083701260877,-4.024922917467144e-05,-0.00014248103167657789,0.0012293806741840996,0.00019474944834452224,0.002827109253636939,0.006988936083101693
-0.010629708752821765,0.0007956674301603517,0.00013671599030939952,-0.00016471707125520485,-0.0001079895293898403,0.0001058872157129187,3.255703436066959e-05,0.00044316595851956464,0.0027111147698626326,0.0034205762045880217,0.0005370803919766409,-1.6781480912664293e-06,-0.0023679504953426633,-0.01705194449072922,0.00011924710189537002,0.00030064191890266656,0.0006173563526403747,0.00015234426936516776,0.0034564119000652926,0.00040167978369476387,2.2551533763071063e-05,3.942356287311988e-05,0.00031736898382073164,8.254053232437109e-05,0.00035563828879969783,0.003388120143513529,-0.0055541415581892295,0.00046406052231517947,0.0024948527879999904,-1.7296683416656577e-05,0.01697431707427266,0.003109369494180614,0.009461191565458549,0.00016115674919103817,-0.0007768714571936286,-0.00035445462872518707,0.0001983686427315945,0.00015929983810947235,-0.014105795027723356,0.006011161999808667,6.470886657528041e-05,0.001327681513503265,0.0006041292946989962,0.0031038785101888955,-0.0007792300870568258,0.001339258690289613,-0.0008997888018181799,0.0006312267781403147,0.00034904022617521235,0.0014024598051247672,-0.00042811983879620374,0.0007100318767228053,-0.0014693393462955617,-0.000850425015058609,0.001988970282881697,-0.002995250117545867,0.0006889113594041874,0.0008672939422920134,0.000481886952262478,-4.8200705688561385e-05,-0.00014514103178042692,0.0012925638207252899,0.00017716184419569458,0.002697834846517866,0.0076992896113960985
-0.01069601473456483,0.0008383994974578979,0.00013323929340658403,-0.00016795566626504055,-0.00010160152146743151,0.00010873907847797071,8.1247862928846e-05,0.0004351249659160228,0.0028405930886414854,0.00343144530450723,0.0005287774331148576,8.756090101869063e-07,-0.002566097162012615,-0.01709830066912843,0.00012862256440748787,0.0003244003352291802,0.0006536255000391122,9.693226159424029e-05,0.0030412852496923826,0.00043924723581967307,1.3733740962695862e-05,1.4773060973194418e-05,0.0003298633262351913,6.921545398075324e-05,0.00042272158267864235,0.0033427981645834937,-0.005619261173213763,0.0005197691710689956,0.0025371097491091454,-3.055635775628396e-06,0.015789305624062777,0.0035399693737969695,0.00892175033189413,0.00015741763339494064,-0.0007853124037088266,-0.00039075689714207495,0.00018193012469813752,0.00012439185478685388,-0.01384030734492614,0.005805258806774738,9.204009851782047e-05,0.001445052224746446,0.0006199269843192301,0.003342408487505999,-0.0008025109967702004,0.0013770823007992483,-0.0008923167113888963,0.0006635716658225377,0.0005108636194437466,0.0014533636985363252,-0.0003981512896823469,0.0007040719684396901,-0.0015144478597818312,-0.0010279070540667457,0.001868456511995742,-0.003596861177501798,0.0007004179095724261,0.0008697328701332552,0.00045424070644561887,-4.505792104092521e-05,-0.00015284631345779953,0.0014094022848123444,0.00016851114345550755,0.002494482762010586,0.008409643139690282
-0.010800638947453756,0.0008019402296395306,0.00012292035493022269,-0.00017424792617026785,-9.684574708990201e-05,0.00010994400685104821,7.812051438116363e-05,0.000426359404826826,0.0029730640087215487,0.003420903423595245,0.0005232443713965029,2.4349730693984384e-06,-0.00280500573078879,-0.01699375112998769,0.00013897653030991997,0.0003341528182680964,0.0005096561642621289,7.915602219044082e-05,0.002693506440068605,0.0004792313539350168,1.053099900638621e-05,-1.943153954653276e-05,0.0003404759396530288,6.055819473771429e-05,0.0004244614851074413,0.003120427754655042,-0.00569973525437506,0.0005318922718433594,0.002500239632510004,-1.1510256824331933e-06,0.014015632736184891,0.0034210128025939923,0.008155107244202098,0.0001538094152992997,-0.0007974030500959017,-0.00041259761650214166,0.00018337735514339926,9.331670710777118e-05,-0.013336534325468663,0.005528987782262629,0.00011791504864722135,0.0015190034823433507,0.0006270202117544255,0.003586493334754026,-0.0008604734393528046,0.0014391876840695872,-0.0008111932692689283,0.0006882194797153129,0.0007214647243889427,0.0014900375868107663,-0.0003370132340677623,0.000691881459453425,-0.0015118956149744456,-0.0010968963622102201,0.001689998507929058,-0.004370396052429948,0.0007127031063327571,0.0009013470331824536,0.0004986127497323967,-3.7454209720455545e-05,-0.00015700106809135583,0.0015603274222979469,0.00013399027200988733,0.0023291692708726774,0.009122362229089243
-0.010839461172061915,0.0007564913920443672,9.656153092807429e-05,-0.00017829408438063687,-9.393145714020612e-05,0.0001093932190627811,7.162597857690578e-05,0.00040345197723357096,0.0030514767100264795,0.003462011291831324,0.0005241530952251328,8.441175924911448e-07,-0.0028573150012737303,-0.016753740187382515,0.00015706378287538847,0.00033685839332497913,0.00038959571187713316,5.107905922874245e-05,0.002571570434818593,0.0005133316529379872,6.1722809219233454e-06,-5.3549292169385865e-06,0.00035452316772710546,5.4734383715615564e-05,0.0003664910845164737,0.0033704797834255285,-0.005826980978615115,0.0005003973191721744,0.0023632195643141785,1.3863457620111319e-05,0.012072163664999414,0.002669934100270277,0.007338829824187876,0.00014953911130399788,-0.0008174314955341488,-0.0004171950492948273,0.00020131497076580906,6.468728332542639e-05,-0.012832550808328236,0.005306495245215759,0.00013673518665324735,0.0015303489819176175,0.0006356247540253435,0.003717781507513118,-0.0009145902095221148,0.0014678736382074398,-0.0007305344447312567,0.0007028806912585672,0.0009421778882787724,0.0015004067282233802,-0.0003087256353520029,0.0006979896661036822,-0.001577679763196782,-0.0011628572378443724,0.0015870980865047013,-0.0054108073964725945,0.0007218077389476996,0.0009232929534153111,0.0005947496633971205,-2.9042159912617826e-05,-0.0001546552061743034,0.0016174680142069242,0.0001811949468413232,0.0020874366490051255,0.008987394732428822
-0.01084448143375516,0.0007299428389411222,7.083378299865828e-05,-0.00018568200332036433,-9.389826826355918e-05,0.00010780455339154393,4.827665420692462e-05,0.0003804254681745167,0.0030264599359255406,0.00343877092452205,0.0005321777697588903,5.073656241805224e-07,-0.0030220628763006907,-0.016779803877788546,0.00016734842307708497,0.0003382332821582068,0.00034476091063040393,2.168949132297371e-05,0.002108488682662335,0.0005400289615780096,2.0772778519528856e-06,2.2593088494948788e-05,0.0003697393468373722,5.248814814162728e-05,0.0002797690657896368,0.003864205492750461,-0.006054115970025475,0.0004441422974863496,0.0021459340575100683,2.0045928066370067e-05,0.011231261239195822,0.0013648168118376436,0.006624142968922442,0.0001293153641073186,-0.000820136246997949,-0.00041791157072412766,0.00023503358032472832,3.232723965829187e-05,-0.012107279828602158,0.00514859816092561,0.0001525282061713984,0.0015076963367468554,0.0006380894243700475,0.0037396339601685202,-0.0008914861355187043,0.0015060469674557098,-0.0006166646255587604,0.0007026268510483824,0.0011246048707806988,0.0014867706105781142,-0.00027566522118549486,0.000706228898576633,-0.0015951567563480262,-0.0011113259931490038,0.0015014515452127508,-0.006120336819673056,0.0007375792770705214,0.0009620570355626246,0.0007183984717573644,-1.468759819278631e-05,-0.00015757756212353424,0.0016929446854401231,0.000200658037548207,0.0019471557484185276,0.008274675643030083
-0.010911953382610307,0.0007739087722002935,4.906363766865596e-05,-0.00019372213715862507,-9.565629761398853e-05,0.00010821858840182053,3.924957676315621e-05,0.00036351305757076346,0.0029732094287822086,0.00345558938171342,0.0005376964292578279,7.760970694992153e-07,-0.0029990451941783736,-0.016272471195144744,0.00018047604600379685,0.000333272328865597,0.00031902066648670235,1.8488867761234928e-06,0.0022827827275007095,0.0005530817586207881,3.939824471110853e-07,2.7175777363330766e-05,0.000377255399510279,5.592818521904519e-05,0.00018904079704396004,0.003916354840929781,-0.006202909349314112,0.000383813478251227,0.0018911254085465234,2.6131431642761882e-05,0.010713380422311403,-9.41658176969451e-05,0.0061459534844452435,0.00010990388782627925,-0.000807249828830181,-0.0004162784436734235,0.00028357983414184496,-5.036551283255086e-06,-0.011245381915290897,0.0051075874161827794,0.0001599983948361583,0.0014185963060018292,0.000644065897354329,0.003561083728049308,-0.0008723033568038829,0.001493560167679986,-0.0004492247394806137,0.0007079850447118119,0.0012469263410455067,0.0014508809171240866,-0.000212556546237197,0.0006942677730592539,-0.001623516628941335,-0.0013550442804683982,0.0013744599073695074,-0.006416736434585291,0.0007520937867602218,0.0009823097257903868,0.0008263089149844749,-1.0794224196475355e-05,-0.0001600785905877533,0.0017223601978191283,0.00019734492687639715,0.0017791673611242675,0.007557209117208696
-0.01092544370138615,0.0008137684183868732,3.203506276139301e-05,-0.00020019981234575823,-9.448216254381858e-05,0.00010721269424740498,1.9821873483261143e-05,0.00036473003910475477,0.0029349450288835843,0.0035222898979669903,0.0005482740305606804,-2.203344796614104e-07,-0.003089714339675531,-0.01603052960398277,0.00018379142654456615,0.0003227046746290263,0.00031083342035320705,-3.8642560820867367e-05,0.0022640489272864883,0.000567785554978828,3.2758458214932062e-06,-8.2399660309318e-05,0.0003907331730503838,6.405349345439681e-05,0.0001106626836824276,0.0037061956719559586,-0.006161059293993576,0.00033639189760092947,0.0016139158792838337,4.543126783307372e-05,0.010099716443842777,-0.001645594336019296,0.00595854660060291,8.511068386485299e-05,-0.0007752944092694891,-0.0004016765262743194,0.00033729954457673017,-1.1616550301241091e-05,-0.010235409722981093,0.005122575966816312,0.00016804075753062975,0.0013353262108515285,0.000657668900992503,0.003314430698729609,-0.0008447648633596039,0.0014970208949565134,-0.00032691818527863514,0.000707350811809615,0.0013004022346512212,0.001398184929275459,-0.0001827589600602586,0.0006497053016272236,-0.0017044976800565381,-0.0017942047796811744,0.0011628333208553165,-0.00641788311602276,0.0007577553043385254,0.0009957842426298047,0.0009110812369970134,1.2119771681806668e-06,-0.00015743439740856235,0.0016507746512406385,0.0001580074877280957,0.001654459631112326,0.006844490027809957
-0.01099705105662907,0.0008191121125975531,3.597856369430552e-05,-0.00020792977517702926,-9.089184660626692e-05,0.00010794919672574288,3.8110318901773965e-05,0.00036628094063217986,0.0029175987558616168,0.003460103727538799,0.0005679653246783989,3.1149908565897277e-06,-0.0031425169200339775,-0.0161024535321731,0.0002093090618422444,0.0003322216320966742,0.0002884481666478589,-6.178642983400984e-05,0.0022058294076261475,0.0005782451423597124,5.108212672633172e-06,-9.439893920881737e-05,0.00040475239064896584,6.792030740165877e-05,8.763998155192354e-05,0.0032728011824452174,-0.006207462763335947,0.0003112495824062478,0.0013460592451817188,6.484630668968094e-05,0.009323946830354535,-0.003072811921195906,0.006014429790823561,7.524567321404163e-05,-0.0007373234019417696,-0.0003935764856320967,0.0003869834052676602,-2.277902675362764e-05,-0.009214980826006691,0.005294926856050264,0.0001720674181351356,0.0012558482396944903,0.000674955276158018,0.003118356563414304,-0.0008155571096299941,0.0015057545916057347,-0.0002425469536303515,0.0007017537379581107,0.0012817583140563027,0.0013749531039137786,-0.00012958663014295269,0.0006687207543845108,-0.0018639317648090348,-0.0019912270689705913,0.001004906123451832,-0.007382721289208916,0.0007625050313677662,0.0010129707705903712,0.0009571775294241469,4.605172483351794e-06,-0.00015760027235767193,0.0015571498764721525,0.00015993896378452277,0.0016629673409378487,0.007032968148070307
-0.011037166919872332,0.0008393901928620551,3.553247038157181e-05,-0.00021378519462977863,-8.799046429397439e-05,0.0001129237202286415,4.24052037402145e-05,0.00037926829952539265,0.00288221183053583,0.003400747106965696,0.0005923398053944151,3.327698508526211e-06,-0.0034614095439908787,-0.0161734859839453,0.0002227716891076703,0.000348506790704306,0.00029059754493032663,-7.590026290471563e-05,0.0024029767687361314,0.0005917943803885883,8.727047811518673e-06,-7.874406800789657e-05,0.00042775756532775766,7.090347387461726e-05,0.00012262657450423653,0.0027746935566763664,-0.00622646800984572,0.0003100039542267563,0.0011322079084183923,8.286067774632144e-05,0.00827336188420702,-0.0040701062134018695,0.006234950956408802,5.222176039310078e-05,-0.0007031395278112029,-0.00039152175506174114,0.0004239598782016518,-1.896250376609565e-05,-0.008271876580481119,0.00552750644511768,0.00016566454685595922,0.0012050728570345282,0.0006802681655651011,0.002907963608888675,-0.0008187466982225722,0.0015596303295128955,-7.764897495043943e-05,0.00069647528106076,0.0011931829731153254,0.0013296786714309672,-9.12058248971892e-05,0.000670771206038312,-0.00200793457301518,-0.0020567013288892433,0.0008491372140539966,-0.00833248240533535,0.0007561539257430194,0.001006502633370543,0.0009686393562353679,1.1679636262584836e-05,-0.000160265130345838,0.0013959845799320636,0.00016880159705912057,0.0016172026306999765,0.007508413301602346
-0.011089197541513607,0.0008785143571288234,5.708050563235645e-05,-0.00021718483867405602,-8.538013233172492e-05,0.00011586699879528872,8.708871202678381e-05,0.0004053783472390826,0.002894074527787005,0.003370217004539988,0.0006172883277306696,2.1945698407410674e-06,-0.003300047680134477,-0.016196700164554767,0.0002235749680610244,0.00034923742826875603,0.00025423653158318515,-8.099474616629632e-05,0.0025182180653577912,0.0005957898460169364,1.2238469869751967e-05,2.360638589715691e-06,0.0004467394921623402,8.1040290404788e-05,0.0002511317442435157,0.0028354813157396297,-0.006231183724308087,0.0003502432810185141,0.0009934395593329537,9.995102906379394e-05,0.00826447029563182,-0.004497962921320764,0.00645227603746501,2.9998575481027245e-05,-0.0006789042484705021,-0.00038205730868934307,0.00044218078900226665,-2.240033830347432e-05,-0.007491319103933303,0.005664977112441516,0.0001622579566662452,0.0011269909415505541,0.000677151842690904,0.002743530037417674,-0.0008290173882561369,0.0016131763500433216,6.32661274257984e-07,0.0006969350503984728,0.0010538617512547699,0.0012818675506303112,-7.158727812095478e-05,0.0006747901812034218,-0.0019871638255347657,-0.00213640074879895,0.0007297338824949762,-0.00887674697475982,0.0007485237704558667,0.0009747640530965995,0.0009265511036820051,2.990543032321824e-06,-0.0001544467232160729,0.001212475369644972,0.00015266388493073713,0.0015796388853797083,0.00798072612594769
-0.011156153326549623,0.0008937863987734662,8.755307549623836e-05,-0.00021788185080950928,-8.234662303241436e-05,0.00012305057450845425,0.00014836273131146882,0.00044657146265381087,0.0028320273886650593,0.0032636659243556743,0.0006426365224712072,5.771141925459133e-06,-0.0034080648938339397,-0.01630499883838321,0.00023240113620404124,0.000362183710255648,0.0002990064774159862,-8.638599331189933e-05,0.002575503182444372,0.0005790876916895726,1.580797315026139e-05,-7.336654954370747e-05,0.000467051098863136,8.825039507676102e-05,0.00044638181795919607,0.0027008949815208183,-0.0062386739825393,0.00041997530781578973,0.0009349415996342536,0.0001166927991527178,0.007012350312479043,-0.004329511222997073,0.006496616701238134,1.8212409690798737e-05,-0.0006686360564679417,-0.0003808444615768236,0.00044525954864838013,-2.2492802208562424e-05,-0.006790013906752823,0.005783824286003769,0.00015660845879561514,0.0010766558363533019,0.0006900693229969779,0.002547118413408489,-0.0008098866595959153,0.0016334667831110483,8.985970978026003e-05,0.0007002620872336163,0.000885168767899458,0.0012255359483912542,-7.00195926520708e-05,0.000664790553866812,-0.0019078814087691853,-0.0021749949158185178,0.0005928437664737274,-0.009055454188420353,0.0007295948491818915,0.0009127060018996325,0.0008223823926660767,6.918127116506412e-06,-0.00015067470370899727,0.0010409092102541262,0.00015885248627833803,0.001559357655882554,0.008457753758287279
-0.011221622665505193,0.0008811571724383072,0.00011644472133731654,-0.00022499670066677968,-8.00655277908291e-05,0.0001272207502394096,0.00020641379676833438,0.00048333219536655925,0.002777185041519248,0.003196517820893252,0.0006581144104973458,4.606732721512685e-06,-0.003386939804823297,-0.016324795162515393,0.00024201828357917066,0.00037139904012928326,0.00036027268206928476,-8.294883986681434e-05,0.0030387958383408797,0.0005876588119215764,1.786005504822441e-05,-1.799355931320079e-05,0.0004824885900038822,8.905846186824107e-05,0.00067749460848332,0.0019016967607392576,-0.006327891852172862,0.0005144237506613525,0.0009421915075371601,0.0001242794656297619,0.007001581135773094,-0.0037491145908499224,0.006736930789415174,1.333120778501673e-05,-0.0006340694037153538,-0.0003794326132028347,0.0004367416171757732,-2.1789724238496788e-05,-0.00612286171348575,0.005737495730064657,0.0001568641621090272,0.0010502396252554114,0.0006953673351599576,0.0023515453547235943,-0.0008477320131160537,0.001679466425162257,0.00022110673240649525,0.0007083561943010963,0.000736607031773806,0.0011778426175974577,-4.990565917217804e-05,0.000664605621587544,-0.0019236992393599772,-0.0021203599504141524,0.0005560756183153881,-0.00940873147060095,0.0007175452137051508,0.0008827758754648141,0.0007053137323171921,-3.241790643926379e-06,-0.00014829730314225298,0.0009282696998351714,0.00015427945026447176,0.0016473827183653977,0.0075937855861449854
-0.011240519692115924,0.0009095464643229523,0.00016414284765464693,-0.00022660891605708056,-7.826967998403322e-05,0.000131864848278207,0.0002890918225406658,0.0005372529362053236,0.0027248036016931376,0.003064884017093261,0.0006828385090575928,4.101604767825506e-06,-0.0035768816773820156,-0.01671933510251078,0.00024361682803131224,0.00037584103434618044,0.0003989864745221894,-8.724610043742143e-05,0.0033362806816181756,0.0005707509930830135,1.9477405878154386e-05,-4.250480924516964e-05,0.0004868093480157043,9.260679020850482e-05,0.0008903173817407239,0.0015277352516467335,-0.0063138253354559914,0.0006086650923322612,0.000998472552427243,0.0001495459555695966,0.0072683210531501175,-0.002783887313700717,0.006545657138466776,1.861513471479448e-05,-0.0006185289993976273,-0.00036969238068174093,0.0004107426297774719,-3.249335303012746e-05,-0.005640617737525999,0.00570594278971881,0.000163084256542545,0.0010820650135308085,0.0007044462358398729,0.0021961177081346595,-0.0008898040604793378,0.0017773651450430084,0.00038498803402542414,0.000723421086354481,0.0006210271771611708,0.00114573038282062,-2.6598089968743466e-05,0.0006704580806145,-0.0018239827478080395,-0.002018442790758912,0.00039605456358771107,-0.00963302287155443,0.0007076960974712332,0.0008789744345385486,0.0005558483396683744,-2.003397429284348e-06,-0.00014517774415256923,0.0008335454044998691,0.00016724648228061412,0.0017520090550613432,0.00660504630141312
-0.011342698323942524,0.0009394372005060436,0.00020140300188198346,-0.00022540486226241274,-7.738451042016425e-05,0.0001359533533820123,0.00037107661404212067,0.0005930094709480915,0.00261229716411826,0.002980378670324857,0.0007066631248529021,3.189665816138998e-06,-0.003440927765578361,-0.016880278938650184,0.00024850431328271583,0.0003696625972169354,0.000311072282775271,-8.444327789580708e-05,0.003600292953143569,0.0005550264669544891,1.750302403036308e-05,2.383381308046495e-05,0.00048111013713203477,9.253197918646094e-05,0.001042217490328179,0.0008331749152068468,-0.006296940854113031,0.0006866552683544302,0.001067356111817519,0.00016888154977934278,0.00829538813220343,-0.0017818491144580006,0.005805963919013557,2.871451038433115e-05,-0.0006348489876815133,-0.000373802598154116,0.00036785801959671183,-2.9852668657404102e-05,-0.0052377351515779935,0.005675193552506341,0.00018535237581351893,0.0010875928915383692,0.0007065129817052096,0.0020183848181054564,-0.0008993873219594883,0.0018707869158782753,0.0005014648210566186,0.0007509784219286164,0.0005620024361696618,0.0011194866072250509,-8.246734267691735e-07,0.0006647713172309722,-0.0019267076290359064,-0.0018121043628818168,0.00027554076326086197,-0.00943342742021569,0.0007103182273113795,0.0008898701263919673,0.0004334847574638534,1.1015790185586738e-05,-0.0001428329350283697,0.0006880119109828886,0.0001249287661060361,0.0018928564196742936,0.005622881645129363
-0.011393935783582276,0.0009336868855562841,0.00022779723909116534,-0.00022193348064403207,-7.633932908146512e-05,0.0001385378814111604,0.00040599830486653943,0.0006360068308361999,0.0025377660053051976,0.002813606271681035,0.0007207240882078914,2.9185678287468875e-06,-0.003556981245443458,-0.017269905889021775,0.0002478091227888779,0.00037632697803902104,0.000299128846638963,-7.870448662972152e-05,0.003672953008893698,0.0005192068108172965,2.0763420025105006e-05,0.0001222610298448057,0.0004764958458551849,8.773909021764226e-05,0.0011129662574378418,0.00018636967747087674,-0.006224389398882146,0.0007384420325267094,0.0011150139744651177,0.00017975733961184126,0.008912670378128817,-0.000927771795965926,0.004469768217100656,3.951660333889606e-05,-0.0006473105878385121,-0.0003820916530375973,0.00032612730789183253,-2.239791310487682e-05,-0.004925111886030953,0.005699957276322332,0.00020565917235404463,0.0011081212940184937,0.0007023697320074351,0.001820599557403657,-0.0008407057896774317,0.0020112455180645306,0.0006190985230491997,0.0007912166942989352,0.0005930433255558754,0.0011015455079019798,-2.2206364524990363e-08,0.0006749865583870474,-0.0020104555098779953,-0.0013939994973658498,2.7379094840851437e-05,-0.009077948798691837,0.0007053870613937807,0.0009263859778949612,0.00035035651717096883,1.8087145315481834e-05,-0.00013822427650778124,0.0005524584017226886,0.00010487206387743697,0.0020319732212288333,0.005071428566184588
-0.011410987562372576,0.0008864531924601682,0.00025280311600850425,-0.00022253597923338475,-7.841491389415367e-05,0.00014011371649846893,0.0004634306045023795,0.0006693467382852258,0.0025277817811888426,0.0026112344648350216,0.0007367964029771912,-2.7683275267698093e-06,-0.003332572772471565,-0.01737866227261675,0.000240887035354298,0.00038849307563459945,0.0003238993003087387,-7.927908998239808e-05,0.003719011097854885,0.0004897186754491134,1.9463704342248533e-05,0.0001366086447800452,0.00047408427640349693,8.920746818352754e-05,0.0011256906255672217,-0.00043821417926281914,-0.006054084675258475,0.0007638561043987746,0.00115037181715949,0.00018750228091568566,0.00961033723588156,-0.00014931588453226396,0.003322148695250826,5.163138804809009e-05,-0.0006422634146951989,-0.00037383720034267487,0.0002785797251638744,-1.4750622275294667e-05,-0.004821108505841276,0.005662766286249621,0.00022326017916607377,0.0011332550558167398,0.0007037718077553823,0.0016265126031858035,-0.00081291968273145,0.002180837799803159,0.0007041434088339571,0.0008292844580630732,0.0007150145802070629,0.0010820437416265705,-9.601594568531269e-06,0.0006561576218011567,-0.00201736996859303,-0.0011569440488703453,-5.7302826256266925e-06,-0.008635167367915253,0.0007132112841277127,0.0009480089737010644,0.0003205970561042104,3.365714407044251e-05,-0.00013594895167567955,0.0003886273685111963,9.827196234635238e-05,0.002220928669797839,0.006018289262263776
-0.011479209469527185,0.0008236731921191787,0.0002630393883262805,-0.000219513567283669,-8.891201131910886e-05,0.0001383754337456189,0.0005146356983591893,0.0007096114335509718,0.0022762284783226505,0.0024121038332582945,0.00073702558424249,-8.020224252835995e-06,-0.003210506498735999,-0.01749789130421775,0.00024151317968623687,0.0003906443247758684,0.00031655401031316366,-8.636327050737247e-05,0.003969414530039517,0.000490170082567909,1.782048513887524e-05,0.00013296116569327943,0.0004686491938103998,8.890414489326481e-05,0.0010518249579882788,-0.0017491285499736664,-0.005931232260130814,0.0007391788823165601,0.0011392923927222576,0.00019070270297527614,0.010406453158184892,0.0001813478930017265,0.0019168364916120062,5.893754488539571e-05,-0.0006262557044492967,-0.00034498511149050337,0.00024091430861239438,1.6105874522942543e-07,-0.004750315320286691,0.005621801906596335,0.00023959008211149602,0.0012040449704344702,0.0006905093509126381,0.0014577291907242884,-0.0007990332146186052,0.002322445971825182,0.0007126324626536285,0.0008658939873200655,0.0009000508140648567,0.0010798398632509976,-3.805200595397018e-06,0.0006679198154686539,-0.001954025409416804,-0.0009676076970440706,-0.00010355326600941517,-0.00790484373762379,0.000725913366515174,0.0009583828837016473,0.00036365865374121675,4.6102083456789344e-05,-0.0001310883449144873,0.0002707498559104682,7.19544413689821e-05,0.00242215843457938,0.006968298601743639
-0.011517886225329232,0.0008071162154772438,0.00026105702626733063,-0.00021919704865391854,-0.00010154823530850177,0.00013246013003542778,0.0005489452274227702,0.0007379892907113383,0.0021344008690367122,0.0022208805927927955,0.0007437109244414764,-8.582805296808438e-06,-0.0031011698988256953,-0.017450294381297304,0.00025360657775719275,0.00039333348714909455,0.0003203251574677157,-0.00010578807811056912,0.004288977837842101,0.0004464211240557958,1.9240112994367564e-05,-6.3296598122875025e-06,0.0004699621569141943,8.405191508309429e-05,0.0008975784824596378,-0.002936594084045119,-0.005993424150845805,0.0006644910806465898,0.001068087713586685,0.00018967281650450474,0.011414125677823295,1.658971267071152e-05,0.0004161790461134629,7.854965961695548e-05,-0.000602989023221423,-0.0003108067608318388,0.00021767479454037897,1.721893881545533e-05,-0.004855748822279016,0.005722803586603931,0.00025256849455512764,0.0012433093128043637,0.0006903033052654273,0.0012463697680213937,-0.0007598684357184027,0.0024488158515509895,0.0006314746927895687,0.0008876866127698335,0.0011105607081405289,0.0010614555828245553,-9.67479962343809e-06,0.0006789141786924802,-0.0017947562131742645,-0.0007720546434790698,-0.00018791649296268087,-0.00694217193082558,0.0007455880170827989,0.0009954857288452246,0.00045852865722517677,5.8931658410532606e-05,-0.00012400831659353795,0.00012851974692851265,0.00013010483681696883,0.0026633162551790157,0.00791201065442193
-0.011590516700514253,0.0007114443609432808,0.0002436383759443217,-0.00021209687514778253,-0.00010955674952750627,0.00012558732083678414,0.0005666944053062117,0.0007600104312621703,0.0021075376491968,0.0020208224134941055,0.0007406116504107274,-1.700122961445505e-05,-0.0031623918479740665,-0.017507031881554336,0.00024990513039813145,0.00040521738634735627,0.00034531469505560963,-0.00012276412363942946,0.004466435737665364,0.0004122837931648249,2.7628316757732918e-05,-6.741360670625696e-05,0.00047557186167179744,8.42794652753387e-05,0.0006838495145045087,-0.003744019936942622,-0.005961806099663347,0.000548762705384398,0.0009342176725655182,0.00019134085677063872,0.011778045549492244,-0.0007752686489927996,-0.0009833574584799942,9.336215002142545e-05,-0.0005818852094089388,-0.00027784945661191163,0.00020707351203341773,2.5293983701546452e-05,-0.00513226050275839,0.005759814231951044,0.0002519202810014054,0.001272188533376628,0.0006902767895040629,0.0010896950216572332,-0.0007299420866861972,0.002582847812552691,0.0006426880937175916,0.000897996393605105,0.001306151559805624,0.0010546909624822298,-3.691958336826673e-06,0.0006688160178836,-0.0017375296755824943,-0.0006051706945799928,-0.00015512466145750636,-0.006036814727450546,0.0007660146682693103,0.0010912525127710904,0.00060214572571482,7.228628124011927e-05,-0.00011704711844484628,-5.2237662024334774e-05,0.0001418470177434461,0.002937869177007668,0.008680573300096084
-0.011647145905483436,0.0005991405651053494,0.0002263550167957984,-0.00020665716435797066,-0.00012289553527600194,0.00011779527871946804,0.0005781253604169034,0.0007656104856519352,0.002030630265671851,0.0018676941964750338,0.0007389952427450108,-2.5926773529527658e-05,-0.002752806409154873,-0.01750657552986623,0.00025889163752035316,0.00041472166020750656,0.0005457684807226304,-0.00012650334183184064,0.004804702676546091,0.00037213720304096753,3.3647752773813266e-05,-8.331230573110915e-05,0.00048615722211864387,9.188877372157123e-05,0.0004277203074292135,-0.004815749594261676,-0.0060073968339261485,0.00041419744516324464,0.0007512500268771483,0.00020215922366340067,0.012202624990793609,-0.002069740034615797,-0.002053313947010027,0.00010505859516651839,-0.0005550987589706402,-0.00024733711589319807,0.00022544765533161204,2.8378862427125284e-05,-0.005517823900838881,0.0058034032050413575,0.0002426242782633814,0.0012972552957977168,0.0006812930446780108,0.0009710981380182115,-0.000664746861841925,0.002651267524271139,0.0005832919023911476,0.0009005774550276957,0.0014619867888447935,0.0010571902527261035,1.8106462236211485e-05,0.0006516459026377763,-0.0016661054208948478,-0.0003972435446312206,-0.00011188824396701769,-0.005465417541716033,0.0007883338994489897,0.0011752706157559523,0.0008009029499067566,9.875193134711857e-05,-0.00011878442128387956,-0.00015448480697077827,0.0001413801907552692,0.003297144185175682,0.009161369515988005
-0.011693934172397613,0.00047454672035041057,0.00019835414387969763,-0.000203091053563198,-0.00013089135647381678,0.00010778487758211774,0.0005807156683799164,0.0007693037851141948,0.0020258716640928487,0.001747367493409424,0.0007462895272394299,-3.196799418891949e-05,-0.0021780247468927705,-0.01774711264429296,0.0002608711239067141,0.0004180063345933238,0.0006686493971377327,-0.00012091272148595511,0.004924886237976933,0.0003612484185810949,4.174637314879881e-05,-0.00011475288824036589,0.0004987575980452963,0.00010215910714572729,0.0001595958082947213,-0.005799477601451386,-0.005960709330368075,0.000282759672781685,0.0005417604451458669,0.00020447152275404612,0.01225135050560433,-0.003716572342824409,-0.0026603200319043063,0.00010465062332110087,-0.0005324143701653794,-0.000233125053259009,0.00026668016400788197,3.9711358098104554e-05,-0.006097765500752916,0.0058852197698171516,0.00022554872172864115,0.0012685078178635845,0.0006760012174360508,0.0008120659393935359,-0.0006221521781394346,0.0026571247537845455,0.0005100560468402904,0.0008886713033153804,0.001565714923318584,0.0010208496301586933,1.9187013290178356e-05,0.0006381127633352524,-0.0017366632513238223,-0.0001560472452222239,-0.00010276178579171624,-0.0052644569408627495,0.0008170985495394856,0.00126084970400564,0.0010018064294332607,0.00011296481039746453,-0.00011364532087543289,-0.0002809383704248658,0.00016544924201666866,0.0036602482119454383,0.009632670859033743
-0.011667611117789356,0.0003641309131265924,0.00017432246590920464,-0.00020263924026697744,-0.00014326507407957934,0.00010118945177661764,0.0005578037477664832,0.0007710845640671593,0.0020312108602407175,0.001663740634580968,0.0007546903894779522,-3.4057744942139756e-05,-0.0016196059542799013,-0.017901751627462992,0.000271847320593821,0.0004193741690610153,0.0007665169979302888,-9.98763504296285e-05,0.004819895404839736,0.00034350550680239955,4.798292946373017e-05,-0.00017649450328305338,0.0005132670592358224,0.00012123593702639823,-9.434814659714519e-05,-0.007056435134262018,-0.005813603706777082,0.0001656809636130241,0.00034487880587597,0.00021595069943813883,0.012709700673831259,-0.0054658127015272395,-0.002749784998518523,0.00010041941863847548,-0.0005163894527207002,-0.00023953659991071685,0.00030498504674425497,4.068125902079167e-05,-0.006724901806252737,0.00596781603169072,0.000202023123444528,0.0012861164128126212,0.0006619562217515806,0.0006358860505575326,-0.000548869161871357,0.0026463274928323344,0.0004359754551856998,0.0008657163726972783,0.001603102677639523,0.0009889519848713668,1.2191180895682052e-05,0.0006142137853100138,-0.0017392917976886135,0.00017928061891669955,-0.00042264752167320285,-0.004861627872329355,0.000841991171767198,0.0013085065270352914,0.0011748935207198663,0.00010993996013208829,-0.0001111993534491651,-0.0004251928219050072,0.00013929345051932884,0.003986693037242306,0.010110302117310122
-0.011631298480518248,0.00033246009178866665,0.00014194945795265035,-0.00020232672427833442,-0.0001518469663801536,9.493608494892669e-05,0.0005237840102103597,0.0007819945390294958,0.002076889873782628,0.0015936348465446226,0.0007760876618223556,-3.493716150826387e-05,-0.0010054909756158636,-0.01812963581927851,0.00028233611753170074,0.0004286035601623883,0.0008133135966994498,-7.742267395616231e-05,0.004663786343477527,0.0003241957983552979,4.838568500753482e-05,-0.00016395976879290952,0.0005281561682592972,0.0001426100887120807,-0.0002883037067672456,-0.008334792234012789,-0.005571339223649829,7.801915144600713e-05,0.00020674705928702686,0.00022912513133466206,0.01439312736423437,-0.006885373032405773,-0.0023286865853068273,9.189727945879689e-05,-0.0004988218201987804,-0.0002382414329361593,0.00034585974278389386,3.810260868708504e-05,-0.007375549397300785,0.00630533017327739,0.000178612387139232,0.0013293066595956304,0.000662049977640411,0.0004071018062574705,-0.000557249537095017,0.0025767599232584537,0.00036786623662243834,0.000846270129892357,0.001552993737114372,0.0009575292976564675,3.2375836944709135e-06,0.0005893449793921146,-0.0015994889040603644,0.000556012118339666,-0.0005363379699823145,-0.004068750895539375,0.0008664070014623437,0.0013539579868897533,0.0013236277263721785,0.00010098824581894483,-0.00011303079096092183,-0.0005748594144079355,0.00012639619525312007,0.00431743606173951,0.010197958391884754
-0.011590363899654288,0.00034854145327711805,0.00013180110015897917,-0.0001981376434727622,-0.0001628144720560165,9.163307795523323e-05,0.0005116945113385896,0.0007951107768480181,0.002043213157131296,0.0015602956230242881,0.0008122056892927443,-3.991847573125984e-05,-0.0006464305867861508,-0.018310578314689185,0.00028915284201280755,0.00045194543635851403,0.0010021322251756448,-6.756177004030306e-05,0.004644309429821192,0.00031917444258966476,5.5649445161565225e-05,-0.00012732155222805464,0.0005453858994866057,0.00016034653520513586,-0.00037547792286996007,-0.00962913797525966,-0.005357888000268041,1.8325578186706437e-05,0.0001442427865836482,0.0002370473959452113,0.014538348494354647,-0.007880936496521884,-0.0015233968182284396,7.717348132296742e-05,-0.0005137623579166695,-0.0002466670745026045,0.00037447230638720796,4.23925305303996e-05,-0.008202770630493239,0.006657309074745044,0.00015883268814276263,0.0013176003124091284,0.0006633772701645224,0.00025320884024293555,-0.0005869305468495511,0.0025033652285673114,0.0002336704957905944,0.0008369777055681205,0.0014316210770635163,0.0009297385787097046,-3.571793451362382e-05,0.0005767788833956899,-0.0015910604618205593,0.0009466561329283252,-0.0006209510737525958,-0.0033426518929540183,0.000882638823355153,0.001348042748962719,0.0014362055336509805,9.038302899377904e-05,-0.00011372288158928434,-0.0007199775554980192,9.194120521471838e-05,0.004614419207279452,0.009959721917361497
-0.011593997443991366,0.000406811091942183,0.0001349918053732413,-0.00019083255360130558,-0.00017531613163102033,9.0544046339458e-05,0.0005089958507245029,0.0008156266365519915,0.002016703565585365,0.001633084268577667,0.0008462759345098103,-3.813222819626372e-05,-0.00037882079425266557,-0.01833422242956284,0.0002985370634174256,0.0004746061980651639,0.0012155355345697672,-4.777145615830758e-05,0.004533660716245169,0.0003308315762067249,5.905831138086626e-05,-6.160565647583827e-05,0.0005615483403196286,0.00017447129103853598,-0.0003218925044735643,-0.011257483853342576,-0.005306830798005091,2.8412369872388155e-05,0.00021731903888344561,0.00024139161874314752,0.014936220647041143,-0.008019480509564025,-0.0004781230563430938,8.555981177749139e-05,-0.0005332051265780624,-0.00024271577269641131,0.0003929035949754578,3.606873464634397e-05,-0.00910917206259454,0.006989854565697673,0.00015225968767840214,0.0013545137961192832,0.000660947473583251,0.00018809343094261521,-0.0005637523331594174,0.00242458696374781,3.741895883924151e-05,0.0008276880271658182,0.0012348920905822514,0.0008592405759115795,-6.965728543917304e-05,0.0005760248226021059,-0.001471643294000291,0.0010486717957123304,-0.0006364884363144752,-0.003213714833371406,0.0008899812994962453,0.0013588585371147044,0.0014953861069817442,7.067223466084016e-05,-0.00011569343808559562,-0.0008271278886952116,9.208146989880817e-05,0.004746369236549697,0.009721501757053108
-0.011575289516171261,0.0004887366252133152,0.00015140962615833864,-0.00018327165856391048,-0.0001817012115733485,9.85793131611512e-05,0.0004919865962775827,0.0008330271864165351,0.002052771374657203,0.0017143334453157966,0.0008829758462500781,-3.6023099911686174e-05,-0.00030359043125960383,-0.018320397391919374,0.000301167619706888,0.0004882657073463914,0.0014059421550545181,-2.0440969415558286e-05,0.004717993629647754,0.000332008162712949,6.32525319246291e-05,-1.569416802993384e-05,0.0005762044648460751,0.0001920998888229608,-0.00016614229120825996,-0.012618868582840004,-0.005415286218265036,8.65718693348061e-05,0.00041242217564563255,0.00024500208856093053,0.014984556451021591,-0.007451673495266653,0.0005611045715145924,7.586068463205642e-05,-0.0005495440957883346,-0.0002601237333667017,0.0004015942506849779,2.1087743989678387e-05,-0.01006976480763555,0.007171028247261457,0.0001501213674972579,0.0013858242804258847,0.0006530362484817864,0.00015680787392380324,-0.0006128794173846375,0.002354183133816967,-3.081769232693432e-05,0.000825941290813148,0.0010059265301824993,0.0007994711614167649,-0.00012185657076635437,0.0005696338655081234,-0.0015469539875136995,0.001139173058425813,-0.0008842597228087001,-0.0025071172929176377,0.0009065121404656651,0.0013414072044699576,0.001477407919645346,4.7202769485554796e-05,-0.00011555850019062675,-0.0009128493121597359,7.351039663605619e-05,0.004774149018381468,0.009483265282530073
-0.01155875383725724,0.0005597227465634624,0.00017450698921672725,-0.00018167832432025577,-0.00019139004871526755,0.00010665455542824276,0.0004948072976080908,0.0008581685153770113,0.002113852082575196,0.0018189813442928138,0.0009276683555090592,-3.792338667796269e-05,-7.333893267846836e-05,-0.01808491683279012,0.00031432089034733046,0.0005015490550235313,0.0015096169657933256,-1.801972455584e-06,0.004905378053030596,0.0003435608614046348,5.91721322242833e-05,3.9285522080545476e-05,0.0005915198082728779,0.0002004051244934857,1.738909523751886e-05,-0.013988479444757673,-0.0056561269667976255,0.00016816596767843528,0.0006840948458493035,0.000250683589942291,0.01510091875864883,-0.006238752694622596,0.001371443204384315,7.66992526171073e-05,-0.0005614010382419821,-0.0002714392507305874,0.00039604365593293167,1.2485614000024015e-05,-0.011043859534250133,0.00725254748155546,0.00016247240850342237,0.001461448280891231,0.0006596713947166766,6.536467558748704e-05,-0.0007141991798056413,0.00227899811377541,-9.985258284250786e-05,0.0008357159170051531,0.0008211600043845912,0.000781743664091783,-0.00013512362112899634,0.0005256434349090178,-0.0016419750535108246,0.00111805332074022,-0.0009575627320685953,-0.0020265456263790504,0.0009378795623335989,0.0013229599561519478,0.0013958789264163496,3.152603047484881e-05,-0.00011624607885196703,-0.0009168437402465868,8.208642316098747e-05,0.004707682446085659,0.009078150707760635
-0.011559274242584294,0.0006153703926232712,0.00020817595444122539,-0.000182667664038072,-0.00019812547442321637,0.0001183418346069054,0.0005199052003195259,0.0008911405141158735,0.002059376542605351,0.0018602014809951939,0.0009515770923766986,-3.868452298139147e-05,-0.00017376902966581564,-0.018030485889863113,0.0003237845241563786,0.0005239134620964592,0.0016269922533620473,-1.3162176333292308e-06,0.004685493905101978,0.0003646218667046064,5.49843352639634e-05,5.791064290927572e-05,0.0006049970653325687,0.00019898002070206644,0.0001984345602115134,-0.015379369029633772,-0.00581134941952044,0.0002667653358525701,0.0010135449684980369,0.00025348585715434524,0.015304212594510425,-0.004635559483349372,0.0017583265833114314,5.7845765299324725e-05,-0.0005787114802275894,-0.0002747687616900807,0.00037339539820169243,-1.6586319262490434e-06,-0.012000517533036326,0.007096014948286378,0.0001888240051326484,0.0015183409701444717,0.0006605792617999651,4.4017294926090855e-05,-0.000696306281341208,0.0022670125684853826,-0.00011847104124718122,0.000859284358569079,0.0006828338186546379,0.0007776609186322947,-0.00014356070214061045,0.000502074647477313,-0.0015733105743543918,0.0010255505719338753,-0.001083558837120302,-0.001283155934170055,0.0009640738281753158,0.0013048874829868495,0.0012932126603666383,3.682875097776872e-06,-0.00012191489923385479,-0.0008674330641310624,2.492411951604545e-05,0.0045534267599207645,0.008604549060468925
-0.0116589325021339,0.0007248186098893772,0.00022362134340481177,-0.00018208246979700693,-0.00020717985981877352,0.0001260027721010637,0.0005605878388015295,0.0009169992549817874,0.002037615359361533,0.0019465662293964847,0.000982991144459211,-3.6859075192463564e-05,-0.00040151496060203407,-0.017715720075882735,0.00033361230425765775,0.0005240869234968137,0.001684062333261016,1.1359849366288088e-05,0.004315146788804736,0.00040129302893276986,5.1650526882163206e-05,4.304892556850071e-05,0.0006133593029622464,0.0001998551634250223,0.000346598743322879,-0.016538497301143096,-0.0059644297935324,0.0003714900778939434,0.0013713665107364381,0.000259750963512273,0.016247692774581823,-0.0028349224674575346,0.0016081343864540187,3.927413722815132e-05,-0.0005741033353057201,-0.00027038731325046417,0.00034685211750073996,-2.181982223492529e-05,-0.012913436963727154,0.0067293709538189805,0.00021889549377385187,0.0016803382591599192,0.0006572032975902253,9.063763744654452e-05,-0.0006783143058354257,0.0023061460309361514,-0.00010147478348976335,0.0008868595501376753,0.0006258710017528202,0.0008130756286945928,-0.00016281134193651958,0.00048800817053229473,-0.001576369453045623,0.0011131878818400054,-0.0010082058222613544,5.691398244311863e-05,0.0009894638753094043,0.001294078156475198,0.0011970972724320017,-1.5037395964645484e-05,-0.00012700199170179172,-0.0008991102714542842,5.698644748308723e-06,0.004325439953944077,0.008129381248583867
-0.011753536056386737,0.0008045079339569217,0.0002277027862009895,-0.00018250525383567417,-0.00021775245618904648,0.00013773817018414292,0.0005904629530710803,0.0009235839540346902,0.002013141075672076,0.0020944763208397,0.001001417883333966,-3.618282981532328e-05,-0.0006705948635874481,-0.01747676849056079,0.0003531071061717572,0.0005388929929190933,0.0016051433203747578,8.549818327541203e-06,0.0037331022323900953,0.000432005671752167,4.755599846117953e-05,3.387596554227379e-05,0.000619141770553,0.00019686152956643888,0.0004382824313848843,-0.017261615730484903,-0.006154090221152986,0.0004581266269660933,0.0016967474912252811,0.0002611036037727388,0.016691486784560894,-0.0010961886312697011,0.0009488227857148424,4.7783390214162225e-05,-0.0005703731244999233,-0.0002595173270001361,0.0003205679854956234,-3.980992329355448e-05,-0.01379934100268665,0.006490983875330647,0.0002489600862289887,0.001798329940950305,0.0006552693812738042,0.00022236681979115325,-0.0007542365486048475,0.0023319998429909283,-3.343756092677452e-05,0.0009197962514826408,0.0006602383112257471,0.0008212889496488351,-0.0001340208750465477,0.0004494488067869895,-0.0013771087032692364,0.0014195134750025762,-0.0011740192056112209,0.0009217016788520827,0.00100976820701848,0.0012920195198207196,0.0011185340916581854,-1.872407467440329e-05,-0.00012791813157497778,-0.0008584633205531711,-8.616240690595411e-06,0.004048762534402783,0.007646317356874821
-0.011871664612736588,0.0008510067743505711,0.00022728611553812783,-0.0001791114452922571,-0.00022657905705081305,0.00014553250528326345,0.0006031140081788067,0.0009354647443258202,0.0020156222036775695,0.002253010597772276,0.0010209127363671744,-3.627489066149181e-05,-0.0010703570508744376,-0.017033502375811915,0.0003790531817589038,0.0005430840939733006,0.0015243112987697316,1.0800979783898157e-05,0.002995253948681942,0.0004535638227582961,4.092138562827863e-05,-5.3613326834289765e-05,0.0006271212614645805,0.00018251738194430267,0.0004515622394618557,-0.017606601264081534,-0.006409637534487755,0.0005120180877193903,0.00194891787238749,0.00026849516704086085,0.016632237103930914,0.0002635639142045676,-0.0001726688597590842,2.7682355676628134e-05,-0.0005753195009716716,-0.00025029965113054775,0.00030342626869228617,-5.9373212685898125e-05,-0.014558687142566251,0.006191105060077806,0.0002748346315217809,0.0019156119795442628,0.0006514373835744269,0.00028735787767208976,-0.00072670009207354,0.0023239947383466575,6.861167938221335e-05,0.000946944084593504,0.0007917082782586959,0.0008181667801760995,-9.93935689002079e-05,0.00042019466103782044,-0.0014212789559550076,0.0017166929244307738,-0.0013274183406849493,0.0013711431747065461,0.0010339868908761929,0.0013173077192538685,0.0011057168316965793,-1.7553160073124907e-05,-0.0001291406189717348,-0.0008421303833421323,8.699222815433671e-07,0.0038314882404597572,0.006533280071773451
-0.011965062470374987,0.0008357409517147918,0.00022264157800977458,-0.0001812749605034636,-0.00023151288630152145,0.00014949000692476844,0.0005777207273860441,0.0009377005205153388,0.001986591781614644,0.002469617431092308,0.0010288116978334205,-4.1717540085972615e-05,-0.0013073061786715856,-0.01662190703098798,0.0003983360231367694,0.0005408661015018357,0.0013557301893596385,1.0711709209632048e-05,0.002409948174104226,0.0004767473758391372,3.7128401751518325e-05,-5.27936764422865e-05,0.0006366293290049896,0.0001683876810403273,0.00036900410300555464,-0.01766969636572413,-0.00662400925976625,0.0005064394745237788,0.0020895548122403795,0.00026326444663848925,0.016619961264048966,0.0009799378323822605,-0.0015967458580841143,2.55112419651482e-05,-0.00057479290768081,-0.0002343814238396913,0.000305758939432188,-5.077228253180799e-05,-0.015153208088751535,0.005921483008930917,0.0002962179170951096,0.001989441697970884,0.0006542213922851037,0.00042290642259867894,-0.0007130220614899319,0.002324627493315745,0.00023396802411412843,0.0009655415674831858,0.0009916584820863772,0.0008303804290337169,-8.662374160250952e-05,0.00040496233667020043,-0.001403982677017468,0.0019191977336774357,-0.001364607327036138,0.0019914662212001666,0.0010754345516525987,0.0013463433024738514,0.0011498454686580395,-1.3937711279332632e-05,-0.0001233067357944151,-0.0008370030480302493,-7.310175734809299e-05,0.003655602471561048,0.005297690407255695
-0.011956707530804467,0.000855309947922267,0.00020911961744984886,-0.00018348932408351892,-0.00024032760661851782,0.00014911370495829246,0.0005653664518023849,0.0009197560302232066,0.0019217547607368601,0.0026362360629477166,0.0010329823441821429,-4.3905912397113056e-05,-0.001719139147715154,-0.016393482174975493,0.0004162977160475645,0.0005310118408237141,0.0012839515041842553,-9.221339676179774e-06,0.002221638800520953,0.0004919715963884741,3.708253483125645e-05,-5.2751218943547507e-05,0.0006444301519850093,0.00015948287966782715,0.0001646927279410626,-0.01738437076006971,-0.006885906742512882,0.00043597054946942215,0.0021104014264916593,0.000261739815059725,0.01737438684133763,0.0009612482389211863,-0.003096834017062844,2.0937419844546667e-05,-0.0005451179720405985,-0.0002127773848258352,0.0003136782791866022,-3.423336953078948e-05,-0.0156604453025585,0.005678896196648298,0.0003028601725758584,0.0019942814750537607,0.0006509571745638709,0.0005266259386300653,-0.0007173576016480387,0.002313087080043852,0.00031861906346186686,0.0009821831137948323,0.001221500178733237,0.000820629280033458,-6.167088367736717e-05,0.00039566350533859485,-0.0014060779315097083,0.0019194808532161378,-0.0011531515105337453,0.002468470796763711,0.0011180225054412407,0.0013703138525698044,0.0012528886005560569,-8.080821731537569e-06,-0.0001204877189311393,-0.0008301929590879276,-8.944024936929917e-05,0.003550340349955494,0.004066195610580525
-0.011904967527062493,0.0008552926663947247,0.00019390353076942368,-0.0001885074637560935,-0.0002466512296528389,0.00014407148790263058,0.0005257614844869085,0.000903228341253115,0.00181936934225857,0.0027590509735904156,0.001040193084270058,-4.104183362396707e-05,-0.0021397860094154453,-0.016203910223560714,0.0004379440140862556,0.0005253839292782558,0.0011699354805259077,8.216978191866176e-06,0.0021718340972254335,0.0005028606763763932,3.9612445931647144e-05,-8.743979181125017e-05,0.0006555729846109415,0.00015186156451463262,-8.076082160990428e-05,-0.017698059557252788,-0.0070782813030098035,0.0003376727777315569,0.0020365932940653586,0.00025610937391062905,0.018562467744871913,0.0003163622227086993,-0.004411272996744597,2.1231325792570033e-05,-0.0005151128783695835,-0.00020969215191191104,0.0003366086268492552,-1.8989053313323012e-05,-0.015849148555095893,0.005530909912158988,0.00030116112826794605,0.001984260941655158,0.0006562867172899001,0.0005851792537001632,-0.0006588013889695654,0.0023213098096821483,0.00041263766372501287,0.0009921267867332162,0.0014295189612458792,0.000831323964463504,-3.957828261513807e-05,0.0003838913995666271,-0.0014554024759002582,0.0018298539083752008,-0.0009579105870940463,0.0032805281066781156,0.0011716404316370888,0.0014051714614871091,0.0013951339069095958,1.3886642747706901e-05,-0.00012463689376518428,-0.0008003344778019228,-0.00015659163551218214,0.0034991839270057667,0.003167347647811125
-0.01199326485406671,0.0008348786898149108,0.00015757339733690756,-0.00019001360241388543,-0.00024939373459131886,0.00013347457229251347,0.000477343610914005,0.0008884803023105903,0.0017021383209041563,0.0028836789687145536,0.0010396772426106704,-3.997869369432028e-05,-0.0022653674680707114,-0.015919401177613812,0.00044875004133460017,0.0005185304581913908,0.0009879659947023,1.3701226773132902e-05,0.0020652710691779763,0.0005144512026078463,4.2089560236657775e-05,-5.291320118649967e-05,0.0006651290848673774,0.0001501002729196177,-0.0003564063376204629,-0.017693502334157896,-0.007178726850297412,0.00023554797210212364,0.0018749642586546322,0.00025319898031339605,0.01964942304495465,-0.0007977210557827963,-0.00536908847581441,3.746058390197149e-05,-0.00048357991184999616,-0.00018742795539161694,0.0003789267505756033,-1.5494775458702037e-05,-0.015983449056063304,0.005373249669127889,0.00028773641812640527,0.0019253810505832636,0.0006702397958464612,0.0006190378247903361,-0.0007144216384172841,0.002288221114943756,0.0005058208654122875,0.0009947317961949143,0.0015925738098401254,0.0008116699219413714,-2.4991614209435298e-05,0.00037340659004381216,-0.0015398957500333266,0.001467473904336103,-0.0008343951589839804,0.0034413364424812354,0.0012239628853167872,0.0014369121080854974,0.0015601051358646867,3.5988212563786703e-05,-0.00012256997669202185,-0.0007855649003145615,-0.00020032219753818303,0.0034192721478916166,0.0038749114454239564
-0.012020640420775441,0.0007424650836931335,0.000117275199918776,-0.00019478179937537643,-0.00024828954910161016,0.00012242973274489977,0.0004287489059682237,0.0008822755067989796,0.0016773346104135278,0.0030745343120774926,0.001043499092863387,-3.890407251794237e-05,-0.002504852086137377,-0.016190590186592746,0.0004702449223503713,0.000517596336604198,0.0009570023215212942,3.047202426142981e-05,0.00140664400238677,0.0005237805558575559,4.283336694732576e-05,-8.140105462939307e-05,0.0006803608789138771,0.0001559972017102229,-0.0006400704382686362,-0.017433816687877246,-0.00723025854068593,0.00014914240247376753,0.0016650860706459714,0.00024578941910657903,0.020023385928219506,-0.0022264510547430616,-0.005819217430568013,4.938169793944347e-05,-0.0004566084840242901,-0.00017111356483967555,0.0004425984067819577,-2.0483486501410297e-06,-0.01594691543666893,0.005077388670823968,0.0002598313090467208,0.0019387351632476069,0.0006776989575083547,0.0006527507700047064,-0.0007500768553643233,0.0022662886039135355,0.0005901349106665066,0.0009839115590073444,0.0017102035822136319,0.0008050943682329503,-4.5495241618898064e-05,0.0003639994408690672,-0.0016510998795588039,0.0011272244237310325,-0.0005920669329381179,0.0031212008028032034,0.0012707749345834962,0.0014709577216840408,0.001726383065757675,6.063881501394697e-05,-0.00012263269303414148,-0.0007757091615081535,-0.0002231610961638264,0.0033080276106569606,0.004582475243036788
-0.012072912318150442,0.0006557026688389644,9.327782186718814e-05,-0.0001967690096935648,-0.00024861915373630694,0.00011379856034032798,0.00037565631814517886,0.0008771013193409338,0.0017127961909368938,0.0031729616152154083,0.0010585678800045795,-3.6853404863146366e-05,-0.0029374811503563025,-0.016386508421682433,0.0005022348200496296,0.0005230495991463968,0.0009332574189144793,7.255246444226593e-05,0.0009144921492696412,0.0005381908705268668,4.187505050734508e-05,-3.237930138089151e-05,0.0007032880477735315,0.00016150098780376432,-0.0008826254873548489,-0.01717342721025339,-0.007279357683551035,8.102645630381211e-05,0.0014447815235252293,0.00023659322548663653,0.019546480952323364,-0.0037637560302064,-0.005681660227950025,6.657072560756205e-05,-0.0004346997647513007,-0.00017331411278065367,0.0004987385423416146,1.6327844097663302e-05,-0.015807227445709948,0.004722483503390107,0.00022748314374987366,0.0019263055051663702,0.0006871022531453885,0.0006379710156152463,-0.0008197380619167083,0.00222168366704123,0.0006635622094040006,0.0009708346692962611,0.0017652033488497754,0.0007903740102854773,-5.677652833768754e-05,0.00039956363743698375,-0.0016905234779094336,0.0009739408069064925,-0.0004641923283138505,0.001851577759300227,0.001307896053918789,0.001511306271643642,0.001844945102245088,7.737131409335518e-05,-0.0001299094130399192,-0.0007809229777399063,-0.00024018998524732993,0.0031162841276934916,0.005292404601753731
-0.012084786920763868,0.0005943946859106042,7.522494998646323e-05,-0.00019907838546540102,-0.00024739530433504076,0.00010853584607950495,0.00033790785946963275,0.0008818632474498767,0.0017330697740043366,0.0033485942002813296,0.0010840417878128505,-3.471219938411263e-05,-0.0033226697531123506,-0.016442650525306468,0.0005126438318641124,0.0005372402998222725,0.0008566194675105887,0.00012256623603223993,0.0006576167930443244,0.0005250133380829691,4.733243875665316e-05,-8.108940099260664e-05,0.000729210237249589,0.000174882058965542,-0.0010592629034309464,-0.016420249235081008,-0.007355281964872895,5.3754936182759394e-05,0.0012539367520465472,0.00023175780563233772,0.019147536774494878,-0.005135988101043876,-0.00499226016269072,7.923403401433049e-05,-0.0004119130501990531,-0.00017792823644480205,0.0005472346122037397,1.3462305480160808e-05,-0.015421002150232899,0.004280218073661413,0.00018668719261949462,0.001935962338056818,0.0007002397369610946,0.0005431621504143891,-0.000901071513015661,0.0022155439606581506,0.0007779131737435385,0.0009544017380136438,0.0017090175306662125,0.0007536392013836046,-6.925759354470262e-05,0.00040886361836878216,-0.0018032325288286355,0.0008302193043190353,-0.00035004965816720635,0.0017233039314705767,0.0013349255944150595,0.0015398685090484143,0.0019361427908111128,8.483184820140544e-05,-0.0001313246215898234,-0.0007393496403560462,-0.0002630595617216791,0.002808182825858152,0.005764896882458848
-0.012146632072276953,0.0005379701905485756,8.22499477415306e-05,-0.00020000566402844644,-0.0002481511675834769,0.00010137442461943813,0.00032736430565982744,0.0008973556715496933,0.001646263633068079,0.0034755841906690677,0.001123118512694754,-2.9644494643488173e-05,-0.003753375397197334,-0.016302845688147216,0.0005243692399798938,0.0005418592707462366,0.00101830597384156,0.0001724844908088663,0.0004914828548723271,0.000542881212591384,5.072701803943147e-05,-0.00010873425988555674,0.0007567661932808001,0.00019326255755025556,-0.0011009510485826546,-0.015779110305352284,-0.007181784634513133,7.158693050746123e-05,0.0011472535823324748,0.00022953109585999165,0.01943185765815514,-0.005946720779923864,-0.003901013764144645,0.00012674379199784092,-0.00037748874420262535,-0.0002079628503723896,0.0005809827710729909,1.943245628543977e-05,-0.014855455823834962,0.0038924523605714523,0.00016908765159628913,0.0019435381146897246,0.0007275191692863725,0.0004814188108044348,-0.0009119373179035106,0.0022397252350476737,0.0008162515211902477,0.000952544579593928,0.0016014816681351185,0.0007222703451130741,-8.604728296401909e-05,0.00042230049785252355,-0.0018579447610298505,0.00034521855300506665,-0.00012683271765945303,0.0019753355348508528,0.0013667086991893118,0.0015527644551447395,0.0019427606661668317,9.020336998832867e-05,-0.00013446783832693487,-0.00067547346945529,-0.0002906680899713576,0.002510087806140815,0.005764896882458848
-0.01224988883576561,0.0005097226335306626,9.297324001211749e-05,-0.0001970517417185791,-0.00024490308798175153,9.981775953704641e-05,0.0003449206219678924,0.000927134162208576,0.0015820292972181793,0.003517762889899023,0.0011838803236456918,-2.38919687383099e-05,-0.00431970035198892,-0.01627903715271828,0.0005461673510549492,0.0005604937707968105,0.001103124733777383,0.0002275303001506579,-2.2509715037477562e-05,0.0005504885489584499,4.920733416313716e-05,-9.244292439836155e-05,0.0007820511831555521,0.00021338651084268356,-0.001022548890285524,-0.015467865698072236,-0.006874338098823984,0.00014426630799646567,0.0011308917966799115,0.00022871589625861333,0.01918591857554186,-0.006174286472811041,-0.0026382978155133907,0.00015485512779345179,-0.0003537346547978215,-0.0002686017681131636,0.000601207839925566,4.074707126422439e-05,-0.014203953911732015,0.0035892975697953133,0.00016486077824273693,0.0019645320049130888,0.0007613281862797194,0.00043919734638508956,-0.0009309032543496354,0.002327688244192272,0.0009016903647631747,0.000959243608354976,0.0014450621776322947,0.0006987533119620082,-8.128970250731449e-05,0.00043817373685128835,-0.001877425462656901,-6.488526764425462e-05,-5.554582790556761e-05,0.0023369241876756153,0.0013889398597723979,0.0015081468971469558,0.001889542210407491,9.667302213611784e-05,-0.00013935473481629934,-0.0006284646806727912,-0.00033318522832537223,0.002208820466092609,0.005764896882458848
-0.012266453970780078,0.0005049227587077265,0.00012352024122708194,-0.00019531274906747775,-0.00024206277933391807,0.00010350747121745663,0.0003726515094577554,0.0009623077266671665,0.0015588349332300577,0.003597300972162376,0.0012451261443233719,-2.1844932906134318e-05,-0.0047825958154751325,-0.01621691100038536,0.0005623877947940059,0.0005688063080695471,0.001140638831188534,0.0002916468979250464,1.7801256358085382e-05,0.0005757058778601554,4.428898902308909e-05,-4.46259254900383e-05,0.0008002902900614561,0.00022812855381593167,-0.0008527524635516537,-0.014187887564313328,-0.006650371512636366,0.00026782181194962007,0.0012211171276876875,0.00023240818930525542,0.019871666448179948,-0.005642504658591507,-0.001459873942132428,0.0001911916536636582,-0.0003533243528122121,-0.0003395074285806876,0.000600480286872429,5.002067505133212e-05,-0.013467855749068502,0.003131841534467217,0.00017073071674378326,0.00199368114433196,0.0007748513292080705,0.0004776508757216025,-0.0009282524589718788,0.002454582481671519,0.0010002024953366107,0.0009804187015085564,0.0012870659800470197,0.0006551039359379285,-7.032256953698468e-05,0.0004607097494184753,-0.0018453951892686282,-0.0004163770847305237,8.426770703184872e-05,0.002357514803993377,0.0014162827660755273,0.0014700729847532124,0.001785811809096316,9.05126507018128e-05,-0.00014135198711762165,-0.0005674036969560703,-0.0004090456322148883,0.0018462135356280829,0.005764896882458848
-0.012262478334966409,0.00048408208496519833,0.00015914089120139252,-0.00018722518999469973,-0.0002386047896696386,0.00010907112251867801,0.00041054251214966975,0.0010131468843117553,0.0015442588490355291,0.003665195404611854,0.0013162910143631468,-1.599219212689018e-05,-0.005337316734948083,-0.016488271890050754,0.0005856322412707282,0.0005807674015099185,0.0010610584026538028,0.00032901024585840766,-0.0003670180596112571,0.0005564599579195306,3.70990684399608e-05,-4.12721149177786e-05,0.0008130354699933395,0.00023448847201357204,-0.0006918722272797329,-0.013163158993714563,-0.006408913769098912,0.00038997988784483795,0.0013778069166705542,0.00023291175498907357,0.019723522486836176,-0.004694495980397173,-0.0005943296123115394,0.00022899558955802313,-0.00036612889407261484,-0.0003948125727639695,0.0005776960856915814,8.204642417508623e-05,-0.01272338370710302,0.0026993152938203924,0.0001808832146010797,0.0020265031392454613,0.0007838300801275011,0.0005999030730010624,-0.0008951006083912638,0.0025720142440421867,0.0010776689669478312,0.0010148795694928658,0.0011644780127171295,0.0006405131419340293,-8.332012826284263e-05,0.0004695712219131565,-0.0017650682496304082,-0.0006998723974697141,8.278449123921838e-05,0.002120587102051097,0.001432144565463478,0.001401775457861243,0.0016161658540352342,0.00010156753065748703,-0.0001378423535354223,-0.0004939925345740503,-0.0004987108093720272,0.001492467804653952,0.005419345504873885
-0.012245374166091949,0.00045391967321584126,0.00018047264788867423,-0.00018354842031931273,-0.00023436426301781665,0.00011641153146335625,0.00042961302027988424,0.0010649567363276713,0.001556118017844721,0.0037397137278909476,0.0013632533653227252,-1.2543366475603612e-05,-0.005556587301992377,-0.016438613031419802,0.0006050204223060351,0.0005979451393256507,0.0009404107861934463,0.00036612696863769223,-0.0008464535754220126,0.000553649217174268,3.0850250357872255e-05,5.027809867619304e-05,0.0008240945810789047,0.00023726621603947784,-0.0005401837297690504,-0.012440775830148021,-0.006173147653756206,0.0005248454520390133,0.0016088806195684313,0.00023584795620323895,0.019930894062452964,-0.0033104435273699773,-0.00021839680285173912,0.0002596148220377348,-0.00038513035109311033,-0.0004501221861814564,0.0005210067111636185,0.00012655857867960307,-0.012002303352402821,0.0023191260804653613,0.0002021052355201114,0.0020506900162982067,0.0007822670292592093,0.0006328063936655859,-0.0008521510864929471,0.002669147318545617,0.0011793876555798999,0.0010560994113610889,0.0011091259053166436,0.0006475508669656627,-0.00011695199075045792,0.0004768625966220519,-0.0017274406705111156,-0.000867601908509763,0.0001309851183477484,0.001661400570153182,0.001445851978508328,0.0013575038865676348,0.0014529566015630824,0.00012184415894211931,-0.00013951415765256492,-0.000459566913384446,-0.0005646572575496167,0.0011890210019902536,0.004714114639936318
-0.01218636690316277,0.00046590068861451783,0.00021703404511330682,-0.00017896365753422572,-0.00023114987817451915,0.00012374258301806051,0.00042676580672207365,0.0011072691207552054,0.0015735805183476614,0.00372088807455051,0.0013980401606079607,-6.319265972387633e-06,-0.005978901639438705,-0.01670876632856977,0.0006250424349987238,0.0006075642307137308,0.0008066121627663403,0.000379850023484396,-0.0009038377369401385,0.000523587076178611,2.7809031474257395e-05,5.0228622997749994e-05,0.0008318399168028012,0.00022978978951715412,-0.00044499607452730405,-0.010872631033723712,-0.005979247300228807,0.0006332844443461827,0.0018049322976283477,0.00022862545066892892,0.02027581193032879,-0.0023049715240774926,-0.00039445188692677213,0.0002622865034989097,-0.00039768860922362315,-0.0005109387903733387,0.0004662920908395929,0.00016748628898155538,-0.011374701748618099,0.0020262599974063544,0.00021647765470556024,0.0021056339450442607,0.0007756506676344088,0.0006404032699580675,-0.0008586983782349344,0.002733028195647025,0.0012533322406498293,0.0010948110262558597,0.0011213665281288865,0.0006427242365929509,-0.00014142310998754848,0.0005075474064812902,-0.0016559539056146821,-0.0009924531616518628,6.3850850085867e-05,0.001950215168093239,0.0014501227939269778,0.001326736461100264,0.0013083140931762216,0.0001437163313642298,-0.00014297298648557888,-0.0004010103740418325,-0.0005684712835039019,0.0009125863460546224,0.0039995031016542
-0.012178167705799936,0.0004873146378963078,0.00023310923781871828,-0.0001720524302594173,-0.00022850603541135772,0.00012450985529310898,0.00046278784137165907,0.0011367641906716575,0.0015886790381340887,0.003683549350965265,0.0014258275925249642,-2.900971061814417e-06,-0.006052025428960328,-0.016586217929110747,0.0006413943785978926,0.0006033570495056484,0.0005669967741048776,0.00039950335902982914,-0.0007729718170331745,0.0005054226055736244,2.1399370649266558e-05,5.9085151051574414e-05,0.0008284922430841224,0.00021793345472742587,-0.0003842286552253604,-0.009724446483193483,-0.005753149190770412,0.0007286331851890093,0.002020661112702271,0.0002303825688405592,0.020149847476928162,-0.001195795819784462,-0.0010860999037334285,0.00026082345883016167,-0.00040848188582953693,-0.0005415064120853907,0.0004154464975718586,0.00019689655027388397,-0.010849021444576556,0.0017882556430135477,0.00023088347990873892,0.0021485562379852663,0.0007681022216148303,0.0006735826634078901,-0.0008639290725448445,0.0027751451325239707,0.0013237827449683603,0.0011269594829994567,0.00120514748138989,0.0006498491393966965,-0.0001533691140261917,0.0005149685071346166,-0.0016738083378385893,-0.0011374981461163003,0.00016782935565284873,0.0015275928365312552,0.001458397836171077,0.0012650924977462008,0.0012370461476944872,0.00017442897926978063,-0.00014485843224354422,-0.00024898545762364055,-0.0005680182437678427,0.000669877915661754,0.003298987044711099
-0.012180236389442656,0.0004802481173096229,0.00023515519874606206,-0.00016800908872272036,-0.00022739087383194523,0.00012238999334202028,0.00048039441764391455,0.0011498401298866145,0.0015257318296575395,0.003654926812831638,0.0014183031752668107,9.408177998881939e-07,-0.0062066387072827744,-0.01659133983962524,0.0006562242316949796,0.0005864626739386924,0.0002620560262880378,0.0004079861062549206,-0.0004289696040734592,0.00046539893221897444,1.74365573410995e-05,7.952871045846521e-05,0.0008198479724963459,0.00020316770620376623,-0.0003899117704230237,-0.008243986624633659,-0.00553592776699241,0.0007932308993903181,0.002189904604293025,0.0002329442622799327,0.019577675041231757,-0.0004201401482030187,-0.002182222321163829,0.00025314714923641013,-0.00044061581988341647,-0.000569350860447293,0.00037117629073812886,0.00020724398114535525,-0.010306163643601707,0.0015586767086805953,0.0002397697319420633,0.0021815124790984797,0.0007473352191587068,0.0007666760834492692,-0.0008028562832274044,0.002796074643024893,0.0013098855921132024,0.0011460311700723924,0.0013522398538381442,0.0006647403333666091,-0.00017598362700588233,0.00053981064233799,-0.001715350598984533,-0.0015015835881732054,0.00012695623556058244,0.0018247694581998708,0.001447360089039007,0.00124829118162606,0.001189456835767988,0.00018613991873395186,-0.00015173928729839137,-9.612739622510968e-05,-0.0005923049978439066,0.0004446301744966963,0.003350964132147194
-0.012075151237595172,0.00038012291111821916,0.00021519264670355476,-0.00016649836791637895,-0.00022363153223559085,0.0001162841866559905,0.0004709456210851837,0.001135853450299873,0.001626028108921096,0.003681751056188176,0.001393290253817181,1.4814673214846863e-06,-0.00584782366847425,-0.016616625611326707,0.0006547519224500142,0.0005807098977377301,0.0001037803394698944,0.0004283594305891647,-8.206844542391067e-05,0.0004194043954923732,1.866333528566244e-05,7.399665930818422e-05,0.0008081232209327105,0.00018404656310688772,-0.000482906582403575,-0.007146657262958156,-0.0053207206757723835,0.0007902411881963722,0.0022780017567336497,0.00023747135840945788,0.019233824995382287,-9.169413249321412e-05,-0.0035057841616789043,0.0002259820252139555,-0.0004730109404585958,-0.0005808613223826642,0.0003357833034007829,0.00019956097606854684,-0.009891984714627933,0.001235834098302968,0.00023366752878350994,0.002109723497947247,0.0007283929566161973,0.0009016083179500534,-0.0007669072563779578,0.002766751120031108,0.0012332074337568777,0.0011413916426541437,0.00154915410076506,0.0006585832987953122,-0.00021285981784624486,0.000550983244615777,-0.0016039401540648424,-0.0016421454490049836,0.00011461716377403341,0.0019769767298707386,0.001425224816732129,0.0012380526683861692,0.0011942081883751232,0.00020308313342098927,-0.0001576368493705349,-4.524769276892382e-05,-0.0005848590249473151,0.00029182235801927803,0.0038249899490163664
-0.012068028914361761,0.00016586427672571347,0.00018457156756213067,-0.00016660224791298361,-0.0002200994386318822,0.00010643650294661633,0.0004816282824975371,0.0011054991270718073,0.0017072545315828247,0.0037027084262739596,0.0013401702980431196,-5.020362174312787e-06,-0.0054616817277853835,-0.01637423237524316,0.0006403546561402074,0.0005832431752452738,-2.5519934342188577e-05,0.00045051546532848263,0.0004781662545141341,0.00039046628254668647,2.1062053388032353e-05,0.00015401558879268862,0.0007859366339180163,0.00017012613295297463,-0.0006488768124419675,-0.006674231627536664,-0.005010245387548684,0.0007162655341013124,0.002254653866099021,0.00023342328892361763,0.017347898704196618,-0.00048666355138260453,-0.004795580760218576,0.00018910539154792794,-0.0005309999139594401,-0.0005934776276429465,0.0003138200826264814,0.00018783935082788972,-0.009564870806666903,0.0010138251007238974,0.00022166312581717307,0.002012999118568004,0.0006981551885518744,0.0010932825336387175,-0.0007196075799631441,0.002684892187724053,0.0012215282062986166,0.0011173015509799988,0.0017520560620714054,0.0006720665071855425,-0.0002442474658904681,0.0005509826570428977,-0.0016659554862219483,-0.0016904696729653779,8.025704795655564e-05,0.002252092039632725,0.0014004188476095525,0.0012274915984546997,0.0012842450414791706,0.00021200262538823011,-0.00016846179531671002,7.019883759040724e-05,-0.0005371368513389374,0.00027452773446112744,0.0042927511075128155
-0.012188984446470874,-1.2031125976030843e-05,0.00013389517992967725,-0.0001730216085250591,-0.00021889125621965544,9.304191313330712e-05,0.00045350261047283347,0.0010487864731894003,0.0017409162297379321,0.0037238197425728536,0.0012757987920568592,-6.085470317884756e-06,-0.00513324127998116,-0.01645205027244967,0.0006278563223602873,0.0005629665517707938,-0.0002064933587979656,0.0004718125240184001,0.0009171378983885425,0.0003755916484737831,1.8944675601595407e-05,0.00020702731825439358,0.0007602656607119673,0.00015725727100157627,-0.0008276194809142545,-0.006787722635918092,-0.004764137525273049,0.0006311383081432087,0.0021662706024112577,0.00022076937010906406,0.01604698739159316,-0.0012411568675415596,-0.0057752314550899575,0.00015417627305192028,-0.0005750883862736256,-0.0006016211573751651,0.0003248574356466971,0.00018182572513847362,-0.009254450435238537,0.0010107548983564474,0.00019945490843631397,0.0018835161775325737,0.0006617727636057946,0.0012888264295849439,-0.0006900822457521771,0.00260645257309311,0.0011585087200112199,0.0010744739644170664,0.0018999069273588631,0.0006859538781063268,-0.0002559519091155371,0.0005648789932257703,-0.0017641806627864964,-0.0016910395802584022,-5.975501944832651e-05,0.002425954746250847,0.0013685851426905593,0.0012263442807649572,0.0014131121451939066,0.00023951645823183654,-0.00018535553248510972,0.00015245581388056983,-0.0005152009126780932,0.0002813994480261872,0.004763644595195737
-0.012169100192880311,-0.0001755877626958835,7.683792967672076e-05,-0.00018162743552030403,-0.00021692458917488278,7.901000917742707e-05,0.0004104504008779486,0.0009894660218927598,0.0017878245132532111,0.00372164363108185,0.0011992364631792096,-7.679653012737653e-06,-0.004942609249053431,-0.016631152161788565,0.0006058610896166883,0.0005379250958825743,-0.0005494786487207914,0.00047494008346604666,0.0011679690224355443,0.0003353847707088242,2.0465023986337982e-05,0.0002629874132331622,0.0007307585778779657,0.00014341382616178677,-0.0010079573322211433,-0.006865390902160873,-0.00439377546858899,0.0005457585993744463,0.0020228107247601823,0.00020656356512782637,0.014828389228909389,-0.002380359011520339,-0.006305897350557532,0.00010721199560892458,-0.0006220968223618062,-0.0005976343595330835,0.0003544046260535172,0.00017685669650258085,-0.009127704425174077,0.001024675779273787,0.00017137953057289046,0.0017351595425108002,0.0006203339981269984,0.0014823331682418672,-0.0007497139881705861,0.002489703586047609,0.0010432814914915767,0.001008429114174314,0.001963622420006139,0.000670981811118132,-0.00031285796891322715,0.0005633363836461402,-0.0017191233252403793,-0.0016342525523643792,-0.00025320458739486185,0.002497071549664609,0.0013251983394793054,0.0012112342158818734,0.001554939877870254,0.0002523481853273779,-0.00019765277840466666,0.0001826724338265251,-0.0004881320753479246,0.00032996544793606475,0.004287791586301104
-0.012211651939265433,-0.00030628702048141054,2.2902961515969267e-05,-0.00018828354495192823,-0.0002143094590055794,6.616275081872125e-05,0.00038082562653918295,0.0009192006594263002,0.0019098900730825097,0.003664555679404824,0.0011166247984244482,-5.731801084984944e-06,-0.005002557574485089,-0.0165366784139811,0.0005773172104068802,0.0005006731735233139,-0.0007421962449905006,0.0004893112784702947,0.0015135282429945551,0.0002706352536672174,1.6753157632942717e-05,0.0004049297833674803,0.0006984427518430536,0.00013176148994609171,-0.0011497284191466228,-0.0073034364642088345,-0.00404259247695149,0.0004723126292718316,0.0018720956901885355,0.00019319630949743427,0.014475731426137894,-0.003523264244670532,-0.006252342120457333,4.756453479970446e-05,-0.0006787202904673384,-0.0005884346465480084,0.000383659087114685,0.00016856223492367484,-0.009018204640379168,0.001097332793443595,0.0001300909069883449,0.001581292394299938,0.0005725583208238127,0.0017811715350140034,-0.0007264081608778783,0.0023028169905965346,0.0009501497177915041,0.0009282549509384008,0.0019406842513336464,0.0006466334620796044,-0.00034669330472725246,0.0005646665727385702,-0.0016024953650615181,-0.0015410741080097434,-0.0005612856419513479,0.0024407935657284607,0.0012634704873004665,0.0011392902223692492,0.0016650755720377663,0.0002576342939859533,-0.00021291485292329604,0.00025729577880628796,-0.0004485023076591377,0.0004005587439241953,0.0035867697887077554
-0.012257637815168199,-0.00046523226955808017,-2.9696960547553886e-05,-0.0001947793196248604,-0.0002149090662642017,5.2951565853165405e-05,0.00035926479283565627,0.0008485455757987204,0.00209876912412299,0.0036689895148982465,0.001034368330751656,2.3042040229181993e-06,-0.005122547094014052,-0.016572744261802885,0.0005445751894128659,0.00046467132284644386,-0.0008646967539259753,0.0004851923902302602,0.0017981848149346558,0.00023277138730981584,1.9484731295316138e-05,0.0005584882364686461,0.0006586623834885508,0.00012543497502415235,-0.0012340314861424284,-0.0075101320047109565,-0.00374769296443489,0.00041585956981471384,0.001744053808844237,0.00017392884184741497,0.013744286332234568,-0.004403406850762126,-0.005621535354982221,-7.094038341204367e-06,-0.0007414950263264775,-0.0005754022555543026,0.00040996815524696473,0.00014735489032791094,-0.008846515904915475,0.0014202855271459036,8.35175574709357e-05,0.0013951296103922317,0.0005320090975091674,0.0021750075905964117,-0.0007724858673335833,0.0020760761547808926,0.0008305997068769333,0.0008371073941024765,0.001815508640937935,0.0006284652903605359,-0.00038756401137363117,0.000568303088841704,-0.0014755627316641595,-0.0013876904232927867,-0.0008382697437561148,0.002243095434881548,0.0011841735891502392,0.0010693197609765726,0.0017345644478241606,0.0002495938622772975,-0.0002295686436833977,0.0002289505629018418,-0.0004337433045979999,0.0005017841887280383,0.0028810658115494547
-0.01228026478983868,-0.0006053375365770997,-6.768405743851069e-05,-0.00020010788636548593,-0.00021646377733797184,4.731818091974205e-05,0.0003309773213524547,0.0007791006396760114,0.0022519688867554954,0.003606858171468552,0.0009553263404498136,2.4953316184461727e-06,-0.005168348374441134,-0.016665672943812937,0.0005180921191780818,0.0004433721013072933,-0.0008658265256534792,0.0004673489109068285,0.002154140637149915,0.0001826249144309955,2.4682597263847583e-05,0.0006740429144138638,0.0006190219642197015,0.00010567516746062822,-0.0011799903291713765,-0.00788082139265478,-0.0035450891357694525,0.00039945602267899005,0.0017004379087817156,0.00015398008877687275,0.01230039714869946,-0.004597499450606168,-0.004409538604148611,-5.53785209874702e-05,-0.0008038805614450917,-0.0005728698153821821,0.00041117799376699793,0.00014618303414493106,-0.008790720238155747,0.0017039505855531711,3.7474055596176115e-05,0.001261968923184531,0.0004884159943032707,0.0026513912702055276,-0.0008192619383918798,0.0018551798357473448,0.0006995727763106085,0.0007446366330874366,0.0015389878892446696,0.000604316667799587,-0.0004326580081261966,0.0005535595487400347,-0.0014708400140360789,-0.000991526334429449,-0.0011492105520020113,0.0015191427532090795,0.001082983909934887,0.000992961591402386,0.0017434385507908434,0.00023195127622788192,-0.00024379831997722867,0.00021414319217560873,-0.0004448775533631988,0.0004610250785668235,0.0021753455201767302
-0.012314960645241735,-0.0007955219053562557,-9.955999049449105e-05,-0.00020319142956359837,-0.00022089195527674743,4.603252608892383e-05,0.0002813768411786821,0.0007157367809407233,0.002423861701562613,0.003530999803561752,0.0008699146621979903,6.589168972892523e-06,-0.005069958649055906,-0.016751374674549124,0.0004856768794143651,0.0004119472991426232,-0.0009635265570396845,0.00043771913290280295,0.0023244754639817344,0.00013285160204201674,2.6951119130647072e-05,0.000714587453143567,0.0005747141077971918,8.329818633856512e-05,-0.0009677451821561434,-0.008308264730449322,-0.0033446310337755802,0.0004517342623817644,0.0017609481312341746,0.00012535192872298317,0.011483541464953007,-0.003974108866846793,-0.0028544642326709946,-0.00010139194846714439,-0.0008495879171953602,-0.0005493107097279681,0.00039816355917254853,0.00012770220044000524,-0.008787173201265097,0.0018644468348480991,6.1003325324549e-07,0.001125802434023715,0.00043633531906639433,0.0030812752365374507,-0.0008924411511882502,0.001631130268011427,0.0006260479505122429,0.0006549691430874915,0.0011612132220155669,0.0005317172578549467,-0.00046850581416668646,0.0005256806308471251,-0.0014778008930547148,-0.000778424666362354,-0.00138733398786961,0.0009300561510301453,0.0009751831228235197,0.0009576030039626371,0.0016624117566501617,0.00020580605612408043,-0.0002591832252789583,0.00021015997431272915,-0.0004115803207634938,0.0003681484910378341,0.003584697883464827
-0.012317733227390826,-0.001028436190387394,-0.00012699183113573653,-0.00021123539084333398,-0.0002232461273654618,4.8755846975723216e-05,0.0002559859025230704,0.0006417042953563712,0.0025740314222053584,0.0034008344354288234,0.0007798220607602158,9.721580862320778e-06,-0.0051178651592784785,-0.016910883244632302,0.0004512342588951501,0.00037611643965029806,-0.0010884953110030793,0.0004039165126585864,0.0023755800927449666,8.708002956114846e-05,3.177600587256357e-05,0.0007547860271359674,0.0005206283570398096,5.7501063868814484e-05,-0.0006678192124162097,-0.008340262358011108,-0.003112672375309544,0.0005433938429133534,0.0019295696738377277,9.528738249087176e-05,0.00994368738634166,-0.0025303897793786945,-0.0012889488652625403,-0.00015880168192061728,-0.0009093149401006029,-0.0005414954796502114,0.00036816336246592307,0.00010006213023006083,-0.008843237626009026,0.00201434681468049,-3.1834957843646094e-05,0.0009994123373637809,0.0003792107985107762,0.0034467920534344554,-0.001016180723196869,0.0014513454275306703,0.0006288581487949862,0.0005739001694775592,0.0007835424545150627,0.0004552315626102921,-0.0004755065888659704,0.0005016895571088309,-0.0014406753242827142,-0.0005598509186449663,-0.001627282326757018,0.00025771341667546466,0.000849656120022857,0.0008536743975202654,0.0014946207080857032,0.00018023687770041263,-0.00027078492139553934,0.00013651913870305066,-0.0004049130447653093,0.0002885919111912383,0.00504416751373471
-0.012430552779789217,-0.0011358605080911133,-0.00014752634888270943,-0.0002216024878163303,-0.00023290154568478272,4.850078643747757e-05,0.00023773343387123447,0.0005800847069346027,0.0026268675636007544,0.003322207034984981,0.000681359578434515,8.904983112900666e-06,-0.004707983026521423,-0.01709840578070798,0.0004078807465848211,0.00035720819694073924,-0.001237298217389493,0.00035865584204075596,0.002148015312576579,4.9320257134999324e-05,3.252913152640424e-05,0.0008288464224666114,0.00045221754595958785,1.664895437669678e-05,-0.00036398859179997967,-0.008339980691290716,-0.0027603666733276855,0.0006432377891405494,0.0021974295488105255,6.88219483468977e-05,0.009601230750205803,-0.0003270726831212656,6.646839812107785e-06,-0.00020704517639735798,-0.0009651515866154758,-0.0005240295220668711,0.0003184876891368926,6.803975085634129e-05,-0.008943909955848262,0.002120712022162241,-4.955088247371453e-05,0.0008962909803000851,0.0003270353435296247,0.0038068212386128675,-0.0010974705487558634,0.0012858159479809395,0.0006432772487923177,0.0005033582046227725,0.0004487582158156922,0.0004341395046405516,-0.0005053980334909225,0.0004485544692778287,-0.001386566450342075,-0.000345901456725195,-0.001614207505747034,0.00020505598667774905,0.0007173804410787188,0.0007638490307968482,0.0012996707867882762,0.00016491737928547856,-0.0002899128192165312,7.916641376271016e-05,-0.0003978584164788801,0.00017780899014852025,0.006533133243842748
-0.012572446910603552,-0.0011935749575571197,-0.0001649887885901702,-0.0002315125963614495,-0.00024038369811929527,5.161556657684585e-05,0.0002029128005156533,0.0005114549758751252,0.0026403894579059006,0.0032473121509635217,0.0005634254682771456,8.998262376991306e-06,-0.004609613740511276,-0.017395900980877066,0.0003634504495886315,0.00031800603924692084,-0.0013450930248172233,0.00029125770658344763,0.001968156864918358,3.4233354644364056e-06,3.533530419841391e-05,0.0008852232612726052,0.00037710691127501583,-3.0965586628295405e-05,-9.666782737738355e-05,-0.008127359651778354,-0.002370603009151373,0.0007351486084865577,0.0025283259747506115,3.748398846581402e-05,0.009486275358646212,0.002340970211990534,0.0007957876776201189,-0.00027195954344816364,-0.0010203713835957862,-0.0005049076787154716,0.00023659206745496597,3.271396955817352e-05,-0.00890062586514806,0.00206948673388041,-5.178156129059808e-05,0.0007607055502618643,0.00026791748126209214,0.004277885791810432,-0.0010835892619175391,0.0011818663582774391,0.0006546312375801389,0.00044209533961936387,0.0001671332076784715,0.0003978319250568241,-0.0005511839075683644,0.0004106684644231695,-0.0011600099282169651,-5.967881296531363e-05,-0.0016641690026404365,0.0010439324608850775,0.0005664635629607506,0.0006674771116061962,0.0011099678703085925,0.000144900861251962,-0.0003073240639677177,1.4831126065928402e-05,-0.00039738132582700647,0.00010790414889050304,0.007034077514657344
-0.012671840619410957,-0.0012289073409963436,-0.0001802447946492869,-0.0002432252950802516,-0.0002429803559577115,5.2628896062945074e-05,0.00016999425148922498,0.000434302342199544,0.0026917081430783973,0.0031859000690535044,0.000433057009408655,6.03373441854238e-06,-0.004251601935552407,-0.017598323204218835,0.00032053625629901994,0.000269009784879648,-0.001526163670757752,0.00022717995366372534,0.0015628218456420484,-5.5819364814246875e-05,3.1956103545560666e-05,0.0009299483786953111,0.00029192469404559773,-7.479378171493245e-05,0.00011785865373625803,-0.008094293233787075,-0.002020770404469463,0.0008175536309535936,0.002867553705718784,1.0380499632756113e-05,0.009288511695272783,0.005179219609319663,0.000992381175288326,-0.00033458044091150274,-0.0010710118230532473,-0.0004872135667101096,0.0001413407395065569,-1.1153464923863154e-05,-0.008791361277893373,0.0019282775381319617,-4.9297705900452904e-05,0.0006708483959874112,0.00021188188301013433,0.0048177794275752195,-0.001102544301866737,0.0010771736840549107,0.0007297750507708756,0.00038361503868000746,-4.0715174935646026e-05,0.00036899400939738314,-0.0005788992191320119,0.0003937331996317628,-0.0011758197270651527,0.0002597912018282855,-0.001641222980138246,0.0015911608754279882,0.0004223059706942589,0.0005853702533280547,0.0009606571062714675,0.00013485476788077655,-0.00032280179547183874,-5.0382980019358925e-05,-0.0003775210070867674,4.2527928511226776e-05,0.005150503563925657
-0.012780741423356945,-0.0012887801523093767,-0.00019598278435251082,-0.0002539270236459057,-0.0002526631071944063,5.125840089470479e-05,0.00012349858159055316,0.00034939814415957393,0.002749273075241865,0.003112811835863649,0.0002874406078616776,-3.194937816863863e-06,-0.003906262129721894,-0.017997536367814315,0.00027300570740784735,0.00022491094700605174,-0.0017002952804694438,0.00013208646669116142,0.00137765079069041,-0.00010762522544749409,3.268995844751821e-05,0.0009588006465590659,0.00020823720673623924,-0.00012576221552151878,0.00025973298323367366,-0.007819400761582274,-0.001756258263310273,0.0008682333352254545,0.003149272797589475,-2.588990643692668e-05,0.007479411130280056,0.007651419694859163,0.000615612848121172,-0.0003716900964099157,-0.0011427780134621868,-0.00044805946255754847,5.140529501823643e-05,-3.824773770477741e-05,-0.008695492051157383,0.0018569895667581715,-4.53793880057507e-05,0.0005257231745507962,0.0001536316231505186,0.005397584046630488,-0.0011332202349700893,0.0009641548155185919,0.0008022795567594887,0.00032840268474054746,-0.00015085096607914128,0.00033211327964188797,-0.0005666824085321931,0.0003597959932646333,-0.0012378230380278854,0.0006709966414495394,-0.0018756422773993364,0.0019818265556121872,0.0002887888127673932,0.0004906847172554407,0.0008504992495192987,0.00012538659931404794,-0.00033293049978011524,-0.00012994341664129827,-0.0003941261119173589,1.0614116192408929e-05,0.0032732105857815608
-0.012908207947377237,-0.001414550516448676,-0.00021931293093180315,-0.0002641416833274457,-0.000256341477130384,3.778412995281144e-05,6.27713553968956e-05,0.00025804433507969904,0.0027764594340178306,0.0030224396414564314,0.0001332872798640583,-1.3468754886614143e-05,-0.003512933280970021,-0.017944665950458738,0.0002120038888338005,0.0001745591142410241,-0.0019222166054577716,5.2702152901984434e-05,0.0012504706424711909,-0.00018024398455251944,2.8592360629575708e-05,0.0009694270168585373,0.00012757474757774112,-0.00017885895363756177,0.00030724996097375445,-0.007608671431600156,-0.001520079928492124,0.0008622228452379588,0.00334192971300995,-6.54273745116507e-05,0.00642429545615486,0.009513522367933014,-0.00022753920859786003,-0.00042458235860454163,-0.0011886354021223289,-0.0004215331289698643,-2.323669836801212e-05,-6.684698690506696e-05,-0.008671649473857346,0.0015756270915023851,-4.8276609712738505e-05,0.000389795993833042,0.00011108935065440306,0.005989631500869175,-0.0011457419712148642,0.0008561161336995138,0.000904479390558599,0.0002690729486582999,-0.0001691994596305646,0.0003104157121656126,-0.000572643009447038,0.0003525020638901477,-0.0013996018104441843,0.0008656921021521491,-0.0018568325663146368,0.0024524909657821503,0.0001664620185368726,0.00042585907010983526,0.0007960234618922257,0.00011419214399444044,-0.0003467077761764026,-0.00023072137635671286,-0.0003802060461874923,7.554841594181738e-05,0.00140216595179532
-0.013012567929235552,-0.0015980303402141072,-0.000257145563330341,-0.0002787565665118841,-0.00026162649528238546,2.4719510379744847e-05,-2.918437571819421e-05,0.0001543305673736839,0.0027288079309493174,0.002877744888155842,-3.336852986712824e-05,-2.258933939391916e-05,-0.0030924576604058895,-0.0183114516709868,0.0001454053942635536,0.000127747528184452,-0.0020291201885487276,-1.5157782206176584e-05,0.0015257525151626261,-0.00024511650929548434,2.7416433420190955e-05,0.0008802900450195494,4.8367610852695364e-05,-0.00023426344246013642,0.00022053271601762958,-0.007424167041371943,-0.0012235410970800054,0.0007689101226786565,0.003406346258650217,-0.00010686846160368191,0.005225792440499033,0.0104968307747626,-0.0013282062549178075,-0.00045488466208343237,-0.0012283837051314528,-0.000389599674810448,-8.238905567625743e-05,-9.724826111656704e-05,-0.008744855894388892,0.0012254478691819948,-5.7802043250232416e-05,0.00022459276351405322,6.350206271843462e-05,0.006648072112377168,-0.0012261193585236807,0.0007215359150101186,0.0009607228060803941,0.0001978271275298038,-0.00010946760171814951,0.00031500914263160595,-0.0005970792831683225,0.00032883305690734055,-0.0014848413497354773,0.0008723359072981829,-0.0016778203877251263,0.002849863224574145,5.111422131109933e-05,0.00037303316228065597,0.0008080268709611538,0.00010582536389192043,-0.00035215809703348366,-0.00033749750912603904,-0.0004147656124536825,0.00013306348424535486,0.0009687625290617508
-0.013121251329252459,-0.0017877937186858706,-0.00031169690507482084,-0.0002895941153423509,-0.00027058203454621843,8.405077625672774e-06,-0.00010778103511177584,4.770261997588676e-05,0.0025718855414218478,0.0027194603701146125,-0.00019948377340783807,-3.0246580546067214e-05,-0.0028949938394081665,-0.01874596273534712,8.002152046038269e-05,8.52772513002531e-05,-0.002118540423001747,-8.759479251507774e-05,0.0019011976175775658,-0.0002909707613198975,2.995879614786645e-05,0.0007613166010085326,-3.27948361696917e-05,-0.0002730367945522616,3.7026489690505926e-05,-0.007193949488167317,-0.000841097469892027,0.0006191639538011273,0.0033520786694718474,-0.0001411516216686115,0.004746228660800211,0.010660585321259575,-0.002431441983159255,-0.00048132276554413433,-0.0012451668606453525,-0.0003374176145197749,-0.00013267071844169642,-0.00014350035553667428,-0.008823761650425088,0.000727818530458002,-7.247360892836952e-05,5.82650120384276e-05,5.673986440468681e-06,0.007261225722938969,-0.0012856059066022052,0.0005594473478274242,0.0009543792680692942,0.00012504878195662705,-2.1806215408815e-05,0.00030621907602434995,-0.000585807178254405,0.00030565163349627333,-0.0014117713803726284,0.0008039840477851445,-0.00140754183150682,0.0025674147332290786,-4.858238137228632e-05,0.0003861917766929679,0.0008974853060621513,0.0001071030486399227,-0.0003591582033776186,-0.00038699841247202826,-0.00043290047192312553,0.00023283998207812573,0.0023860109721740574
-0.013194233743033301,-0.0020253058119724665,-0.0003840539684430988,-0.0003034520545869279,-0.0002776778776563127,-1.5746059816801328e-05,-0.00016965047563510804,-6.864670525896788e-05,0.0024101212097231706,0.002586845319405784,-0.0003556871903213077,-3.7173169274096196e-05,-0.0027555770943583635,-0.01931282390042932,1.845736235828177e-05,4.433732057784745e-05,-0.002169801854765785,-0.00013687937477491197,0.0018621409536754285,-0.00032886893161721,2.8026468205766264e-05,0.0007059963051960771,-0.00010469907185495231,-0.0003070812742060891,-0.00018165595001762291,-0.006970028214249857,-0.0003957518326727083,0.0004449912038910764,0.0031724958848671214,-0.0001804774752095506,0.004050233335997522,0.009925119532965931,-0.0031908593767939752,-0.0004968320758065303,-0.0012557392775537357,-0.00028566052686385124,-0.00013638077769140278,-0.0001925085993326192,-0.008846106730197478,0.00031378981426621877,-9.22399901893689e-05,-0.0001120030247728776,-3.2160056311014706e-05,0.007762162396496075,-0.0012670244919128493,0.0004258649767743261,0.0008992763194615172,3.8177570624409185e-05,5.433373338670222e-05,0.0003053093685072561,-0.0005864057412380275,0.0002970397263331037,-0.0014249242839744491,0.000984528225843162,-0.0012735523621228984,0.002574971450706842,-0.00013999180006807332,0.00044591186974929364,0.0010648276514333421,0.0001131059998678019,-0.00036789983877050236,-0.00047860537566701833,-0.0004708813133302847,0.00036468488248231345,0.00379387874194137
-0.013333125014046487,-0.002252357298477503,-0.0004488998269810418,-0.0003146028741131124,-0.00028698868353083107,-4.351982235284435e-05,-0.0002586720269434073,-0.00018260232571021273,0.0023153732546474792,0.0025203573186456385,-0.0005037993278416142,-4.300402539303416e-05,-0.002588807865909315,-0.019873122196171766,-4.073986813779573e-05,1.63332684341988e-05,-0.0021681415150704986,-0.000191845839998539,0.0014506480308962288,-0.00036108740147744456,3.2431701897150944e-05,0.0006568328776288546,-0.00017052508581716364,-0.00033072415479884487,-0.0004140152033480504,-0.006380155883594529,3.3537207451361795e-05,0.0002701519465355684,0.002905745461430964,-0.0002089438322061543,0.0036688269143734242,0.008495104675002807,-0.0035075478170485397,-0.000521146580770071,-0.001257837944175999,-0.00023551870650984075,-0.00011514980627369553,-0.00023673649497935045,-0.008883270058760218,-0.0003187474101457033,-0.00011534552140923804,-0.00027068631178972513,-6.371262168669567e-05,0.008162494059362091,-0.0012957381458637007,0.00023233809846723297,0.0008536700982562095,-4.831236271862771e-05,7.956670859532444e-05,0.0002734903933729882,-0.0006163772829400616,0.0002669953201719366,-0.0015367825778176414,0.0011238048260631128,-0.0011229113813393532,0.002542004070867243,-0.00022956266093987487,0.0004898682915976948,0.0012637124506000852,0.00010436567370608607,-0.00037221702421819103,-0.0005495775895153487,-0.0005072706564832608,0.0003975906860056444,0.005215825678833053
-0.013360481099657928,-0.0024717061256528394,-0.0005046681177852674,-0.00032521968468979257,-0.00029792655682847613,-6.386599204388776e-05,-0.0003357348935125737,-0.0002924739578877844,0.002235498195097385,0.002475343840618427,-0.0006249293611588769,-4.894885044992581e-05,-0.0024895379037181975,-0.02003382273156251,-9.27096613025924e-05,-3.990146626997593e-06,-0.002089096338885321,-0.00022362342952431113,0.0011793697799480363,-0.0003855702759703039,3.299969859860141e-05,0.0006205845765303586,-0.0002218393144249875,-0.0003400243116422619,-0.000640538952549341,-0.005787176181365705,0.0004189585157337028,0.0001185057265697953,0.002598906676868573,-0.00024065713236665065,0.002816322505510893,0.006649887404212462,-0.0031984991172641086,-0.0005567866855414882,-0.0012340048117502889,-0.00019795864079519276,-8.187208821253122e-05,-0.0002811293807472026,-0.00881466898564054,-0.0008002043912069823,-0.00015139208048620123,-0.0004137962245652771,-0.00010309195455182607,0.008479024100447985,-0.001326695153217372,8.877231851323053e-05,0.000802950554393167,-0.0001359773555111854,5.6942054019515354e-05,0.00021250525029015144,-0.0006157401110343796,0.00026128490058052734,-0.0016056728176404578,0.001361791847374283,-0.0009460126233309385,0.003028165589891829,-0.0003149516503930805,0.0005586575861100673,0.0014418859061720024,9.05707884215623e-05,-0.00037806782727178856,-0.000626261936291006,-0.0005392297497734955,0.00041833734902652076,0.0063358128193165
-0.013470495246176939,-0.0026162001105379806,-0.0005445009072024831,-0.0003307210927586679,-0.00031230466795717504,-8.188330120972864e-05,-0.00040914206757469707,-0.00038956079263641197,0.002098793823216427,0.002394077157176433,-0.0007238393214549221,-5.142790916068396e-05,-0.0024971506794687626,-0.02017823326045809,-0.00014628417207496192,7.738936549150921e-06,-0.002032348413018803,-0.00024797267074938567,0.0011554630844936575,-0.0004297248120829211,3.186381594755261e-05,0.0005818009870330876,-0.00026598187976911714,-0.0003451756316089627,-0.0008425532048559337,-0.005169532230333118,0.0007428175441686058,-8.646041856241737e-06,0.0022917932135799735,-0.0002575850859810602,0.0029815803491011206,0.00472855839486197,-0.002251170056938423,-0.0005720572654296374,-0.0012005273502162517,-0.00017862634806598,-6.0291366839271276e-05,-0.0003093479502810359,-0.008675733889493165,-0.001084583442040099,-0.00018476558577762425,-0.0005806616886175897,-0.00012740845423664382,0.008736094698518215,-0.0013689345438793188,-1.689420171047118e-05,0.0007199425064066123,-0.0002176979978764093,-4.748238547436223e-05,0.00015165060800148566,-0.0006143505752489453,0.0002468589054749337,-0.0017681924126523585,0.0015637958810810204,-0.0009445451140809302,0.0037276836155899495,-0.00039849488002063893,0.0006181601372676759,0.0015490422610644483,7.921271054223133e-05,-0.00038195284147413133,-0.0006727411891249702,-0.0005791276496178721,0.0004101906698545932,0.007275788916871528
-0.013471289431256528,-0.002697259709035782,-0.0005715338721402619,-0.00033567051368432743,-0.00032237910925581037,-9.680527000355266e-05,-0.00043643835419326926,-0.00047109317286875285,0.0018864838065524303,0.002303750331533516,-0.0007995468879734569,-5.091622049535616e-05,-0.0026026384235988687,-0.020469673866234994,-0.000200726348977609,3.453797469621378e-05,-0.001890119434958315,-0.00026263554823768853,0.001158695497203821,-0.00045233940623878865,3.299588558447475e-05,0.0004513046541820831,-0.0003027836688137553,-0.0003355578550271465,-0.0009595327119994446,-0.004314356152745447,0.001200066052519988,-9.672981115504964e-05,0.002046856814322151,-0.0002662691113786142,0.0027140678016848163,0.003162228244680154,-0.0007889746378092477,-0.0005774691308525481,-0.0011548179353108035,-0.00014188109256152437,-4.586762549130263e-05,-0.0003550519497143023,-0.008523209480129412,-0.0012455953719400226,-0.0002072420703735922,-0.0007051128789037353,-0.00014177529568715208,0.008837781069697792,-0.0012958723250507953,-9.711888709640348e-05,0.0006045239142355996,-0.0002870815288625872,-0.00025099663852401477,8.861441983687435e-05,-0.0005839381255510201,0.0002247830393669048,-0.0019709558741722866,0.0012322193957203798,-0.0008233225615318363,0.005211882251759725,-0.0004693455487937426,0.0005999715647064807,0.0016148223428271713,5.728083112988003e-05,-0.00038055196593966834,-0.0007015039966303815,-0.0006641905676045834,0.0003473651535230715,0.008234689503260562
-0.013516910153814177,-0.0027442040353145014,-0.0005830905764221406,-0.0003399129091321562,-0.00033116171377767234,-0.00010945295461894933,-0.0004568567815889102,-0.0005386203470433282,0.0017067690240013533,0.002241060183342247,-0.0008502078557798276,-4.726478600247663e-05,-0.002879199706352753,-0.020668288631915943,-0.00024768749997738926,5.962147175653243e-05,-0.001717438710032937,-0.00026983884623066334,0.0011553662630516826,-0.0004508155065452435,2.6066262542645546e-05,0.0003305206359367485,-0.00032979019255141573,-0.0003228256655781747,-0.0009166193316701987,-0.00350311153924987,0.0018486290850032727,-0.0001377160366430319,0.0018997821328095021,-0.00027335863434341245,0.0023616337123046893,0.0022412086642860096,0.0009849664333383412,-0.0005610526241812686,-0.0011144616106315564,-0.00013302215870858447,-4.8278720348848836e-05,-0.00035726452263307173,-0.008542734620193393,-0.00127053554761003,-0.00021284000040866502,-0.0008175629858776512,-0.0001631601843437025,0.008888648210394257,-0.0012693653007379568,-0.00012638054146885125,0.00045165795296120415,-0.0003232208602812481,-0.0005084515417893565,2.5124821169786316e-05,-0.0005487047296083292,0.0001725032026529405,-0.0021813813013155103,0.0006273063227340003,-0.0006839843298369619,0.005874637704695207,-0.0005394657227255628,0.0005690058071494697,0.0016019053767055702,3.6748606113912174e-05,-0.00037751080989756325,-0.0007224700289031327,-0.0006471762254455227,0.00036008099223905354,0.009187276488633378
-0.013566198565914678,-0.0027627972471061524,-0.0005721396429672065,-0.0003436359989360538,-0.0003368424077222487,-0.00011401560121238052,-0.0004542795857552795,-0.0005780384087697987,0.0016476221586154693,0.0022183334314545,-0.0008776591061578909,-4.340547066727929e-05,-0.0031128383788998626,-0.021013111167060727,-0.0002814518887093165,9.204958530073526e-05,-0.0017993694111181346,-0.00027393837112932307,0.0009909249161232925,-0.0004676709487914099,1.8154084316046593e-05,0.00019091473895738176,-0.00035580889507580427,-0.00031547109558893727,-0.0007338630960068704,-0.0023230849349575866,0.0023584723600753588,-0.00011030964792080322,0.0018608387535059556,-0.0002839816601691858,0.002781390027176256,0.0020151971155240034,0.0028029868096504096,-0.0005851708980240122,-0.001102918719943613,-0.00011840119549477723,-6.608026784094001e-05,-0.00036795791453170246,-0.00865966733730228,-0.0012321846816829574,-0.00021516633239493377,-0.0009195973024270776,-0.00018319151545453938,0.008873184360993713,-0.0012559078302838422,-0.00012765206876530488,0.00031791520154689223,-0.00034798494820575954,-0.0008166049831895839,-2.3720329790810624e-05,-0.0005253036646952758,0.00015693580828002318,-0.0023305745176480652,0.0001859875532821409,-0.0006174914979406587,0.005724456230207009,-0.0006101653212881031,0.0004849580576675727,0.0015133391512469618,1.6904707788034656e-05,-0.0003695342236404997,-0.0007610699728461956,-0.0006878698097639857,0.0003373121032272941,0.00941123802545829
-0.013544535266131197,-0.0027516968433408673,-0.0005482396865768013,-0.00034665273710821065,-0.0003432156071202508,-0.00011676508907143557,-0.00044654538734778537,-0.0005993260300702907,0.0015959783893400026,0.002228250197439774,-0.0009062170207793097,-3.9907088210111574e-05,-0.0031514829064486216,-0.02143845168333225,-0.0003295651135988287,0.00011415956015148332,-0.0016566013866318174,-0.0002726638344802135,0.0010526574681553047,-0.0004855630565675506,1.2515047873584706e-05,-1.4922218032120682e-05,-0.0003878573906391791,-0.0003143013075003198,-0.0005014525246430646,-0.0010983506353992034,0.002758960536761723,-5.1632338977536385e-05,0.0019449223755405587,-0.0002883247531410005,0.003085624555030586,0.002511820208502824,0.004368263543505613,-0.0006003853579108487,-0.0010979567265119172,-0.0001236881796049527,-9.735490841578098e-05,-0.0003788532616904039,-0.00883134934891594,-0.0011448667169268179,-0.0002120609547615615,-0.000978290095954737,-0.0002050096411505553,0.008797861259044026,-0.0011817020329920602,-0.00013002960360875004,0.00023465986018367246,-0.0003590215880360237,-0.001105838032680273,-8.567610101728462e-05,-0.0005206729745129701,0.00014187883619376507,-0.0024375076358192915,-0.00017177309011462416,-0.00037230672722787794,0.005795686081066176,-0.0006811920023915841,0.00043571958613286554,0.001356704366032302,-1.436098825413623e-06,-0.0003645244813279547,-0.0007762694573920648,-0.0007209042925706566,0.00023330705494672976,0.00941123802545829
-0.013523856486435837,-0.002685822161833551,-0.0005223974818902022,-0.0003444497210833841,-0.0003429974343303055,-0.00012084241588738998,-0.0004439389147974371,-0.0006077694644043286,0.0015325933072483089,0.002304310059049408,-0.0009277094861723789,-3.8672034197606564e-05,-0.003293689277361622,-0.021775554098557026,-0.00036910629469888434,0.00014075195524987372,-0.0016928842858440207,-0.000284898697536784,0.0010624261595011397,-0.0005218002250751974,3.226767109509865e-06,-0.00019711688524615134,-0.0004174781336853117,-0.00030644180159566936,-0.000290143819249411,-0.0008951372327828944,0.003158702671858693,1.6834010294619617e-05,0.0020947120122116747,-0.0002955358414803433,0.004437839173756952,0.0034231720845139257,0.005435040298627403,-0.0006123419404612251,-0.0010988253026850137,-0.00014368814159237964,-0.00015571394363711466,-0.0003666382743763297,-0.009137135693652376,-0.0008885871309819438,-0.00020558278383331352,-0.0010108468589217212,-0.00023369582970467206,0.008681578220151698,-0.0011416269516343336,-0.00014095738192643203,0.00018077233322943975,-0.0003618405393147617,-0.0013287463226557827,-8.960596254248276e-05,-0.0004971525688094447,0.0001277457591040143,-0.002560363155760026,-0.0005175065015285973,-0.0003062604940208269,0.005923345022112336,-0.0007544192313732045,0.0003729412633928231,0.0011618147931995448,-1.5355404808792272e-05,-0.0003571084468191321,-0.000808369452348523,-0.0007295557368199868,0.00016042469440713525,0.00941123802545829
-0.01349258708746992,-0.002589673843435114,-0.0004928282138746409,-0.00034612305424541745,-0.00034389045271832064,-0.00012122045445073226,-0.0004173552138797554,-0.0006146077886348689,0.0013789640246619772,0.002437512545541365,-0.0009698870853315222,-3.472361033651783e-05,-0.0033554654669100126,-0.021753990318570282,-0.0004083544722126575,0.0001631073602870181,-0.0017561486399245707,-0.00029263604897333817,0.0010681962915402021,-0.0005306436399372672,6.384267097203633e-07,-0.0003018780341189631,-0.0004467996793937612,-0.000303702175016074,-0.00011008951817736978,-0.00033355654233702126,0.0036086880074865935,8.562048670390787e-05,0.0022950131282488684,-0.0002949579451015927,0.0062062239014677445,0.004682421411619897,0.005864483870781312,-0.000618560892940101,-0.0011009636845008552,-0.0001617763369464731,-0.00023274797652461654,-0.0003595337175671398,-0.009537138374124066,-0.0005989151733434284,-0.00019057971263669593,-0.0010256704747629852,-0.0002595242083900384,0.008447669939282143,-0.0011348328374251038,-0.00013486245825500287,0.00013779962900484222,-0.00034920523283621385,-0.0014800630924085567,-6.812075637052661e-05,-0.00046887097794090504,0.00011719526911502243,-0.002720566781873046,-0.0008449435468278477,-0.00015484343043659088,0.006368559356352943,-0.0008058973470455033,0.00033228493621262345,0.0009868935314449878,-2.0476545819270164e-05,-0.000360821825794555,-0.0007707288222291719,-0.0007271757467380846,7.514209252246218e-05,0.00941123802545829
-0.01351917232695421,-0.0024738992115181935,-0.0004545144283816249,-0.00034694271970903134,-0.00034544218982379693,-0.0001231855906902446,-0.00039792000424165863,-0.0006212674201088175,0.0012873274617664077,0.002565397479658449,-0.001008881952553109,-3.0609059877395595e-05,-0.0033477612695301806,-0.02188680104985874,-0.00044577844732052174,0.00017135740585194625,-0.0017650849900618937,-0.0003038374970925073,0.0013017410800559848,-0.00055642267596967,-7.345692491944611e-06,-0.0004711465083723221,-0.0004743414322025963,-0.0003061517549521886,9.183590090833249e-06,0.0004816339705182582,0.003951923969017779,0.00013830386535262917,0.002464574960853394,-0.0002882915124539087,0.00797218373901254,0.005707962191344951,0.005631637904549125,-0.0006405473412702811,-0.0010931667439045833,-0.00018064644206861047,-0.0002995657199184043,-0.00036818172211172673,-0.009999023981860367,-0.00025480875456063146,-0.0001721932665477155,-0.001042408543586948,-0.00028160989462833186,0.008290380999693037,-0.0011068894135394247,-0.00012025215789068788,9.549237079742312e-06,-0.0003333624946721958,-0.001557742224630343,-5.0948203925926805e-05,-0.00043764216378361365,0.00012158995902367131,-0.0029142150607198714,-0.0010560555799592475,-0.00013544922104402612,0.007139890734351617,-0.0008475230246857146,0.00028916444752202786,0.0008576372578261715,-2.899455872074075e-05,-0.0003637413692839653,-0.0007228962183587484,-0.0007391155880495104,1.2206646384571584e-05,0.008105285153749087
-0.013530099879686563,-0.0024981569452050545,-0.0004427809584762743,-0.0003467189626272793,-0.0003502179695055174,-0.00012935008760228683,-0.00036327261226121177,-0.0006410151065856518,0.0012547352132581402,0.002656446642669952,-0.0010479765108141192,-3.252281953480818e-05,-0.0035673831819389434,-0.021635158850587533,-0.0004800891486705927,0.00018032089247932426,-0.0018266814025986733,-0.0003048311217987987,0.001501650346126704,-0.0005692984974161597,-1.5520035212879257e-05,-0.0006362087535642935,-0.0005008268440104269,-0.0002992499956070427,9.275718972312497e-05,0.00056195186538055,0.004319133732301195,0.00018457332758203826,0.002643026482661348,-0.000283959460067873,0.007446758585880842,0.006907412562459969,0.004806058580292927,-0.0006433345367518051,-0.0010844105223634104,-0.0001732995018215444,-0.0003511726962499573,-0.00036526635203537605,-0.010476730868271611,7.425596093035836e-05,-0.00015180797354297226,-0.0010703456536473865,-0.0002970996127661385,0.008213126890773026,-0.00102247565523228,-0.00011053008882633275,-8.718494542325761e-05,-0.00031813049152262796,-0.0015319485662779186,-1.9559395263546442e-05,-0.00044065755913913485,0.00011099690829818876,-0.0030597086555087527,-0.0012756942388423287,-2.450326660219382e-05,0.006966455681253425,-0.0008874979119877224,0.00021522356191994163,0.0007928177840306194,-3.221284767707111e-05,-0.00036220886463012025,-0.0006560992171916746,-0.0007450382554440305,1.983268122618398e-06,0.00668146208218845
-0.013462860531721854,-0.0025011846220396317,-0.00043498865689728383,-0.0003502483084211194,-0.00035858291539514475,-0.00013420861318713673,-0.00030379197909435884,-0.000662989174981532,0.0011499174165732207,0.002737145319437584,-0.0011062223304175722,-3.35999478392468e-05,-0.00367809219157178,-0.021386216623613508,-0.0005238494602837207,0.0001650566692912303,-0.0019415446694464045,-0.00031953549457286456,0.001678487583704591,-0.0005965740854679824,-1.7327103269515476e-05,-0.0007946519095431981,-0.0005293968412645178,-0.0003032677207803758,7.398913019884823e-05,0.0009432710838359615,0.00471155223311559,0.00015821137888716308,0.0027073082637401047,-0.00029366536404284993,0.0064299544900172645,0.007409275564901563,0.0035371795147816076,-0.0006575897937356467,-0.001075397151061308,-0.0001679550021006504,-0.00038682001129830557,-0.00037242694370720475,-0.011004630023324191,0.00041777088794470174,-0.00013649495089818053,-0.0011250737084493867,-0.00031233719087586653,0.008216262687644749,-0.000954182146925997,-9.434603718772028e-05,-0.00021390204205795627,-0.0003094164513532949,-0.0014099370578498638,-3.6304237304163323e-06,-0.0004284458722128015,0.00010364115600336454,-0.0031268999175196877,-0.0014550086669060658,-4.297330713853853e-05,0.0074013174936866655,-0.0009273567654546344,0.00018338089494807086,0.0007548867739519682,-2.787034858553472e-05,-0.0003631733276702187,-0.0006000036879882931,-0.0007551508736625134,5.030193767940894e-05,0.005267052312401654
-0.013371784079137083,-0.0025263953127226957,-0.00044407569642679334,-0.0003525403394141202,-0.0003645052979431851,-0.00014477646187716076,-0.00025844420608767127,-0.0006892950710845058,0.001051814727452749,0.002796970776205443,-0.0011610196185621868,-3.2984389047086005e-05,-0.0035923810286537794,-0.02115807802456926,-0.0005612229785808553,0.0001548208315356181,-0.001962485667725611,-0.00032737595959986265,0.0019487177047115,-0.0005989633583189935,-2.2011588821202466e-05,-0.0010055781087016102,-0.0005572800223262453,-0.0003035862833531411,-5.6322872580283345e-05,0.0005934472524089518,0.0049383792083519396,5.145976274345543e-05,0.0026677441482900743,-0.00030002587137045733,0.005565585377741211,0.007258655068846043,0.0020599389079849484,-0.0006808471691212015,-0.0010517069566339243,-0.0001325467696706717,-0.00040324271567182546,-0.00036022691604253865,-0.011629818725385044,0.0006802409619048877,-0.00012922302059803492,-0.0012156711017690114,-0.00032681448332461116,0.008195539112984207,-0.0009330224747008398,-0.00010519697976307807,-0.00031791362673405654,-0.0003195573054820544,-0.001230824845883216,5.3739006712572035e-05,-0.0003892940220816543,8.925399182269089e-05,-0.003128475750748372,-0.0015576076015997309,-1.6593351558458203e-05,0.006892441240491598,-0.0009529356682498324,0.000121508795407399,0.0007970822730387628,-5.464474884142589e-06,-0.00036153697257446105,-0.00048234468145258447,-0.0007087537794575605,0.00018313496511757066,0.004283174663594069
-0.013410449623717069,-0.002530978283155072,-0.00044940508367530274,-0.0003557215497550503,-0.0003687193194827909,-0.0001567846573895526,-0.00019385990196707503,-0.000726870081529607,0.0009834611165644436,0.0028259473188601003,-0.001214651956003454,-3.405908051568041e-05,-0.0037037877677519315,-0.020747881017220138,-0.0005925290071202571,0.00013255490056396368,-0.0019876274066572552,-0.00032790697433282556,0.0021189613889980308,-0.0006079982750977209,-2.532899016749468e-05,-0.0011573834769128544,-0.0005788237456665346,-0.00029833646605548214,-0.00024613319557487134,0.00045244967531066216,0.005111430980935916,-9.788774566299452e-05,0.002527428909617324,-0.00031441147734789787,0.0038203633794824388,0.0064062947002343495,0.0006747492426042445,-0.0006918276330167838,-0.0010361286312381424,-0.00010658639587768359,-0.00040284068297125053,-0.000332379070094202,-0.012312714020314974,0.001143206781857975,-0.00012917208095797328,-0.001272728909626375,-0.00034222294078678495,0.008197057129136098,-0.000961093512189537,-9.673147087418954e-05,-0.0003812615649471107,-0.0003370797825088534,-0.0010581815476828904,0.00012126058365025116,-0.00034681965089444766,8.794498091257985e-05,-0.003104373573724506,-0.0015483803210432079,-4.664693059686087e-05,0.006825428867200056,-0.0009664482549883724,0.00011841289908631758,0.0008964370667241539,1.531113644714921e-05,-0.0003599514823873218,-0.0003492057194707243,-0.0006529923285319983,0.0004124615845135793,0.008234624246402644
-0.01349436496138634,-0.002482555325364566,-0.0004729898377832109,-0.0003589363175932059,-0.00037622324014119357,-0.00016627805850411015,-0.0002030282755678403,-0.0007731847684173676,0.000933023999044158,0.0027982839327913567,-0.0012633765821538079,-3.184165362302149e-05,-0.004061938100510809,-0.020826871624780474,-0.0006246044903795989,9.805408598806409e-05,-0.0019640302127696962,-0.0003207546591562638,0.0020844061469151853,-0.0006117770280271717,-3.050391476511205e-05,-0.0012742607416157403,-0.0005922731816263571,-0.000300849870107478,-0.00045148016582396977,0.00017838031953476552,0.005264428836742496,-0.0002503601569815439,0.002311401178873851,-0.0003159576152742538,0.003903200944962215,0.0050275241980735075,-0.0003057035580016354,-0.0006989936577477263,-0.0010087412540411567,-8.189554252835407e-05,-0.0003535228846186511,-0.00032417663843675726,-0.012961147092628411,0.0016489900628138265,-0.00014429263859272456,-0.0013323259982455093,-0.0003592356331734159,0.008164304778573772,-0.0009627930493102399,-0.00010422069291782243,-0.000504014268469466,-0.0003691102396415902,-0.0009570318421165958,0.00016698609716736534,-0.0003267692645715359,8.003057423433546e-05,-0.0031489253341956402,-0.0016226322870835919,-5.7105265327428434e-05,0.006685701597008986,-0.000977724197933516,0.0001296903705807484,0.0010355002843580596,4.0826855070452694e-05,-0.0003598768243723294,-0.00025334761262862937,-0.0006663654622064419,0.0006335786207192218,0.012239111340590414
-0.013427744340741565,-0.002473640764148799,-0.0005045962664380621,-0.00036344628354623154,-0.0003780259863285229,-0.00017327541372258448,-0.00023039394320811812,-0.0008188242168267745,0.0009148016470581499,0.002785097591202268,-0.0013039724168243394,-2.718293897552293e-05,-0.004318357296412834,-0.02067429184255909,-0.0006497797368462122,6.644601281657891e-05,-0.001821953134718557,-0.00031463109956098023,0.001962906202426229,-0.0006435082182579821,-3.335277420879468e-05,-0.0012715237676548252,-0.0005993967088776531,-0.0002971270981640961,-0.0006513309022552205,8.886531756790994e-05,0.005556547269562007,-0.0003916813518646256,0.002042770811680139,-0.0003206519059150148,0.004259958451330537,0.0032590878108995636,-0.0007195758676947772,-0.0007291881285534929,-0.0009878578921724834,-6.0732135659491426e-05,-0.000288042133210209,-0.0003109938435297277,-0.01363885286889277,0.0020828185685504153,-0.00017023770925195247,-0.0013767417383075964,-0.0003766574706578485,0.008077773947914313,-0.0010044361583422257,-0.00016355276862156654,-0.0006544698908211855,-0.00040648266999265825,-0.0009239287804483354,0.00019639772004476086,-0.00030683196180869565,6.477022518014408e-05,-0.0029632964335282175,-0.0017283050580735315,-3.5084221296499685e-05,0.006340799434598088,-0.0009929986261482115,0.00011559044048237155,0.0011771364507795479,4.650024463770386e-05,-0.00036153980007358477,-0.0001622625492249119,-0.0006481186560669538,0.0008938393328994376,0.016217087836195798
-0.01335989150872774,-0.002498236021730049,-0.0005299322248399907,-0.00036804670649670523,-0.0003795357812785838,-0.00017982678392314266,-0.0002501048723306809,-0.0008572689634618325,0.0009667899370251476,0.002780407435008403,-0.0013312948689742088,-1.8282911543487934e-05,-0.004374045342890209,-0.020342928352120038,-0.0006638826251690322,3.277523823785877e-05,-0.0016205535831598228,-0.00030417263314297394,0.001634455515645783,-0.0006146920445678772,-3.696944178332995e-05,-0.0012871413081122496,-0.0006048626253754019,-0.0002864207519416295,-0.0008206719230127169,7.021027452958073e-05,0.005910521153233539,-0.000507129682524754,0.001793661900396204,-0.00032458784506983474,0.004165490224216306,0.001627622939905926,-0.0005144968753368895,-0.0007531544544483459,-0.0009874286704228963,-4.034969314414827e-05,-0.00022232633802921065,-0.0002966599470379805,-0.014216213117968612,0.0025526106871234244,-0.00021055113676837767,-0.0014308195658278011,-0.0003870397599755604,0.0079131351957471,-0.0009497472726397449,-0.0002818952370987615,-0.0007943459665592512,-0.0004603198273001041,-0.0009962377796437494,0.00020744764819724537,-0.0002933933363891139,6.948925549732365e-05,-0.0029183169034905365,-0.0016803444235250486,5.219088387065085e-05,0.00609166534312533,-0.0010150265843401618,5.689175943746072e-05,0.0012658231693740696,4.793038770944946e-05,-0.0003683556376834485,-0.00013076581071547189,-0.0006216530150658928,0.0010699146335237941,0.017517722273973968
-0.013254993494772771,-0.0025567007470398417,-0.0005520198343733629,-0.0003720115720062811,-0.00038422962352635537,-0.0001847321133194857,-0.0002677513033347845,-0.0008837610717707944,0.0010520016444035551,0.0028299370018418646,-0.001340708644071209,-1.184160461464856e-05,-0.004002933061283964,-0.02012113337640442,-0.0006771598714090388,1.4152091678987233e-05,-0.0013632754011347892,-0.00027589641515401997,0.0013277456045592828,-0.0005822046900120226,-3.9576182744638366e-05,-0.0013214359835675982,-0.000609147195297921,-0.00027181820997324024,-0.0009168504486867235,4.847264437857213e-05,0.006195239361499905,-0.0005984904292610782,0.0015969607160029042,-0.0003272438096521002,0.002938771590900613,0.0003614418538735453,0.0002481022580615999,-0.000743726000325684,-0.000990855675706892,-3.168652895246815e-05,-0.00016340432819006434,-0.0002817430582211511,-0.014655180922865663,0.002859299131523274,-0.0002494570443691835,-0.001474925111728309,-0.0003917556790826726,0.007794564469787657,-0.0010095768329526633,-0.00038904043432341773,-0.0008823165210133377,-0.0005020175195750154,-0.0011837972970615285,0.00021401621350469746,-0.00030704196441866394,5.524747736429525e-05,-0.0028647083225838976,-0.0016293663867641417,1.4512315601455938e-05,0.006341168030486566,-0.00104314984108822,3.404487812996848e-06,0.0012871342529074958,4.3013177081441256e-05,-0.00037669071476376104,-7.992034078485588e-05,-0.0006003320234172493,0.0011481473250185559,0.014645653751728105
-0.013183320257613707,-0.00263754857731624,-0.0005657230490576648,-0.00036962819453989493,-0.0003844631260513376,-0.0001834327343160913,-0.0003109756024344268,-0.0008990717993659914,0.0010271353417652396,0.0028301479281473974,-0.0013379418465043758,-9.963975735161057e-06,-0.003646410281598178,-0.019964748573622515,-0.000691181111014183,5.137633099394634e-06,-0.0011006105900175367,-0.00027232327939485934,0.0012672719554436274,-0.0005851918607643336,-4.4383460006569564e-05,-0.0013272708782990916,-0.0006090238768944323,-0.0002713785990107187,-0.0008665647622607686,-0.00014710108616078355,0.00662166228730432,-0.0006345028823180332,0.001515329797051601,-0.0003373286217792648,0.0020856441726631036,-0.00015521993810796442,0.001429251077123217,-0.0007427358201897993,-0.00099148012984418,-8.922843906300493e-06,-0.00012026254342389908,-0.00027734594257955436,-0.015163021695356105,0.0030989728287555973,-0.00027892166865195467,-0.0015104719711664938,-0.0003963471893280168,0.007568129874836904,-0.0010483521263561224,-0.00046507030852782627,-0.0008928136524078978,-0.0005274239581267715,-0.0014843583022333684,0.0002068034999218593,-0.0003248953602478233,4.297879559533868e-05,-0.0028027530699773484,-0.0016161724570505909,-4.5103140836277866e-05,0.006087272599367033,-0.001085573466111267,-3.117709172784089e-05,0.0012569337054433305,5.648397073243494e-05,-0.00037871257232591216,1.7695732968947553e-05,-0.0005670703984574921,0.0011727867771695877,0.011773585229482242
-0.013203015284529496,-0.0026276828296928345,-0.0005576921324413897,-0.00036798463186493713,-0.00038338432660400823,-0.00018267443164809993,-0.0003583657960354314,-0.0009054171460848304,0.0011076476168223603,0.0028418977972606285,-0.0013395952328417726,-3.7359856672747327e-06,-0.0031811314732781426,-0.019881147679182032,-0.0006970980689559036,-2.3991151029134627e-05,-0.0009133954037933156,-0.0002521865693505543,0.0012305617217389653,-0.0005714007901862495,-4.489231543558514e-05,-0.0013229582317322297,-0.0006132297867886827,-0.0002649201642414001,-0.0006915578823122326,-0.00026420387726144856,0.007025205056240935,-0.0006105275973459223,0.0015457931690325832,-0.0003575458969642398,0.0009969252042600907,5.57359306678773e-05,0.002618441126279958,-0.0007295891326202231,-0.0010228343372181703,1.7089665238501084e-07,-8.948174205536397e-05,-0.0002807940395387343,-0.015694466828733544,0.003195301017587804,-0.0002942509266495863,-0.0015632830985350399,-0.00040617229243578024,0.007252778022044382,-0.0010939961680515031,-0.0005309800526530628,-0.0008941099621887494,-0.0005397048006172689,-0.0017923155782159084,0.00017890922097296702,-0.0003314025165905843,4.232423904704241e-05,-0.0027853875700977193,-0.001781006078722558,-6.4761594039675074e-06,0.005628149590800602,-0.0011250447574082667,-8.575730870108433e-05,0.001163926632840484,6.783802829102292e-05,-0.00038589587957293947,-3.133919252173989e-05,-0.0005574628333134823,0.0012426034919137408,0.00889197289174648
-0.013198718615580418,-0.0024992599046914643,-0.0005437882429175644,-0.0003715240988151347,-0.0003792500503460028,-0.00017847013094807185,-0.0003621494229985034,-0.0009044882824289502,0.0011925088172213272,0.0028601501380880467,-0.0013449302099791671,9.516195433878494e-07,-0.0027691782194164682,-0.019759973302006073,-0.0007017669779111335,-5.000808086608188e-05,-0.0007676514951314717,-0.00022036265636526942,0.0010586978147735238,-0.0005719057560081842,-4.299844988853163e-05,-0.0012426009197991084,-0.0006251665709443577,-0.0002571412802969686,-0.000470031155738182,-0.0004447183244071784,0.007445191376249438,-0.0005614501281817619,0.0016997282176858253,-0.0003659974357683726,0.0015574033164977852,0.00109462264281035,0.0035499511596235322,-0.000716226087122962,-0.001088524531175028,-1.3624547378077168e-05,-7.850317595314849e-05,-0.00025611100177147517,-0.01622810874007441,0.003292125747077046,-0.00029970289207004175,-0.0016003201155307956,-0.00041265530213718815,0.006950868911113517,-0.001093346372953663,-0.0005629725032217925,-0.0008486563865031105,-0.0005468303175437672,-0.002054166395551782,0.00018956716565754483,-0.0003587873058552571,4.1033264078782494e-05,-0.0027039610742981557,-0.0016727287208442299,-9.399858005743056e-06,0.005256419633754783,-0.0011759534138426897,-0.00016829058272216368,0.0010412027939903368,7.53643970152762e-05,-0.0003934742546566339,-3.860060421256861e-05,-0.0005470620889997946,0.0012443313149237412,0.0077147554867538215
-0.013223093560469579,-0.002287899372257707,-0.0005117769303312203,-0.00037725674364852413,-0.00037386968124175635,-0.00017110910202444707,-0.0003833677287077286,-0.0008936032244616365,0.0012737872467045719,0.002864841678414054,-0.001353828460582629,2.449008306815159e-06,-0.0020500067648527853,-0.019788958703631843,-0.000706615583930148,-7.542339440724799e-05,-0.0005727906568466778,-0.00019480579765807082,0.0012819785963840147,-0.0005681650124810256,-4.458404669682725e-05,-0.0011878850833828558,-0.0006438626772942158,-0.0002644697010628638,-0.00026987914351495057,-0.0005143823936097913,0.007960725164861904,-0.0005092276582936428,0.0019216257821279559,-0.00038543138435409574,0.0005459670862251187,0.0025888983250832442,0.004051259368293758,-0.0007008915799628923,-0.0011343484636581191,-3.009965847888818e-05,-8.726086828325652e-05,-0.00025554176926056993,-0.016666801514008123,0.0032315430954554802,-0.0002968012869576375,-0.0015869546349511765,-0.0004109548875043112,0.006685289810911987,-0.0011085790825080544,-0.0005821781335769716,-0.000764231229436918,-0.0005390168796927108,-0.0022715204864836025,0.00021897726931707773,-0.00040277273004618586,2.954281024458716e-05,-0.00263734693528217,-0.0014318899826611942,-0.00019694432523686967,0.006075052988353091,-0.00121328821641431,-0.0002176193946460403,0.0009209788438186983,8.175987499758897e-05,-0.00040341202755822536,-3.1366536281440816e-05,-0.0005418515097500576,0.0011785233144363527,0.007951898908904464
-0.013214117996623753,-0.002126264043405879,-0.00047139613743873987,-0.00037956177985620787,-0.00035610444981426514,-0.00016025562532118176,-0.0004275689678683303,-0.0008795961032623811,0.0013975572098661182,0.002843674817419428,-0.0013679455911523863,3.888041881783266e-07,-0.0015978552291755488,-0.019473934519809166,-0.0007045348112031391,-0.00011609036628934533,-0.0004931585083445267,-0.00018836612771866434,0.001641438839223186,-0.0005576759178017587,-4.150751392340002e-05,-0.0010999678977301475,-0.0006615011858724928,-0.00027251000027106453,-0.00011625609503540524,-0.0007471426431114869,0.008318754465354683,-0.0004590278620002497,0.002169699742143205,-0.0003950697762361566,-0.0014332127572890263,0.00426781784353758,0.0039797966854577815,-0.0007017601387784289,-0.0011746239919766532,-2.0664863758179663e-05,-0.00012054831143426536,-0.0002697023533698717,-0.016917683543225093,0.003064110199626935,-0.0002816707340411728,-0.0015791533922413503,-0.00040098623571060976,0.006568796417840916,-0.0010935221605432588,-0.0005885191248583554,-0.0006862346184738355,-0.0005244509651385343,-0.0024170980914762774,0.00020871348564721615,-0.0004175324698032501,1.778644121630535e-05,-0.0026058600198644033,-0.00116612556651563,-0.0003485437436967498,0.006595753111237279,-0.001245112471391474,-0.0002518640582944709,0.0008170701992780138,8.158322002382867e-05,-0.0004087594906058145,2.584204900801801e-05,-0.000529477976112469,0.0010525782300814246,0.008187476166461982
-0.013257358764266258,-0.001985174431687442,-0.00043241740006627616,-0.00038079829951931377,-0.0003436546967225951,-0.0001562864901681893,-0.00047910605010159646,-0.000867338050308919,0.001496045268179147,0.002786594683523491,-0.0013942649914229222,-4.6202641956760715e-07,-0.001205652923327749,-0.01932436530064796,-0.0007113462943255655,-0.0001525581376602414,-0.00046057281974509756,-0.0001878197843776519,0.001612626399492445,-0.000557243401719143,-4.19197624484946e-05,-0.0010603659021993783,-0.0006783824302758479,-0.0002915931028872887,-1.608839926814376e-05,-0.000843526769041647,0.00868642946175413,-0.00041963290183377744,0.0023847459661643367,-0.0004052534977415645,-0.003461354361466107,0.005779178893952297,0.0033406864714116136,-0.0006880050507861446,-0.00120258263186368,-7.854404637241963e-06,-0.00014796666315597395,-0.00029189522227635045,-0.017323757350880653,0.002852980702812813,-0.0002668197698107999,-0.001524816286010089,-0.0003963439923920786,0.006562959225966836,-0.0011603682541251326,-0.0005837960234512662,-0.0005742976517140175,-0.0005050317764150325,-0.002490655888471971,0.00023026736045617113,-0.0004243661129850196,2.5522992040061254e-05,-0.002692466144347372,-0.0008843494155377218,-0.000603714416352874,0.006763360199708135,-0.0012659179220750882,-0.00028974102198509044,0.000737398736391226,8.649678396732696e-05,-0.00041569781308137266,2.721384452342157e-05,-0.0005356906122130356,0.0009111355021267364,0.008425418985123834
-0.013306455647767113,-0.001902250023186669,-0.00040970693159558813,-0.0003844069569091113,-0.0003358091222581683,-0.00015494143698446816,-0.0005448767427992385,-0.0008665218574356315,0.001541105341734017,0.0027376691364229266,-0.0014179927418400684,-4.120935437335049e-06,-0.0009203960689013746,-0.01907287154125148,-0.0007227990586204935,-0.0001884291619110856,-0.0004222525291284196,-0.00020147502532574801,0.0017844371415292049,-0.0005468047058700964,-3.4781499504421554e-05,-0.0009553135735285156,-0.00069266272892754,-0.0003183005992990484,1.3993203093143336e-05,-0.0008296062093018364,0.009092412276797912,-0.0004115426275054235,0.0025323753933272908,-0.0004240162104167666,-0.00554391262714482,0.00682065355719641,0.0022221858117243976,-0.0006579712586392006,-0.0012141303952060145,4.771337583253654e-06,-0.00016321456426704462,-0.00028049839500976503,-0.01781610401980338,0.0025765517175833086,-0.000251314198396968,-0.0014828059735112475,-0.00039168749868012664,0.00655553297218292,-0.0011261986390815881,-0.00053518222026816,-0.0005068432531588618,-0.0004848865539730518,-0.002456976910823916,0.0002623187252475123,-0.00046285252032085555,2.0178911567247937e-05,-0.0027052221636039153,-0.0005461610872435907,-0.0009126372944976424,0.006925056131068974,-0.0012775906623611055,-0.0003084065126507385,0.0006824091588981673,8.849047434034141e-05,-0.00041927420873644206,-2.407736457432641e-05,-0.0005517922318041268,0.0008297033240087792,0.007837095781381365
-0.013315778184021188,-0.001900954259797083,-0.0004131231751145492,-0.0003841453431967512,-0.00032396848086080343,-0.00015588073349737108,-0.0005846748020644776,-0.0008788146853222489,0.0016299409851838753,0.0027466468202541616,-0.0014534582723569889,-5.561128851416797e-06,-0.0006369301016692086,-0.01874976107713644,-0.0007336419384426085,-0.0002255499728185395,-0.00045380442105591445,-0.00020324581723096813,0.0018466009347333223,-0.0005323104386153465,-3.4312672811953604e-05,-0.0008856094436641149,-0.0007106535462882979,-0.00034869833024742114,-5.769239693054207e-05,-0.000938602626658458,0.009615945399831682,-0.00046073087697617865,0.0026013254601622293,-0.0004364519934172417,-0.005774188799406832,0.007265640282806851,0.0007692862777688436,-0.0006291938913345341,-0.0011919760248215727,1.4373333242945208e-05,-0.00016563515563239317,-0.0002799274265671281,-0.018370294155026556,0.002045605943100659,-0.00024275719038036048,-0.0014362491499414487,-0.00038728481659744407,0.00659809574991721,-0.0011816870824445935,-0.0004926263212852167,-0.0004939599776963011,-0.0004724206843722545,-0.002364708010533567,0.0002571878968653518,-0.0005044949293154799,1.6795716155204587e-05,-0.002756060242375513,-0.00021236538283320172,-0.0011792045433314247,0.0063529790550151954,-0.0012840726067300245,-0.00027536772421565825,0.0006880383536791435,9.542096879977535e-05,-0.00042639687514645086,6.997318339641012e-06,-0.0005328385259228963,0.000823432149431147,0.006884753509226238
-0.013327989421699993,-0.0019331669689720554,-0.0004281953293744367,-0.00038714687941787673,-0.00031610975348328463,-0.00015934128184946772,-0.0006279609182329171,-0.0009020209152656999,0.0016103542570717888,0.0026771055016667766,-0.0015008504553246649,-9.40019970463446e-06,-0.0005347918310651956,-0.018945583521160936,-0.0007353631073881983,-0.0002654062626454845,-0.00040254530408911915,-0.00020990678973353827,0.0019455009276467816,-0.0004811673555698004,-2.632997755758204e-05,-0.0008547015957500737,-0.0007280447810669166,-0.0003710290932430471,-0.0002446450312864057,-0.0008229408467624877,0.010034385846141136,-0.0005672550679518551,0.002560854437670068,-0.0004487255174653315,-0.006264119051202499,0.0069379697718789934,-0.0008027289877435839,-0.0005976201151300931,-0.001178788786490026,3.221750839199622e-05,-0.00015226710598303939,-0.0002862047352149011,-0.018910611065883542,0.0014829243631628852,-0.00024148235922338834,-0.0014050242524995538,-0.0004003263505492072,0.006634683751851389,-0.0012167545016044112,-0.0004839528321268771,-0.0005269984746237855,-0.00047052233712607805,-0.002208402952442734,0.00027665565798562497,-0.0005223423399671745,1.7235578564367415e-05,-0.0025705845789070203,0.0001268106701903804,-0.0014749377528123775,0.005901688909784486,-0.0012919659715403542,-0.00018858698095725046,0.000768499390511046,0.0001070232101565427,-0.0004281145659686958,-1.8780297000864365e-05,-0.00057894836684802,0.0008228608376261715,0.005944989496460051
-0.013312054076028201,-0.0020127454483547247,-0.00046665822496749776,-0.0003890670825561493,-0.0003089171950743097,-0.000166891245753642,-0.0006720010106621155,-0.0009409981921190136,0.0016070639246321683,0.0025830316774817508,-0.0015479484524141274,-9.41135291476769e-06,-0.00032217183874561073,-0.019006265942699718,-0.000749861310615163,-0.00028350489214212793,-0.0004591320296665202,-0.00021926154570128809,0.002201332618590346,-0.00043747647960701297,-1.7671682661091204e-05,-0.0007666532713437313,-0.0007454851848198718,-0.0003831043965080161,-0.0004747281938392023,-0.0006098072859009873,0.010495227037726096,-0.000701381375142085,0.0024196745823397148,-0.00045679598757142337,-0.0069213443249683815,0.005814812632808364,-0.0021908926463021228,-0.0005815902991965771,-0.0011385800481992225,5.253677999661477e-05,-0.00011912024024551826,-0.0003161349081276521,-0.019390783664669398,0.0009121145189678881,-0.00024971808036122756,-0.0014113620471584154,-0.00040753847056451686,0.006638291821172926,-0.001230101780985482,-0.000484822128632989,-0.0005797027283808154,-0.00048496947180765027,-0.0020379343664663763,0.00025031784281925873,-0.0005420019894893935,3.0452271377212625e-05,-0.002440021597747588,0.0006246572555268504,-0.0016107724980886085,0.0060233536517657615,-0.0012879226563180524,-5.6250586079387155e-05,0.0009280918618999046,0.00011387576420185397,-0.00043152425948034256,3.1801625018035296e-05,-0.0005897089051087878,0.000906852197548158,0.005002093154507392
-0.013308367630068152,-0.0021247823097061413,-0.0005254806044676652,-0.0003962044253705832,-0.00030770320269313256,-0.00018117600156664082,-0.0007058205338669188,-0.0009892001599713929,0.0016345038185494598,0.0025312785285636075,-0.001598127846905606,-9.596763318908685e-06,-0.0002878211303649625,-0.019128489166001073,-0.0007506217501984658,-0.00030175441856872265,-0.0004702277158235013,-0.00020949241085521653,0.002699772690931246,-0.0004358418025107724,-1.1285073958755554e-05,-0.000629622233351057,-0.0007578585502112656,-0.00039667239901708395,-0.0007429213648374455,-0.0004523486628443818,0.01076398587716243,-0.0008421568594809692,0.002201231189878028,-0.00046956610012816036,-0.008146867300034555,0.00402931552327801,-0.0031383522835671807,-0.0005773321258520925,-0.0010922091551364144,7.082267022018307e-05,-5.1589552213404666e-05,-0.0003263051973544373,-0.01975537333479893,0.0005125151774594272,-0.00026872222368301557,-0.001461794514691861,-0.00041327435845806004,0.006498560096549921,-0.001178954375468444,-0.00046472842083122856,-0.0007246542994489014,-0.0005076642300895218,-0.0019149704180043692,0.00019290663389148754,-0.0005962824612163464,2.4449827903172405e-05,-0.002496743245189559,0.0010568855201198435,-0.0018264662695681722,0.007198280944331392,-0.0012865925912872722,6.624201599114699e-05,0.0011250422240047797,0.00011831757567093426,-0.00043580080714478164,5.801164495666811e-05,-0.0005647683314041752,0.0010058727230477515,0.004857516585499377
-0.01335427057276628,-0.002244247579419878,-0.0005701133501538891,-0.00040013500562918747,-0.0003064727768354869,-0.00019121504812036338,-0.0007786287158902949,-0.0010321739333829516,0.0016515598998383396,0.0024703304383872915,-0.0016431037728154019,-7.28788478865372e-06,-6.212249612891352e-05,-0.019024688616625762,-0.00076135791596188,-0.00029976903016371015,-0.00045867123434550905,-0.0002012609819047606,0.0031336784792852512,-0.0004446513680909092,-2.46123729408243e-06,-0.0004327993733351798,-0.0007661492896791078,-0.00041596894779249993,-0.0010108737343258456,-0.0002090882473965161,0.010898108867250844,-0.0009758899991715309,0.0019364302000397515,-0.0004699601320999891,-0.008309657222779876,0.0019454058964674115,-0.0035704947187709113,-0.0005834066648190417,-0.001058079858816341,8.1854906873291e-05,9.190739337805454e-06,-0.0003414544202406944,-0.02003922255909174,5.806037081446114e-05,-0.0002984648452244443,-0.0015045002350211334,-0.00042072580986285413,0.006342110558921421,-0.0011806681907581273,-0.000524365873270205,-0.0008099848308769086,-0.000541978708933244,-0.0018495105019619151,0.00011092587783756436,-0.0006759249819628943,1.6391644617863577e-05,-0.0025159353853189126,0.0012323040724984136,-0.0020562774408762197,0.007787062273248546,-0.0012871649284618147,0.0001058475473310061,0.0012906885966379456,0.00011103257562927737,-0.00044072400992922756,8.593799178280292e-05,-0.0005531269606677824,0.0011230357414471204,0.004857516585499377
-0.013385220665039554,-0.002327247625699691,-0.0006118560671307671,-0.00040316751178204324,-0.00030195881369898814,-0.00019588111495061344,-0.0008448300547019283,-0.001072108498619162,0.001652443608681775,0.0023683466598856118,-0.0016747777280150533,-7.683214542031358e-06,-0.00010194524641682357,-0.01886356739306916,-0.000771270023697368,-0.0002929314492144952,-0.0003583571941893071,-0.00018474747882279985,0.003678646998892088,-0.00043239522266025343,-1.6778132087003073e-06,-0.00037703490804286144,-0.0007681016732520307,-0.00042316056136515456,-0.0012642315132309623,0.00020076305606298028,0.010972199288701079,-0.001084725487072724,0.001664319515188195,-0.00048134095440799385,-0.009259531238712815,-0.0001657172005071761,-0.0033609208196719864,-0.000570697855977409,-0.0010120942928349974,0.00011356854345190293,5.932879079395548e-05,-0.00035672176308443326,-0.02025299873592412,-0.00010154496006864466,-0.00033873808221651647,-0.0015591058190956852,-0.00042976952335460616,0.006137829708009912,-0.0011794603012093008,-0.0005242321861967936,-0.0008630548230439405,-0.0005857903408253984,-0.0018528554124159768,2.0885191169384143e-05,-0.000748828828860959,4.6728508953819414e-05,-0.0024561975278201142,0.0012489600537022305,-0.0022752690122492814,0.008504677624494361,-0.0012965583570340167,0.0001927863994040102,0.0014117954583563463,0.00011530096033718351,-0.00044355200560686203,0.00012597828441474057,-0.0005465411474502302,0.001274549810105663,0.004857516585499377
-0.013384155492357053,-0.0023443266332494606,-0.0006443077828843791,-0.0004076843374807293,-0.00029806536757981394,-0.000202749540506586,-0.0008866306414344605,-0.0011018639471056524,0.001685546863042564,0.002383133391036907,-0.0016962093407866252,-7.827128443382847e-06,-0.0001261832703446375,-0.0189156415483539,-0.0007762609617177896,-0.0002654714145857717,-0.0001810293562580778,-0.0001793820269559987,0.004137969284475629,-0.0004771880075647994,4.1466132416623225e-07,-0.00037580735706188584,-0.0007709552642041206,-0.00042617538013534073,-0.0014646314093620383,0.00033016168285238123,0.010956197850110705,-0.001174099878448298,0.0014402914260265298,-0.00048761938082642065,-0.00975063023856726,-0.0019641313339942013,-0.002595051066292098,-0.0005432269681909796,-0.0009784427205451474,0.00013652014262022227,8.72834354781471e-05,-0.00038144181704780067,-0.020543952619650474,-0.00031111800729544115,-0.0003757385904080701,-0.0016255971043271922,-0.0004360398010072597,0.005797463635827782,-0.0011200126126887922,-0.0005269601855923955,-0.000989392644239473,-0.0006284900694689677,-0.0019620827091701987,-3.5002698240638175e-05,-0.0008257116165035772,5.597361565734538e-05,-0.002300558441557743,0.0011637545910836433,-0.002511662785333657,0.00846642880145776,-0.0013171770711346564,0.0002614845830335444,0.0014695599698548723,0.00010476483623156341,-0.0004481130327950167,0.00012909337738054028,-0.0005363225791273907,0.0013162622229243581,0.005011783797927771
-0.013291275993890794,-0.0023670117479123176,-0.0006691272279985006,-0.0004073543149900605,-0.0002929042750061672,-0.00020544453632009851,-0.0008763186136649947,-0.0011209927607339631,0.001662752675640089,0.002306390383493895,-0.0017013252715538663,-7.056244796688205e-06,-6.507739410810398e-05,-0.01912343497338853,-0.0007803427919329531,-0.00025161920472416277,-8.911533182420772e-05,-0.0001834399215150384,0.004696566725045814,-0.0004961118251001206,6.529992270687401e-06,-0.0003914998742435838,-0.0007745113551483884,-0.00042549821339088467,-0.0014999719852299975,0.0005622456875373771,0.011000522049830375,-0.0012149712523685796,0.001315335987160715,-0.0004988963978412864,-0.011215086086942216,-0.0031139984513568475,-0.0014239647652143361,-0.0005367187479530244,-0.0009351664728671771,0.0001795659874346267,9.77476939691968e-05,-0.0003953591664556111,-0.020955898406980977,-0.0005618959686713998,-0.0004030464814136492,-0.0016471013426194725,-0.00043692804768091786,0.00531476330365499,-0.0010678747136155797,-0.0005427937896289592,-0.001159313497221759,-0.0006596628236840152,-0.0021588418355700245,-8.932004578499075e-05,-0.0008755869077068379,5.7291491259769955e-05,-0.002170506374355452,0.0008797396486897036,-0.0026521826730872,0.008473573043778604,-0.0013459745239784437,0.0002833190968778432,0.0014674504738430016,8.871774948326916e-05,-0.00045121579222717756,8.769941793107527e-05,-0.0005127210175476238,0.0013538688488312633,0.005962625162347912
-0.013305485834416042,-0.002405618241894114,-0.0006702984261631739,-0.00040717270019641205,-0.00028974699342554366,-0.00020703729901083712,-0.0008576923245272594,-0.0011338703316363663,0.0016840986487225429,0.0022400233661052926,-0.0016962777333087153,-2.4525229734839726e-06,-9.220868780934754e-05,-0.019021481448402655,-0.0007902976924488714,-0.0002289891069451322,-4.319861625567967e-05,-0.00019345179871821383,0.005358168151025522,-0.0005206720596383496,8.863050587226695e-06,-0.0004516035324091394,-0.0007819278819678477,-0.0004356914460528216,-0.0013593991147232698,0.0005725052902920691,0.010956608144274016,-0.0011746518412858453,0.001316249395827196,-0.0004988217103583104,-0.01185941166570137,-0.0033803175849808076,-7.430226379601113e-05,-0.00053115134575632,-0.0008786242292637692,0.00017436054966446513,8.956083113687008e-05,-0.00039798466142404454,-0.021417654575696776,-0.0008006359259138396,-0.0004277818158853197,-0.0016780464234141812,-0.0004425405505682489,0.004918292322941609,-0.00107800005110259,-0.0005232181001660896,-0.0012519422215365728,-0.0006774813951050396,-0.002411156897742739,-0.00014817886655216217,-0.0009334095383272123,6.99078886314819e-05,-0.002085666916253892,0.0008240059116708665,-0.002787440824848497,0.008738913537799542,-0.0013836512426363967,0.0002728319242994992,0.0013904066784033997,7.744454669689205e-05,-0.0004550817358485171,9.739297451138995e-05,-0.0004186985029489554,0.0014122381799226424,0.0069103015691525105
-0.013324553373912473,-0.002427318265576628,-0.0006592496469367548,-0.00040787006273157456,-0.00028600986461524425,-0.00020638889088142598,-0.0008328045614536261,-0.0011264730885575114,0.0017075026081945222,0.002191071520500021,-0.0016932571596948165,1.9785584022269376e-06,1.064320380717021e-06,-0.019172087867697862,-0.0008013518106654294,-0.0002057424528156826,-7.702439242385228e-05,-0.00020895955601396565,0.005799455626309236,-0.0005455827899698562,1.4823725050350234e-05,-0.0005505251077639883,-0.0007930528960056193,-0.00044216261870710927,-0.0011409194233125142,0.00076004798711371,0.010864937967334454,-0.0010971165317557041,0.0014216692621049631,-0.0005093248159954156,-0.010863850910663775,-0.002938128299652454,0.0011577058567824317,-0.0005387691218106117,-0.0008341247617834613,0.00016783570791778502,6.750468173022384e-05,-0.0004072358512657859,-0.02203085576996311,-0.0009536090277668663,-0.0004354168848159645,-0.0016824015867095143,-0.000439262542142993,0.004576514162961898,-0.0010339006026912623,-0.0005135512382526963,-0.0013364102644219944,-0.0006834664241874844,-0.002651629764175878,-0.00018838756912786803,-0.0010108975769342887,8.435608378554171e-05,-0.0019721548231520503,0.0008201092664295029,-0.0029557090216006943,0.008980555313212957,-0.0014164140629978617,0.00024504630954735873,0.0012279395413754557,6.528209086886783e-05,-0.0004561933190950773,1.1872890111064294e-05,-0.0003671520235588588,0.001306009359867799,0.007854829332556212
-0.013311493429659982,-0.002410431652206557,-0.0006506931693471829,-0.0004061625790880985,-0.0002871596867256576,-0.00020192258325646417,-0.000783705548253022,-0.0011158419984770296,0.0016810529398465501,0.00218930344593371,-0.0017027056356352377,2.3494026415438185e-06,-5.500858583473711e-05,-0.019148381839314,-0.0008123759017212295,-0.00019875499627652893,-5.453906825236832e-05,-0.00022119901090034144,0.0062303927530509284,-0.0005682388943939465,1.620832380599957e-05,-0.0006315441029751678,-0.000806717515089761,-0.0004416140815108882,-0.000923334813888288,0.001128261158735766,0.010735470314593876,-0.0010133207212646989,0.0016001992010612476,-0.0005087345113459207,-0.012114903353707684,-0.001953814560104017,0.002044920758355717,-0.0005310628423725872,-0.0007872342276272759,0.0001272263522482664,2.7552476912884316e-05,-0.00040645292042595926,-0.022690777393327033,-0.001022032045889576,-0.0004330911391450254,-0.001655568911092975,-0.0004478562608009051,0.0043264018147755046,-0.00099197165342646,-0.00048365974436459513,-0.00135463406512204,-0.000679246197522132,-0.002830696138026778,-0.0002233268400325672,-0.001077024526470849,9.233208346270949e-05,-0.0018053748641290168,0.0008225752050337043,-0.0030412846847268638,0.009605763685256674,-0.00144915889983388,0.00024489781439296365,0.0010371679552199087,5.479924721862872e-05,-0.0004609036623133278,-0.00014391339369856926,-0.00031611016083610277,0.0012037300268679108,0.00888926473213747
-0.01330748535376991,-0.0024774080054995595,-0.0006273973933704768,-0.0004085256199024556,-0.00028574778746393026,-0.00019498664960981849,-0.0007283406264140257,-0.0010973324205656443,0.001614297532219089,0.0022003362578852936,-0.0017107274845084008,-2.497405271473241e-07,-0.00035467602658934005,-0.019005604483904204,-0.0008206544993204501,-0.00018000902774051308,-0.00011855779969160984,-0.00024711293502255316,0.006566521793040403,-0.0005782963141088837,2.195056477405366e-05,-0.0007139103398255964,-0.0008191860506793214,-0.00044406849106859436,-0.0007107638961592055,0.0014398858010007398,0.010540034811693744,-0.0009145122970646291,0.001813031751145111,-0.0005050226742815411,-0.011068607020700783,-0.0006062868030618507,0.0024240114360354337,-0.0005213337243962224,-0.0007493032209204831,0.00010667547115916776,-4.4296275476196634e-05,-0.00038235698505706406,-0.02339527040128242,-0.0011679313773318434,-0.00041811703472127704,-0.0016432917810307313,-0.0004602251845340355,0.00417067564282414,-0.001014946175793452,-0.00045334557761500527,-0.0013684966198111992,-0.0006583496128592659,-0.0029337797156876455,-0.0002507677591200297,-0.0011168399830365772,8.842408299325477e-05,-0.001607592774061306,0.0007980553650903666,-0.00327228095664045,0.00999762311234842,-0.0014620741500058765,0.00022074815952888294,0.0008485350076015141,4.140214947923049e-05,-0.00046251068962277486,-0.00023796564975364642,-0.0002898156401631713,0.0010799862084189815,0.01007759211721293
-0.013257536140295567,-0.0025294393345756117,-0.0006036874030354022,-0.00041323451847419257,-0.00028939816530382245,-0.0001858630424390606,-0.0006497364222665114,-0.0010878975881749575,0.0015577749832345056,0.002204953593368586,-0.0017217774324790325,-5.541727889357695e-06,-0.0005196959959521408,-0.018632832910096098,-0.000835337105185685,-0.00016323911304427785,-7.849328879805384e-05,-0.00027584634395072527,0.0065943143478668365,-0.0005756215160820366,2.4706677792529774e-05,-0.0007654210415766194,-0.0008330548862792719,-0.0004528776043715155,-0.0005422793563657491,0.0016751939365400315,0.010315850006568095,-0.0008362667948113023,0.002035836361807375,-0.0005017757311185367,-0.009399523334201354,0.0008428717290243082,0.002237449037084449,-0.0005113496948484508,-0.0007273502196147863,0.00011193163474132461,-0.0001127335787302064,-0.0003656621189932485,-0.0240758675508147,-0.0012352113637517093,-0.00039187347368385694,-0.0016464275061721656,-0.00046223720638005616,0.004114179581380384,-0.0010308396758218485,-0.0004267826494573912,-0.001388560677095474,-0.0006382562628302058,-0.002969374106086886,-0.0002899563830179863,-0.0011403564212939532,9.167152344891072e-05,-0.0014362779979203433,0.0007544066793376825,-0.0033564658915167245,0.009983235780184119,-0.001465427032413924,0.00020476852243200838,0.0007121561630634154,2.9369733831385858e-05,-0.0004651566274296304,-0.00029428099120687445,-0.00028054957216694376,0.0009986118289297963,0.011297618021085976
-0.013210111583234263,-0.002583478979109821,-0.0005899207838669929,-0.0004142918222327374,-0.000294266352628747,-0.00018206677453158626,-0.0005864778255013636,-0.001083030347457381,0.001569782602946157,0.0022262534079116048,-0.0017389964609072495,-1.5992660748698206e-05,-0.0009596821240929199,-0.01849145588277057,-0.0008583056465518712,-0.00017070809539032616,-9.380554936821994e-05,-0.0002858026633897337,0.007030466625319143,-0.000608453819603838,2.4925000535525044e-05,-0.0008652287492294519,-0.0008438867458046007,-0.0004621110893546776,-0.000435078546554446,0.002020969336712586,0.009880835425732482,-0.0007837070241734079,0.0022139636772218196,-0.0004949294181877395,-0.009377709420430147,0.0019641453318435254,0.0015179924588695215,-0.0005188151241960481,-0.0006920774804689556,0.0001251238180581815,-0.00017047621368326826,-0.00036606079618917153,-0.024664810328021147,-0.001343774196600367,-0.000364353001466311,-0.0016111430112297764,-0.0004569200752867486,0.004182037073508171,-0.00103855289274557,-0.0004054119394099054,-0.001459411295289148,-0.000618860001802779,-0.0029293617279659845,-0.0003281480963064354,-0.0011295295092176305,8.799137364867704e-05,-0.001318926731742609,0.0007285815190316569,-0.003435612294062418,0.009131136342433566,-0.0014732505392430761,0.00018625795353921504,0.000614006020525526,2.474110449690592e-05,-0.000461651671253116,-0.0003410932063471206,-0.000234605889452566,0.0009930847531425258,0.012474068657996495
-0.013115023793699887,-0.002643881810927229,-0.0005912343063683156,-0.00041399617933146615,-0.0003044554143567524,-0.0001816138431263159,-0.000537761348609056,-0.0010832728043371764,0.0015067967625539413,0.002189618797292958,-0.001759108792884767,-2.5828269126781933e-05,-0.0011576232600551961,-0.018246482520193896,-0.0008832497607569323,-0.00018154355426724944,-0.00021452607509353516,-0.00031484196921671703,0.007438801857705402,-0.0006350166631627907,2.3405965346556812e-05,-0.0009802496141365635,-0.0008592294282825375,-0.00048140442479682743,-0.0004088290298431829,0.0022033918716546363,0.009456613976209338,-0.0007780433507009743,0.002310028421482979,-0.00049932870516467,-0.01008937016720246,0.002529493247037884,0.0003960162305949311,-0.000525579431292833,-0.0006625630366158264,0.00014123214252004246,-0.00022288584236884734,-0.0003407003109765494,-0.025179565982700436,-0.001378822261130619,-0.0003441105321007054,-0.0015534980600144799,-0.0004606265775847218,0.0042960782524934515,-0.0010417305960476186,-0.0004178282767581809,-0.0014361325195514363,-0.0006034037333711995,-0.0027888975315278897,-0.000345854679068891,-0.0011191095664664363,0.00010852151348506034,-0.0011255279124866568,0.000724810824405342,-0.0034896894792564304,0.00824324296237533,-0.0014801588048626302,0.00015454557005178948,0.0005572345202220497,1.8789789727025052e-05,-0.00045952736195919996,-0.0003818552881122983,-0.00019501138997524148,0.0010053662122171403,0.012620602932745806
-0.012975328383918017,-0.002627919576379867,-0.0005931565507971692,-0.0004178241464229959,-0.0003120910021094936,-0.00018558395616907752,-0.00047946706562307373,-0.0010880082631787857,0.0013713877209200476,0.0021881654845481435,-0.0017961539542286076,-2.5046771185643912e-05,-0.0016711890455506362,-0.018111290313995387,-0.0009126763546203343,-0.00019815195485639592,-0.00034799696979903594,-0.00034617805092751475,0.007443716867549188,-0.0006715182152526866,2.333063854154105e-05,-0.0010263670355540322,-0.0008771941977944175,-0.0004975990099672645,-0.0004977035886855052,0.002361706269009778,0.008964292376375305,-0.0008504253484166169,0.002314029286643482,-0.0005029102355647019,-0.009164957190474943,0.0024855582092466744,-0.0009714162949825411,-0.0005426104247002739,-0.0006497947854192665,0.0001642600280837847,-0.0002608353021816834,-0.0003353046770629975,-0.025572471590123103,-0.0013511521848801333,-0.0003357360636122575,-0.001507611113771845,-0.0004705984681042663,0.004419190835928788,-0.001092616149446557,-0.0004228578736201749,-0.0014838061203839015,-0.0005988458933742224,-0.0025653791680330107,-0.00035499029172592067,-0.0010723262536720402,0.0001159359464599774,-0.0010067055692007942,0.0006805109662784137,-0.0035778227180860434,0.007316904870586338,-0.0014726106063464028,0.0001824766154945312,0.0005857651550911225,2.031589740036921e-05,-0.0004575975786048625,-0.00037742709182730927,-0.00012606631948253177,0.0010552501285781002,0.011668276974805325
-0.012886406894496494,-0.002652667250889529,-0.000615026538751895,-0.0004215651470355075,-0.00031949066523939695,-0.00019254452251360465,-0.0004579476416763928,-0.0011043928003815484,0.001199358186526167,0.0021726106627824038,-0.0018316170627507011,-3.098023215275525e-05,-0.002060983691202556,-0.01808856470688891,-0.000937051536832989,-0.00020557842098922752,-0.0003954639968597462,-0.0003679663510006703,0.007764168455575149,-0.0006896657725830035,1.9493892022159898e-05,-0.0010934885250455384,-0.0008910832105780697,-0.000510871116411793,-0.0006609403655076784,0.0022348757741634806,0.008441326848888986,-0.0009727525916722879,0.0022180973186789466,-0.0004910134591239457,-0.007137406816018488,0.0017868604641646524,-0.0022651671623278302,-0.0005588001847378621,-0.0006390091745802629,0.0001974730412754866,-0.00027466518967533826,-0.00033214119635960326,-0.02580030402511324,-0.0013548254578108487,-0.00033893212469382483,-0.0014650485913293432,-0.0004845848741940051,0.0045103533685189046,-0.0011073059524081552,-0.00042806719459065334,-0.0015689551506266053,-0.0006071369865670029,-0.0023358593930153937,-0.00035457602639843433,-0.0010484462159476848,0.0001331428744444363,-0.0007648612586712566,0.0006413929627004933,-0.003518731200708447,0.006548947956334983,-0.0014512072177361723,0.00022654088895324165,0.0007064758160164608,2.975632725044086e-05,-0.0004516892630109792,-0.0003978584064729951,-8.442661932128726e-05,0.0011727670581889171,0.01070958847320469
-0.012827801850150866,-0.0026854620739129587,-0.0006441517633207772,-0.00042673122271263964,-0.0003260471929391606,-0.0002025600660008342,-0.00045082545144792263,-0.0011346717476833357,0.0010358828922121255,0.0021840830903687714,-0.0018636905606059795,-3.852237967350014e-05,-0.002440766118002702,-0.01787531463281855,-0.0009571221660378271,-0.0002139046157050295,-0.0003789763260736434,-0.00036993173857680084,0.007403749263880766,-0.0006892986817759184,1.7387478628894115e-05,-0.0010548105400739471,-0.0008975866165269464,-0.000523140605076633,-0.0008653879104218998,0.0020935559004036097,0.007935745792813531,-0.0011121691956882396,0.0020284233366929527,-0.0005054840399517646,-0.0037148815029803828,0.00043171754208493063,-0.0032201477965304592,-0.0005719675447836137,-0.000646214362871822,0.0001778152507583286,-0.0002592660925170298,-0.0003354932554360257,-0.02593128429662106,-0.0013108073705815348,-0.00034752228745005276,-0.0014325033418338684,-0.0004969206584485297,0.004592958464312513,-0.0010602827424694983,-0.0004913319958251838,-0.0016438966082891193,-0.0006244257301327716,-0.002154566481172626,-0.00037190232366757225,-0.0010424362146560506,0.00013373823937934404,-0.0006800302814568004,0.0006035531654733362,-0.003398936324320978,0.006456906261377515,-0.0014290737924635977,0.0002950067337024187,0.0008818565565666958,3.087976022286831e-05,-0.0004475365989224933,-0.0004937630766514989,-3.125912758306093e-05,0.0012982185825400894,0.009747735013988956
-0.012787098974984978,-0.002715120467930543,-0.0006858520869428286,-0.00043267722045547963,-0.0003316226329226346,-0.00021405862938062015,-0.0005011146160036617,-0.0011621915409354422,0.0008078052334890007,0.002136146684854401,-0.001888706163549858,-3.791174141465348e-05,-0.002703816353651911,-0.017768316440375798,-0.000980637485921032,-0.0002227702200330306,-0.00040759899959030843,-0.00036526473441444995,0.0073111870871294116,-0.0006913162717747667,1.548739517920339e-05,-0.0009847538586700288,-0.0009033537962862548,-0.0005353120389657295,-0.0010865909205683977,0.0022522050063840116,0.007570750375003099,-0.0012469372111739707,0.0017703521844378844,-0.0005021823101108991,0.0002917309252377098,-0.0014030888222686944,-0.0036224293316866607,-0.0005996862924133595,-0.000653523140947132,0.00015583060485724332,-0.00020134474865696195,-0.00036142864046606604,-0.02593504551656911,-0.0012404828098597775,-0.00037083545808103135,-0.0014326686787716758,-0.0005009569884044662,0.004590322361061494,-0.0009713486386233594,-0.0005926426938988039,-0.0017851915588066314,-0.00065080341471635,-0.0020424788394658444,-0.00035925058308594604,-0.0010553331589392423,0.00012057504127493957,-0.0006674016340164624,0.0004902586892687744,-0.0032783870186700037,0.0058210194968491,-0.0014164537670731114,0.00034910982243641087,0.0010640443696239288,3.3378635996061945e-05,-0.0004482036030137859,-0.0005926521495434045,5.57192648424909e-05,0.0013835953296781334,0.009565439981028545
-0.01264368199358834,-0.0027333219553377086,-0.0007300578772917454,-0.00044137103817420975,-0.00033455770999324397,-0.00022757601175771303,-0.0005150301181359174,-0.0011905639349034658,0.000665148410185612,0.002230964044129813,-0.0019033683006339785,-3.910848555599422e-05,-0.0027869927756575263,-0.017764536683801735,-0.000999981779314374,-0.00022733914533645816,-0.0003681199132499202,-0.00036483404778697714,0.007543206998641416,-0.0007020242387785203,1.1846947686633413e-05,-0.0008441738615698746,-0.0009039031425003285,-0.0005253020625222149,-0.001291140612434294,0.0017546562544321631,0.007246519085765346,-0.0013602559976358952,0.0014990095661249203,-0.0005090349659269133,0.0031928314260618595,-0.003318951779124335,-0.0034323046131271573,-0.0006261931502220541,-0.0006597359183195817,0.00013187626416755194,-0.00015045158972848416,-0.0003702763537709597,-0.025880355736962346,-0.0011476923422022445,-0.0003913898053592435,-0.0014646799855879689,-0.0005048209972519091,0.004486528999102957,-0.0009739123213526879,-0.0006653676311008105,-0.001992838665974328,-0.0006812420925131901,-0.0019964181879108533,-0.0003795292266164374,-0.0010450116088610573,0.00012022908839148805,-0.0006797444940805919,0.0005541373524173832,-0.0030420590305344497,0.005249588517304282,-0.0014077448436243811,0.00039068823798182883,0.0012010916835898389,3.5835694457864165e-05,-0.00044774159262606084,-0.0006816084617842222,0.00010921892753334994,0.0014112381325077639,0.009801098809658626
-0.012528551309538227,-0.0027240686703252637,-0.0007516096058354238,-0.000444446468274573,-0.0003390270789302985,-0.00023838399974185354,-0.0005156265376627944,-0.0012091206656079656,0.0005833535917141308,0.002331028006210767,-0.0019035899419987956,-4.384913880817187e-05,-0.0026680009095210178,-0.017776666336787095,-0.0010131249399570885,-0.00022447854048945892,-0.0002689312343792105,-0.0003704092551156668,0.007712385628382501,-0.0006820503205723361,6.41071296336726e-06,-0.0007701899361929332,-0.0009012518570846728,-0.0005057197194795471,-0.0014537880829283978,0.0007163504362419637,0.006943818461540463,-0.0014549388287981024,0.0012806873583788292,-0.0005121878956270143,0.004799810234989099,-0.0049095575978473915,-0.002696390822864325,-0.0006364377159334689,-0.0006771743949125497,0.00010967185225374543,-0.00010730710354789341,-0.00036921689918201217,-0.025771017599018675,-0.001059897425913614,-0.00041586002755111817,-0.0014697494498686625,-0.0005155414722298746,0.004305301019751573,-0.0009255223821849068,-0.0007386047726862799,-0.0021628103106551277,-0.0007136610300531032,-0.002066948637195032,-0.00039896840112463305,-0.0010593686641350297,0.00010730224799471166,-0.0007119785729439165,0.0004765128598653856,-0.0027966091327905618,0.004800308564392841,-0.0014095821700923494,0.0003720224496255309,0.0012884025386965536,4.314030290286652e-05,-0.00044423047009489736,-0.00084239861055313,0.0001572253480579544,0.0013943633686757106,0.01003912319939304
-0.012486788718101605,-0.0026520998870662726,-0.0007575815554765608,-0.0004472284926400061,-0.00034205833475853265,-0.0002431030917835475,-0.0004803890806426292,-0.0012211470671099622,0.0005615023879639303,0.0024432408518406667,-0.0018860593556460081,-5.338344649319371e-05,-0.002566162614524803,-0.017900274223756063,-0.001030356919292874,-0.0002249529644254844,-0.00012257186358799466,-0.0003663323179684541,0.008232214440902164,-0.0006924367534931752,-8.874592472007947e-07,-0.0006879008993193603,-0.0008944227238997238,-0.0004843304632030643,-0.001499858060368564,5.480738299357135e-05,0.006649342517708545,-0.001521632677007001,0.0011230441966152416,-0.0005201260174529931,0.006864976315784643,-0.006019335353230404,-0.0015272179850881473,-0.0006354404420948478,-0.0007048042223564144,8.115483566428772e-05,-8.042631237448195e-05,-0.0003726299966890778,-0.02553241096816783,-0.0010332292148915734,-0.00042686518155787834,-0.0014453478196525538,-0.0005197260731428788,0.004164696717992689,-0.0008741526960391877,-0.0008086404927954982,-0.0022251282892935542,-0.0007328971423204989,-0.002200748948876785,-0.00043618009244061895,-0.0010795402276092547,8.791302203947637e-05,-0.0008071309737888166,0.000271531158672067,-0.0026870121451533224,0.004281164411901406,-0.0014154561538683996,0.00031801168004874647,0.001320137628664897,3.968605550896953e-05,-0.00044389455414672874,-0.0009516091560936024,0.00020673034431162307,0.0013538539776287717,0.010277946985638442
-0.012479786094913292,-0.0025325453416539245,-0.0007513958012488331,-0.0004480458805057319,-0.00034272361460196965,-0.00024476154166730435,-0.00045972618785794506,-0.0012244742117288876,0.0005339054633004547,0.0025129624664097516,-0.0018713667562101355,-5.4770099812584405e-05,-0.002601740770688976,-0.018061687824936667,-0.0010418815950260507,-0.00022351477631310512,-0.00014460782945435735,-0.00038682324041505733,0.008577020684672476,-0.0007161352066714644,-3.282807341298266e-06,-0.0005867307190831061,-0.0008849192530383521,-0.00046696177984395515,-0.001390403893885006,-0.0005263325097421001,0.00649945132202534,-0.0015356111096207492,0.0010677419146418732,-0.0005310388735252358,0.009542935151192422,-0.006383545323686901,-0.0001303039655206062,-0.0006495762184616227,-0.0007295662988648921,5.133103209109535e-05,-7.470924819719116e-05,-0.00039862583299721255,-0.02528857933710882,-0.0008647493115061522,-0.0004339879364685384,-0.0014390648704541986,-0.0005193434229116001,0.003913313007588126,-0.0008315782034857833,-0.0008894049607149901,-0.0022352732034012224,-0.0007503825869160652,-0.0024011809260362504,-0.00041898682799590414,-0.001084715523502422,7.51256153186386e-05,-0.0008762619016945417,-5.468129265384647e-06,-0.0024481238580610354,0.0033090780559663635,-0.001434040152256233,0.00023958070724217073,0.0012977094234591924,2.4839056840475493e-05,-0.0004362737665725147,-0.0010215910521702565,0.0002259462989246952,0.0012528338022639307,0.011112468000585851
-0.012476490293974796,-0.0022623151166960564,-0.0007190882829857248,-0.00045081480531805607,-0.00033958031374015096,-0.0002416481103408863,-0.0004383877612170739,-0.0012166732367197008,0.0005158078130877986,0.0025643319801347264,-0.001863211366035844,-6.232408004569479e-05,-0.0025979416567505353,-0.01814631587344917,-0.00104006743273366,-0.000225114407276239,-0.00016860230555637568,-0.0003950131403162027,0.008513651583134774,-0.0007370439924991867,-3.0888182729338354e-06,-0.0005514132808094319,-0.0008772473264542224,-0.00044340377358653704,-0.001152199510626617,-0.0010919173509246205,0.006279607606140658,-0.001480973525649243,0.001121885058351424,-0.0005365604152505199,0.012228451982973398,-0.005859546792264969,0.0012074430182733575,-0.0006634790359574261,-0.0007718822666019642,-3.902346499051745e-06,-8.589962591420974e-05,-0.0003987981753003078,-0.025021332906773996,-0.0006803514844991865,-0.0004355389361382356,-0.001367768479553333,-0.0005183117111321467,0.0036427155601328476,-0.0008328518675342345,-0.0009759507546723833,-0.002339543534640276,-0.0007559247873476505,-0.002624677153832189,-0.0004163671144347125,-0.001051782407690438,7.335495069638043e-05,-0.0010769313504717104,-0.00022240300553266756,-0.002279498679706893,0.0019299632174369918,-0.0014513312410671109,0.0001994341492177476,0.0012155181255673053,1.9735812983867618e-06,-0.000435098940588019,-0.0011768801101638138,0.0002119784546277259,0.0011116212852146923,0.012060160721605095
-0.012486543840283582,-0.0020539024090250324,-0.0006845789609439823,-0.0004545165342246804,-0.00033584290899424385,-0.0002318379573530427,-0.0003729784679974424,-0.0012059985418975128,0.0004787356043636226,0.0026192728358238604,-0.0018488207086280184,-6.405608455239964e-05,-0.002748925408516678,-0.01819645603148967,-0.0010413371692974405,-0.00022393502176798474,-0.00031678040844218547,-0.0003972116645467594,0.008407617794578215,-0.0007557307741261621,-2.508765485798037e-06,-0.0004846622782058718,-0.0008809628722438179,-0.0004200445514516149,-0.0009033204872047618,-0.001653062379477821,0.006063282178750962,-0.0014076616648257545,0.001260214657130776,-0.0005391312464099185,0.014047510190183354,-0.0046531107047030895,0.0022607955168312266,-0.000681319865756147,-0.0008133318396466027,-5.2338053764589e-05,-0.00011702479519015707,-0.00041150815850543587,-0.024696794468732297,-0.00042351791309835907,-0.0004286311914607488,-0.0012686742464702583,-0.0005172407585323224,0.0033937647187434195,-0.0008231627458931134,-0.001035064612120662,-0.002389059125942783,-0.000748432652353137,-0.0028150206193431337,-0.000376626457490592,-0.001029310836139441,7.039848670986615e-05,-0.0012083392498417611,-0.0004273154467139273,-0.002156794236190307,0.0013497743223105374,-0.0014712016915714443,0.0001884783588534944,0.00111166213627234,-6.2847996059600675e-06,-0.0004318609725424416,-0.0012086861991761344,0.00021441944481548347,0.0009342515810335517,0.012998309627134663
-0.012477889607970694,-0.0018250462686222324,-0.0006459188894205603,-0.0004526643490344595,-0.00032948419619616143,-0.00022448906774641397,-0.00034368564363895793,-0.0011918725206666592,0.00041646234337955335,0.0026710163214518357,-0.0018424786429532825,-6.76555254035538e-05,-0.002586814936396231,-0.018224344533324555,-0.0010457579872842349,-0.00022283138162482174,-0.00046595509318347883,-0.0004117059104602472,0.008307807440996129,-0.0007576303349281499,-2.3510554267858197e-06,-0.0004167006976663057,-0.000886279078168517,-0.00040692874385761524,-0.0006780850104315395,-0.0022297637422191707,0.005762784196127635,-0.0013312540946169849,0.0014483152459645598,-0.000565073471745281,0.013895636014986223,-0.0030275845588819683,0.0028788679802584927,-0.000694682932240398,-0.0008245001883335767,-9.520755289871285e-05,-0.00016679751161197132,-0.0004395704941637657,-0.024303261759348493,-8.430064055042763e-05,-0.0004150998137958384,-0.0011380952695665414,-0.0005198959286407678,0.0032231710992962626,-0.0008202227286117081,-0.001041981201935327,-0.0024306650514778205,-0.0007248642407989836,-0.0029706000546338984,-0.00034121091185856933,-0.0010003136766228993,6.0609006206746585e-05,-0.0013947317473229637,-0.0005373223553556405,-0.0021191929788514363,0.0004889081128420791,-0.0014837359372599224,0.00017323969156302077,0.000993229941966156,-2.1299246864003862e-05,-0.0004305651055214188,-0.0011412840899380772,0.0002094845944486945,0.0007298372008317511,0.013958727435473328
-0.012429182516925819,-0.0016039477196874152,-0.0006070828651513205,-0.00044846882626758955,-0.00032412456822328295,-0.00021431765205692788,-0.00031710868116641144,-0.0011701410704257897,0.0003627390099352201,0.0027147017506607973,-0.0018428295150447749,-7.50049051503332e-05,-0.002924867756162186,-0.01807948851737151,-0.0010499083977635326,-0.00022387915688826254,-0.0006610808730255213,-0.0004588390853911273,0.008005804587545295,-0.0007896247493636155,-4.6127977326726466e-08,-0.00028748724825311545,-0.0008915222020573488,-0.00039357058934386124,-0.00047793346775892864,-0.0030726040645598918,0.0055168422991414,-0.0012550683435149645,0.001678884963601579,-0.000567875263240758,0.014166719365407587,-0.0011108838845811375,0.002939267683083724,-0.0007094250732638807,-0.0008339508752925884,-0.00011121891216070434,-0.00022774038670803076,-0.0004878080862852352,-0.023882664474149773,0.0002895341849491473,-0.00038959696454676784,-0.0010152119345735455,-0.0005205590316322839,0.0031231903214614665,-0.0007842072944358458,-0.0010225502341959514,-0.0024410912844694543,-0.0006936029868760407,-0.003059094841485366,-0.00031133233212243816,-0.0009178394192864703,4.360617049714577e-05,-0.00172399362614295,-0.0007167819472737591,-0.0019511129073256361,-0.00023175698553168367,-0.0014963949651384256,0.00012570268030809295,0.0008769334057121547,-2.4771757572206177e-05,-0.00042972296190857406,-0.0011706735647423194,0.00019536478327442097,0.00043909267715758205,0.01496399301950646
-0.012455448385775392,-0.0013891962617788023,-0.0005757747273823499,-0.00044850258591888625,-0.0003255800039325685,-0.0002100849419830464,-0.00031388684081345986,-0.0011620041796451819,0.00020537776667017837,0.002751008911583197,-0.0018551395058516995,-8.081903145429337e-05,-0.0031165890171520605,-0.018351830088768062,-0.0010592900567260033,-0.0002308606754090059,-0.000888440492285536,-0.0005124841840540295,0.007462670893112255,-0.0008364368974329572,-1.5098507301081199e-06,-0.00022114286869778788,-0.0008969618641135879,-0.00038599376058034984,-0.00033512893775800023,-0.003807216583838313,0.005408482468943099,-0.0011956421325569622,0.0018918590383458778,-0.0005803455356840903,0.014494739273287705,0.0007201055414269852,0.0024555357009392598,-0.0006984999948151938,-0.0008280860747785779,-0.00014808124442056148,-0.00027474134876215306,-0.0005024182512426423,-0.02356508130060464,0.0005677257422820325,-0.00036294726841634706,-0.0008537656037213015,-0.0005229416472922743,0.003012266055279378,-0.0007614776169503346,-0.0009488075327467316,-0.002391971671169557,-0.0006588170197607823,-0.0030859497414094106,-0.0002563367045467224,-0.0008630783197566272,4.091991354382429e-05,-0.0019425671507129483,-0.0009762065071193815,-0.0019490161206647816,-0.0003436457075379762,-0.001507375239440778,0.00011537223315749578,0.0007819872087879709,-2.6958841800484024e-05,-0.0004274110149438126,-0.001248666177646629,0.00017426349868365776,0.0001570786737414842,0.015971787306789054
-0.012351065896215707,-0.0012166189602376143,-0.0005656857273541593,-0.0004509691967606866,-0.00032075058550773416,-0.00020418767864704979,-0.0002594482151138111,-0.001156041135434549,-2.4466797059141676e-05,0.00277546482855473,-0.0018785001510447374,-9.22327019204916e-05,-0.003113611173326425,-0.01842383250647217,-0.001064862669062805,-0.00024284651851103067,-0.0010521720877493257,-0.0005623124761058307,0.007104044682094468,-0.0008618913531742711,9.923408661460797e-07,-8.736066722658808e-05,-0.0009075760097581043,-0.00039176640840576926,-0.000279534661914993,-0.004770472369438283,0.005356628136762964,-0.001175019337222638,0.0020467948401206026,-0.0005906687213955708,0.015620144675046577,0.002105769996356477,0.0014559373210727422,-0.0006897573842002958,-0.0008260865330381728,-0.00018141064679266794,-0.00030771278884889064,-0.0005031154832061402,-0.023303261919241147,0.0006940922452796094,-0.00033868958555671735,-0.0006933477271371391,-0.0005263547837159877,0.0029221039685305428,-0.0007449272025149556,-0.0008492008321085986,-0.0023483431606897698,-0.0006381295753032923,-0.0029894835278586607,-0.00020639604575389825,-0.0008292936085595448,3.242485680798879e-05,-0.0020951230516937924,-0.0011865206649105398,-0.0018813579280629877,-0.0007267033397801992,-0.0015097617936794538,0.00015311089322467275,0.0007353868831267985,-3.173889822405407e-05,-0.00042011376548845014,-0.001252527690660199,0.00013303074066994824,-0.00010612562327461106,0.016982926008046517
-0.012343217912768711,-0.001102556501900387,-0.0005741238781798996,-0.00045080258176366517,-0.00031997243282444465,-0.00020468714410060151,-0.00026452825351719333,-0.0011672605770601807,-0.0002102347273381655,0.002796797349619462,-0.0019096022271207769,-0.00010415344512249014,-0.0029840528479374573,-0.0186172488813372,-0.0010744283113559572,-0.0002515250277481673,-0.0011929524273354142,-0.0006009686942446413,0.006400251878932339,-0.0008806841610287108,-4.697024197697353e-06,4.665903243106229e-06,-0.0009227344979604313,-0.0003990948484131618,-0.00034593180452968664,-0.005774170219554509,0.005294887157543338,-0.00121293361850483,0.0021071055004746597,-0.0005988486261067072,0.01607617100728298,0.002851963664608048,0.0001551315456256308,-0.0006738112235870064,-0.000818677692247971,-0.00019730321036359744,-0.0003266060191815523,-0.0005151344123232038,-0.023037719955564584,0.0006788529288868084,-0.00032822026798562387,-0.0005389005823622783,-0.0005327973824774679,0.002783323755083611,-0.0007265414501510525,-0.0008184458048188237,-0.002273374501710168,-0.0006294755702862531,-0.002806710859262762,-0.0001787885697727143,-0.0007856421073362263,2.4628271330762175e-05,-0.0021881145702529192,-0.0013869743260710443,-0.0017174048941760445,-0.0004778481036916693,-0.001511780601989865,0.00018321488857298007,0.0007678186425017497,-3.463155616778568e-05,-0.00041664971781329996,-0.0012174375228116707,0.00010534918685611849,-0.0003199146927249652,0.017450148797464315
-0.012360549929486542,-0.00103229551696582,-0.0005991673241985129,-0.0004504781926204515,-0.0003187483381473788,-0.00020582849280059712,-0.0002531403399806953,-0.0011855039100221454,-0.0004092008852272233,0.002799877632384762,-0.0019486185895469799,-0.00010520025356619556,-0.0028348896734309292,-0.018858765319415993,-0.0010840156878146878,-0.0002572774951731249,-0.0012718177478828752,-0.0006141518376879818,0.0059990648635965815,-0.0008910212408316243,-2.893389435820737e-06,6.355242985334186e-05,-0.0009324622592249421,-0.00040565129947556233,-0.0005138503394730431,-0.006478777122885693,0.004999892781178961,-0.001315414207117338,0.002060153491572514,-0.0006129326674981783,0.01665382151221184,0.0028602573066001113,-0.001159797681059005,-0.0006609296893845817,-0.0008097610196945437,-0.00021111139171203774,-0.00032170846002421705,-0.0005511899232526485,-0.022761054469458863,0.0007385088277225282,-0.0003272104932687814,-0.00041982688173558547,-0.000540788781713486,0.002642996294449418,-0.0007286520284531806,-0.0007805936330412822,-0.0022310862844270307,-0.0006272092845290844,-0.0026119812522741315,-0.00011645512104307976,-0.0007614062009977385,2.276395264932951e-05,-0.0022221245361502273,-0.0015510478062830124,-0.0014830844436203305,0.00039151254504332655,-0.0015166976789027231,0.0002691848622977666,0.0008742066434870299,-3.450996015497143e-05,-0.00041471913734481003,-0.0011823795502663437,4.3540433715572036e-05,-0.0004850856779258228,0.016482699562670566
-0.012332865393428705,-0.0009859692284561739,-0.0006355338074146566,-0.00045140406958465995,-0.00031589063024983766,-0.00020375415328865998,-0.00028948036777554087,-0.0012108113926039277,-0.0006193799491319707,0.002756019955663991,-0.00198176814512685,-0.00011157576592724094,-0.0024990210760906795,-0.018739610014749997,-0.0010958348347150926,-0.00026008294770296647,-0.0013576251864901856,-0.0006407035197045774,0.00561951012715034,-0.0009024416795341272,-4.56124292480542e-06,0.00012928966219960536,-0.0009396566992925237,-0.0004098369838593241,-0.0007184917894709208,-0.007140976451305292,0.004700470152974923,-0.0014353992474064325,0.0019003993099626637,-0.0006202171351002983,0.01636893702662756,0.0021650741223908643,-0.0022037506873001655,-0.0006535198133814646,-0.000798332789297751,-0.00019760251156142328,-0.00028961859513154664,-0.0005901878643738145,-0.022477955062296773,0.0007358402897645888,-0.00032746958883556054,-0.0003509181751351065,-0.0005386376409218796,0.00246415136158884,-0.000711930434202368,-0.0007548754064944374,-0.0022635195122825413,-0.0006410417828865977,-0.002459959382167587,-8.504514461549206e-05,-0.0007529077265858719,2.2185397417162633e-05,-0.0023474455897789515,-0.0016601759336285493,-0.0012800408276842923,0.0013676342632755745,-0.0015148372287130396,0.0003551707537226001,0.001022611034205534,-3.187830918816026e-05,-0.0004120890064626126,-0.001073149067464696,2.4106711634219735e-05,-0.0005431836739663298,0.015518464228135853
-0.01235847446795646,-0.0009332250400194697,-0.0006755952452774938,-0.000453302844441561,-0.00031218206073624355,-0.00021064523890335085,-0.00028843243407428165,-0.0012315240078700773,-0.0008075093570443226,0.0027287042173624876,-0.0020073447138015954,-0.00011440767378079197,-0.0021293260106244327,-0.018860311073555458,-0.0011009003397952632,-0.00027021028598184227,-0.001373714780633306,-0.0006489301542437209,0.005192184068460337,-0.0009263795555748411,-7.352891335798972e-06,0.0001621227146175741,-0.0009390427757602904,-0.00040178554381176124,-0.0009338755928285369,-0.007658954545360808,0.004391101682825527,-0.001540195656567267,0.0016783958107933206,-0.000632011255896292,0.01656696189825979,0.0010362810902520003,-0.002784613745782094,-0.0006352178089688021,-0.0007955412067210954,-0.0001637479569435163,-0.0002264797823895437,-0.0006107910025358043,-0.02202029914849024,0.0007739989576744932,-0.0003440093647747444,-0.0002849649954815847,-0.0005290844445180465,0.0022373299676472502,-0.0007272820757588949,-0.0007576918525927789,-0.0022451612957179456,-0.0006621511689833826,-0.0023817882696829384,-5.763585057472209e-05,-0.0007520413496293621,1.383306987623456e-05,-0.002302562493496252,-0.0017746286168003333,-0.00120018019696988,0.0010998644784920852,-0.001524123958848267,0.00044876397485027475,0.0011654998197612176,-3.2094375259084096e-05,-0.00040877159771735005,-0.0011114270583740815,-3.0440329661152177e-05,-0.0005575885300498351,0.014522187776298878
-0.012358144589464826,-0.0008831248960610161,-0.0007066015402373838,-0.00045426056733655074,-0.00030167317474494304,-0.0002121486595928479,-0.0003084476490796684,-0.0012550953846887092,-0.0009569795866870567,0.0027392634768177437,-0.00202000301053884,-0.00011793855519326435,-0.001586317705805751,-0.01890885904232331,-0.001124842166489337,-0.0002701979349030159,-0.0012785013208950202,-0.0006491708707937471,0.004300987507515952,-0.0009284681404081452,-1.2532863035152886e-05,0.00023360382104709032,-0.0009352378787892413,-0.00040019602124929943,-0.0011327656666214603,-0.0079435007625841,0.004175369521812744,-0.0016322515388234038,0.0014175885880116645,-0.0006393664664988696,0.016769429309327455,-0.00026723690201835293,-0.002765140980320435,-0.0006183674951033558,-0.0008033894834864608,-0.0001268831150369465,-0.0001633482842454681,-0.0006424946086398542,-0.021439968133745158,0.0007098151011390996,-0.00037797824543439607,-0.00026454990826352276,-0.000524837555594071,0.001962357682568472,-0.0007303340243890455,-0.0007747359967207323,-0.002238494698322935,-0.0006989595449902186,-0.002364872593412337,-1.7332728623697946e-05,-0.0007454988490055436,1.6958192919247495e-05,-0.0023500016655166878,-0.001840800273737342,-0.0010768127960332219,0.0004269239173317896,-0.0015474675637504598,0.0004965735657724846,0.0012726881957678682,-2.6263774721368982e-05,-0.00040642024624071293,-0.001100354027060324,-8.419847504681499e-05,-0.0005287698483220638,0.014538567247669443
-0.012315174233945125,-0.000811767609637859,-0.0007370082493114438,-0.0004509171219932995,-0.00029177738617935933,-0.00021394231111959705,-0.00032191004361614706,-0.0012773469066493792,-0.001005508932941157,0.0027918209344650613,-0.0020226151608495613,-0.00012389661882938885,-0.0013583601976215887,-0.018899280326438617,-0.001132805117832869,-0.0002709466715484776,-0.0011537990562535683,-0.0006423783389898352,0.003627833152025417,-0.0009179856382681706,-1.2312515122459011e-05,0.00013253680639468968,-0.0009303587361487731,-0.0003831447459710091,-0.0012905272416070535,-0.007905629237418443,0.00402717628260385,-0.001694475368537507,0.00118207570706641,-0.0006445038473689157,0.01550945562524042,-0.0014865545762469123,-0.0022176303048361268,-0.000590115733379859,-0.000807366650214747,-7.851595895314034e-05,-0.00011209199297368411,-0.0006630184300282504,-0.021029444097709682,0.0006317363910224305,-0.0004121472690433725,-0.0002273552396808709,-0.0005183924285373509,0.0015828963983586242,-0.000726633229902407,-0.0007377424088557127,-0.0022076779922430845,-0.0007368934188092258,-0.0024438794952948983,1.8567371471434058e-05,-0.0007226343415555059,1.4234740027596615e-05,-0.0023267475242877422,-0.0019157801881575232,-0.0010308294116676553,0.00036488232001241627,-0.0015774811668687327,0.0005719813663589424,0.0013551542078213963,-1.768010654934482e-05,-0.00040346074176278446,-0.0011389914197535989,-0.00013331540783012574,-0.0005570578974251061,0.015738885580411477
-0.01220709574970491,-0.000766049891371301,-0.0007559670560578491,-0.000449653742854883,-0.0002869378194695349,-0.0002151592102077604,-0.00029967809156106195,-0.0012936003675548813,-0.0010244803249024326,0.0027496025567905757,-0.002014622909330299,-0.00012666823842721886,-0.0008015668133689591,-0.01878722260208754,-0.0011325548604365077,-0.00026958536890142604,-0.001045999523351826,-0.0006504557052963156,0.002913945569326115,-0.000947734860948457,-1.0540317949447875e-05,8.253058337404084e-05,-0.0009340148177802154,-0.00037542006538271444,-0.0013423757313987261,-0.008019196730331801,0.0038091868112559713,-0.0017174796092723765,0.0010283923726859268,-0.000639562124710058,0.014875037200053454,-0.0022706790423971945,-0.001208392884637588,-0.0005766280443938454,-0.0008131918170859453,-3.8364682632296976e-05,-7.876687549213113e-05,-0.0006785858848730175,-0.020720358714423126,0.00039697784240488865,-0.0004458009353766057,-0.00022763560944050187,-0.0005164095343281883,0.0011154783826619052,-0.0007786228100502557,-0.0007381894732086947,-0.002189989357570976,-0.0007697317621371269,-0.00262343898178774,3.819953726003078e-05,-0.000710892785702244,3.071692201039866e-06,-0.0022565368289544363,-0.0020187801896254243,-0.0009987324953192322,0.0004907315736624174,-0.001599894553834913,0.0005959125337193782,0.0013691155921458087,-3.0087577744364324e-05,-0.00040189424695702414,-0.0012539048831590183,-0.00016371723662922388,-0.0006612577233360284,0.016935206930598135
-0.012191955420362222,-0.0007415840038044186,-0.0007613959501768797,-0.00044324853299493316,-0.00027877376975860013,-0.0002148046578506202,-0.00025704308958718336,-0.0013023595179603165,-0.0010762976814587821,0.0025621043225503293,-0.0020015818220693316,-0.00012522190606123473,-0.0004069436172867702,-0.018839109584346203,-0.0011338025134092211,-0.00025948387287966224,-0.0010291152552018845,-0.0006487691869737633,0.0021927153981491365,-0.0009494386005831634,-5.826847162548887e-06,5.04012735376147e-05,-0.0009419411283830836,-0.00036810080357929653,-0.0012337303668669142,-0.007707445126900803,0.0036517254906627272,-0.0016753521220594925,0.000970132527531975,-0.0006345371714938652,0.013173369705472338,-0.0024439371714845004,0.00010069825487679651,-0.0005906295231195013,-0.0008239060302831502,-5.699047533114232e-06,-5.7439297363681696e-05,-0.0006948743896896259,-0.02048529586635428,9.904189407228259e-05,-0.00046851790700541684,-0.0002401695583188479,-0.0005050500482993714,0.0006688933018945686,-0.0008141333666060735,-0.0007136228505344455,-0.002105165613721205,-0.0007864375450120642,-0.0028836367262067286,2.3983382323677915e-05,-0.0006855344547463949,-3.1134954800005055e-05,-0.002377232444156885,-0.0021106194531670397,-0.001021037817470205,0.0012842920032967164,-0.0016304583726723942,0.0005384700026023204,0.001329356423519057,-3.8511658622897293e-05,-0.00040218717889861644,-0.0014063425826956744,-0.00019085534964957684,-0.0007276731480618803,0.018139522245895545
-0.012198188817295064,-0.0007141237293910585,-0.0007605857228600854,-0.0004408097923959131,-0.0002710546196197372,-0.0002115886830159619,-0.00022271564893217022,-0.001300734772619383,-0.0009486362690263039,0.002489303194178616,-0.0019853314762597885,-0.00011459699718141536,-0.0003107470032580606,-0.018784587482704507,-0.0011416197083973234,-0.00024358848581496062,-0.0010674498592095905,-0.0006516986055885576,0.0013944813761304076,-0.0009534569127719328,-6.247892516797471e-06,5.360597682568802e-05,-0.0009490280887924918,-0.0003656056212456571,-0.0009932582860595618,-0.0077615154878958315,0.003569162091100697,-0.0015648291287484462,0.0010266915317860281,-0.0006243036979762806,0.012883599508042076,-0.0018854964651424666,0.0014919736627594382,-0.0005919306089050558,-0.0008248205602788827,-3.64998945301398e-06,-5.151395418978577e-05,-0.0006867719017619178,-0.02028649419432116,-0.0001309685001044114,-0.0004745353038292377,-0.00027745144399238253,-0.0004988399064717042,0.0003750884271940258,-0.0008848792195684796,-0.0006878389245965622,-0.0019316526757104935,-0.0007972489142228367,-0.003174948189098914,-1.0385599603202067e-05,-0.0006800058067334414,-3.95654806701895e-05,-0.002371954664405873,-0.0021806836253962514,-0.0011420857138527696,0.002608130554598631,-0.0016696019227961933,0.00047112662712089914,0.0012167183951463656,-5.46248340587141e-05,-0.00040366346444309364,-0.001483368561399856,-0.00022583813445531398,-0.0008755337485705228,0.018784586287711846
-0.012163927556609111,-0.000678815153779988,-0.000762376528449682,-0.00043974014379166704,-0.00026698716567752356,-0.0002072502934435949,-0.00020385174803683181,-0.0012805245291370726,-0.0007744813459545918,0.002561772797355255,-0.0019763257352168884,-0.0001039009748702302,-0.0001040575305107927,-0.019025482218349654,-0.0011529142535510184,-0.00023691971085926244,-0.0011182461263015142,-0.0006542062511278868,0.0008800571353950737,-0.0009558328868786159,-5.032624812439934e-07,1.7566379469702298e-05,-0.0009616312537149563,-0.00035791813451158117,-0.000714580427925271,-0.006885869753988971,0.003295908069892217,-0.0014382080621303528,0.0011423042355216406,-0.0006283770795423305,0.012557516288198567,-0.0009383209580833274,0.002704481474835818,-0.0005734693109945566,-0.0008535074887385807,1.4053404808755943e-05,-6.0024259363578025e-05,-0.0006753307571739642,-0.020197478452982254,-0.00033834055313319844,-0.00047123532532311607,-0.00031573079508373514,-0.0004992393144971352,0.00019805127678229617,-0.0009774472952818192,-0.0006335584303035491,-0.001763952579607042,-0.0007989231762466353,-0.0034286244028695068,3.945990552978174e-06,-0.0006860866552836908,-6.107257591791981e-05,-0.0023810793583528556,-0.002307593542618669,-0.0012289491221233462,0.0037154422781922047,-0.0017020157539330283,0.00045999136425245446,0.0010707579007358525,-6.602585015647033e-05,-0.0004026939479997438,-0.0016366865003393238,-0.00025306251074097563,-0.0010449828392836702,0.019026982886935384
-0.012093392748731002,-0.0006456466780805359,-0.0007503217596767087,-0.00043950323324903895,-0.00026380880571108545,-0.0001970599943721396,-0.0001462165655492509,-0.0012525771755650394,-0.0006639797721149643,0.0026246277597574696,-0.0019701201518369515,-0.00010330887062282024,-0.00021670440479126807,-0.018762853180110395,-0.0011536715250243246,-0.00024063584167910435,-0.0010420382067000133,-0.0006583709732574938,0.0005068757455726214,-0.0009520359248996746,1.3349425531661296e-06,7.144122889979343e-05,-0.000977984603074522,-0.0003498885720700784,-0.00042998070737021443,-0.006115055345566223,0.003045163903838022,-0.001291121638429038,0.0013357048811242223,-0.0006322999563168619,0.01058354384864768,0.0005964664862283531,0.003549422873744268,-0.0005715993648315321,-0.0008751072123889259,1.8587288524329892e-05,-8.470946615368735e-05,-0.0006508307070575148,-0.019988045589427905,-0.0006310563613985964,-0.00046328543294249513,-0.000332337980050057,-0.0005050375948765229,0.00018977783520157665,-0.0010124644639897262,-0.0006325040364425494,-0.0015995069063351464,-0.0007968115924205099,-0.0036407915891406573,1.8247196356124817e-05,-0.0006649757591791206,-5.865570850493995e-05,-0.002293766968904709,-0.0023903094669259772,-0.0013348425599656322,0.004508088242802355,-0.0017372518102747314,0.00047966485333361675,0.0009134359225302369,-7.586100373879745e-05,-0.00040935985294354715,-0.001798221834739544,-0.0003474194268203723,-0.0011353253035712996,0.019269379486159144
-0.012039112444018896,-0.0006372674198684702,-0.0007319754741791362,-0.00043565844697790457,-0.00026076758555493296,-0.00019004584643167455,-0.00010690841615379476,-0.0012206057070829335,-0.0005545917836041747,0.002638416019248968,-0.001962283225156125,-0.00010565732430434238,-0.0002460485257075318,-0.018863047844207004,-0.0011556815743540838,-0.00022485078300094052,-0.0010001048599938,-0.0006586789972541363,-0.00036990994404206834,-0.0009753469413290583,1.010576091853288e-05,9.817870185835353e-05,-0.0009948822371356192,-0.00036016856473608527,-0.00016751948489546198,-0.005460853662879517,0.002714840234359306,-0.0011369609785338852,0.0015864182223679357,-0.0006379407839415263,0.010555326026914669,0.0023967108205724674,0.00389984923131248,-0.0005787439825312157,-0.0009106081711836023,3.777087606904317e-05,-0.00013490647076908058,-0.0006360384479442427,-0.019908715113445274,-0.0009519709277104882,-0.00044323177109606426,-0.0003464973370210789,-0.000500878945559613,0.0002608820211480456,-0.0010273664025661766,-0.0006045677774427771,-0.0014270600690644564,-0.0007828900691789764,-0.003785749239436198,-9.595986239729903e-06,-0.0006195748407668011,-6.653779865695153e-05,-0.0023909380056419405,-0.002401172002021723,-0.0013630961279841314,0.005438487788621105,-0.0017637551178594224,0.0004737260803253651,0.0007569501870707818,-8.661077275606832e-05,-0.000413838386333909,-0.0018328566177487904,-0.000406548620202396,-0.001289733425421713,0.019511792399597327
-0.011919330424216779,-0.0005882086745265802,-0.0007200286414682511,-0.0004283772112312345,-0.0002622009924346802,-0.00018700624575684888,-7.915691017545967e-05,-0.0012057553189612769,-0.00048550381950351884,0.002605351058878602,-0.001963532080682673,-0.00010275046031693602,-0.000372557301498766,-0.01857154900847513,-0.001161760595100425,-0.00022642568805419927,-0.0011216660680332113,-0.0006504833913291153,-0.000929053212457065,-0.0010107980972194897,1.2040462106233107e-05,0.00012108169359281717,-0.0010124388318566435,-0.00037345523701060035,5.037978253086273e-05,-0.00457502342945082,0.0023509321450587706,-0.0010042737167367255,0.0018664152386744792,-0.0006459120473465418,0.009467381456936153,0.004282035399302497,0.0037172143361019483,-0.0005884960186238741,-0.000961271363287497,5.067821444315612e-05,-0.00018259837132950096,-0.0006394624716113961,-0.019845445818413743,-0.001124832332009884,-0.0004270015278079464,-0.0003250075960955501,-0.0004956856382676289,0.00042384517934523913,-0.0011284734756484838,-0.0005534203440371588,-0.0012726408807745004,-0.0007687539889138506,-0.0038494575655153573,-2.052809906483155e-05,-0.0005606717951198714,-5.4609602785471445e-05,-0.0024565768163071766,-0.0024747688196506967,-0.001383848577959923,0.00653367077067446,-0.0017907033745353518,0.00047949396132729305,0.0006259908588766017,-9.076356951365216e-05,-0.00041493276394599654,-0.0018552815867252104,-0.0004498552525055155,-0.001334151366732761,0.01810429985676376
-0.011834920045012298,-0.0005721116265030579,-0.0007156325972123012,-0.000422791936372402,-0.0002630859780416994,-0.00018288543658151468,-6.245270952498494e-05,-0.00119401435413935,-0.0004343045283626834,0.002595916355236927,-0.001971386610076009,-0.00010084951747935111,-0.000766514680414998,-0.018618732852192177,-0.0011740135401231422,-0.0002371539775706255,-0.0012861313446507205,-0.0006570154887257651,-0.0015920436142256023,-0.0010524163468419445,1.6522082652015158e-05,0.00013341988586734743,-0.0010300497775758144,-0.0003942515659086654,0.00019564139573380324,-0.0036234494129372408,0.00199286808761423,-0.0008997571421518469,0.0021224204251544254,-0.0006553457225831893,0.00777850609348163,0.005911292342858587,0.003031184266875764,-0.0005995503367769439,-0.0009945233371216888,5.58764670588463e-05,-0.00022694114229149243,-0.0006414030903665324,-0.01982350826670165,-0.0013875520487852677,-0.0004168801186266169,-0.0002843189019868797,-0.0004956244367974039,0.0006407584133774069,-0.001188973575932728,-0.0004818483836832588,-0.0011512460638158917,-0.0007462161983232685,-0.0038267495646804317,-9.922136944506832e-06,-0.0004894236203184521,-5.6983091968110244e-05,-0.0025267571812431777,-0.0025087972127555425,-0.00156860259459779,0.007646208392182441,-0.0018154453560954575,0.000509876069887838,0.0005369998760065275,-8.053857935375053e-05,-0.00041613425565578677,-0.0019078853106409,-0.00043590565651774327,-0.0013729260495195517,0.01605293420977305
-0.011778989132938067,-0.000581604555528803,-0.0007264807899554082,-0.00042289692147545743,-0.0002664239818697123,-0.0001820019809271045,-9.144069126343357e-05,-0.0011782803803324082,-0.0003958848016238914,0.0025405166085958886,-0.001982161791378112,-0.00010309046921030962,-0.000776191419612382,-0.01853304433016778,-0.0011752416020635037,-0.00024059629447492625,-0.0013546654921982038,-0.0006612740394954519,-0.0021214825386540737,-0.001091456549643155,1.818273729714548e-05,0.00010873508945752342,-0.0010536651915574735,-0.00041304733493585655,0.00024440344719023344,-0.0027069160269975745,0.0016371255006890628,-0.0008358805096819744,0.0022971898602335283,-0.0006675199606436255,0.00667949620654773,0.006997225683099906,0.001963529956106269,-0.0006061409530979667,-0.0010196465201530724,7.821982059863508e-05,-0.0002540863187470155,-0.0006302230758951088,-0.01987342922896218,-0.0014870279230858596,-0.0004148191920781974,-0.00028405899738603857,-0.000493313825326025,0.0009321190817923597,-0.001153847758668447,-0.00042791315019796716,-0.0009705266856647743,-0.0007299690293980365,-0.0037092470376750564,-1.0871647963317521e-05,-0.0004455898886095433,-3.08959913328799e-05,-0.002372188456814861,-0.0024421628732848033,-0.0016989318507016904,0.008494508096044573,-0.0018224092188743324,0.0005149992927995228,0.0005123305494121322,-7.825076293299649e-05,-0.00041639776957269614,-0.0020019017255581417,-0.0004691521688386935,-0.0013404961479099864,0.014081491899678333
-0.011671418244244003,-0.0005984930711838699,-0.0007462056812083118,-0.0004199693330410037,-0.0002687406727560626,-0.00018408105814460285,-0.00010427260929213311,-0.0011780164738711685,-0.0003684171928505231,0.002459900236405188,-0.0020045457815526246,-0.00010310907351473997,-0.0011926784937997814,-0.018441746700808337,-0.0011828418513994965,-0.0002460097485402768,-0.0014943845314858706,-0.000668408696385292,-0.002706194924631311,-0.0011382620369744245,2.172368252639778e-05,6.109576829582686e-05,-0.0010731400132532043,-0.00043322245142485283,0.00018588746722714156,-0.0017440078355741573,0.0012691763161878367,-0.0008408268657246198,0.002380208170202014,-0.0006805786745137654,0.0069871858492123184,0.0074629330781479375,0.0006841793625635972,-0.0006429779627689092,-0.001046442817838833,9.826591883732583e-05,-0.0002571521116078168,-0.0006139844280654838,-0.020051948573049372,-0.0015420901096420137,-0.0004184065349295274,-0.00031775166397995935,-0.0004888893079623147,0.001246370280247433,-0.001222045808914829,-0.0003934343607641111,-0.0009100672409874111,-0.0007240834837106691,-0.00350919730851762,-3.726810493043242e-05,-0.0003936337964162151,-6.300426114402846e-05,-0.002322738971266891,-0.0024476158936070913,-0.0016160479239457626,0.009377047026232432,-0.0018186142223579616,0.0005671557291377916,0.0005543053906660322,-6.586976009304024e-05,-0.000415501512434191,-0.002097176025188996,-0.00044742391177832186,-0.001288170239508113,0.012227169335567334
-0.011578394555818439,-0.0006227150419122474,-0.0007843114582881672,-0.00042054886698095206,-0.0002707958230316887,-0.00019229765601425086,-0.00014069102189773197,-0.0011912055475341576,-0.00032174804421181147,0.002414494177591653,-0.0020306486583644423,-0.00010632026080925616,-0.0012160353506845967,-0.01862772731513107,-0.001186785263161294,-0.0002501404718201483,-0.0015504791092513237,-0.0006793277638511563,-0.0030997193905279996,-0.0011661985839817035,2.6397488473994812e-05,7.392289375984795e-05,-0.0010815213090246134,-0.00046097870677741515,4.327244026725019e-05,-0.0008079729856681483,0.0009727707873126157,-0.0008947443696245561,0.002372455151874897,-0.0006878517050997734,0.008052045703664579,0.007245767500192901,-0.0005851962829389601,-0.0006627454883499917,-0.00106065414953882,0.00011493743560642145,-0.00024345806366343758,-0.0006287694881673689,-0.020365317303847053,-0.0016050322651732785,-0.0004287755506880986,-0.000353130013361902,-0.0004861285553927619,0.0016017917015269667,-0.0011649819417066665,-0.00038575758357117795,-0.000928239359185401,-0.0007273407921392083,-0.003321394050216031,-7.640975968292718e-05,-0.0003550232420120869,-7.6626686026815e-05,-0.0023255533573652842,-0.0023780223559867197,-0.0015143595706870183,0.009579561439891915,-0.001808545681331819,0.0006287689602986202,0.0006276416403199203,-5.036187454221519e-05,-0.00041710311034359737,-0.0021886930195199605,-0.0004323139883946059,-0.0011988200708745733,0.01341216862088257
-0.011517687513875496,-0.0006622900038295576,-0.0008271485564592673,-0.00041991378123173995,-0.0002730220991405963,-0.00020388490384892766,-0.00017927767779069015,-0.0012135503872714448,-0.0002698475129293554,0.0023360574028534753,-0.002054261796523793,-0.0001134129292729158,-0.0012485945517137775,-0.01838814202791239,-0.0011871042172965085,-0.00025646612430740845,-0.0015631142451593139,-0.0006718725229597489,-0.0037955437310859264,-0.00118187396158842,2.8942351020466717e-05,0.0001617960789090933,-0.0010898432955824822,-0.00047823990701634234,-0.0001521534216812892,0.00019577776822266024,0.0006961296352812063,-0.0009742979422161513,0.0022688092548612815,-0.0007091601747125642,0.009528342728257755,0.006423795074699479,-0.001631082788746574,-0.0006805943982534091,-0.0010869623458668043,0.00011830696340386915,-0.00021184738800306135,-0.0006227385031584154,-0.020871678966482343,-0.0015616013526179584,-0.00044074739918953387,-0.00042647452122202,-0.00047807050108950033,0.0019190194799116878,-0.0011322786471071877,-0.0004123296648946839,-0.0009405446623365066,-0.0007414603968738387,-0.0031464569692746247,-0.00011386764021581453,-0.0003192762771261348,-0.00012094952977903528,-0.0025009123802266497,-0.002319284709631053,-0.0015135226195127638,0.00997258440769433,-0.0018039965794367507,0.0006673394208753791,0.0007291108210700781,-2.9287070662076253e-05,-0.00041947014842624863,-0.0022700356951258494,-0.00035746246224754863,-0.0011189350599258852,0.014613123207990464
-0.01139275223232894,-0.0006868961483339486,-0.0008740422869761844,-0.0004157463039075049,-0.0002786275854053111,-0.00021160190138325152,-0.00024260974471801422,-0.0012395310722347341,-0.0001681548150643808,0.0022844093454230663,-0.0020743816828184825,-0.00011557815164364715,-0.0012565188018348605,-0.01835420854985992,-0.0011969774923891174,-0.00026666992051416205,-0.0016063693410982571,-0.0006475550193817403,-0.003681334779315315,-0.0012195715368107374,2.914714626545134e-05,0.00011671590463846471,-0.0010897805948111294,-0.0004855352900960952,-0.00035056662709542774,0.0008961696358340543,0.0005740830984197753,-0.001058660239607434,0.002092923389438228,-0.0007093396189219447,0.010165066664876043,0.005183876681834176,-0.0022835929510539588,-0.0006936141966936704,-0.0010951072021587738,0.00016182742373471726,-0.00016824979162288756,-0.0005962176495474258,-0.021498180740460393,-0.0015472512327904253,-0.0004599191309967443,-0.0005273396164008348,-0.000473649494087236,0.002170030050687277,-0.001169810296212881,-0.00043670342697355036,-0.001017595415106598,-0.0007593432048580429,-0.0030106831211792473,-0.0001402545514316289,-0.0003161682702336188,-0.00013164632549511612,-0.0025501835029592135,-0.002306953169676662,-0.001466859717408231,0.010075916145542596,-0.001799649448576579,0.0006756514021122317,0.0008323819219058226,-9.406301962555652e-06,-0.00042478921616118104,-0.002285523645571441,-0.0002930560646993152,-0.0010178721210696295,0.01581807477765418
-0.01136374256590511,-0.0006678721601539594,-0.0008789102911377356,-0.0004134365766800263,-0.00028236739659337484,-0.00020893756183248957,-0.00024076490950852847,-0.0012392651022665735,-9.43826088644073e-05,0.0022698948004518105,-0.002076568632255249,-0.00011891766999583275,-0.0013430268960631375,-0.018394537825587975,-0.0011941792984360156,-0.0002644025331005606,-0.0016334025674694663,-0.0006488932071356812,-0.0037260660045632665,-0.0012422077479062876,3.0268777037933958e-05,9.649986305393377e-05,-0.0010911194872873509,-0.0004858283666614449,-0.00031470955692758373,0.0011872315844625447,0.0005000381005553223,-0.001039112836950351,0.0021528153410093065,-0.0007184606292627294,0.010059677910074782,0.0055510695794918075,-0.0023560379439376833,-0.0007084403749958446,-0.0011009135903972123,0.00016516659178300586,-0.00018277513963194103,-0.0005881981853281815,-0.02180154273391921,-0.0014606429945007715,-0.00045860389526497514,-0.000555672726605394,-0.00047334248651276223,0.0023155603324893637,-0.0011608512033678409,-0.0004386291918414553,-0.0010080379335333234,-0.0007568229233085866,-0.0030010699320958123,-0.0001568629509312025,-0.00030359404851809657,-0.00013894611224307685,-0.0025837691864628587,-0.00234629724872093,-0.0014196715987745412,0.010291443944476342,-0.001800004727754212,0.0006575263457453406,0.0007952520076417446,-3.93127239539659e-06,-0.00042664704350559024,-0.0022736617881142784,-0.000274844148995701,-0.000997290526478567,0.016642252580600703
-0.011312640535657281,-0.0006326390878547139,-0.0008887463243064664,-0.000409041899020135,-0.0002899881179344588,-0.00020329714315436842,-0.0002394331196990951,-0.0012400834467497512,4.7472118876568103e-05,0.002244749646388655,-0.0020801265370583577,-0.00012567779467909101,-0.0015210086820944824,-0.01847564927760237,-0.0011880151112958481,-0.0002610308835367947,-0.0016876476434546372,-0.0006500342386409619,-0.0037664593280126724,-0.0012873210599302354,3.240082313094028e-05,5.049016452285393e-05,-0.0010923133378156757,-0.0004847612040912441,-0.00024640050831647997,0.0017241704559609605,0.0003967550040298029,-0.0010058083130983775,0.002254484606390772,-0.0007366929872564265,0.009963028165555166,0.00618933388330789,-0.002438307330270062,-0.0007378259702409684,-0.001112035321907845,0.00017183034041590162,-0.00020955247415899159,-0.0005727235873685954,-0.022455874510682206,-0.0012736971786794227,-0.00045645770613167436,-0.0006141557371330819,-0.00047302534906712435,0.002597402904865209,-0.001146000996718688,-0.0004457659865856334,-0.0009960822412596881,-0.0007527481500428923,-0.002985819750884411,-0.0001900830573002832,-0.00028314470011703285,-0.00015335489178713857,-0.0026455365070685577,-0.0024257255968413993,-0.0013305929686642237,0.010640566455852207,-0.0018006970584475424,0.000618056583838289,0.0007212674969936383,7.211135963913762e-06,-0.0004307064592086185,-0.0022378070578744635,-0.00023712910699491552,-0.0009594764613388707,0.015921001157012116
-0.011271550632121707,-0.0006036114237700785,-0.0008992431240715248,-0.0004050972442579681,-0.00029757930259077803,-0.00019752611601620007,-0.00024271721034818672,-0.0012432195508043087,0.000177318757835776,0.0022252390348354023,-0.0020826712114290213,-0.00013232289035591815,-0.0017026841788363445,-0.018552049300780693,-0.001181379976868957,-0.0002597914757411779,-0.0017417285270103777,-0.0006484626663785242,-0.003742804776691422,-0.0013315034023944072,3.4399797043560554e-05,-2.3381603501126946e-06,-0.0010914836806307227,-0.00048153240381587636,-0.0001875164540650065,0.0021988948265787567,0.00035882335169490354,-0.0009830541308647467,0.0023233426874402774,-0.000754503195295908,0.010058679618947908,0.006648271727849764,-0.002433913145511113,-0.0007661563930830839,-0.001122783725742038,0.00017885386675953185,-0.00023125335516338552,-0.000558487070897451,-0.023167923266281143,-0.0010751261348802554,-0.000455479458581487,-0.0006750055186731663,-0.0004730494744037417,0.0028599875549715215,-0.0011372834550709143,-0.0004574271266418739,-0.0009945444769163814,-0.0007505993835803526,-0.002975543201256481,-0.00022281803581813975,-0.0002699061418481863,-0.0001673921033745751,-0.002697339896708617,-0.002503182047078112,-0.0012540615520740817,0.010865264144808817,-0.0018016426644343886,0.0005758020261601438,0.0006512212259206507,1.8549495386155357e-05,-0.0004352442435480164,-0.0021868237684555814,-0.00019827111433323719,-0.000927376332441332,0.015199733419209105
-0.011241419723296286,-0.0005837318113638412,-0.0009110335707003259,-0.00040178299710058596,-0.0003048797483011789,-0.000191966533692578,-0.00025238362913371226,-0.00124929427094711,0.0002898510968250001,0.0022119101192927815,-0.002084292369464391,-0.0001385851815568495,-0.0018845408831225097,-0.018617359539728096,-0.0011746172372903985,-0.0002613819995171962,-0.0017951623901352187,-0.0006433799163347853,-0.003656755504254483,-0.0013738921881992772,3.628395678023644e-05,-6.124327870093982e-05,-0.0010885766016571763,-0.00047619330581394337,-0.00014391924074896867,0.0026090433363705756,0.0003929738377506098,-0.0009742462499549021,0.002348999583272393,-0.0007714001338398058,0.01039478928351012,0.006866485748281859,-0.002339052063551228,-0.0007925922549159026,-0.0011334964807364623,0.00018669224390532868,-0.0002454234169064762,-0.0005460714050385951,-0.02393077691166623,-0.0008729465324199825,-0.0004562958308884646,-0.000738155332355217,-0.0004733493736418515,0.0030949535619477775,-0.00113714901006301,-0.00047378540247566825,-0.0010044713207272293,-0.00075114256845632,-0.0029698467260868,-0.00025448044137477144,-0.00026501276992596523,-0.00018091713588219704,-0.002735869112568512,-0.0025751160180236266,-0.0011966578338808986,0.010947320162726148,-0.0018031746404294502,0.0005325723563582851,0.0005893985732028373,3.0011188281386936e-05,-0.0004402844213686752,-0.0021219672734673622,-0.00015896456727104713,-0.0009024882649109056,0.014480880185153922
-0.011223194677179027,-0.0005759428940999012,-0.0009247505444602844,-0.0003992795422551598,-0.0003116282528049519,-0.00018696044945765156,-0.0002701988237339137,-0.0012589284636955744,0.000379762924655358,0.0022053100532621883,-0.002085079725261396,-0.00014419689281308656,-0.00206306629178743,-0.01866520163905039,-0.0011680702346945626,-0.0002665001446686688,-0.0018474664048283573,-0.0006339874144962732,-0.003509964664356602,-0.001413624830244986,3.807156034607573e-05,-0.00012548335766515706,-0.0010835381868203875,-0.0004687952500641579,-0.00012147071494361672,0.0029522546253899495,0.0005059371563973514,-0.000982780630074065,0.0023210652930025777,-0.0007868926833457524,0.011019514172499134,0.006782578579769272,-0.002149920758280577,-0.000816294167133691,-0.001144511265728232,0.00019580054494428012,-0.0002496082936497279,-0.0005360593589147644,-0.024737523357787894,-0.0006751750406150947,-0.00045953350132688087,-0.000803538439308582,-0.0004738595579001359,0.0032939402049334543,-0.0011480480933333537,-0.0004950136045526188,-0.0010269094529153922,-0.0007551436492055918,-0.00296833676824948,-0.00028448282885984444,-0.0002695989805641119,-0.000193789378187037,-0.0027578139118350498,-0.0026379769282703913,-0.0011649622989611252,0.010868517660983512,-0.0018056260811473157,0.0004901772580800934,0.0005400849176198097,4.152359706033337e-05,-0.00044585101751581924,-0.0020444929265192036,-0.0001199038620687265,-0.0008863103838733233,0.014511469337364469
-0.011217822361767826,-0.0005831873154419354,-0.0009410269256188153,-0.00039776726442908306,-0.00031756361384105425,-0.00018284991658590322,-0.00029792924182658886,-0.0012727429855665662,0.00044174803013885544,0.0022059859902447965,-0.0020851229929167436,-0.00014889024865527567,-0.0022347479016646687,-0.01868919724335283,-0.0011620823112162837,-0.00027584360099985883,-0.0018981577430883245,-0.0006194865868492938,-0.003304085410652857,-0.001449838741432452,3.978086574463191e-05,-0.0001943165643786271,-0.001076314522045263,-0.0004593895765456768,-0.00012603272322442294,0.003226167333691743,0.000704444001835558,-0.0010120532309276786,0.0022291498157451795,-0.0008004897242722686,0.011981011299172506,0.006335152857476212,-0.0018627159035892182,-0.0008364227411297165,-0.0011561657595541286,0.00020663384296781828,-0.00024135361965471613,-0.0005290337016496949,-0.02558125051559612,-0.0004898283287824157,-0.0004658191481707874,-0.0008710881006627202,-0.0004745145382978322,0.003448586763067585,-0.0011724311365203244,-0.0005212845233382168,-0.001062905553704474,-0.0007633685703632986,-0.0029706197706198534,-0.00031223775316358005,-0.00028479916997670163,-0.00020586821916568354,-0.0027598640516937056,-0.002688214196410521,-0.0011655554321915451,0.010610639790960219,-0.0018093300813023516,0.00045042641497228253,0.0005075656379505133,5.301410413283136e-05,-0.0004519680568343398,-0.0019556560812206136,-8.178339498621234e-05,-0.0008803408144538727,0.015959225361614537
-0.011226249645060915,-0.0006084077188536208,-0.0009604955944430005,-0.00039742654832941593,-0.0003224246291484434,-0.00017997698835148235,-0.00033734133108986875,-0.0012913586930771714,0.00047050020208727616,0.0022144850837417795,-0.0020845118865275847,-0.0001523974736140632,-0.0023960732095885673,-0.018682967997240896,-0.0011569968089899518,-0.00029011005831403036,-0.0019467535769138733,-0.0005990788593802643,-0.003040770896798217,-0.001481671334661594,4.1430130981234825e-05,-0.0002670010659769906,-0.0010668516932568206,-0.0004480276252371018,-0.00016346711216697063,0.003428420101329488,0.0009952250682652153,-0.0010654600122209645,0.002062863150615213,-0.0008117001370773202,0.013327437676787346,0.005462811216567998,-0.001473634173367544,-0.0008521385882983568,-0.0011687976410509338,0.00021964721106715324,-0.00021820502918257212,-0.0005255772023665672,-0.026455046296041784,-0.00032492306623843614,-0.0004757794496943468,-0.0009407375775470905,-0.00047524882595328943,0.00355053251548898,-0.00121274857126219,-0.0005527709492977317,-0.0011135063033179682,-0.0007765832764645708,-0.002976302176072032,-0.00033715776917608853,-0.00031174773437780967,-0.00021701304769505825,-0.00273870928933051,-0.002722277241037019,-0.001205017718448942,0.010155469704035802,-0.0018146197356093685,0.0004151295106826769,0.0004961261129752259,6.441009190938374e-05,-0.00045865956416923925,-0.0018567120911814339,-4.5297562283774795e-05,-0.0008860776817778415,0.017402168692583597
-0.01124942339505608,-0.0006545467477989675,-0.0009837894312003659,-0.0003984377786636628,-0.00032595009646607664,-0.0001786837180288714,-0.0003902015392018843,-0.0013153964427445874,0.0004607132293115157,0.002231354487254089,-0.0020833361201906264,-0.0001544507922200955,-0.0025435297123929113,-0.01864013554532007,-0.0011531570701502902,-0.00030999720641522455,-0.0019927710783039787,-0.0005719656580756016,-0.0027216742764474278,-0.0015082600228329968,4.303761405966e-05,-0.0003427950295961102,-0.001055095786379967,-0.00043476073611725674,-0.00023963572834673208,0.003556651568357605,0.001385011049886753,-0.001146396933659477,0.0018118152967276924,-0.000820032802219206,0.015106950318600765,0.004104156292209282,-0.0009788722415057238,-0.0008626023200331012,-0.001182744589055651,0.0002352957223337171,-0.00017770815649476024,-0.0005262726301887843,-0.027351998610074757,-0.00018847592230020194,-0.0004900410841716107,-0.0010124201310911518,-0.0004759969319857449,0.0035914167413368947,-0.0012714508291975513,-0.0005896456728972099,-0.0011797583819794788,-0.0007955537120444278,-0.0029849904274810157,-0.00035865543178692505,-0.0003515790699818444,-0.00022708325265219376,-0.0026910393819320477,-0.0027366154807418885,-0.0012899296426099882,0.00948479055159046,-0.0018218281387828439,0.00038609622885843464,0.0005100517214731148,7.563894280049333e-05,-0.0004659495643655198,-0.0017489163100109506,-1.1140760222017043e-05,-0.0009050191109705175,0.018859550103395684
-0.011288290479751217,-0.0007245470457417635,-0.0010115413161583264,-0.00040098134013877296,-0.0003278788135331334,-0.00017931215889233076,-0.0004582763138404333,-0.0013454770910857894,0.00040708090062380187,0.002257141354283343,-0.002081685408003131,-0.00015478242900468508,-0.0026736049069119305,-0.01855432153219594,-0.001150906436832022,-0.00033620273510737153,-0.0020357274192575048,-0.0005373484089218339,-0.002348448703255457,-0.0015287422188472455,4.462157298479319e-05,-0.0004209566223717376,-0.001040992887339942,-0.00041964024916507636,-0.00036040041833895753,0.0036085003748302924,0.0018805326409003786,-0.0012582599549485485,0.0014656162531974104,-0.0008249966001561138,0.01736770623787076,0.0021977907195644963,-0.00037462678189414955,-0.0008669745477277724,-0.0011983442824051727,0.00025403444985827583,-0.0001174086358529669,-0.0005317027542393049,-0.02826519536864558,-8.850356628409273e-05,-0.0005092307298767418,-0.001086069022424363,-0.00047669336751421376,0.003562878719750806,-0.0013509883419647872,-0.0006320814846018097,-0.001262708469912499,-0.0008210458216381111,-0.002996290967721249,-0.00037614329588608886,-0.000405427573002326,-0.00023593822291378963,-0.0026135440866840165,-0.002727678334118022,-0.0014268716895511346,0.008580385485003283,-0.0018312883855372553,0.000365136253146936,0.0005536278422240137,8.662803921644091e-05,-0.0004738620822681838,-0.0016335240913188942,1.9992614939123854e-05,-0.0009386632271577433,0.018973912747126898
-0.011343797767144337,-0.0008213512561456859,-0.001044384129584075,-0.0004052376174621397,-0.00032794957808846004,-0.0001822043642163429,-0.0005433321026836468,-0.0013822214946179745,0.00030429700483525224,0.0022923928383304926,-0.0020796494640618057,-0.0001531246084979232,-0.0027827862899793,-0.018419147602473984,-0.0011505882511696486,-0.00036942433419395737,-0.0020751397717729825,-0.0004944285379053781,-0.0019227473308772725,-0.001542255335604259,4.620026576085401e-05,-0.0005007440114394024,-0.0010244890820614305,-0.00040271750435938447,-0.0005316230287196744,0.0035816051608017485,0.0024885205355063,-0.0014044450357932892,0.0010138760191391594,-0.0008261004113461201,0.020157862447854002,-0.0003176828662012632,0.0003429055315771201,-0.0008644158827763038,-0.0012159343999361694,0.00027631846673226157,-3.4852101518212386e-05,-0.0005424503436418648,-0.02918772448270479,-3.30226675070433e-05,-0.0005339750650837916,-0.001161617512676072,-0.0004772726436572672,0.003456557729869525,-0.0014538115412020547,-0.0006802511748770224,-0.0013634032473401891,-0.0008538255497804181,-0.0030098102396675097,-0.00038903391636391227,-0.00047442763965366286,-0.0002434373473564344,-0.0025029131607724464,-0.0026919152197575347,-0.0016224243441494979,0.0074240376556538035,-0.0018433335705871912,0.0003540592671953391,0.0006311398540073121,9.730476356750728e-05,-0.0004824211427222336,-0.001511790788714662,4.740816693926675e-05,-0.0009885081554643627,0.017761277182428037
-0.011416892125233669,-0.0009479020224746337,-0.0010829507517449155,-0.0004113869953410454,-0.0003259011878712359,-0.0001877023872751682,-0.0006471353534095448,-0.001426250509858118,0.00014705533075787258,0.0023376560928969337,-0.0020773180024634685,-0.00014920955523112234,-0.0028675613584293602,-0.01822823540075935,-0.0011525458552977819,-0.00041035969347913426,-0.002110525307849276,-0.0004424074710126513,-0.0014462233129677315,-0.0015479367860048443,4.7791950392506166e-05,-0.0005814153639349673,-0.001005530456469672,-0.0003840438416788938,-0.0007591654060636888,0.0034736045663261716,0.003215705427904947,-0.0015883481358991425,0.00044620459366795373,-0.0008228531162474129,0.023525575961808265,-0.0035036618299234545,0.0011775280250179154,-0.0008540869365727399,-0.0012358526204858666,0.00030260284604732846,7.24158122478169e-05,-0.0005590981675196449,-0.030112673863202488,-3.004989528565538e-05,-0.0005649007680669227,-0.0012389988629759596,-0.00047766927153392036,0.0032640930508323063,-0.0015823708585478435,-0.0007343275341886724,-0.0014828893944864863,-0.0008946588410065903,-0.0030251546861943535,-0.00039673984810995044,-0.0005597136661497082,-0.00024944001485738276,-0.002355836361383701,-0.002625775556252985,-0.0018831680912814175,0.005997530214921998,-0.0018582967886473511,0.00035467495465102417,0.0007468731356026215,0.00010759649826397322,-0.0004916507705725603,-0.0013849717558079844,7.041149951825254e-05,-0.0010560520210163293,0.016560681508039243
-0.01150852042201711,-0.001107141988192284,-0.001127874062908485,-0.0004196098584825503,-0.00032147244062041835,-0.00019614828134295603,-0.000771452513696258,-0.001478184993323639,-6.995033279699747e-05,0.0023934782714833958,-0.0020747807373053817,-0.00014276949373492887,-0.0029244176090960083,-0.017975206571657965,-0.0011571225913511451,-0.0004597065027666103,-0.00214140119948536,-0.0003804866342298485,-0.0009205298031815801,-0.0015449239829494754,4.941488488396928e-05,-0.0006622288469941839,-0.0009840630964895736,-0.00036367060110265026,-0.001048889396946917,0.003282137231457316,0.004068818012296305,-0.0018133652149717738,-0.0002477880241014141,-0.0008147635953182908,0.02751900379299066,-0.007421543536437314,0.0021330440245377336,-0.0008351483205106813,-0.001258436622890935,0.0003333426608940204,0.00020684947118376762,-0.0005822289949958259,-0.03103313142108899,-8.760191893653069e-05,-0.0006026345171001868,-0.001318146334453263,-0.00047781776226296646,0.002977123961778183,-0.0017391167256404216,-0.00079448335300214,-0.0016222135915745506,-0.0009443116398515361,-0.003041930750176558,-0.00039867364601431365,-0.0006624200487045373,-0.00025380561429333426,-0.002169003445703588,-0.002525708762196932,-0.002215683415823677,0.004282646314187399,-0.0018765111344321017,0.0003687929991613714,0.0009051130657895534,0.00011743062571611951,-0.0005015749906643885,-0.0012543223462083697,8.83082164158111e-05,-0.001142792948938598,0.015344016332355714
-0.011619629525492448,-0.0013020137967626466,-0.001179786943341754,-0.0004300865915939367,-0.0003144021340750758,-0.0002078840996944109,-0.0009180500312215845,-0.0015386458015310689,-0.00035202619701768523,0.0024604065275914966,-0.0020721273826842523,-0.00013353664853998914,-0.002949842538813474,-0.01765368275977508,-0.0011646618014640175,-0.0005181624518602046,-0.0021672846186798767,-0.0003078674535436088,-0.00034731995517411907,-0.0015323543393379602,5.1087327239907054e-05,-0.000742442627752693,-0.0009600330880461527,-0.00034164912260936653,-0.0014066568479448316,0.003004841796249824,0.005054588982880803,-0.0020828922327161825,-0.0010784918350539296,-0.0008013407290164976,0.0321863029546583,-0.012132725350577855,0.003213256856246627,-0.0008067606459840615,-0.0012840240859882668,0.0003689929843642137,0.00037090324102839745,-0.0006124255951938107,-0.03194218506731483,-0.00021369540777649298,-0.0006478029904579685,-0.0013989931882374407,-0.0004776526269634207,0.0025872897418468543,-0.001926499574118612,-0.0008608914217829167,-0.0017824225188282083,-0.001003549890850608,-0.003059744874488457,-0.00039424786496700115,-0.0007836811835323365,-0.0002563935345413215,-0.0019391041709183598,-0.002388164256181935,-0.0026265508026530604,0.002261169104829097,-0.0018983097026561424,0.000398223084373317,0.0011101450233474974,0.00012673452833467103,-0.0005122178278426093,-0.0011210979135253263,0.00010040392137167231,-0.0012502290643566782,0.014930434680254567
-0.011751166303657579,-0.0015354600916493988,-0.001239322273312471,-0.000442997579382709,-0.0003044290659741655,-0.0002232518956036822,-0.0010886943536638771,-0.0016082537909978267,-0.000704478473092629,0.0025389880147221877,-0.0020694476526968986,-0.00012124324417694954,-0.0029403236444152103,-0.017257285609715955,-0.0011755068277716774,-0.0005864252305636253,-0.002187692737431579,-0.00022375135494023812,0.0002717530773999055,-0.0015093652680714387,5.2827535464761155e-05,-0.0008213148733462461,-0.0009333865170645383,-0.0003180307461778664,-0.0018383296056326826,0.0026393569007576723,0.006179749033858872,-0.002400325148837812,-0.0020562968400749115,-0.000782093397800776,0.037575630460068954,-0.01769860463718076,0.004421969846254203,-0.0007680845243867029,-0.0013129526886147547,0.0004100088895486742,0.000567031487519909,-0.000650270737237002,-0.032832922712830226,-0.00041634703112236604,-0.0007010328664139864,-0.001481472685458174,-0.00047710837675407625,0.002086229670176687,-0.0021469698356203493,-0.0009337245309964937,-0.0019645628564706197,-0.0010731395385386033,-0.0030782035020050502,-0.00038287505985790116,-0.0009246314668470701,-0.00025706316447771105,-0.001662828294213825,-0.0022095914567999975,-0.003122350736646129,-8.511826177282078e-05,-0.0019240255880339507,0.00044477489393468517,0.0013662543870567312,0.00013543558852946447,-0.000523603306952225,-0.0009865538113684735,0.000106004218125344,-0.001379858492395969,0.014930434680254567
-0.011904077624511067,-0.0018104235163162175,-0.0013071129330877174,-0.0004585232065555944,-0.00029129203405664494,-0.00024259372234491927,-0.0012851519287006008,-0.0016876298182409988,-0.0011326133722101561,0.002629769886376865,-0.0020668312614405826,-0.0001056215051769005,-0.00289234842273578,-0.016779636766086403,-0.0011900010124081817,-0.0006651925286806915,-0.0022021427277395533,-0.0001273397644062646,0.0009350361408857477,-0.0014750941820497188,5.46537675627512e-05,-0.000898103750910817,-0.0009040694694696372,-0.0002928668117869737,-0.0023497695165860533,0.0021833211850350587,0.0074510288594307195,-0.0027690599230422164,-0.0031915930400493453,-0.0007565304821290919,0.04373514332247974,-0.02418057876108104,0.005762986320670294,-0.0007182805671124282,-0.00134556010960718,0.0004568454495388341,0.0007976885763973929,-0.0006963471902486917,-0.03369843226858549,-0.0007035734582905295,-0.0007629508232427362,-0.0015655180872445884,-0.0004761195227539483,0.0014655830259073799,-0.0024029779417844566,-0.0010131554711085844,-0.0021696812847252778,-0.0011538465274505416,-0.0030969130756008934,-0.0003639677855770129,-0.0010864052948628133,-0.0002556738929797575,-0.0013368655727762357,-0.0019864397826440117,-0.0037096637026796664,-0.0027744326342388215,-0.0019539918852802263,0.0005102581114924121,0.001677726535695756,0.00014346118871100266,-0.000535755452838238,-0.0008519453933473198,0.00010441471041700012,-0.0015331793581819797,0.014930434680254567
