component_sn,product_sn,event_name,annotation_id,configuration_id,A1,A2,A3,A4,A5,A6,A7,A8,B1,B2,B3,B4,B5,B6,B7,B8,C1,C2,C3,C4,C5,C6,C7,C8,D1,D2,D3,D4,D5,D6,D7,D8,E1,E2,E3,E4,E5,E6,E7,E8,F1,F2,F3,F4,F5,F6,F7,F8,G1,G2,G3,G4,G5,G6,G7,G8,H1,H2,H3,H4,H5,H6,H7,H8,ASELT,BT1,BT2,DPP0,DPT0,DPSN,DPPID,PZTGTF,PZFLOW0,PZEF0,PZVMV,PZBV0,PZEN,PZDM,PZCAL,AQT0,AQH0,AQP0,AQGR0,AQAH0,AQBSTAT,AQBTS,AQBVAL,AQSENS,AQSID,TRHT0,TRHH0,TRHSN,SYSUT,SYSHF,SYSHA,SYSCL,SYSRC,reference_ui,reference_type,reference_details,metadata,payloadCreateAt,event,T0_183225,H0_183225,SETP0_181425,FLW0_181425,ANLT0_181425,SETP0_183624,FLW0_183624,ANLT0_183624,SETP0_094324,FLW0_094324,ANLT0_094324,SETP0_543024,FLW0_543024,ANLT0_543024,SETP0_453024,FLW0_453024,ANLT0_453024,bVOC_274625,GASR0_274625,H0_274625,T0_274625,P0_274625
0000000027-4125-asu-nz,0000000018-3024-oms-nz,AmbientSamplingRFC,2be98d50-2a59-4d82-955b-54fa72a23f06,b0d302bf-f0f3-4feb-821a-8083f454e883,1219.47509765625,488326.75,199959.953125,8132.3642578125,7133.3359375,26005.396484375,184588.0625,180041.171875,235479.609375,70427.921875,129280.7734375,18641.640625,275911.15625,5521.982421875,19434.212890625,37226.7890625,258277.484375,52672.12890625,192932.59375,20280.484375,6902.60693359375,13226.6328125,27495.662109375,45719.8515625,2928201.0,356953.96875,1101931.375,3619226.0,10997673,5587.25634765625,69872.375,125502968,53537688,21120.80859375,86213.9140625,202253.96875,670741.625,4360.869140625,2824789.0,1141440.875,63173.7890625,491344.03125,21317.80859375,827826.25,701.8015747070312,448015.21875,447471.09375,239599.03125,956427.875,70225.296875,77570.1328125,17389.9765625,4138.26025390625,277726.375,15021.77734375,146312.9375,32994.703125,404807.0,1099558.5,58575.7734375,7256.4462890625,123110.390625,13558.01953125,609137.5625,5968,33.890113830566406,35.582420349121094,0,0,0,0,0,0,0,0,0,0,0,1,0,0,0,0,0,0,0,False,UNKNOWN,0,0,0,0,201342948,24484,0,37.427513122558594,13,,,"{'Type': 'start', 'Data_Type': 'Synthetical', 'Protocol_name': 'ABGv5-5ppb-10RH-75ccm-Anthony-Q425', 'Trial_Details': {'RH': 0, 'group': 35, 'detail': 'N/A', 'trialnum': 23, 'TrialName': '10rh', 'identifier': 'srzyh', 'Concentration': 0}, 'Experiment_Rig': 'DA3'}",,2026-01-19 01:40:49.098,"{'cid': '50887afa-f28e-43cb-ad20-c4bac4e7cd08', 'uuid': '78721ac2-ace3-4b52-bdcf-c79e95c6f8f5', 'annotationId': '2be98d50-2a59-4d82-955b-54fa72a23f06', 'name': 'AmbientSamplingRFC', 'description': 'AmbientSamplingRFC', 'labels': 'AmbientSamplingRFC', 'metadata': {'Length': 30, 'Progress': 0, 'startTime': 1768786848739, 'Notification': 'Event AmbientSamplingRFC Started.'}, 'createdAt': '2026-01-19T01:40:48.964Z', 'createdBy': '5c7b5d9f-c171-4004-a182-4277ffd4c9eb'}",29.74,33.37,2200.0,2200.8,24020116.0,15.0,14.83,22040109.0,1600.0,1596.48,21470060.0,1385.0,1384.32,22450138.0,1800.0,1801.68,22340093.0,0.0,426311.41,25.05,32.62,1009.23
0000000027-4125-asu-nz,0000000018-3024-oms-nz,AmbientSamplingRFC,2be98d50-2a59-4d82-955b-54fa72a23f06,b0d302bf-f0f3-4feb-821a-8083f454e883,1218.9742431640625,488539.78125,199999.125,8132.046875,7133.22412109375,26005.8046875,184662.09375,180050.546875,234704.40625,70448.515625,129267.3984375,18642.427734375,275075.03125,5526.185546875,19435.404296875,37230.0859375,258015.109375,52670.19921875,193838.5,20285.267578125,6902.7529296875,13230.7578125,27494.859375,45719.484375,2931586.25,356293.53125,1102064.625,3619998.75,11007488,5586.93212890625,70826.0625,126059784,53386480,21116.248046875,86216.953125,202248.078125,670599.0625,4360.93408203125,2825470.25,1142475.375,63184.28515625,491560.28125,21321.775390625,828121.5625,701.8961181640625,447912.46875,446960.75,239648.3125,956450.125,70207.7421875,77611.1328125,17388.125,4140.44384765625,277978.125,15022.3408203125,146667.890625,32997.375,404789.15625,1099238.375,58578.37890625,7256.8525390625,122957.953125,13558.8505859375,609177.25,6269,33.970699310302734,35.501834869384766,0,0,0,0,0,0,0,0,0,0,0,1,0,0,0,0,0,0,0,False,UNKNOWN,0,0,0,0,201342948,24484,0,37.427513122558594,13,,,"{'Type': 'start', 'Data_Type': 'Synthetical', 'Protocol_name': 'ABGv5-5ppb-10RH-75ccm-Anthony-Q425', 'Trial_Details': {'RH': 0, 'group': 35, 'detail': 'N/A', 'trialnum': 23, 'TrialName': '10rh', 'identifier': 'srzyh', 'Concentration': 0}, 'Experiment_Rig': 'DA3'}",,2026-01-19 01:40:49.400,"{'cid': '50887afa-f28e-43cb-ad20-c4bac4e7cd08', 'uuid': '78721ac2-ace3-4b52-bdcf-c79e95c6f8f5', 'annotationId': '2be98d50-2a59-4d82-955b-54fa72a23f06', 'name': 'AmbientSamplingRFC', 'description': 'AmbientSamplingRFC', 'labels': 'AmbientSamplingRFC', 'metadata': {'Length': 30, 'Progress': 0, 'startTime': 1768786848739, 'Notification': 'Event AmbientSamplingRFC Started.'}, 'createdAt': '2026-01-19T01:40:48.964Z', 'createdBy': '5c7b5d9f-c171-4004-a182-4277ffd4c9eb'}",29.74,33.37,2200.0,2200.8,24020116.0,15.0,14.83,22040109.0,1600.0,1596.48,21470060.0,1385.0,1384.32,22450138.0,1800.0,1801.68,22340093.0,0.0,426311.41,25.05,32.62,1009.23
0000000027-4125-asu-nz,0000000018-3024-oms-nz,AmbientSamplingRFC,2be98d50-2a59-4d82-955b-54fa72a23f06,b0d302bf-f0f3-4feb-821a-8083f454e883,1219.7796630859375,488224.9375,199993.984375,8132.259765625,7133.30859375,26005.0,184693.484375,180067.1875,235751.625,70401.765625,129255.4375,18642.458984375,275804.71875,5506.82666015625,19437.0,37231.6328125,258240.296875,52653.0859375,193540.828125,20289.078125,6902.6826171875,13233.44921875,27494.47265625,45718.109375,2933831.5,358492.9375,1099679.125,3620908.5,11013758,5585.93408203125,70939.40625,126516848,53178644,21118.705078125,86241.9453125,202225.25,670513.9375,4361.1533203125,2827814.75,1139028.25,63182.64453125,491559.875,21321.830078125,827523.0,702.1640014648438,447980.40625,447033.9375,239670.609375,956975.375,70193.171875,77616.4375,17381.470703125,4136.775390625,277736.9375,15059.07421875,146485.546875,32995.26953125,404762.125,1098843.5,58573.5546875,7257.109375,122928.1640625,13564.4482421875,608497.8125,6570,33.890113830566406,35.582420349121094,0,0,0,0,0,0,0,0,0,0,0,1,0,0,0,0,0,0,0,False,UNKNOWN,0,0,0,0,201342948,24484,0,37.427513122558594,13,,,"{'Type': 'start', 'Data_Type': 'Synthetical', 'Protocol_name': 'ABGv5-5ppb-10RH-75ccm-Anthony-Q425', 'Trial_Details': {'RH': 0, 'group': 35, 'detail': 'N/A', 'trialnum': 23, 'TrialName': '10rh', 'identifier': 'srzyh', 'Concentration': 0}, 'Experiment_Rig': 'DA3'}",,2026-01-19 01:40:49.705,"{'cid': '50887afa-f28e-43cb-ad20-c4bac4e7cd08', 'uuid': '78721ac2-ace3-4b52-bdcf-c79e95c6f8f5', 'annotationId': '2be98d50-2a59-4d82-955b-54fa72a23f06', 'name': 'AmbientSamplingRFC', 'description': 'AmbientSamplingRFC', 'labels': 'AmbientSamplingRFC', 'metadata': {'Length': 30, 'Progress': 0, 'startTime': 1768786848739, 'Notification': 'Event AmbientSamplingRFC Started.'}, 'createdAt': '2026-01-19T01:40:48.964Z', 'createdBy': '5c7b5d9f-c171-4004-a182-4277ffd4c9eb'}",29.74,33.37,2200.0,2200.77,24020116.0,15.0,14.83,22040109.0,1600.0,1596.53,21470060.0,1385.0,1384.3,22450138.0,1800.0,1801.66,22340093.0,0.0,426311.41,25.05,32.62,1009.23
0000000027-4125-asu-nz,0000000018-3024-oms-nz,AmbientSamplingRFC,2be98d50-2a59-4d82-955b-54fa72a23f06,b0d302bf-f0f3-4feb-821a-8083f454e883,1220.7421875,488622.65625,200007.3125,8132.13818359375,7133.0166015625,26004.09375,184644.71875,180058.953125,235677.046875,70471.9765625,129250.6328125,18641.4140625,276363.15625,5501.7431640625,19433.751953125,37232.07421875,258049.796875,52647.3046875,193310.34375,20293.509765625,6902.8388671875,13223.1728515625,27494.08984375,45716.13671875,2932961.5,357824.1875,1101186.75,3621624.5,11019258,5586.12158203125,72125.2265625,126901680,52901124,21113.478515625,86252.6796875,202203.203125,670515.75,4360.4580078125,2829329.0,1139316.25,63186.65625,491442.21875,21320.82421875,827175.3125,702.7374877929688,448271.90625,447451.84375,239688.46875,957697.875,70158.8125,77619.3984375,17378.171875,4131.51953125,277486.0,15012.91015625,147192.125,32995.8125,404820.8125,1098761.625,58573.87109375,7256.75048828125,122898.640625,13559.5634765625,608211.8125,6871,33.970699310302734,35.582420349121094,0,0,0,0,0,0,0,0,0,0,0,1,0,0,0,0,0,0,0,False,UNKNOWN,0,0,0,0,201342948,24484,0,37.427513122558594,13,,,"{'Type': 'start', 'Data_Type': 'Synthetical', 'Protocol_name': 'ABGv5-5ppb-10RH-75ccm-Anthony-Q425', 'Trial_Details': {'RH': 0, 'group': 35, 'detail': 'N/A', 'trialnum': 23, 'TrialName': '10rh', 'identifier': 'srzyh', 'Concentration': 0}, 'Experiment_Rig': 'DA3'}",,2026-01-19 01:40:50.002,"{'cid': '50887afa-f28e-43cb-ad20-c4bac4e7cd08', 'uuid': '78721ac2-ace3-4b52-bdcf-c79e95c6f8f5', 'annotationId': '2be98d50-2a59-4d82-955b-54fa72a23f06', 'name': 'AmbientSamplingRFC', 'description': 'AmbientSamplingRFC', 'labels': 'AmbientSamplingRFC', 'metadata': {'Length': 30, 'Progress': 0, 'startTime': 1768786848739, 'Notification': 'Event AmbientSamplingRFC Started.'}, 'createdAt': '2026-01-19T01:40:48.964Z', 'createdBy': '5c7b5d9f-c171-4004-a182-4277ffd4c9eb'}",29.75,33.38,2200.0,2200.51,24020116.0,15.0,14.88,22040109.0,1600.0,1596.95,21470060.0,1385.0,1384.16,22450138.0,1800.0,1801.42,22340093.0,0.0,426483.95,25.05,32.62,1009.22
0000000027-4125-asu-nz,0000000018-3024-oms-nz,AmbientSamplingRFC,2be98d50-2a59-4d82-955b-54fa72a23f06,b0d302bf-f0f3-4feb-821a-8083f454e883,1220.59619140625,488210.25,200004.125,8132.10205078125,7133.04736328125,26005.587890625,184592.609375,180041.390625,235824.375,70337.15625,129223.609375,18642.802734375,277280.9375,5495.73779296875,19433.806640625,37229.95703125,258091.40625,52652.375,193757.953125,20288.40625,6902.81689453125,13225.8447265625,27491.21875,45716.66015625,2928983.5,356947.3125,1101394.125,3620773.75,11015347,5585.39111328125,72253.734375,126937224,52634676,21117.75390625,86251.625,202283.71875,670459.375,4359.2861328125,2829246.25,1136778.375,63179.38671875,491974.125,21321.380859375,826521.0,703.0255126953125,448198.28125,447392.40625,239701.359375,958570.875,70163.2265625,77617.890625,17382.826171875,4131.5009765625,277156.46875,15016.6142578125,147798.265625,33000.08203125,404955.25,1098921.75,58571.64453125,7256.63232421875,123067.84375,13555.7333984375,607755.75,7172,34.05128479003906,35.66300582885742,0,0,0,0,0,0,0,0,0,0,0,1,0,0,0,0,0,0,0,False,UNKNOWN,0,0,0,0,201342948,24484,0,37.427513122558594,13,,,"{'Type': 'start', 'Data_Type': 'Synthetical', 'Protocol_name': 'ABGv5-5ppb-10RH-75ccm-Anthony-Q425', 'Trial_Details': {'RH': 0, 'group': 35, 'detail': 'N/A', 'trialnum': 23, 'TrialName': '10rh', 'identifier': 'srzyh', 'Concentration': 0}, 'Experiment_Rig': 'DA3'}",,2026-01-19 01:40:50.303,"{'cid': '50887afa-f28e-43cb-ad20-c4bac4e7cd08', 'uuid': '78721ac2-ace3-4b52-bdcf-c79e95c6f8f5', 'annotationId': '2be98d50-2a59-4d82-955b-54fa72a23f06', 'name': 'AmbientSamplingRFC', 'description': 'AmbientSamplingRFC', 'labels': 'AmbientSamplingRFC', 'metadata': {'Length': 30, 'Progress': 0, 'startTime': 1768786848739, 'Notification': 'Event AmbientSamplingRFC Started.'}, 'createdAt': '2026-01-19T01:40:48.964Z', 'createdBy': '5c7b5d9f-c171-4004-a182-4277ffd4c9eb'}",29.75,33.38,2200.0,2200.25,24020116.0,15.0,14.93,22040109.0,1600.0,1597.38,21470060.0,1385.0,1384.02,22450138.0,1800.0,1801.18,22340093.0,0.0,426761.69,25.05,32.62,1009.21
0000000027-4125-asu-nz,0000000018-3024-oms-nz,AmbientSamplingRFC,2be98d50-2a59-4d82-955b-54fa72a23f06,b0d302bf-f0f3-4feb-821a-8083f454e883,1220.2657470703125,488201.65625,199987.609375,8131.86865234375,7133.0185546875,26006.68359375,184537.71875,180037.28125,235926.9375,70307.4921875,129201.1875,18642.52734375,276530.84375,5501.46484375,19434.41796875,37233.77734375,257898.0,52650.69140625,192700.34375,20286.54296875,6902.716796875,13228.4150390625,27490.130859375,45715.83203125,2925407.5,356142.15625,1101417.0,3620005.25,11003639,5585.83544921875,72066.2578125,126545304,52401040,21119.669921875,86213.8359375,202291.734375,670473.4375,4359.0009765625,2825342.5,1137416.875,63186.51953125,492090.21875,21321.322265625,826610.0,702.0355834960938,448350.09375,447319.21875,239682.34375,959288.9375,70195.625,77588.234375,17389.4765625,4135.4775390625,277294.25,15008.1904296875,145978.578125,33003.9765625,404894.71875,1099691.25,58575.40234375,7257.021484375,122905.6484375,13561.7919921875,607850.6875,7473,34.131874084472656,35.743595123291016,0,0,0,0,0,0,0,0,0,0,0,1,0,0,0,0,0,0,0,False,UNKNOWN,0,0,0,0,201342948,24484,0,37.427513122558594,13,,,"{'Type': 'start', 'Data_Type': 'Synthetical', 'Protocol_name': 'ABGv5-5ppb-10RH-75ccm-Anthony-Q425', 'Trial_Details': {'RH': 0, 'group': 35, 'detail': 'N/A', 'trialnum': 23, 'TrialName': '10rh', 'identifier': 'srzyh', 'Concentration': 0}, 'Experiment_Rig': 'DA3'}",,2026-01-19 01:40:50.606,"{'cid': '50887afa-f28e-43cb-ad20-c4bac4e7cd08', 'uuid': '78721ac2-ace3-4b52-bdcf-c79e95c6f8f5', 'annotationId': '2be98d50-2a59-4d82-955b-54fa72a23f06', 'name': 'AmbientSamplingRFC', 'description': 'AmbientSamplingRFC', 'labels': 'AmbientSamplingRFC', 'metadata': {'Length': 30, 'Progress': 0, 'startTime': 1768786848739, 'Notification': 'Event AmbientSamplingRFC Started.'}, 'createdAt': '2026-01-19T01:40:48.964Z', 'createdBy': '5c7b5d9f-c171-4004-a182-4277ffd4c9eb'}",29.75,33.38,2200.0,2199.98,24020116.0,15.0,14.98,22040109.0,1600.0,1597.82,21470060.0,1385.0,1383.88,22450138.0,1800.0,1800.94,22340093.0,0.0,427041.26,25.04,32.63,1009.2
0000000027-4125-asu-nz,0000000018-3024-oms-nz,AmbientSamplingRFC,2be98d50-2a59-4d82-955b-54fa72a23f06,b0d302bf-f0f3-4feb-821a-8083f454e883,1220.566162109375,488071.53125,199966.9375,8132.14697265625,7132.95703125,26005.12890625,184474.796875,180012.90625,235020.453125,70287.2421875,129182.0546875,18642.44140625,276120.4375,5505.61669921875,19432.66796875,37229.28125,257950.40625,52649.58203125,192888.71875,20280.76171875,6902.61181640625,13223.6064453125,27489.400390625,45710.67578125,2922843.5,356435.0625,1102258.375,3618188.5,10990764,5585.42236328125,71794.390625,125878200,52250360,21112.517578125,86239.1640625,202313.65625,670576.3125,4360.03076171875,2824005.75,1137275.0,63190.484375,491825.09375,21320.04296875,826509.9375,701.9071044921875,448350.1875,447014.75,239708.953125,959757.4375,70228.9375,77568.8515625,17390.3359375,4136.60986328125,275868.65625,15026.1533203125,146759.3125,33007.66015625,405217.59375,1100038.0,58590.47265625,7256.92041015625,122914.6875,13558.7041015625,609140.1875,7774,33.970699310302734,35.743595123291016,0,0,0,0,0,0,0,0,0,0,0,1,0,0,0,0,0,0,0,False,UNKNOWN,0,0,0,0,201342948,24484,0,37.427513122558594,13,,,"{'Type': 'start', 'Data_Type': 'Synthetical', 'Protocol_name': 'ABGv5-5ppb-10RH-75ccm-Anthony-Q425', 'Trial_Details': {'RH': 0, 'group': 35, 'detail': 'N/A', 'trialnum': 23, 'TrialName': '10rh', 'identifier': 'srzyh', 'Concentration': 0}, 'Experiment_Rig': 'DA3'}",,2026-01-19 01:40:50.904,"{'cid': '50887afa-f28e-43cb-ad20-c4bac4e7cd08', 'uuid': '78721ac2-ace3-4b52-bdcf-c79e95c6f8f5', 'annotationId': '2be98d50-2a59-4d82-955b-54fa72a23f06', 'name': 'AmbientSamplingRFC', 'description': 'AmbientSamplingRFC', 'labels': 'AmbientSamplingRFC', 'metadata': {'Length': 30, 'Progress': 0, 'startTime': 1768786848739, 'Notification': 'Event AmbientSamplingRFC Started.'}, 'createdAt': '2026-01-19T01:40:48.964Z', 'createdBy': '5c7b5d9f-c171-4004-a182-4277ffd4c9eb'}",29.75,33.38,2200.0,2199.81,24020116.0,15.0,15.0,22040109.0,1600.0,1598.17,21470060.0,1385.0,1383.82,22450138.0,1800.0,1800.7,22340093.0,0.0,427316.23,25.04,32.63,1009.19
0000000027-4125-asu-nz,0000000018-3024-oms-nz,AmbientSamplingRFC,2be98d50-2a59-4d82-955b-54fa72a23f06,b0d302bf-f0f3-4feb-821a-8083f454e883,1220.7596435546875,488139.90625,199954.359375,8131.693359375,7133.1943359375,26003.93359375,184525.640625,179996.234375,234815.640625,70241.2578125,129177.1171875,18641.642578125,275265.875,5523.498046875,19432.107421875,37225.078125,257442.78125,52645.27734375,192314.953125,20286.35546875,6902.31689453125,13214.3056640625,27489.96875,45713.44140625,2920748.5,356680.625,1104916.375,3616698.0,10988888,5585.89208984375,71562.0078125,125175800,52199208,21113.07421875,86269.890625,202306.078125,670818.6875,4360.84130859375,2825563.75,1138955.875,63179.51171875,491567.5625,21320.53125,826486.1875,702.7942504882812,448292.5,446571.40625,239680.53125,960115.8125,70226.6640625,77531.5078125,17382.302734375,4135.71484375,275364.21875,15023.916015625,147654.671875,33010.4453125,405208.53125,1101077.625,58587.12109375,7256.65234375,122971.6171875,13554.251953125,609782.8125,8075,33.970699310302734,35.66300582885742,0,0,0,0,0,0,0,0,0,0,0,1,0,0,0,0,0,0,0,False,UNKNOWN,0,0,0,0,201342948,24484,0,37.427513122558594,13,,,"{'Type': 'start', 'Data_Type': 'Synthetical', 'Protocol_name': 'ABGv5-5ppb-10RH-75ccm-Anthony-Q425', 'Trial_Details': {'RH': 0, 'group': 35, 'detail': 'N/A', 'trialnum': 23, 'TrialName': '10rh', 'identifier': 'srzyh', 'Concentration': 0}, 'Experiment_Rig': 'DA3'}",,2026-01-19 01:40:51.213,"{'cid': '50887afa-f28e-43cb-ad20-c4bac4e7cd08', 'uuid': '78721ac2-ace3-4b52-bdcf-c79e95c6f8f5', 'annotationId': '2be98d50-2a59-4d82-955b-54fa72a23f06', 'name': 'AmbientSamplingRFC', 'description': 'AmbientSamplingRFC', 'labels': 'AmbientSamplingRFC', 'metadata': {'Length': 30, 'Progress': 0, 'startTime': 1768786848739, 'Notification': 'Event AmbientSamplingRFC Started.'}, 'createdAt': '2026-01-19T01:40:48.964Z', 'createdBy': '5c7b5d9f-c171-4004-a182-4277ffd4c9eb'}",29.75,33.39,2200.0,2199.66,24020116.0,15.0,15.0,22040109.0,1600.0,1598.51,21470060.0,1385.0,1383.8,22450138.0,1800.0,1800.46,22340093.0,0.0,427101.18,25.04,32.63,1009.16
0000000027-4125-asu-nz,0000000018-3024-oms-nz,AmbientSamplingRFC,2be98d50-2a59-4d82-955b-54fa72a23f06,b0d302bf-f0f3-4feb-821a-8083f454e883,1221.2835693359375,487922.4375,199953.859375,8131.92431640625,7132.720703125,26003.650390625,184419.90625,179981.890625,235408.421875,70244.671875,129176.03125,18640.322265625,275865.65625,5540.31982421875,19433.1328125,37221.109375,257691.21875,52661.6171875,193195.859375,20288.044921875,6902.3583984375,13220.1982421875,27492.416015625,45716.42578125,2919183.0,358758.53125,1106026.5,3615188.25,10982238,5585.55712890625,72510.609375,124303032,52259392,21108.44140625,86267.3515625,202299.96875,670953.75,4360.0556640625,2828835.25,1137645.125,63175.30859375,491669.6875,21319.51171875,826155.8125,701.7317504882812,448226.0625,446776.78125,239634.515625,960348.1875,70198.75,77564.4921875,17385.53125,4138.34326171875,276790.53125,15029.2626953125,147471.984375,33009.40234375,405098.15625,1101926.75,58588.875,7257.01220703125,122968.6875,13560.2333984375,609373.75,8376,34.131874084472656,35.743595123291016,0,0,0,0,0,0,0,0,0,0,0,1,0,0,0,0,0,0,0,False,UNKNOWN,0,0,0,0,201342948,24484,0,37.427513122558594,13,,,"{'Type': 'start', 'Data_Type': 'Synthetical', 'Protocol_name': 'ABGv5-5ppb-10RH-75ccm-Anthony-Q425', 'Trial_Details': {'RH': 0, 'group': 35, 'detail': 'N/A', 'trialnum': 23, 'TrialName': '10rh', 'identifier': 'srzyh', 'Concentration': 0}, 'Experiment_Rig': 'DA3'}",,2026-01-19 01:40:51.506,"{'cid': '50887afa-f28e-43cb-ad20-c4bac4e7cd08', 'uuid': '78721ac2-ace3-4b52-bdcf-c79e95c6f8f5', 'annotationId': '2be98d50-2a59-4d82-955b-54fa72a23f06', 'name': 'AmbientSamplingRFC', 'description': 'AmbientSamplingRFC', 'labels': 'AmbientSamplingRFC', 'metadata': {'Length': 30, 'Progress': 0, 'startTime': 1768786848739, 'Notification': 'Event AmbientSamplingRFC Started.'}, 'createdAt': '2026-01-19T01:40:48.964Z', 'createdBy': '5c7b5d9f-c171-4004-a182-4277ffd4c9eb'}",29.75,33.39,2200.0,2199.53,24020116.0,15.0,15.0,22040109.0,1600.0,1598.84,21470060.0,1385.0,1383.77,22450138.0,1800.0,1800.23,22340093.0,0.0,426763.45,25.04,32.63,1009.12
0000000027-4125-asu-nz,0000000018-3024-oms-nz,AmbientSamplingRFC,2be98d50-2a59-4d82-955b-54fa72a23f06,b0d302bf-f0f3-4feb-821a-8083f454e883,1220.81201171875,487732.375,199905.484375,8131.8408203125,7132.4765625,26002.529296875,184426.34375,179939.65625,235568.71875,70249.4921875,129198.2265625,18640.150390625,275932.9375,5534.22412109375,19432.873046875,37216.37890625,258107.234375,52669.26953125,192529.203125,20289.263671875,6902.59326171875,13216.19140625,27493.69140625,45714.13671875,2918055.75,357663.6875,1105299.875,3612999.25,10971060,5585.99365234375,71568.3125,123609400,52393956,21114.75390625,86260.9296875,202363.703125,671105.25,4361.93603515625,2825853.5,1134527.625,63173.359375,491508.09375,21318.939453125,826400.25,702.2871704101562,447959.53125,446694.75,239568.703125,960376.5625,70200.15625,77557.1953125,17387.048828125,4130.75732421875,277001.4375,15036.046875,146906.4375,33006.78515625,405079.46875,1102318.25,58589.20703125,7256.06689453125,122822.25,13558.6591796875,610254.4375,8677,34.05128479003906,35.743595123291016,0,0,0,0,0,0,0,0,0,0,0,1,0,0,0,0,0,0,0,False,UNKNOWN,0,0,0,0,201342948,24484,0,37.427513122558594,13,,,"{'Type': 'start', 'Data_Type': 'Synthetical', 'Protocol_name': 'ABGv5-5ppb-10RH-75ccm-Anthony-Q425', 'Trial_Details': {'RH': 0, 'group': 35, 'detail': 'N/A', 'trialnum': 23, 'TrialName': '10rh', 'identifier': 'srzyh', 'Concentration': 0}, 'Experiment_Rig': 'DA3'}",,2026-01-19 01:40:51.808,"{'cid': '50887afa-f28e-43cb-ad20-c4bac4e7cd08', 'uuid': '78721ac2-ace3-4b52-bdcf-c79e95c6f8f5', 'annotationId': '2be98d50-2a59-4d82-955b-54fa72a23f06', 'name': 'AmbientSamplingRFC', 'description': 'AmbientSamplingRFC', 'labels': 'AmbientSamplingRFC', 'metadata': {'Length': 30, 'Progress': 0, 'startTime': 1768786848739, 'Notification': 'Event AmbientSamplingRFC Started.'}, 'createdAt': '2026-01-19T01:40:48.964Z', 'createdBy': '5c7b5d9f-c171-4004-a182-4277ffd4c9eb'}",29.75,33.4,2200.0,2199.41,24020116.0,15.0,15.01,22040109.0,1600.0,1599.02,21470060.0,1385.0,1384.0,22450138.0,1800.0,1799.94,22340093.0,0.0,426415.34,25.03,32.63,1009.07
0000000027-4125-asu-nz,0000000018-3024-oms-nz,AmbientSamplingRFC,2be98d50-2a59-4d82-955b-54fa72a23f06,b0d302bf-f0f3-4feb-821a-8083f454e883,1221.6126708984375,487774.46875,199910.734375,8131.3623046875,7132.5595703125,26003.029296875,184492.296875,179912.8125,235460.359375,70266.5,129210.625,18640.162109375,275810.875,5530.41259765625,19431.775390625,37225.58984375,258404.09375,52670.015625,192930.90625,20286.705078125,6901.919921875,13219.5576171875,27495.83984375,45714.1484375,2917346.25,358721.125,1105563.125,3610773.75,10958067,5586.0107421875,70283.6015625,123020688,52607832,21115.32421875,86264.625,202339.25,671107.6875,4359.9619140625,2825535.25,1135143.0,63168.33984375,491331.34375,21321.927734375,825934.0625,702.7692260742188,448034.0,446865.8125,239581.828125,959947.5625,70169.0703125,77565.5,17387.900390625,4120.1826171875,277597.6875,15048.240234375,147049.921875,33001.53125,405101.59375,1102732.5,58590.06640625,7257.04150390625,122886.8984375,13559.150390625,609122.125,8978,33.890113830566406,35.582420349121094,0,0,0,0,0,0,0,0,0,0,0,1,0,0,0,0,0,0,0,False,UNKNOWN,0,0,0,0,201342948,24484,0,37.427513122558594,13,,,"{'Type': 'start', 'Data_Type': 'Synthetical', 'Protocol_name': 'ABGv5-5ppb-10RH-75ccm-Anthony-Q425', 'Trial_Details': {'RH': 0, 'group': 35, 'detail': 'N/A', 'trialnum': 23, 'TrialName': '10rh', 'identifier': 'srzyh', 'Concentration': 0}, 'Experiment_Rig': 'DA3'}",,2026-01-19 01:40:52.108,"{'cid': '50887afa-f28e-43cb-ad20-c4bac4e7cd08', 'uuid': '78721ac2-ace3-4b52-bdcf-c79e95c6f8f5', 'annotationId': '2be98d50-2a59-4d82-955b-54fa72a23f06', 'name': 'AmbientSamplingRFC', 'description': 'AmbientSamplingRFC', 'labels': 'AmbientSamplingRFC', 'metadata': {'Length': 30, 'Progress': 0, 'startTime': 1768786848739, 'Notification': 'Event AmbientSamplingRFC Started.'}, 'createdAt': '2026-01-19T01:40:48.964Z', 'createdBy': '5c7b5d9f-c171-4004-a182-4277ffd4c9eb'}",29.74,33.4,2200.0,2199.34,24020116.0,15.0,15.01,22040109.0,1600.0,1598.97,21470060.0,1385.0,1384.59,22450138.0,1800.0,1799.58,22340093.0,0.0,426069.55,25.03,32.63,1009.03
0000000027-4125-asu-nz,0000000018-3024-oms-nz,AmbientSamplingRFC,2be98d50-2a59-4d82-955b-54fa72a23f06,b0d302bf-f0f3-4feb-821a-8083f454e883,1219.9945068359375,487883.1875,199878.3125,8131.28369140625,7132.47412109375,26002.3125,184552.875,179924.6875,235506.3125,70263.578125,129229.7109375,18640.521484375,275811.9375,5521.55712890625,19434.0234375,37237.796875,258338.6875,52662.12890625,192763.5625,20289.005859375,6902.57958984375,13229.5634765625,27495.970703125,45719.75,2917575.75,357513.84375,1102224.875,3611426.75,10954493,5586.02978515625,70797.171875,122910184,52885272,21111.404296875,86243.28125,202340.34375,671112.0,4361.14599609375,2826862.75,1134249.375,63165.72265625,491350.78125,21321.11328125,826011.0625,701.8165283203125,447927.46875,446665.8125,239577.796875,958779.125,70208.5234375,77560.765625,17387.69921875,4133.19091796875,277699.8125,15007.638671875,146504.421875,33006.2421875,405034.15625,1103034.125,58594.9140625,7257.65087890625,122906.5078125,13543.251953125,609101.0625,9279,33.970699310302734,35.582420349121094,0,0,0,0,0,0,0,0,0,0,0,1,0,0,0,0,0,0,0,False,UNKNOWN,0,0,0,0,201347981,24484,0,38.05615997314453,13,,,"{'Type': 'start', 'Data_Type': 'Synthetical', 'Protocol_name': 'ABGv5-5ppb-10RH-75ccm-Anthony-Q425', 'Trial_Details': {'RH': 0, 'group': 35, 'detail': 'N/A', 'trialnum': 23, 'TrialName': '10rh', 'identifier': 'srzyh', 'Concentration': 0}, 'Experiment_Rig': 'DA3'}",,2026-01-19 01:40:52.409,"{'cid': '50887afa-f28e-43cb-ad20-c4bac4e7cd08', 'uuid': '78721ac2-ace3-4b52-bdcf-c79e95c6f8f5', 'annotationId': '2be98d50-2a59-4d82-955b-54fa72a23f06', 'name': 'AmbientSamplingRFC', 'description': 'AmbientSamplingRFC', 'labels': 'AmbientSamplingRFC', 'metadata': {'Length': 30, 'Progress': 0, 'startTime': 1768786848739, 'Notification': 'Event AmbientSamplingRFC Started.'}, 'createdAt': '2026-01-19T01:40:48.964Z', 'createdBy': '5c7b5d9f-c171-4004-a182-4277ffd4c9eb'}",29.74,33.41,2200.0,2199.27,24020116.0,15.0,15.01,22040109.0,1600.0,1598.93,21470060.0,1385.0,1385.19,22450138.0,1800.0,1799.23,22340093.0,0.0,425852.99,25.03,32.63,1009.02
0000000027-4125-asu-nz,0000000018-3024-oms-nz,AmbientSamplingRFC,2be98d50-2a59-4d82-955b-54fa72a23f06,b0d302bf-f0f3-4feb-821a-8083f454e883,1220.9119873046875,487566.84375,199892.875,8131.74365234375,7132.298828125,26002.103515625,184439.828125,179930.796875,235353.640625,70204.921875,129243.65625,18640.591796875,275458.25,5523.29833984375,19434.677734375,37238.265625,258364.21875,52665.55078125,192095.453125,20281.07421875,6902.412109375,13226.8759765625,27495.322265625,45730.5234375,2920622.0,357508.21875,1101088.75,3613858.5,10959647,5586.25341796875,72451.40625,123077496,53159948,21109.162109375,86266.3359375,202266.53125,671179.75,4360.982421875,2830160.75,1132965.875,63162.27734375,491471.8125,21322.4296875,825808.3125,703.0424194335938,448135.75,446881.71875,239556.859375,957580.375,70182.21875,77567.515625,17389.91796875,4134.1357421875,277532.5625,15057.9365234375,146853.1875,33002.9296875,405267.53125,1102424.375,58586.11328125,7257.7158203125,122867.65625,13550.404296875,609047.5,9580,33.890113830566406,35.582420349121094,0,0,0,0,0,0,0,0,0,0,0,1,0,0,0,0,0,0,0,False,UNKNOWN,0,0,0,0,201347981,24484,0,38.05615997314453,13,,,"{'Type': 'start', 'Data_Type': 'Synthetical', 'Protocol_name': 'ABGv5-5ppb-10RH-75ccm-Anthony-Q425', 'Trial_Details': {'RH': 0, 'group': 35, 'detail': 'N/A', 'trialnum': 23, 'TrialName': '10rh', 'identifier': 'srzyh', 'Concentration': 0}, 'Experiment_Rig': 'DA3'}",,2026-01-19 01:40:52.715,"{'cid': '50887afa-f28e-43cb-ad20-c4bac4e7cd08', 'uuid': '78721ac2-ace3-4b52-bdcf-c79e95c6f8f5', 'annotationId': '2be98d50-2a59-4d82-955b-54fa72a23f06', 'name': 'AmbientSamplingRFC', 'description': 'AmbientSamplingRFC', 'labels': 'AmbientSamplingRFC', 'metadata': {'Length': 30, 'Progress': 0, 'startTime': 1768786848739, 'Notification': 'Event AmbientSamplingRFC Started.'}, 'createdAt': '2026-01-19T01:40:48.964Z', 'createdBy': '5c7b5d9f-c171-4004-a182-4277ffd4c9eb'}",29.74,33.41,2200.0,2199.25,24020116.0,15.0,15.01,22040109.0,1600.0,1598.88,21470060.0,1385.0,1385.76,22450138.0,1800.0,1798.9,22340093.0,0.0,425642.78,25.02,32.63,1009.01
0000000027-4125-asu-nz,0000000018-3024-oms-nz,AmbientSamplingRFC,2be98d50-2a59-4d82-955b-54fa72a23f06,b0d302bf-f0f3-4feb-821a-8083f454e883,1221.0780029296875,487786.78125,199908.8125,8131.84130859375,7132.888671875,26002.947265625,184498.984375,179972.390625,235784.359375,70196.1640625,129247.2109375,18640.427734375,275880.90625,5534.17919921875,19434.974609375,37239.953125,258191.34375,52661.31640625,192518.453125,20282.9765625,6902.21142578125,13227.8408203125,27496.767578125,45735.7578125,2923153.25,357960.15625,1103303.375,3616499.0,10972008,5586.6650390625,72377.3671875,123548816,53411588,21118.5703125,86265.0546875,202283.828125,671229.0,4359.53564453125,2825468.0,1132874.75,63161.8984375,490888.78125,21321.513671875,826635.875,702.9005126953125,447960.21875,446647.3125,239567.46875,956566.3125,70160.09375,77551.75,17390.185546875,4132.68017578125,277053.75,15044.794921875,147000.9375,32999.76171875,404958.96875,1101710.25,58583.3125,7257.15625,122933.4375,13548.4794921875,609395.375,9881,33.80952835083008,35.66300582885742,0,0,0,0,0,0,0,0,0,0,0,1,0,0,0,0,0,0,0,False,UNKNOWN,0,0,0,0,201347981,24484,0,38.05615997314453,13,,,"{'Type': 'start', 'Data_Type': 'Synthetical', 'Protocol_name': 'ABGv5-5ppb-10RH-75ccm-Anthony-Q425', 'Trial_Details': {'RH': 0, 'group': 35, 'detail': 'N/A', 'trialnum': 23, 'TrialName': '10rh', 'identifier': 'srzyh', 'Concentration': 0}, 'Experiment_Rig': 'DA3'}",,2026-01-19 01:40:53.011,"{'cid': '50887afa-f28e-43cb-ad20-c4bac4e7cd08', 'uuid': '78721ac2-ace3-4b52-bdcf-c79e95c6f8f5', 'annotationId': '2be98d50-2a59-4d82-955b-54fa72a23f06', 'name': 'AmbientSamplingRFC', 'description': 'AmbientSamplingRFC', 'labels': 'AmbientSamplingRFC', 'metadata': {'Length': 30, 'Progress': 0, 'startTime': 1768786848739, 'Notification': 'Event AmbientSamplingRFC Started.'}, 'createdAt': '2026-01-19T01:40:48.964Z', 'createdBy': '5c7b5d9f-c171-4004-a182-4277ffd4c9eb'}",29.75,33.41,2200.0,2199.95,24020116.0,15.0,15.02,22040109.0,1600.0,1598.9,21470060.0,1385.0,1385.78,22450138.0,1800.0,1799.2,22340093.0,0.0,425439.45,25.01,32.63,1009.01
0000000027-4125-asu-nz,0000000018-3024-oms-nz,AmbientSamplingRFC,2be98d50-2a59-4d82-955b-54fa72a23f06,b0d302bf-f0f3-4feb-821a-8083f454e883,1220.5946044921875,488329.03125,199923.59375,8132.3974609375,7132.79443359375,26003.7265625,184489.0625,179964.5,236136.515625,70346.1171875,129248.0703125,18642.080078125,275206.3125,5532.5205078125,19436.015625,37227.78515625,258211.640625,52672.54296875,192727.0,20280.056640625,6902.3388671875,13201.578125,27498.634765625,45736.90234375,2924690.75,356527.4375,1103929.0,3618231.75,10980480,5586.4228515625,71744.0703125,124075032,53589668,21113.53125,86259.1640625,202257.703125,671193.125,4359.5205078125,2823970.0,1131007.375,63162.0234375,491075.21875,21320.095703125,826388.0,702.0851440429688,448330.875,446715.0625,239573.671875,955891.5,70159.9921875,77542.1328125,17389.794921875,4140.76220703125,277070.46875,15032.0771484375,146583.21875,32996.8515625,404838.1875,1101091.125,58580.1015625,7257.51708984375,123071.5859375,13545.2724609375,609276.4375,10182,33.970699310302734,35.501834869384766,0,0,0,0,0,0,0,0,0,0,0,1,0,0,0,0,0,0,0,False,UNKNOWN,0,0,0,0,201347981,24484,0,38.05615997314453,13,,,"{'Type': 'start', 'Data_Type': 'Synthetical', 'Protocol_name': 'ABGv5-5ppb-10RH-75ccm-Anthony-Q425', 'Trial_Details': {'RH': 0, 'group': 35, 'detail': 'N/A', 'trialnum': 23, 'TrialName': '10rh', 'identifier': 'srzyh', 'Concentration': 0}, 'Experiment_Rig': 'DA3'}",,2026-01-19 01:40:53.315,"{'cid': '50887afa-f28e-43cb-ad20-c4bac4e7cd08', 'uuid': '78721ac2-ace3-4b52-bdcf-c79e95c6f8f5', 'annotationId': '2be98d50-2a59-4d82-955b-54fa72a23f06', 'name': 'AmbientSamplingRFC', 'description': 'AmbientSamplingRFC', 'labels': 'AmbientSamplingRFC', 'metadata': {'Length': 30, 'Progress': 0, 'startTime': 1768786848739, 'Notification': 'Event AmbientSamplingRFC Started.'}, 'createdAt': '2026-01-19T01:40:48.964Z', 'createdBy': '5c7b5d9f-c171-4004-a182-4277ffd4c9eb'}",29.76,33.42,2200.0,2200.68,24020116.0,15.0,15.02,22040109.0,1600.0,1598.93,21470060.0,1385.0,1385.81,22450138.0,1800.0,1799.51,22340093.0,0.0,425305.11,25.01,32.63,1009.0
0000000027-4125-asu-nz,0000000018-3024-oms-nz,AmbientSamplingRFC,2be98d50-2a59-4d82-955b-54fa72a23f06,b0d302bf-f0f3-4feb-821a-8083f454e883,1221.6422119140625,488238.84375,199984.46875,8131.5185546875,7132.763671875,26005.169921875,184478.265625,179966.953125,236181.921875,70246.5859375,129270.9921875,18641.52734375,275266.8125,5524.2236328125,19438.15625,37226.62109375,258667.65625,52662.17578125,193088.40625,20287.984375,6901.8173828125,13200.29296875,27497.494140625,45734.26953125,2927075.5,355758.9375,1104844.75,3619861.0,10990727,5585.833984375,71455.28125,124806688,53663372,21114.869140625,86272.9375,202262.421875,670914.0,4360.8037109375,2823055.75,1131546.875,63170.5234375,491383.3125,21321.67578125,825172.8125,702.3150634765625,448166.8125,447276.0625,239606.375,955543.8125,70157.65625,77558.6875,17383.388671875,4128.9365234375,276734.59375,15028.529296875,147004.390625,33000.890625,404762.9375,1100485.625,58584.2421875,7256.7021484375,123112.09375,13550.5322265625,607149.0,10483,33.970699310302734,35.66300582885742,0,0,0,0,0,0,0,0,0,0,0,1,0,0,0,0,0,0,0,False,UNKNOWN,0,0,0,0,201347981,24484,0,38.05615997314453,13,,,"{'Type': 'start', 'Data_Type': 'Synthetical', 'Protocol_name': 'ABGv5-5ppb-10RH-75ccm-Anthony-Q425', 'Trial_Details': {'RH': 0, 'group': 35, 'detail': 'N/A', 'trialnum': 23, 'TrialName': '10rh', 'identifier': 'srzyh', 'Concentration': 0}, 'Experiment_Rig': 'DA3'}",,2026-01-19 01:40:53.613,"{'cid': '50887afa-f28e-43cb-ad20-c4bac4e7cd08', 'uuid': '78721ac2-ace3-4b52-bdcf-c79e95c6f8f5', 'annotationId': '2be98d50-2a59-4d82-955b-54fa72a23f06', 'name': 'AmbientSamplingRFC', 'description': 'AmbientSamplingRFC', 'labels': 'AmbientSamplingRFC', 'metadata': {'Length': 30, 'Progress': 0, 'startTime': 1768786848739, 'Notification': 'Event AmbientSamplingRFC Started.'}, 'createdAt': '2026-01-19T01:40:48.964Z', 'createdBy': '5c7b5d9f-c171-4004-a182-4277ffd4c9eb'}",29.76,33.42,2200.0,2201.39,24020116.0,15.0,15.02,22040109.0,1600.0,1598.95,21470060.0,1385.0,1385.83,22450138.0,1800.0,1799.82,22340093.0,0.0,425922.62,25.01,32.63,1009.01
0000000027-4125-asu-nz,0000000018-3024-oms-nz,AmbientSamplingRFC,2be98d50-2a59-4d82-955b-54fa72a23f06,b0d302bf-f0f3-4feb-821a-8083f454e883,1221.671875,488488.6875,199993.125,8131.49853515625,7132.9130859375,26005.625,184446.890625,180004.796875,236310.296875,70351.4765625,129273.6171875,18640.453125,276336.53125,5541.23681640625,19438.59375,37224.0546875,258673.375,52651.15625,192749.078125,20287.93359375,6902.15771484375,13220.1953125,27498.677734375,45725.6328125,2929154.0,357708.96875,1105577.75,3621137.75,11005712,5587.2197265625,71440.59375,125601880,53634672,21119.861328125,86258.0703125,202239.921875,670753.4375,4359.70458984375,2820615.25,1134514.375,63186.74609375,491623.3125,21323.20703125,824171.625,702.1381225585938,448551.3125,446987.78125,239663.40625,955309.5,70163.8828125,77553.03125,17390.81640625,4134.724609375,276672.34375,15027.83203125,147090.265625,32998.0625,404807.03125,1099954.0,58574.796875,7256.45458984375,123056.625,13550.42578125,608524.8125,10784,33.890113830566406,35.66300582885742,0,0,0,0,0,0,0,0,0,0,0,1,0,0,0,0,0,0,0,False,UNKNOWN,0,0,0,0,201347981,24484,0,38.05615997314453,13,,,"{'Type': 'start', 'Data_Type': 'Synthetical', 'Protocol_name': 'ABGv5-5ppb-10RH-75ccm-Anthony-Q425', 'Trial_Details': {'RH': 0, 'group': 35, 'detail': 'N/A', 'trialnum': 23, 'TrialName': '10rh', 'identifier': 'srzyh', 'Concentration': 0}, 'Experiment_Rig': 'DA3'}",,2026-01-19 01:40:53.914,"{'cid': '50887afa-f28e-43cb-ad20-c4bac4e7cd08', 'uuid': '78721ac2-ace3-4b52-bdcf-c79e95c6f8f5', 'annotationId': '2be98d50-2a59-4d82-955b-54fa72a23f06', 'name': 'AmbientSamplingRFC', 'description': 'AmbientSamplingRFC', 'labels': 'AmbientSamplingRFC', 'metadata': {'Length': 30, 'Progress': 0, 'startTime': 1768786848739, 'Notification': 'Event AmbientSamplingRFC Started.'}, 'createdAt': '2026-01-19T01:40:48.964Z', 'createdBy': '5c7b5d9f-c171-4004-a182-4277ffd4c9eb'}",29.76,33.41,2200.0,2201.44,24020116.0,15.0,15.02,22040109.0,1600.0,1598.94,21470060.0,1385.0,1385.86,22450138.0,1800.0,1799.85,22340093.0,0.0,426546.35,25.01,32.63,1009.02
0000000027-4125-asu-nz,0000000018-3024-oms-nz,AmbientSamplingRFC,2be98d50-2a59-4d82-955b-54fa72a23f06,b0d302bf-f0f3-4feb-821a-8083f454e883,1221.78515625,488695.53125,199999.328125,8131.6650390625,7132.98779296875,26006.224609375,184506.671875,180049.765625,235820.359375,70284.40625,129285.4296875,18641.490234375,276485.1875,5525.33251953125,19434.865234375,37233.56640625,257843.6875,52644.95703125,193875.765625,20286.52734375,6901.5126953125,13197.755859375,27497.158203125,45730.703125,2932369.5,355962.5,1104366.375,3621816.75,11025887,5585.97998046875,71125.015625,126523760,53502656,21122.65625,86262.9921875,202188.78125,670616.5,4360.20068359375,2817489.75,1134067.0,63191.984375,491222.09375,21324.638671875,825588.3125,702.1571655273438,448613.34375,446572.875,239674.046875,955504.25,70179.296875,77603.6640625,17385.224609375,4137.2041015625,277140.125,15014.3876953125,147459.875,32996.83203125,404915.9375,1099575.25,58575.68359375,7256.71240234375,123095.609375,13559.595703125,606787.1875,11085,33.970699310302734,35.66300582885742,0,0,0,0,0,0,0,0,0,0,0,1,0,0,0,0,0,0,0,False,UNKNOWN,0,0,0,0,201347981,24484,0,38.05615997314453,13,,,"{'Type': 'start', 'Data_Type': 'Synthetical', 'Protocol_name': 'ABGv5-5ppb-10RH-75ccm-Anthony-Q425', 'Trial_Details': {'RH': 0, 'group': 35, 'detail': 'N/A', 'trialnum': 23, 'TrialName': '10rh', 'identifier': 'srzyh', 'Concentration': 0}, 'Experiment_Rig': 'DA3'}",,2026-01-19 01:40:54.215,"{'cid': '50887afa-f28e-43cb-ad20-c4bac4e7cd08', 'uuid': '78721ac2-ace3-4b52-bdcf-c79e95c6f8f5', 'annotationId': '2be98d50-2a59-4d82-955b-54fa72a23f06', 'name': 'AmbientSamplingRFC', 'description': 'AmbientSamplingRFC', 'labels': 'AmbientSamplingRFC', 'metadata': {'Length': 30, 'Progress': 0, 'startTime': 1768786848739, 'Notification': 'Event AmbientSamplingRFC Started.'}, 'createdAt': '2026-01-19T01:40:48.964Z', 'createdBy': '5c7b5d9f-c171-4004-a182-4277ffd4c9eb'}",29.75,33.41,2200.0,2201.21,24020116.0,15.0,15.03,22040109.0,1600.0,1598.92,21470060.0,1385.0,1385.88,22450138.0,1800.0,1799.76,22340093.0,0.0,427170.09,25.01,32.63,1009.03
0000000027-4125-asu-nz,0000000018-3024-oms-nz,AmbientSamplingRFC,2be98d50-2a59-4d82-955b-54fa72a23f06,b0d302bf-f0f3-4feb-821a-8083f454e883,1220.705078125,489031.0625,199992.703125,8131.80029296875,7132.9697265625,26006.126953125,184468.125,180043.796875,235851.03125,70270.9921875,129263.296875,18641.712890625,275949.53125,5539.63720703125,19436.734375,37237.75,258382.46875,52644.9375,194311.515625,20287.072265625,6901.5908203125,13194.376953125,27497.431640625,45729.890625,2934028.5,357391.0,1103917.375,3621797.0,11031070,5585.23095703125,70302.1796875,126938544,53286000,21120.33203125,86246.75,202198.09375,670537.9375,4359.5595703125,2814792.5,1134483.375,63194.0234375,491925.09375,21324.18359375,825332.9375,702.160888671875,448530.625,447006.125,239697.53125,956271.375,70172.609375,77565.2734375,17383.86328125,4129.0576171875,276964.5,15032.6572265625,147311.46875,33002.1640625,404930.53125,1099292.125,58572.6875,7256.6435546875,123130.1640625,13557.5283203125,607276.0,11386,33.970699310302734,35.743595123291016,0,0,0,0,0,0,0,0,0,0,0,1,0,0,0,0,0,0,0,False,UNKNOWN,0,0,0,0,201347981,24484,0,38.05615997314453,13,,,"{'Type': 'start', 'Data_Type': 'Synthetical', 'Protocol_name': 'ABGv5-5ppb-10RH-75ccm-Anthony-Q425', 'Trial_Details': {'RH': 0, 'group': 35, 'detail': 'N/A', 'trialnum': 23, 'TrialName': '10rh', 'identifier': 'srzyh', 'Concentration': 0}, 'Experiment_Rig': 'DA3'}",,2026-01-19 01:40:54.516,"{'cid': '50887afa-f28e-43cb-ad20-c4bac4e7cd08', 'uuid': '78721ac2-ace3-4b52-bdcf-c79e95c6f8f5', 'annotationId': '2be98d50-2a59-4d82-955b-54fa72a23f06', 'name': 'AmbientSamplingRFC', 'description': 'AmbientSamplingRFC', 'labels': 'AmbientSamplingRFC', 'metadata': {'Length': 30, 'Progress': 0, 'startTime': 1768786848739, 'Notification': 'Event AmbientSamplingRFC Started.'}, 'createdAt': '2026-01-19T01:40:48.964Z', 'createdBy': '5c7b5d9f-c171-4004-a182-4277ffd4c9eb'}",29.75,33.4,2200.0,2200.99,24020116.0,15.0,15.03,22040109.0,1600.0,1598.9,21470060.0,1385.0,1385.9,22450138.0,1800.0,1799.66,22340093.0,0.0,427578.26,25.01,32.63,1009.04
0000000027-4125-asu-nz,0000000018-3024-oms-nz,AmbientSamplingRFC,2be98d50-2a59-4d82-955b-54fa72a23f06,b0d302bf-f0f3-4feb-821a-8083f454e883,1219.893310546875,488701.25,200003.40625,8131.88037109375,7133.0498046875,26007.30859375,184486.421875,180046.03125,236056.75,70218.6171875,129268.0625,18639.72265625,276797.8125,5544.640625,19437.068359375,37235.484375,258349.890625,52651.328125,194947.5,20295.521484375,6901.3935546875,13233.505859375,27495.708984375,45718.3828125,2933640.0,358042.5,1101047.25,3622314.25,11036917,5585.91357421875,69521.53125,127195856,53000528,21120.1640625,86256.921875,202216.09375,670540.375,4360.01318359375,2814496.25,1135637.375,63197.43359375,492004.90625,21326.611328125,825185.0,702.2897338867188,448491.09375,446997.84375,239739.5625,957321.375,70208.0703125,77583.5625,17383.7109375,4132.40478515625,276841.875,15031.5439453125,148429.40625,33000.09375,404799.46875,1099309.75,58571.25390625,7257.2294921875,122942.5703125,13557.494140625,606330.5625,11687,33.970699310302734,35.501834869384766,0,0,0,0,0,0,0,0,0,0,0,1,0,0,0,0,0,0,0,False,UNKNOWN,0,0,0,0,201347981,24484,0,38.05615997314453,13,,,"{'Type': 'start', 'Data_Type': 'Synthetical', 'Protocol_name': 'ABGv5-5ppb-10RH-75ccm-Anthony-Q425', 'Trial_Details': {'RH': 0, 'group': 35, 'detail': 'N/A', 'trialnum': 23, 'TrialName': '10rh', 'identifier': 'srzyh', 'Concentration': 0}, 'Experiment_Rig': 'DA3'}",,2026-01-19 01:40:54.817,"{'cid': '50887afa-f28e-43cb-ad20-c4bac4e7cd08', 'uuid': '78721ac2-ace3-4b52-bdcf-c79e95c6f8f5', 'annotationId': '2be98d50-2a59-4d82-955b-54fa72a23f06', 'name': 'AmbientSamplingRFC', 'description': 'AmbientSamplingRFC', 'labels': 'AmbientSamplingRFC', 'metadata': {'Length': 30, 'Progress': 0, 'startTime': 1768786848739, 'Notification': 'Event AmbientSamplingRFC Started.'}, 'createdAt': '2026-01-19T01:40:48.964Z', 'createdBy': '5c7b5d9f-c171-4004-a182-4277ffd4c9eb'}",29.75,33.39,2200.0,2200.76,24020116.0,15.0,15.03,22040109.0,1600.0,1598.97,21470060.0,1385.0,1385.86,22450138.0,1800.0,1799.6,22340093.0,0.0,427288.14,25.01,32.63,1009.03
0000000027-4125-asu-nz,0000000018-3024-oms-nz,AmbientSamplingRFC,2be98d50-2a59-4d82-955b-54fa72a23f06,b0d302bf-f0f3-4feb-821a-8083f454e883,1221.224853515625,488748.03125,200021.796875,8131.77294921875,7132.77001953125,26005.22265625,184484.703125,180022.53125,235851.359375,70327.3359375,129238.5078125,18640.376953125,275196.125,5550.18115234375,19436.396484375,37234.390625,258310.515625,52647.25,193975.40625,20285.140625,6902.09375,13197.0224609375,27495.69921875,45723.43359375,2930675.5,357730.46875,1099960.625,3621669.0,11037107,5586.099609375,70207.96875,127225064,52724400,21119.158203125,86262.40625,202228.625,670521.0625,4361.47412109375,2812871.75,1135191.75,63194.12109375,492409.8125,21328.029296875,825861.6875,701.0225830078125,448570.59375,447235.8125,239747.90625,958628.0625,70177.8359375,77583.375,17387.361328125,4134.91748046875,277176.1875,15046.2646484375,147617.9375,33001.203125,405065.875,1099939.875,58566.33203125,7257.173828125,122876.65625,13570.3671875,607595.25,11988,33.970699310302734,35.743595123291016,0,0,0,0,0,0,0,0,0,0,0,1,0,0,0,0,0,0,0,False,UNKNOWN,0,0,0,0,201347981,24484,0,38.05615997314453,13,,,"{'Type': 'start', 'Data_Type': 'Synthetical', 'Protocol_name': 'ABGv5-5ppb-10RH-75ccm-Anthony-Q425', 'Trial_Details': {'RH': 0, 'group': 35, 'detail': 'N/A', 'trialnum': 23, 'TrialName': '10rh', 'identifier': 'srzyh', 'Concentration': 0}, 'Experiment_Rig': 'DA3'}",,2026-01-19 01:40:55.119,"{'cid': '50887afa-f28e-43cb-ad20-c4bac4e7cd08', 'uuid': '78721ac2-ace3-4b52-bdcf-c79e95c6f8f5', 'annotationId': '2be98d50-2a59-4d82-955b-54fa72a23f06', 'name': 'AmbientSamplingRFC', 'description': 'AmbientSamplingRFC', 'labels': 'AmbientSamplingRFC', 'metadata': {'Length': 30, 'Progress': 0, 'startTime': 1768786848739, 'Notification': 'Event AmbientSamplingRFC Started.'}, 'createdAt': '2026-01-19T01:40:48.964Z', 'createdBy': '5c7b5d9f-c171-4004-a182-4277ffd4c9eb'}",29.75,33.38,2200.0,2200.53,24020116.0,15.0,15.03,22040109.0,1600.0,1599.23,21470060.0,1385.0,1385.66,22450138.0,1800.0,1799.6,22340093.0,0.0,426997.05,25.02,32.63,1009.03
0000000027-4125-asu-nz,0000000018-3024-oms-nz,AmbientSamplingRFC,2be98d50-2a59-4d82-955b-54fa72a23f06,b0d302bf-f0f3-4feb-821a-8083f454e883,1221.556884765625,488695.53125,199999.96875,8131.423828125,7132.24658203125,26005.87890625,184549.328125,180014.75,236012.078125,70315.71875,129225.3515625,18640.775390625,276482.6875,5526.08251953125,19435.849609375,37236.34765625,258059.375,52657.921875,194175.671875,20285.7109375,6902.54052734375,13201.447265625,27496.263671875,45727.0859375,2926404.0,359214.9375,1099896.75,3620528.5,11032370,5585.90478515625,70036.46875,126684768,52490916,21122.58984375,86287.65625,202223.328125,670529.1875,4361.439453125,2812758.5,1135657.0,63195.76953125,492280.53125,21328.673828125,825847.1875,702.4349365234375,448767.1875,447186.53125,239739.703125,959843.0,70183.578125,77541.4765625,17385.05078125,4137.80908203125,277445.21875,15049.8095703125,146543.46875,33007.87890625,405047.9375,1100539.0,58573.6875,7257.10498046875,122990.4921875,13560.3427734375,606553.375,12289,33.970699310302734,35.743595123291016,0,0,0,0,0,0,0,0,0,0,0,1,0,0,0,0,0,0,0,False,UNKNOWN,0,0,0,0,201347981,24484,0,38.05615997314453,13,,,"{'Type': 'start', 'Data_Type': 'Synthetical', 'Protocol_name': 'ABGv5-5ppb-10RH-75ccm-Anthony-Q425', 'Trial_Details': {'RH': 0, 'group': 35, 'detail': 'N/A', 'trialnum': 23, 'TrialName': '10rh', 'identifier': 'srzyh', 'Concentration': 0}, 'Experiment_Rig': 'DA3'}",,2026-01-19 01:40:55.419,"{'cid': '50887afa-f28e-43cb-ad20-c4bac4e7cd08', 'uuid': '78721ac2-ace3-4b52-bdcf-c79e95c6f8f5', 'annotationId': '2be98d50-2a59-4d82-955b-54fa72a23f06', 'name': 'AmbientSamplingRFC', 'description': 'AmbientSamplingRFC', 'labels': 'AmbientSamplingRFC', 'metadata': {'Length': 30, 'Progress': 0, 'startTime': 1768786848739, 'Notification': 'Event AmbientSamplingRFC Started.'}, 'createdAt': '2026-01-19T01:40:48.964Z', 'createdBy': '5c7b5d9f-c171-4004-a182-4277ffd4c9eb'}",29.75,33.37,2200.0,2200.31,24020116.0,15.0,15.03,22040109.0,1600.0,1599.5,21470060.0,1385.0,1385.47,22450138.0,1800.0,1799.6,22340093.0,0.0,426707.9,25.02,32.63,1009.02
0000000027-4125-asu-nz,0000000018-3024-oms-nz,AmbientSamplingRFC,2be98d50-2a59-4d82-955b-54fa72a23f06,b0d302bf-f0f3-4feb-821a-8083f454e883,1220.548095703125,488246.3125,199966.6875,8131.5224609375,7132.52734375,26002.88671875,184482.953125,179987.5,235942.53125,70261.9453125,129220.90625,18641.02734375,275237.3125,5552.08935546875,19433.005859375,37227.25390625,258423.46875,52664.828125,194731.1875,20291.625,6902.06982421875,13193.7744140625,27498.09375,45725.296875,2922030.0,358472.875,1095641.5,3617558.75,11019610,5585.59423828125,69307.703125,125329320,52246852,21122.876953125,86273.203125,202300.875,670825.0625,4361.70361328125,2813444.25,1134470.5,63192.55859375,492146.90625,21325.400390625,826061.375,702.66259765625,448217.53125,447311.21875,239651.890625,960892.8125,70179.6796875,77612.328125,17394.09375,4143.43310546875,276835.25,15018.6298828125,146693.15625,33013.7578125,405235.46875,1102057.5,58590.90234375,7258.0703125,123015.7734375,13562.705078125,608401.625,12891,34.131874084472656,35.743595123291016,0,0,0,0,0,0,0,0,0,0,0,1,0,0,0,0,0,0,0,False,UNKNOWN,0,0,0,0,201347981,24484,0,38.05615997314453,13,,,"{'Type': 'start', 'Data_Type': 'Synthetical', 'Protocol_name': 'ABGv5-5ppb-10RH-75ccm-Anthony-Q425', 'Trial_Details': {'RH': 0, 'group': 35, 'detail': 'N/A', 'trialnum': 23, 'TrialName': '10rh', 'identifier': 'srzyh', 'Concentration': 0}, 'Experiment_Rig': 'DA3'}",,2026-01-19 01:40:56.021,"{'cid': '50887afa-f28e-43cb-ad20-c4bac4e7cd08', 'uuid': '78721ac2-ace3-4b52-bdcf-c79e95c6f8f5', 'annotationId': '2be98d50-2a59-4d82-955b-54fa72a23f06', 'name': 'AmbientSamplingRFC', 'description': 'AmbientSamplingRFC', 'labels': 'AmbientSamplingRFC', 'metadata': {'Length': 30, 'Progress': 0, 'startTime': 1768786848739, 'Notification': 'Event AmbientSamplingRFC Started.'}, 'createdAt': '2026-01-19T01:40:48.964Z', 'createdBy': '5c7b5d9f-c171-4004-a182-4277ffd4c9eb'}",29.75,33.37,2200.0,2200.02,24020116.0,15.0,15.01,22040109.0,1600.0,1600.02,21470060.0,1385.0,1384.83,22450138.0,1800.0,1799.79,22340093.0,0.0,426901.16,25.02,32.63,1009.02
0000000027-4125-asu-nz,0000000018-3024-oms-nz,AmbientSamplingRFC,2be98d50-2a59-4d82-955b-54fa72a23f06,b0d302bf-f0f3-4feb-821a-8083f454e883,1221.0372314453125,488666.8125,199938.203125,8131.2861328125,7132.619140625,26002.666015625,184506.359375,179975.40625,235597.890625,70349.734375,129215.3359375,18640.734375,275492.65625,5524.89404296875,19432.669921875,37227.0078125,258280.015625,52673.83984375,193493.40625,20289.923828125,6901.90185546875,13193.798828125,27501.130859375,45731.51171875,2919524.0,357565.65625,1096294.75,3615636.75,11001830,5586.76708984375,67969.9140625,124454440,52290236,21125.646484375,86280.921875,202292.484375,671000.25,4360.759765625,2818175.5,1133073.25,63181.328125,491922.375,21327.8515625,826716.6875,701.9844360351562,448141.96875,446971.84375,239654.28125,961065.0625,70228.9609375,77577.28125,17383.9921875,4140.5673828125,276792.75,15028.271484375,147530.546875,33010.7734375,405144.34375,1102759.25,58584.6953125,7257.53955078125,122984.7109375,13555.7578125,608933.125,13192,34.05128479003906,35.66300582885742,0,0,0,0,0,0,0,0,0,0,0,1,0,0,0,0,0,0,0,False,UNKNOWN,0,0,0,0,201347981,24484,0,38.05615997314453,13,,,"{'Type': 'start', 'Data_Type': 'Synthetical', 'Protocol_name': 'ABGv5-5ppb-10RH-75ccm-Anthony-Q425', 'Trial_Details': {'RH': 0, 'group': 35, 'detail': 'N/A', 'trialnum': 23, 'TrialName': '10rh', 'identifier': 'srzyh', 'Concentration': 0}, 'Experiment_Rig': 'DA3'}",,2026-01-19 01:40:56.322,"{'cid': '50887afa-f28e-43cb-ad20-c4bac4e7cd08', 'uuid': '78721ac2-ace3-4b52-bdcf-c79e95c6f8f5', 'annotationId': '2be98d50-2a59-4d82-955b-54fa72a23f06', 'name': 'AmbientSamplingRFC', 'description': 'AmbientSamplingRFC', 'labels': 'AmbientSamplingRFC', 'metadata': {'Length': 30, 'Progress': 0, 'startTime': 1768786848739, 'Notification': 'Event AmbientSamplingRFC Started.'}, 'createdAt': '2026-01-19T01:40:48.964Z', 'createdBy': '5c7b5d9f-c171-4004-a182-4277ffd4c9eb'}",29.75,33.37,2200.0,2199.95,24020116.0,15.0,14.99,22040109.0,1600.0,1600.28,21470060.0,1385.0,1384.38,22450138.0,1800.0,1799.98,22340093.0,0.0,427109.6,25.03,32.63,1009.03
0000000027-4125-asu-nz,0000000018-3024-oms-nz,AmbientSamplingRFC,2be98d50-2a59-4d82-955b-54fa72a23f06,b0d302bf-f0f3-4feb-821a-8083f454e883,1220.5513916015625,488527.0625,199920.21875,8131.421875,7132.7578125,26001.369140625,184463.78125,179957.640625,235676.40625,70373.4765625,129216.4921875,18640.185546875,275388.34375,5544.45849609375,19433.708984375,37223.4609375,258286.3125,52678.8515625,193262.109375,20292.794921875,6901.87451171875,13214.4677734375,27500.65625,45734.328125,2918481.25,357877.1875,1096623.375,3613546.75,10993558,5586.66455078125,68623.9921875,123510496,52422448,21126.453125,86275.0625,202286.140625,671089.0,4361.98828125,2820350.0,1134355.875,63171.5078125,491422.9375,21327.080078125,827241.0625,702.948486328125,448330.75,446711.21875,239618.875,960962.5625,70152.359375,77553.46875,17388.380859375,4134.39697265625,276951.1875,15012.8974609375,147377.34375,33013.07421875,405181.25,1103238.875,58584.56640625,7257.85009765625,123020.828125,13557.39453125,609425.5625,13493,33.970699310302734,35.66300582885742,0,0,0,0,0,0,0,0,0,0,0,1,0,0,0,0,0,0,0,False,UNKNOWN,0,0,0,0,201347981,24484,0,38.05615997314453,13,,,"{'Type': 'start', 'Data_Type': 'Synthetical', 'Protocol_name': 'ABGv5-5ppb-10RH-75ccm-Anthony-Q425', 'Trial_Details': {'RH': 0, 'group': 35, 'detail': 'N/A', 'trialnum': 23, 'TrialName': '10rh', 'identifier': 'srzyh', 'Concentration': 0}, 'Experiment_Rig': 'DA3'}",,2026-01-19 01:40:56.623,"{'cid': '50887afa-f28e-43cb-ad20-c4bac4e7cd08', 'uuid': '78721ac2-ace3-4b52-bdcf-c79e95c6f8f5', 'annotationId': '2be98d50-2a59-4d82-955b-54fa72a23f06', 'name': 'AmbientSamplingRFC', 'description': 'AmbientSamplingRFC', 'labels': 'AmbientSamplingRFC', 'metadata': {'Length': 30, 'Progress': 0, 'startTime': 1768786848739, 'Notification': 'Event AmbientSamplingRFC Started.'}, 'createdAt': '2026-01-19T01:40:48.964Z', 'createdBy': '5c7b5d9f-c171-4004-a182-4277ffd4c9eb'}",29.75,33.37,2200.0,2199.89,24020116.0,15.0,14.97,22040109.0,1600.0,1600.55,21470060.0,1385.0,1383.92,22450138.0,1800.0,1800.17,22340093.0,0.0,427318.03,25.03,32.63,1009.03
0000000027-4125-asu-nz,0000000018-3024-oms-nz,AmbientSamplingRFC,2be98d50-2a59-4d82-955b-54fa72a23f06,b0d302bf-f0f3-4feb-821a-8083f454e883,1219.6263427734375,488443.09375,199910.171875,8131.46728515625,7132.3974609375,26000.958984375,184410.453125,179965.28125,235815.78125,70392.8203125,129234.8359375,18641.693359375,275848.25,5529.50244140625,19436.06640625,37219.1171875,258433.75,52678.203125,194078.625,20292.51171875,6902.10205078125,13196.6142578125,27504.27734375,45737.328125,2917827.25,357318.71875,1098633.875,3612541.0,10996476,5587.3125,68617.2421875,123101976,52630028,21120.404296875,86276.546875,202295.5,671164.6875,4361.34326171875,2819961.25,1133871.0,63167.4296875,491256.25,21323.78515625,827059.875,701.6550903320312,448045.625,446608.84375,239617.921875,960372.1875,70163.8125,77566.0703125,17389.716796875,4137.71875,275452.375,15040.3798828125,146807.546875,33014.6328125,405208.34375,1103287.75,58584.30859375,7257.138671875,123075.3203125,13552.7431640625,609744.125,13794,33.890113830566406,35.582420349121094,0,0,0,0,0,0,0,0,0,0,0,1,0,0,0,0,0,0,0,False,UNKNOWN,0,0,0,0,201347981,24484,0,38.05615997314453,13,,,"{'Type': 'start', 'Data_Type': 'Synthetical', 'Protocol_name': 'ABGv5-5ppb-10RH-75ccm-Anthony-Q425', 'Trial_Details': {'RH': 0, 'group': 35, 'detail': 'N/A', 'trialnum': 23, 'TrialName': '10rh', 'identifier': 'srzyh', 'Concentration': 0}, 'Experiment_Rig': 'DA3'}",,2026-01-19 01:40:56.924,"{'cid': '50887afa-f28e-43cb-ad20-c4bac4e7cd08', 'uuid': '78721ac2-ace3-4b52-bdcf-c79e95c6f8f5', 'annotationId': '2be98d50-2a59-4d82-955b-54fa72a23f06', 'name': 'AmbientSamplingRFC', 'description': 'AmbientSamplingRFC', 'labels': 'AmbientSamplingRFC', 'metadata': {'Length': 30, 'Progress': 0, 'startTime': 1768786848739, 'Notification': 'Event AmbientSamplingRFC Started.'}, 'createdAt': '2026-01-19T01:40:48.964Z', 'createdBy': '5c7b5d9f-c171-4004-a182-4277ffd4c9eb'}",29.75,33.37,2200.0,2199.83,24020116.0,15.0,14.96,22040109.0,1600.0,1600.71,21470060.0,1385.0,1383.81,22450138.0,1800.0,1800.26,22340093.0,0.0,427674.35,25.03,32.63,1009.03
0000000027-4125-asu-nz,0000000018-3024-oms-nz,AmbientSamplingRFC,2be98d50-2a59-4d82-955b-54fa72a23f06,b0d302bf-f0f3-4feb-821a-8083f454e883,1220.267822265625,488404.0,199887.828125,8131.4384765625,7132.4775390625,25999.146484375,184476.09375,179967.796875,235910.4375,70393.015625,129246.75,18641.083984375,275341.8125,5516.20947265625,19435.546875,37229.046875,258374.578125,52672.4296875,193322.5625,20282.736328125,6901.66162109375,13223.5419921875,27504.375,45739.578125,2918721.25,358252.34375,1099457.125,3613089.5,10995995,5587.5556640625,69074.6328125,123009688,52936220,21116.40234375,86262.7109375,202287.390625,671219.5625,4361.85205078125,2823850.0,1135417.625,63168.13671875,491289.09375,21324.376953125,826657.3125,702.4395751953125,448075.375,446642.71875,239607.1875,959265.75,70178.1171875,77553.8828125,17389.189453125,4137.70654296875,274895.25,15040.76171875,147613.0,33017.01953125,405119.65625,1103413.875,58587.859375,7257.64794921875,122954.0859375,13552.8115234375,610108.8125,14095,33.970699310302734,35.501834869384766,0,0,0,0,0,0,0,0,0,0,0,1,0,0,0,0,0,0,0,False,UNKNOWN,0,0,0,0,201352996,24484,0,36.98921203613281,13,,,"{'Type': 'start', 'Data_Type': 'Synthetical', 'Protocol_name': 'ABGv5-5ppb-10RH-75ccm-Anthony-Q425', 'Trial_Details': {'RH': 0, 'group': 35, 'detail': 'N/A', 'trialnum': 23, 'TrialName': '10rh', 'identifier': 'srzyh', 'Concentration': 0}, 'Experiment_Rig': 'DA3'}",,2026-01-19 01:40:57.225,"{'cid': '50887afa-f28e-43cb-ad20-c4bac4e7cd08', 'uuid': '78721ac2-ace3-4b52-bdcf-c79e95c6f8f5', 'annotationId': '2be98d50-2a59-4d82-955b-54fa72a23f06', 'name': 'AmbientSamplingRFC', 'description': 'AmbientSamplingRFC', 'labels': 'AmbientSamplingRFC', 'metadata': {'Length': 30, 'Progress': 0, 'startTime': 1768786848739, 'Notification': 'Event AmbientSamplingRFC Started.'}, 'createdAt': '2026-01-19T01:40:48.964Z', 'createdBy': '5c7b5d9f-c171-4004-a182-4277ffd4c9eb'}",29.74,33.38,2200.0,2199.77,24020116.0,15.0,14.96,22040109.0,1600.0,1600.82,21470060.0,1385.0,1383.88,22450138.0,1800.0,1800.28,22340093.0,0.0,428091.76,25.04,32.63,1009.03
0000000027-4125-asu-nz,0000000018-3024-oms-nz,AmbientSamplingRFC,2be98d50-2a59-4d82-955b-54fa72a23f06,b0d302bf-f0f3-4feb-821a-8083f454e883,1220.6851806640625,488615.09375,199915.609375,8132.05322265625,7132.68017578125,26001.224609375,184455.890625,180006.28125,236134.90625,70321.8515625,129258.2890625,18640.779296875,275861.34375,5524.6455078125,19434.791015625,37238.1015625,258518.4375,52674.54296875,193752.921875,20289.666015625,6901.4150390625,13219.51171875,27506.109375,45734.703125,2920199.0,358363.5,1100861.25,3615666.0,11007217,5587.68115234375,67984.5390625,123329696,53215064,21118.77734375,86275.9765625,202284.796875,671257.75,4361.662109375,2826784.5,1135785.5,63170.19921875,491987.625,21324.302734375,826455.75,702.164306640625,448427.25,446753.96875,239600.140625,958380.5625,70173.625,77579.15625,17388.169921875,4140.65234375,274998.4375,15056.5087890625,147647.625,33015.01953125,405013.84375,1103029.75,58582.92578125,7257.5537109375,122912.3828125,13544.150390625,609921.8125,14396,33.970699310302734,35.743595123291016,0,0,0,0,0,0,0,0,0,0,0,1,0,0,0,0,0,0,0,False,UNKNOWN,0,0,0,0,201352996,24484,0,36.98921203613281,13,,,"{'Type': 'start', 'Data_Type': 'Synthetical', 'Protocol_name': 'ABGv5-5ppb-10RH-75ccm-Anthony-Q425', 'Trial_Details': {'RH': 0, 'group': 35, 'detail': 'N/A', 'trialnum': 23, 'TrialName': '10rh', 'identifier': 'srzyh', 'Concentration': 0}, 'Experiment_Rig': 'DA3'}",,2026-01-19 01:40:57.527,"{'cid': '50887afa-f28e-43cb-ad20-c4bac4e7cd08', 'uuid': '78721ac2-ace3-4b52-bdcf-c79e95c6f8f5', 'annotationId': '2be98d50-2a59-4d82-955b-54fa72a23f06', 'name': 'AmbientSamplingRFC', 'description': 'AmbientSamplingRFC', 'labels': 'AmbientSamplingRFC', 'metadata': {'Length': 30, 'Progress': 0, 'startTime': 1768786848739, 'Notification': 'Event AmbientSamplingRFC Started.'}, 'createdAt': '2026-01-19T01:40:48.964Z', 'createdBy': '5c7b5d9f-c171-4004-a182-4277ffd4c9eb'}",29.74,33.38,2200.0,2199.7,24020116.0,15.0,14.96,22040109.0,1600.0,1600.92,21470060.0,1385.0,1383.95,22450138.0,1800.0,1800.3,22340093.0,0.0,428510.56,25.04,32.63,1009.03
0000000027-4125-asu-nz,0000000018-3024-oms-nz,AmbientSamplingRFC,2be98d50-2a59-4d82-955b-54fa72a23f06,b0d302bf-f0f3-4feb-821a-8083f454e883,1220.4373779296875,488528.78125,199963.578125,8131.57861328125,7133.03125,26001.8828125,184414.671875,180025.640625,235947.875,70304.875,129290.1015625,18641.701171875,275481.71875,5509.48974609375,19437.48828125,37239.27734375,258053.640625,52678.8828125,194525.640625,20295.3984375,6901.98828125,13225.6533203125,27507.5078125,45740.29296875,2922250.75,358236.9375,1099299.75,3618253.25,11016885,5587.802734375,69412.0546875,123765888,53437788,21113.255859375,86273.546875,202288.078125,671204.1875,4361.65673828125,2828663.5,1136499.5,63168.1796875,491521.0625,21323.580078125,826496.25,702.4119262695312,448353.8125,446582.84375,239639.046875,957748.25,70165.140625,77534.3828125,17387.681640625,4141.6826171875,274991.4375,15040.5693359375,147954.34375,33012.97265625,405046.375,1101931.25,58582.8828125,7257.25927734375,122972.34375,13553.2734375,608169.375,14697,34.05128479003906,35.582420349121094,0,0,0,0,0,0,0,0,0,0,0,1,0,0,0,0,0,0,0,False,UNKNOWN,0,0,0,0,201352996,24484,0,36.98921203613281,13,,,"{'Type': 'start', 'Data_Type': 'Synthetical', 'Protocol_name': 'ABGv5-5ppb-10RH-75ccm-Anthony-Q425', 'Trial_Details': {'RH': 0, 'group': 35, 'detail': 'N/A', 'trialnum': 23, 'TrialName': '10rh', 'identifier': 'srzyh', 'Concentration': 0}, 'Experiment_Rig': 'DA3'}",,2026-01-19 01:40:57.830,"{'cid': '50887afa-f28e-43cb-ad20-c4bac4e7cd08', 'uuid': '78721ac2-ace3-4b52-bdcf-c79e95c6f8f5', 'annotationId': '2be98d50-2a59-4d82-955b-54fa72a23f06', 'name': 'AmbientSamplingRFC', 'description': 'AmbientSamplingRFC', 'labels': 'AmbientSamplingRFC', 'metadata': {'Length': 30, 'Progress': 0, 'startTime': 1768786848739, 'Notification': 'Event AmbientSamplingRFC Started.'}, 'createdAt': '2026-01-19T01:40:48.964Z', 'createdBy': '5c7b5d9f-c171-4004-a182-4277ffd4c9eb'}",29.75,33.39,2200.0,2199.64,24020116.0,15.0,14.97,22040109.0,1600.0,1601.03,21470060.0,1385.0,1384.09,22450138.0,1800.0,1800.35,22340093.0,0.0,428930.75,25.05,32.63,1009.03
0000000027-4125-asu-nz,0000000018-3024-oms-nz,AmbientSamplingRFC,2be98d50-2a59-4d82-955b-54fa72a23f06,b0d302bf-f0f3-4feb-821a-8083f454e883,1219.216064453125,488871.09375,199948.171875,8132.25439453125,7132.650390625,26003.98046875,184458.90625,180009.1875,235860.828125,70363.3984375,129301.6796875,18641.72265625,275929.5,5513.96728515625,19436.318359375,37240.56640625,258221.25,52677.8046875,194352.890625,20287.4921875,6902.568359375,13197.51171875,27508.17578125,45730.7734375,2923896.0,358280.90625,1103085.125,3620101.0,11031692,5587.48291015625,69957.734375,124510688,53581372,21110.935546875,86241.046875,202266.9375,671012.25,4360.9892578125,2830452.5,1136545.125,63162.7421875,491905.0625,21328.39453125,826606.6875,702.7752685546875,448137.5625,446626.375,239653.421875,957419.4375,70195.9609375,77535.234375,17390.2265625,4142.47021484375,274954.84375,15060.4033203125,147066.25,33011.01171875,404988.28125,1101009.5,58584.3203125,7257.60498046875,123114.265625,13557.39453125,609366.5,14998,34.05128479003906,35.66300582885742,0,0,0,0,0,0,0,0,0,0,0,1,0,0,0,0,0,0,0,False,UNKNOWN,0,0,0,0,201352996,24484,0,36.98921203613281,13,,,"{'Type': 'start', 'Data_Type': 'Synthetical', 'Protocol_name': 'ABGv5-5ppb-10RH-75ccm-Anthony-Q425', 'Trial_Details': {'RH': 0, 'group': 35, 'detail': 'N/A', 'trialnum': 23, 'TrialName': '10rh', 'identifier': 'srzyh', 'Concentration': 0}, 'Experiment_Rig': 'DA3'}",,2026-01-19 01:40:58.129,"{'cid': '50887afa-f28e-43cb-ad20-c4bac4e7cd08', 'uuid': '78721ac2-ace3-4b52-bdcf-c79e95c6f8f5', 'annotationId': '2be98d50-2a59-4d82-955b-54fa72a23f06', 'name': 'AmbientSamplingRFC', 'description': 'AmbientSamplingRFC', 'labels': 'AmbientSamplingRFC', 'metadata': {'Length': 30, 'Progress': 0, 'startTime': 1768786848739, 'Notification': 'Event AmbientSamplingRFC Started.'}, 'createdAt': '2026-01-19T01:40:48.964Z', 'createdBy': '5c7b5d9f-c171-4004-a182-4277ffd4c9eb'}",29.76,33.4,2200.0,2199.58,24020116.0,15.0,14.97,22040109.0,1600.0,1601.14,21470060.0,1385.0,1384.37,22450138.0,1800.0,1800.44,22340093.0,0.0,429169.04,25.05,32.63,1009.02
0000000027-4125-asu-nz,0000000018-3024-oms-nz,AmbientSamplingRFC,2be98d50-2a59-4d82-955b-54fa72a23f06,b0d302bf-f0f3-4feb-821a-8083f454e883,1220.0885009765625,489015.6875,199987.453125,8131.802734375,7132.76513671875,26004.57421875,184461.5625,180046.875,236122.5625,70362.5078125,129296.1328125,18642.93359375,275424.28125,5515.78759765625,19437.88671875,37239.4609375,258529.953125,52677.609375,194337.046875,20287.392578125,6902.392578125,13229.15625,27507.12890625,45734.75,2927165.25,358869.03125,1106358.25,3621458.5,11044291,5587.390625,69718.2734375,125278720,53617788,21110.697265625,86237.7109375,202262.46875,670765.875,4360.68017578125,2833696.5,1135158.0,63176.2578125,491981.21875,21324.9375,825955.75,702.055908203125,448376.5625,446679.9375,239667.078125,956868.0625,70195.6640625,77608.5546875,17389.15625,4135.4013671875,276490.875,15048.64453125,146409.5,33011.390625,404893.25,1100407.875,58577.26953125,7257.20751953125,123086.484375,13554.330078125,607245.75,15299,34.05128479003906,35.582420349121094,0,0,0,0,0,0,0,0,0,0,0,1,0,0,0,0,0,0,0,False,UNKNOWN,0,0,0,0,201352996,24484,0,36.98921203613281,13,,,"{'Type': 'start', 'Data_Type': 'Synthetical', 'Protocol_name': 'ABGv5-5ppb-10RH-75ccm-Anthony-Q425', 'Trial_Details': {'RH': 0, 'group': 35, 'detail': 'N/A', 'trialnum': 23, 'TrialName': '10rh', 'identifier': 'srzyh', 'Concentration': 0}, 'Experiment_Rig': 'DA3'}",,2026-01-19 01:40:58.430,"{'cid': '50887afa-f28e-43cb-ad20-c4bac4e7cd08', 'uuid': '78721ac2-ace3-4b52-bdcf-c79e95c6f8f5', 'annotationId': '2be98d50-2a59-4d82-955b-54fa72a23f06', 'name': 'AmbientSamplingRFC', 'description': 'AmbientSamplingRFC', 'labels': 'AmbientSamplingRFC', 'metadata': {'Length': 30, 'Progress': 0, 'startTime': 1768786848739, 'Notification': 'Event AmbientSamplingRFC Started.'}, 'createdAt': '2026-01-19T01:40:48.964Z', 'createdBy': '5c7b5d9f-c171-4004-a182-4277ffd4c9eb'}",29.77,33.41,2200.0,2199.52,24020116.0,15.0,14.98,22040109.0,1600.0,1601.25,21470060.0,1385.0,1384.66,22450138.0,1800.0,1800.54,22340093.0,0.0,429379.1,25.06,32.63,1009.02
0000000027-4125-asu-nz,0000000018-3024-oms-nz,AmbientSamplingRFC,2be98d50-2a59-4d82-955b-54fa72a23f06,b0d302bf-f0f3-4feb-821a-8083f454e883,1219.930419921875,489177.59375,199992.78125,8131.84912109375,7132.82275390625,26005.322265625,184460.421875,180080.078125,236055.5625,70390.6953125,129304.2578125,18640.740234375,275734.40625,5502.8701171875,19436.826171875,37238.96875,258564.0,52669.609375,193857.0625,20287.087890625,6902.5771484375,13229.0771484375,27506.02734375,45732.28515625,2930123.0,356944.03125,1107349.375,3622812.0,11057401,5587.384765625,67156.484375,126115208,53535108,21115.951171875,86221.890625,202206.421875,670650.75,4361.73095703125,2826110.5,1134730.0,63182.05078125,491927.28125,21328.98828125,827366.875,702.1348876953125,448600.96875,446868.125,239720.171875,956867.625,70210.5625,77572.0546875,17391.05078125,4139.7666015625,277033.625,15061.7841796875,146851.09375,33008.484375,405009.5625,1100282.75,58578.37109375,7256.98046875,123039.640625,13555.595703125,608014.4375,15600,33.890113830566406,35.501834869384766,0,0,0,0,0,0,0,0,0,0,0,1,0,0,0,0,0,0,0,False,UNKNOWN,0,0,0,0,201352996,24484,0,36.98921203613281,13,,,"{'Type': 'start', 'Data_Type': 'Synthetical', 'Protocol_name': 'ABGv5-5ppb-10RH-75ccm-Anthony-Q425', 'Trial_Details': {'RH': 0, 'group': 35, 'detail': 'N/A', 'trialnum': 23, 'TrialName': '10rh', 'identifier': 'srzyh', 'Concentration': 0}, 'Experiment_Rig': 'DA3'}",,2026-01-19 01:40:58.731,"{'cid': '50887afa-f28e-43cb-ad20-c4bac4e7cd08', 'uuid': '78721ac2-ace3-4b52-bdcf-c79e95c6f8f5', 'annotationId': '2be98d50-2a59-4d82-955b-54fa72a23f06', 'name': 'AmbientSamplingRFC', 'description': 'AmbientSamplingRFC', 'labels': 'AmbientSamplingRFC', 'metadata': {'Length': 30, 'Progress': 0, 'startTime': 1768786848739, 'Notification': 'Event AmbientSamplingRFC Started.'}, 'createdAt': '2026-01-19T01:40:48.964Z', 'createdBy': '5c7b5d9f-c171-4004-a182-4277ffd4c9eb'}",29.77,33.41,2200.0,2199.45,24020116.0,15.0,14.98,22040109.0,1600.0,1601.35,21470060.0,1385.0,1384.94,22450138.0,1800.0,1800.63,22340093.0,0.0,429589.16,25.06,32.63,1009.01
0000000027-4125-asu-nz,0000000018-3024-oms-nz,AmbientSamplingRFC,2be98d50-2a59-4d82-955b-54fa72a23f06,b0d302bf-f0f3-4feb-821a-8083f454e883,1219.478271484375,488821.75,200016.40625,8131.7626953125,7132.66552734375,26005.544921875,184478.234375,180098.046875,236396.8125,70453.0,129310.65625,18640.927734375,275660.59375,5528.6455078125,19439.470703125,37234.8359375,258604.171875,52669.51171875,193749.703125,20291.568359375,6902.0205078125,13226.0146484375,27506.90234375,45725.97265625,2933063.5,356238.09375,1108253.0,3623156.5,11068859,5586.85595703125,68683.890625,126755816,53361140,21115.53515625,86233.703125,202218.90625,670564.625,4361.99267578125,2824079.75,1135122.75,63185.98828125,492184.125,21323.865234375,828623.8125,702.64501953125,449071.84375,447036.40625,239745.5625,957374.3125,70200.203125,77571.859375,17388.79296875,4136.00634765625,276760.0625,15048.970703125,147560.546875,33006.0234375,404920.90625,1100396.375,58591.1875,7257.59326171875,123120.5703125,13549.3525390625,608717.9375,15901,33.890113830566406,35.66300582885742,0,0,0,0,0,0,0,0,0,0,0,1,0,0,0,0,0,0,0,False,UNKNOWN,0,0,0,0,201352996,24484,0,36.98921203613281,13,,,"{'Type': 'start', 'Data_Type': 'Synthetical', 'Protocol_name': 'ABGv5-5ppb-10RH-75ccm-Anthony-Q425', 'Trial_Details': {'RH': 0, 'group': 35, 'detail': 'N/A', 'trialnum': 23, 'TrialName': '10rh', 'identifier': 'srzyh', 'Concentration': 0}, 'Experiment_Rig': 'DA3'}",,2026-01-19 01:40:59.032,"{'cid': '50887afa-f28e-43cb-ad20-c4bac4e7cd08', 'uuid': '78721ac2-ace3-4b52-bdcf-c79e95c6f8f5', 'annotationId': '2be98d50-2a59-4d82-955b-54fa72a23f06', 'name': 'AmbientSamplingRFC', 'description': 'AmbientSamplingRFC', 'labels': 'AmbientSamplingRFC', 'metadata': {'Length': 30, 'Progress': 0, 'startTime': 1768786848739, 'Notification': 'Event AmbientSamplingRFC Started.'}, 'createdAt': '2026-01-19T01:40:48.964Z', 'createdBy': '5c7b5d9f-c171-4004-a182-4277ffd4c9eb'}",29.76,33.4,2200.0,2199.39,24020116.0,15.0,15.01,22040109.0,1600.0,1601.27,21470060.0,1385.0,1385.3,22450138.0,1800.0,1800.24,22340093.0,0.0,429799.22,25.07,32.63,1009.0
0000000027-4125-asu-nz,0000000018-3024-oms-nz,AmbientSamplingRFC,2be98d50-2a59-4d82-955b-54fa72a23f06,b0d302bf-f0f3-4feb-821a-8083f454e883,1220.8162841796875,489046.5625,200017.625,8132.3037109375,7133.02734375,26005.720703125,184481.015625,180100.53125,236056.75,70450.5703125,129288.7578125,18641.51171875,275584.25,5533.67041015625,19436.44140625,37232.85546875,258809.65625,52674.57421875,194309.28125,20282.33203125,6902.27490234375,13198.5166015625,27507.57421875,45734.60546875,2933106.5,357027.125,1107413.375,3623429.0,11076097,5585.7177734375,67477.2734375,126917000,53094692,21112.337890625,86242.4453125,202192.828125,670500.25,4362.05615234375,2818592.5,1133361.5,63188.83203125,492258.65625,21325.5625,828049.375,702.5782470703125,448624.625,447033.4375,239754.796875,957872.3125,70177.7109375,77589.6875,17390.64453125,4138.6181640625,276837.125,15076.1435546875,147584.8125,33003.46875,405000.6875,1100154.625,58578.50390625,7257.73046875,123106.203125,13555.240234375,608638.9375,16202,34.05128479003906,35.743595123291016,0,0,0,0,0,0,0,0,0,0,0,1,0,0,0,0,0,0,0,False,UNKNOWN,0,0,0,0,201352996,24484,0,36.98921203613281,13,,,"{'Type': 'start', 'Data_Type': 'Synthetical', 'Protocol_name': 'ABGv5-5ppb-10RH-75ccm-Anthony-Q425', 'Trial_Details': {'RH': 0, 'group': 35, 'detail': 'N/A', 'trialnum': 23, 'TrialName': '10rh', 'identifier': 'srzyh', 'Concentration': 0}, 'Experiment_Rig': 'DA3'}",,2026-01-19 01:40:59.336,"{'cid': '50887afa-f28e-43cb-ad20-c4bac4e7cd08', 'uuid': '78721ac2-ace3-4b52-bdcf-c79e95c6f8f5', 'annotationId': '2be98d50-2a59-4d82-955b-54fa72a23f06', 'name': 'AmbientSamplingRFC', 'description': 'AmbientSamplingRFC', 'labels': 'AmbientSamplingRFC', 'metadata': {'Length': 30, 'Progress': 0, 'startTime': 1768786848739, 'Notification': 'Event AmbientSamplingRFC Started.'}, 'createdAt': '2026-01-19T01:40:48.964Z', 'createdBy': '5c7b5d9f-c171-4004-a182-4277ffd4c9eb'}",29.75,33.39,2200.0,2199.33,24020116.0,15.0,15.05,22040109.0,1600.0,1601.17,21470060.0,1385.0,1385.66,22450138.0,1800.0,1799.81,22340093.0,0.0,430012.92,25.08,32.63,1009.0
0000000027-4125-asu-nz,0000000018-3024-oms-nz,AmbientSamplingRFC,2be98d50-2a59-4d82-955b-54fa72a23f06,b0d302bf-f0f3-4feb-821a-8083f454e883,1221.67138671875,489177.9375,200027.625,8131.5380859375,7132.90576171875,26005.537109375,184497.015625,180086.09375,235880.09375,70487.734375,129290.7734375,18640.82421875,275306.15625,5543.00537109375,19436.84375,37235.55859375,258515.9375,52655.30859375,193622.234375,20280.736328125,6902.455078125,13203.736328125,27505.5,45729.05859375,2930321.0,356749.5625,1105841.25,3622049.5,11076224,5586.02490234375,68965.53125,126808584,52789296,21119.689453125,86259.5,202168.921875,670457.3125,4361.32470703125,2812470.25,1134407.75,63193.08203125,491724.40625,21325.91015625,827779.5625,701.5919189453125,448938.125,447101.5,239763.828125,958997.25,70183.0,77608.2421875,17389.26953125,4137.89453125,275397.09375,15049.380859375,147810.953125,33014.0859375,405253.5625,1100139.875,58581.01171875,7257.79638671875,122960.828125,13551.3408203125,608672.25,16503,33.890113830566406,35.582420349121094,0,0,0,0,0,0,0,0,0,0,0,1,0,0,0,0,0,0,0,False,UNKNOWN,0,0,0,0,201352996,24484,0,36.98921203613281,13,,,"{'Type': 'start', 'Data_Type': 'Synthetical', 'Protocol_name': 'ABGv5-5ppb-10RH-75ccm-Anthony-Q425', 'Trial_Details': {'RH': 0, 'group': 35, 'detail': 'N/A', 'trialnum': 23, 'TrialName': '10rh', 'identifier': 'srzyh', 'Concentration': 0}, 'Experiment_Rig': 'DA3'}",,2026-01-19 01:40:59.633,"{'cid': '50887afa-f28e-43cb-ad20-c4bac4e7cd08', 'uuid': '78721ac2-ace3-4b52-bdcf-c79e95c6f8f5', 'annotationId': '2be98d50-2a59-4d82-955b-54fa72a23f06', 'name': 'AmbientSamplingRFC', 'description': 'AmbientSamplingRFC', 'labels': 'AmbientSamplingRFC', 'metadata': {'Length': 30, 'Progress': 0, 'startTime': 1768786848739, 'Notification': 'Event AmbientSamplingRFC Started.'}, 'createdAt': '2026-01-19T01:40:48.964Z', 'createdBy': '5c7b5d9f-c171-4004-a182-4277ffd4c9eb'}",29.75,33.39,2200.0,2199.27,24020116.0,15.0,15.08,22040109.0,1600.0,1601.08,21470060.0,1385.0,1386.01,22450138.0,1800.0,1799.38,22340093.0,0.0,430221.71,25.08,32.63,1009.01
0000000027-4125-asu-nz,0000000018-3024-oms-nz,AmbientSamplingRFC,2be98d50-2a59-4d82-955b-54fa72a23f06,b0d302bf-f0f3-4feb-821a-8083f454e883,1221.4268798828125,489045.625,200008.421875,8131.76513671875,7133.36279296875,26005.923828125,184506.046875,180095.953125,235191.578125,70361.0859375,129266.546875,18640.60546875,275267.53125,5533.79052734375,19434.83203125,37220.625,258552.671875,52663.73046875,192886.765625,20277.921875,6901.82080078125,13219.640625,27504.71484375,45730.015625,2926211.0,357908.09375,1105821.875,3620837.25,11073569,5586.25048828125,66716.5546875,126398360,52503268,21119.15625,86284.7421875,202163.21875,670474.5,4361.43896484375,2807825.5,1134068.875,63191.921875,492159.84375,21326.23828125,827954.9375,701.8944091796875,448648.125,447345.9375,239741.25,960280.1875,70170.7265625,77569.046875,17386.85546875,4144.15673828125,275543.8125,15076.6005859375,148125.65625,33016.203125,405264.0,1100841.25,58577.82421875,7257.349609375,122969.046875,13557.21875,608361.8125,16804,33.970699310302734,35.66300582885742,0,0,0,0,0,0,0,0,0,0,0,1,0,0,0,0,0,0,0,False,UNKNOWN,0,0,0,0,201352996,24484,0,36.98921203613281,13,,,"{'Type': 'start', 'Data_Type': 'Synthetical', 'Protocol_name': 'ABGv5-5ppb-10RH-75ccm-Anthony-Q425', 'Trial_Details': {'RH': 0, 'group': 35, 'detail': 'N/A', 'trialnum': 23, 'TrialName': '10rh', 'identifier': 'srzyh', 'Concentration': 0}, 'Experiment_Rig': 'DA3'}",,2026-01-19 01:40:59.934,"{'cid': '50887afa-f28e-43cb-ad20-c4bac4e7cd08', 'uuid': '78721ac2-ace3-4b52-bdcf-c79e95c6f8f5', 'annotationId': '2be98d50-2a59-4d82-955b-54fa72a23f06', 'name': 'AmbientSamplingRFC', 'description': 'AmbientSamplingRFC', 'labels': 'AmbientSamplingRFC', 'metadata': {'Length': 30, 'Progress': 0, 'startTime': 1768786848739, 'Notification': 'Event AmbientSamplingRFC Started.'}, 'createdAt': '2026-01-19T01:40:48.964Z', 'createdBy': '5c7b5d9f-c171-4004-a182-4277ffd4c9eb'}",29.75,33.38,2200.0,2199.2,24020116.0,15.0,15.08,22040109.0,1600.0,1601.18,21470060.0,1385.0,1386.17,22450138.0,1800.0,1799.31,22340093.0,0.0,430433.3,25.09,32.63,1009.01
0000000027-4125-asu-nz,0000000018-3024-oms-nz,AmbientSamplingRFC,2be98d50-2a59-4d82-955b-54fa72a23f06,b0d302bf-f0f3-4feb-821a-8083f454e883,1220.9742431640625,488325.6875,199927.8125,8132.20849609375,7133.1884765625,26003.64453125,184556.0625,180064.546875,235538.09375,70356.390625,129262.4921875,18640.654296875,275834.65625,5542.8798828125,19436.123046875,37222.23828125,258273.765625,52665.47265625,192317.765625,20277.07421875,6901.40771484375,13219.6728515625,27507.62109375,45733.71875,2923452.5,358034.78125,1106118.0,3618863.75,11065824,5587.2265625,68483.640625,125651992,52846308,21117.59375,86268.1328125,202263.953125,670730.0,4360.818359375,2813256.75,1135385.0,63196.765625,491666.21875,21326.48046875,826835.1875,702.691162109375,448656.1875,447050.46875,239756.828125,960808.5625,70198.359375,77588.2578125,17384.216796875,4138.07080078125,275492.53125,15057.3994140625,149118.78125,33022.1640625,405317.53125,1101494.0,58594.0546875,7257.53271484375,122984.5625,13556.7626953125,609224.5625,17107,33.890113830566406,35.66300582885742,0,0,0,0,0,0,0,0,0,0,0,1,0,0,0,0,0,0,0,False,UNKNOWN,0,0,0,0,201352996,24484,0,36.98921203613281,13,,,"{'Type': 'start', 'Data_Type': 'Synthetical', 'Protocol_name': 'ABGv5-5ppb-10RH-75ccm-Anthony-Q425', 'Trial_Details': {'RH': 0, 'group': 35, 'detail': 'N/A', 'trialnum': 23, 'TrialName': '10rh', 'identifier': 'srzyh', 'Concentration': 0}, 'Experiment_Rig': 'DA3'}",,2026-01-19 01:41:00.237,"{'cid': '50887afa-f28e-43cb-ad20-c4bac4e7cd08', 'uuid': '78721ac2-ace3-4b52-bdcf-c79e95c6f8f5', 'annotationId': '2be98d50-2a59-4d82-955b-54fa72a23f06', 'name': 'AmbientSamplingRFC', 'description': 'AmbientSamplingRFC', 'labels': 'AmbientSamplingRFC', 'metadata': {'Length': 30, 'Progress': 0, 'startTime': 1768786848739, 'Notification': 'Event AmbientSamplingRFC Started.'}, 'createdAt': '2026-01-19T01:40:48.964Z', 'createdBy': '5c7b5d9f-c171-4004-a182-4277ffd4c9eb'}",29.75,33.38,2200.0,2199.14,24020116.0,15.0,15.06,22040109.0,1600.0,1601.42,21470060.0,1385.0,1386.2,22450138.0,1800.0,1799.5,22340093.0,0.0,430602.69,25.09,32.63,1009.01
0000000027-4125-asu-nz,0000000018-3024-oms-nz,AmbientSamplingRFC,2be98d50-2a59-4d82-955b-54fa72a23f06,b0d302bf-f0f3-4feb-821a-8083f454e883,1222.3067626953125,488195.71875,199925.953125,8132.09814453125,7133.0322265625,26003.865234375,184565.796875,180035.296875,235605.078125,70368.7578125,129276.109375,18640.509765625,275529.15625,5524.693359375,19438.263671875,37230.6796875,258471.984375,52664.43359375,192456.65625,20280.10546875,6902.6083984375,13227.1630859375,27506.931640625,45732.38671875,2920896.0,359567.8125,1107493.75,3617349.25,11057981,5587.00732421875,69059.8984375,124922392,52673248,21120.916015625,86282.8046875,202285.34375,670849.625,4361.66259765625,2813923.75,1136230.75,63192.7265625,491773.9375,21325.572265625,827596.75,702.8397827148438,448345.53125,447176.9375,239739.296875,961501.8125,70187.625,77606.8125,17387.623046875,4132.4267578125,276892.0625,15067.43359375,147627.765625,33017.875,405250.5625,1102450.125,58589.45703125,7257.59033203125,122929.6484375,13553.4951171875,609805.4375,17406,33.970699310302734,35.66300582885742,0,0,0,0,0,0,0,0,0,0,0,1,0,0,0,0,0,0,0,False,UNKNOWN,0,0,0,0,201352996,24484,0,36.98921203613281,13,,,"{'Type': 'start', 'Data_Type': 'Synthetical', 'Protocol_name': 'ABGv5-5ppb-10RH-75ccm-Anthony-Q425', 'Trial_Details': {'RH': 0, 'group': 35, 'detail': 'N/A', 'trialnum': 23, 'TrialName': '10rh', 'identifier': 'srzyh', 'Concentration': 0}, 'Experiment_Rig': 'DA3'}",,2026-01-19 01:41:00.536,"{'cid': '50887afa-f28e-43cb-ad20-c4bac4e7cd08', 'uuid': '78721ac2-ace3-4b52-bdcf-c79e95c6f8f5', 'annotationId': '2be98d50-2a59-4d82-955b-54fa72a23f06', 'name': 'AmbientSamplingRFC', 'description': 'AmbientSamplingRFC', 'labels': 'AmbientSamplingRFC', 'metadata': {'Length': 30, 'Progress': 0, 'startTime': 1768786848739, 'Notification': 'Event AmbientSamplingRFC Started.'}, 'createdAt': '2026-01-19T01:40:48.964Z', 'createdBy': '5c7b5d9f-c171-4004-a182-4277ffd4c9eb'}",29.75,33.37,2200.0,2199.08,24020116.0,15.0,15.04,22040109.0,1600.0,1601.66,21470060.0,1385.0,1386.22,22450138.0,1800.0,1799.69,22340093.0,0.0,430529.37,25.09,32.63,1009.0
0000000027-4125-asu-nz,0000000018-3024-oms-nz,AmbientSamplingRFC,2be98d50-2a59-4d82-955b-54fa72a23f06,b0d302bf-f0f3-4feb-821a-8083f454e883,1221.1280517578125,488586.0,199904.03125,8132.08642578125,7133.23095703125,26003.05078125,184494.484375,180043.671875,235585.0625,70369.9609375,129254.328125,18641.884765625,274510.625,5551.345703125,19438.34765625,37226.296875,258409.125,52680.73828125,192631.078125,20290.474609375,6901.84716796875,13210.5810546875,27509.7109375,45728.2578125,2918704.75,358441.53125,1103008.25,3615756.25,11047015,5586.91015625,69196.46875,123964456,52655296,21117.22265625,86290.1171875,202235.8125,671037.0,4359.82958984375,2814285.25,1137415.625,63189.5859375,491486.25,21327.173828125,827470.8125,703.4464721679688,448754.75,447221.5625,239689.875,961646.3125,70189.2578125,77597.53125,17384.294921875,4131.43359375,277440.09375,15085.8974609375,147410.515625,33017.9609375,405156.71875,1102640.625,58580.4921875,7257.72314453125,122833.0625,13543.0576171875,610209.75,17707,33.970699310302734,35.743595123291016,0,0,0,0,0,0,0,0,0,0,0,1,0,0,0,0,0,0,0,False,UNKNOWN,0,0,0,0,201352996,24484,0,36.98921203613281,13,,,"{'Type': 'start', 'Data_Type': 'Synthetical', 'Protocol_name': 'ABGv5-5ppb-10RH-75ccm-Anthony-Q425', 'Trial_Details': {'RH': 0, 'group': 35, 'detail': 'N/A', 'trialnum': 23, 'TrialName': '10rh', 'identifier': 'srzyh', 'Concentration': 0}, 'Experiment_Rig': 'DA3'}",,2026-01-19 01:41:00.838,"{'cid': '50887afa-f28e-43cb-ad20-c4bac4e7cd08', 'uuid': '78721ac2-ace3-4b52-bdcf-c79e95c6f8f5', 'annotationId': '2be98d50-2a59-4d82-955b-54fa72a23f06', 'name': 'AmbientSamplingRFC', 'description': 'AmbientSamplingRFC', 'labels': 'AmbientSamplingRFC', 'metadata': {'Length': 30, 'Progress': 0, 'startTime': 1768786848739, 'Notification': 'Event AmbientSamplingRFC Started.'}, 'createdAt': '2026-01-19T01:40:48.964Z', 'createdBy': '5c7b5d9f-c171-4004-a182-4277ffd4c9eb'}",29.75,33.37,2200.0,2199.01,24020116.0,15.0,15.02,22040109.0,1600.0,1601.64,21470060.0,1385.0,1386.17,22450138.0,1800.0,1799.85,22340093.0,0.0,430455.31,25.09,32.63,1009.0
0000000027-4125-asu-nz,0000000018-3024-oms-nz,AmbientSamplingRFC,2be98d50-2a59-4d82-955b-54fa72a23f06,b0d302bf-f0f3-4feb-821a-8083f454e883,1221.52685546875,487868.34375,199908.78125,8132.08642578125,7132.484375,26002.416015625,184432.875,180029.6875,235451.296875,70346.5390625,129254.9609375,18641.060546875,273645.65625,5524.9150390625,19436.74609375,37227.34765625,258305.0,52682.046875,192596.15625,20291.43359375,6902.2666015625,13207.37109375,27509.609375,45728.76171875,2917004.0,358928.8125,1101718.25,3613574.5,11022631,5586.53271484375,69765.5546875,123179512,52742284,21116.5625,86286.3984375,202261.703125,671151.4375,4360.33642578125,2812193.75,1136803.125,63174.51171875,491237.53125,21327.037109375,827741.125,703.6820678710938,448426.53125,447053.625,239655.046875,961539.8125,70176.2890625,77551.015625,17385.462890625,4140.5087890625,277910.15625,15052.21484375,147050.953125,33024.5625,405215.03125,1103237.125,58585.31640625,7257.38037109375,122779.4609375,13545.15234375,611085.9375,18008,33.970699310302734,35.66300582885742,0,0,0,0,0,0,0,0,0,0,0,1,0,0,0,0,0,0,0,False,UNKNOWN,0,0,0,0,201352996,24484,0,36.98921203613281,13,,,"{'Type': 'start', 'Data_Type': 'Synthetical', 'Protocol_name': 'ABGv5-5ppb-10RH-75ccm-Anthony-Q425', 'Trial_Details': {'RH': 0, 'group': 35, 'detail': 'N/A', 'trialnum': 23, 'TrialName': '10rh', 'identifier': 'srzyh', 'Concentration': 0}, 'Experiment_Rig': 'DA3'}",,2026-01-19 01:41:01.138,"{'cid': '50887afa-f28e-43cb-ad20-c4bac4e7cd08', 'uuid': '78721ac2-ace3-4b52-bdcf-c79e95c6f8f5', 'annotationId': '2be98d50-2a59-4d82-955b-54fa72a23f06', 'name': 'AmbientSamplingRFC', 'description': 'AmbientSamplingRFC', 'labels': 'AmbientSamplingRFC', 'metadata': {'Length': 30, 'Progress': 0, 'startTime': 1768786848739, 'Notification': 'Event AmbientSamplingRFC Started.'}, 'createdAt': '2026-01-19T01:40:48.964Z', 'createdBy': '5c7b5d9f-c171-4004-a182-4277ffd4c9eb'}",29.75,33.36,2200.0,2198.95,24020116.0,15.0,15.02,22040109.0,1600.0,1600.83,21470060.0,1385.0,1385.86,22450138.0,1800.0,1799.9,22340093.0,0.0,430381.74,25.09,32.63,1008.99
0000000027-4125-asu-nz,0000000018-3024-oms-nz,AmbientSamplingRFC,2be98d50-2a59-4d82-955b-54fa72a23f06,b0d302bf-f0f3-4feb-821a-8083f454e883,1219.5565185546875,487850.5625,199924.53125,8131.6337890625,7133.259765625,26002.421875,184437.828125,180012.0,235300.78125,70310.1171875,129268.0859375,18640.462890625,275250.84375,5528.5654296875,19439.0859375,37224.02734375,258345.578125,52678.234375,192220.328125,20295.287109375,6901.87890625,13193.5224609375,27509.009765625,45733.3359375,2916371.25,359217.5,1100135.375,3611914.25,11008298,5587.0859375,71066.921875,122670088,52906992,21120.03515625,86283.953125,202259.609375,671229.0625,4360.5,2810869.0,1135682.0,63168.8046875,491463.71875,21327.77734375,828298.875,703.6417236328125,448431.40625,447026.4375,239637.515625,961050.4375,70167.9296875,77560.1875,17391.251953125,4142.859375,277693.90625,15061.1591796875,147350.640625,33028.109375,405120.84375,1103274.75,58580.9765625,7257.16748046875,122900.9296875,13553.9052734375,611125.9375,18309,33.970699310302734,35.66300582885742,0,0,0,0,0,0,0,0,0,0,0,1,0,0,0,0,0,0,0,False,UNKNOWN,0,0,0,0,201352996,24484,0,36.98921203613281,13,,,"{'Type': 'start', 'Data_Type': 'Synthetical', 'Protocol_name': 'ABGv5-5ppb-10RH-75ccm-Anthony-Q425', 'Trial_Details': {'RH': 0, 'group': 35, 'detail': 'N/A', 'trialnum': 23, 'TrialName': '10rh', 'identifier': 'srzyh', 'Concentration': 0}, 'Experiment_Rig': 'DA3'}",,2026-01-19 01:41:01.440,"{'cid': '50887afa-f28e-43cb-ad20-c4bac4e7cd08', 'uuid': '78721ac2-ace3-4b52-bdcf-c79e95c6f8f5', 'annotationId': '2be98d50-2a59-4d82-955b-54fa72a23f06', 'name': 'AmbientSamplingRFC', 'description': 'AmbientSamplingRFC', 'labels': 'AmbientSamplingRFC', 'metadata': {'Length': 30, 'Progress': 0, 'startTime': 1768786848739, 'Notification': 'Event AmbientSamplingRFC Started.'}, 'createdAt': '2026-01-19T01:40:48.964Z', 'createdBy': '5c7b5d9f-c171-4004-a182-4277ffd4c9eb'}",29.75,33.36,2200.0,2198.89,24020116.0,15.0,15.02,22040109.0,1600.0,1600.02,21470060.0,1385.0,1385.54,22450138.0,1800.0,1799.95,22340093.0,0.0,430375.88,25.09,32.63,1008.99
0000000027-4125-asu-nz,0000000018-3024-oms-nz,AmbientSamplingRFC,2be98d50-2a59-4d82-955b-54fa72a23f06,b0d302bf-f0f3-4feb-821a-8083f454e883,1220.6005859375,488008.96875,199910.40625,8132.0830078125,7133.26611328125,26003.03515625,184538.953125,179992.703125,235726.3125,70370.4921875,129279.6953125,18639.849609375,275499.8125,5545.2998046875,19438.8359375,37227.62109375,258050.28125,52682.49609375,192676.09375,20290.466796875,6902.501953125,13226.81640625,27510.55859375,45739.87109375,2915992.25,358999.71875,1100064.5,3612195.25,10995939,5586.5205078125,70426.0390625,122492648,53133692,21115.259765625,86298.2578125,202205.484375,671270.375,4359.955078125,2812761.75,1134420.75,63166.55859375,491325.46875,21329.302734375,827579.0,702.8087768554688,448235.125,446615.59375,239638.015625,960226.625,70183.8125,77579.859375,17387.359375,4143.6142578125,277723.875,15038.974609375,147935.015625,33020.7109375,405277.53125,1103219.0,58584.578125,7256.97265625,122852.53125,13553.9208984375,610921.9375,18610,33.970699310302734,35.582420349121094,0,0,0,0,0,0,0,0,0,0,0,1,0,0,0,0,0,0,0,False,UNKNOWN,0,0,0,0,201352996,24484,0,36.98921203613281,13,,,"{'Type': 'start', 'Data_Type': 'Synthetical', 'Protocol_name': 'ABGv5-5ppb-10RH-75ccm-Anthony-Q425', 'Trial_Details': {'RH': 0, 'group': 35, 'detail': 'N/A', 'trialnum': 23, 'TrialName': '10rh', 'identifier': 'srzyh', 'Concentration': 0}, 'Experiment_Rig': 'DA3'}",,2026-01-19 01:41:01.741,"{'cid': '50887afa-f28e-43cb-ad20-c4bac4e7cd08', 'uuid': '78721ac2-ace3-4b52-bdcf-c79e95c6f8f5', 'annotationId': '2be98d50-2a59-4d82-955b-54fa72a23f06', 'name': 'AmbientSamplingRFC', 'description': 'AmbientSamplingRFC', 'labels': 'AmbientSamplingRFC', 'metadata': {'Length': 30, 'Progress': 0, 'startTime': 1768786848739, 'Notification': 'Event AmbientSamplingRFC Started.'}, 'createdAt': '2026-01-19T01:40:48.964Z', 'createdBy': '5c7b5d9f-c171-4004-a182-4277ffd4c9eb'}",29.75,33.36,2200.0,2198.83,24020116.0,15.0,15.02,22040109.0,1600.0,1599.21,21470060.0,1385.0,1385.23,22450138.0,1800.0,1799.99,22340093.0,0.0,430446.62,25.07,32.63,1008.99
0000000027-4125-asu-nz,0000000018-3024-oms-nz,AmbientSamplingRFC,2be98d50-2a59-4d82-955b-54fa72a23f06,b0d302bf-f0f3-4feb-821a-8083f454e883,1221.9169921875,487589.59375,199876.265625,8131.58447265625,7133.52490234375,26003.521484375,184615.84375,179988.09375,235696.484375,70382.0859375,129302.7890625,18639.87109375,275443.125,5530.01123046875,19435.76171875,37226.328125,258488.703125,52689.3203125,191869.71875,20280.115234375,6902.65478515625,13216.626953125,27512.4140625,45745.5546875,2918362.0,358879.875,1098240.375,3613666.0,10981357,5587.52880859375,69390.4140625,122431848,53377720,21113.498046875,86265.8046875,202218.84375,671290.4375,4361.74072265625,2808442.75,1135140.625,63162.02734375,491350.46875,21330.46875,826425.125,702.3238525390625,448430.34375,446565.5,239657.265625,958971.6875,70180.34375,77554.5390625,17377.689453125,4137.24560546875,277190.9375,15054.4833984375,147092.46875,33021.9921875,405032.53125,1102748.625,58576.93359375,7257.05078125,122886.9765625,13542.6513671875,607724.0625,18911,34.05128479003906,35.501834869384766,0,0,0,0,0,0,0,0,0,0,0,1,0,0,0,0,0,0,0,False,UNKNOWN,0,0,0,0,201352996,24484,0,36.98921203613281,13,,,"{'Type': 'start', 'Data_Type': 'Synthetical', 'Protocol_name': 'ABGv5-5ppb-10RH-75ccm-Anthony-Q425', 'Trial_Details': {'RH': 0, 'group': 35, 'detail': 'N/A', 'trialnum': 23, 'TrialName': '10rh', 'identifier': 'srzyh', 'Concentration': 0}, 'Experiment_Rig': 'DA3'}",,2026-01-19 01:41:02.042,"{'cid': '50887afa-f28e-43cb-ad20-c4bac4e7cd08', 'uuid': '78721ac2-ace3-4b52-bdcf-c79e95c6f8f5', 'annotationId': '2be98d50-2a59-4d82-955b-54fa72a23f06', 'name': 'AmbientSamplingRFC', 'description': 'AmbientSamplingRFC', 'labels': 'AmbientSamplingRFC', 'metadata': {'Length': 30, 'Progress': 0, 'startTime': 1768786848739, 'Notification': 'Event AmbientSamplingRFC Started.'}, 'createdAt': '2026-01-19T01:40:48.964Z', 'createdBy': '5c7b5d9f-c171-4004-a182-4277ffd4c9eb'}",29.75,33.37,2200.0,2198.76,24020116.0,15.0,15.0,22040109.0,1600.0,1599.27,21470060.0,1385.0,1385.05,22450138.0,1800.0,1799.64,22340093.0,0.0,430517.37,25.06,32.63,1009.0
0000000027-4125-asu-nz,0000000018-3024-oms-nz,AmbientSamplingRFC,2be98d50-2a59-4d82-955b-54fa72a23f06,b0d302bf-f0f3-4feb-821a-8083f454e883,1219.84521484375,487892.71875,199908.203125,8131.69970703125,7133.43896484375,26003.48828125,184507.125,180026.109375,235840.21875,70388.1171875,129313.828125,18640.974609375,276078.0,5513.046875,19439.427734375,37229.66796875,258504.8125,52681.73046875,192715.78125,20288.796875,6901.95166015625,13231.6865234375,27515.25390625,45740.54296875,2920574.25,358008.75,1099454.375,3616677.25,10983351,5586.80224609375,68779.578125,122850936,53599340,21119.287109375,86279.3984375,202239.734375,671311.3125,4361.74609375,2805769.5,1137085.5,63160.59765625,491846.46875,21328.013671875,825601.25,702.8886108398438,448272.5,446811.34375,239631.265625,957961.9375,70150.6640625,77527.3359375,17378.673828125,4134.04736328125,277171.0,15065.6591796875,147336.5625,33020.11328125,404835.84375,1102013.75,58566.52734375,7257.13623046875,122872.265625,13551.0087890625,607943.875,19212,33.970699310302734,35.66300582885742,0,0,0,0,0,0,0,0,0,0,0,1,0,0,0,0,0,0,0,False,UNKNOWN,0,0,0,0,201357999,24484,0,37.5276985168457,13,,,"{'Type': 'start', 'Data_Type': 'Synthetical', 'Protocol_name': 'ABGv5-5ppb-10RH-75ccm-Anthony-Q425', 'Trial_Details': {'RH': 0, 'group': 35, 'detail': 'N/A', 'trialnum': 23, 'TrialName': '10rh', 'identifier': 'srzyh', 'Concentration': 0}, 'Experiment_Rig': 'DA3'}",,2026-01-19 01:41:02.343,"{'cid': '50887afa-f28e-43cb-ad20-c4bac4e7cd08', 'uuid': '78721ac2-ace3-4b52-bdcf-c79e95c6f8f5', 'annotationId': '2be98d50-2a59-4d82-955b-54fa72a23f06', 'name': 'AmbientSamplingRFC', 'description': 'AmbientSamplingRFC', 'labels': 'AmbientSamplingRFC', 'metadata': {'Length': 30, 'Progress': 0, 'startTime': 1768786848739, 'Notification': 'Event AmbientSamplingRFC Started.'}, 'createdAt': '2026-01-19T01:40:48.964Z', 'createdBy': '5c7b5d9f-c171-4004-a182-4277ffd4c9eb'}",29.75,33.37,2200.0,2198.7,24020116.0,15.0,14.99,22040109.0,1600.0,1599.44,21470060.0,1385.0,1384.88,22450138.0,1800.0,1799.24,22340093.0,0.0,430588.12,25.05,32.63,1009.0
0000000027-4125-asu-nz,0000000018-3024-oms-nz,AmbientSamplingRFC,2be98d50-2a59-4d82-955b-54fa72a23f06,b0d302bf-f0f3-4feb-821a-8083f454e883,1219.398193359375,488243.78125,199953.53125,8132.21337890625,7133.201171875,26003.1796875,184467.25,180038.671875,235777.6875,70342.5859375,129326.1171875,18641.03515625,275515.78125,5502.8681640625,19438.0234375,37230.4765625,258549.90625,52678.06640625,193139.53125,20288.125,6902.609375,13193.8544921875,27515.927734375,45738.7265625,2923519.5,357198.9375,1100089.625,3619232.25,10990037,5587.17138671875,68298.453125,123555568,53750500,21123.23828125,86276.4765625,202207.96875,671138.4375,4361.39599609375,2804324.0,1136567.375,63163.8125,491776.125,21328.029296875,825679.5,703.1769409179688,448192.875,446731.90625,239648.921875,957352.125,70141.1328125,77583.4453125,17380.763671875,4137.236328125,277132.0,15045.7880859375,146615.375,33015.3828125,404664.53125,1101474.75,58576.58984375,7257.59521484375,122865.984375,13548.1826171875,608030.875,19513,33.970699310302734,35.582420349121094,0,0,0,0,0,0,0,0,0,0,0,1,0,0,0,0,0,0,0,False,UNKNOWN,0,0,0,0,201357999,24484,0,37.5276985168457,13,,,"{'Type': 'start', 'Data_Type': 'Synthetical', 'Protocol_name': 'ABGv5-5ppb-10RH-75ccm-Anthony-Q425', 'Trial_Details': {'RH': 0, 'group': 35, 'detail': 'N/A', 'trialnum': 23, 'TrialName': '10rh', 'identifier': 'srzyh', 'Concentration': 0}, 'Experiment_Rig': 'DA3'}",,2026-01-19 01:41:02.646,"{'cid': '50887afa-f28e-43cb-ad20-c4bac4e7cd08', 'uuid': '78721ac2-ace3-4b52-bdcf-c79e95c6f8f5', 'annotationId': '2be98d50-2a59-4d82-955b-54fa72a23f06', 'name': 'AmbientSamplingRFC', 'description': 'AmbientSamplingRFC', 'labels': 'AmbientSamplingRFC', 'metadata': {'Length': 30, 'Progress': 0, 'startTime': 1768786848739, 'Notification': 'Event AmbientSamplingRFC Started.'}, 'createdAt': '2026-01-19T01:40:48.964Z', 'createdBy': '5c7b5d9f-c171-4004-a182-4277ffd4c9eb'}",29.75,33.38,2200.0,2198.64,24020116.0,15.0,14.97,22040109.0,1600.0,1599.6,21470060.0,1385.0,1384.72,22450138.0,1800.0,1798.83,22340093.0,0.0,430841.23,25.05,32.63,1009.01
0000000027-4125-asu-nz,0000000018-3024-oms-nz,AmbientSamplingRFC,2be98d50-2a59-4d82-955b-54fa72a23f06,b0d302bf-f0f3-4feb-821a-8083f454e883,1220.1070556640625,488292.6875,199963.3125,8131.787109375,7133.05126953125,26006.05859375,184530.609375,180078.46875,235807.53125,70436.2734375,129328.859375,18641.83984375,276639.34375,5538.228515625,19438.888671875,37233.65234375,258611.515625,52686.01171875,193771.859375,20295.125,6902.6259765625,13223.919921875,27517.34765625,45737.84765625,2926902.75,358341.25,1100104.0,3620541.0,10995330,5587.80029296875,67811.09375,124271496,53807060,21120.77734375,86259.890625,202196.40625,670832.0,4359.25732421875,2806152.5,1138523.375,63170.7734375,492003.15625,21330.005859375,826129.125,702.7814331054688,448534.8125,446812.8125,239665.0,957111.9375,70123.5625,77594.25,17382.86328125,4147.5869140625,277036.875,15044.8271484375,147251.921875,33015.609375,404697.1875,1100325.375,58572.546875,7256.95361328125,122964.953125,13556.1044921875,608071.625,19814,33.970699310302734,35.582420349121094,0,0,0,0,0,0,0,0,0,0,0,1,0,0,0,0,0,0,0,False,UNKNOWN,0,0,0,0,201357999,24484,0,37.5276985168457,13,,,"{'Type': 'start', 'Data_Type': 'Synthetical', 'Protocol_name': 'ABGv5-5ppb-10RH-75ccm-Anthony-Q425', 'Trial_Details': {'RH': 0, 'group': 35, 'detail': 'N/A', 'trialnum': 23, 'TrialName': '10rh', 'identifier': 'srzyh', 'Concentration': 0}, 'Experiment_Rig': 'DA3'}",,2026-01-19 01:41:02.945,"{'cid': '50887afa-f28e-43cb-ad20-c4bac4e7cd08', 'uuid': '78721ac2-ace3-4b52-bdcf-c79e95c6f8f5', 'annotationId': '2be98d50-2a59-4d82-955b-54fa72a23f06', 'name': 'AmbientSamplingRFC', 'description': 'AmbientSamplingRFC', 'labels': 'AmbientSamplingRFC', 'metadata': {'Length': 30, 'Progress': 0, 'startTime': 1768786848739, 'Notification': 'Event AmbientSamplingRFC Started.'}, 'createdAt': '2026-01-19T01:40:48.964Z', 'createdBy': '5c7b5d9f-c171-4004-a182-4277ffd4c9eb'}",29.75,33.38,2200.0,2198.58,24020116.0,15.0,14.96,22040109.0,1600.0,1599.72,21470060.0,1385.0,1384.43,22450138.0,1800.0,1798.74,22340093.0,0.0,431193.32,25.06,32.63,1009.02
0000000027-4125-asu-nz,0000000018-3024-oms-nz,AmbientSamplingRFC,2be98d50-2a59-4d82-955b-54fa72a23f06,b0d302bf-f0f3-4feb-821a-8083f454e883,1219.608154296875,488395.3125,199965.6875,8132.0732421875,7133.00048828125,26004.2421875,184498.828125,180052.640625,235837.9375,70497.9296875,129334.953125,18641.0859375,276391.5625,5549.1689453125,19437.52734375,37229.57421875,258659.0,52685.046875,193992.453125,20289.712890625,6902.26025390625,13216.2353515625,27516.669921875,45740.66015625,2930281.75,358285.78125,1102301.0,3621444.0,11002612,5588.11181640625,68850.6015625,124892656,53745492,21112.447265625,86251.8515625,202173.734375,670662.1875,4360.80712890625,2809621.0,1136324.875,63180.05859375,492185.125,21331.865234375,826269.875,702.9069213867188,448323.6875,446398.75,239695.0,956779.375,70153.46875,77571.4375,17382.580078125,4145.7578125,275375.15625,15025.505859375,148521.46875,33013.3046875,404845.34375,1100268.875,58574.7421875,7257.59765625,122941.2109375,13553.4501953125,608740.4375,20115,34.05128479003906,35.582420349121094,0,0,0,0,0,0,0,0,0,0,0,1,0,0,0,0,0,0,0,False,UNKNOWN,0,0,0,0,201357999,24484,0,37.5276985168457,13,,,"{'Type': 'start', 'Data_Type': 'Synthetical', 'Protocol_name': 'ABGv5-5ppb-10RH-75ccm-Anthony-Q425', 'Trial_Details': {'RH': 0, 'group': 35, 'detail': 'N/A', 'trialnum': 23, 'TrialName': '10rh', 'identifier': 'srzyh', 'Concentration': 0}, 'Experiment_Rig': 'DA3'}",,2026-01-19 01:41:03.247,"{'cid': '50887afa-f28e-43cb-ad20-c4bac4e7cd08', 'uuid': '78721ac2-ace3-4b52-bdcf-c79e95c6f8f5', 'annotationId': '2be98d50-2a59-4d82-955b-54fa72a23f06', 'name': 'AmbientSamplingRFC', 'description': 'AmbientSamplingRFC', 'labels': 'AmbientSamplingRFC', 'metadata': {'Length': 30, 'Progress': 0, 'startTime': 1768786848739, 'Notification': 'Event AmbientSamplingRFC Started.'}, 'createdAt': '2026-01-19T01:40:48.964Z', 'createdBy': '5c7b5d9f-c171-4004-a182-4277ffd4c9eb'}",29.76,33.38,2200.0,2198.51,24020116.0,15.0,14.96,22040109.0,1600.0,1599.79,21470060.0,1385.0,1384.05,22450138.0,1800.0,1798.93,22340093.0,0.0,431548.93,25.06,32.63,1009.03
0000000027-4125-asu-nz,0000000018-3024-oms-nz,AmbientSamplingRFC,2be98d50-2a59-4d82-955b-54fa72a23f06,b0d302bf-f0f3-4feb-821a-8083f454e883,1221.3570556640625,488551.09375,199986.359375,8132.50146484375,7133.14697265625,26006.80078125,184610.515625,180067.078125,235751.9375,70440.9453125,129329.46875,18641.134765625,276672.625,5527.89501953125,19438.939453125,37229.4375,258739.25,52662.5703125,192735.640625,20288.03515625,6902.001953125,13216.591796875,27516.083984375,45735.578125,2934242.25,355541.375,1101208.5,3622091.0,11015153,5588.767578125,68785.453125,125547688,53592028,21111.857421875,86255.375,202170.328125,670493.8125,4360.75439453125,2809486.5,1134344.875,63189.8359375,492282.0625,21327.140625,826907.8125,702.5068359375,448523.65625,446998.40625,239719.921875,956897.125,70148.6328125,77604.8046875,17387.15234375,4133.44091796875,274895.15625,15050.1455078125,146680.609375,33013.69140625,404814.375,1099583.5,58582.52734375,7257.2587890625,122954.5859375,13550.6328125,608439.75,20416,33.970699310302734,35.582420349121094,0,0,0,0,0,0,0,0,0,0,0,1,0,0,0,0,0,0,0,False,UNKNOWN,0,0,0,0,201357999,24484,0,37.5276985168457,13,,,"{'Type': 'start', 'Data_Type': 'Synthetical', 'Protocol_name': 'ABGv5-5ppb-10RH-75ccm-Anthony-Q425', 'Trial_Details': {'RH': 0, 'group': 35, 'detail': 'N/A', 'trialnum': 23, 'TrialName': '10rh', 'identifier': 'srzyh', 'Concentration': 0}, 'Experiment_Rig': 'DA3'}",,2026-01-19 01:41:03.549,"{'cid': '50887afa-f28e-43cb-ad20-c4bac4e7cd08', 'uuid': '78721ac2-ace3-4b52-bdcf-c79e95c6f8f5', 'annotationId': '2be98d50-2a59-4d82-955b-54fa72a23f06', 'name': 'AmbientSamplingRFC', 'description': 'AmbientSamplingRFC', 'labels': 'AmbientSamplingRFC', 'metadata': {'Length': 30, 'Progress': 0, 'startTime': 1768786848739, 'Notification': 'Event AmbientSamplingRFC Started.'}, 'createdAt': '2026-01-19T01:40:48.964Z', 'createdBy': '5c7b5d9f-c171-4004-a182-4277ffd4c9eb'}",29.76,33.38,2200.0,2198.45,24020116.0,15.0,14.97,22040109.0,1600.0,1599.86,21470060.0,1385.0,1383.67,22450138.0,1800.0,1799.12,22340093.0,0.0,431904.55,25.07,32.63,1009.04
0000000027-4125-asu-nz,0000000018-3024-oms-nz,AmbientSamplingRFC,2be98d50-2a59-4d82-955b-54fa72a23f06,b0d302bf-f0f3-4feb-821a-8083f454e883,1219.784912109375,488965.28125,200023.765625,8132.25927734375,7133.0146484375,26006.775390625,184617.25,180074.390625,235927.125,70423.359375,129324.9609375,18641.08984375,275709.84375,5522.701171875,19438.712890625,37231.19140625,258627.3125,52677.21484375,192792.28125,20283.13671875,6901.9208984375,13218.7607421875,27515.078125,45737.31640625,2935018.0,358953.03125,1101247.125,3622174.25,11027893,5588.744140625,68426.1796875,126069928,53348240,21118.2109375,86263.7578125,202150.03125,670405.3125,4361.92236328125,2809807.25,1135090.375,63199.40234375,492086.9375,21330.578125,827776.375,702.7810668945312,448957.34375,447276.40625,239717.484375,957601.9375,70160.109375,77603.0234375,17384.830078125,4141.99462890625,274512.40625,15060.4287109375,147244.421875,33013.4609375,404886.0625,1099414.125,58579.27734375,7257.7734375,122851.2265625,13554.3759765625,608941.75,20717,34.05128479003906,35.66300582885742,0,0,0,0,0,0,0,0,0,0,0,1,0,0,0,0,0,0,0,False,UNKNOWN,0,0,0,0,201357999,24484,0,37.5276985168457,13,,,"{'Type': 'start', 'Data_Type': 'Synthetical', 'Protocol_name': 'ABGv5-5ppb-10RH-75ccm-Anthony-Q425', 'Trial_Details': {'RH': 0, 'group': 35, 'detail': 'N/A', 'trialnum': 23, 'TrialName': '10rh', 'identifier': 'srzyh', 'Concentration': 0}, 'Experiment_Rig': 'DA3'}",,2026-01-19 01:41:03.848,"{'cid': '50887afa-f28e-43cb-ad20-c4bac4e7cd08', 'uuid': '78721ac2-ace3-4b52-bdcf-c79e95c6f8f5', 'annotationId': '2be98d50-2a59-4d82-955b-54fa72a23f06', 'name': 'AmbientSamplingRFC', 'description': 'AmbientSamplingRFC', 'labels': 'AmbientSamplingRFC', 'metadata': {'Length': 30, 'Progress': 0, 'startTime': 1768786848739, 'Notification': 'Event AmbientSamplingRFC Started.'}, 'createdAt': '2026-01-19T01:40:48.964Z', 'createdBy': '5c7b5d9f-c171-4004-a182-4277ffd4c9eb'}",29.76,33.38,2200.0,2198.38,24020116.0,15.0,14.97,22040109.0,1600.0,1599.85,21470060.0,1385.0,1383.43,22450138.0,1800.0,1799.32,22340093.0,0.0,432202.06,25.07,32.63,1009.04
0000000027-4125-asu-nz,0000000018-3024-oms-nz,AmbientSamplingRFC,2be98d50-2a59-4d82-955b-54fa72a23f06,b0d302bf-f0f3-4feb-821a-8083f454e883,1220.2138671875,488520.65625,200031.515625,8132.0712890625,7133.28955078125,26006.35546875,184708.8125,180059.59375,235875.578125,70377.0078125,129319.2265625,18640.46484375,275126.5625,5524.56005859375,19439.12890625,37232.1171875,258767.421875,52664.33203125,192830.6875,20282.939453125,6902.2490234375,13218.9560546875,27513.751953125,45735.671875,2933884.5,359500.46875,1100720.625,3622172.0,11029232,5586.01318359375,70321.6796875,126165600,53054828,21122.666015625,86247.0546875,202129.625,670340.0,4361.49853515625,2812453.5,1136264.25,63194.1328125,492301.59375,21330.046875,827478.5625,702.351318359375,449056.96875,446995.75,239754.15625,958427.8125,70147.6015625,77619.5,17380.7890625,4134.05908203125,274703.15625,15034.2998046875,147781.0625,33015.87890625,404986.625,1099293.0,58588.33984375,7256.9287109375,122800.3828125,13554.9755859375,606961.9375,21018,33.890113830566406,35.66300582885742,0,0,0,0,0,0,0,0,0,0,0,1,0,0,0,0,0,0,0,False,UNKNOWN,0,0,0,0,201357999,24484,0,37.5276985168457,13,,,"{'Type': 'start', 'Data_Type': 'Synthetical', 'Protocol_name': 'ABGv5-5ppb-10RH-75ccm-Anthony-Q425', 'Trial_Details': {'RH': 0, 'group': 35, 'detail': 'N/A', 'trialnum': 23, 'TrialName': '10rh', 'identifier': 'srzyh', 'Concentration': 0}, 'Experiment_Rig': 'DA3'}",,2026-01-19 01:41:04.151,"{'cid': '50887afa-f28e-43cb-ad20-c4bac4e7cd08', 'uuid': '78721ac2-ace3-4b52-bdcf-c79e95c6f8f5', 'annotationId': '2be98d50-2a59-4d82-955b-54fa72a23f06', 'name': 'AmbientSamplingRFC', 'description': 'AmbientSamplingRFC', 'labels': 'AmbientSamplingRFC', 'metadata': {'Length': 30, 'Progress': 0, 'startTime': 1768786848739, 'Notification': 'Event AmbientSamplingRFC Started.'}, 'createdAt': '2026-01-19T01:40:48.964Z', 'createdBy': '5c7b5d9f-c171-4004-a182-4277ffd4c9eb'}",29.76,33.39,2200.0,2198.3,24020116.0,15.0,14.97,22040109.0,1600.0,1599.49,21470060.0,1385.0,1383.82,22450138.0,1800.0,1799.56,22340093.0,0.0,432489.37,25.07,32.63,1009.04
0000000027-4125-asu-nz,0000000018-3024-oms-nz,AmbientSamplingRFC,2be98d50-2a59-4d82-955b-54fa72a23f06,b0d302bf-f0f3-4feb-821a-8083f454e883,1221.7301025390625,488577.3125,200004.703125,8132.14892578125,7133.1806640625,26006.314453125,184646.921875,180060.78125,235568.140625,70412.1015625,129310.15625,18639.95703125,275383.875,5517.73388671875,19441.521484375,37219.859375,258061.90625,52664.0546875,193749.34375,20292.712890625,6902.05810546875,13215.193359375,27513.03515625,45732.4609375,2929980.25,359886.96875,1099145.75,3621074.25,11032288,5588.37646484375,73954.0546875,126020432,52747664,21117.935546875,86277.6015625,202123.3125,670402.4375,4360.35498046875,2806766.0,1138086.125,63198.11328125,492638.78125,21328.603515625,827124.5625,703.4730834960938,449164.28125,446624.0,239765.40625,959631.9375,70160.1953125,77630.0859375,17384.255859375,4130.34033203125,274978.21875,15022.2333984375,148001.4375,33019.06640625,405238.59375,1099976.625,58596.3671875,7257.01708984375,122848.3046875,13560.23046875,607810.5,21319,33.970699310302734,35.743595123291016,0,0,0,0,0,0,0,0,0,0,0,1,0,0,0,0,0,0,0,False,UNKNOWN,0,0,0,0,201357999,24484,0,37.5276985168457,13,,,"{'Type': 'start', 'Data_Type': 'Synthetical', 'Protocol_name': 'ABGv5-5ppb-10RH-75ccm-Anthony-Q425', 'Trial_Details': {'RH': 0, 'group': 35, 'detail': 'N/A', 'trialnum': 23, 'TrialName': '10rh', 'identifier': 'srzyh', 'Concentration': 0}, 'Experiment_Rig': 'DA3'}",,2026-01-19 01:41:04.450,"{'cid': '50887afa-f28e-43cb-ad20-c4bac4e7cd08', 'uuid': '78721ac2-ace3-4b52-bdcf-c79e95c6f8f5', 'annotationId': '2be98d50-2a59-4d82-955b-54fa72a23f06', 'name': 'AmbientSamplingRFC', 'description': 'AmbientSamplingRFC', 'labels': 'AmbientSamplingRFC', 'metadata': {'Length': 30, 'Progress': 0, 'startTime': 1768786848739, 'Notification': 'Event AmbientSamplingRFC Started.'}, 'createdAt': '2026-01-19T01:40:48.964Z', 'createdBy': '5c7b5d9f-c171-4004-a182-4277ffd4c9eb'}",29.76,33.39,2200.0,2198.23,24020116.0,15.0,14.97,22040109.0,1600.0,1599.14,21470060.0,1385.0,1384.2,22450138.0,1800.0,1799.8,22340093.0,0.0,432772.89,25.07,32.63,1009.04
0000000027-4125-asu-nz,0000000018-3024-oms-nz,AmbientSamplingRFC,2be98d50-2a59-4d82-955b-54fa72a23f06,b0d302bf-f0f3-4feb-821a-8083f454e883,1220.1959228515625,488841.09375,199967.046875,8131.98046875,7133.30810546875,26004.59375,184615.84375,180076.53125,235552.0,70432.6953125,129299.234375,18640.53125,275550.34375,5537.466796875,19439.17578125,37225.40625,258287.171875,52660.89453125,194136.390625,20291.79296875,6901.78271484375,13212.2841796875,27512.818359375,45719.23046875,2927255.25,358322.3125,1098200.125,3620439.25,11032393,5588.16259765625,73180.8984375,125688264,52507580,21114.1953125,86259.796875,202179.125,670399.75,4361.0419921875,2805520.5,1138076.625,63188.89453125,492612.125,21327.85546875,827188.9375,702.8600463867188,448653.78125,446902.40625,239732.09375,960256.0,70163.359375,77653.203125,17386.6328125,4135.12841796875,275197.875,15032.5791015625,147227.859375,33020.953125,405293.5625,1100911.875,58593.625,7257.32568359375,122775.3671875,13566.6337890625,608382.375,21620,33.970699310302734,35.582420349121094,0,0,0,0,0,0,0,0,0,0,0,1,0,0,0,0,0,0,0,False,UNKNOWN,0,0,0,0,201357999,24484,0,37.5276985168457,13,,,"{'Type': 'start', 'Data_Type': 'Synthetical', 'Protocol_name': 'ABGv5-5ppb-10RH-75ccm-Anthony-Q425', 'Trial_Details': {'RH': 0, 'group': 35, 'detail': 'N/A', 'trialnum': 23, 'TrialName': '10rh', 'identifier': 'srzyh', 'Concentration': 0}, 'Experiment_Rig': 'DA3'}",,2026-01-19 01:41:04.753,"{'cid': '50887afa-f28e-43cb-ad20-c4bac4e7cd08', 'uuid': '78721ac2-ace3-4b52-bdcf-c79e95c6f8f5', 'annotationId': '2be98d50-2a59-4d82-955b-54fa72a23f06', 'name': 'AmbientSamplingRFC', 'description': 'AmbientSamplingRFC', 'labels': 'AmbientSamplingRFC', 'metadata': {'Length': 30, 'Progress': 0, 'startTime': 1768786848739, 'Notification': 'Event AmbientSamplingRFC Started.'}, 'createdAt': '2026-01-19T01:40:48.964Z', 'createdBy': '5c7b5d9f-c171-4004-a182-4277ffd4c9eb'}",29.76,33.39,2200.0,2198.15,24020116.0,15.0,14.97,22040109.0,1600.0,1598.77,21470060.0,1385.0,1384.58,22450138.0,1800.0,1800.04,22340093.0,0.0,433060.2,25.07,32.63,1009.04
0000000027-4125-asu-nz,0000000018-3024-oms-nz,AmbientSamplingRFC,2be98d50-2a59-4d82-955b-54fa72a23f06,b0d302bf-f0f3-4feb-821a-8083f454e883,1220.4188232421875,488338.84375,199958.78125,8131.70263671875,7133.10595703125,26004.490234375,184664.5,180016.671875,235600.046875,70432.1171875,129285.4765625,18641.11328125,275814.34375,5549.7099609375,19441.029296875,37218.09765625,258300.8125,52662.33203125,193578.984375,20291.5234375,6902.2880859375,13217.7451171875,27514.18359375,45728.0234375,2924020.25,359387.3125,1099048.75,3619021.0,11020930,5587.9013671875,71200.9609375,125042008,52348800,21125.76953125,86268.5,202229.375,670555.3125,4360.669921875,2808144.0,1137865.5,63188.43359375,492775.15625,21330.197265625,827357.9375,702.4765625,448629.53125,446269.65625,239743.515625,960831.1875,70149.859375,77636.5234375,17386.4296875,4139.6552734375,275109.1875,15033.3388671875,147830.40625,33020.10546875,405230.71875,1101434.625,58598.37109375,7256.63818359375,122933.2421875,13558.7890625,609035.5,21921,33.970699310302734,35.743595123291016,0,0,0,0,0,0,0,0,0,0,0,1,0,0,0,0,0,0,0,False,UNKNOWN,0,0,0,0,201357999,24484,0,37.5276985168457,13,,,"{'Type': 'start', 'Data_Type': 'Synthetical', 'Protocol_name': 'ABGv5-5ppb-10RH-75ccm-Anthony-Q425', 'Trial_Details': {'RH': 0, 'group': 35, 'detail': 'N/A', 'trialnum': 23, 'TrialName': '10rh', 'identifier': 'srzyh', 'Concentration': 0}, 'Experiment_Rig': 'DA3'}",,2026-01-19 01:41:05.052,"{'cid': '50887afa-f28e-43cb-ad20-c4bac4e7cd08', 'uuid': '78721ac2-ace3-4b52-bdcf-c79e95c6f8f5', 'annotationId': '2be98d50-2a59-4d82-955b-54fa72a23f06', 'name': 'AmbientSamplingRFC', 'description': 'AmbientSamplingRFC', 'labels': 'AmbientSamplingRFC', 'metadata': {'Length': 30, 'Progress': 0, 'startTime': 1768786848739, 'Notification': 'Event AmbientSamplingRFC Started.'}, 'createdAt': '2026-01-19T01:40:48.964Z', 'createdBy': '5c7b5d9f-c171-4004-a182-4277ffd4c9eb'}",29.76,33.39,2200.0,2198.07,24020116.0,15.0,14.95,22040109.0,1600.0,1598.82,21470060.0,1385.0,1384.84,22450138.0,1800.0,1800.22,22340093.0,0.0,433411.7,25.07,32.63,1009.04
0000000027-4125-asu-nz,0000000018-3024-oms-nz,AmbientSamplingRFC,2be98d50-2a59-4d82-955b-54fa72a23f06,b0d302bf-f0f3-4feb-821a-8083f454e883,1220.972412109375,488571.34375,199964.375,8131.88720703125,7133.81005859375,26002.48828125,184666.625,180011.46875,235473.4375,70436.3203125,129281.7734375,18640.611328125,274822.0625,5530.75390625,19441.77734375,37209.97265625,258353.421875,52656.69921875,193271.65625,20286.3125,6902.09765625,13226.4501953125,27515.078125,45720.37890625,2921431.25,359975.0625,1098663.875,3617450.5,11007254,5588.12255859375,69543.8203125,124325880,52295836,21117.1875,86273.5703125,202226.109375,670789.6875,4359.81103515625,2811161.25,1137673.25,63181.53125,492260.125,21328.990234375,826995.5,703.0863037109375,448780.90625,446294.34375,239716.984375,961107.5625,70162.6328125,77605.734375,17388.23828125,4145.666015625,276251.6875,15048.55859375,147951.546875,33027.60546875,405173.96875,1101802.125,58587.2421875,7256.76123046875,123003.375,13560.4111328125,609656.9375,22222,33.970699310302734,35.743595123291016,0,0,0,0,0,0,0,0,0,0,0,1,0,0,0,0,0,0,0,False,UNKNOWN,0,0,0,0,201357999,24484,0,37.5276985168457,13,,,"{'Type': 'start', 'Data_Type': 'Synthetical', 'Protocol_name': 'ABGv5-5ppb-10RH-75ccm-Anthony-Q425', 'Trial_Details': {'RH': 0, 'group': 35, 'detail': 'N/A', 'trialnum': 23, 'TrialName': '10rh', 'identifier': 'srzyh', 'Concentration': 0}, 'Experiment_Rig': 'DA3'}",,2026-01-19 01:41:05.354,"{'cid': '50887afa-f28e-43cb-ad20-c4bac4e7cd08', 'uuid': '78721ac2-ace3-4b52-bdcf-c79e95c6f8f5', 'annotationId': '2be98d50-2a59-4d82-955b-54fa72a23f06', 'name': 'AmbientSamplingRFC', 'description': 'AmbientSamplingRFC', 'labels': 'AmbientSamplingRFC', 'metadata': {'Length': 30, 'Progress': 0, 'startTime': 1768786848739, 'Notification': 'Event AmbientSamplingRFC Started.'}, 'createdAt': '2026-01-19T01:40:48.964Z', 'createdBy': '5c7b5d9f-c171-4004-a182-4277ffd4c9eb'}",29.75,33.38,2200.0,2197.99,24020116.0,15.0,14.93,22040109.0,1600.0,1598.94,21470060.0,1385.0,1385.08,22450138.0,1800.0,1800.39,22340093.0,0.0,433769.85,25.08,32.63,1009.03
0000000027-4125-asu-nz,0000000018-3024-oms-nz,AmbientSamplingRFC,2be98d50-2a59-4d82-955b-54fa72a23f06,b0d302bf-f0f3-4feb-821a-8083f454e883,1219.58935546875,488689.3125,199971.25,8132.01611328125,7133.02685546875,26002.380859375,184599.40625,179993.125,235034.53125,70380.3984375,129272.5234375,18639.986328125,274499.96875,5526.2041015625,19440.6328125,37216.23828125,258289.6875,52667.71875,194214.359375,20293.640625,6902.00439453125,13223.365234375,27516.490234375,45732.62109375,2919123.25,354935.8125,1096548.75,3615777.0,10999185,5587.95263671875,68725.8125,123600968,52346984,21124.673828125,86293.15625,202236.34375,670891.375,4360.67578125,2813103.5,1136944.125,63178.0859375,492047.6875,21328.662109375,827096.4375,703.5010986328125,448599.46875,446582.03125,239723.703125,961327.3125,70144.5546875,77613.8515625,17388.388671875,4143.119140625,276547.0625,15074.783203125,147150.25,33029.49609375,405251.40625,1102555.25,58583.47265625,7256.65380859375,122977.8671875,13563.50390625,609175.0625,22523,33.970699310302734,35.66300582885742,0,0,0,0,0,0,0,0,0,0,0,1,0,0,0,0,0,0,0,False,UNKNOWN,0,0,0,0,201357999,24484,0,37.5276985168457,13,,,"{'Type': 'start', 'Data_Type': 'Synthetical', 'Protocol_name': 'ABGv5-5ppb-10RH-75ccm-Anthony-Q425', 'Trial_Details': {'RH': 0, 'group': 35, 'detail': 'N/A', 'trialnum': 23, 'TrialName': '10rh', 'identifier': 'srzyh', 'Concentration': 0}, 'Experiment_Rig': 'DA3'}",,2026-01-19 01:41:05.655,"{'cid': '50887afa-f28e-43cb-ad20-c4bac4e7cd08', 'uuid': '78721ac2-ace3-4b52-bdcf-c79e95c6f8f5', 'annotationId': '2be98d50-2a59-4d82-955b-54fa72a23f06', 'name': 'AmbientSamplingRFC', 'description': 'AmbientSamplingRFC', 'labels': 'AmbientSamplingRFC', 'metadata': {'Length': 30, 'Progress': 0, 'startTime': 1768786848739, 'Notification': 'Event AmbientSamplingRFC Started.'}, 'createdAt': '2026-01-19T01:40:48.964Z', 'createdBy': '5c7b5d9f-c171-4004-a182-4277ffd4c9eb'}",29.75,33.38,2200.0,2197.91,24020116.0,15.0,14.9,22040109.0,1600.0,1599.06,21470060.0,1385.0,1385.32,22450138.0,1800.0,1800.55,22340093.0,0.0,434126.81,25.08,32.63,1009.03
0000000027-4125-asu-nz,0000000018-3024-oms-nz,AmbientSamplingRFC,2be98d50-2a59-4d82-955b-54fa72a23f06,b0d302bf-f0f3-4feb-821a-8083f454e883,1219.95458984375,488844.3125,199948.921875,8132.107421875,7133.44580078125,26000.771484375,184547.953125,179964.25,235473.484375,70439.96875,129277.21875,18640.21875,274958.375,5520.13232421875,19441.763671875,37223.46484375,258398.21875,52671.640625,193387.265625,20283.509765625,6902.4091796875,13203.537109375,27519.208984375,45733.71875,2917854.5,358884.0625,1097736.375,3614204.0,10992478,5588.7412109375,67338.7109375,122785216,52495088,21130.201171875,86281.0703125,202238.328125,671021.0,4360.8369140625,2821473.25,1136152.0,63172.66796875,492275.75,21327.701171875,827182.3125,703.4237670898438,448402.65625,446570.8125,239699.90625,961199.4375,70166.3828125,77605.6328125,17385.892578125,4139.63671875,276638.875,15042.9423828125,146751.578125,33030.52734375,405270.15625,1102413.0,58584.58203125,7256.91552734375,122956.6015625,13563.4365234375,609596.625,22824,33.970699310302734,35.66300582885742,0,0,0,0,0,0,0,0,0,0,0,1,0,0,0,0,0,0,0,False,UNKNOWN,0,0,0,0,201357999,24484,0,37.5276985168457,13,,,"{'Type': 'start', 'Data_Type': 'Synthetical', 'Protocol_name': 'ABGv5-5ppb-10RH-75ccm-Anthony-Q425', 'Trial_Details': {'RH': 0, 'group': 35, 'detail': 'N/A', 'trialnum': 23, 'TrialName': '10rh', 'identifier': 'srzyh', 'Concentration': 0}, 'Experiment_Rig': 'DA3'}",,2026-01-19 01:41:05.961,"{'cid': '50887afa-f28e-43cb-ad20-c4bac4e7cd08', 'uuid': '78721ac2-ace3-4b52-bdcf-c79e95c6f8f5', 'annotationId': '2be98d50-2a59-4d82-955b-54fa72a23f06', 'name': 'AmbientSamplingRFC', 'description': 'AmbientSamplingRFC', 'labels': 'AmbientSamplingRFC', 'metadata': {'Length': 30, 'Progress': 0, 'startTime': 1768786848739, 'Notification': 'Event AmbientSamplingRFC Started.'}, 'createdAt': '2026-01-19T01:40:48.964Z', 'createdBy': '5c7b5d9f-c171-4004-a182-4277ffd4c9eb'}",29.75,33.37,2200.0,2197.83,24020116.0,15.0,14.9,22040109.0,1600.0,1599.18,21470060.0,1385.0,1385.38,22450138.0,1800.0,1800.57,22340093.0,0.0,434483.61,25.08,32.63,1009.03
0000000027-4125-asu-nz,0000000018-3024-oms-nz,AmbientSamplingRFC,2be98d50-2a59-4d82-955b-54fa72a23f06,b0d302bf-f0f3-4feb-821a-8083f454e883,1219.8214111328125,488190.9375,199922.59375,8132.0498046875,7133.8701171875,26000.822265625,184594.28125,179972.78125,235411.984375,70404.4375,129294.4296875,18642.150390625,275539.53125,5521.798828125,19437.76953125,37225.921875,258109.90625,52674.58984375,193472.046875,20288.744140625,6901.85595703125,13234.0,27521.0625,45741.58984375,2917696.75,357362.0,1096407.5,3612755.5,10988451,5590.47216796875,67683.234375,122200432,52707564,21122.0390625,86273.1171875,202258.515625,671135.8125,4359.15380859375,2825499.5,1137968.75,63168.9921875,492242.0625,21331.04296875,827611.625,703.0035400390625,448207.46875,446429.96875,239670.390625,960485.875,70154.7265625,77577.9921875,17387.53125,4142.49267578125,276902.875,15030.955078125,147280.203125,33030.1328125,405301.1875,1102760.375,58583.3125,7257.53369140625,122906.6484375,13556.314453125,609707.5,23125,33.970699310302734,35.582420349121094,0,0,0,0,0,0,0,0,0,0,0,1,0,0,0,0,0,0,0,False,UNKNOWN,0,0,0,0,201357999,24484,0,37.5276985168457,13,,,"{'Type': 'start', 'Data_Type': 'Synthetical', 'Protocol_name': 'ABGv5-5ppb-10RH-75ccm-Anthony-Q425', 'Trial_Details': {'RH': 0, 'group': 35, 'detail': 'N/A', 'trialnum': 23, 'TrialName': '10rh', 'identifier': 'srzyh', 'Concentration': 0}, 'Experiment_Rig': 'DA3'}",,2026-01-19 01:41:06.256,"{'cid': '50887afa-f28e-43cb-ad20-c4bac4e7cd08', 'uuid': '78721ac2-ace3-4b52-bdcf-c79e95c6f8f5', 'annotationId': '2be98d50-2a59-4d82-955b-54fa72a23f06', 'name': 'AmbientSamplingRFC', 'description': 'AmbientSamplingRFC', 'labels': 'AmbientSamplingRFC', 'metadata': {'Length': 30, 'Progress': 0, 'startTime': 1768786848739, 'Notification': 'Event AmbientSamplingRFC Started.'}, 'createdAt': '2026-01-19T01:40:48.964Z', 'createdBy': '5c7b5d9f-c171-4004-a182-4277ffd4c9eb'}",29.75,33.36,2200.0,2197.75,24020116.0,15.0,14.9,22040109.0,1600.0,1599.3,21470060.0,1385.0,1385.26,22450138.0,1800.0,1800.43,22340093.0,0.0,434779.09,25.08,32.63,1009.02
0000000027-4125-asu-nz,0000000018-3024-oms-nz,AmbientSamplingRFC,2be98d50-2a59-4d82-955b-54fa72a23f06,b0d302bf-f0f3-4feb-821a-8083f454e883,1219.9390869140625,488508.78125,199935.515625,8132.06787109375,7133.3974609375,26001.134765625,184610.21875,179987.359375,235471.21875,70415.375,129302.6484375,18641.76953125,277148.40625,5528.228515625,19442.888671875,37234.86328125,258192.34375,52676.32421875,193190.578125,20287.556640625,6902.4765625,13240.0439453125,27521.8515625,45732.234375,2918049.75,356894.0,1097862.25,3612820.75,10993953,5590.26220703125,66685.6796875,122003296,52971760,21125.9921875,86276.546875,202249.640625,671176.6875,4361.06884765625,2831462.5,1137232.125,63162.1015625,491964.28125,21332.3125,827303.25,702.5498046875,447985.5,446418.09375,239638.703125,959359.4375,70128.6875,77577.5703125,17390.845703125,4135.47607421875,275478.28125,15052.994140625,146136.3125,33028.0390625,405203.375,1102746.875,58584.88671875,7257.44970703125,122920.15625,13559.10546875,609828.5625,23426,33.890113830566406,35.582420349121094,0,0,0,0,0,0,0,0,0,0,0,1,0,0,0,0,0,0,0,False,UNKNOWN,0,0,0,0,201357999,24484,0,37.5276985168457,13,,,"{'Type': 'start', 'Data_Type': 'Synthetical', 'Protocol_name': 'ABGv5-5ppb-10RH-75ccm-Anthony-Q425', 'Trial_Details': {'RH': 0, 'group': 35, 'detail': 'N/A', 'trialnum': 23, 'TrialName': '10rh', 'identifier': 'srzyh', 'Concentration': 0}, 'Experiment_Rig': 'DA3'}",,2026-01-19 01:41:06.558,"{'cid': '50887afa-f28e-43cb-ad20-c4bac4e7cd08', 'uuid': '78721ac2-ace3-4b52-bdcf-c79e95c6f8f5', 'annotationId': '2be98d50-2a59-4d82-955b-54fa72a23f06', 'name': 'AmbientSamplingRFC', 'description': 'AmbientSamplingRFC', 'labels': 'AmbientSamplingRFC', 'metadata': {'Length': 30, 'Progress': 0, 'startTime': 1768786848739, 'Notification': 'Event AmbientSamplingRFC Started.'}, 'createdAt': '2026-01-19T01:40:48.964Z', 'createdBy': '5c7b5d9f-c171-4004-a182-4277ffd4c9eb'}",29.75,33.35,2200.0,2197.67,24020116.0,15.0,14.91,22040109.0,1600.0,1599.42,21470060.0,1385.0,1385.14,22450138.0,1800.0,1800.29,22340093.0,0.0,435081.57,25.09,32.63,1009.02
0000000027-4125-asu-nz,0000000018-3024-oms-nz,AmbientSamplingRFC,2be98d50-2a59-4d82-955b-54fa72a23f06,b0d302bf-f0f3-4feb-821a-8083f454e883,1220.818603515625,488565.6875,199948.28125,8132.265625,7133.12841796875,25998.818359375,184545.59375,179997.828125,235735.109375,70350.1484375,129309.09375,18641.8203125,278922.03125,5507.65380859375,19440.162109375,37230.90625,258297.703125,52678.83984375,192592.109375,20283.390625,6902.34130859375,13243.7490234375,27522.74609375,45742.0,2919573.25,358056.1875,1098643.75,3615519.5,11004293,5589.9482421875,67004.421875,122411384,53242764,21121.693359375,86301.875,202248.125,671192.9375,4360.31005859375,2835047.25,1138547.125,63168.30078125,491869.4375,21331.580078125,827487.4375,702.1973266601562,448283.25,446474.59375,239681.203125,957840.375,70125.265625,77603.609375,17385.37890625,4137.20654296875,276776.875,15039.1435546875,146677.796875,33023.78515625,405144.15625,1102725.25,58584.63671875,7257.58447265625,122749.8984375,13556.8466796875,609299.3125,23727,34.05128479003906,35.582420349121094,0,0,0,0,0,0,0,0,0,0,0,1,0,0,0,0,0,0,0,False,UNKNOWN,0,0,0,0,201357999,24484,0,37.5276985168457,13,,,"{'Type': 'start', 'Data_Type': 'Synthetical', 'Protocol_name': 'ABGv5-5ppb-10RH-75ccm-Anthony-Q425', 'Trial_Details': {'RH': 0, 'group': 35, 'detail': 'N/A', 'trialnum': 23, 'TrialName': '10rh', 'identifier': 'srzyh', 'Concentration': 0}, 'Experiment_Rig': 'DA3'}",,2026-01-19 01:41:06.863,"{'cid': '50887afa-f28e-43cb-ad20-c4bac4e7cd08', 'uuid': '78721ac2-ace3-4b52-bdcf-c79e95c6f8f5', 'annotationId': '2be98d50-2a59-4d82-955b-54fa72a23f06', 'name': 'AmbientSamplingRFC', 'description': 'AmbientSamplingRFC', 'labels': 'AmbientSamplingRFC', 'metadata': {'Length': 30, 'Progress': 0, 'startTime': 1768786848739, 'Notification': 'Event AmbientSamplingRFC Started.'}, 'createdAt': '2026-01-19T01:40:48.964Z', 'createdBy': '5c7b5d9f-c171-4004-a182-4277ffd4c9eb'}",29.75,33.36,2200.0,2197.77,24020116.0,15.0,14.92,22040109.0,1600.0,1599.53,21470060.0,1385.0,1385.02,22450138.0,1800.0,1800.1,22340093.0,0.0,435387.06,25.09,32.63,1009.01
0000000027-4125-asu-nz,0000000018-3024-oms-nz,AmbientSamplingRFC,2be98d50-2a59-4d82-955b-54fa72a23f06,b0d302bf-f0f3-4feb-821a-8083f454e883,1220.552978515625,488673.03125,199977.90625,8132.326171875,7133.3701171875,26001.578125,184599.90625,180003.5625,235720.96875,70405.328125,129327.5,18642.38671875,275899.03125,5522.05859375,19442.986328125,37234.56640625,258309.203125,52680.80078125,192622.875,20291.974609375,6902.41162109375,13246.79296875,27521.671875,45735.234375,2922034.75,357978.9375,1100978.625,3617558.5,11011505,5589.8212890625,67789.3046875,122869168,53456200,21120.283203125,86292.3359375,202213.234375,671206.9375,4361.02001953125,2838830.25,1138617.125,63172.484375,491567.9375,21325.080078125,827222.875,702.5157470703125,448512.03125,446671.71875,239673.296875,957068.875,70136.671875,77594.3984375,17387.263671875,4131.81982421875,276768.71875,15077.2734375,147048.359375,33019.359375,404966.75,1101698.75,58569.39453125,7257.34423828125,122747.9453125,13546.8984375,609749.4375,24028,33.890113830566406,35.501834869384766,0,0,0,0,0,0,0,0,0,0,0,1,0,0,0,0,0,0,0,False,UNKNOWN,0,0,0,0,201357999,24484,0,37.5276985168457,13,,,"{'Type': 'start', 'Data_Type': 'Synthetical', 'Protocol_name': 'ABGv5-5ppb-10RH-75ccm-Anthony-Q425', 'Trial_Details': {'RH': 0, 'group': 35, 'detail': 'N/A', 'trialnum': 23, 'TrialName': '10rh', 'identifier': 'srzyh', 'Concentration': 0}, 'Experiment_Rig': 'DA3'}",,2026-01-19 01:41:07.160,"{'cid': '50887afa-f28e-43cb-ad20-c4bac4e7cd08', 'uuid': '78721ac2-ace3-4b52-bdcf-c79e95c6f8f5', 'annotationId': '2be98d50-2a59-4d82-955b-54fa72a23f06', 'name': 'AmbientSamplingRFC', 'description': 'AmbientSamplingRFC', 'labels': 'AmbientSamplingRFC', 'metadata': {'Length': 30, 'Progress': 0, 'startTime': 1768786848739, 'Notification': 'Event AmbientSamplingRFC Started.'}, 'createdAt': '2026-01-19T01:40:48.964Z', 'createdBy': '5c7b5d9f-c171-4004-a182-4277ffd4c9eb'}",29.75,33.37,2200.0,2198.8,24020116.0,15.0,14.92,22040109.0,1600.0,1599.62,21470060.0,1385.0,1384.88,22450138.0,1800.0,1799.7,22340093.0,0.0,435529.31,25.09,32.63,1009.01
0000000027-4125-asu-nz,0000000018-3024-oms-nz,AmbientSamplingRFC,2be98d50-2a59-4d82-955b-54fa72a23f06,b0d302bf-f0f3-4feb-821a-8083f454e883,1219.991455078125,488916.96875,199975.859375,8132.35498046875,7133.2470703125,26002.546875,184552.671875,180030.171875,235793.453125,70377.4921875,129325.984375,18640.583984375,277067.3125,5536.1337890625,19442.1640625,37233.96875,258297.140625,52674.5546875,192967.828125,20293.462890625,6902.37060546875,13236.703125,27522.939453125,45732.81640625,2923513.25,357168.5,1100177.375,3619457.0,11012448,5589.537109375,69201.546875,123362200,53610348,21122.1953125,86257.0,202202.171875,671093.4375,4361.8251953125,2839971.0,1137247.5,63171.5078125,491594.875,21330.4453125,826909.9375,703.3125610351562,448171.03125,446481.0,239682.359375,956641.5625,70152.6484375,77592.65625,17392.337890625,4137.77783203125,276597.6875,15025.96875,147855.921875,33016.9921875,404867.125,1100987.75,58568.96484375,7257.46630859375,122641.4453125,13553.822265625,610114.1875,24329,33.890113830566406,35.66300582885742,0,0,0,0,0,0,0,0,0,0,0,1,0,0,0,0,0,0,0,False,UNKNOWN,0,0,0,0,201363031,24484,0,38.208038330078125,13,,,"{'Type': 'start', 'Data_Type': 'Synthetical', 'Protocol_name': 'ABGv5-5ppb-10RH-75ccm-Anthony-Q425', 'Trial_Details': {'RH': 0, 'group': 35, 'detail': 'N/A', 'trialnum': 23, 'TrialName': '10rh', 'identifier': 'srzyh', 'Concentration': 0}, 'Experiment_Rig': 'DA3'}",,2026-01-19 01:41:07.462,"{'cid': '50887afa-f28e-43cb-ad20-c4bac4e7cd08', 'uuid': '78721ac2-ace3-4b52-bdcf-c79e95c6f8f5', 'annotationId': '2be98d50-2a59-4d82-955b-54fa72a23f06', 'name': 'AmbientSamplingRFC', 'description': 'AmbientSamplingRFC', 'labels': 'AmbientSamplingRFC', 'metadata': {'Length': 30, 'Progress': 0, 'startTime': 1768786848739, 'Notification': 'Event AmbientSamplingRFC Started.'}, 'createdAt': '2026-01-19T01:40:48.964Z', 'createdBy': '5c7b5d9f-c171-4004-a182-4277ffd4c9eb'}",29.76,33.38,2200.0,2199.86,24020116.0,15.0,14.93,22040109.0,1600.0,1599.7,21470060.0,1385.0,1384.73,22450138.0,1800.0,1799.3,22340093.0,0.0,435456.76,25.09,32.63,1009.01
0000000027-4125-asu-nz,0000000018-3024-oms-nz,AmbientSamplingRFC,2be98d50-2a59-4d82-955b-54fa72a23f06,b0d302bf-f0f3-4feb-821a-8083f454e883,1219.5615234375,489103.21875,200014.015625,8132.87841796875,7133.3193359375,26004.98828125,184608.71875,180069.59375,235943.5625,70470.3125,129334.890625,18642.732421875,275192.78125,5516.1845703125,19441.427734375,37237.96484375,258522.15625,52658.91015625,193070.109375,20286.40234375,6902.6962890625,13212.2783203125,27523.068359375,45732.8515625,2926042.75,357774.4375,1099985.5,3619968.5,11028749,5587.0771484375,69483.3203125,124360320,53661188,21120.974609375,86252.109375,202143.09375,670829.375,4362.42138671875,2842693.0,1137255.75,63181.5859375,492100.4375,21330.71484375,827953.5,701.6140747070312,448041.625,446346.9375,239703.515625,956196.0,70144.453125,77587.375,17388.220703125,4144.3427734375,276724.5625,15055.1376953125,147658.265625,33015.75,404874.28125,1100290.125,58566.765625,7257.49658203125,122778.8359375,13556.7138671875,608424.4375,24630,33.890113830566406,35.501834869384766,0,0,0,0,0,0,0,0,0,0,0,1,0,0,0,0,0,0,0,False,UNKNOWN,0,0,0,0,201363031,24484,0,38.208038330078125,13,,,"{'Type': 'start', 'Data_Type': 'Synthetical', 'Protocol_name': 'ABGv5-5ppb-10RH-75ccm-Anthony-Q425', 'Trial_Details': {'RH': 0, 'group': 35, 'detail': 'N/A', 'trialnum': 23, 'TrialName': '10rh', 'identifier': 'srzyh', 'Concentration': 0}, 'Experiment_Rig': 'DA3'}",,2026-01-19 01:41:07.761,"{'cid': '50887afa-f28e-43cb-ad20-c4bac4e7cd08', 'uuid': '78721ac2-ace3-4b52-bdcf-c79e95c6f8f5', 'annotationId': '2be98d50-2a59-4d82-955b-54fa72a23f06', 'name': 'AmbientSamplingRFC', 'description': 'AmbientSamplingRFC', 'labels': 'AmbientSamplingRFC', 'metadata': {'Length': 30, 'Progress': 0, 'startTime': 1768786848739, 'Notification': 'Event AmbientSamplingRFC Started.'}, 'createdAt': '2026-01-19T01:40:48.964Z', 'createdBy': '5c7b5d9f-c171-4004-a182-4277ffd4c9eb'}",29.76,33.39,2200.0,2200.9,24020116.0,15.0,14.94,22040109.0,1600.0,1599.78,21470060.0,1385.0,1384.59,22450138.0,1800.0,1798.89,22340093.0,0.0,435384.92,25.1,32.63,1009.01
0000000027-4125-asu-nz,0000000018-3024-oms-nz,AmbientSamplingRFC,2be98d50-2a59-4d82-955b-54fa72a23f06,b0d302bf-f0f3-4feb-821a-8083f454e883,1220.4622802734375,489109.375,200019.046875,8132.7783203125,7133.49365234375,26004.671875,184553.640625,180071.21875,236228.203125,70443.75,129340.328125,18643.65625,274629.59375,5523.00390625,19443.3359375,37238.93359375,258181.046875,52674.36328125,193066.0625,20294.5390625,6902.71484375,13197.12890625,27526.05078125,45736.140625,2928547.0,358684.5,1102230.375,3620806.25,11045666,5587.26123046875,69781.453125,125209296,53601312,21124.119140625,86236.296875,202168.53125,670682.25,4362.056640625,2848416.0,1136577.75,63178.98046875,492453.53125,21332.46875,827342.1875,703.6765747070312,448349.53125,446592.84375,239736.859375,956174.5625,70163.765625,77619.4453125,17384.505859375,4132.40869140625,276810.375,15051.7197265625,148397.90625,33022.37109375,404873.28125,1099810.625,58574.859375,7256.88671875,122745.34375,13552.0126953125,608314.9375,24931,33.970699310302734,35.743595123291016,0,0,0,0,0,0,0,0,0,0,0,1,0,0,0,0,0,0,0,False,UNKNOWN,0,0,0,0,201363031,24484,0,38.208038330078125,13,,,"{'Type': 'start', 'Data_Type': 'Synthetical', 'Protocol_name': 'ABGv5-5ppb-10RH-75ccm-Anthony-Q425', 'Trial_Details': {'RH': 0, 'group': 35, 'detail': 'N/A', 'trialnum': 23, 'TrialName': '10rh', 'identifier': 'srzyh', 'Concentration': 0}, 'Experiment_Rig': 'DA3'}",,2026-01-19 01:41:08.062,"{'cid': '50887afa-f28e-43cb-ad20-c4bac4e7cd08', 'uuid': '78721ac2-ace3-4b52-bdcf-c79e95c6f8f5', 'annotationId': '2be98d50-2a59-4d82-955b-54fa72a23f06', 'name': 'AmbientSamplingRFC', 'description': 'AmbientSamplingRFC', 'labels': 'AmbientSamplingRFC', 'metadata': {'Length': 30, 'Progress': 0, 'startTime': 1768786848739, 'Notification': 'Event AmbientSamplingRFC Started.'}, 'createdAt': '2026-01-19T01:40:48.964Z', 'createdBy': '5c7b5d9f-c171-4004-a182-4277ffd4c9eb'}",29.75,33.38,2200.0,2201.18,24020116.0,15.0,14.95,22040109.0,1600.0,1599.87,21470060.0,1385.0,1384.82,22450138.0,1800.0,1798.93,22340093.0,0.0,435312.61,25.1,32.63,1009.01
0000000027-4125-asu-nz,0000000018-3024-oms-nz,AmbientSamplingRFC,2be98d50-2a59-4d82-955b-54fa72a23f06,b0d302bf-f0f3-4feb-821a-8083f454e883,1219.1141357421875,488980.90625,200054.390625,8132.34521484375,7132.95703125,26005.5234375,184602.359375,180094.390625,236008.8125,70465.734375,129330.875,18641.76953125,273926.375,5544.90283203125,19441.384765625,37240.0703125,258288.9375,52668.28515625,192518.90625,20294.046875,6902.6357421875,13227.474609375,27522.7578125,45738.46484375,2932025.75,359517.0,1097562.25,3622164.25,11056254,5589.51806640625,70304.234375,126042976,53443252,21126.3984375,86222.6640625,202132.390625,670570.8125,4360.43505859375,2847710.25,1136934.5,63189.1171875,492238.09375,21334.18359375,826588.25,703.2880859375,448782.40625,446814.0625,239788.96875,956461.875,70158.796875,77604.625,17389.740234375,4132.32373046875,276675.46875,15053.4560546875,147865.90625,33018.0234375,404860.9375,1099684.625,58571.45703125,7256.720703125,122696.015625,13559.6845703125,609531.5,25232,33.80952835083008,35.582420349121094,0,0,0,0,0,0,0,0,0,0,0,1,0,0,0,0,0,0,0,False,UNKNOWN,0,0,0,0,201363031,24484,0,38.208038330078125,13,,,"{'Type': 'start', 'Data_Type': 'Synthetical', 'Protocol_name': 'ABGv5-5ppb-10RH-75ccm-Anthony-Q425', 'Trial_Details': {'RH': 0, 'group': 35, 'detail': 'N/A', 'trialnum': 23, 'TrialName': '10rh', 'identifier': 'srzyh', 'Concentration': 0}, 'Experiment_Rig': 'DA3'}",,2026-01-19 01:41:08.363,"{'cid': '50887afa-f28e-43cb-ad20-c4bac4e7cd08', 'uuid': '78721ac2-ace3-4b52-bdcf-c79e95c6f8f5', 'annotationId': '2be98d50-2a59-4d82-955b-54fa72a23f06', 'name': 'AmbientSamplingRFC', 'description': 'AmbientSamplingRFC', 'labels': 'AmbientSamplingRFC', 'metadata': {'Length': 30, 'Progress': 0, 'startTime': 1768786848739, 'Notification': 'Event AmbientSamplingRFC Started.'}, 'createdAt': '2026-01-19T01:40:48.964Z', 'createdBy': '5c7b5d9f-c171-4004-a182-4277ffd4c9eb'}",29.74,33.38,2200.0,2201.25,24020116.0,15.0,14.95,22040109.0,1600.0,1599.95,21470060.0,1385.0,1385.16,22450138.0,1800.0,1799.1,22340093.0,0.0,435488.76,25.1,32.63,1009.01
0000000027-4125-asu-nz,0000000018-3024-oms-nz,AmbientSamplingRFC,2be98d50-2a59-4d82-955b-54fa72a23f06,b0d302bf-f0f3-4feb-821a-8083f454e883,1219.5400390625,489244.65625,200077.9375,8133.056640625,7133.24365234375,26004.62109375,184608.0625,180101.703125,236079.78125,70403.7578125,129324.2109375,18642.728515625,274652.53125,5521.0341796875,19442.783203125,37241.671875,258185.296875,52653.3203125,191480.984375,20291.671875,6902.50537109375,13205.5107421875,27523.57421875,45739.7890625,2933392.75,358956.5625,1100040.125,3622366.0,11064408,5589.72998046875,69703.3671875,126467392,53212732,21122.7578125,86237.296875,202106.578125,670483.75,4359.9599609375,2844970.75,1138273.375,63193.13671875,492477.75,21331.611328125,827401.0625,702.7918701171875,448435.59375,446266.21875,239818.578125,957038.5625,70131.9609375,77619.4296875,17386.984375,4141.0009765625,276630.53125,15058.662109375,147888.734375,33024.48828125,404895.34375,1099662.5,58570.546875,7256.9228515625,122712.328125,13562.396484375,609942.375,25533,33.970699310302734,35.743595123291016,0,0,0,0,0,0,0,0,0,0,0,1,0,0,0,0,0,0,0,False,UNKNOWN,0,0,0,0,201363031,24484,0,38.208038330078125,13,,,"{'Type': 'start', 'Data_Type': 'Synthetical', 'Protocol_name': 'ABGv5-5ppb-10RH-75ccm-Anthony-Q425', 'Trial_Details': {'RH': 0, 'group': 35, 'detail': 'N/A', 'trialnum': 23, 'TrialName': '10rh', 'identifier': 'srzyh', 'Concentration': 0}, 'Experiment_Rig': 'DA3'}",,2026-01-19 01:41:08.665,"{'cid': '50887afa-f28e-43cb-ad20-c4bac4e7cd08', 'uuid': '78721ac2-ace3-4b52-bdcf-c79e95c6f8f5', 'annotationId': '2be98d50-2a59-4d82-955b-54fa72a23f06', 'name': 'AmbientSamplingRFC', 'description': 'AmbientSamplingRFC', 'labels': 'AmbientSamplingRFC', 'metadata': {'Length': 30, 'Progress': 0, 'startTime': 1768786848739, 'Notification': 'Event AmbientSamplingRFC Started.'}, 'createdAt': '2026-01-19T01:40:48.964Z', 'createdBy': '5c7b5d9f-c171-4004-a182-4277ffd4c9eb'}",29.73,33.37,2200.0,2201.32,24020116.0,15.0,14.96,22040109.0,1600.0,1600.03,21470060.0,1385.0,1385.49,22450138.0,1800.0,1799.26,22340093.0,0.0,435852.45,25.1,32.63,1009.01
0000000027-4125-asu-nz,0000000018-3024-oms-nz,AmbientSamplingRFC,2be98d50-2a59-4d82-955b-54fa72a23f06,b0d302bf-f0f3-4feb-821a-8083f454e883,1220.3052978515625,488761.375,200082.09375,8133.19140625,7133.431640625,26003.890625,184650.65625,180124.8125,235951.8125,70414.9921875,129326.9375,18642.2265625,273497.5,5520.1767578125,19443.017578125,37241.62109375,258060.078125,52655.4765625,192347.8125,20287.376953125,6902.4453125,13215.0908203125,27522.85546875,45733.6953125,2932274.75,357316.1875,1104164.125,3622412.75,11067793,5589.6044921875,70614.40625,126653904,52916420,21123.5625,86224.640625,202126.171875,670455.625,4359.3828125,2846778.0,1138877.875,63196.09765625,492273.8125,21329.5078125,827656.1875,702.5977172851562,448786.96875,446754.3125,239840.046875,958066.4375,70152.328125,77621.9765625,17393.01171875,4137.1455078125,276736.25,15093.37890625,147454.5625,33018.91796875,405028.25,1099538.625,58578.25390625,7256.56396484375,122756.5625,13551.78515625,610027.8125,25834,33.970699310302734,35.66300582885742,0,0,0,0,0,0,0,0,0,0,0,1,0,0,0,0,0,0,0,False,UNKNOWN,0,0,0,0,201363031,24484,0,38.208038330078125,13,,,"{'Type': 'start', 'Data_Type': 'Synthetical', 'Protocol_name': 'ABGv5-5ppb-10RH-75ccm-Anthony-Q425', 'Trial_Details': {'RH': 0, 'group': 35, 'detail': 'N/A', 'trialnum': 23, 'TrialName': '10rh', 'identifier': 'srzyh', 'Concentration': 0}, 'Experiment_Rig': 'DA3'}",,2026-01-19 01:41:08.965,"{'cid': '50887afa-f28e-43cb-ad20-c4bac4e7cd08', 'uuid': '78721ac2-ace3-4b52-bdcf-c79e95c6f8f5', 'annotationId': '2be98d50-2a59-4d82-955b-54fa72a23f06', 'name': 'AmbientSamplingRFC', 'description': 'AmbientSamplingRFC', 'labels': 'AmbientSamplingRFC', 'metadata': {'Length': 30, 'Progress': 0, 'startTime': 1768786848739, 'Notification': 'Event AmbientSamplingRFC Started.'}, 'createdAt': '2026-01-19T01:40:48.964Z', 'createdBy': '5c7b5d9f-c171-4004-a182-4277ffd4c9eb'}",29.74,33.37,2200.0,2201.33,24020116.0,15.0,14.97,22040109.0,1600.0,1600.09,21470060.0,1385.0,1385.62,22450138.0,1800.0,1799.54,22340093.0,0.0,436213.74,25.1,32.63,1009.02
0000000027-4125-asu-nz,0000000018-3024-oms-nz,AmbientSamplingRFC,2be98d50-2a59-4d82-955b-54fa72a23f06,b0d302bf-f0f3-4feb-821a-8083f454e883,1220.4320068359375,488784.375,200050.640625,8132.89208984375,7133.6845703125,26006.263671875,184693.15625,180116.78125,235729.5,70404.359375,129311.3359375,18642.017578125,274294.3125,5523.65673828125,19442.97265625,37229.70703125,257787.421875,52656.58984375,192796.171875,20294.90625,6902.40673828125,13227.220703125,27519.994140625,45730.28515625,2928812.75,357182.71875,1102175.875,3620731.0,11069360,5588.294921875,71204.5703125,126514000,52632776,21123.837890625,86241.3203125,202130.15625,670438.0,4359.2412109375,2849031.5,1138254.0,63197.85546875,492301.84375,21330.71875,828018.875,702.5571899414062,448690.59375,446629.46875,239824.203125,959038.9375,70156.0625,77615.109375,17391.388671875,4136.9267578125,276848.9375,15039.296875,147152.3125,33024.08203125,405186.9375,1100386.75,58578.22265625,7256.2314453125,122730.421875,13552.0224609375,608493.5625,26135,33.970699310302734,35.743595123291016,0,0,0,0,0,0,0,0,0,0,0,1,0,0,0,0,0,0,0,False,UNKNOWN,0,0,0,0,201363031,24484,0,38.208038330078125,13,,,"{'Type': 'start', 'Data_Type': 'Synthetical', 'Protocol_name': 'ABGv5-5ppb-10RH-75ccm-Anthony-Q425', 'Trial_Details': {'RH': 0, 'group': 35, 'detail': 'N/A', 'trialnum': 23, 'TrialName': '10rh', 'identifier': 'srzyh', 'Concentration': 0}, 'Experiment_Rig': 'DA3'}",,2026-01-19 01:41:09.267,"{'cid': '50887afa-f28e-43cb-ad20-c4bac4e7cd08', 'uuid': '78721ac2-ace3-4b52-bdcf-c79e95c6f8f5', 'annotationId': '2be98d50-2a59-4d82-955b-54fa72a23f06', 'name': 'AmbientSamplingRFC', 'description': 'AmbientSamplingRFC', 'labels': 'AmbientSamplingRFC', 'metadata': {'Length': 30, 'Progress': 0, 'startTime': 1768786848739, 'Notification': 'Event AmbientSamplingRFC Started.'}, 'createdAt': '2026-01-19T01:40:48.964Z', 'createdBy': '5c7b5d9f-c171-4004-a182-4277ffd4c9eb'}",29.74,33.36,2200.0,2201.28,24020116.0,15.0,14.97,22040109.0,1600.0,1600.11,21470060.0,1385.0,1385.47,22450138.0,1800.0,1799.97,22340093.0,0.0,436577.44,25.1,32.63,1009.02
0000000027-4125-asu-nz,0000000018-3024-oms-nz,AmbientSamplingRFC,2be98d50-2a59-4d82-955b-54fa72a23f06,b0d302bf-f0f3-4feb-821a-8083f454e883,1220.3836669921875,488379.96875,200045.984375,8132.39013671875,7133.310546875,26007.392578125,184647.0,180086.15625,235567.46875,70383.71875,129326.234375,18642.494140625,273584.8125,5535.04638671875,19439.89453125,37225.7421875,257609.765625,52658.48046875,192936.671875,20286.62109375,6902.30908203125,13240.2626953125,27520.00390625,45730.30859375,2926186.5,356529.5625,1100699.5,3619957.5,11066997,5589.09130859375,70543.7421875,126214192,52403676,21118.01953125,86233.4765625,202149.46875,670441.875,4360.2900390625,2852039.0,1137064.5,63197.51171875,491972.875,21327.46484375,827932.6875,701.8380737304688,448625.625,447074.46875,239843.375,959544.5625,70173.171875,77633.015625,17392.5,4141.73583984375,276523.4375,15058.78125,148690.109375,33024.7578125,405251.375,1100530.75,58585.43359375,7256.96630859375,122753.7265625,13542.138671875,608437.0,26436,33.970699310302734,35.66300582885742,0,0,0,0,0,0,0,0,0,0,0,1,0,0,0,0,0,0,0,False,UNKNOWN,0,0,0,0,201363031,24484,0,38.208038330078125,13,,,"{'Type': 'start', 'Data_Type': 'Synthetical', 'Protocol_name': 'ABGv5-5ppb-10RH-75ccm-Anthony-Q425', 'Trial_Details': {'RH': 0, 'group': 35, 'detail': 'N/A', 'trialnum': 23, 'TrialName': '10rh', 'identifier': 'srzyh', 'Concentration': 0}, 'Experiment_Rig': 'DA3'}",,2026-01-19 01:41:09.568,"{'cid': '50887afa-f28e-43cb-ad20-c4bac4e7cd08', 'uuid': '78721ac2-ace3-4b52-bdcf-c79e95c6f8f5', 'annotationId': '2be98d50-2a59-4d82-955b-54fa72a23f06', 'name': 'AmbientSamplingRFC', 'description': 'AmbientSamplingRFC', 'labels': 'AmbientSamplingRFC', 'metadata': {'Length': 30, 'Progress': 0, 'startTime': 1768786848739, 'Notification': 'Event AmbientSamplingRFC Started.'}, 'createdAt': '2026-01-19T01:40:48.964Z', 'createdBy': '5c7b5d9f-c171-4004-a182-4277ffd4c9eb'}",29.75,33.36,2200.0,2201.22,24020116.0,15.0,14.98,22040109.0,1600.0,1600.14,21470060.0,1385.0,1385.33,22450138.0,1800.0,1800.4,22340093.0,0.0,436567.21,25.1,32.63,1009.02
0000000027-4125-asu-nz,0000000018-3024-oms-nz,AmbientSamplingRFC,2be98d50-2a59-4d82-955b-54fa72a23f06,b0d302bf-f0f3-4feb-821a-8083f454e883,1220.7802734375,488263.84375,200018.265625,8132.3408203125,7133.34033203125,26005.13671875,184663.578125,180083.578125,235273.765625,70378.03125,129315.515625,18642.525390625,274093.5,5518.189453125,19440.33203125,37231.859375,257832.171875,52661.67578125,192887.265625,20287.12109375,6902.12548828125,13226.828125,27519.900390625,45730.62109375,2923235.0,356579.03125,1100109.875,3618612.0,11058887,5588.7626953125,69358.46875,125562000,52252640,21123.318359375,86250.75,202208.5,670485.0625,4360.35888671875,2856766.25,1138325.75,63202.94921875,492364.0625,21329.07421875,828362.1875,701.6152954101562,449212.375,447149.5,239834.421875,960324.25,70186.6953125,77651.2890625,17394.451171875,4131.0859375,276678.5,15035.376953125,148301.40625,33025.76953125,405318.25,1101256.875,58584.1484375,7257.03076171875,122931.171875,13550.02734375,608899.9375,26737,33.970699310302734,35.582420349121094,0,0,0,0,0,0,0,0,0,0,0,1,0,0,0,0,0,0,0,False,UNKNOWN,0,0,0,0,201363031,24484,0,38.208038330078125,13,,,"{'Type': 'start', 'Data_Type': 'Synthetical', 'Protocol_name': 'ABGv5-5ppb-10RH-75ccm-Anthony-Q425', 'Trial_Details': {'RH': 0, 'group': 35, 'detail': 'N/A', 'trialnum': 23, 'TrialName': '10rh', 'identifier': 'srzyh', 'Concentration': 0}, 'Experiment_Rig': 'DA3'}",,2026-01-19 01:41:09.874,"{'cid': '50887afa-f28e-43cb-ad20-c4bac4e7cd08', 'uuid': '78721ac2-ace3-4b52-bdcf-c79e95c6f8f5', 'annotationId': '2be98d50-2a59-4d82-955b-54fa72a23f06', 'name': 'AmbientSamplingRFC', 'description': 'AmbientSamplingRFC', 'labels': 'AmbientSamplingRFC', 'metadata': {'Length': 30, 'Progress': 0, 'startTime': 1768786848739, 'Notification': 'Event AmbientSamplingRFC Started.'}, 'createdAt': '2026-01-19T01:40:48.964Z', 'createdBy': '5c7b5d9f-c171-4004-a182-4277ffd4c9eb'}",29.75,33.36,2200.0,2201.16,24020116.0,15.0,14.99,22040109.0,1600.0,1600.13,21470060.0,1385.0,1385.19,22450138.0,1800.0,1800.79,22340093.0,0.0,436419.64,25.11,32.63,1009.02
0000000027-4125-asu-nz,0000000018-3024-oms-nz,AmbientSamplingRFC,2be98d50-2a59-4d82-955b-54fa72a23f06,b0d302bf-f0f3-4feb-821a-8083f454e883,1220.5538330078125,488053.65625,199978.609375,8132.48193359375,7133.20751953125,26002.96484375,184645.5625,180062.0625,235450.484375,70338.6328125,129304.65625,18639.57421875,274166.1875,5535.12451171875,19438.279296875,37226.8359375,257592.890625,52654.375,192856.328125,20286.65625,6901.853515625,13243.703125,27520.224609375,45729.41796875,2921802.75,356999.90625,1101494.5,3616830.75,11046770,5588.1396484375,71183.59375,124840040,52198816,21125.76171875,86243.3828125,202227.21875,670721.1875,4358.98046875,2859498.0,1138077.125,63195.59765625,492136.4375,21328.166015625,828060.875,702.2618408203125,448476.6875,447075.46875,239836.453125,960727.1875,70208.2421875,77636.03125,17388.28515625,4138.58349609375,276570.71875,15038.369140625,148336.59375,33028.47265625,405231.25,1102252.75,58586.5390625,7256.98486328125,122964.953125,13552.4189453125,609296.25,27038,33.970699310302734,35.66300582885742,0,0,0,0,0,0,0,0,0,0,0,1,0,0,0,0,0,0,0,False,UNKNOWN,0,0,0,0,201363031,24484,0,38.208038330078125,13,,,"{'Type': 'start', 'Data_Type': 'Synthetical', 'Protocol_name': 'ABGv5-5ppb-10RH-75ccm-Anthony-Q425', 'Trial_Details': {'RH': 0, 'group': 35, 'detail': 'N/A', 'trialnum': 23, 'TrialName': '10rh', 'identifier': 'srzyh', 'Concentration': 0}, 'Experiment_Rig': 'DA3'}",,2026-01-19 01:41:10.170,"{'cid': '50887afa-f28e-43cb-ad20-c4bac4e7cd08', 'uuid': '78721ac2-ace3-4b52-bdcf-c79e95c6f8f5', 'annotationId': '2be98d50-2a59-4d82-955b-54fa72a23f06', 'name': 'AmbientSamplingRFC', 'description': 'AmbientSamplingRFC', 'labels': 'AmbientSamplingRFC', 'metadata': {'Length': 30, 'Progress': 0, 'startTime': 1768786848739, 'Notification': 'Event AmbientSamplingRFC Started.'}, 'createdAt': '2026-01-19T01:40:48.964Z', 'createdBy': '5c7b5d9f-c171-4004-a182-4277ffd4c9eb'}",29.75,33.36,2200.0,2201.11,24020116.0,15.0,14.97,22040109.0,1600.0,1599.9,21470060.0,1385.0,1385.12,22450138.0,1800.0,1800.67,22340093.0,0.0,436276.9,25.11,32.63,1009.03
0000000027-4125-asu-nz,0000000018-3024-oms-nz,AmbientSamplingRFC,2be98d50-2a59-4d82-955b-54fa72a23f06,b0d302bf-f0f3-4feb-821a-8083f454e883,1219.607177734375,488300.5,199939.515625,8132.548828125,7133.4453125,26001.8203125,184565.90625,180022.65625,235237.671875,70394.8046875,129305.3828125,18639.498046875,273871.03125,5522.251953125,19440.5546875,37231.60546875,257776.359375,52656.36328125,192168.421875,20282.326171875,6901.82763671875,13230.326171875,27521.5625,45727.5859375,2920974.0,357725.53125,1099573.125,3614961.25,11038288,5587.70703125,70825.1328125,124001616,52258424,21123.240234375,86264.3828125,202225.421875,670891.875,4359.7548828125,2864306.0,1138048.75,63188.18359375,492349.0625,21326.49609375,827330.8125,702.3994750976562,448431.90625,446559.15625,239805.125,961056.9375,70236.40625,77675.5703125,17392.306640625,4130.6259765625,276747.875,15050.630859375,147028.640625,33031.38671875,405281.875,1102662.75,58587.1640625,7257.109375,122798.0703125,13551.134765625,609299.5625,27339,33.890113830566406,35.66300582885742,0,0,0,0,0,0,0,0,0,0,0,1,0,0,0,0,0,0,0,False,UNKNOWN,0,0,0,0,201363031,24484,0,38.208038330078125,13,,,"{'Type': 'start', 'Data_Type': 'Synthetical', 'Protocol_name': 'ABGv5-5ppb-10RH-75ccm-Anthony-Q425', 'Trial_Details': {'RH': 0, 'group': 35, 'detail': 'N/A', 'trialnum': 23, 'TrialName': '10rh', 'identifier': 'srzyh', 'Concentration': 0}, 'Experiment_Rig': 'DA3'}",,2026-01-19 01:41:10.471,"{'cid': '50887afa-f28e-43cb-ad20-c4bac4e7cd08', 'uuid': '78721ac2-ace3-4b52-bdcf-c79e95c6f8f5', 'annotationId': '2be98d50-2a59-4d82-955b-54fa72a23f06', 'name': 'AmbientSamplingRFC', 'description': 'AmbientSamplingRFC', 'labels': 'AmbientSamplingRFC', 'metadata': {'Length': 30, 'Progress': 0, 'startTime': 1768786848739, 'Notification': 'Event AmbientSamplingRFC Started.'}, 'createdAt': '2026-01-19T01:40:48.964Z', 'createdBy': '5c7b5d9f-c171-4004-a182-4277ffd4c9eb'}",29.75,33.35,2200.0,2201.05,24020116.0,15.0,14.96,22040109.0,1600.0,1599.66,21470060.0,1385.0,1385.05,22450138.0,1800.0,1800.55,22340093.0,0.0,436131.75,25.12,32.63,1009.03
0000000027-4125-asu-nz,0000000018-3024-oms-nz,AmbientSamplingRFC,2be98d50-2a59-4d82-955b-54fa72a23f06,b0d302bf-f0f3-4feb-821a-8083f454e883,1220.3016357421875,488077.34375,199940.84375,8132.17578125,7134.0859375,26000.9765625,184581.15625,180038.5625,235806.734375,70456.2578125,129315.0390625,18640.62890625,274051.96875,5545.322265625,19443.572265625,37226.0546875,257937.125,52654.140625,192604.875,20291.65234375,6901.79638671875,13232.04296875,27524.451171875,45734.9453125,2919784.75,358425.40625,1099776.875,3613256.0,11031713,5588.44091796875,72616.265625,123327648,52391596,21118.0625,86271.0390625,202239.421875,671024.25,4360.1845703125,2870150.5,1135427.5,63177.13671875,492492.0625,21329.7734375,826659.4375,702.7054443359375,448617.21875,446683.3125,239750.09375,960897.3125,70214.3046875,77644.90625,17393.197265625,4131.78857421875,276931.34375,15047.98046875,146705.453125,33026.8828125,405322.3125,1103053.75,58586.328125,7257.287109375,122821.9609375,13561.345703125,609402.875,27640,34.131874084472656,35.582420349121094,0,0,0,0,0,0,0,0,0,0,0,1,0,0,0,0,0,0,0,False,UNKNOWN,0,0,0,0,201363031,24484,0,38.208038330078125,13,,,"{'Type': 'start', 'Data_Type': 'Synthetical', 'Protocol_name': 'ABGv5-5ppb-10RH-75ccm-Anthony-Q425', 'Trial_Details': {'RH': 0, 'group': 35, 'detail': 'N/A', 'trialnum': 23, 'TrialName': '10rh', 'identifier': 'srzyh', 'Concentration': 0}, 'Experiment_Rig': 'DA3'}",,2026-01-19 01:41:10.772,"{'cid': '50887afa-f28e-43cb-ad20-c4bac4e7cd08', 'uuid': '78721ac2-ace3-4b52-bdcf-c79e95c6f8f5', 'annotationId': '2be98d50-2a59-4d82-955b-54fa72a23f06', 'name': 'AmbientSamplingRFC', 'description': 'AmbientSamplingRFC', 'labels': 'AmbientSamplingRFC', 'metadata': {'Length': 30, 'Progress': 0, 'startTime': 1768786848739, 'Notification': 'Event AmbientSamplingRFC Started.'}, 'createdAt': '2026-01-19T01:40:48.964Z', 'createdBy': '5c7b5d9f-c171-4004-a182-4277ffd4c9eb'}",29.75,33.35,2200.0,2200.99,24020116.0,15.0,14.94,22040109.0,1600.0,1599.42,21470060.0,1385.0,1384.98,22450138.0,1800.0,1800.43,22340093.0,0.0,436180.25,25.12,32.63,1009.02
0000000027-4125-asu-nz,0000000018-3024-oms-nz,AmbientSamplingRFC,2be98d50-2a59-4d82-955b-54fa72a23f06,b0d302bf-f0f3-4feb-821a-8083f454e883,1220.423583984375,488036.21875,199905.875,8132.21337890625,7133.478515625,26002.625,184538.671875,180011.015625,235474.375,70423.328125,129303.421875,18641.54296875,274062.21875,5537.88525390625,19438.478515625,37221.3828125,258020.0625,52660.8125,193040.875,20290.28125,6901.74365234375,13238.67578125,27525.935546875,45735.5078125,2919921.0,358507.28125,1097278.5,3611621.25,11027991,5588.98046875,72042.84375,122815272,52599980,21124.8515625,86292.984375,202210.109375,671058.625,4359.86376953125,2875537.25,1134621.5,63167.26171875,492043.0625,21330.076171875,825841.75,703.0263671875,448362.0625,446717.34375,239719.125,960301.6875,70167.0390625,77653.9375,17383.623046875,4133.71728515625,276444.875,15029.9326171875,147616.921875,33030.73828125,405350.3125,1102852.0,58574.640625,7257.3125,122848.7265625,13561.98828125,606737.875,27941,34.131874084472656,35.66300582885742,0,0,0,0,0,0,0,0,0,0,0,1,0,0,0,0,0,0,0,False,UNKNOWN,0,0,0,0,201363031,24484,0,38.208038330078125,13,,,"{'Type': 'start', 'Data_Type': 'Synthetical', 'Protocol_name': 'ABGv5-5ppb-10RH-75ccm-Anthony-Q425', 'Trial_Details': {'RH': 0, 'group': 35, 'detail': 'N/A', 'trialnum': 23, 'TrialName': '10rh', 'identifier': 'srzyh', 'Concentration': 0}, 'Experiment_Rig': 'DA3'}",,2026-01-19 01:41:11.073,"{'cid': '50887afa-f28e-43cb-ad20-c4bac4e7cd08', 'uuid': '78721ac2-ace3-4b52-bdcf-c79e95c6f8f5', 'annotationId': '2be98d50-2a59-4d82-955b-54fa72a23f06', 'name': 'AmbientSamplingRFC', 'description': 'AmbientSamplingRFC', 'labels': 'AmbientSamplingRFC', 'metadata': {'Length': 30, 'Progress': 0, 'startTime': 1768786848739, 'Notification': 'Event AmbientSamplingRFC Started.'}, 'createdAt': '2026-01-19T01:40:48.964Z', 'createdBy': '5c7b5d9f-c171-4004-a182-4277ffd4c9eb'}",29.75,33.36,2200.0,2200.93,24020116.0,15.0,14.92,22040109.0,1600.0,1599.38,21470060.0,1385.0,1384.84,22450138.0,1800.0,1800.54,22340093.0,0.0,436252.59,25.12,32.63,1009.02
0000000027-4125-asu-nz,0000000018-3024-oms-nz,AmbientSamplingRFC,2be98d50-2a59-4d82-955b-54fa72a23f06,b0d302bf-f0f3-4feb-821a-8083f454e883,1220.919921875,488178.625,199920.109375,8132.47265625,7133.279296875,26002.19921875,184572.234375,180003.25,235519.296875,70405.4453125,129314.3515625,18640.46875,275017.40625,5533.7333984375,19437.16796875,37227.8671875,258121.46875,52667.27734375,192323.734375,20288.5546875,6902.39892578125,13237.2978515625,27525.732421875,45737.30078125,2919911.25,358463.875,1100149.75,3611612.0,11028295,5588.427734375,71757.671875,122610624,52851728,21126.02734375,86229.390625,202208.09375,671110.4375,4360.013671875,2883059.75,1135227.75,63168.0078125,491883.90625,21328.548828125,825243.3125,702.9127807617188,448662.71875,446715.78125,239700.15625,959714.0,70193.9921875,77645.03125,17384.02734375,4132.29638671875,276614.34375,15023.7109375,147355.640625,33028.40625,405434.65625,1103122.625,58582.92578125,7257.32421875,122664.3671875,13562.990234375,604876.1875,28242,33.890113830566406,35.582420349121094,0,0,0,0,0,0,0,0,0,0,0,1,0,0,0,0,0,0,0,False,UNKNOWN,0,0,0,0,201363031,24484,0,38.208038330078125,13,,,"{'Type': 'start', 'Data_Type': 'Synthetical', 'Protocol_name': 'ABGv5-5ppb-10RH-75ccm-Anthony-Q425', 'Trial_Details': {'RH': 0, 'group': 35, 'detail': 'N/A', 'trialnum': 23, 'TrialName': '10rh', 'identifier': 'srzyh', 'Concentration': 0}, 'Experiment_Rig': 'DA3'}",,2026-01-19 01:41:11.373,"{'cid': '50887afa-f28e-43cb-ad20-c4bac4e7cd08', 'uuid': '78721ac2-ace3-4b52-bdcf-c79e95c6f8f5', 'annotationId': '2be98d50-2a59-4d82-955b-54fa72a23f06', 'name': 'AmbientSamplingRFC', 'description': 'AmbientSamplingRFC', 'labels': 'AmbientSamplingRFC', 'metadata': {'Length': 30, 'Progress': 0, 'startTime': 1768786848739, 'Notification': 'Event AmbientSamplingRFC Started.'}, 'createdAt': '2026-01-19T01:40:48.964Z', 'createdBy': '5c7b5d9f-c171-4004-a182-4277ffd4c9eb'}",29.76,33.36,2200.0,2200.88,24020116.0,15.0,14.91,22040109.0,1600.0,1599.4,21470060.0,1385.0,1384.67,22450138.0,1800.0,1800.73,22340093.0,0.0,436324.69,25.12,32.63,1009.01
0000000027-4125-asu-nz,0000000018-3024-oms-nz,AmbientSamplingRFC,2be98d50-2a59-4d82-955b-54fa72a23f06,b0d302bf-f0f3-4feb-821a-8083f454e883,1221.347900390625,487697.375,199906.625,8132.58935546875,7133.47607421875,26002.279296875,184685.546875,180014.78125,235597.09375,70361.6171875,129328.5,18641.814453125,274517.75,5532.63134765625,19438.01953125,37226.1484375,258275.8125,52680.00390625,192488.15625,20288.025390625,6902.046875,13235.4912109375,27526.771484375,45734.73046875,2922340.25,357609.28125,1100652.0,3613607.5,11033405,5588.7119140625,72891.625,122735160,53107968,21121.70703125,86248.2890625,202240.328125,671177.0625,4358.84326171875,2889074.75,1135847.875,63171.16015625,491177.46875,21328.5234375,825162.875,703.0764770507812,448561.4375,446577.3125,239675.421875,958539.4375,70186.125,77629.9453125,17387.201171875,4128.88525390625,276738.0625,15050.822265625,147488.359375,33025.4375,405250.84375,1102531.375,58580.05859375,7257.056640625,122910.8203125,13558.12890625,605976.3125,28543,33.970699310302734,35.66300582885742,0,0,0,0,0,0,0,0,0,0,0,1,0,0,0,0,0,0,0,False,UNKNOWN,0,0,0,0,201363031,24484,0,38.208038330078125,13,,,"{'Type': 'start', 'Data_Type': 'Synthetical', 'Protocol_name': 'ABGv5-5ppb-10RH-75ccm-Anthony-Q425', 'Trial_Details': {'RH': 0, 'group': 35, 'detail': 'N/A', 'trialnum': 23, 'TrialName': '10rh', 'identifier': 'srzyh', 'Concentration': 0}, 'Experiment_Rig': 'DA3'}",,2026-01-19 01:41:11.676,"{'cid': '50887afa-f28e-43cb-ad20-c4bac4e7cd08', 'uuid': '78721ac2-ace3-4b52-bdcf-c79e95c6f8f5', 'annotationId': '2be98d50-2a59-4d82-955b-54fa72a23f06', 'name': 'AmbientSamplingRFC', 'description': 'AmbientSamplingRFC', 'labels': 'AmbientSamplingRFC', 'metadata': {'Length': 30, 'Progress': 0, 'startTime': 1768786848739, 'Notification': 'Event AmbientSamplingRFC Started.'}, 'createdAt': '2026-01-19T01:40:48.964Z', 'createdBy': '5c7b5d9f-c171-4004-a182-4277ffd4c9eb'}",29.76,33.37,2200.0,2200.82,24020116.0,15.0,14.89,22040109.0,1600.0,1599.43,21470060.0,1385.0,1384.5,22450138.0,1800.0,1800.92,22340093.0,0.0,436397.65,25.12,32.63,1009.0
0000000027-4125-asu-nz,0000000018-3024-oms-nz,AmbientSamplingRFC,2be98d50-2a59-4d82-955b-54fa72a23f06,b0d302bf-f0f3-4feb-821a-8083f454e883,1220.516357421875,487926.625,199935.359375,8132.76806640625,7133.60546875,26002.314453125,184657.328125,180005.484375,235206.53125,70352.3046875,129317.15625,18643.28515625,274706.78125,5518.791015625,19441.302734375,37229.4765625,258497.078125,52671.359375,192802.515625,20288.861328125,6902.72216796875,13228.337890625,27528.521484375,45731.9140625,2924240.5,357872.84375,1097757.25,3616719.5,11040725,5588.70263671875,73021.9453125,123106600,53323212,21123.8203125,86265.234375,202223.828125,671267.75,4358.79931640625,2892550.25,1138374.75,63169.5078125,491301.0,21331.32421875,824903.75,703.0510864257812,448590.625,446549.0,239676.453125,957532.3125,70165.875,77607.3828125,17385.61328125,4130.525390625,275216.78125,15037.615234375,148791.75,33023.2421875,405138.875,1101575.0,58575.796875,7256.80810546875,122844.875,13548.9853515625,607068.75,28844,33.80952835083008,35.582420349121094,0,0,0,0,0,0,0,0,0,0,0,1,0,0,0,0,0,0,0,False,UNKNOWN,0,0,0,0,201363031,24484,0,38.208038330078125,13,,,"{'Type': 'start', 'Data_Type': 'Synthetical', 'Protocol_name': 'ABGv5-5ppb-10RH-75ccm-Anthony-Q425', 'Trial_Details': {'RH': 0, 'group': 35, 'detail': 'N/A', 'trialnum': 23, 'TrialName': '10rh', 'identifier': 'srzyh', 'Concentration': 0}, 'Experiment_Rig': 'DA3'}",,2026-01-19 01:41:11.975,"{'cid': '50887afa-f28e-43cb-ad20-c4bac4e7cd08', 'uuid': '78721ac2-ace3-4b52-bdcf-c79e95c6f8f5', 'annotationId': '2be98d50-2a59-4d82-955b-54fa72a23f06', 'name': 'AmbientSamplingRFC', 'description': 'AmbientSamplingRFC', 'labels': 'AmbientSamplingRFC', 'metadata': {'Length': 30, 'Progress': 0, 'startTime': 1768786848739, 'Notification': 'Event AmbientSamplingRFC Started.'}, 'createdAt': '2026-01-19T01:40:48.964Z', 'createdBy': '5c7b5d9f-c171-4004-a182-4277ffd4c9eb'}",29.75,33.37,2200.0,2200.76,24020116.0,15.0,14.9,22040109.0,1600.0,1599.45,21470060.0,1385.0,1384.33,22450138.0,1800.0,1800.84,22340093.0,0.0,436472.84,25.14,32.63,1009.0
0000000027-4125-asu-nz,0000000018-3024-oms-nz,AmbientSamplingRFC,2be98d50-2a59-4d82-955b-54fa72a23f06,b0d302bf-f0f3-4feb-821a-8083f454e883,1220.25,486815.34375,199956.40625,8132.048828125,7134.185546875,26005.41796875,184689.125,180041.6875,235039.59375,70310.90625,129336.765625,18641.841796875,275509.75,5530.60791015625,19441.896484375,37233.58203125,258222.71875,52669.25,193413.375,20281.537109375,6902.4072265625,13245.98828125,27527.103515625,45735.6171875,2926899.0,357351.0,1100907.875,3618235.0,11053952,5589.505859375,71943.90625,123823920,53500776,21123.099609375,86244.890625,202216.84375,671200.125,4360.80029296875,2887569.25,1138127.25,63176.4765625,491645.25,21330.359375,824629.8125,702.3898315429688,448531.53125,446588.3125,239694.625,956915.125,70206.4921875,77563.578125,17391.880859375,4129.4091796875,274964.59375,15060.279296875,147985.90625,33027.19140625,405142.9375,1101045.75,58579.77734375,7257.27197265625,122888.1328125,13561.9453125,607734.6875,29145,33.890113830566406,35.66300582885742,0,0,0,0,0,0,0,0,0,0,0,1,0,0,0,0,0,0,0,False,UNKNOWN,0,0,0,0,201368046,24484,0,37.00413131713867,13,,,"{'Type': 'start', 'Data_Type': 'Synthetical', 'Protocol_name': 'ABGv5-5ppb-10RH-75ccm-Anthony-Q425', 'Trial_Details': {'RH': 0, 'group': 35, 'detail': 'N/A', 'trialnum': 23, 'TrialName': '10rh', 'identifier': 'srzyh', 'Concentration': 0}, 'Experiment_Rig': 'DA3'}",,2026-01-19 01:41:12.277,"{'cid': '50887afa-f28e-43cb-ad20-c4bac4e7cd08', 'uuid': '78721ac2-ace3-4b52-bdcf-c79e95c6f8f5', 'annotationId': '2be98d50-2a59-4d82-955b-54fa72a23f06', 'name': 'AmbientSamplingRFC', 'description': 'AmbientSamplingRFC', 'labels': 'AmbientSamplingRFC', 'metadata': {'Length': 30, 'Progress': 0, 'startTime': 1768786848739, 'Notification': 'Event AmbientSamplingRFC Started.'}, 'createdAt': '2026-01-19T01:40:48.964Z', 'createdBy': '5c7b5d9f-c171-4004-a182-4277ffd4c9eb'}",29.75,33.37,2200.0,2200.7,24020116.0,15.0,14.96,22040109.0,1600.0,1599.47,21470060.0,1385.0,1384.14,22450138.0,1800.0,1800.29,22340093.0,0.0,436548.79,25.16,32.63,1009.01
0000000027-4125-asu-nz,0000000018-3024-oms-nz,AmbientSamplingRFC,2be98d50-2a59-4d82-955b-54fa72a23f06,b0d302bf-f0f3-4feb-821a-8083f454e883,1219.77490234375,487923.25,200004.390625,8132.54833984375,7134.53173828125,26006.513671875,184685.1875,180063.71875,234994.703125,70367.8984375,129350.96875,18642.595703125,274704.875,5543.68115234375,19440.013671875,37227.84765625,258127.828125,52660.5625,193082.125,20289.310546875,6903.26171875,13222.884765625,27526.9921875,45741.8671875,2929292.25,357378.03125,1100260.125,3619999.25,11064653,5590.36328125,71276.3828125,124620456,53573452,21121.73046875,86248.1953125,202212.046875,670977.3125,4361.0986328125,2881061.75,1139242.125,63182.0078125,491225.46875,21329.21484375,825099.4375,702.7408447265625,448706.0625,446195.78125,239672.703125,956604.875,70238.6953125,77576.1015625,17390.77734375,4126.8955078125,274525.78125,15061.54296875,148591.953125,33025.25,405132.1875,1100415.375,58575.125,7256.99267578125,122889.9609375,13557.845703125,606941.6875,29446,33.970699310302734,35.66300582885742,0,0,0,0,0,0,0,0,0,0,0,1,0,0,0,0,0,0,0,False,UNKNOWN,0,0,0,0,201368046,24484,0,37.00413131713867,13,,,"{'Type': 'start', 'Data_Type': 'Synthetical', 'Protocol_name': 'ABGv5-5ppb-10RH-75ccm-Anthony-Q425', 'Trial_Details': {'RH': 0, 'group': 35, 'detail': 'N/A', 'trialnum': 23, 'TrialName': '10rh', 'identifier': 'srzyh', 'Concentration': 0}, 'Experiment_Rig': 'DA3'}",,2026-01-19 01:41:12.580,"{'cid': '50887afa-f28e-43cb-ad20-c4bac4e7cd08', 'uuid': '78721ac2-ace3-4b52-bdcf-c79e95c6f8f5', 'annotationId': '2be98d50-2a59-4d82-955b-54fa72a23f06', 'name': 'AmbientSamplingRFC', 'description': 'AmbientSamplingRFC', 'labels': 'AmbientSamplingRFC', 'metadata': {'Length': 30, 'Progress': 0, 'startTime': 1768786848739, 'Notification': 'Event AmbientSamplingRFC Started.'}, 'createdAt': '2026-01-19T01:40:48.964Z', 'createdBy': '5c7b5d9f-c171-4004-a182-4277ffd4c9eb'}",29.74,33.37,2200.0,2200.65,24020116.0,15.0,15.01,22040109.0,1600.0,1599.5,21470060.0,1385.0,1383.94,22450138.0,1800.0,1799.73,22340093.0,0.0,436624.99,25.18,32.63,1009.01
0000000027-4125-asu-nz,0000000018-3024-oms-nz,AmbientSamplingRFC,2be98d50-2a59-4d82-955b-54fa72a23f06,b0d302bf-f0f3-4feb-821a-8083f454e883,1220.8485107421875,488440.5,200013.515625,8132.1005859375,7133.802734375,26007.494140625,184640.765625,180090.171875,235577.15625,70366.0703125,129347.3515625,18641.640625,274936.375,5545.4248046875,19443.041015625,37223.31640625,257984.359375,52661.90625,192951.421875,20291.19921875,6902.5458984375,13245.0927734375,27526.041015625,45727.51953125,2932655.5,358455.0625,1101973.5,3621239.75,11080357,5589.958984375,71548.9296875,125475520,53528932,21128.533203125,86236.3828125,202215.453125,670797.875,4360.818359375,2885429.75,1138641.625,63189.31640625,491817.625,21331.267578125,825007.1875,702.8291625976562,448942.03125,446065.5625,239726.09375,956441.6875,70188.7578125,77602.9140625,17393.759765625,4128.48095703125,276006.1875,15054.791015625,148478.28125,33023.39453125,405108.78125,1099806.375,58579.22265625,7256.720703125,122937.3671875,13551.1279296875,606462.875,29747,33.970699310302734,35.743595123291016,0,0,0,0,0,0,0,0,0,0,0,1,0,0,0,0,0,0,0,False,UNKNOWN,0,0,0,0,201368046,24484,0,37.00413131713867,13,,,"{'Type': 'start', 'Data_Type': 'Synthetical', 'Protocol_name': 'ABGv5-5ppb-10RH-75ccm-Anthony-Q425', 'Trial_Details': {'RH': 0, 'group': 35, 'detail': 'N/A', 'trialnum': 23, 'TrialName': '10rh', 'identifier': 'srzyh', 'Concentration': 0}, 'Experiment_Rig': 'DA3'}",,2026-01-19 01:41:12.883,"{'cid': '50887afa-f28e-43cb-ad20-c4bac4e7cd08', 'uuid': '78721ac2-ace3-4b52-bdcf-c79e95c6f8f5', 'annotationId': '2be98d50-2a59-4d82-955b-54fa72a23f06', 'name': 'AmbientSamplingRFC', 'description': 'AmbientSamplingRFC', 'labels': 'AmbientSamplingRFC', 'metadata': {'Length': 30, 'Progress': 0, 'startTime': 1768786848739, 'Notification': 'Event AmbientSamplingRFC Started.'}, 'createdAt': '2026-01-19T01:40:48.964Z', 'createdBy': '5c7b5d9f-c171-4004-a182-4277ffd4c9eb'}",29.74,33.36,2200.0,2200.59,24020116.0,15.0,15.06,22040109.0,1600.0,1599.53,21470060.0,1385.0,1383.77,22450138.0,1800.0,1799.21,22340093.0,0.0,436752.87,25.19,32.63,1009.01
0000000027-4125-asu-nz,0000000018-3024-oms-nz,AmbientSamplingRFC,2be98d50-2a59-4d82-955b-54fa72a23f06,b0d302bf-f0f3-4feb-821a-8083f454e883,1221.143798828125,488922.15625,200016.421875,8132.45849609375,7134.53955078125,26007.5390625,184613.6875,180076.296875,235541.671875,70444.640625,129346.703125,18641.94921875,276165.75,5533.978515625,19443.484375,37228.8359375,257732.53125,52655.49609375,192698.484375,20286.478515625,6902.56298828125,13219.6708984375,27526.140625,45722.578125,2935861.75,357844.03125,1101537.75,3622997.0,11089164,5588.81396484375,71967.625,126192008,53397828,21127.673828125,86212.9375,202232.140625,670657.25,4362.1875,2882439.25,1136686.875,63191.44921875,492182.59375,21332.0234375,825529.1875,702.3302612304688,449095.6875,446217.53125,239743.65625,956807.625,70182.5703125,77628.3828125,17392.998046875,4125.7392578125,276779.375,15035.9677734375,146501.640625,33019.5234375,404873.46875,1099428.0,58586.7890625,7256.96435546875,122920.2734375,13550.1513671875,607594.125,30048,33.890113830566406,35.743595123291016,0,0,0,0,0,0,0,0,0,0,0,1,0,0,0,0,0,0,0,False,UNKNOWN,0,0,0,0,201368046,24484,0,37.00413131713867,13,,,"{'Type': 'start', 'Data_Type': 'Synthetical', 'Protocol_name': 'ABGv5-5ppb-10RH-75ccm-Anthony-Q425', 'Trial_Details': {'RH': 0, 'group': 35, 'detail': 'N/A', 'trialnum': 23, 'TrialName': '10rh', 'identifier': 'srzyh', 'Concentration': 0}, 'Experiment_Rig': 'DA3'}",,2026-01-19 01:41:13.184,"{'cid': '50887afa-f28e-43cb-ad20-c4bac4e7cd08', 'uuid': '78721ac2-ace3-4b52-bdcf-c79e95c6f8f5', 'annotationId': '2be98d50-2a59-4d82-955b-54fa72a23f06', 'name': 'AmbientSamplingRFC', 'description': 'AmbientSamplingRFC', 'labels': 'AmbientSamplingRFC', 'metadata': {'Length': 30, 'Progress': 0, 'startTime': 1768786848739, 'Notification': 'Event AmbientSamplingRFC Started.'}, 'createdAt': '2026-01-19T01:40:48.964Z', 'createdBy': '5c7b5d9f-c171-4004-a182-4277ffd4c9eb'}",29.74,33.35,2200.0,2200.53,24020116.0,15.0,15.06,22040109.0,1600.0,1599.75,21470060.0,1385.0,1383.99,22450138.0,1800.0,1799.55,22340093.0,0.0,436971.29,25.2,32.63,1009.02
0000000027-4125-asu-nz,0000000018-3024-oms-nz,AmbientSamplingRFC,2be98d50-2a59-4d82-955b-54fa72a23f06,b0d302bf-f0f3-4feb-821a-8083f454e883,1221.007568359375,487679.96875,200034.546875,8132.54931640625,7134.3935546875,26006.802734375,184701.25,180087.875,235222.546875,70437.6796875,129340.4609375,18642.494140625,275949.875,5532.544921875,19439.375,37232.97265625,257769.875,52664.0234375,192723.34375,20292.568359375,6901.88623046875,13229.517578125,27528.033203125,45721.6953125,2936950.25,357736.28125,1103061.5,3623663.75,11097578,5590.24755859375,72058.7265625,126759392,53176876,21122.162109375,86230.53125,202143.390625,670601.5625,4360.9326171875,2880850.75,1135265.375,63194.76953125,492775.53125,21335.3828125,826076.9375,702.2037353515625,449247.15625,446647.40625,239786.171875,957368.0625,70207.5546875,77652.09375,17389.076171875,4123.56591796875,276817.8125,15013.23828125,147188.078125,33020.73828125,405145.65625,1099383.875,58584.44140625,7257.53857421875,123182.4296875,13558.9833984375,607096.0,30349,33.970699310302734,35.66300582885742,0,0,0,0,0,0,0,0,0,0,0,1,0,0,0,0,0,0,0,False,UNKNOWN,0,0,0,0,201368046,24484,0,37.00413131713867,13,,,"{'Type': 'start', 'Data_Type': 'Synthetical', 'Protocol_name': 'ABGv5-5ppb-10RH-75ccm-Anthony-Q425', 'Trial_Details': {'RH': 0, 'group': 35, 'detail': 'N/A', 'trialnum': 23, 'TrialName': '10rh', 'identifier': 'srzyh', 'Concentration': 0}, 'Experiment_Rig': 'DA3'}",,2026-01-19 01:41:13.482,"{'cid': '50887afa-f28e-43cb-ad20-c4bac4e7cd08', 'uuid': '78721ac2-ace3-4b52-bdcf-c79e95c6f8f5', 'annotationId': '2be98d50-2a59-4d82-955b-54fa72a23f06', 'name': 'AmbientSamplingRFC', 'description': 'AmbientSamplingRFC', 'labels': 'AmbientSamplingRFC', 'metadata': {'Length': 30, 'Progress': 0, 'startTime': 1768786848739, 'Notification': 'Event AmbientSamplingRFC Started.'}, 'createdAt': '2026-01-19T01:40:48.964Z', 'createdBy': '5c7b5d9f-c171-4004-a182-4277ffd4c9eb'}",29.74,33.33,2200.0,2200.47,24020116.0,15.0,15.06,22040109.0,1600.0,1599.96,21470060.0,1385.0,1384.2,22450138.0,1800.0,1799.88,22340093.0,0.0,437187.53,25.2,32.63,1009.02
0000000027-4125-asu-nz,0000000018-3024-oms-nz,AmbientSamplingRFC,2be98d50-2a59-4d82-955b-54fa72a23f06,b0d302bf-f0f3-4feb-821a-8083f454e883,1220.54833984375,488305.84375,200030.34375,8133.05517578125,7134.18896484375,26006.59765625,184701.328125,180123.609375,235834.546875,70362.2578125,129332.8515625,18642.716796875,276610.28125,5533.09814453125,19439.23828125,37235.85546875,257616.375,52660.90625,192610.921875,20278.072265625,6902.318359375,13230.7998046875,27526.77734375,45724.23046875,2935626.25,357323.15625,1102279.125,3623520.5,11104130,5589.20458984375,72657.1875,126970728,52913040,21125.447265625,86235.8515625,202154.59375,670590.0625,4360.9384765625,2880892.25,1135065.875,63197.828125,491622.21875,21334.796875,826802.4375,701.6126098632812,449160.78125,446778.625,239800.8125,958313.5625,70188.78125,77621.140625,17393.482421875,4117.04736328125,276645.34375,15014.6806640625,147116.859375,33020.234375,405368.625,1099788.0,58591.00390625,7257.7021484375,123218.4921875,13552.904296875,607653.75,30650,33.970699310302734,35.66300582885742,0,0,0,0,0,0,0,0,0,0,0,1,0,0,0,0,0,0,0,False,UNKNOWN,0,0,0,0,201368046,24484,0,37.00413131713867,13,,,"{'Type': 'start', 'Data_Type': 'Synthetical', 'Protocol_name': 'ABGv5-5ppb-10RH-75ccm-Anthony-Q425', 'Trial_Details': {'RH': 0, 'group': 35, 'detail': 'N/A', 'trialnum': 23, 'TrialName': '10rh', 'identifier': 'srzyh', 'Concentration': 0}, 'Experiment_Rig': 'DA3'}",,2026-01-19 01:41:13.785,"{'cid': '50887afa-f28e-43cb-ad20-c4bac4e7cd08', 'uuid': '78721ac2-ace3-4b52-bdcf-c79e95c6f8f5', 'annotationId': '2be98d50-2a59-4d82-955b-54fa72a23f06', 'name': 'AmbientSamplingRFC', 'description': 'AmbientSamplingRFC', 'labels': 'AmbientSamplingRFC', 'metadata': {'Length': 30, 'Progress': 0, 'startTime': 1768786848739, 'Notification': 'Event AmbientSamplingRFC Started.'}, 'createdAt': '2026-01-19T01:40:48.964Z', 'createdBy': '5c7b5d9f-c171-4004-a182-4277ffd4c9eb'}",29.74,33.32,2200.0,2200.42,24020116.0,15.0,15.06,22040109.0,1600.0,1600.18,21470060.0,1385.0,1384.41,22450138.0,1800.0,1800.21,22340093.0,0.0,437407.4,25.21,32.63,1009.03
0000000027-4125-asu-nz,0000000018-3024-oms-nz,AmbientSamplingRFC,2be98d50-2a59-4d82-955b-54fa72a23f06,b0d302bf-f0f3-4feb-821a-8083f454e883,1221.7279052734375,487129.6875,200070.0,8132.32763671875,7134.443359375,26007.90625,184691.0625,180108.6875,235768.890625,70430.5078125,129314.4921875,18642.93359375,276866.71875,5522.66455078125,19439.771484375,37230.7734375,257505.75,52655.6015625,191680.90625,20287.134765625,6902.48974609375,13249.7373046875,27525.69921875,45726.71875,2931536.5,357518.5625,1099772.75,3622832.5,11102601,5589.0478515625,73289.546875,126866560,52625392,21121.525390625,86246.6875,202129.21875,670550.375,4361.0732421875,2875842.75,1136179.0,63193.0546875,492032.34375,21333.220703125,827674.0625,702.20068359375,449047.75,446844.78125,239794.390625,959470.1875,70215.3203125,77622.75,17397.650390625,4132.7412109375,276933.5625,15040.259765625,146956.25,33028.53125,405391.34375,1100091.5,58598.31640625,7257.49365234375,123004.1015625,13557.7158203125,606800.125,30951,34.05128479003906,35.66300582885742,0,0,0,0,0,0,0,0,0,0,0,1,0,0,0,0,0,0,0,False,UNKNOWN,0,0,0,0,201368046,24484,0,37.00413131713867,13,,,"{'Type': 'start', 'Data_Type': 'Synthetical', 'Protocol_name': 'ABGv5-5ppb-10RH-75ccm-Anthony-Q425', 'Trial_Details': {'RH': 0, 'group': 35, 'detail': 'N/A', 'trialnum': 23, 'TrialName': '10rh', 'identifier': 'srzyh', 'Concentration': 0}, 'Experiment_Rig': 'DA3'}",,2026-01-19 01:41:14.085,"{'cid': '50887afa-f28e-43cb-ad20-c4bac4e7cd08', 'uuid': '78721ac2-ace3-4b52-bdcf-c79e95c6f8f5', 'annotationId': '2be98d50-2a59-4d82-955b-54fa72a23f06', 'name': 'AmbientSamplingRFC', 'description': 'AmbientSamplingRFC', 'labels': 'AmbientSamplingRFC', 'metadata': {'Length': 30, 'Progress': 0, 'startTime': 1768786848739, 'Notification': 'Event AmbientSamplingRFC Started.'}, 'createdAt': '2026-01-19T01:40:48.964Z', 'createdBy': '5c7b5d9f-c171-4004-a182-4277ffd4c9eb'}",29.74,33.34,2200.0,2200.3,24020116.0,15.0,15.06,22040109.0,1600.0,1600.39,21470060.0,1385.0,1384.43,22450138.0,1800.0,1800.35,22340093.0,0.0,437439.05,25.2,32.63,1009.03
0000000027-4125-asu-nz,0000000018-3024-oms-nz,AmbientSamplingRFC,2be98d50-2a59-4d82-955b-54fa72a23f06,b0d302bf-f0f3-4feb-821a-8083f454e883,1220.6219482421875,487116.78125,200035.21875,8132.95068359375,7134.57568359375,26005.65625,184652.609375,180106.359375,235772.421875,70388.6953125,129314.3984375,18641.951171875,275569.125,5535.08203125,19442.767578125,37228.0703125,257789.6875,52656.73828125,192918.328125,20287.013671875,6902.2841796875,13229.1630859375,27524.509765625,45723.28515625,2927402.5,358651.65625,1100711.375,3621429.75,11100111,5588.56298828125,72123.2421875,126479040,52372332,21123.921875,86240.890625,202171.828125,670568.5625,4361.7470703125,2875432.0,1136078.5,63194.01953125,492037.625,21331.74609375,827743.875,701.88330078125,448856.125,446905.9375,239797.0625,960276.0625,70239.96875,77645.4296875,17392.21484375,4131.69482421875,276744.28125,15052.4755859375,147158.03125,33034.49609375,405337.75,1101047.125,58594.6796875,7256.56884765625,122954.3125,13560.228515625,605773.0625,31252,33.970699310302734,35.582420349121094,0,0,0,0,0,0,0,0,0,0,0,1,0,0,0,0,0,0,0,False,UNKNOWN,0,0,0,0,201368046,24484,0,37.00413131713867,13,,,"{'Type': 'start', 'Data_Type': 'Synthetical', 'Protocol_name': 'ABGv5-5ppb-10RH-75ccm-Anthony-Q425', 'Trial_Details': {'RH': 0, 'group': 35, 'detail': 'N/A', 'trialnum': 23, 'TrialName': '10rh', 'identifier': 'srzyh', 'Concentration': 0}, 'Experiment_Rig': 'DA3'}",,2026-01-19 01:41:14.385,"{'cid': '50887afa-f28e-43cb-ad20-c4bac4e7cd08', 'uuid': '78721ac2-ace3-4b52-bdcf-c79e95c6f8f5', 'annotationId': '2be98d50-2a59-4d82-955b-54fa72a23f06', 'name': 'AmbientSamplingRFC', 'description': 'AmbientSamplingRFC', 'labels': 'AmbientSamplingRFC', 'metadata': {'Length': 30, 'Progress': 0, 'startTime': 1768786848739, 'Notification': 'Event AmbientSamplingRFC Started.'}, 'createdAt': '2026-01-19T01:40:48.964Z', 'createdBy': '5c7b5d9f-c171-4004-a182-4277ffd4c9eb'}",29.75,33.36,2200.0,2200.16,24020116.0,15.0,15.06,22040109.0,1600.0,1600.6,21470060.0,1385.0,1384.36,22450138.0,1800.0,1800.4,22340093.0,0.0,437294.33,25.19,32.63,1009.03
0000000027-4125-asu-nz,0000000018-3024-oms-nz,AmbientSamplingRFC,2be98d50-2a59-4d82-955b-54fa72a23f06,b0d302bf-f0f3-4feb-821a-8083f454e883,1221.0185546875,487554.875,199970.6875,8132.345703125,7134.29345703125,26004.173828125,184597.5625,180080.265625,235708.453125,70391.953125,129313.5390625,18641.416015625,276290.3125,5526.39013671875,19439.900390625,37232.10546875,258034.5625,52666.10546875,193739.515625,20284.416015625,6902.2490234375,13220.00390625,27525.970703125,45716.40234375,2925743.75,358054.28125,1101568.625,3619471.25,11087147,5589.1640625,72170.625,125405432,52601652,21128.181640625,86251.078125,202296.15625,670835.1875,4362.22802734375,2875782.0,1137429.75,63193.5546875,492027.03125,21329.107421875,828315.0625,701.9210815429688,448651.96875,446954.96875,239785.640625,961015.75,70244.03125,77637.4921875,17394.552734375,4137.4404296875,276772.09375,15053.46875,146962.421875,33039.54296875,405498.6875,1102009.125,58599.578125,7256.8388671875,122910.8828125,13547.3681640625,605426.5,31554,33.970699310302734,35.582420349121094,0,0,0,0,0,0,0,0,0,0,0,1,0,0,0,0,0,0,0,False,UNKNOWN,0,0,0,0,201368046,24484,0,37.00413131713867,13,,,"{'Type': 'start', 'Data_Type': 'Synthetical', 'Protocol_name': 'ABGv5-5ppb-10RH-75ccm-Anthony-Q425', 'Trial_Details': {'RH': 0, 'group': 35, 'detail': 'N/A', 'trialnum': 23, 'TrialName': '10rh', 'identifier': 'srzyh', 'Concentration': 0}, 'Experiment_Rig': 'DA3'}",,2026-01-19 01:41:14.686,"{'cid': '50887afa-f28e-43cb-ad20-c4bac4e7cd08', 'uuid': '78721ac2-ace3-4b52-bdcf-c79e95c6f8f5', 'annotationId': '2be98d50-2a59-4d82-955b-54fa72a23f06', 'name': 'AmbientSamplingRFC', 'description': 'AmbientSamplingRFC', 'labels': 'AmbientSamplingRFC', 'metadata': {'Length': 30, 'Progress': 0, 'startTime': 1768786848739, 'Notification': 'Event AmbientSamplingRFC Started.'}, 'createdAt': '2026-01-19T01:40:48.964Z', 'createdBy': '5c7b5d9f-c171-4004-a182-4277ffd4c9eb'}",29.75,33.38,2200.0,2200.01,24020116.0,15.0,15.06,22040109.0,1600.0,1600.82,21470060.0,1385.0,1384.29,22450138.0,1800.0,1800.45,22340093.0,0.0,437149.13,25.17,32.63,1009.03
0000000027-4125-asu-nz,0000000018-3024-oms-nz,AmbientSamplingRFC,2be98d50-2a59-4d82-955b-54fa72a23f06,b0d302bf-f0f3-4feb-821a-8083f454e883,1221.4747314453125,487763.0625,199962.71875,8132.4697265625,7133.75830078125,26004.201171875,184643.765625,180058.546875,235851.734375,70348.1875,129290.2265625,18641.13671875,275125.375,5546.54052734375,19440.8515625,37236.95703125,257637.5,52661.8125,191123.265625,20280.091796875,6902.1630859375,13223.353515625,27525.26953125,45722.890625,2922758.75,357492.3125,1103914.375,3617649.0,11073194,5588.71044921875,70276.0859375,124552632,52482468,21126.63671875,86244.9921875,202277.375,670946.6875,4360.9326171875,2874570.5,1137126.875,63194.03125,492066.71875,21333.5078125,827465.3125,702.1043701171875,448592.375,446776.0,239784.40625,961461.125,70257.8515625,77630.25,17391.818359375,4121.6845703125,277016.09375,15037.869140625,147679.671875,33041.37109375,405511.625,1102499.0,58589.796875,7256.47021484375,122887.7890625,13550.5712890625,605415.9375,31854,33.970699310302734,35.501834869384766,0,0,0,0,0,0,0,0,0,0,0,1,0,0,0,0,0,0,0,False,UNKNOWN,0,0,0,0,201368046,24484,0,37.00413131713867,13,,,"{'Type': 'start', 'Data_Type': 'Synthetical', 'Protocol_name': 'ABGv5-5ppb-10RH-75ccm-Anthony-Q425', 'Trial_Details': {'RH': 0, 'group': 35, 'detail': 'N/A', 'trialnum': 23, 'TrialName': '10rh', 'identifier': 'srzyh', 'Concentration': 0}, 'Experiment_Rig': 'DA3'}",,2026-01-19 01:41:14.987,"{'cid': '50887afa-f28e-43cb-ad20-c4bac4e7cd08', 'uuid': '78721ac2-ace3-4b52-bdcf-c79e95c6f8f5', 'annotationId': '2be98d50-2a59-4d82-955b-54fa72a23f06', 'name': 'AmbientSamplingRFC', 'description': 'AmbientSamplingRFC', 'labels': 'AmbientSamplingRFC', 'metadata': {'Length': 30, 'Progress': 0, 'startTime': 1768786848739, 'Notification': 'Event AmbientSamplingRFC Started.'}, 'createdAt': '2026-01-19T01:40:48.964Z', 'createdBy': '5c7b5d9f-c171-4004-a182-4277ffd4c9eb'}",29.75,33.39,2200.0,2199.87,24020116.0,15.0,15.06,22040109.0,1600.0,1600.8,21470060.0,1385.0,1384.39,22450138.0,1800.0,1800.46,22340093.0,0.0,437003.93,25.16,32.63,1009.03
0000000027-4125-asu-nz,0000000018-3024-oms-nz,AmbientSamplingRFC,2be98d50-2a59-4d82-955b-54fa72a23f06,b0d302bf-f0f3-4feb-821a-8083f454e883,1220.765625,486796.4375,199889.890625,8131.7900390625,7133.47802734375,26003.021484375,184599.578125,180037.0625,235392.046875,70498.2421875,129288.984375,18640.767578125,275193.78125,5532.03759765625,19442.716796875,37234.19140625,258035.734375,52666.45703125,192590.921875,20295.0546875,6902.44775390625,13224.9365234375,27525.908203125,45720.8828125,2921414.75,357831.28125,1107095.625,3616012.75,11058935,5588.79248046875,71660.2265625,123781088,52469972,21125.3125,86245.15625,202307.765625,671061.9375,4361.3193359375,2868107.0,1138712.125,63183.22265625,491924.46875,21332.146484375,828207.625,701.872802734375,448963.0625,446808.6875,239749.765625,961810.6875,70233.2890625,77656.359375,17392.435546875,4123.8076171875,276612.125,15037.078125,146868.5,33041.54296875,405521.6875,1102946.875,58591.04296875,7257.287109375,123000.671875,13561.7861328125,607191.125,32155,33.890113830566406,35.66300582885742,0,0,0,0,0,0,0,0,0,0,0,1,0,0,0,0,0,0,0,False,UNKNOWN,0,0,0,0,201368046,24484,0,37.00413131713867,13,,,"{'Type': 'start', 'Data_Type': 'Synthetical', 'Protocol_name': 'ABGv5-5ppb-10RH-75ccm-Anthony-Q425', 'Trial_Details': {'RH': 0, 'group': 35, 'detail': 'N/A', 'trialnum': 23, 'TrialName': '10rh', 'identifier': 'srzyh', 'Concentration': 0}, 'Experiment_Rig': 'DA3'}",,2026-01-19 01:41:15.288,"{'cid': '50887afa-f28e-43cb-ad20-c4bac4e7cd08', 'uuid': '78721ac2-ace3-4b52-bdcf-c79e95c6f8f5', 'annotationId': '2be98d50-2a59-4d82-955b-54fa72a23f06', 'name': 'AmbientSamplingRFC', 'description': 'AmbientSamplingRFC', 'labels': 'AmbientSamplingRFC', 'metadata': {'Length': 30, 'Progress': 0, 'startTime': 1768786848739, 'Notification': 'Event AmbientSamplingRFC Started.'}, 'createdAt': '2026-01-19T01:40:48.964Z', 'createdBy': '5c7b5d9f-c171-4004-a182-4277ffd4c9eb'}",29.75,33.38,2200.0,2199.73,24020116.0,15.0,15.06,22040109.0,1600.0,1600.32,21470060.0,1385.0,1384.85,22450138.0,1800.0,1800.42,22340093.0,0.0,437143.28,25.15,32.63,1009.03
0000000027-4125-asu-nz,0000000018-3024-oms-nz,AmbientSamplingRFC,2be98d50-2a59-4d82-955b-54fa72a23f06,b0d302bf-f0f3-4feb-821a-8083f454e883,1220.9625244140625,487160.5,199900.8125,8132.17919921875,7133.27685546875,26001.962890625,184631.140625,180056.578125,235450.765625,70408.40625,129299.078125,18641.814453125,274512.5625,5537.94189453125,19440.13671875,37245.21875,257881.625,52674.2109375,192623.84375,20282.82421875,6902.77880859375,13204.5654296875,27528.55078125,45721.51171875,2920483.0,357261.625,1105206.0,3614310.25,11042626,5589.451171875,70058.7421875,123076104,52557840,21128.451171875,86270.234375,202299.546875,671124.3125,4361.18994140625,2866622.25,1139350.375,63178.22265625,491810.8125,21330.630859375,828274.625,702.1190795898438,448615.03125,446605.25,239715.03125,961908.125,70231.875,77641.625,17386.25,4130.9814453125,276727.3125,15053.5751953125,146951.984375,33037.9453125,405499.03125,1103051.625,58601.2421875,7257.216796875,122767.015625,13556.9462890625,608706.5,32456,33.80952835083008,35.582420349121094,0,0,0,0,0,0,0,0,0,0,0,1,0,0,0,0,0,0,0,False,UNKNOWN,0,0,0,0,201368046,24484,0,37.00413131713867,13,,,"{'Type': 'start', 'Data_Type': 'Synthetical', 'Protocol_name': 'ABGv5-5ppb-10RH-75ccm-Anthony-Q425', 'Trial_Details': {'RH': 0, 'group': 35, 'detail': 'N/A', 'trialnum': 23, 'TrialName': '10rh', 'identifier': 'srzyh', 'Concentration': 0}, 'Experiment_Rig': 'DA3'}",,2026-01-19 01:41:15.591,"{'cid': '50887afa-f28e-43cb-ad20-c4bac4e7cd08', 'uuid': '78721ac2-ace3-4b52-bdcf-c79e95c6f8f5', 'annotationId': '2be98d50-2a59-4d82-955b-54fa72a23f06', 'name': 'AmbientSamplingRFC', 'description': 'AmbientSamplingRFC', 'labels': 'AmbientSamplingRFC', 'metadata': {'Length': 30, 'Progress': 0, 'startTime': 1768786848739, 'Notification': 'Event AmbientSamplingRFC Started.'}, 'createdAt': '2026-01-19T01:40:48.964Z', 'createdBy': '5c7b5d9f-c171-4004-a182-4277ffd4c9eb'}",29.75,33.37,2200.0,2199.58,24020116.0,15.0,15.06,22040109.0,1600.0,1599.84,21470060.0,1385.0,1385.3,22450138.0,1800.0,1800.37,22340093.0,0.0,437437.01,25.15,32.63,1009.02
0000000027-4125-asu-nz,0000000018-3024-oms-nz,AmbientSamplingRFC,2be98d50-2a59-4d82-955b-54fa72a23f06,b0d302bf-f0f3-4feb-821a-8083f454e883,1221.1219482421875,486913.71875,199908.625,8132.27880859375,7133.2138671875,26002.060546875,184568.515625,180053.953125,235946.015625,70402.390625,129309.7109375,18640.296875,275486.5,5558.197265625,19439.083984375,37239.421875,257965.390625,52681.546875,193005.546875,20294.154296875,6903.08984375,13235.3837890625,27528.681640625,45730.05859375,2919978.5,359002.4375,1103761.625,3613040.25,11031535,5588.8349609375,69856.9140625,122574168,52730336,21122.888671875,86252.328125,202280.375,671147.0625,4362.21435546875,2865997.25,1140923.125,63167.21484375,491665.875,21333.009765625,828088.5625,702.3630981445312,448569.5,446171.46875,239697.453125,961323.6875,70207.4140625,77615.75,17397.4921875,4131.66064453125,277053.4375,15069.5478515625,146554.5,33039.2734375,405548.34375,1103392.75,58600.05078125,7257.26953125,122821.7109375,13555.197265625,607716.5,32757,33.970699310302734,35.66300582885742,0,0,0,0,0,0,0,0,0,0,0,1,0,0,0,0,0,0,0,False,UNKNOWN,0,0,0,0,201368046,24484,0,37.00413131713867,13,,,"{'Type': 'start', 'Data_Type': 'Synthetical', 'Protocol_name': 'ABGv5-5ppb-10RH-75ccm-Anthony-Q425', 'Trial_Details': {'RH': 0, 'group': 35, 'detail': 'N/A', 'trialnum': 23, 'TrialName': '10rh', 'identifier': 'srzyh', 'Concentration': 0}, 'Experiment_Rig': 'DA3'}",,2026-01-19 01:41:15.889,"{'cid': '50887afa-f28e-43cb-ad20-c4bac4e7cd08', 'uuid': '78721ac2-ace3-4b52-bdcf-c79e95c6f8f5', 'annotationId': '2be98d50-2a59-4d82-955b-54fa72a23f06', 'name': 'AmbientSamplingRFC', 'description': 'AmbientSamplingRFC', 'labels': 'AmbientSamplingRFC', 'metadata': {'Length': 30, 'Progress': 0, 'startTime': 1768786848739, 'Notification': 'Event AmbientSamplingRFC Started.'}, 'createdAt': '2026-01-19T01:40:48.964Z', 'createdBy': '5c7b5d9f-c171-4004-a182-4277ffd4c9eb'}",29.75,33.37,2200.0,2199.44,24020116.0,15.0,15.06,22040109.0,1600.0,1599.36,21470060.0,1385.0,1385.75,22450138.0,1800.0,1800.32,22340093.0,0.0,437725.89,25.16,32.63,1009.02
0000000027-4125-asu-nz,0000000018-3024-oms-nz,AmbientSamplingRFC,2be98d50-2a59-4d82-955b-54fa72a23f06,b0d302bf-f0f3-4feb-821a-8083f454e883,1221.53369140625,487188.53125,199927.65625,8132.41650390625,7132.9384765625,26002.947265625,184661.078125,180035.96875,235552.53125,70463.84375,129322.6015625,18640.9765625,274810.96875,5556.3916015625,19436.408203125,37235.73046875,258043.078125,52692.46875,192921.109375,20288.546875,6902.79638671875,13229.7470703125,27529.21484375,45721.65234375,2919811.0,359446.5,1105854.375,3612856.5,11016849,5589.6259765625,72025.734375,122316920,52961764,21119.0390625,86257.328125,202233.578125,671228.9375,4361.95654296875,2862396.25,1140930.375,63170.95703125,491802.3125,21333.3203125,827834.25,702.1972045898438,448516.125,446368.75,239688.921875,960379.125,70214.328125,77600.109375,17385.861328125,4126.65576171875,276758.59375,15046.19140625,145748.453125,33037.98046875,405426.34375,1103468.625,58601.640625,7257.06494140625,122929.671875,13543.7333984375,609184.25,33058,33.970699310302734,35.66300582885742,0,0,0,0,0,0,0,0,0,0,0,1,0,0,0,0,0,0,0,False,UNKNOWN,0,0,0,0,201368046,24484,0,37.00413131713867,13,,,"{'Type': 'start', 'Data_Type': 'Synthetical', 'Protocol_name': 'ABGv5-5ppb-10RH-75ccm-Anthony-Q425', 'Trial_Details': {'RH': 0, 'group': 35, 'detail': 'N/A', 'trialnum': 23, 'TrialName': '10rh', 'identifier': 'srzyh', 'Concentration': 0}, 'Experiment_Rig': 'DA3'}",,2026-01-19 01:41:16.196,"{'cid': '50887afa-f28e-43cb-ad20-c4bac4e7cd08', 'uuid': '78721ac2-ace3-4b52-bdcf-c79e95c6f8f5', 'annotationId': '2be98d50-2a59-4d82-955b-54fa72a23f06', 'name': 'AmbientSamplingRFC', 'description': 'AmbientSamplingRFC', 'labels': 'AmbientSamplingRFC', 'metadata': {'Length': 30, 'Progress': 0, 'startTime': 1768786848739, 'Notification': 'Event AmbientSamplingRFC Started.'}, 'createdAt': '2026-01-19T01:40:48.964Z', 'createdBy': '5c7b5d9f-c171-4004-a182-4277ffd4c9eb'}",29.75,33.37,2200.0,2199.51,24020116.0,15.0,15.06,22040109.0,1600.0,1599.36,21470060.0,1385.0,1385.88,22450138.0,1800.0,1800.34,22340093.0,0.0,438023.5,25.16,32.63,1009.01
0000000027-4125-asu-nz,0000000018-3024-oms-nz,AmbientSamplingRFC,2be98d50-2a59-4d82-955b-54fa72a23f06,b0d302bf-f0f3-4feb-821a-8083f454e883,1221.164794921875,486311.4375,199913.6875,8132.4052734375,7133.33984375,26002.921875,184673.765625,180026.90625,235585.046875,70507.078125,129322.5078125,18641.9765625,274798.21875,5563.20849609375,19436.85546875,37234.6796875,257776.78125,52692.72265625,193226.75,20292.46875,6902.59375,13248.2216796875,27532.0078125,45721.01171875,2922022.0,358840.0,1108464.875,3615614.5,11013273,5590.32080078125,71340.171875,122499120,53221240,21124.169921875,86264.59375,202221.078125,671309.6875,4361.865234375,2863270.0,1141575.5,63171.05859375,491451.65625,21334.283203125,827957.4375,701.22802734375,448195.9375,446669.0625,239697.140625,959162.375,70221.7109375,77599.2578125,17389.9609375,4123.76025390625,276618.65625,15045.626953125,146053.890625,33031.80859375,405360.59375,1103080.125,58593.625,7257.26416015625,122924.640625,13554.580078125,609616.1875,33359,33.890113830566406,35.582420349121094,0,0,0,0,0,0,0,0,0,0,0,1,0,0,0,0,0,0,0,False,UNKNOWN,0,0,0,0,201368046,24484,0,37.00413131713867,13,,,"{'Type': 'start', 'Data_Type': 'Synthetical', 'Protocol_name': 'ABGv5-5ppb-10RH-75ccm-Anthony-Q425', 'Trial_Details': {'RH': 0, 'group': 35, 'detail': 'N/A', 'trialnum': 23, 'TrialName': '10rh', 'identifier': 'srzyh', 'Concentration': 0}, 'Experiment_Rig': 'DA3'}",,2026-01-19 01:41:16.493,"{'cid': '50887afa-f28e-43cb-ad20-c4bac4e7cd08', 'uuid': '78721ac2-ace3-4b52-bdcf-c79e95c6f8f5', 'annotationId': '2be98d50-2a59-4d82-955b-54fa72a23f06', 'name': 'AmbientSamplingRFC', 'description': 'AmbientSamplingRFC', 'labels': 'AmbientSamplingRFC', 'metadata': {'Length': 30, 'Progress': 0, 'startTime': 1768786848739, 'Notification': 'Event AmbientSamplingRFC Started.'}, 'createdAt': '2026-01-19T01:40:48.964Z', 'createdBy': '5c7b5d9f-c171-4004-a182-4277ffd4c9eb'}",29.75,33.36,2200.0,2199.58,24020116.0,15.0,15.06,22040109.0,1600.0,1599.36,21470060.0,1385.0,1386.0,22450138.0,1800.0,1800.37,22340093.0,0.0,438491.74,25.16,32.63,1009.01
0000000027-4125-asu-nz,0000000018-3024-oms-nz,AmbientSamplingRFC,2be98d50-2a59-4d82-955b-54fa72a23f06,b0d302bf-f0f3-4feb-821a-8083f454e883,1221.0472412109375,487505.59375,199934.078125,8131.86865234375,7133.5947265625,26003.330078125,184650.859375,180043.6875,235817.625,70469.84375,129338.5390625,18642.703125,276064.90625,5537.7431640625,19438.56640625,37240.515625,257877.796875,52693.1640625,192921.34375,20287.478515625,6902.33447265625,13224.0888671875,27533.56640625,45723.0625,2924083.5,359525.875,1107256.25,3618056.0,11011841,5588.86474609375,70751.5390625,122876128,53463144,21127.7109375,86268.328125,202149.15625,671385.6875,4360.87451171875,2864189.75,1143394.0,63170.46875,491905.75,21332.595703125,827818.875,701.1849975585938,448702.90625,446498.5,239696.390625,958295.75,70215.625,77635.7890625,17387.1484375,4127.8115234375,276685.40625,15072.87890625,145444.953125,33030.66796875,405465.03125,1102579.0,58586.87890625,7257.15771484375,122926.1015625,13561.783203125,609666.5625,33660,33.80952835083008,35.66300582885742,0,0,0,0,0,0,0,0,0,0,0,1,0,0,0,0,0,0,0,False,UNKNOWN,0,0,0,0,201368046,24484,0,37.00413131713867,13,,,"{'Type': 'start', 'Data_Type': 'Synthetical', 'Protocol_name': 'ABGv5-5ppb-10RH-75ccm-Anthony-Q425', 'Trial_Details': {'RH': 0, 'group': 35, 'detail': 'N/A', 'trialnum': 23, 'TrialName': '10rh', 'identifier': 'srzyh', 'Concentration': 0}, 'Experiment_Rig': 'DA3'}",,2026-01-19 01:41:16.792,"{'cid': '50887afa-f28e-43cb-ad20-c4bac4e7cd08', 'uuid': '78721ac2-ace3-4b52-bdcf-c79e95c6f8f5', 'annotationId': '2be98d50-2a59-4d82-955b-54fa72a23f06', 'name': 'AmbientSamplingRFC', 'description': 'AmbientSamplingRFC', 'labels': 'AmbientSamplingRFC', 'metadata': {'Length': 30, 'Progress': 0, 'startTime': 1768786848739, 'Notification': 'Event AmbientSamplingRFC Started.'}, 'createdAt': '2026-01-19T01:40:48.964Z', 'createdBy': '5c7b5d9f-c171-4004-a182-4277ffd4c9eb'}",29.75,33.36,2200.0,2199.65,24020116.0,15.0,15.06,22040109.0,1600.0,1599.36,21470060.0,1385.0,1386.12,22450138.0,1800.0,1800.39,22340093.0,0.0,439002.57,25.16,32.63,1009.0
0000000027-4125-asu-nz,0000000018-3024-oms-nz,AmbientSamplingRFC,2be98d50-2a59-4d82-955b-54fa72a23f06,b0d302bf-f0f3-4feb-821a-8083f454e883,1221.1446533203125,486342.90625,199950.625,8132.05224609375,7133.1845703125,26007.095703125,184620.46875,180090.453125,235896.5625,70425.7578125,129364.703125,18641.064453125,275644.09375,5556.4326171875,19438.970703125,37245.3359375,257879.765625,52700.984375,193265.53125,20285.1796875,6903.14453125,13244.8427734375,27532.76171875,45726.734375,2925270.5,359369.875,1109210.25,3619939.0,11023498,5588.41845703125,69519.1953125,123686368,53634992,21122.583984375,86268.1953125,202137.5625,671240.25,4362.10302734375,2865726.0,1143525.0,63173.8125,492004.5,21334.5625,828274.375,701.6793823242188,448404.5625,446495.6875,239653.59375,957662.125,70221.390625,77627.4609375,17384.392578125,4124.56787109375,277015.34375,15070.935546875,145368.578125,33026.23046875,405169.78125,1101564.5,58588.33203125,7256.9560546875,122876.5,13563.853515625,610086.25,33961,33.890113830566406,35.743595123291016,0,0,0,0,0,0,0,0,0,0,0,1,0,0,0,0,0,0,0,False,UNKNOWN,0,0,0,0,201368046,24484,0,37.00413131713867,13,,,"{'Type': 'start', 'Data_Type': 'Synthetical', 'Protocol_name': 'ABGv5-5ppb-10RH-75ccm-Anthony-Q425', 'Trial_Details': {'RH': 0, 'group': 35, 'detail': 'N/A', 'trialnum': 23, 'TrialName': '10rh', 'identifier': 'srzyh', 'Concentration': 0}, 'Experiment_Rig': 'DA3'}",,2026-01-19 01:41:17.095,"{'cid': '50887afa-f28e-43cb-ad20-c4bac4e7cd08', 'uuid': '78721ac2-ace3-4b52-bdcf-c79e95c6f8f5', 'annotationId': '2be98d50-2a59-4d82-955b-54fa72a23f06', 'name': 'AmbientSamplingRFC', 'description': 'AmbientSamplingRFC', 'labels': 'AmbientSamplingRFC', 'metadata': {'Length': 30, 'Progress': 0, 'startTime': 1768786848739, 'Notification': 'Event AmbientSamplingRFC Started.'}, 'createdAt': '2026-01-19T01:40:48.964Z', 'createdBy': '5c7b5d9f-c171-4004-a182-4277ffd4c9eb'}",29.75,33.36,2200.0,2199.9,24020116.0,15.0,15.06,22040109.0,1600.0,1599.36,21470060.0,1385.0,1386.08,22450138.0,1800.0,1800.46,22340093.0,0.0,439520.23,25.15,32.63,1009.0
0000000027-4125-asu-nz,0000000018-3024-oms-nz,AmbientSamplingRFC,2be98d50-2a59-4d82-955b-54fa72a23f06,b0d302bf-f0f3-4feb-821a-8083f454e883,1220.7608642578125,487750.0,199946.578125,8132.2900390625,7133.41845703125,26005.90234375,184638.5,180083.0625,235961.21875,70487.7890625,129366.40625,18642.271484375,275622.6875,5545.2294921875,19437.40625,37250.42578125,258110.28125,52692.2890625,193147.40625,20286.11328125,6902.99267578125,13217.12890625,27536.080078125,45723.56640625,2927729.0,358119.875,1106398.375,3621654.0,11034771,5588.0927734375,69220.0625,124505848,53724200,21128.408203125,86269.703125,202133.625,671003.125,4361.94580078125,2869204.5,1142801.375,63180.734375,492186.15625,21332.423828125,827675.25,701.3442993164062,448451.46875,446096.53125,239663.859375,957395.25,70203.125,77643.875,17385.921875,4132.21044921875,276695.3125,15050.5244140625,145972.34375,33024.4375,405254.65625,1100869.625,58578.80859375,7256.75390625,122938.9453125,13559.2236328125,609135.25,34262,34.05128479003906,35.824180603027344,0,0,0,0,0,0,0,0,0,0,0,1,0,0,0,0,0,0,0,False,UNKNOWN,0,0,0,0,201373049,24484,0,37.51861953735352,13,,,"{'Type': 'start', 'Data_Type': 'Synthetical', 'Protocol_name': 'ABGv5-5ppb-10RH-75ccm-Anthony-Q425', 'Trial_Details': {'RH': 0, 'group': 35, 'detail': 'N/A', 'trialnum': 23, 'TrialName': '10rh', 'identifier': 'srzyh', 'Concentration': 0}, 'Experiment_Rig': 'DA3'}",,2026-01-19 01:41:17.395,"{'cid': '50887afa-f28e-43cb-ad20-c4bac4e7cd08', 'uuid': '78721ac2-ace3-4b52-bdcf-c79e95c6f8f5', 'annotationId': '2be98d50-2a59-4d82-955b-54fa72a23f06', 'name': 'AmbientSamplingRFC', 'description': 'AmbientSamplingRFC', 'labels': 'AmbientSamplingRFC', 'metadata': {'Length': 30, 'Progress': 0, 'startTime': 1768786848739, 'Notification': 'Event AmbientSamplingRFC Started.'}, 'createdAt': '2026-01-19T01:40:48.964Z', 'createdBy': '5c7b5d9f-c171-4004-a182-4277ffd4c9eb'}",29.75,33.35,2200.0,2200.23,24020116.0,15.0,15.06,22040109.0,1600.0,1599.36,21470060.0,1385.0,1385.97,22450138.0,1800.0,1800.55,22340093.0,0.0,440032.77,25.15,32.63,1008.99
0000000027-4125-asu-nz,0000000018-3024-oms-nz,AmbientSamplingRFC,2be98d50-2a59-4d82-955b-54fa72a23f06,b0d302bf-f0f3-4feb-821a-8083f454e883,1220.88134765625,487931.90625,200000.6875,8132.76123046875,7133.41015625,26007.662109375,184724.953125,180105.859375,235997.890625,70529.5078125,129357.671875,18642.42578125,275108.15625,5549.77197265625,19439.330078125,37237.0625,258225.5625,52686.6953125,193249.578125,20291.166015625,6902.69091796875,13196.9736328125,27532.251953125,45726.828125,2927752.5,357874.40625,1105521.625,3621455.5,11057862,5588.37109375,68747.2421875,126619648,53689100,21127.591796875,86275.1875,202172.84375,670821.4375,4361.8583984375,2868285.25,1140356.5,63184.45703125,492047.875,21334.779296875,828074.9375,701.3557739257812,448457.375,446870.53125,239713.40625,957234.125,70223.7734375,77641.328125,17380.6015625,4133.8291015625,276719.53125,15076.4228515625,146527.03125,33024.2734375,405245.15625,1100367.625,58578.51953125,7256.35107421875,122962.3046875,13567.9892578125,608975.9375,34565,33.970699310302734,35.743595123291016,0,0,0,0,0,0,0,0,0,0,0,1,0,0,0,0,0,0,0,False,UNKNOWN,0,0,0,0,201373049,24484,0,37.51861953735352,13,,,"{'Type': 'start', 'Data_Type': 'Synthetical', 'Protocol_name': 'ABGv5-5ppb-10RH-75ccm-Anthony-Q425', 'Trial_Details': {'RH': 0, 'group': 35, 'detail': 'N/A', 'trialnum': 23, 'TrialName': '10rh', 'identifier': 'srzyh', 'Concentration': 0}, 'Experiment_Rig': 'DA3'}",,2026-01-19 01:41:17.699,"{'cid': '50887afa-f28e-43cb-ad20-c4bac4e7cd08', 'uuid': '78721ac2-ace3-4b52-bdcf-c79e95c6f8f5', 'annotationId': '2be98d50-2a59-4d82-955b-54fa72a23f06', 'name': 'AmbientSamplingRFC', 'description': 'AmbientSamplingRFC', 'labels': 'AmbientSamplingRFC', 'metadata': {'Length': 30, 'Progress': 0, 'startTime': 1768786848739, 'Notification': 'Event AmbientSamplingRFC Started.'}, 'createdAt': '2026-01-19T01:40:48.964Z', 'createdBy': '5c7b5d9f-c171-4004-a182-4277ffd4c9eb'}",29.75,33.35,2200.0,2200.57,24020116.0,15.0,15.06,22040109.0,1600.0,1599.36,21470060.0,1385.0,1385.84,22450138.0,1800.0,1800.65,22340093.0,0.0,439380.35,25.16,32.63,1008.99
0000000027-4125-asu-nz,0000000018-3024-oms-nz,AmbientSamplingRFC,2be98d50-2a59-4d82-955b-54fa72a23f06,b0d302bf-f0f3-4feb-821a-8083f454e883,1219.81005859375,487019.25,200001.484375,8132.3603515625,7132.89892578125,26007.76171875,184622.984375,180112.953125,235998.703125,70515.34375,129373.9921875,18642.6875,274527.46875,5550.76611328125,19440.017578125,37245.734375,258473.28125,52676.265625,193214.84375,20288.0234375,6902.3642578125,13219.1162109375,27534.58984375,45736.5859375,2929838.25,357436.875,1106747.25,3623054.5,11073060,5588.908203125,69109.484375,127381312,53558184,21129.478515625,86247.5,202141.171875,670699.1875,4361.39501953125,2864170.0,1138357.25,63187.83203125,491919.625,21333.451171875,828787.875,701.5416259765625,448298.78125,447140.5,239758.59375,956896.5625,70174.0625,77620.9921875,17380.501953125,4133.37841796875,277040.53125,15024.4228515625,146724.3125,33025.515625,405282.0625,1100243.75,58572.44921875,7256.83447265625,122953.9140625,13567.291015625,609287.3125,34864,33.890113830566406,35.582420349121094,0,0,0,0,0,0,0,0,0,0,0,1,0,0,0,0,0,0,0,False,UNKNOWN,0,0,0,0,201373049,24484,0,37.51861953735352,13,,,"{'Type': 'start', 'Data_Type': 'Synthetical', 'Protocol_name': 'ABGv5-5ppb-10RH-75ccm-Anthony-Q425', 'Trial_Details': {'RH': 0, 'group': 35, 'detail': 'N/A', 'trialnum': 23, 'TrialName': '10rh', 'identifier': 'srzyh', 'Concentration': 0}, 'Experiment_Rig': 'DA3'}",,2026-01-19 01:41:17.996,"{'cid': '50887afa-f28e-43cb-ad20-c4bac4e7cd08', 'uuid': '78721ac2-ace3-4b52-bdcf-c79e95c6f8f5', 'annotationId': '2be98d50-2a59-4d82-955b-54fa72a23f06', 'name': 'AmbientSamplingRFC', 'description': 'AmbientSamplingRFC', 'labels': 'AmbientSamplingRFC', 'metadata': {'Length': 30, 'Progress': 0, 'startTime': 1768786848739, 'Notification': 'Event AmbientSamplingRFC Started.'}, 'createdAt': '2026-01-19T01:40:48.964Z', 'createdBy': '5c7b5d9f-c171-4004-a182-4277ffd4c9eb'}",29.75,33.35,2200.0,2200.78,24020116.0,15.0,15.06,22040109.0,1600.0,1599.36,21470060.0,1385.0,1385.78,22450138.0,1800.0,1800.61,22340093.0,0.0,438699.98,25.16,32.63,1009.0
0000000027-4125-asu-nz,0000000018-3024-oms-nz,AmbientSamplingRFC,2be98d50-2a59-4d82-955b-54fa72a23f06,b0d302bf-f0f3-4feb-821a-8083f454e883,1220.5364990234375,487778.34375,200022.8125,8132.45703125,7133.48828125,26007.2265625,184675.96875,180141.4375,236183.546875,70527.1640625,129378.453125,18642.931640625,274544.6875,5518.3388671875,19443.4375,37236.640625,258104.421875,52664.74609375,194148.390625,20283.486328125,6903.03125,13240.2431640625,27534.345703125,45735.60546875,2932095.0,358952.46875,1108022.625,3623783.5,11080608,5588.79736328125,68981.3984375,127962592,53343852,21121.427734375,86247.6484375,202129.171875,670666.0625,4361.89697265625,2860886.5,1140749.375,63203.7578125,492433.5,21331.353515625,829205.0625,701.7237548828125,448625.625,447047.34375,239784.953125,957429.8125,70194.9921875,77607.265625,17391.673828125,4130.759765625,277166.09375,15078.4013671875,146912.03125,33025.4921875,405129.875,1099906.0,58565.62890625,7257.45263671875,122867.359375,13554.3896484375,609531.0,35165,33.890113830566406,35.743595123291016,0,0,0,0,0,0,0,0,0,0,0,1,0,0,0,0,0,0,0,False,UNKNOWN,0,0,0,0,201373049,24484,0,37.51861953735352,13,,,"{'Type': 'start', 'Data_Type': 'Synthetical', 'Protocol_name': 'ABGv5-5ppb-10RH-75ccm-Anthony-Q425', 'Trial_Details': {'RH': 0, 'group': 35, 'detail': 'N/A', 'trialnum': 23, 'TrialName': '10rh', 'identifier': 'srzyh', 'Concentration': 0}, 'Experiment_Rig': 'DA3'}",,2026-01-19 01:41:18.299,"{'cid': '50887afa-f28e-43cb-ad20-c4bac4e7cd08', 'uuid': '78721ac2-ace3-4b52-bdcf-c79e95c6f8f5', 'annotationId': '2be98d50-2a59-4d82-955b-54fa72a23f06', 'name': 'AmbientSamplingRFC', 'description': 'AmbientSamplingRFC', 'labels': 'AmbientSamplingRFC', 'metadata': {'Length': 30, 'Progress': 0, 'startTime': 1768786848739, 'Notification': 'Event AmbientSamplingRFC Started.'}, 'createdAt': '2026-01-19T01:40:48.964Z', 'createdBy': '5c7b5d9f-c171-4004-a182-4277ffd4c9eb'}",29.75,33.35,2200.0,2200.71,24020116.0,15.0,15.06,22040109.0,1600.0,1599.36,21470060.0,1385.0,1385.85,22450138.0,1800.0,1800.2,22340093.0,0.0,438005.86,25.17,32.63,1009.0
0000000027-4125-asu-nz,0000000018-3024-oms-nz,AmbientSamplingRFC,2be98d50-2a59-4d82-955b-54fa72a23f06,b0d302bf-f0f3-4feb-821a-8083f454e883,1222.47900390625,487827.78125,200025.84375,8132.60205078125,7133.6357421875,26008.208984375,184729.703125,180138.953125,236097.21875,70568.2890625,129365.4765625,18640.158203125,275186.9375,5548.32568359375,19440.61328125,37233.984375,258066.0625,52665.84765625,193655.28125,20290.158203125,6902.84765625,13210.6123046875,27530.4609375,45733.15234375,2931956.25,357419.21875,1106005.75,3623479.5,11083996,5589.0888671875,69879.2109375,128096888,53063888,21116.716796875,86251.625,202098.484375,670669.0625,4360.9775390625,2859394.5,1140537.125,63202.86328125,492617.84375,21335.974609375,830028.875,701.89453125,448716.25,447104.21875,239786.984375,958203.0,70203.7734375,77630.0625,17383.802734375,4127.7451171875,276979.125,15037.4453125,146800.796875,33021.9921875,405242.3125,1099752.625,58576.296875,7257.13330078125,122958.2578125,13558.5830078125,609620.25,35466,33.970699310302734,35.582420349121094,0,0,0,0,0,0,0,0,0,0,0,1,0,0,0,0,0,0,0,False,UNKNOWN,0,0,0,0,201373049,24484,0,37.51861953735352,13,,,"{'Type': 'start', 'Data_Type': 'Synthetical', 'Protocol_name': 'ABGv5-5ppb-10RH-75ccm-Anthony-Q425', 'Trial_Details': {'RH': 0, 'group': 35, 'detail': 'N/A', 'trialnum': 23, 'TrialName': '10rh', 'identifier': 'srzyh', 'Concentration': 0}, 'Experiment_Rig': 'DA3'}",,2026-01-19 01:41:18.599,"{'cid': '50887afa-f28e-43cb-ad20-c4bac4e7cd08', 'uuid': '78721ac2-ace3-4b52-bdcf-c79e95c6f8f5', 'annotationId': '2be98d50-2a59-4d82-955b-54fa72a23f06', 'name': 'AmbientSamplingRFC', 'description': 'AmbientSamplingRFC', 'labels': 'AmbientSamplingRFC', 'metadata': {'Length': 30, 'Progress': 0, 'startTime': 1768786848739, 'Notification': 'Event AmbientSamplingRFC Started.'}, 'createdAt': '2026-01-19T01:40:48.964Z', 'createdBy': '5c7b5d9f-c171-4004-a182-4277ffd4c9eb'}",29.74,33.35,2200.0,2200.64,24020116.0,15.0,15.06,22040109.0,1600.0,1599.36,21470060.0,1385.0,1385.92,22450138.0,1800.0,1799.8,22340093.0,0.0,437616.67,25.17,32.63,1009.0
0000000027-4125-asu-nz,0000000018-3024-oms-nz,AmbientSamplingRFC,2be98d50-2a59-4d82-955b-54fa72a23f06,b0d302bf-f0f3-4feb-821a-8083f454e883,1220.659912109375,488085.84375,200022.296875,8132.220703125,7134.1669921875,26006.48046875,184662.578125,180126.296875,235726.359375,70543.8046875,129346.1953125,18641.328125,274996.625,5535.111328125,19438.771484375,37229.05078125,257835.125,52654.50390625,192862.828125,20293.6796875,6901.79638671875,13205.287109375,27528.54296875,45730.40234375,2928576.75,357844.15625,1106619.125,3622692.0,11076535,5589.04931640625,69035.34375,127996280,52767056,21118.529296875,86239.03125,202174.828125,670595.4375,4361.68505859375,2856646.75,1138725.375,63203.890625,492715.3125,21334.126953125,830210.0,701.656982421875,448479.6875,446655.6875,239780.0625,959152.9375,70206.28125,77647.0625,17384.724609375,4127.625,276574.8125,15072.005859375,147013.359375,33026.890625,405171.78125,1100404.0,58576.91796875,7256.63623046875,122950.4453125,13560.6552734375,609971.375,35767,33.970699310302734,35.743595123291016,0,0,0,0,0,0,0,0,0,0,0,1,0,0,0,0,0,0,0,False,UNKNOWN,0,0,0,0,201373049,24484,0,37.51861953735352,13,,,"{'Type': 'start', 'Data_Type': 'Synthetical', 'Protocol_name': 'ABGv5-5ppb-10RH-75ccm-Anthony-Q425', 'Trial_Details': {'RH': 0, 'group': 35, 'detail': 'N/A', 'trialnum': 23, 'TrialName': '10rh', 'identifier': 'srzyh', 'Concentration': 0}, 'Experiment_Rig': 'DA3'}",,2026-01-19 01:41:18.900,"{'cid': '50887afa-f28e-43cb-ad20-c4bac4e7cd08', 'uuid': '78721ac2-ace3-4b52-bdcf-c79e95c6f8f5', 'annotationId': '2be98d50-2a59-4d82-955b-54fa72a23f06', 'name': 'AmbientSamplingRFC', 'description': 'AmbientSamplingRFC', 'labels': 'AmbientSamplingRFC', 'metadata': {'Length': 30, 'Progress': 0, 'startTime': 1768786848739, 'Notification': 'Event AmbientSamplingRFC Started.'}, 'createdAt': '2026-01-19T01:40:48.964Z', 'createdBy': '5c7b5d9f-c171-4004-a182-4277ffd4c9eb'}",29.74,33.35,2200.0,2200.56,24020116.0,15.0,15.06,22040109.0,1600.0,1599.36,21470060.0,1385.0,1386.0,22450138.0,1800.0,1799.39,22340093.0,0.0,437982.58,25.17,32.63,1009.01
0000000027-4125-asu-nz,0000000018-3024-oms-nz,AmbientSamplingRFC,2be98d50-2a59-4d82-955b-54fa72a23f06,b0d302bf-f0f3-4feb-821a-8083f454e883,1220.2078857421875,488318.34375,200049.6875,8132.16943359375,7133.7177734375,26005.509765625,184564.84375,180119.828125,235794.65625,70580.578125,129322.765625,18641.396484375,271561.375,5523.34765625,19441.541015625,37235.36328125,257870.4375,52657.3125,192978.046875,20290.515625,6902.08154296875,13248.9384765625,27530.193359375,45729.671875,2925960.0,359966.75,1105364.625,3621953.5,11065212,5589.38037109375,69221.671875,127589208,52501408,21119.015625,86265.90625,202199.84375,670591.75,4361.77001953125,2855952.5,1139040.25,63203.375,492670.875,21335.513671875,831530.875,701.790771484375,448608.625,446537.0625,239780.109375,960038.125,70204.328125,77661.515625,17383.78125,4130.11474609375,276837.53125,15087.67578125,147656.546875,33031.18359375,405213.4375,1100959.125,58577.51953125,7256.5283203125,123019.5546875,13556.001953125,609602.4375,36068,33.970699310302734,35.582420349121094,0,0,0,0,0,0,0,0,0,0,0,1,0,0,0,0,0,0,0,False,UNKNOWN,0,0,0,0,201373049,24484,0,37.51861953735352,13,,,"{'Type': 'start', 'Data_Type': 'Synthetical', 'Protocol_name': 'ABGv5-5ppb-10RH-75ccm-Anthony-Q425', 'Trial_Details': {'RH': 0, 'group': 35, 'detail': 'N/A', 'trialnum': 23, 'TrialName': '10rh', 'identifier': 'srzyh', 'Concentration': 0}, 'Experiment_Rig': 'DA3'}",,2026-01-19 01:41:19.206,"{'cid': '50887afa-f28e-43cb-ad20-c4bac4e7cd08', 'uuid': '78721ac2-ace3-4b52-bdcf-c79e95c6f8f5', 'annotationId': '2be98d50-2a59-4d82-955b-54fa72a23f06', 'name': 'AmbientSamplingRFC', 'description': 'AmbientSamplingRFC', 'labels': 'AmbientSamplingRFC', 'metadata': {'Length': 30, 'Progress': 0, 'startTime': 1768786848739, 'Notification': 'Event AmbientSamplingRFC Started.'}, 'createdAt': '2026-01-19T01:40:48.964Z', 'createdBy': '5c7b5d9f-c171-4004-a182-4277ffd4c9eb'}",29.74,33.33,2200.0,2200.08,24020116.0,15.0,15.06,22040109.0,1600.0,1599.36,21470060.0,1385.0,1385.73,22450138.0,1800.0,1799.2,22340093.0,0.0,438354.57,25.17,32.63,1009.02
0000000027-4125-asu-nz,0000000018-3024-oms-nz,AmbientSamplingRFC,2be98d50-2a59-4d82-955b-54fa72a23f06,b0d302bf-f0f3-4feb-821a-8083f454e883,1220.9825439453125,488240.90625,200002.765625,8132.28564453125,7133.7900390625,26007.083984375,184603.6875,180087.109375,235447.625,70493.640625,129310.953125,18641.373046875,274205.09375,5551.619140625,19441.076171875,37241.03515625,257869.59375,52656.625,193544.734375,20299.51953125,6902.27978515625,13248.3115234375,27528.96875,45721.7265625,2922738.0,359810.09375,1107170.375,3620716.0,11051819,5589.1240234375,69003.2265625,126730944,52305032,21120.77734375,86250.6953125,202224.34375,670601.1875,4361.2138671875,2857103.25,1139101.0,63204.0390625,492842.1875,21334.75390625,830847.375,702.2957763671875,448788.15625,447165.875,239770.53125,960475.75,70234.46875,77688.90625,17383.384765625,4126.6904296875,276927.625,15079.873046875,147699.3125,33038.65234375,405307.34375,1101840.0,58589.4296875,7256.88818359375,123012.7578125,13556.9580078125,607693.1875,36369,33.890113830566406,35.743595123291016,0,0,0,0,0,0,0,0,0,0,0,1,0,0,0,0,0,0,0,False,UNKNOWN,0,0,0,0,201373049,24484,0,37.51861953735352,13,,,"{'Type': 'start', 'Data_Type': 'Synthetical', 'Protocol_name': 'ABGv5-5ppb-10RH-75ccm-Anthony-Q425', 'Trial_Details': {'RH': 0, 'group': 35, 'detail': 'N/A', 'trialnum': 23, 'TrialName': '10rh', 'identifier': 'srzyh', 'Concentration': 0}, 'Experiment_Rig': 'DA3'}",,2026-01-19 01:41:19.502,"{'cid': '50887afa-f28e-43cb-ad20-c4bac4e7cd08', 'uuid': '78721ac2-ace3-4b52-bdcf-c79e95c6f8f5', 'annotationId': '2be98d50-2a59-4d82-955b-54fa72a23f06', 'name': 'AmbientSamplingRFC', 'description': 'AmbientSamplingRFC', 'labels': 'AmbientSamplingRFC', 'metadata': {'Length': 30, 'Progress': 0, 'startTime': 1768786848739, 'Notification': 'Event AmbientSamplingRFC Started.'}, 'createdAt': '2026-01-19T01:40:48.964Z', 'createdBy': '5c7b5d9f-c171-4004-a182-4277ffd4c9eb'}",29.75,33.32,2200.0,2199.59,24020116.0,15.0,15.05,22040109.0,1600.0,1599.36,21470060.0,1385.0,1385.45,22450138.0,1800.0,1799.04,22340093.0,0.0,438714.4,25.17,32.63,1009.03
0000000027-4125-asu-nz,0000000018-3024-oms-nz,AmbientSamplingRFC,2be98d50-2a59-4d82-955b-54fa72a23f06,b0d302bf-f0f3-4feb-821a-8083f454e883,1220.9429931640625,489251.4375,199993.53125,8132.4951171875,7133.60595703125,26006.00390625,184661.96875,180087.5,235244.078125,70527.9921875,129309.2734375,18640.1953125,275000.53125,5555.83056640625,19439.361328125,37239.92578125,257916.5625,52672.94140625,192671.09375,20287.54296875,6902.52978515625,13215.9169921875,27530.919921875,45730.87109375,2920685.5,358647.71875,1104639.75,3619353.75,11037523,5588.98193359375,69474.6640625,125786432,52200996,21121.189453125,86277.7265625,202275.6875,670848.0,4361.994140625,2859382.0,1138599.875,63195.27734375,492415.0,21336.37109375,830685.9375,702.4585571289062,448692.40625,447072.78125,239774.390625,961024.125,70206.0703125,77632.765625,17389.978515625,4122.90576171875,276790.0,15067.5390625,146410.109375,33040.07421875,405467.78125,1102835.125,58590.12109375,7257.10888671875,123000.2265625,13556.1005859375,609125.1875,36670,34.05128479003906,35.66300582885742,0,0,0,0,0,0,0,0,0,0,0,1,0,0,0,0,0,0,0,False,UNKNOWN,0,0,0,0,201373049,24484,0,37.51861953735352,13,,,"{'Type': 'start', 'Data_Type': 'Synthetical', 'Protocol_name': 'ABGv5-5ppb-10RH-75ccm-Anthony-Q425', 'Trial_Details': {'RH': 0, 'group': 35, 'detail': 'N/A', 'trialnum': 23, 'TrialName': '10rh', 'identifier': 'srzyh', 'Concentration': 0}, 'Experiment_Rig': 'DA3'}",,2026-01-19 01:41:19.803,"{'cid': '50887afa-f28e-43cb-ad20-c4bac4e7cd08', 'uuid': '78721ac2-ace3-4b52-bdcf-c79e95c6f8f5', 'annotationId': '2be98d50-2a59-4d82-955b-54fa72a23f06', 'name': 'AmbientSamplingRFC', 'description': 'AmbientSamplingRFC', 'labels': 'AmbientSamplingRFC', 'metadata': {'Length': 30, 'Progress': 0, 'startTime': 1768786848739, 'Notification': 'Event AmbientSamplingRFC Started.'}, 'createdAt': '2026-01-19T01:40:48.964Z', 'createdBy': '5c7b5d9f-c171-4004-a182-4277ffd4c9eb'}",29.75,33.3,2200.0,2199.09,24020116.0,15.0,15.05,22040109.0,1600.0,1599.36,21470060.0,1385.0,1385.16,22450138.0,1800.0,1798.87,22340093.0,0.0,438952.11,25.17,32.63,1009.03
0000000027-4125-asu-nz,0000000018-3024-oms-nz,AmbientSamplingRFC,2be98d50-2a59-4d82-955b-54fa72a23f06,b0d302bf-f0f3-4feb-821a-8083f454e883,1221.0460205078125,489417.5625,199942.09375,8132.1083984375,7134.0673828125,26004.40625,184627.53125,180069.09375,235669.0,70461.859375,129300.390625,18640.08203125,274690.8125,5551.55224609375,19441.947265625,37234.18359375,257900.359375,52662.52734375,192091.234375,20287.17578125,6902.1767578125,13233.919921875,27531.642578125,45729.06640625,2918864.25,359105.75,1103557.0,3617833.0,11027169,5589.01611328125,68803.171875,124891096,52203516,21120.720703125,86302.4921875,202294.921875,670934.375,4361.08544921875,2858028.75,1136503.5,63192.0234375,492236.65625,21334.560546875,828269.0625,702.4608764648438,448418.90625,446820.625,239723.484375,961194.1875,70251.7890625,77623.9140625,17394.796875,4126.0087890625,276193.9375,15060.529296875,148561.453125,33037.76953125,405375.5625,1103374.25,58591.34375,7256.7470703125,122907.1640625,13558.3076171875,608070.8125,36971,33.970699310302734,35.501834869384766,0,0,0,0,0,0,0,0,0,0,0,1,0,0,0,0,0,0,0,False,UNKNOWN,0,0,0,0,201373049,24484,0,37.51861953735352,13,,,"{'Type': 'start', 'Data_Type': 'Synthetical', 'Protocol_name': 'ABGv5-5ppb-10RH-75ccm-Anthony-Q425', 'Trial_Details': {'RH': 0, 'group': 35, 'detail': 'N/A', 'trialnum': 23, 'TrialName': '10rh', 'identifier': 'srzyh', 'Concentration': 0}, 'Experiment_Rig': 'DA3'}",,2026-01-19 01:41:20.104,"{'cid': '50887afa-f28e-43cb-ad20-c4bac4e7cd08', 'uuid': '78721ac2-ace3-4b52-bdcf-c79e95c6f8f5', 'annotationId': '2be98d50-2a59-4d82-955b-54fa72a23f06', 'name': 'AmbientSamplingRFC', 'description': 'AmbientSamplingRFC', 'labels': 'AmbientSamplingRFC', 'metadata': {'Length': 30, 'Progress': 0, 'startTime': 1768786848739, 'Notification': 'Event AmbientSamplingRFC Started.'}, 'createdAt': '2026-01-19T01:40:48.964Z', 'createdBy': '5c7b5d9f-c171-4004-a182-4277ffd4c9eb'}",29.75,33.31,2200.0,2199.03,24020116.0,15.0,15.04,22040109.0,1600.0,1599.52,21470060.0,1385.0,1384.98,22450138.0,1800.0,1799.08,22340093.0,0.0,439025.7,25.17,32.63,1009.03
0000000027-4125-asu-nz,0000000018-3024-oms-nz,AmbientSamplingRFC,2be98d50-2a59-4d82-955b-54fa72a23f06,b0d302bf-f0f3-4feb-821a-8083f454e883,1221.52392578125,489370.25,199935.59375,8132.68603515625,7133.87255859375,26003.37890625,184604.625,180028.921875,235508.78125,70420.46875,129323.6953125,18641.47265625,273764.28125,5549.59228515625,19442.185546875,37229.1640625,257832.984375,52664.01953125,192968.96875,20291.841796875,6902.431640625,13238.80078125,27532.517578125,45721.59765625,2916887.0,360142.59375,1101746.5,3615565.25,11016600,5588.5888671875,68647.46875,124181744,52289508,21126.59765625,86282.0546875,202336.21875,671107.875,4362.7421875,2856281.75,1138152.125,63186.27734375,492458.78125,21334.908203125,828142.6875,701.8834838867188,448359.53125,446746.0625,239686.484375,961256.5625,70244.9609375,77672.7578125,17393.666015625,4132.92431640625,276547.75,15049.869140625,147691.984375,33042.02734375,405482.15625,1103491.125,58591.29296875,7257.638671875,122975.78125,13555.384765625,608684.3125,37272,33.970699310302734,35.582420349121094,0,0,0,0,0,0,0,0,0,0,0,1,0,0,0,0,0,0,0,False,UNKNOWN,0,0,0,0,201373049,24484,0,37.51861953735352,13,,,"{'Type': 'start', 'Data_Type': 'Synthetical', 'Protocol_name': 'ABGv5-5ppb-10RH-75ccm-Anthony-Q425', 'Trial_Details': {'RH': 0, 'group': 35, 'detail': 'N/A', 'trialnum': 23, 'TrialName': '10rh', 'identifier': 'srzyh', 'Concentration': 0}, 'Experiment_Rig': 'DA3'}",,2026-01-19 01:41:20.406,"{'cid': '50887afa-f28e-43cb-ad20-c4bac4e7cd08', 'uuid': '78721ac2-ace3-4b52-bdcf-c79e95c6f8f5', 'annotationId': '2be98d50-2a59-4d82-955b-54fa72a23f06', 'name': 'AmbientSamplingRFC', 'description': 'AmbientSamplingRFC', 'labels': 'AmbientSamplingRFC', 'metadata': {'Length': 30, 'Progress': 0, 'startTime': 1768786848739, 'Notification': 'Event AmbientSamplingRFC Started.'}, 'createdAt': '2026-01-19T01:40:48.964Z', 'createdBy': '5c7b5d9f-c171-4004-a182-4277ffd4c9eb'}",29.75,33.32,2200.0,2199.3,24020116.0,15.0,15.04,22040109.0,1600.0,1599.78,21470060.0,1385.0,1384.89,22450138.0,1800.0,1799.59,22340093.0,0.0,439099.54,25.17,32.63,1009.02
0000000027-4125-asu-nz,0000000018-3024-oms-nz,BreathSampleCollection,2be98d50-2a59-4d82-955b-54fa72a23f06,b0d302bf-f0f3-4feb-821a-8083f454e883,1222.288330078125,489024.625,199922.640625,8131.93701171875,7133.65576171875,26003.32421875,184611.375,180034.296875,235647.65625,70547.5234375,129324.8515625,18640.982421875,275321.84375,5550.84130859375,19441.67578125,37227.37890625,257740.5625,52676.1640625,192924.171875,20293.609375,6902.68505859375,13205.63671875,27532.52734375,45725.96875,2916910.75,359316.96875,1100889.125,3613522.75,11012161,5588.88427734375,68688.609375,123661216,52465092,21119.328125,86290.6015625,202298.0,671193.1875,4361.4990234375,2860818.5,1138152.25,63171.734375,492781.34375,21333.275390625,828061.0625,702.4340209960938,448347.0,447050.5625,239672.140625,961067.3125,70246.2421875,77654.5859375,17391.619140625,4122.74169921875,276812.78125,15066.603515625,147014.234375,33041.4375,405272.09375,1103720.75,58593.5234375,7257.64892578125,123002.0546875,13556.349609375,608493.75,37573,33.80952835083008,35.582420349121094,0,0,0,0,0,0,0,0,0,0,0,1,0,0,0,0,0,0,0,False,UNKNOWN,0,0,0,0,201373049,24484,0,37.51861953735352,13,,,"{'Type': 'start', 'Data_Type': 'Synthetical', 'Protocol_name': 'ABGv5-5ppb-10RH-75ccm-Anthony-Q425', 'Trial_Details': {'RH': 0, 'group': 35, 'detail': 'N/A', 'trialnum': 23, 'TrialName': '10rh', 'identifier': 'srzyh', 'Concentration': 0}, 'Experiment_Rig': 'DA3'}",,2026-01-19 01:41:20.706,"{'cid': '50887afa-f28e-43cb-ad20-c4bac4e7cd08', 'uuid': 'e4ec7872-0c26-41b0-8ce7-c58d50f0c6d5', 'annotationId': '2be98d50-2a59-4d82-955b-54fa72a23f06', 'name': 'BreathSampleCollection', 'description': 'BreathSampleCollection', 'labels': 'BreathSampleCollection', 'metadata': {'Length': 7, 'Progress': 29, 'startTime': 1768786880200, 'Notification': 'Event BreathSampleCollection Started.'}, 'createdAt': '2026-01-19T01:41:20.434Z', 'createdBy': '5c7b5d9f-c171-4004-a182-4277ffd4c9eb'}",29.75,33.34,2200.0,2199.56,24020116.0,15.0,15.03,22040109.0,1600.0,1600.04,21470060.0,1385.0,1384.79,22450138.0,1800.0,1800.09,22340093.0,0.0,439172.88,25.17,32.63,1009.02
0000000027-4125-asu-nz,0000000018-3024-oms-nz,BreathSampleCollection,2be98d50-2a59-4d82-955b-54fa72a23f06,b0d302bf-f0f3-4feb-821a-8083f454e883,1221.571533203125,489264.40625,199925.4375,8132.01611328125,7133.19482421875,26003.453125,184567.15625,180019.90625,235574.765625,70574.5703125,129315.6015625,18642.111328125,275357.15625,5533.70361328125,19442.357421875,37227.80859375,257634.140625,52681.53515625,192556.96875,20292.994140625,6901.9609375,13202.3701171875,27531.736328125,45724.328125,2916531.0,358372.25,1104213.5,3612672.5,11006079,5589.234375,68490.984375,123228680,52696060,21126.615234375,86283.703125,202288.71875,671234.9375,4362.58447265625,2858743.25,1139477.625,63173.0078125,491762.96875,21330.361328125,827926.375,702.2297973632812,448515.84375,447267.0,239694.578125,960371.625,70224.0703125,77636.59375,17389.318359375,4135.6728515625,277095.3125,15070.9521484375,146747.421875,33038.71484375,405444.75,1103666.625,58592.60546875,7257.36083984375,122966.53125,13562.4208984375,609459.9375,37874,33.890113830566406,35.582420349121094,0,0,0,0,0,0,0,0,0,0,0,1,0,0,0,0,0,0,0,False,UNKNOWN,0,0,0,0,201373049,24484,0,37.51861953735352,13,,,"{'Type': 'start', 'Data_Type': 'Synthetical', 'Protocol_name': 'ABGv5-5ppb-10RH-75ccm-Anthony-Q425', 'Trial_Details': {'RH': 0, 'group': 35, 'detail': 'N/A', 'trialnum': 23, 'TrialName': '10rh', 'identifier': 'srzyh', 'Concentration': 0}, 'Experiment_Rig': 'DA3'}",,2026-01-19 01:41:21.006,"{'cid': '50887afa-f28e-43cb-ad20-c4bac4e7cd08', 'uuid': 'e4ec7872-0c26-41b0-8ce7-c58d50f0c6d5', 'annotationId': '2be98d50-2a59-4d82-955b-54fa72a23f06', 'name': 'BreathSampleCollection', 'description': 'BreathSampleCollection', 'labels': 'BreathSampleCollection', 'metadata': {'Length': 7, 'Progress': 29, 'startTime': 1768786880200, 'Notification': 'Event BreathSampleCollection Started.'}, 'createdAt': '2026-01-19T01:41:20.434Z', 'createdBy': '5c7b5d9f-c171-4004-a182-4277ffd4c9eb'}",29.75,33.34,2200.0,2199.82,24020116.0,15.0,15.02,22040109.0,1600.0,1600.13,21470060.0,1385.0,1384.65,22450138.0,1800.0,1800.48,22340093.0,0.0,439645.44,25.17,32.63,1009.01
0000000027-4125-asu-nz,0000000018-3024-oms-nz,BreathSampleCollection,2be98d50-2a59-4d82-955b-54fa72a23f06,b0d302bf-f0f3-4feb-821a-8083f454e883,1222.75732421875,489179.8125,199915.875,8132.30712890625,7133.4482421875,26004.072265625,184594.328125,179990.34375,235706.46875,70551.921875,129325.953125,18641.359375,275942.625,5542.06689453125,19442.76171875,37235.44921875,257901.953125,52691.328125,191973.046875,20287.095703125,6902.15478515625,13229.4169921875,27529.072265625,45725.9453125,2918312.75,357989.96875,1107812.25,3613731.0,11007030,5588.02685546875,69456.0234375,123086736,52964464,21123.458984375,86292.7109375,202298.265625,671227.625,4361.66650390625,2861826.75,1138227.125,63171.64453125,491885.4375,21331.765625,827943.375,701.9976806640625,448174.28125,447399.65625,239660.78125,959258.125,70211.609375,77652.796875,17387.767578125,4132.4990234375,276980.03125,15063.75,145651.453125,33036.55859375,405469.09375,1103403.0,58599.4140625,7257.345703125,122944.140625,13557.634765625,610141.1875,38175,33.970699310302734,35.501834869384766,0,0,0,0,0,0,0,0,0,0,0,1,0,0,0,0,0,0,0,False,UNKNOWN,0,0,0,0,201373049,24484,0,37.51861953735352,13,,,"{'Type': 'start', 'Data_Type': 'Synthetical', 'Protocol_name': 'ABGv5-5ppb-10RH-75ccm-Anthony-Q425', 'Trial_Details': {'RH': 0, 'group': 35, 'detail': 'N/A', 'trialnum': 23, 'TrialName': '10rh', 'identifier': 'srzyh', 'Concentration': 0}, 'Experiment_Rig': 'DA3'}",,2026-01-19 01:41:21.308,"{'cid': '50887afa-f28e-43cb-ad20-c4bac4e7cd08', 'uuid': 'e4ec7872-0c26-41b0-8ce7-c58d50f0c6d5', 'annotationId': '2be98d50-2a59-4d82-955b-54fa72a23f06', 'name': 'BreathSampleCollection', 'description': 'BreathSampleCollection', 'labels': 'BreathSampleCollection', 'metadata': {'Length': 7, 'Progress': 29, 'startTime': 1768786880200, 'Notification': 'Event BreathSampleCollection Started.'}, 'createdAt': '2026-01-19T01:41:20.434Z', 'createdBy': '5c7b5d9f-c171-4004-a182-4277ffd4c9eb'}",29.75,33.33,2200.0,2200.09,24020116.0,15.0,15.01,22040109.0,1600.0,1599.65,21470060.0,1385.0,1384.34,22450138.0,1800.0,1800.45,22340093.0,0.0,440389.05,25.17,32.63,1009.0
0000000027-4125-asu-nz,0000000018-3024-oms-nz,BreathSampleCollection,2be98d50-2a59-4d82-955b-54fa72a23f06,b0d302bf-f0f3-4feb-821a-8083f454e883,1222.0052490234375,488933.71875,199917.359375,8132.470703125,7133.57470703125,26003.267578125,184560.65625,180009.71875,235750.296875,70650.109375,129338.421875,18642.517578125,275305.21875,5544.41455078125,19441.052734375,37232.15625,257913.609375,52699.5546875,190601.546875,20296.5234375,6902.02294921875,13211.259765625,27528.234375,45731.28125,2920984.75,358601.125,1109707.125,3616036.5,11010947,5585.24169921875,69699.5703125,123233392,53239556,21121.85546875,86282.3046875,202310.328125,671265.1875,4361.9658203125,2870519.25,1139083.875,63171.12890625,492275.46875,21331.20703125,825805.875,702.572265625,448191.4375,446980.34375,239641.6875,958314.0,70220.265625,77648.625,17383.90234375,4130.9765625,277018.03125,15045.763671875,146356.171875,33031.4140625,405358.875,1102423.125,58596.62109375,7257.4306640625,122868.703125,13557.3330078125,610174.4375,38476,34.05128479003906,35.501834869384766,0,0,0,0,0,0,0,0,0,0,0,1,0,0,0,0,0,0,0,False,UNKNOWN,0,0,0,0,201373049,24484,0,37.51861953735352,13,,,"{'Type': 'start', 'Data_Type': 'Synthetical', 'Protocol_name': 'ABGv5-5ppb-10RH-75ccm-Anthony-Q425', 'Trial_Details': {'RH': 0, 'group': 35, 'detail': 'N/A', 'trialnum': 23, 'TrialName': '10rh', 'identifier': 'srzyh', 'Concentration': 0}, 'Experiment_Rig': 'DA3'}",,2026-01-19 01:41:21.609,"{'cid': '50887afa-f28e-43cb-ad20-c4bac4e7cd08', 'uuid': 'e4ec7872-0c26-41b0-8ce7-c58d50f0c6d5', 'annotationId': '2be98d50-2a59-4d82-955b-54fa72a23f06', 'name': 'BreathSampleCollection', 'description': 'BreathSampleCollection', 'labels': 'BreathSampleCollection', 'metadata': {'Length': 7, 'Progress': 29, 'startTime': 1768786880200, 'Notification': 'Event BreathSampleCollection Started.'}, 'createdAt': '2026-01-19T01:41:20.434Z', 'createdBy': '5c7b5d9f-c171-4004-a182-4277ffd4c9eb'}",29.75,33.32,2200.0,2200.35,24020116.0,15.0,14.99,22040109.0,1600.0,1599.17,21470060.0,1385.0,1384.03,22450138.0,1800.0,1800.43,22340093.0,0.0,441130.21,25.17,32.62,1008.99
0000000027-4125-asu-nz,0000000018-3024-oms-nz,BreathSampleCollection,2be98d50-2a59-4d82-955b-54fa72a23f06,b0d302bf-f0f3-4feb-821a-8083f454e883,1221.8037109375,488955.21875,199977.640625,8132.30224609375,7133.6572265625,26004.888671875,184667.828125,180010.96875,235402.34375,70645.5859375,129343.890625,18642.0625,274482.0,5541.046875,19439.310546875,37235.05859375,258098.453125,52674.92578125,192700.484375,20284.97265625,6902.73681640625,13238.5244140625,27529.22265625,45733.8828125,2923908.25,358216.9375,1106316.75,3617983.75,11017926,5588.58984375,70299.453125,123433600,53452632,21119.841796875,86263.7890625,202328.96875,671196.5,4361.658203125,2870771.0,1140756.125,63172.97265625,492039.0625,21331.0859375,823658.625,702.3020629882812,448301.75,446486.28125,239641.265625,957510.5625,70212.1875,77651.8828125,17392.224609375,4134.1142578125,277213.65625,15039.66796875,147220.3125,33027.1796875,405287.6875,1101741.875,58589.3671875,7257.15771484375,122969.5703125,13552.3828125,609526.3125,38777,33.970699310302734,35.582420349121094,0,0,0,0,0,0,0,0,0,0,0,1,0,0,0,0,0,0,0,False,UNKNOWN,0,0,0,0,201373049,24484,0,37.51861953735352,13,,,"{'Type': 'start', 'Data_Type': 'Synthetical', 'Protocol_name': 'ABGv5-5ppb-10RH-75ccm-Anthony-Q425', 'Trial_Details': {'RH': 0, 'group': 35, 'detail': 'N/A', 'trialnum': 23, 'TrialName': '10rh', 'identifier': 'srzyh', 'Concentration': 0}, 'Experiment_Rig': 'DA3'}",,2026-01-19 01:41:21.910,"{'cid': '50887afa-f28e-43cb-ad20-c4bac4e7cd08', 'uuid': 'e4ec7872-0c26-41b0-8ce7-c58d50f0c6d5', 'annotationId': '2be98d50-2a59-4d82-955b-54fa72a23f06', 'name': 'BreathSampleCollection', 'description': 'BreathSampleCollection', 'labels': 'BreathSampleCollection', 'metadata': {'Length': 7, 'Progress': 29, 'startTime': 1768786880200, 'Notification': 'Event BreathSampleCollection Started.'}, 'createdAt': '2026-01-19T01:41:20.434Z', 'createdBy': '5c7b5d9f-c171-4004-a182-4277ffd4c9eb'}",29.75,33.33,2200.0,2200.61,24020116.0,15.0,14.98,22040109.0,1600.0,1598.69,21470060.0,1385.0,1383.72,22450138.0,1800.0,1800.4,22340093.0,0.0,441871.37,25.17,32.62,1008.97
0000000027-4125-asu-nz,0000000018-3024-oms-nz,BreathSampleCollection,2be98d50-2a59-4d82-955b-54fa72a23f06,b0d302bf-f0f3-4feb-821a-8083f454e883,1221.9193115234375,489270.34375,200001.28125,8132.64990234375,7134.00537109375,26004.060546875,184565.203125,180034.703125,235174.390625,70587.53125,129359.1640625,18643.66796875,274401.96875,5544.23193359375,19440.529296875,37238.28125,258081.53125,52681.56640625,192811.421875,20281.623046875,6902.408203125,13208.0927734375,27527.58203125,45724.10546875,2926268.0,359247.3125,1105125.5,3620054.75,11026849,5587.95654296875,69838.5,124075520,53579772,21121.85546875,86232.8984375,202251.125,671043.1875,4360.3525390625,2872608.25,1141374.5,63170.33203125,491904.53125,21331.04296875,823418.125,703.0082397460938,448664.4375,446377.1875,239643.59375,957171.5,70194.71875,77597.421875,17383.931640625,4132.64013671875,277396.59375,15060.41015625,147010.75,33021.2578125,405185.875,1100915.875,58580.83203125,7257.18017578125,122865.140625,13558.05078125,607619.875,39078,33.890113830566406,35.582420349121094,0,0,0,0,0,0,0,0,0,0,0,1,0,0,0,0,0,0,0,False,UNKNOWN,0,0,0,0,201373049,24484,0,37.51861953735352,13,,,"{'Type': 'start', 'Data_Type': 'Synthetical', 'Protocol_name': 'ABGv5-5ppb-10RH-75ccm-Anthony-Q425', 'Trial_Details': {'RH': 0, 'group': 35, 'detail': 'N/A', 'trialnum': 23, 'TrialName': '10rh', 'identifier': 'srzyh', 'Concentration': 0}, 'Experiment_Rig': 'DA3'}",,2026-01-19 01:41:22.211,"{'cid': '50887afa-f28e-43cb-ad20-c4bac4e7cd08', 'uuid': 'e4ec7872-0c26-41b0-8ce7-c58d50f0c6d5', 'annotationId': '2be98d50-2a59-4d82-955b-54fa72a23f06', 'name': 'BreathSampleCollection', 'description': 'BreathSampleCollection', 'labels': 'BreathSampleCollection', 'metadata': {'Length': 7, 'Progress': 29, 'startTime': 1768786880200, 'Notification': 'Event BreathSampleCollection Started.'}, 'createdAt': '2026-01-19T01:41:20.434Z', 'createdBy': '5c7b5d9f-c171-4004-a182-4277ffd4c9eb'}",29.75,33.34,2200.0,2200.58,24020116.0,15.0,14.96,22040109.0,1600.0,1599.0,21470060.0,1385.0,1384.42,22450138.0,1800.0,1800.4,22340093.0,0.0,441819.17,25.17,32.62,1008.98
0000000027-4125-asu-nz,0000000018-3024-oms-nz,BreathSampleCollection,2be98d50-2a59-4d82-955b-54fa72a23f06,b0d302bf-f0f3-4feb-821a-8083f454e883,1221.9716796875,489564.625,200003.5,8132.5087890625,7133.31201171875,26004.796875,184454.296875,180042.96875,235721.15625,70596.75,129364.8125,18643.01171875,274153.59375,5545.0244140625,19439.48828125,37242.1015625,257847.578125,52678.4140625,192738.65625,20288.677734375,6902.13916015625,13205.17578125,27526.58203125,45724.1640625,2928090.0,359412.65625,1103083.75,3622114.25,11038560,5588.32470703125,69867.7109375,124787232,53613792,21116.638671875,86266.828125,202282.546875,670796.0,4361.31005859375,2869865.0,1139782.875,63172.734375,492418.4375,21329.068359375,823823.875,702.8255615234375,448610.125,446503.15625,239670.828125,956962.75,70215.7890625,77655.671875,17383.4609375,4134.4501953125,277138.15625,15079.580078125,146719.03125,33019.24609375,405176.0625,1100348.25,58563.5,7256.74853515625,122858.90625,13554.5576171875,608290.875,39379,33.890113830566406,35.582420349121094,0,0,0,0,0,0,0,0,0,0,0,1,0,0,0,0,0,0,0,False,UNKNOWN,0,0,0,0,201378081,24484,0,38.20505142211914,13,,,"{'Type': 'start', 'Data_Type': 'Synthetical', 'Protocol_name': 'ABGv5-5ppb-10RH-75ccm-Anthony-Q425', 'Trial_Details': {'RH': 0, 'group': 35, 'detail': 'N/A', 'trialnum': 23, 'TrialName': '10rh', 'identifier': 'srzyh', 'Concentration': 0}, 'Experiment_Rig': 'DA3'}",,2026-01-19 01:41:22.512,"{'cid': '50887afa-f28e-43cb-ad20-c4bac4e7cd08', 'uuid': 'e4ec7872-0c26-41b0-8ce7-c58d50f0c6d5', 'annotationId': '2be98d50-2a59-4d82-955b-54fa72a23f06', 'name': 'BreathSampleCollection', 'description': 'BreathSampleCollection', 'labels': 'BreathSampleCollection', 'metadata': {'Length': 7, 'Progress': 29, 'startTime': 1768786880200, 'Notification': 'Event BreathSampleCollection Started.'}, 'createdAt': '2026-01-19T01:41:20.434Z', 'createdBy': '5c7b5d9f-c171-4004-a182-4277ffd4c9eb'}",29.74,33.36,2200.0,2200.5,24020116.0,15.0,14.95,22040109.0,1600.0,1599.41,21470060.0,1385.0,1385.25,22450138.0,1800.0,1800.4,22340093.0,0.0,441522.07,25.17,32.62,1008.99
0000000027-4125-asu-nz,0000000018-3024-oms-nz,BreathSampleCollection,2be98d50-2a59-4d82-955b-54fa72a23f06,b0d302bf-f0f3-4feb-821a-8083f454e883,1220.775146484375,489869.9375,200037.796875,8132.51806640625,7133.4306640625,26006.09375,184568.046875,180061.5,235708.46875,70602.5546875,129336.96875,18643.56640625,274866.9375,5539.2841796875,19441.71484375,37234.9609375,257560.796875,52670.41796875,192546.140625,20288.564453125,6901.912109375,13202.1728515625,27521.38671875,45713.75,2932122.75,359729.59375,1103788.875,3622758.75,11049666,5587.74951171875,70758.5078125,125568784,53445508,21119.365234375,86268.4375,202224.203125,670614.375,4362.0390625,2868040.75,1139996.125,63181.1015625,492167.46875,21332.072265625,824341.875,702.6504516601562,448500.53125,446914.53125,239749.28125,957183.3125,70213.7265625,77660.453125,17379.4140625,4135.30419921875,276925.65625,15089.8505859375,147091.703125,33021.70703125,405178.78125,1100433.375,58568.4296875,7257.1240234375,122850.3828125,13564.712890625,608697.5625,39681,33.890113830566406,35.582420349121094,0,0,0,0,0,0,0,0,0,0,0,1,0,0,0,0,0,0,0,False,UNKNOWN,0,0,0,0,201378081,24484,0,38.20505142211914,13,,,"{'Type': 'start', 'Data_Type': 'Synthetical', 'Protocol_name': 'ABGv5-5ppb-10RH-75ccm-Anthony-Q425', 'Trial_Details': {'RH': 0, 'group': 35, 'detail': 'N/A', 'trialnum': 23, 'TrialName': '10rh', 'identifier': 'srzyh', 'Concentration': 0}, 'Experiment_Rig': 'DA3'}",,2026-01-19 01:41:22.814,"{'cid': '50887afa-f28e-43cb-ad20-c4bac4e7cd08', 'uuid': 'e4ec7872-0c26-41b0-8ce7-c58d50f0c6d5', 'annotationId': '2be98d50-2a59-4d82-955b-54fa72a23f06', 'name': 'BreathSampleCollection', 'description': 'BreathSampleCollection', 'labels': 'BreathSampleCollection', 'metadata': {'Length': 7, 'Progress': 29, 'startTime': 1768786880200, 'Notification': 'Event BreathSampleCollection Started.'}, 'createdAt': '2026-01-19T01:41:20.434Z', 'createdBy': '5c7b5d9f-c171-4004-a182-4277ffd4c9eb'}",29.74,33.38,2200.0,2200.43,24020116.0,15.0,14.93,22040109.0,1600.0,1599.81,21470060.0,1385.0,1386.09,22450138.0,1800.0,1800.4,22340093.0,0.0,441223.99,25.17,32.62,1009.0
0000000027-4125-asu-nz,0000000018-3024-oms-nz,BreathSampleCollection,2be98d50-2a59-4d82-955b-54fa72a23f06,b0d302bf-f0f3-4feb-821a-8083f454e883,1220.38427734375,489763.5,200046.9375,8132.79931640625,7133.9189453125,26005.80078125,184632.125,180057.53125,235841.9375,70524.3046875,129340.5078125,18643.001953125,276184.3125,5538.21826171875,19440.80078125,37238.00390625,257743.375,52652.22265625,192335.25,20283.224609375,6901.96826171875,13211.5419921875,27519.60546875,45717.4609375,2935307.25,359232.96875,1102308.0,3623333.0,11061513,5588.29345703125,70699.96875,126225120,53286504,21119.45703125,86286.171875,202211.125,670522.5,4362.0224609375,2868647.75,1138901.375,63184.984375,492246.34375,21332.66015625,825265.125,702.10986328125,448488.28125,447144.46875,239740.984375,957491.25,70209.0,77605.5234375,17378.720703125,4145.39453125,276871.90625,15075.73828125,147397.609375,33027.51171875,405084.28125,1099981.375,58579.2109375,7256.572265625,122736.1171875,13558.03515625,608929.3125,39981,33.970699310302734,35.66300582885742,0,0,0,0,0,0,0,0,0,0,0,1,0,0,0,0,0,0,0,False,UNKNOWN,0,0,0,0,201378081,24484,0,38.20505142211914,13,,,"{'Type': 'start', 'Data_Type': 'Synthetical', 'Protocol_name': 'ABGv5-5ppb-10RH-75ccm-Anthony-Q425', 'Trial_Details': {'RH': 0, 'group': 35, 'detail': 'N/A', 'trialnum': 23, 'TrialName': '10rh', 'identifier': 'srzyh', 'Concentration': 0}, 'Experiment_Rig': 'DA3'}",,2026-01-19 01:41:23.115,"{'cid': '50887afa-f28e-43cb-ad20-c4bac4e7cd08', 'uuid': 'e4ec7872-0c26-41b0-8ce7-c58d50f0c6d5', 'annotationId': '2be98d50-2a59-4d82-955b-54fa72a23f06', 'name': 'BreathSampleCollection', 'description': 'BreathSampleCollection', 'labels': 'BreathSampleCollection', 'metadata': {'Length': 7, 'Progress': 29, 'startTime': 1768786880200, 'Notification': 'Event BreathSampleCollection Started.'}, 'createdAt': '2026-01-19T01:41:20.434Z', 'createdBy': '5c7b5d9f-c171-4004-a182-4277ffd4c9eb'}",29.74,33.37,2200.0,2200.36,24020116.0,15.0,14.93,22040109.0,1600.0,1600.12,21470060.0,1385.0,1386.32,22450138.0,1800.0,1800.41,22340093.0,0.0,440926.89,25.17,32.62,1009.01
0000000027-4125-asu-nz,0000000018-3024-oms-nz,BreathSampleCollection,2be98d50-2a59-4d82-955b-54fa72a23f06,b0d302bf-f0f3-4feb-821a-8083f454e883,1221.5135498046875,489509.5,200023.078125,8132.24658203125,7133.9716796875,26007.89453125,184616.671875,180068.734375,235657.40625,70448.9765625,129348.9453125,18643.142578125,274861.375,5533.43310546875,19441.306640625,37238.17578125,257230.921875,52658.25390625,192340.96875,20287.802734375,6902.3271484375,13207.142578125,27518.541015625,45719.91015625,2935452.25,358968.09375,1102541.25,3623062.75,11059442,5588.27197265625,69150.734375,126345832,53060824,21117.03125,86251.484375,202220.171875,670510.875,4359.89599609375,2867027.5,1137278.125,63192.87890625,492537.875,21331.033203125,827253.625,701.7269897460938,448619.6875,446735.90625,239749.265625,957910.75,70212.7109375,77593.921875,17380.697265625,4137.20849609375,276723.15625,15066.30859375,146768.5625,33022.62890625,405030.15625,1099524.375,58581.1796875,7257.1181640625,122809.03125,13559.5576171875,609043.9375,40282,33.970699310302734,35.66300582885742,0,0,0,0,0,0,0,0,0,0,0,1,0,0,0,0,0,0,0,False,UNKNOWN,0,0,0,0,201378081,24484,0,38.20505142211914,13,,,"{'Type': 'start', 'Data_Type': 'Synthetical', 'Protocol_name': 'ABGv5-5ppb-10RH-75ccm-Anthony-Q425', 'Trial_Details': {'RH': 0, 'group': 35, 'detail': 'N/A', 'trialnum': 23, 'TrialName': '10rh', 'identifier': 'srzyh', 'Concentration': 0}, 'Experiment_Rig': 'DA3'}",,2026-01-19 01:41:23.415,"{'cid': '50887afa-f28e-43cb-ad20-c4bac4e7cd08', 'uuid': 'e4ec7872-0c26-41b0-8ce7-c58d50f0c6d5', 'annotationId': '2be98d50-2a59-4d82-955b-54fa72a23f06', 'name': 'BreathSampleCollection', 'description': 'BreathSampleCollection', 'labels': 'BreathSampleCollection', 'metadata': {'Length': 7, 'Progress': 29, 'startTime': 1768786880200, 'Notification': 'Event BreathSampleCollection Started.'}, 'createdAt': '2026-01-19T01:41:20.434Z', 'createdBy': '5c7b5d9f-c171-4004-a182-4277ffd4c9eb'}",29.75,33.36,2200.0,2200.29,24020116.0,15.0,14.96,22040109.0,1600.0,1600.33,21470060.0,1385.0,1386.02,22450138.0,1800.0,1800.44,22340093.0,0.0,440972.06,25.17,32.62,1009.01
0000000027-4125-asu-nz,0000000018-3024-oms-nz,BreathSampleCollection,2be98d50-2a59-4d82-955b-54fa72a23f06,b0d302bf-f0f3-4feb-821a-8083f454e883,1222.0062255859375,489796.59375,200040.953125,8131.89208984375,7133.51318359375,26007.7421875,184577.90625,180058.40625,235595.171875,70527.6328125,129324.2421875,18642.791015625,274460.5,5542.3779296875,19443.662109375,37230.43359375,257071.5,52653.39453125,192254.015625,20277.533203125,6902.05322265625,13245.185546875,27517.056640625,45722.953125,2933853.5,358073.03125,1101638.875,3623063.25,11064526,5588.18408203125,69337.171875,126567472,52795740,21116.91796875,86273.7265625,202203.171875,670438.3125,4361.1015625,2861333.25,1135584.375,63190.125,492685.78125,21329.94140625,826553.6875,702.0015258789062,448573.59375,446569.8125,239752.859375,958543.875,70229.171875,77620.203125,17386.861328125,4134.45556640625,275589.90625,15111.23046875,146382.0625,33025.66015625,405070.34375,1099148.625,58568.328125,7257.3564453125,122675.25,13559.935546875,607950.3125,40583,33.80952835083008,35.582420349121094,0,0,0,0,0,0,0,0,0,0,0,1,0,0,0,0,0,0,0,False,UNKNOWN,0,0,0,0,201378081,24484,0,38.20505142211914,13,,,"{'Type': 'start', 'Data_Type': 'Synthetical', 'Protocol_name': 'ABGv5-5ppb-10RH-75ccm-Anthony-Q425', 'Trial_Details': {'RH': 0, 'group': 35, 'detail': 'N/A', 'trialnum': 23, 'TrialName': '10rh', 'identifier': 'srzyh', 'Concentration': 0}, 'Experiment_Rig': 'DA3'}",,2026-01-19 01:41:23.716,"{'cid': '50887afa-f28e-43cb-ad20-c4bac4e7cd08', 'uuid': 'e4ec7872-0c26-41b0-8ce7-c58d50f0c6d5', 'annotationId': '2be98d50-2a59-4d82-955b-54fa72a23f06', 'name': 'BreathSampleCollection', 'description': 'BreathSampleCollection', 'labels': 'BreathSampleCollection', 'metadata': {'Length': 7, 'Progress': 29, 'startTime': 1768786880200, 'Notification': 'Event BreathSampleCollection Started.'}, 'createdAt': '2026-01-19T01:41:20.434Z', 'createdBy': '5c7b5d9f-c171-4004-a182-4277ffd4c9eb'}",29.75,33.34,2200.0,2200.22,24020116.0,15.0,14.98,22040109.0,1600.0,1600.55,21470060.0,1385.0,1385.72,22450138.0,1800.0,1800.46,22340093.0,0.0,441045.82,25.16,32.62,1009.01
0000000027-4125-asu-nz,0000000018-3024-oms-nz,BreathSampleCollection,2be98d50-2a59-4d82-955b-54fa72a23f06,b0d302bf-f0f3-4feb-821a-8083f454e883,1221.364013671875,489879.3125,200010.53125,8132.08935546875,7133.755859375,26008.5703125,184575.546875,180071.046875,235398.53125,70399.765625,129314.0625,18640.8359375,273706.71875,5564.86962890625,19438.65234375,37229.953125,257222.203125,52655.1484375,192286.234375,20283.255859375,6902.349609375,13216.892578125,27514.0859375,45718.35546875,2930728.75,357830.40625,1100069.25,3621706.75,11061622,5587.2900390625,69927.59375,126533312,52523640,21114.060546875,86263.9140625,202197.484375,670424.8125,4361.54736328125,2859169.5,1135002.625,63198.16796875,492707.3125,21332.068359375,826231.4375,702.5643310546875,448855.40625,446601.1875,239727.59375,959785.1875,70236.8828125,77584.234375,17386.37890625,4144.4970703125,275030.34375,15119.4892578125,147609.578125,33027.953125,405331.125,1099723.875,58578.04296875,7256.85546875,122678.96875,13560.705078125,608273.5625,40884,33.890113830566406,35.582420349121094,0,0,0,0,0,0,0,0,0,0,0,1,0,0,0,0,0,0,0,False,UNKNOWN,0,0,0,0,201378081,24484,0,38.20505142211914,13,,,"{'Type': 'start', 'Data_Type': 'Synthetical', 'Protocol_name': 'ABGv5-5ppb-10RH-75ccm-Anthony-Q425', 'Trial_Details': {'RH': 0, 'group': 35, 'detail': 'N/A', 'trialnum': 23, 'TrialName': '10rh', 'identifier': 'srzyh', 'Concentration': 0}, 'Experiment_Rig': 'DA3'}",,2026-01-19 01:41:24.017,"{'cid': '50887afa-f28e-43cb-ad20-c4bac4e7cd08', 'uuid': 'e4ec7872-0c26-41b0-8ce7-c58d50f0c6d5', 'annotationId': '2be98d50-2a59-4d82-955b-54fa72a23f06', 'name': 'BreathSampleCollection', 'description': 'BreathSampleCollection', 'labels': 'BreathSampleCollection', 'metadata': {'Length': 7, 'Progress': 29, 'startTime': 1768786880200, 'Notification': 'Event BreathSampleCollection Started.'}, 'createdAt': '2026-01-19T01:41:20.434Z', 'createdBy': '5c7b5d9f-c171-4004-a182-4277ffd4c9eb'}",29.75,33.33,2200.0,2200.2,24020116.0,15.0,14.99,22040109.0,1600.0,1600.62,21470060.0,1385.0,1385.43,22450138.0,1800.0,1800.44,22340093.0,0.0,441119.57,25.15,32.62,1009.0
0000000027-4125-asu-nz,0000000018-3024-oms-nz,BreathSampleCollection,2be98d50-2a59-4d82-955b-54fa72a23f06,b0d302bf-f0f3-4feb-821a-8083f454e883,1220.7548828125,489662.125,199992.140625,8131.60791015625,7133.7998046875,26008.6171875,184602.34375,180067.640625,235383.65625,70361.8671875,129314.46875,18641.056640625,274508.6875,5527.86865234375,19437.162109375,37237.1171875,256859.109375,52648.93359375,192668.890625,20289.298828125,6902.72705078125,13232.4716796875,27513.048828125,45721.234375,2927880.5,358826.9375,1100808.25,3621227.25,11052337,5587.751953125,70839.484375,126143176,52314660,21117.330078125,86261.65625,202259.109375,670426.0625,4361.65966796875,2858168.0,1135360.0,63199.36328125,492772.78125,21329.4140625,826082.875,702.1339111328125,448770.09375,446770.65625,239715.21875,960565.875,70232.3984375,77578.15625,17382.3515625,4135.4892578125,274903.34375,15103.021484375,145932.640625,33023.546875,405442.0,1100619.0,58581.30859375,7257.34716796875,122771.6953125,13558.154296875,607561.4375,41185,34.131874084472656,35.66300582885742,0,0,0,0,0,0,0,0,0,0,0,1,0,0,0,0,0,0,0,False,UNKNOWN,0,0,0,0,201378081,24484,0,38.20505142211914,13,,,"{'Type': 'start', 'Data_Type': 'Synthetical', 'Protocol_name': 'ABGv5-5ppb-10RH-75ccm-Anthony-Q425', 'Trial_Details': {'RH': 0, 'group': 35, 'detail': 'N/A', 'trialnum': 23, 'TrialName': '10rh', 'identifier': 'srzyh', 'Concentration': 0}, 'Experiment_Rig': 'DA3'}",,2026-01-19 01:41:24.321,"{'cid': '50887afa-f28e-43cb-ad20-c4bac4e7cd08', 'uuid': 'e4ec7872-0c26-41b0-8ce7-c58d50f0c6d5', 'annotationId': '2be98d50-2a59-4d82-955b-54fa72a23f06', 'name': 'BreathSampleCollection', 'description': 'BreathSampleCollection', 'labels': 'BreathSampleCollection', 'metadata': {'Length': 7, 'Progress': 29, 'startTime': 1768786880200, 'Notification': 'Event BreathSampleCollection Started.'}, 'createdAt': '2026-01-19T01:41:20.434Z', 'createdBy': '5c7b5d9f-c171-4004-a182-4277ffd4c9eb'}",29.75,33.32,2200.0,2200.42,24020116.0,15.0,14.97,22040109.0,1600.0,1600.09,21470060.0,1385.0,1385.12,22450138.0,1800.0,1800.17,22340093.0,0.0,441194.31,25.15,32.62,1009.0
0000000027-4125-asu-nz,0000000018-3024-oms-nz,BreathSampleCollection,2be98d50-2a59-4d82-955b-54fa72a23f06,b0d302bf-f0f3-4feb-821a-8083f454e883,1221.127197265625,489631.5625,199943.96875,8131.67138671875,7133.84033203125,26006.392578125,184516.625,180056.265625,235252.8125,70331.625,129293.65625,18642.61328125,275114.28125,5520.22314453125,19435.0703125,37233.42578125,257140.09375,52653.359375,192083.53125,20287.595703125,6902.04248046875,13208.7255859375,27511.37890625,45715.21875,2925041.25,357312.65625,1101715.375,3620337.0,11040013,5587.52490234375,71018.2109375,125376376,52172616,21118.056640625,86257.3046875,202267.953125,670469.8125,4361.3076171875,2858829.0,1136102.0,63189.51953125,492372.375,21331.916015625,826623.5625,702.4163818359375,448866.3125,446859.75,239730.3125,961107.5625,70246.578125,77674.5546875,17387.509765625,4138.14794921875,276070.1875,15086.8369140625,146886.59375,33023.109375,405567.125,1101805.125,58590.9140625,7257.447265625,122888.890625,13554.470703125,609375.5,41486,33.890113830566406,35.66300582885742,0,0,0,0,0,0,0,0,0,0,0,1,0,0,0,0,0,0,0,False,UNKNOWN,0,0,0,0,201378081,24484,0,38.20505142211914,13,,,"{'Type': 'start', 'Data_Type': 'Synthetical', 'Protocol_name': 'ABGv5-5ppb-10RH-75ccm-Anthony-Q425', 'Trial_Details': {'RH': 0, 'group': 35, 'detail': 'N/A', 'trialnum': 23, 'TrialName': '10rh', 'identifier': 'srzyh', 'Concentration': 0}, 'Experiment_Rig': 'DA3'}",,2026-01-19 01:41:24.619,"{'cid': '50887afa-f28e-43cb-ad20-c4bac4e7cd08', 'uuid': 'e4ec7872-0c26-41b0-8ce7-c58d50f0c6d5', 'annotationId': '2be98d50-2a59-4d82-955b-54fa72a23f06', 'name': 'BreathSampleCollection', 'description': 'BreathSampleCollection', 'labels': 'BreathSampleCollection', 'metadata': {'Length': 7, 'Progress': 29, 'startTime': 1768786880200, 'Notification': 'Event BreathSampleCollection Started.'}, 'createdAt': '2026-01-19T01:41:20.434Z', 'createdBy': '5c7b5d9f-c171-4004-a182-4277ffd4c9eb'}",29.75,33.3,2200.0,2200.63,24020116.0,15.0,14.95,22040109.0,1600.0,1599.57,21470060.0,1385.0,1384.83,22450138.0,1800.0,1799.91,22340093.0,0.0,441271.12,25.14,32.62,1009.0
0000000027-4125-asu-nz,0000000018-3024-oms-nz,BreathSampleCollection,2be98d50-2a59-4d82-955b-54fa72a23f06,b0d302bf-f0f3-4feb-821a-8083f454e883,1222.202392578125,489432.5625,199920.484375,8131.7626953125,7133.83154296875,26003.486328125,184483.171875,180046.171875,235601.921875,70373.390625,129289.6640625,18641.248046875,276054.4375,5542.05908203125,19437.51171875,37220.43359375,257166.296875,52646.91796875,192090.734375,20288.5859375,6902.77099609375,13205.7607421875,27510.458984375,45721.1328125,2922936.75,356836.84375,1103333.625,3618334.75,11025634,5587.4462890625,70512.3671875,124540880,52128996,21119.607421875,86257.8984375,202320.484375,670676.6875,4362.04052734375,2858647.75,1135652.375,63183.15234375,492018.5625,21329.421875,825949.9375,702.1672973632812,448767.46875,446557.46875,239661.953125,961077.9375,70253.90625,77677.1796875,17381.291015625,4141.21240234375,276413.96875,15066.890625,146953.171875,33029.15234375,405535.6875,1102244.125,58590.9296875,7257.755859375,122828.5703125,13556.09765625,608540.3125,41787,33.970699310302734,35.66300582885742,0,0,0,0,0,0,0,0,0,0,0,1,0,0,0,0,0,0,0,False,UNKNOWN,0,0,0,0,201378081,24484,0,38.20505142211914,13,,,"{'Type': 'start', 'Data_Type': 'Synthetical', 'Protocol_name': 'ABGv5-5ppb-10RH-75ccm-Anthony-Q425', 'Trial_Details': {'RH': 0, 'group': 35, 'detail': 'N/A', 'trialnum': 23, 'TrialName': '10rh', 'identifier': 'srzyh', 'Concentration': 0}, 'Experiment_Rig': 'DA3'}",,2026-01-19 01:41:24.920,"{'cid': '50887afa-f28e-43cb-ad20-c4bac4e7cd08', 'uuid': 'e4ec7872-0c26-41b0-8ce7-c58d50f0c6d5', 'annotationId': '2be98d50-2a59-4d82-955b-54fa72a23f06', 'name': 'BreathSampleCollection', 'description': 'BreathSampleCollection', 'labels': 'BreathSampleCollection', 'metadata': {'Length': 7, 'Progress': 29, 'startTime': 1768786880200, 'Notification': 'Event BreathSampleCollection Started.'}, 'createdAt': '2026-01-19T01:41:20.434Z', 'createdBy': '5c7b5d9f-c171-4004-a182-4277ffd4c9eb'}",29.75,33.29,2200.0,2200.84,24020116.0,15.0,14.93,22040109.0,1600.0,1599.05,21470060.0,1385.0,1384.53,22450138.0,1800.0,1799.65,22340093.0,0.0,441348.7,25.13,32.62,1009.01
0000000027-4125-asu-nz,0000000018-3024-oms-nz,BreathSampleCollection,2be98d50-2a59-4d82-955b-54fa72a23f06,b0d302bf-f0f3-4feb-821a-8083f454e883,1222.2218017578125,489115.84375,199882.71875,8131.935546875,7133.2431640625,26003.560546875,184447.125,180000.171875,235632.296875,70394.3046875,129279.5859375,18640.392578125,273597.46875,5547.345703125,19438.599609375,37225.9296875,257407.0625,52652.7109375,191059.828125,20276.42578125,6901.8330078125,13224.99609375,27507.9765625,45711.546875,2921083.0,356316.4375,1106957.5,3617158.75,11015640,5587.8681640625,70897.0546875,123750960,52192548,21122.26953125,86236.6875,202323.125,670875.3125,4361.92822265625,2856750.0,1137733.375,63180.78125,491889.625,21330.1875,827313.125,702.519287109375,448644.5,446401.03125,239659.265625,960982.75,70211.8671875,77697.671875,17381.62109375,4144.5146484375,276559.34375,15050.3154296875,146706.046875,33029.6484375,405401.28125,1102683.125,58585.8515625,7257.38818359375,122725.734375,13561.2900390625,609764.8125,42088,33.890113830566406,35.582420349121094,0,0,0,0,0,0,0,0,0,0,0,1,0,0,0,0,0,0,0,False,UNKNOWN,0,0,0,0,201378081,24484,0,38.20505142211914,13,,,"{'Type': 'start', 'Data_Type': 'Synthetical', 'Protocol_name': 'ABGv5-5ppb-10RH-75ccm-Anthony-Q425', 'Trial_Details': {'RH': 0, 'group': 35, 'detail': 'N/A', 'trialnum': 23, 'TrialName': '10rh', 'identifier': 'srzyh', 'Concentration': 0}, 'Experiment_Rig': 'DA3'}",,2026-01-19 01:41:25.222,"{'cid': '50887afa-f28e-43cb-ad20-c4bac4e7cd08', 'uuid': 'e4ec7872-0c26-41b0-8ce7-c58d50f0c6d5', 'annotationId': '2be98d50-2a59-4d82-955b-54fa72a23f06', 'name': 'BreathSampleCollection', 'description': 'BreathSampleCollection', 'labels': 'BreathSampleCollection', 'metadata': {'Length': 7, 'Progress': 29, 'startTime': 1768786880200, 'Notification': 'Event BreathSampleCollection Started.'}, 'createdAt': '2026-01-19T01:41:20.434Z', 'createdBy': '5c7b5d9f-c171-4004-a182-4277ffd4c9eb'}",29.75,33.3,2200.0,2201.06,24020116.0,15.0,14.94,22040109.0,1600.0,1599.1,21470060.0,1385.0,1384.58,22450138.0,1800.0,1800.03,22340093.0,0.0,441426.53,25.12,32.62,1009.01
0000000027-4125-asu-nz,0000000018-3024-oms-nz,BreathSampleCollection,2be98d50-2a59-4d82-955b-54fa72a23f06,b0d302bf-f0f3-4feb-821a-8083f454e883,1222.6968994140625,489156.09375,199885.40625,8131.765625,7133.7412109375,26003.67578125,184479.625,179994.78125,234842.4375,70370.2109375,129270.265625,18641.853515625,274133.625,5507.0703125,19436.02734375,37225.3671875,257120.5625,52668.93359375,191841.046875,20278.404296875,6902.0078125,13226.8349609375,27509.513671875,45718.87109375,2920320.25,352465.78125,1106447.375,3615084.0,11003368,5587.52099609375,71368.6015625,123066632,52330752,21122.69140625,86257.1484375,202271.921875,670964.1875,4361.986328125,2855859.75,1137989.0,63171.578125,492216.6875,21328.755859375,826455.75,701.9676513671875,448144.15625,446210.4375,239628.59375,960889.5,70217.921875,77629.2734375,17382.63671875,4133.95263671875,276772.78125,15059.541015625,147729.109375,33021.16796875,405310.96875,1103143.125,58576.734375,7257.5537109375,122716.609375,13553.9208984375,611040.625,42389,33.890113830566406,35.743595123291016,0,0,0,0,0,0,0,0,0,0,0,1,0,0,0,0,0,0,0,False,UNKNOWN,0,0,0,0,201378081,24484,0,38.20505142211914,13,,,"{'Type': 'start', 'Data_Type': 'Synthetical', 'Protocol_name': 'ABGv5-5ppb-10RH-75ccm-Anthony-Q425', 'Trial_Details': {'RH': 0, 'group': 35, 'detail': 'N/A', 'trialnum': 23, 'TrialName': '10rh', 'identifier': 'srzyh', 'Concentration': 0}, 'Experiment_Rig': 'DA3'}",,2026-01-19 01:41:25.523,"{'cid': '50887afa-f28e-43cb-ad20-c4bac4e7cd08', 'uuid': 'e4ec7872-0c26-41b0-8ce7-c58d50f0c6d5', 'annotationId': '2be98d50-2a59-4d82-955b-54fa72a23f06', 'name': 'BreathSampleCollection', 'description': 'BreathSampleCollection', 'labels': 'BreathSampleCollection', 'metadata': {'Length': 7, 'Progress': 29, 'startTime': 1768786880200, 'Notification': 'Event BreathSampleCollection Started.'}, 'createdAt': '2026-01-19T01:41:20.434Z', 'createdBy': '5c7b5d9f-c171-4004-a182-4277ffd4c9eb'}",29.75,33.32,2200.0,2201.27,24020116.0,15.0,14.96,22040109.0,1600.0,1599.27,21470060.0,1385.0,1384.7,22450138.0,1800.0,1800.55,22340093.0,0.0,441474.47,25.11,32.62,1009.01
0000000027-4125-asu-nz,0000000018-3024-oms-nz,BreathSampleCollection,2be98d50-2a59-4d82-955b-54fa72a23f06,b0d302bf-f0f3-4feb-821a-8083f454e883,1222.3011474609375,488633.5,199838.296875,8131.16650390625,7133.83984375,26002.45703125,184460.75,180004.34375,234882.328125,70421.7890625,129280.296875,18641.48046875,274199.40625,5507.93310546875,19436.068359375,37233.4140625,257511.203125,52664.51171875,192064.765625,20282.109375,6901.69091796875,13249.6513671875,27509.333984375,45721.8359375,2919081.75,355701.34375,1103346.625,3613345.0,10995004,5587.46630859375,69611.796875,122666224,52541632,21116.763671875,86248.8046875,202326.921875,671045.75,4360.24658203125,2853899.0,1137412.5,63164.6796875,491858.53125,21327.974609375,826750.3125,702.0625,448231.5625,446411.5,239572.234375,960235.3125,70221.1953125,77636.2578125,17376.9453125,4140.2109375,275177.3125,15072.51171875,147588.625,33025.55859375,405402.71875,1103260.375,58581.484375,7257.63671875,122840.6328125,13559.884765625,611573.4375,42690,33.890113830566406,35.582420349121094,0,0,0,0,0,0,0,0,0,0,0,1,0,0,0,0,0,0,0,False,UNKNOWN,0,0,0,0,201378081,24484,0,38.20505142211914,13,,,"{'Type': 'start', 'Data_Type': 'Synthetical', 'Protocol_name': 'ABGv5-5ppb-10RH-75ccm-Anthony-Q425', 'Trial_Details': {'RH': 0, 'group': 35, 'detail': 'N/A', 'trialnum': 23, 'TrialName': '10rh', 'identifier': 'srzyh', 'Concentration': 0}, 'Experiment_Rig': 'DA3'}",,2026-01-19 01:41:25.824,"{'cid': '50887afa-f28e-43cb-ad20-c4bac4e7cd08', 'uuid': 'e4ec7872-0c26-41b0-8ce7-c58d50f0c6d5', 'annotationId': '2be98d50-2a59-4d82-955b-54fa72a23f06', 'name': 'BreathSampleCollection', 'description': 'BreathSampleCollection', 'labels': 'BreathSampleCollection', 'metadata': {'Length': 7, 'Progress': 29, 'startTime': 1768786880200, 'Notification': 'Event BreathSampleCollection Started.'}, 'createdAt': '2026-01-19T01:41:20.434Z', 'createdBy': '5c7b5d9f-c171-4004-a182-4277ffd4c9eb'}",29.75,33.33,2200.0,2201.49,24020116.0,15.0,14.97,22040109.0,1600.0,1599.44,21470060.0,1385.0,1384.82,22450138.0,1800.0,1801.08,22340093.0,0.0,441474.47,25.12,32.62,1009.0
0000000027-4125-asu-nz,0000000018-3024-oms-nz,BreathSampleCollection,2be98d50-2a59-4d82-955b-54fa72a23f06,b0d302bf-f0f3-4feb-821a-8083f454e883,1221.335205078125,488462.59375,199873.171875,8131.88427734375,7133.63720703125,26002.6328125,184426.640625,179978.734375,235252.1875,70359.796875,129288.1484375,18642.5703125,276844.8125,5526.8349609375,19437.939453125,37234.375,257820.4375,52665.69140625,191990.71875,20288.55078125,6901.79638671875,13211.1201171875,27512.205078125,45725.57421875,2920066.5,357170.5,1108406.125,3613962.0,10997090,5586.61865234375,69678.046875,122677008,52795428,21119.970703125,86235.8125,202346.65625,671123.875,4361.3896484375,2854586.0,1136113.5,63162.453125,491796.9375,21328.85546875,826316.125,702.2413330078125,448318.5625,446125.78125,239574.671875,959491.0625,70211.5703125,77630.34375,17376.94921875,4134.681640625,274817.71875,15070.640625,147263.625,33025.35546875,405314.5,1103263.0,58585.7578125,7257.1044921875,122798.2734375,13550.0849609375,611973.75,42991,33.970699310302734,35.66300582885742,0,0,0,0,0,0,0,0,0,0,0,1,0,0,0,0,0,0,0,False,UNKNOWN,0,0,0,0,201378081,24484,0,38.20505142211914,13,,,"{'Type': 'start', 'Data_Type': 'Synthetical', 'Protocol_name': 'ABGv5-5ppb-10RH-75ccm-Anthony-Q425', 'Trial_Details': {'RH': 0, 'group': 35, 'detail': 'N/A', 'trialnum': 23, 'TrialName': '10rh', 'identifier': 'srzyh', 'Concentration': 0}, 'Experiment_Rig': 'DA3'}",,2026-01-19 01:41:26.127,"{'cid': '50887afa-f28e-43cb-ad20-c4bac4e7cd08', 'uuid': 'e4ec7872-0c26-41b0-8ce7-c58d50f0c6d5', 'annotationId': '2be98d50-2a59-4d82-955b-54fa72a23f06', 'name': 'BreathSampleCollection', 'description': 'BreathSampleCollection', 'labels': 'BreathSampleCollection', 'metadata': {'Length': 7, 'Progress': 29, 'startTime': 1768786880200, 'Notification': 'Event BreathSampleCollection Started.'}, 'createdAt': '2026-01-19T01:41:20.434Z', 'createdBy': '5c7b5d9f-c171-4004-a182-4277ffd4c9eb'}",29.75,33.33,2200.0,2201.56,24020116.0,15.0,14.99,22040109.0,1600.0,1599.73,21470060.0,1385.0,1384.87,22450138.0,1800.0,1801.25,22340093.0,0.0,441474.47,25.13,32.63,1008.99
0000000027-4125-asu-nz,0000000018-3024-oms-nz,BreathSampleCollection,2be98d50-2a59-4d82-955b-54fa72a23f06,b0d302bf-f0f3-4feb-821a-8083f454e883,1222.44091796875,488126.84375,199882.203125,8131.61767578125,7133.21044921875,26002.771484375,184467.59375,179973.796875,235429.1875,70349.21875,129283.8125,18641.99609375,275366.65625,5556.05126953125,19437.220703125,37234.65234375,257676.625,52652.81640625,192356.609375,20289.697265625,6902.4072265625,13250.8359375,27512.041015625,45722.48046875,2920645.25,355193.9375,1106019.25,3615730.5,10990415,5587.3427734375,70463.8203125,122656872,53062348,21118.572265625,86238.453125,202270.5,671179.5625,4359.7998046875,2856350.25,1133010.25,63165.20703125,491726.40625,21324.53125,826063.8125,701.7335205078125,448127.5,445399.8125,239598.984375,958661.375,70229.8203125,77648.90625,17382.88671875,4134.95849609375,276456.0625,15075.904296875,146611.328125,33017.32421875,405295.125,1102649.5,58589.73828125,7256.97314453125,122775.2421875,13554.0947265625,611239.625,43292,33.890113830566406,35.66300582885742,0,0,0,0,0,0,0,0,0,0,0,1,0,0,0,0,0,0,0,False,UNKNOWN,0,0,0,0,201378081,24484,0,38.20505142211914,13,,,"{'Type': 'start', 'Data_Type': 'Synthetical', 'Protocol_name': 'ABGv5-5ppb-10RH-75ccm-Anthony-Q425', 'Trial_Details': {'RH': 0, 'group': 35, 'detail': 'N/A', 'trialnum': 23, 'TrialName': '10rh', 'identifier': 'srzyh', 'Concentration': 0}, 'Experiment_Rig': 'DA3'}",,2026-01-19 01:41:26.425,"{'cid': '50887afa-f28e-43cb-ad20-c4bac4e7cd08', 'uuid': 'e4ec7872-0c26-41b0-8ce7-c58d50f0c6d5', 'annotationId': '2be98d50-2a59-4d82-955b-54fa72a23f06', 'name': 'BreathSampleCollection', 'description': 'BreathSampleCollection', 'labels': 'BreathSampleCollection', 'metadata': {'Length': 7, 'Progress': 29, 'startTime': 1768786880200, 'Notification': 'Event BreathSampleCollection Started.'}, 'createdAt': '2026-01-19T01:41:20.434Z', 'createdBy': '5c7b5d9f-c171-4004-a182-4277ffd4c9eb'}",29.76,33.32,2200.0,2201.47,24020116.0,15.0,15.0,22040109.0,1600.0,1600.16,21470060.0,1385.0,1384.84,22450138.0,1800.0,1801.01,22340093.0,0.0,441474.47,25.15,32.63,1008.98
0000000027-4125-asu-nz,0000000018-3024-oms-nz,BreathSampleCollection,2be98d50-2a59-4d82-955b-54fa72a23f06,b0d302bf-f0f3-4feb-821a-8083f454e883,1222.1685791015625,488274.90625,199928.1875,8132.35205078125,7133.21484375,26005.3984375,184500.90625,180000.9375,235649.578125,70381.0,129314.46875,18643.267578125,274831.6875,5553.4609375,19439.1796875,37233.3203125,257638.984375,52642.93359375,192608.296875,20290.677734375,6902.22998046875,13241.7138671875,27510.22265625,45718.64453125,2923007.25,355138.3125,1104975.0,3618530.75,11000942,5587.80029296875,70950.171875,123038880,53303012,21118.25390625,86208.3515625,202251.484375,671279.8125,4360.22021484375,2854400.75,1132816.375,63169.57421875,491752.8125,21328.20703125,826918.8125,702.8526000976562,448196.1875,446008.53125,239612.125,957652.6875,70205.0078125,77622.296875,17381.306640625,4135.48486328125,276625.21875,15068.46875,147463.0625,33019.49609375,405263.90625,1102039.25,58585.78515625,7257.1416015625,122916.46875,13558.857421875,610911.25,43593,33.970699310302734,35.582420349121094,0,0,0,0,0,0,0,0,0,0,0,1,0,0,0,0,0,0,0,False,UNKNOWN,0,0,0,0,201378081,24484,0,38.20505142211914,13,,,"{'Type': 'start', 'Data_Type': 'Synthetical', 'Protocol_name': 'ABGv5-5ppb-10RH-75ccm-Anthony-Q425', 'Trial_Details': {'RH': 0, 'group': 35, 'detail': 'N/A', 'trialnum': 23, 'TrialName': '10rh', 'identifier': 'srzyh', 'Concentration': 0}, 'Experiment_Rig': 'DA3'}",,2026-01-19 01:41:26.727,"{'cid': '50887afa-f28e-43cb-ad20-c4bac4e7cd08', 'uuid': 'e4ec7872-0c26-41b0-8ce7-c58d50f0c6d5', 'annotationId': '2be98d50-2a59-4d82-955b-54fa72a23f06', 'name': 'BreathSampleCollection', 'description': 'BreathSampleCollection', 'labels': 'BreathSampleCollection', 'metadata': {'Length': 7, 'Progress': 29, 'startTime': 1768786880200, 'Notification': 'Event BreathSampleCollection Started.'}, 'createdAt': '2026-01-19T01:41:20.434Z', 'createdBy': '5c7b5d9f-c171-4004-a182-4277ffd4c9eb'}",29.77,33.31,2200.0,2201.38,24020116.0,15.0,15.02,22040109.0,1600.0,1600.59,21470060.0,1385.0,1384.82,22450138.0,1800.0,1800.77,22340093.0,0.0,441474.47,25.15,32.63,1008.98
0000000027-4125-asu-nz,0000000018-3024-oms-nz,BreathSampleCollection,2be98d50-2a59-4d82-955b-54fa72a23f06,b0d302bf-f0f3-4feb-821a-8083f454e883,1220.796142578125,488655.84375,199977.0625,8132.2880859375,7133.845703125,26004.3828125,184429.375,180032.6875,236017.078125,70427.4453125,129318.0078125,18641.91796875,277048.59375,5530.82568359375,19436.5078125,37233.1796875,257868.484375,52656.19921875,192653.78125,20284.412109375,6902.1923828125,13223.2451171875,27512.931640625,45721.484375,2925154.0,356631.9375,1103359.75,3620663.5,11009871,5588.12548828125,70787.1953125,123638584,53482860,21118.146484375,86242.203125,202244.953125,671215.25,4359.90673828125,2854783.0,1132838.125,63161.1875,491619.53125,21326.560546875,827468.6875,702.3090209960938,448208.9375,446705.8125,239579.625,956936.375,70208.828125,77596.96875,17380.498046875,4137.71728515625,275014.21875,15048.5654296875,147909.890625,33016.03515625,405063.96875,1101502.0,58583.296875,7257.53369140625,122929.6171875,13542.775390625,608635.9375,43894,33.970699310302734,35.824180603027344,0,0,0,0,0,0,0,0,0,0,0,1,0,0,0,0,0,0,0,False,UNKNOWN,0,0,0,0,201378081,24484,0,38.20505142211914,13,,,"{'Type': 'start', 'Data_Type': 'Synthetical', 'Protocol_name': 'ABGv5-5ppb-10RH-75ccm-Anthony-Q425', 'Trial_Details': {'RH': 0, 'group': 35, 'detail': 'N/A', 'trialnum': 23, 'TrialName': '10rh', 'identifier': 'srzyh', 'Concentration': 0}, 'Experiment_Rig': 'DA3'}",,2026-01-19 01:41:27.032,"{'cid': '50887afa-f28e-43cb-ad20-c4bac4e7cd08', 'uuid': 'e4ec7872-0c26-41b0-8ce7-c58d50f0c6d5', 'annotationId': '2be98d50-2a59-4d82-955b-54fa72a23f06', 'name': 'BreathSampleCollection', 'description': 'BreathSampleCollection', 'labels': 'BreathSampleCollection', 'metadata': {'Length': 7, 'Progress': 29, 'startTime': 1768786880200, 'Notification': 'Event BreathSampleCollection Started.'}, 'createdAt': '2026-01-19T01:41:20.434Z', 'createdBy': '5c7b5d9f-c171-4004-a182-4277ffd4c9eb'}",29.77,33.32,2200.0,2201.29,24020116.0,15.0,15.03,22040109.0,1600.0,1600.92,21470060.0,1385.0,1384.8,22450138.0,1800.0,1800.56,22340093.0,0.0,441474.47,25.14,32.63,1008.98
0000000027-4125-asu-nz,0000000018-3024-oms-nz,BreathSampleCollection,2be98d50-2a59-4d82-955b-54fa72a23f06,b0d302bf-f0f3-4feb-821a-8083f454e883,1221.4560546875,489040.84375,199989.046875,8132.67724609375,7133.9150390625,26004.6875,184495.6875,180048.0625,235800.390625,70483.6328125,129316.6640625,18641.12109375,276836.71875,5535.7587890625,19438.0859375,37232.21875,258017.4375,52671.95703125,192581.015625,20283.6640625,6902.0986328125,13236.3232421875,27509.373046875,45722.83984375,2927540.5,355965.4375,1102100.625,3622385.5,11013250,5587.82470703125,70529.703125,124355376,53570940,21122.919921875,86196.0,202287.34375,670928.5625,4359.46923828125,2855185.5,1133910.375,63168.4296875,492134.75,21325.4453125,827470.6875,702.21826171875,448071.8125,446690.5625,239573.328125,956393.8125,70199.96875,77596.8203125,17381.11328125,4140.37353515625,276596.15625,15044.0166015625,148314.78125,33008.76171875,404937.46875,1100760.25,58581.7265625,7257.5517578125,122785.9296875,13543.3330078125,610574.5,44195,33.890113830566406,35.66300582885742,0,0,0,0,0,0,0,0,0,0,0,1,0,0,0,0,0,0,0,False,UNKNOWN,0,0,0,0,201383096,24484,0,36.9952392578125,13,,,"{'Type': 'start', 'Data_Type': 'Synthetical', 'Protocol_name': 'ABGv5-5ppb-10RH-75ccm-Anthony-Q425', 'Trial_Details': {'RH': 0, 'group': 35, 'detail': 'N/A', 'trialnum': 23, 'TrialName': '10rh', 'identifier': 'srzyh', 'Concentration': 0}, 'Experiment_Rig': 'DA3'}",,2026-01-19 01:41:27.329,"{'cid': '50887afa-f28e-43cb-ad20-c4bac4e7cd08', 'uuid': 'e4ec7872-0c26-41b0-8ce7-c58d50f0c6d5', 'annotationId': '2be98d50-2a59-4d82-955b-54fa72a23f06', 'name': 'BreathSampleCollection', 'description': 'BreathSampleCollection', 'labels': 'BreathSampleCollection', 'metadata': {'Length': 7, 'Progress': 29, 'startTime': 1768786880200, 'Notification': 'Event BreathSampleCollection Started.'}, 'createdAt': '2026-01-19T01:41:20.434Z', 'createdBy': '5c7b5d9f-c171-4004-a182-4277ffd4c9eb'}",29.76,33.34,2200.0,2201.21,24020116.0,15.0,15.0,22040109.0,1600.0,1600.63,21470060.0,1385.0,1384.77,22450138.0,1800.0,1800.53,22340093.0,0.0,441474.47,25.14,32.62,1008.99
0000000027-4125-asu-nz,0000000018-3024-oms-nz,BreathSampleCollection,2be98d50-2a59-4d82-955b-54fa72a23f06,b0d302bf-f0f3-4feb-821a-8083f454e883,1222.2183837890625,489252.28125,200026.28125,8132.345703125,7133.84814453125,26003.703125,184524.921875,180046.265625,235666.984375,70461.640625,129329.421875,18641.80859375,276843.84375,5544.19970703125,19436.1328125,37231.3515625,257624.984375,52659.8046875,192050.546875,20279.404296875,6901.77880859375,13243.544921875,27510.58984375,45718.66015625,2929887.0,356098.6875,1101681.625,3623327.0,11019943,5588.49462890625,71176.609375,125101920,53566028,21114.1015625,86219.1015625,202321.0,670714.5,4359.30126953125,2859884.5,1134846.625,63176.63671875,492058.71875,21328.189453125,827465.5,701.425048828125,447888.90625,446262.6875,239617.28125,956312.375,70220.0,77604.546875,17377.587890625,4145.42236328125,276696.375,15036.0224609375,147423.609375,33009.953125,405007.84375,1100146.75,58572.7578125,7257.1416015625,122930.3515625,13547.5849609375,610997.6875,44496,33.970699310302734,35.66300582885742,0,0,0,0,0,0,0,0,0,0,0,1,0,0,0,0,0,0,0,False,UNKNOWN,0,0,0,0,201383096,24484,0,36.9952392578125,13,,,"{'Type': 'start', 'Data_Type': 'Synthetical', 'Protocol_name': 'ABGv5-5ppb-10RH-75ccm-Anthony-Q425', 'Trial_Details': {'RH': 0, 'group': 35, 'detail': 'N/A', 'trialnum': 23, 'TrialName': '10rh', 'identifier': 'srzyh', 'Concentration': 0}, 'Experiment_Rig': 'DA3'}",,2026-01-19 01:41:27.630,"{'cid': '50887afa-f28e-43cb-ad20-c4bac4e7cd08', 'uuid': 'e4ec7872-0c26-41b0-8ce7-c58d50f0c6d5', 'annotationId': '2be98d50-2a59-4d82-955b-54fa72a23f06', 'name': 'BreathSampleCollection', 'description': 'BreathSampleCollection', 'labels': 'BreathSampleCollection', 'metadata': {'Length': 7, 'Progress': 29, 'startTime': 1768786880200, 'Notification': 'Event BreathSampleCollection Started.'}, 'createdAt': '2026-01-19T01:41:20.434Z', 'createdBy': '5c7b5d9f-c171-4004-a182-4277ffd4c9eb'}",29.76,33.36,2200.0,2201.12,24020116.0,15.0,14.97,22040109.0,1600.0,1600.35,21470060.0,1385.0,1384.75,22450138.0,1800.0,1800.51,22340093.0,0.0,441474.47,25.13,32.62,1008.99
0000000027-4125-asu-nz,0000000018-3024-oms-nz,BreathSampleCollection,2be98d50-2a59-4d82-955b-54fa72a23f06,b0d302bf-f0f3-4feb-821a-8083f454e883,1222.4742431640625,489376.53125,200018.625,8132.44873046875,7133.35107421875,26005.380859375,184605.75,180080.53125,235686.796875,70386.1328125,129331.4921875,18642.63671875,275281.59375,5526.87646484375,19435.3828125,37230.6875,257627.890625,52657.82421875,191793.390625,20272.83203125,6901.63427734375,13232.2333984375,27506.357421875,45719.15234375,2932669.75,356604.3125,1103404.25,3624142.75,11026629,5587.18017578125,72056.4609375,125956112,53472296,21122.169921875,86265.484375,202272.21875,670520.75,4358.5390625,2855041.0,1135563.25,63183.02734375,492324.59375,21328.361328125,828135.25,702.3510131835938,448202.625,446391.40625,239625.671875,955983.1875,70229.4609375,77645.375,17372.806640625,4140.57568359375,275098.90625,15057.8037109375,147450.609375,33006.59765625,405013.65625,1099830.625,58569.765625,7257.384765625,122832.203125,13557.2119140625,610630.3125,44797,33.970699310302734,35.582420349121094,0,0,0,0,0,0,0,0,0,0,0,1,0,0,0,0,0,0,0,False,UNKNOWN,0,0,0,0,201383096,24484,0,36.9952392578125,13,,,"{'Type': 'start', 'Data_Type': 'Synthetical', 'Protocol_name': 'ABGv5-5ppb-10RH-75ccm-Anthony-Q425', 'Trial_Details': {'RH': 0, 'group': 35, 'detail': 'N/A', 'trialnum': 23, 'TrialName': '10rh', 'identifier': 'srzyh', 'Concentration': 0}, 'Experiment_Rig': 'DA3'}",,2026-01-19 01:41:27.932,"{'cid': '50887afa-f28e-43cb-ad20-c4bac4e7cd08', 'uuid': 'e4ec7872-0c26-41b0-8ce7-c58d50f0c6d5', 'annotationId': '2be98d50-2a59-4d82-955b-54fa72a23f06', 'name': 'BreathSampleCollection', 'description': 'BreathSampleCollection', 'labels': 'BreathSampleCollection', 'metadata': {'Length': 7, 'Progress': 29, 'startTime': 1768786880200, 'Notification': 'Event BreathSampleCollection Started.'}, 'createdAt': '2026-01-19T01:41:20.434Z', 'createdBy': '5c7b5d9f-c171-4004-a182-4277ffd4c9eb'}",29.75,33.38,2200.0,2201.03,24020116.0,15.0,14.93,22040109.0,1600.0,1600.06,21470060.0,1385.0,1384.73,22450138.0,1800.0,1800.49,22340093.0,0.0,441371.54,25.13,32.62,1008.99
0000000027-4125-asu-nz,0000000018-3024-oms-nz,BreathSampleCollection,2be98d50-2a59-4d82-955b-54fa72a23f06,b0d302bf-f0f3-4feb-821a-8083f454e883,1222.31201171875,489824.25,200015.0,8131.8056640625,7133.794921875,26005.64453125,184578.984375,180074.5,235667.96875,70458.0859375,129308.0546875,18642.818359375,276532.59375,5534.140625,19436.095703125,37233.78515625,257523.9375,52659.9765625,191583.671875,20280.416015625,6902.30859375,13226.5419921875,27508.390625,45719.41015625,2935066.5,356128.5625,1105677.0,3624339.5,11031656,5586.98291015625,71522.046875,126572048,53289404,21125.37109375,86275.3671875,202259.796875,670441.1875,4359.427734375,2854822.5,1136823.75,63189.94921875,492455.28125,21328.607421875,828776.75,701.9793090820312,448233.1875,446831.09375,239650.875,956843.0625,70224.265625,77624.7890625,17373.974609375,4138.365234375,275010.1875,15047.880859375,147519.46875,33004.3984375,405132.0625,1099584.125,58577.54296875,7256.90625,122916.734375,13558.62109375,610211.5625,45098,33.970699310302734,35.582420349121094,0,0,0,0,0,0,0,0,0,0,0,1,0,0,0,0,0,0,0,False,UNKNOWN,0,0,0,0,201383096,24484,0,36.9952392578125,13,,,"{'Type': 'start', 'Data_Type': 'Synthetical', 'Protocol_name': 'ABGv5-5ppb-10RH-75ccm-Anthony-Q425', 'Trial_Details': {'RH': 0, 'group': 35, 'detail': 'N/A', 'trialnum': 23, 'TrialName': '10rh', 'identifier': 'srzyh', 'Concentration': 0}, 'Experiment_Rig': 'DA3'}",,2026-01-19 01:41:28.232,"{'cid': '50887afa-f28e-43cb-ad20-c4bac4e7cd08', 'uuid': 'e4ec7872-0c26-41b0-8ce7-c58d50f0c6d5', 'annotationId': '2be98d50-2a59-4d82-955b-54fa72a23f06', 'name': 'BreathSampleCollection', 'description': 'BreathSampleCollection', 'labels': 'BreathSampleCollection', 'metadata': {'Length': 7, 'Progress': 29, 'startTime': 1768786880200, 'Notification': 'Event BreathSampleCollection Started.'}, 'createdAt': '2026-01-19T01:41:20.434Z', 'createdBy': '5c7b5d9f-c171-4004-a182-4277ffd4c9eb'}",29.75,33.36,2200.0,2200.94,24020116.0,15.0,14.95,22040109.0,1600.0,1599.92,21470060.0,1385.0,1384.92,22450138.0,1800.0,1800.43,22340093.0,0.0,441223.8,25.13,32.62,1009.0
0000000027-4125-asu-nz,0000000018-3024-oms-nz,BreathSampleCollection,2be98d50-2a59-4d82-955b-54fa72a23f06,b0d302bf-f0f3-4feb-821a-8083f454e883,1222.6622314453125,489460.28125,200032.1875,8132.53515625,7133.755859375,26006.541015625,184499.390625,180092.75,235454.296875,70470.9921875,129298.234375,18642.052734375,276021.96875,5514.33251953125,19436.509765625,37236.48046875,257578.484375,52658.05078125,191267.34375,20274.1796875,6902.31640625,13239.015625,27504.94140625,45722.70703125,2933744.25,357069.3125,1104499.875,3623613.5,11033400,5587.87548828125,71616.65625,126916896,53045140,21120.73828125,86262.9453125,202195.375,670439.9375,4359.1396484375,2857661.75,1137124.375,63191.41796875,492394.59375,21330.4296875,829763.625,702.0415649414062,448156.125,446521.25,239678.78125,957495.125,70211.6875,77587.75,17379.326171875,4143.703125,276041.5,15083.634765625,148088.34375,33010.046875,405097.09375,1099418.625,58577.28125,7257.26416015625,122987.125,13549.21484375,607394.1875,45399,33.970699310302734,35.66300582885742,0,0,0,0,0,0,0,0,0,0,0,1,0,0,0,0,0,0,0,False,UNKNOWN,0,0,0,0,201383096,24484,0,36.9952392578125,13,,,"{'Type': 'start', 'Data_Type': 'Synthetical', 'Protocol_name': 'ABGv5-5ppb-10RH-75ccm-Anthony-Q425', 'Trial_Details': {'RH': 0, 'group': 35, 'detail': 'N/A', 'trialnum': 23, 'TrialName': '10rh', 'identifier': 'srzyh', 'Concentration': 0}, 'Experiment_Rig': 'DA3'}",,2026-01-19 01:41:28.532,"{'cid': '50887afa-f28e-43cb-ad20-c4bac4e7cd08', 'uuid': 'e4ec7872-0c26-41b0-8ce7-c58d50f0c6d5', 'annotationId': '2be98d50-2a59-4d82-955b-54fa72a23f06', 'name': 'BreathSampleCollection', 'description': 'BreathSampleCollection', 'labels': 'BreathSampleCollection', 'metadata': {'Length': 7, 'Progress': 29, 'startTime': 1768786880200, 'Notification': 'Event BreathSampleCollection Started.'}, 'createdAt': '2026-01-19T01:41:20.434Z', 'createdBy': '5c7b5d9f-c171-4004-a182-4277ffd4c9eb'}",29.76,33.35,2200.0,2200.86,24020116.0,15.0,14.98,22040109.0,1600.0,1599.83,21470060.0,1385.0,1385.19,22450138.0,1800.0,1800.35,22340093.0,0.0,441076.06,25.12,32.63,1009.0
0000000027-4125-asu-nz,0000000018-3024-oms-nz,FeNOWindow,2be98d50-2a59-4d82-955b-54fa72a23f06,b0d302bf-f0f3-4feb-821a-8083f454e883,1222.642333984375,489525.5,200033.09375,8132.6669921875,7133.767578125,26005.40234375,184598.796875,180090.421875,235504.390625,70327.296875,129273.5703125,18641.328125,275436.75,5521.32763671875,19436.576171875,37243.2109375,257275.21875,52641.96484375,192027.8125,20274.23828125,6902.06591796875,13231.4599609375,27500.689453125,45711.93359375,2930996.75,356848.875,1104174.75,3622295.25,11028913,5587.9921875,71976.96875,126812000,52766432,21117.7578125,86257.390625,202214.03125,670356.125,4359.67529296875,2857208.25,1135117.75,63194.9765625,491874.875,21328.146484375,830354.5625,702.86865234375,448460.53125,446529.875,239694.671875,958601.75,70185.2109375,77572.203125,17383.41796875,4139.85205078125,276806.21875,15065.783203125,147981.171875,33012.83984375,405136.625,1100107.375,58574.421875,7257.6689453125,122925.671875,13544.732421875,608572.0625,45700,33.970699310302734,35.743595123291016,0,0,0,0,0,0,0,0,0,0,0,1,0,0,0,0,0,0,0,False,UNKNOWN,0,0,0,0,201383096,24484,0,36.9952392578125,13,,,"{'Type': 'start', 'Data_Type': 'Synthetical', 'Protocol_name': 'ABGv5-5ppb-10RH-75ccm-Anthony-Q425', 'Trial_Details': {'RH': 0, 'group': 35, 'detail': 'N/A', 'trialnum': 23, 'TrialName': '10rh', 'identifier': 'srzyh', 'Concentration': 0}, 'Experiment_Rig': 'DA3'}",,2026-01-19 01:41:28.834,"{'cid': '50887afa-f28e-43cb-ad20-c4bac4e7cd08', 'uuid': 'bd60e58f-6df1-4eb3-af94-18ddb0176bbf', 'annotationId': '2be98d50-2a59-4d82-955b-54fa72a23f06', 'name': 'FeNOWindow', 'description': 'FeNOWindow', 'labels': 'FeNOWindow', 'metadata': {'Length': 3, 'Progress': 36, 'startTime': 1768786888540, 'Notification': 'Event FeNOWindow Started.'}, 'createdAt': '2026-01-19T01:41:28.765Z', 'createdBy': '5c7b5d9f-c171-4004-a182-4277ffd4c9eb'}",29.76,33.33,2200.0,2200.77,24020116.0,15.0,15.01,22040109.0,1600.0,1599.73,21470060.0,1385.0,1385.45,22450138.0,1800.0,1800.28,22340093.0,0.0,440927.34,25.12,32.63,1009.01
0000000027-4125-asu-nz,0000000018-3024-oms-nz,FeNOWindow,2be98d50-2a59-4d82-955b-54fa72a23f06,b0d302bf-f0f3-4feb-821a-8083f454e883,1222.66845703125,489706.09375,200051.59375,8132.97314453125,7133.99755859375,26007.193359375,184601.21875,180143.015625,235505.25,70286.2421875,129331.4375,18642.294921875,274944.53125,5524.43310546875,19441.451171875,37249.66015625,257419.203125,52664.98828125,191962.84375,20291.166015625,6902.51806640625,13232.49609375,27519.57421875,45714.125,2926894.25,355743.5625,1102580.125,3620776.75,11018344,5589.0048828125,71581.3046875,126459640,52498736,21128.544921875,86257.1015625,202283.828125,670393.125,4361.54296875,2858619.5,1135335.125,63198.49609375,492143.5,21333.916015625,831064.9375,702.7868041992188,448837.28125,446538.3125,239726.3125,959981.1875,70205.8046875,77665.78125,17382.720703125,4140.65966796875,276703.90625,15069.169921875,148664.015625,33026.4453125,405209.3125,1101027.5,58579.66015625,7257.2451171875,122934.1484375,13548.185546875,609674.0,46001,33.890113830566406,35.582420349121094,0,0,0,0,0,0,0,0,0,0,0,1,0,0,0,0,0,0,0,False,UNKNOWN,0,0,0,0,201383096,24484,0,36.9952392578125,13,,,"{'Type': 'start', 'Data_Type': 'Synthetical', 'Protocol_name': 'ABGv5-5ppb-10RH-75ccm-Anthony-Q425', 'Trial_Details': {'RH': 0, 'group': 35, 'detail': 'N/A', 'trialnum': 23, 'TrialName': '10rh', 'identifier': 'srzyh', 'Concentration': 0}, 'Experiment_Rig': 'DA3'}",,2026-01-19 01:41:29.134,"{'cid': '50887afa-f28e-43cb-ad20-c4bac4e7cd08', 'uuid': 'bd60e58f-6df1-4eb3-af94-18ddb0176bbf', 'annotationId': '2be98d50-2a59-4d82-955b-54fa72a23f06', 'name': 'FeNOWindow', 'description': 'FeNOWindow', 'labels': 'FeNOWindow', 'metadata': {'Length': 3, 'Progress': 36, 'startTime': 1768786888540, 'Notification': 'Event FeNOWindow Started.'}, 'createdAt': '2026-01-19T01:41:28.765Z', 'createdBy': '5c7b5d9f-c171-4004-a182-4277ffd4c9eb'}",29.76,33.33,2200.0,2200.5,24020116.0,15.0,15.02,22040109.0,1600.0,1599.68,21470060.0,1385.0,1385.34,22450138.0,1800.0,1800.15,22340093.0,0.0,440842.13,25.12,32.63,1009.01
0000000027-4125-asu-nz,0000000018-3024-oms-nz,FeNOWindow,2be98d50-2a59-4d82-955b-54fa72a23f06,b0d302bf-f0f3-4feb-821a-8083f454e883,1222.8780517578125,489275.03125,200060.71875,8134.49365234375,7134.0302734375,26009.0703125,184610.609375,180215.984375,235771.125,70303.9140625,129456.484375,18640.7109375,276580.375,5535.4912109375,19445.48046875,37256.99609375,257650.046875,52683.984375,191968.5,20309.400390625,6902.580078125,13211.66015625,27562.22265625,45720.125,2924012.5,355567.0,1101087.125,3619922.0,11015701,5592.62646484375,71806.4453125,126004312,52275456,21137.3203125,86309.78125,202337.6875,670453.5625,4361.51171875,2858865.0,1133425.5,63211.21875,492718.5625,21341.79296875,831373.0625,702.7608032226562,449779.1875,446668.25,239845.140625,961353.1875,70214.859375,77632.3515625,17389.638671875,4138.1005859375,276881.875,15073.9345703125,148308.4375,33068.6015625,405426.125,1101821.125,58585.78125,7257.9775390625,122905.1328125,13557.744140625,610754.8125,46302,33.890113830566406,35.501834869384766,0,0,0,0,0,0,0,0,0,0,0,1,0,0,0,0,0,0,0,False,UNKNOWN,0,0,0,0,201383096,24484,0,36.9952392578125,13,,,"{'Type': 'start', 'Data_Type': 'Synthetical', 'Protocol_name': 'ABGv5-5ppb-10RH-75ccm-Anthony-Q425', 'Trial_Details': {'RH': 0, 'group': 35, 'detail': 'N/A', 'trialnum': 23, 'TrialName': '10rh', 'identifier': 'srzyh', 'Concentration': 0}, 'Experiment_Rig': 'DA3'}",,2026-01-19 01:41:29.436,"{'cid': '50887afa-f28e-43cb-ad20-c4bac4e7cd08', 'uuid': 'bd60e58f-6df1-4eb3-af94-18ddb0176bbf', 'annotationId': '2be98d50-2a59-4d82-955b-54fa72a23f06', 'name': 'FeNOWindow', 'description': 'FeNOWindow', 'labels': 'FeNOWindow', 'metadata': {'Length': 3, 'Progress': 36, 'startTime': 1768786888540, 'Notification': 'Event FeNOWindow Started.'}, 'createdAt': '2026-01-19T01:41:28.765Z', 'createdBy': '5c7b5d9f-c171-4004-a182-4277ffd4c9eb'}",29.75,33.34,2200.0,2200.0,24020116.0,15.0,15.01,22040109.0,1600.0,1599.68,21470060.0,1385.0,1384.71,22450138.0,1800.0,1799.94,22340093.0,0.0,440768.04,25.11,32.63,1009.02
0000000027-4125-asu-nz,0000000018-3024-oms-nz,FeNOWindow,2be98d50-2a59-4d82-955b-54fa72a23f06,b0d302bf-f0f3-4feb-821a-8083f454e883,1222.170166015625,489475.6875,200035.265625,8134.15771484375,7134.01416015625,26009.052734375,184599.28125,180258.0,235897.75,70347.4375,129515.9375,18640.34375,276623.59375,5561.2724609375,19447.78125,37258.2890625,257709.765625,52683.98046875,191689.015625,20313.37890625,6902.9111328125,13243.0576171875,27589.544921875,45726.109375,2922634.0,356632.375,1100681.125,3619198.75,11002973,5593.74462890625,71382.21875,125055048,52128440,21143.267578125,86338.5390625,202342.4375,670632.0,4362.02490234375,2860377.75,1131963.875,63218.1640625,492919.34375,21339.748046875,832162.0,702.7111206054688,450228.5,446952.0625,239915.65625,962236.1875,70220.1171875,77621.6875,17391.080078125,4139.0458984375,276519.3125,15089.6953125,148451.6875,33094.953125,405703.96875,1102837.375,58585.88671875,7258.19873046875,122882.8671875,13554.3310546875,610711.375,46603,34.05128479003906,35.743595123291016,0,0,0,0,0,0,0,0,0,0,0,1,0,0,0,0,0,0,0,False,UNKNOWN,0,0,0,0,201383096,24484,0,36.9952392578125,13,,,"{'Type': 'start', 'Data_Type': 'Synthetical', 'Protocol_name': 'ABGv5-5ppb-10RH-75ccm-Anthony-Q425', 'Trial_Details': {'RH': 0, 'group': 35, 'detail': 'N/A', 'trialnum': 23, 'TrialName': '10rh', 'identifier': 'srzyh', 'Concentration': 0}, 'Experiment_Rig': 'DA3'}",,2026-01-19 01:41:29.737,"{'cid': '50887afa-f28e-43cb-ad20-c4bac4e7cd08', 'uuid': 'bd60e58f-6df1-4eb3-af94-18ddb0176bbf', 'annotationId': '2be98d50-2a59-4d82-955b-54fa72a23f06', 'name': 'FeNOWindow', 'description': 'FeNOWindow', 'labels': 'FeNOWindow', 'metadata': {'Length': 3, 'Progress': 36, 'startTime': 1768786888540, 'Notification': 'Event FeNOWindow Started.'}, 'createdAt': '2026-01-19T01:41:28.765Z', 'createdBy': '5c7b5d9f-c171-4004-a182-4277ffd4c9eb'}",29.74,33.35,2200.0,2199.5,24020116.0,15.0,15.0,22040109.0,1600.0,1599.68,21470060.0,1385.0,1384.09,22450138.0,1800.0,1799.72,22340093.0,0.0,440694.2,25.11,32.62,1009.02
0000000027-4125-asu-nz,0000000018-3024-oms-nz,FeNOWindow,2be98d50-2a59-4d82-955b-54fa72a23f06,b0d302bf-f0f3-4feb-821a-8083f454e883,1222.101806640625,489390.28125,200057.296875,8134.447265625,7134.39892578125,26009.81640625,184596.875,180279.765625,235784.84375,70384.7109375,129534.4375,18639.984375,277485.59375,5552.810546875,19450.798828125,37253.26953125,257520.96875,52683.05078125,191917.03125,20307.025390625,6902.759765625,13211.431640625,27604.67578125,45729.671875,2920762.25,356311.8125,1098898.375,3617650.0,10986117,5594.2041015625,72196.34375,124143296,52082292,21142.314453125,86354.25,202301.53125,670879.1875,4362.67529296875,2866606.5,1133831.25,63221.2578125,492906.28125,21340.330078125,831687.125,703.3775024414062,450419.125,446881.0625,239916.6875,962855.5625,70194.234375,77633.390625,17386.72265625,4131.29931640625,276587.34375,15071.9853515625,147667.984375,33108.48046875,405854.40625,1103315.25,58590.72265625,7258.35107421875,122887.1015625,13552.537109375,609848.4375,46904,34.131874084472656,35.743595123291016,0,0,0,0,0,0,0,0,0,0,0,1,0,0,0,0,0,0,0,False,UNKNOWN,0,0,0,0,201383096,24484,0,36.9952392578125,13,,,"{'Type': 'start', 'Data_Type': 'Synthetical', 'Protocol_name': 'ABGv5-5ppb-10RH-75ccm-Anthony-Q425', 'Trial_Details': {'RH': 0, 'group': 35, 'detail': 'N/A', 'trialnum': 23, 'TrialName': '10rh', 'identifier': 'srzyh', 'Concentration': 0}, 'Experiment_Rig': 'DA3'}",,2026-01-19 01:41:30.044,"{'cid': '50887afa-f28e-43cb-ad20-c4bac4e7cd08', 'uuid': 'bd60e58f-6df1-4eb3-af94-18ddb0176bbf', 'annotationId': '2be98d50-2a59-4d82-955b-54fa72a23f06', 'name': 'FeNOWindow', 'description': 'FeNOWindow', 'labels': 'FeNOWindow', 'metadata': {'Length': 3, 'Progress': 36, 'startTime': 1768786888540, 'Notification': 'Event FeNOWindow Started.'}, 'createdAt': '2026-01-19T01:41:28.765Z', 'createdBy': '5c7b5d9f-c171-4004-a182-4277ffd4c9eb'}",29.74,33.35,2200.0,2199.13,24020116.0,15.0,15.0,22040109.0,1600.0,1599.75,21470060.0,1385.0,1383.55,22450138.0,1800.0,1799.51,22340093.0,0.0,440622.72,25.1,32.62,1009.03
0000000027-4125-asu-nz,0000000018-3024-oms-nz,FeNOWindow,2be98d50-2a59-4d82-955b-54fa72a23f06,b0d302bf-f0f3-4feb-821a-8083f454e883,1221.607177734375,489911.21875,200005.625,8134.9375,7133.994140625,26008.560546875,184691.4375,180275.671875,235675.59375,70324.4453125,129582.890625,18641.11328125,276709.6875,5547.86669921875,19451.36328125,37256.07421875,257683.609375,52676.01171875,191693.5,20318.509765625,6902.365234375,13213.7802734375,27614.748046875,45737.14453125,2919119.5,357367.03125,1097726.0,3616069.0,10971211,5594.8828125,71613.4921875,123323544,52136504,21143.8203125,86363.9609375,202316.6875,671009.8125,4363.111328125,2867462.75,1135953.0,63220.359375,492588.34375,21341.369140625,831160.1875,701.8638305664062,450244.375,446416.65625,239909.84375,963240.875,70228.8828125,77594.640625,17391.9609375,4145.26416015625,276654.96875,15083.2421875,147086.40625,33114.015625,405864.0625,1103686.5,58594.79296875,7258.7734375,122935.4375,13563.7666015625,610651.375,47207,33.970699310302734,35.582420349121094,0,0,0,0,0,0,0,0,0,0,0,1,0,0,0,0,0,0,0,False,UNKNOWN,0,0,0,0,201383096,24484,0,36.9952392578125,13,,,"{'Type': 'start', 'Data_Type': 'Synthetical', 'Protocol_name': 'ABGv5-5ppb-10RH-75ccm-Anthony-Q425', 'Trial_Details': {'RH': 0, 'group': 35, 'detail': 'N/A', 'trialnum': 23, 'TrialName': '10rh', 'identifier': 'srzyh', 'Concentration': 0}, 'Experiment_Rig': 'DA3'}",,2026-01-19 01:41:30.342,"{'cid': '50887afa-f28e-43cb-ad20-c4bac4e7cd08', 'uuid': 'bd60e58f-6df1-4eb3-af94-18ddb0176bbf', 'annotationId': '2be98d50-2a59-4d82-955b-54fa72a23f06', 'name': 'FeNOWindow', 'description': 'FeNOWindow', 'labels': 'FeNOWindow', 'metadata': {'Length': 3, 'Progress': 36, 'startTime': 1768786888540, 'Notification': 'Event FeNOWindow Started.'}, 'createdAt': '2026-01-19T01:41:28.765Z', 'createdBy': '5c7b5d9f-c171-4004-a182-4277ffd4c9eb'}",29.75,33.37,2200.0,2200.03,24020116.0,15.0,14.99,22040109.0,1600.0,1600.36,21470060.0,1385.0,1383.82,22450138.0,1800.0,1799.34,22340093.0,0.0,440929.74,25.14,32.62,1009.07
0000000027-4125-asu-nz,0000000018-3024-oms-nz,FeNOWindow,2be98d50-2a59-4d82-955b-54fa72a23f06,b0d302bf-f0f3-4feb-821a-8083f454e883,1221.3062744140625,489738.84375,200004.046875,8135.3076171875,7134.02294921875,26009.404296875,184601.53125,180285.78125,235643.21875,70276.8828125,129599.140625,18641.55859375,276835.875,5550.75341796875,19453.802734375,37260.3828125,257755.546875,52688.82421875,191171.625,20328.587890625,6902.26611328125,13209.48828125,27625.369140625,45733.68359375,2918886.75,356577.125,1096199.0,3614927.5,10963619,5594.77099609375,71685.203125,122636984,52272860,21142.41796875,86352.390625,202288.078125,671195.0625,4363.74169921875,2869459.75,1136336.625,63215.84765625,492502.65625,21341.150390625,830678.25,702.1432495117188,450185.6875,446516.59375,239877.671875,963169.0,70223.125,77624.4609375,17388.62109375,4142.556640625,276855.21875,15106.037109375,147663.109375,33117.82421875,405714.46875,1103791.375,58595.59765625,7259.083984375,122927.53125,13561.671875,611220.375,47506,33.970699310302734,35.582420349121094,0,0,0,0,0,0,0,0,0,0,0,1,0,0,0,0,0,0,0,False,UNKNOWN,0,0,0,0,201383096,24484,0,36.9952392578125,13,,,"{'Type': 'start', 'Data_Type': 'Synthetical', 'Protocol_name': 'ABGv5-5ppb-10RH-75ccm-Anthony-Q425', 'Trial_Details': {'RH': 0, 'group': 35, 'detail': 'N/A', 'trialnum': 23, 'TrialName': '10rh', 'identifier': 'srzyh', 'Concentration': 0}, 'Experiment_Rig': 'DA3'}",,2026-01-19 01:41:30.642,"{'cid': '50887afa-f28e-43cb-ad20-c4bac4e7cd08', 'uuid': 'bd60e58f-6df1-4eb3-af94-18ddb0176bbf', 'annotationId': '2be98d50-2a59-4d82-955b-54fa72a23f06', 'name': 'FeNOWindow', 'description': 'FeNOWindow', 'labels': 'FeNOWindow', 'metadata': {'Length': 3, 'Progress': 36, 'startTime': 1768786888540, 'Notification': 'Event FeNOWindow Started.'}, 'createdAt': '2026-01-19T01:41:28.765Z', 'createdBy': '5c7b5d9f-c171-4004-a182-4277ffd4c9eb'}",29.75,33.38,2200.0,2200.93,24020116.0,15.0,14.98,22040109.0,1600.0,1600.98,21470060.0,1385.0,1384.09,22450138.0,1800.0,1799.17,22340093.0,0.0,441238.82,25.18,32.62,1009.11
0000000027-4125-asu-nz,0000000018-3024-oms-nz,FeNOWindow,2be98d50-2a59-4d82-955b-54fa72a23f06,b0d302bf-f0f3-4feb-821a-8083f454e883,1221.459228515625,489633.90625,199994.796875,8135.22021484375,7134.35302734375,26007.75390625,184604.484375,180266.734375,235858.671875,70431.9140625,129633.1640625,18641.509765625,276213.0625,5543.20654296875,19451.990234375,37268.65234375,257916.5625,52685.90625,191226.65625,20323.154296875,6902.12548828125,13223.17578125,27632.138671875,45732.4765625,2918436.5,356417.78125,1098792.125,3614068.25,10960406,5594.7412109375,70668.5390625,122179144,52457992,21147.494140625,86371.2734375,202255.125,671318.0625,4363.84130859375,2870871.25,1137956.875,63205.7265625,492489.625,21339.853515625,831317.4375,702.5520629882812,450174.46875,446302.46875,239906.140625,962836.6875,70208.875,77630.046875,17399.126953125,4140.576171875,276842.1875,15077.7099609375,148191.46875,33117.99609375,405545.46875,1103752.0,58596.9765625,7258.8955078125,122983.046875,13559.5810546875,611176.0625,47807,33.890113830566406,35.66300582885742,0,0,0,0,0,0,0,0,0,0,0,1,0,0,0,0,0,0,0,False,UNKNOWN,0,0,0,0,201383096,24484,0,36.9952392578125,13,,,"{'Type': 'start', 'Data_Type': 'Synthetical', 'Protocol_name': 'ABGv5-5ppb-10RH-75ccm-Anthony-Q425', 'Trial_Details': {'RH': 0, 'group': 35, 'detail': 'N/A', 'trialnum': 23, 'TrialName': '10rh', 'identifier': 'srzyh', 'Concentration': 0}, 'Experiment_Rig': 'DA3'}",,2026-01-19 01:41:30.944,"{'cid': '50887afa-f28e-43cb-ad20-c4bac4e7cd08', 'uuid': 'bd60e58f-6df1-4eb3-af94-18ddb0176bbf', 'annotationId': '2be98d50-2a59-4d82-955b-54fa72a23f06', 'name': 'FeNOWindow', 'description': 'FeNOWindow', 'labels': 'FeNOWindow', 'metadata': {'Length': 3, 'Progress': 36, 'startTime': 1768786888540, 'Notification': 'Event FeNOWindow Started.'}, 'createdAt': '2026-01-19T01:41:28.765Z', 'createdBy': '5c7b5d9f-c171-4004-a182-4277ffd4c9eb'}",29.76,33.39,2200.0,2201.84,24020116.0,15.0,14.97,22040109.0,1600.0,1601.6,21470060.0,1385.0,1384.37,22450138.0,1800.0,1799.01,22340093.0,0.0,441549.96,25.21,32.62,1009.15
0000000027-4125-asu-nz,0000000018-3024-oms-nz,FeNOWindow,2be98d50-2a59-4d82-955b-54fa72a23f06,b0d302bf-f0f3-4feb-821a-8083f454e883,1221.1627197265625,489346.15625,200001.671875,8134.828125,7134.09423828125,26008.072265625,184642.1875,180278.078125,235649.609375,70447.328125,129660.6875,18640.93359375,275310.5625,5539.8828125,19454.36328125,37263.23828125,257858.734375,52705.72265625,192240.125,20314.392578125,6902.984375,13218.234375,27639.166015625,45736.6484375,2920540.25,356758.09375,1097990.0,3615259.0,10959793,5594.71728515625,70631.8515625,122110984,52716612,21138.6328125,86352.046875,202268.59375,671306.25,4364.15869140625,2872188.0,1137114.75,63200.33203125,492537.125,21341.90234375,830320.125,702.6314086914062,450445.28125,446336.46875,239946.171875,961870.75,70180.4765625,77628.9765625,17395.68359375,4137.2177734375,276705.78125,15115.8271484375,148930.046875,33121.4296875,405531.25,1103197.125,58575.94140625,7258.6328125,123079.625,13557.37109375,611791.25,48108,34.05128479003906,35.66300582885742,0,0,0,0,0,0,0,0,0,0,0,1,0,0,0,0,0,0,0,False,UNKNOWN,0,0,0,0,201383096,24484,0,36.9952392578125,13,,,"{'Type': 'start', 'Data_Type': 'Synthetical', 'Protocol_name': 'ABGv5-5ppb-10RH-75ccm-Anthony-Q425', 'Trial_Details': {'RH': 0, 'group': 35, 'detail': 'N/A', 'trialnum': 23, 'TrialName': '10rh', 'identifier': 'srzyh', 'Concentration': 0}, 'Experiment_Rig': 'DA3'}",,2026-01-19 01:41:31.244,"{'cid': '50887afa-f28e-43cb-ad20-c4bac4e7cd08', 'uuid': 'bd60e58f-6df1-4eb3-af94-18ddb0176bbf', 'annotationId': '2be98d50-2a59-4d82-955b-54fa72a23f06', 'name': 'FeNOWindow', 'description': 'FeNOWindow', 'labels': 'FeNOWindow', 'metadata': {'Length': 3, 'Progress': 36, 'startTime': 1768786888540, 'Notification': 'Event FeNOWindow Started.'}, 'createdAt': '2026-01-19T01:41:28.765Z', 'createdBy': '5c7b5d9f-c171-4004-a182-4277ffd4c9eb'}",29.75,33.39,2200.0,2201.97,24020116.0,15.0,14.96,22040109.0,1600.0,1601.19,21470060.0,1385.0,1384.64,22450138.0,1800.0,1799.2,22340093.0,0.0,442046.74,25.26,32.62,1009.18
0000000027-4125-asu-nz,0000000018-3024-oms-nz,FeNOWindow,2be98d50-2a59-4d82-955b-54fa72a23f06,b0d302bf-f0f3-4feb-821a-8083f454e883,1221.871337890625,489473.28125,200011.421875,8134.6875,7134.26123046875,26008.849609375,184612.5625,180292.46875,235615.03125,70487.046875,129675.3984375,18641.16015625,276394.90625,5536.388671875,19455.326171875,37263.66796875,258029.65625,52710.72265625,192339.9375,20325.6328125,6903.14208984375,13228.4609375,27645.423828125,45740.80078125,2922780.75,357660.1875,1097455.25,3617711.0,10957910,5594.27197265625,70986.296875,122024880,52969656,21142.974609375,86365.484375,202294.390625,671347.75,4365.3095703125,2877164.25,1135568.125,63204.17578125,492554.09375,21342.220703125,829764.625,702.3704223632812,450343.1875,446797.5,239918.203125,960917.625,70194.4453125,77641.0078125,17407.0703125,4134.2578125,276659.09375,15086.1201171875,148694.625,33118.5,405517.1875,1102802.0,58576.35546875,7258.9462890625,123095.8203125,13561.2158203125,611996.25,48409,34.05128479003906,35.66300582885742,0,0,0,0,0,0,0,0,0,0,0,1,0,0,0,0,0,0,0,False,UNKNOWN,0,0,0,0,201383096,24484,0,36.9952392578125,13,,,"{'Type': 'start', 'Data_Type': 'Synthetical', 'Protocol_name': 'ABGv5-5ppb-10RH-75ccm-Anthony-Q425', 'Trial_Details': {'RH': 0, 'group': 35, 'detail': 'N/A', 'trialnum': 23, 'TrialName': '10rh', 'identifier': 'srzyh', 'Concentration': 0}, 'Experiment_Rig': 'DA3'}",,2026-01-19 01:41:31.544,"{'cid': '50887afa-f28e-43cb-ad20-c4bac4e7cd08', 'uuid': 'bd60e58f-6df1-4eb3-af94-18ddb0176bbf', 'annotationId': '2be98d50-2a59-4d82-955b-54fa72a23f06', 'name': 'FeNOWindow', 'description': 'FeNOWindow', 'labels': 'FeNOWindow', 'metadata': {'Length': 3, 'Progress': 36, 'startTime': 1768786888540, 'Notification': 'Event FeNOWindow Started.'}, 'createdAt': '2026-01-19T01:41:28.765Z', 'createdBy': '5c7b5d9f-c171-4004-a182-4277ffd4c9eb'}",29.74,33.4,2200.0,2201.81,24020116.0,15.0,14.96,22040109.0,1600.0,1600.43,21470060.0,1385.0,1384.92,22450138.0,1800.0,1799.53,22340093.0,0.0,442942.41,25.3,32.62,1009.16
0000000027-4125-asu-nz,0000000018-3024-oms-nz,FeNOWindow,2be98d50-2a59-4d82-955b-54fa72a23f06,b0d302bf-f0f3-4feb-821a-8083f454e883,1221.85986328125,489629.65625,200015.71875,8135.05810546875,7134.01953125,26008.693359375,184700.984375,180305.03125,235981.734375,70385.7265625,129706.953125,18641.359375,275456.65625,5555.095703125,19460.505859375,37257.9609375,258002.6875,52711.953125,192708.859375,20316.8515625,6902.14501953125,13246.46875,27648.087890625,45738.6875,2924697.75,357844.53125,1097538.875,3620301.75,10966096,5594.87890625,71922.0078125,122652056,53163508,21143.927734375,86366.984375,202246.734375,671268.75,4365.44580078125,2886580.5,1134936.625,63204.15625,492481.4375,21348.478515625,829315.0625,701.80224609375,450377.8125,446737.375,239934.65625,960393.1875,70197.0,77591.390625,17392.787109375,4141.35498046875,276801.375,15059.677734375,148555.515625,33113.05078125,405375.4375,1102090.25,58577.33984375,7258.1015625,123148.4375,13559.060546875,611916.25,48710,33.970699310302734,35.66300582885742,0,0,0,0,0,0,0,0,0,0,0,1,0,0,0,0,0,0,0,False,UNKNOWN,0,0,0,0,201383096,24484,0,36.9952392578125,13,,,"{'Type': 'start', 'Data_Type': 'Synthetical', 'Protocol_name': 'ABGv5-5ppb-10RH-75ccm-Anthony-Q425', 'Trial_Details': {'RH': 0, 'group': 35, 'detail': 'N/A', 'trialnum': 23, 'TrialName': '10rh', 'identifier': 'srzyh', 'Concentration': 0}, 'Experiment_Rig': 'DA3'}",,2026-01-19 01:41:31.844,"{'cid': '50887afa-f28e-43cb-ad20-c4bac4e7cd08', 'uuid': 'bd60e58f-6df1-4eb3-af94-18ddb0176bbf', 'annotationId': '2be98d50-2a59-4d82-955b-54fa72a23f06', 'name': 'FeNOWindow', 'description': 'FeNOWindow', 'labels': 'FeNOWindow', 'metadata': {'Length': 3, 'Progress': 36, 'startTime': 1768786888540, 'Notification': 'Event FeNOWindow Started.'}, 'createdAt': '2026-01-19T01:41:28.765Z', 'createdBy': '5c7b5d9f-c171-4004-a182-4277ffd4c9eb'}",29.73,33.4,2200.0,2201.66,24020116.0,15.0,14.95,22040109.0,1600.0,1599.67,21470060.0,1385.0,1385.19,22450138.0,1800.0,1799.87,22340093.0,0.0,443838.08,25.35,32.62,1009.14
0000000027-4125-asu-nz,0000000018-3024-oms-nz,FeNOWindow,2be98d50-2a59-4d82-955b-54fa72a23f06,b0d302bf-f0f3-4feb-821a-8083f454e883,1222.5216064453125,489731.25,200034.6875,8134.9892578125,7133.6533203125,26010.96875,184806.3125,180348.078125,236262.171875,70423.984375,129715.3125,18640.740234375,276091.46875,5541.53955078125,19457.87890625,37259.046875,258147.40625,52717.703125,192420.453125,20331.689453125,6902.462890625,13218.525390625,27651.861328125,45737.83984375,2927249.75,358087.3125,1098695.375,3622708.0,10978531,5596.49658203125,71724.6328125,123220752,53283972,21141.248046875,86364.6484375,202267.796875,671159.6875,4367.125,2885986.0,1132920.875,63207.2265625,492624.34375,21346.951171875,828675.5,702.6527709960938,450195.75,447383.78125,239951.09375,959817.5,70215.6328125,77645.96875,17398.671875,4134.51513671875,276959.8125,15048.08984375,148634.8125,33120.78515625,405430.40625,1101366.75,58581.31640625,7258.3916015625,123081.7578125,13563.333984375,611528.9375,49011,33.970699310302734,35.582420349121094,0,0,0,0,0,0,0,0,0,0,0,1,0,0,0,0,0,0,0,False,UNKNOWN,0,0,0,0,201383096,24484,0,36.9952392578125,13,,,"{'Type': 'start', 'Data_Type': 'Synthetical', 'Protocol_name': 'ABGv5-5ppb-10RH-75ccm-Anthony-Q425', 'Trial_Details': {'RH': 0, 'group': 35, 'detail': 'N/A', 'trialnum': 23, 'TrialName': '10rh', 'identifier': 'srzyh', 'Concentration': 0}, 'Experiment_Rig': 'DA3'}",,2026-01-19 01:41:32.146,"{'cid': '50887afa-f28e-43cb-ad20-c4bac4e7cd08', 'uuid': 'bd60e58f-6df1-4eb3-af94-18ddb0176bbf', 'annotationId': '2be98d50-2a59-4d82-955b-54fa72a23f06', 'name': 'FeNOWindow', 'description': 'FeNOWindow', 'labels': 'FeNOWindow', 'metadata': {'Length': 3, 'Progress': 36, 'startTime': 1768786888540, 'Notification': 'Event FeNOWindow Started.'}, 'createdAt': '2026-01-19T01:41:28.765Z', 'createdBy': '5c7b5d9f-c171-4004-a182-4277ffd4c9eb'}",29.73,33.4,2200.0,2201.5,24020116.0,15.0,14.94,22040109.0,1600.0,1599.33,21470060.0,1385.0,1385.34,22450138.0,1800.0,1800.05,22340093.0,0.0,444739.72,25.4,32.62,1009.13
0000000027-4125-asu-nz,0000000018-3024-oms-nz,FeNOWindow,2be98d50-2a59-4d82-955b-54fa72a23f06,b0d302bf-f0f3-4feb-821a-8083f454e883,1221.408935546875,490151.34375,200090.546875,8135.73486328125,7133.78857421875,26010.072265625,184754.734375,180378.453125,236053.0625,70530.6328125,129727.4375,18642.53125,275649.25,5526.74951171875,19458.576171875,37265.125,258004.640625,52719.921875,191875.046875,20315.806640625,6902.79150390625,13234.0927734375,27652.78515625,45738.5703125,2930502.5,357586.875,1099834.25,3625119.75,10997787,5596.7919921875,71320.8046875,124041864,53309928,21141.01953125,86358.171875,202217.90625,670933.3125,4365.248046875,2888233.75,1135758.375,63213.49609375,492942.75,21346.73828125,828655.625,702.1900024414062,450316.4375,446656.5625,239993.59375,959676.6875,70187.9453125,77649.328125,17401.763671875,4141.0361328125,276608.15625,15040.4013671875,148398.796875,33119.3671875,405302.96875,1100628.125,58575.30078125,7258.19384765625,123138.0,13555.4912109375,611253.4375,49312,34.05128479003906,35.824180603027344,0,0,0,0,0,0,0,0,0,0,0,1,0,0,0,0,0,0,0,False,UNKNOWN,0,0,0,0,201388099,24484,0,37.53071594238281,13,,,"{'Type': 'start', 'Data_Type': 'Synthetical', 'Protocol_name': 'ABGv5-5ppb-10RH-75ccm-Anthony-Q425', 'Trial_Details': {'RH': 0, 'group': 35, 'detail': 'N/A', 'trialnum': 23, 'TrialName': '10rh', 'identifier': 'srzyh', 'Concentration': 0}, 'Experiment_Rig': 'DA3'}",,2026-01-19 01:41:32.447,"{'cid': '50887afa-f28e-43cb-ad20-c4bac4e7cd08', 'uuid': 'bd60e58f-6df1-4eb3-af94-18ddb0176bbf', 'annotationId': '2be98d50-2a59-4d82-955b-54fa72a23f06', 'name': 'FeNOWindow', 'description': 'FeNOWindow', 'labels': 'FeNOWindow', 'metadata': {'Length': 3, 'Progress': 36, 'startTime': 1768786888540, 'Notification': 'Event FeNOWindow Started.'}, 'createdAt': '2026-01-19T01:41:28.765Z', 'createdBy': '5c7b5d9f-c171-4004-a182-4277ffd4c9eb'}",29.74,33.41,2200.0,2201.35,24020116.0,15.0,14.93,22040109.0,1600.0,1599.66,21470060.0,1385.0,1385.29,22450138.0,1800.0,1799.95,22340093.0,0.0,444865.55,25.46,32.62,1009.12
0000000027-4125-asu-nz,0000000018-3024-oms-nz,FeNOWindow,2be98d50-2a59-4d82-955b-54fa72a23f06,b0d302bf-f0f3-4feb-821a-8083f454e883,1221.431884765625,490015.28125,200117.78125,8135.32373046875,7134.78564453125,26011.353515625,184726.71875,180384.640625,235926.359375,70551.3671875,129745.265625,18641.109375,275766.34375,5533.37646484375,19459.037109375,37262.4375,258048.109375,52706.47265625,191443.234375,20318.951171875,6902.88232421875,13223.154296875,27656.515625,45737.625,2933369.25,356884.15625,1101634.75,3626112.25,11012973,5595.6787109375,70783.6328125,124942960,53224224,21141.986328125,86352.109375,202202.515625,670660.1875,4364.74462890625,2888407.75,1136405.875,63219.84375,493044.8125,21345.841796875,828521.9375,702.6658325195312,450513.78125,446988.1875,240025.640625,959758.5,70223.1796875,77663.5859375,17402.681640625,4129.06005859375,276770.4375,15021.9921875,148158.90625,33122.08203125,405291.78125,1099984.875,58575.56640625,7258.3056640625,123123.546875,13555.2861328125,608735.25,49613,33.970699310302734,35.743595123291016,0,0,0,0,0,0,0,0,0,0,0,1,0,0,0,0,0,0,0,False,UNKNOWN,0,0,0,0,201388099,24484,0,37.53071594238281,13,,,"{'Type': 'start', 'Data_Type': 'Synthetical', 'Protocol_name': 'ABGv5-5ppb-10RH-75ccm-Anthony-Q425', 'Trial_Details': {'RH': 0, 'group': 35, 'detail': 'N/A', 'trialnum': 23, 'TrialName': '10rh', 'identifier': 'srzyh', 'Concentration': 0}, 'Experiment_Rig': 'DA3'}",,2026-01-19 01:41:32.747,"{'cid': '50887afa-f28e-43cb-ad20-c4bac4e7cd08', 'uuid': 'bd60e58f-6df1-4eb3-af94-18ddb0176bbf', 'annotationId': '2be98d50-2a59-4d82-955b-54fa72a23f06', 'name': 'FeNOWindow', 'description': 'FeNOWindow', 'labels': 'FeNOWindow', 'metadata': {'Length': 3, 'Progress': 36, 'startTime': 1768786888540, 'Notification': 'Event FeNOWindow Started.'}, 'createdAt': '2026-01-19T01:41:28.765Z', 'createdBy': '5c7b5d9f-c171-4004-a182-4277ffd4c9eb'}",29.75,33.42,2200.0,2201.19,24020116.0,15.0,14.92,22040109.0,1600.0,1600.0,21470060.0,1385.0,1385.25,22450138.0,1800.0,1799.85,22340093.0,0.0,444116.9,25.51,32.62,1009.13
0000000027-4125-asu-nz,0000000018-3024-oms-nz,FeNOWindow,2be98d50-2a59-4d82-955b-54fa72a23f06,b0d302bf-f0f3-4feb-821a-8083f454e883,1222.2491455078125,489759.4375,200138.46875,8135.79150390625,7134.416015625,26012.9296875,184673.109375,180404.21875,236304.015625,70589.03125,129737.7265625,18640.458984375,276630.40625,5538.36474609375,19460.037109375,37260.375,257856.84375,52705.5546875,191928.140625,20321.322265625,6903.23779296875,13216.056640625,27656.2890625,45742.5546875,2937947.25,358525.9375,1098416.875,3627108.25,11022745,5595.95263671875,71163.0078125,125625296,53043728,21141.54296875,86346.34375,202185.109375,670510.0625,4364.36669921875,2881136.75,1136679.75,63231.30859375,493735.5,21346.25,829229.3125,702.4938354492188,450889.4375,446693.21875,240047.671875,960110.6875,70224.9375,77652.3046875,17399.423828125,4142.49560546875,276874.78125,15058.775390625,148147.90625,33122.55859375,405322.46875,1099580.625,58580.23046875,7258.27099609375,123079.40625,13555.4091796875,609591.125,49914,33.890113830566406,35.743595123291016,0,0,0,0,0,0,0,0,0,0,0,1,0,0,0,0,0,0,0,False,UNKNOWN,0,0,0,0,201388099,24484,0,37.53071594238281,13,,,"{'Type': 'start', 'Data_Type': 'Synthetical', 'Protocol_name': 'ABGv5-5ppb-10RH-75ccm-Anthony-Q425', 'Trial_Details': {'RH': 0, 'group': 35, 'detail': 'N/A', 'trialnum': 23, 'TrialName': '10rh', 'identifier': 'srzyh', 'Concentration': 0}, 'Experiment_Rig': 'DA3'}",,2026-01-19 01:41:33.052,"{'cid': '50887afa-f28e-43cb-ad20-c4bac4e7cd08', 'uuid': 'bd60e58f-6df1-4eb3-af94-18ddb0176bbf', 'annotationId': '2be98d50-2a59-4d82-955b-54fa72a23f06', 'name': 'FeNOWindow', 'description': 'FeNOWindow', 'labels': 'FeNOWindow', 'metadata': {'Length': 3, 'Progress': 36, 'startTime': 1768786888540, 'Notification': 'Event FeNOWindow Started.'}, 'createdAt': '2026-01-19T01:41:28.765Z', 'createdBy': '5c7b5d9f-c171-4004-a182-4277ffd4c9eb'}",29.75,33.43,2200.0,2201.0,24020116.0,15.0,14.92,22040109.0,1600.0,1600.3,21470060.0,1385.0,1385.2,22450138.0,1800.0,1799.76,22340093.0,0.0,443355.78,25.57,32.62,1009.13
0000000027-4125-asu-nz,0000000018-3024-oms-nz,FeNOMeasurement,2be98d50-2a59-4d82-955b-54fa72a23f06,b0d302bf-f0f3-4feb-821a-8083f454e883,1221.2615966796875,490063.96875,200126.53125,8135.1689453125,7135.021484375,26012.990234375,184711.09375,180400.34375,236206.171875,70500.6484375,129713.2734375,18639.3515625,276635.78125,5558.28173828125,19461.69921875,37258.171875,257846.5,52693.84375,191657.15625,20321.626953125,6902.8359375,13215.9541015625,27653.857421875,45737.55078125,2939872.5,357522.03125,1098896.375,3627590.25,11034606,5596.65966796875,70018.71875,126020488,52796344,21141.998046875,86339.828125,202150.828125,670424.4375,4365.0771484375,2877995.25,1138135.0,63230.71875,493361.34375,21348.03125,829591.3125,702.5388793945312,450712.15625,446999.21875,240078.8125,960835.0625,70241.9296875,77639.3984375,17402.994140625,4132.23828125,276887.0625,15034.0078125,147922.6875,33127.53515625,405278.8125,1099391.875,58576.3515625,7258.41796875,123137.2578125,13557.748046875,607988.6875,50215,33.890113830566406,35.66300582885742,0,0,0,0,0,0,0,0,0,0,0,1,0,0,0,0,0,0,0,False,UNKNOWN,0,0,0,0,201388099,24484,0,37.53071594238281,13,,,"{'Type': 'start', 'Data_Type': 'Synthetical', 'Protocol_name': 'ABGv5-5ppb-10RH-75ccm-Anthony-Q425', 'Trial_Details': {'RH': 0, 'group': 35, 'detail': 'N/A', 'trialnum': 23, 'TrialName': '10rh', 'identifier': 'srzyh', 'Concentration': 0}, 'Experiment_Rig': 'DA3'}",,2026-01-19 01:41:33.350,"{'cid': '50887afa-f28e-43cb-ad20-c4bac4e7cd08', 'uuid': 'b4faffaf-a8e5-42e2-9c4f-ea6016bff4f9', 'annotationId': '2be98d50-2a59-4d82-955b-54fa72a23f06', 'name': 'FeNOMeasurement', 'description': 'FeNOMeasurement', 'labels': 'FeNOMeasurement', 'metadata': {'Length': 30, 'Progress': 39, 'startTime': 1768786892859, 'Notification': 'Event FeNOMeasurement Started.'}, 'createdAt': '2026-01-19T01:41:33.087Z', 'createdBy': '5c7b5d9f-c171-4004-a182-4277ffd4c9eb'}",29.76,33.44,2200.0,2200.18,24020116.0,15.0,14.93,22040109.0,1600.0,1599.87,21470060.0,1385.0,1385.1,22450138.0,1800.0,1799.81,22340093.0,0.0,442612.12,25.63,32.62,1009.14
0000000027-4125-asu-nz,0000000018-3024-oms-nz,FeNOMeasurement,2be98d50-2a59-4d82-955b-54fa72a23f06,b0d302bf-f0f3-4feb-821a-8083f454e883,1220.9932861328125,490113.34375,200128.40625,8134.78466796875,7134.8046875,26012.951171875,184668.5,180369.921875,235751.875,70481.3359375,129691.8359375,18640.142578125,277042.125,5543.5146484375,19459.564453125,37253.21484375,257864.78125,52685.53515625,191621.390625,20305.748046875,6902.857421875,13227.5400390625,27648.8125,45731.328125,2938203.75,357755.4375,1099812.375,3627326.0,11040580,5595.0126953125,69896.1484375,126161760,52503772,21145.951171875,86333.796875,202178.078125,670382.9375,4364.47802734375,2875258.0,1138263.5,63238.28125,493201.03125,21346.939453125,830487.6875,703.2420043945312,450336.15625,447312.03125,240071.65625,962104.625,70224.7421875,77620.8515625,17400.767578125,4139.59326171875,276743.59375,15065.228515625,147677.4375,33126.29296875,405369.65625,1099703.0,58577.13671875,7258.39892578125,123054.21875,13554.4814453125,608956.1875,50516,33.970699310302734,35.582420349121094,0,0,0,0,0,0,0,0,0,0,0,1,0,0,0,0,0,0,0,False,UNKNOWN,0,0,0,0,201388099,24484,0,37.53071594238281,13,,,"{'Type': 'start', 'Data_Type': 'Synthetical', 'Protocol_name': 'ABGv5-5ppb-10RH-75ccm-Anthony-Q425', 'Trial_Details': {'RH': 0, 'group': 35, 'detail': 'N/A', 'trialnum': 23, 'TrialName': '10rh', 'identifier': 'srzyh', 'Concentration': 0}, 'Experiment_Rig': 'DA3'}",,2026-01-19 01:41:33.650,"{'cid': '50887afa-f28e-43cb-ad20-c4bac4e7cd08', 'uuid': 'b4faffaf-a8e5-42e2-9c4f-ea6016bff4f9', 'annotationId': '2be98d50-2a59-4d82-955b-54fa72a23f06', 'name': 'FeNOMeasurement', 'description': 'FeNOMeasurement', 'labels': 'FeNOMeasurement', 'metadata': {'Length': 30, 'Progress': 39, 'startTime': 1768786892859, 'Notification': 'Event FeNOMeasurement Started.'}, 'createdAt': '2026-01-19T01:41:33.087Z', 'createdBy': '5c7b5d9f-c171-4004-a182-4277ffd4c9eb'}",29.76,33.46,2200.0,2199.34,24020116.0,15.0,14.94,22040109.0,1600.0,1599.45,21470060.0,1385.0,1385.01,22450138.0,1800.0,1799.86,22340093.0,0.0,442379.27,25.67,32.62,1009.12
0000000027-4125-asu-nz,0000000018-3024-oms-nz,FeNOMeasurement,2be98d50-2a59-4d82-955b-54fa72a23f06,b0d302bf-f0f3-4feb-821a-8083f454e883,1222.5078125,490169.15625,200088.328125,8134.6494140625,7134.8076171875,26012.3671875,184748.046875,180356.421875,235658.328125,70393.046875,129643.7265625,18639.599609375,274712.5,5533.10888671875,19458.21484375,37247.40234375,257950.609375,52677.0546875,191495.53125,20312.064453125,6902.720703125,13224.0107421875,27642.87890625,45734.37109375,2934640.0,357451.625,1097916.25,3626657.75,11039653,5594.5849609375,68651.5625,125834368,52215968,21140.486328125,86350.0078125,202192.3125,670351.8125,4363.4013671875,2877224.5,1138746.75,63231.57421875,493343.84375,21343.8515625,830416.8125,702.75390625,450536.6875,446809.34375,240033.9375,962970.875,70233.640625,77616.34375,17398.3359375,4138.74169921875,275573.1875,15021.7568359375,147260.640625,33123.0625,405312.3125,1100011.5,58575.1875,7258.5537109375,123101.78125,13563.88671875,609303.3125,50817,33.80952835083008,35.582420349121094,0,0,0,0,0,0,0,0,0,0,0,1,0,0,0,0,0,0,0,False,UNKNOWN,0,0,0,0,201388099,24484,0,37.53071594238281,13,,,"{'Type': 'start', 'Data_Type': 'Synthetical', 'Protocol_name': 'ABGv5-5ppb-10RH-75ccm-Anthony-Q425', 'Trial_Details': {'RH': 0, 'group': 35, 'detail': 'N/A', 'trialnum': 23, 'TrialName': '10rh', 'identifier': 'srzyh', 'Concentration': 0}, 'Experiment_Rig': 'DA3'}",,2026-01-19 01:41:33.951,"{'cid': '50887afa-f28e-43cb-ad20-c4bac4e7cd08', 'uuid': 'b4faffaf-a8e5-42e2-9c4f-ea6016bff4f9', 'annotationId': '2be98d50-2a59-4d82-955b-54fa72a23f06', 'name': 'FeNOMeasurement', 'description': 'FeNOMeasurement', 'labels': 'FeNOMeasurement', 'metadata': {'Length': 30, 'Progress': 39, 'startTime': 1768786892859, 'Notification': 'Event FeNOMeasurement Started.'}, 'createdAt': '2026-01-19T01:41:33.087Z', 'createdBy': '5c7b5d9f-c171-4004-a182-4277ffd4c9eb'}",29.77,33.48,2200.0,2198.51,24020116.0,15.0,14.96,22040109.0,1600.0,1599.02,21470060.0,1385.0,1384.91,22450138.0,1800.0,1799.9,22340093.0,0.0,442453.94,25.69,32.62,1009.09
0000000027-4125-asu-nz,0000000018-3024-oms-nz,FeNOMeasurement,2be98d50-2a59-4d82-955b-54fa72a23f06,b0d302bf-f0f3-4feb-821a-8083f454e883,1220.5679931640625,489761.96875,200066.921875,8134.814453125,7134.75537109375,26010.54296875,184675.109375,180307.953125,235760.28125,70283.78125,129606.625,18641.828125,274832.5625,5557.99169921875,19456.216796875,37242.515625,257941.9375,52687.4375,191315.640625,20317.5546875,6903.1796875,13223.529296875,27636.60546875,45723.8515625,2931509.0,356612.0,1098327.25,3625561.5,11028042,5593.28125,70191.8203125,125125520,52047248,21141.69140625,86334.875,202267.578125,670413.1875,4364.9033203125,2879283.75,1138523.875,63233.5703125,493046.84375,21344.6640625,829906.375,702.11328125,450485.125,446600.28125,240007.28125,962961.75,70222.8671875,77634.828125,17397.138671875,4140.5244140625,275057.46875,15039.060546875,146362.03125,33125.6015625,405532.84375,1100971.625,58585.03515625,7258.44970703125,123115.7890625,13564.041015625,610378.375,51119,33.970699310302734,35.582420349121094,0,0,0,0,0,0,0,0,0,0,0,1,0,0,0,0,0,0,0,False,UNKNOWN,0,0,0,0,201388099,24484,0,37.53071594238281,13,,,"{'Type': 'start', 'Data_Type': 'Synthetical', 'Protocol_name': 'ABGv5-5ppb-10RH-75ccm-Anthony-Q425', 'Trial_Details': {'RH': 0, 'group': 35, 'detail': 'N/A', 'trialnum': 23, 'TrialName': '10rh', 'identifier': 'srzyh', 'Concentration': 0}, 'Experiment_Rig': 'DA3'}",,2026-01-19 01:41:34.253,"{'cid': '50887afa-f28e-43cb-ad20-c4bac4e7cd08', 'uuid': 'b4faffaf-a8e5-42e2-9c4f-ea6016bff4f9', 'annotationId': '2be98d50-2a59-4d82-955b-54fa72a23f06', 'name': 'FeNOMeasurement', 'description': 'FeNOMeasurement', 'labels': 'FeNOMeasurement', 'metadata': {'Length': 30, 'Progress': 39, 'startTime': 1768786892859, 'Notification': 'Event FeNOMeasurement Started.'}, 'createdAt': '2026-01-19T01:41:33.087Z', 'createdBy': '5c7b5d9f-c171-4004-a182-4277ffd4c9eb'}",29.77,33.49,2200.0,2198.34,24020116.0,15.0,14.97,22040109.0,1600.0,1599.04,21470060.0,1385.0,1384.82,22450138.0,1800.0,1799.64,22340093.0,0.0,442528.86,25.72,32.62,1009.05
0000000027-4125-asu-nz,0000000018-3024-oms-nz,FeNOMeasurement,2be98d50-2a59-4d82-955b-54fa72a23f06,b0d302bf-f0f3-4feb-821a-8083f454e883,1221.6937255859375,489653.3125,200026.9375,8134.41943359375,7134.5341796875,26010.30078125,184691.09375,180290.40625,235738.640625,70341.1953125,129586.6484375,18641.041015625,275587.15625,5569.96533203125,19459.19921875,37240.55078125,257919.359375,52683.37890625,191049.75,20310.96875,6902.31494140625,13220.466796875,27631.533203125,45726.4453125,2928419.5,356532.6875,1096008.25,3624664.75,11015422,5593.49658203125,69039.9296875,123990232,51898008,21138.3828125,86326.40625,202284.59375,670548.1875,4363.697265625,2878869.5,1140556.75,63231.2890625,493220.53125,21345.75390625,829787.0,702.4364013671875,450491.71875,447047.5625,240003.34375,963753.5625,70238.9921875,77665.046875,17396.927734375,4146.16748046875,275008.40625,15030.005859375,147536.78125,33122.2421875,405446.375,1101913.75,58595.48046875,7258.21484375,123011.3984375,13556.357421875,611117.1875,51419,33.890113830566406,35.743595123291016,0,0,0,0,0,0,0,0,0,0,0,1,0,0,0,0,0,0,0,False,UNKNOWN,0,0,0,0,201388099,24484,0,37.53071594238281,13,,,"{'Type': 'start', 'Data_Type': 'Synthetical', 'Protocol_name': 'ABGv5-5ppb-10RH-75ccm-Anthony-Q425', 'Trial_Details': {'RH': 0, 'group': 35, 'detail': 'N/A', 'trialnum': 23, 'TrialName': '10rh', 'identifier': 'srzyh', 'Concentration': 0}, 'Experiment_Rig': 'DA3'}",,2026-01-19 01:41:34.553,"{'cid': '50887afa-f28e-43cb-ad20-c4bac4e7cd08', 'uuid': 'b4faffaf-a8e5-42e2-9c4f-ea6016bff4f9', 'annotationId': '2be98d50-2a59-4d82-955b-54fa72a23f06', 'name': 'FeNOMeasurement', 'description': 'FeNOMeasurement', 'labels': 'FeNOMeasurement', 'metadata': {'Length': 30, 'Progress': 39, 'startTime': 1768786892859, 'Notification': 'Event FeNOMeasurement Started.'}, 'createdAt': '2026-01-19T01:41:33.087Z', 'createdBy': '5c7b5d9f-c171-4004-a182-4277ffd4c9eb'}",29.77,33.51,2200.0,2198.48,24020116.0,15.0,14.97,22040109.0,1600.0,1599.28,21470060.0,1385.0,1384.72,22450138.0,1800.0,1799.21,22340093.0,0.0,442603.28,25.74,32.62,1009.02
0000000027-4125-asu-nz,0000000018-3024-oms-nz,FeNOMeasurement,2be98d50-2a59-4d82-955b-54fa72a23f06,b0d302bf-f0f3-4feb-821a-8083f454e883,1222.0269775390625,489590.5625,200002.046875,8134.44384765625,7134.58837890625,26007.896484375,184763.6875,180279.109375,235740.359375,70409.7890625,129562.9609375,18639.970703125,276138.71875,5579.70703125,19454.29296875,37235.51171875,258009.265625,52681.21875,191869.015625,20316.16015625,6902.35546875,13243.2041015625,27625.6171875,45726.078125,2927412.5,356611.34375,1093390.25,3622819.25,11005487,5593.3779296875,69834.7109375,123376024,51851936,21131.091796875,86323.4140625,202228.734375,670789.3125,4363.9453125,2874194.0,1140693.25,63221.3828125,492784.3125,21344.458984375,829580.4375,702.8004760742188,450023.59375,446932.0625,239976.1875,963830.8125,70244.421875,77634.109375,17400.52734375,4142.6015625,276368.8125,15033.8505859375,146925.703125,33118.140625,405559.59375,1102302.25,58586.44921875,7257.99853515625,122888.8515625,13552.9248046875,611074.9375,51720,33.970699310302734,35.582420349121094,0,0,0,0,0,0,0,0,0,0,0,1,0,0,0,0,0,0,0,False,UNKNOWN,0,0,0,0,201388099,24484,0,37.53071594238281,13,,,"{'Type': 'start', 'Data_Type': 'Synthetical', 'Protocol_name': 'ABGv5-5ppb-10RH-75ccm-Anthony-Q425', 'Trial_Details': {'RH': 0, 'group': 35, 'detail': 'N/A', 'trialnum': 23, 'TrialName': '10rh', 'identifier': 'srzyh', 'Concentration': 0}, 'Experiment_Rig': 'DA3'}",,2026-01-19 01:41:34.854,"{'cid': '50887afa-f28e-43cb-ad20-c4bac4e7cd08', 'uuid': 'b4faffaf-a8e5-42e2-9c4f-ea6016bff4f9', 'annotationId': '2be98d50-2a59-4d82-955b-54fa72a23f06', 'name': 'FeNOMeasurement', 'description': 'FeNOMeasurement', 'labels': 'FeNOMeasurement', 'metadata': {'Length': 30, 'Progress': 39, 'startTime': 1768786892859, 'Notification': 'Event FeNOMeasurement Started.'}, 'createdAt': '2026-01-19T01:41:33.087Z', 'createdBy': '5c7b5d9f-c171-4004-a182-4277ffd4c9eb'}",29.77,33.52,2200.0,2198.62,24020116.0,15.0,14.98,22040109.0,1600.0,1599.52,21470060.0,1385.0,1384.62,22450138.0,1800.0,1798.78,22340093.0,0.0,442561.01,25.75,32.62,1009.01
0000000027-4125-asu-nz,0000000018-3024-oms-nz,FeNOMeasurement,2be98d50-2a59-4d82-955b-54fa72a23f06,b0d302bf-f0f3-4feb-821a-8083f454e883,1221.9189453125,489111.21875,199974.15625,8134.525390625,7134.32177734375,26007.306640625,184681.21875,180238.96875,235412.484375,70332.3828125,129554.1015625,18640.712890625,275336.8125,5588.7685546875,19456.23828125,37245.21484375,257972.140625,52680.41015625,192004.84375,20311.71875,6902.525390625,13220.6357421875,27622.90234375,45722.87890625,2925630.75,357058.78125,1093252.75,3621106.25,10995569,5592.71142578125,70745.65625,122621096,51919840,21137.998046875,86330.8828125,202190.5,670948.25,4362.9228515625,2871873.75,1138518.75,63218.1953125,493162.6875,21341.869140625,830389.1875,702.821044921875,449899.78125,446472.96875,239929.03125,963800.9375,70263.4453125,77631.9609375,17396.205078125,4128.41162109375,276730.5,15042.404296875,146947.578125,33116.203125,405560.25,1102736.375,58580.37890625,7257.8896484375,122854.59375,13555.833984375,612566.1875,52021,33.890113830566406,35.66300582885742,0,0,0,0,0,0,0,0,0,0,0,1,0,0,0,0,0,0,0,False,UNKNOWN,0,0,0,0,201388099,24484,0,37.53071594238281,13,,,"{'Type': 'start', 'Data_Type': 'Synthetical', 'Protocol_name': 'ABGv5-5ppb-10RH-75ccm-Anthony-Q425', 'Trial_Details': {'RH': 0, 'group': 35, 'detail': 'N/A', 'trialnum': 23, 'TrialName': '10rh', 'identifier': 'srzyh', 'Concentration': 0}, 'Experiment_Rig': 'DA3'}",,2026-01-19 01:41:35.155,"{'cid': '50887afa-f28e-43cb-ad20-c4bac4e7cd08', 'uuid': 'b4faffaf-a8e5-42e2-9c4f-ea6016bff4f9', 'annotationId': '2be98d50-2a59-4d82-955b-54fa72a23f06', 'name': 'FeNOMeasurement', 'description': 'FeNOMeasurement', 'labels': 'FeNOMeasurement', 'metadata': {'Length': 30, 'Progress': 39, 'startTime': 1768786892859, 'Notification': 'Event FeNOMeasurement Started.'}, 'createdAt': '2026-01-19T01:41:33.087Z', 'createdBy': '5c7b5d9f-c171-4004-a182-4277ffd4c9eb'}",29.77,33.52,2200.0,2198.77,24020116.0,15.0,14.99,22040109.0,1600.0,1599.72,21470060.0,1385.0,1384.61,22450138.0,1800.0,1798.57,22340093.0,0.0,442486.54,25.75,32.62,1009.01
0000000027-4125-asu-nz,0000000018-3024-oms-nz,FeNOMeasurement,2be98d50-2a59-4d82-955b-54fa72a23f06,b0d302bf-f0f3-4feb-821a-8083f454e883,1222.0810546875,489092.625,199972.1875,8134.0771484375,7133.91162109375,26007.359375,184610.984375,180210.40625,235485.046875,70350.5078125,129545.453125,18642.240234375,275653.46875,5579.55224609375,19455.40234375,37237.12890625,258108.40625,52687.1875,192467.515625,20310.048828125,6902.3798828125,13220.53515625,27620.84375,45725.0078125,2924622.0,357259.4375,1092571.875,3619191.75,10989797,5592.90625,70348.46875,122036192,52063952,21138.2109375,86331.0703125,202213.453125,670976.125,4363.54833984375,2861844.25,1138537.5,63205.5703125,492945.5625,21344.30859375,830288.25,702.706298828125,449444.78125,447206.78125,239882.640625,963423.75,70221.0390625,77606.5078125,17390.21484375,4125.73583984375,276782.59375,15054.681640625,146469.71875,33110.66015625,405517.8125,1102750.625,58588.140625,7258.20166015625,122927.6796875,13561.0673828125,613091.1875,52322,33.890113830566406,35.582420349121094,0,0,0,0,0,0,0,0,0,0,0,1,0,0,0,0,0,0,0,False,UNKNOWN,0,0,0,0,201388099,24484,0,37.53071594238281,13,,,"{'Type': 'start', 'Data_Type': 'Synthetical', 'Protocol_name': 'ABGv5-5ppb-10RH-75ccm-Anthony-Q425', 'Trial_Details': {'RH': 0, 'group': 35, 'detail': 'N/A', 'trialnum': 23, 'TrialName': '10rh', 'identifier': 'srzyh', 'Concentration': 0}, 'Experiment_Rig': 'DA3'}",,2026-01-19 01:41:35.456,"{'cid': '50887afa-f28e-43cb-ad20-c4bac4e7cd08', 'uuid': 'b4faffaf-a8e5-42e2-9c4f-ea6016bff4f9', 'annotationId': '2be98d50-2a59-4d82-955b-54fa72a23f06', 'name': 'FeNOMeasurement', 'description': 'FeNOMeasurement', 'labels': 'FeNOMeasurement', 'metadata': {'Length': 30, 'Progress': 39, 'startTime': 1768786892859, 'Notification': 'Event FeNOMeasurement Started.'}, 'createdAt': '2026-01-19T01:41:33.087Z', 'createdBy': '5c7b5d9f-c171-4004-a182-4277ffd4c9eb'}",29.77,33.52,2200.0,2198.91,24020116.0,15.0,15.0,22040109.0,1600.0,1599.84,21470060.0,1385.0,1384.78,22450138.0,1800.0,1798.85,22340093.0,0.0,442412.06,25.76,32.62,1009.01
0000000027-4125-asu-nz,0000000018-3024-oms-nz,FeNOMeasurement,2be98d50-2a59-4d82-955b-54fa72a23f06,b0d302bf-f0f3-4feb-821a-8083f454e883,1222.0428466796875,489353.3125,199939.28125,8133.970703125,7134.23974609375,26005.912109375,184555.984375,180207.671875,235742.40625,70390.4296875,129553.9296875,18641.384765625,275769.5,5579.67236328125,19452.927734375,37245.71484375,258307.140625,52701.24609375,192558.09375,20291.67578125,6902.39892578125,13220.05859375,27617.892578125,45734.54296875,2923796.5,358705.25,1094171.25,3617805.75,10972183,5593.509765625,70268.3984375,121667968,52283768,21135.232421875,86320.0234375,202225.796875,671062.8125,4361.83837890625,2859764.0,1138883.625,63205.09765625,492782.34375,21343.248046875,829609.75,702.6279907226562,449969.375,446334.5,239854.59375,963076.0625,70229.203125,77553.78125,17392.4765625,4131.97021484375,276628.3125,15061.103515625,146759.0625,33100.55859375,405428.3125,1103067.0,58590.61328125,7258.3232421875,122949.8515625,13560.16796875,613086.0,52623,33.890113830566406,35.66300582885742,0,0,0,0,0,0,0,0,0,0,0,1,0,0,0,0,0,0,0,False,UNKNOWN,0,0,0,0,201388099,24484,0,37.53071594238281,13,,,"{'Type': 'start', 'Data_Type': 'Synthetical', 'Protocol_name': 'ABGv5-5ppb-10RH-75ccm-Anthony-Q425', 'Trial_Details': {'RH': 0, 'group': 35, 'detail': 'N/A', 'trialnum': 23, 'TrialName': '10rh', 'identifier': 'srzyh', 'Concentration': 0}, 'Experiment_Rig': 'DA3'}",,2026-01-19 01:41:35.758,"{'cid': '50887afa-f28e-43cb-ad20-c4bac4e7cd08', 'uuid': 'b4faffaf-a8e5-42e2-9c4f-ea6016bff4f9', 'annotationId': '2be98d50-2a59-4d82-955b-54fa72a23f06', 'name': 'FeNOMeasurement', 'description': 'FeNOMeasurement', 'labels': 'FeNOMeasurement', 'metadata': {'Length': 30, 'Progress': 39, 'startTime': 1768786892859, 'Notification': 'Event FeNOMeasurement Started.'}, 'createdAt': '2026-01-19T01:41:33.087Z', 'createdBy': '5c7b5d9f-c171-4004-a182-4277ffd4c9eb'}",29.76,33.51,2200.0,2199.05,24020116.0,15.0,15.0,22040109.0,1600.0,1599.96,21470060.0,1385.0,1384.95,22450138.0,1800.0,1799.14,22340093.0,0.0,442337.33,25.76,32.62,1009.01
0000000027-4125-asu-nz,0000000018-3024-oms-nz,FeNOMeasurement,2be98d50-2a59-4d82-955b-54fa72a23f06,b0d302bf-f0f3-4feb-821a-8083f454e883,1222.478271484375,489583.875,199961.65625,8134.181640625,7133.94921875,26007.30859375,184562.953125,180185.3125,235879.46875,70376.625,129564.1328125,18642.32421875,275159.5,5576.3896484375,19454.921875,37252.86328125,257946.421875,52705.2109375,192722.546875,20300.21875,6902.5234375,13225.568359375,27616.859375,45733.73046875,2924915.25,356983.3125,1095408.625,3618609.5,10967294,5594.091796875,67308.875,121611040,52553004,21132.52734375,86308.3125,202230.078125,671114.375,4363.357421875,2859021.25,1139959.0,63197.20703125,492637.53125,21339.6640625,827510.6875,702.540771484375,449686.625,446634.15625,239846.28125,961717.1875,70205.375,77584.6328125,17400.51953125,4123.060546875,276605.125,15045.5341796875,147245.53125,33099.7265625,405466.375,1103563.75,58587.15234375,7258.04443359375,122917.0546875,13554.845703125,613238.875,52924,33.890113830566406,35.582420349121094,0,0,0,0,0,0,0,0,0,0,0,1,0,0,0,0,0,0,0,False,UNKNOWN,0,0,0,0,201388099,24484,0,37.53071594238281,13,,,"{'Type': 'start', 'Data_Type': 'Synthetical', 'Protocol_name': 'ABGv5-5ppb-10RH-75ccm-Anthony-Q425', 'Trial_Details': {'RH': 0, 'group': 35, 'detail': 'N/A', 'trialnum': 23, 'TrialName': '10rh', 'identifier': 'srzyh', 'Concentration': 0}, 'Experiment_Rig': 'DA3'}",,2026-01-19 01:41:36.059,"{'cid': '50887afa-f28e-43cb-ad20-c4bac4e7cd08', 'uuid': 'b4faffaf-a8e5-42e2-9c4f-ea6016bff4f9', 'annotationId': '2be98d50-2a59-4d82-955b-54fa72a23f06', 'name': 'FeNOMeasurement', 'description': 'FeNOMeasurement', 'labels': 'FeNOMeasurement', 'metadata': {'Length': 30, 'Progress': 39, 'startTime': 1768786892859, 'Notification': 'Event FeNOMeasurement Started.'}, 'createdAt': '2026-01-19T01:41:33.087Z', 'createdBy': '5c7b5d9f-c171-4004-a182-4277ffd4c9eb'}",29.76,33.51,2200.0,2199.2,24020116.0,15.0,15.01,22040109.0,1600.0,1600.08,21470060.0,1385.0,1385.12,22450138.0,1800.0,1799.43,22340093.0,0.0,442625.17,25.73,32.62,1009.0
0000000027-4125-asu-nz,0000000018-3024-oms-nz,FeNOMeasurement,2be98d50-2a59-4d82-955b-54fa72a23f06,b0d302bf-f0f3-4feb-821a-8083f454e883,1220.758544921875,488999.6875,199964.453125,8133.87451171875,7134.58056640625,26008.203125,184541.296875,180183.421875,236044.59375,70354.953125,129573.4296875,18642.19140625,274448.8125,5593.75146484375,19453.990234375,37250.71875,257892.328125,52714.80859375,192055.765625,20308.958984375,6902.9052734375,13217.9833984375,27616.021484375,45738.2890625,2926378.5,357788.4375,1095078.25,3621063.0,10967807,5593.42578125,68018.1875,121785992,52826608,21132.912109375,86302.8359375,202268.125,671156.25,4363.4599609375,2854443.0,1140942.75,63193.1171875,492332.21875,21339.640625,826892.25,701.6915893554688,449784.1875,446840.625,239824.890625,961088.3125,70197.515625,77595.2109375,17387.380859375,4134.86181640625,276614.125,15063.31640625,147590.484375,33098.14453125,405350.03125,1103118.375,58579.5234375,7257.6396484375,122773.03125,13558.0859375,613012.6875,53225,33.80952835083008,35.66300582885742,0,0,0,0,0,0,0,0,0,0,0,1,0,0,0,0,0,0,0,False,UNKNOWN,0,0,0,0,201388099,24484,0,37.53071594238281,13,,,"{'Type': 'start', 'Data_Type': 'Synthetical', 'Protocol_name': 'ABGv5-5ppb-10RH-75ccm-Anthony-Q425', 'Trial_Details': {'RH': 0, 'group': 35, 'detail': 'N/A', 'trialnum': 23, 'TrialName': '10rh', 'identifier': 'srzyh', 'Concentration': 0}, 'Experiment_Rig': 'DA3'}",,2026-01-19 01:41:36.359,"{'cid': '50887afa-f28e-43cb-ad20-c4bac4e7cd08', 'uuid': 'b4faffaf-a8e5-42e2-9c4f-ea6016bff4f9', 'annotationId': '2be98d50-2a59-4d82-955b-54fa72a23f06', 'name': 'FeNOMeasurement', 'description': 'FeNOMeasurement', 'labels': 'FeNOMeasurement', 'metadata': {'Length': 30, 'Progress': 39, 'startTime': 1768786892859, 'Notification': 'Event FeNOMeasurement Started.'}, 'createdAt': '2026-01-19T01:41:33.087Z', 'createdBy': '5c7b5d9f-c171-4004-a182-4277ffd4c9eb'}",29.76,33.53,2200.0,2199.34,24020116.0,15.0,15.02,22040109.0,1600.0,1599.82,21470060.0,1385.0,1384.84,22450138.0,1800.0,1799.26,22340093.0,0.0,442936.38,25.7,32.62,1009.0
0000000027-4125-asu-nz,0000000018-3024-oms-nz,FeNOMeasurement,2be98d50-2a59-4d82-955b-54fa72a23f06,b0d302bf-f0f3-4feb-821a-8083f454e883,1221.523681640625,489144.75,199989.203125,8133.46337890625,7134.67041015625,26007.12109375,184574.65625,180197.734375,236218.125,70346.6171875,129583.8125,18643.65625,274253.09375,5567.92626953125,19454.234375,37245.40234375,257750.0625,52714.94921875,192518.53125,20308.72265625,6902.73291015625,13223.9150390625,27611.046875,45732.3515625,2928431.0,357922.09375,1093848.875,3623690.5,10973947,5592.58447265625,69251.90625,122330008,53051152,21130.158203125,86266.3203125,202247.6875,671173.125,4362.4306640625,2848203.75,1141630.25,63195.4609375,492437.84375,21337.74609375,825053.125,702.4678344726562,449893.0,446812.25,239820.265625,960350.8125,70252.15625,77592.9765625,17387.236328125,4140.63330078125,276686.53125,15073.03515625,147601.09375,33089.72265625,405245.3125,1102480.125,58584.48046875,7258.08642578125,122801.2890625,13558.421875,612614.625,53526,33.890113830566406,35.501834869384766,0,0,0,0,0,0,0,0,0,0,0,1,0,0,0,0,0,0,0,False,UNKNOWN,0,0,0,0,201388099,24484,0,37.53071594238281,13,,,"{'Type': 'start', 'Data_Type': 'Synthetical', 'Protocol_name': 'ABGv5-5ppb-10RH-75ccm-Anthony-Q425', 'Trial_Details': {'RH': 0, 'group': 35, 'detail': 'N/A', 'trialnum': 23, 'TrialName': '10rh', 'identifier': 'srzyh', 'Concentration': 0}, 'Experiment_Rig': 'DA3'}",,2026-01-19 01:41:36.661,"{'cid': '50887afa-f28e-43cb-ad20-c4bac4e7cd08', 'uuid': 'b4faffaf-a8e5-42e2-9c4f-ea6016bff4f9', 'annotationId': '2be98d50-2a59-4d82-955b-54fa72a23f06', 'name': 'FeNOMeasurement', 'description': 'FeNOMeasurement', 'labels': 'FeNOMeasurement', 'metadata': {'Length': 30, 'Progress': 39, 'startTime': 1768786892859, 'Notification': 'Event FeNOMeasurement Started.'}, 'createdAt': '2026-01-19T01:41:33.087Z', 'createdBy': '5c7b5d9f-c171-4004-a182-4277ffd4c9eb'}",29.75,33.55,2200.0,2199.48,24020116.0,15.0,15.03,22040109.0,1600.0,1599.56,21470060.0,1385.0,1384.55,22450138.0,1800.0,1799.07,22340093.0,0.0,443249.66,25.67,32.62,1008.99
0000000027-4125-asu-nz,0000000018-3024-oms-nz,FeNOMeasurement,2be98d50-2a59-4d82-955b-54fa72a23f06,b0d302bf-f0f3-4feb-821a-8083f454e883,1220.5904541015625,489261.90625,199968.5625,8133.98583984375,7134.59033203125,26007.1328125,184532.234375,180217.296875,236094.6875,70440.75,129565.6796875,18641.39453125,273575.625,5580.9013671875,19453.267578125,37251.38671875,258035.734375,52717.62109375,192981.5625,20309.283203125,6902.93798828125,13240.75,27606.34375,45734.5390625,2930553.5,357487.0,1095557.75,3625832.25,10986793,5592.8955078125,69182.953125,122960872,53211352,21128.61328125,86241.6640625,202197.265625,671042.125,4361.98046875,2849462.0,1140491.25,63196.796875,492243.96875,21340.447265625,826123.625,702.9136352539062,449859.0625,447097.40625,239850.3125,959597.4375,70251.4375,77590.2890625,17390.275390625,4135.6796875,276234.53125,15071.9345703125,148419.1875,33085.79296875,405042.65625,1101761.875,58583.234375,7257.7119140625,122785.296875,13560.412109375,611877.375,53827,33.890113830566406,35.743595123291016,0,0,0,0,0,0,0,0,0,0,0,1,0,0,0,0,0,0,0,False,UNKNOWN,0,0,0,0,201388099,24484,0,37.53071594238281,13,,,"{'Type': 'start', 'Data_Type': 'Synthetical', 'Protocol_name': 'ABGv5-5ppb-10RH-75ccm-Anthony-Q425', 'Trial_Details': {'RH': 0, 'group': 35, 'detail': 'N/A', 'trialnum': 23, 'TrialName': '10rh', 'identifier': 'srzyh', 'Concentration': 0}, 'Experiment_Rig': 'DA3'}",,2026-01-19 01:41:36.962,"{'cid': '50887afa-f28e-43cb-ad20-c4bac4e7cd08', 'uuid': 'b4faffaf-a8e5-42e2-9c4f-ea6016bff4f9', 'annotationId': '2be98d50-2a59-4d82-955b-54fa72a23f06', 'name': 'FeNOMeasurement', 'description': 'FeNOMeasurement', 'labels': 'FeNOMeasurement', 'metadata': {'Length': 30, 'Progress': 39, 'startTime': 1768786892859, 'Notification': 'Event FeNOMeasurement Started.'}, 'createdAt': '2026-01-19T01:41:33.087Z', 'createdBy': '5c7b5d9f-c171-4004-a182-4277ffd4c9eb'}",29.75,33.57,2200.0,2199.63,24020116.0,15.0,15.04,22040109.0,1600.0,1599.3,21470060.0,1385.0,1384.27,22450138.0,1800.0,1798.87,22340093.0,0.0,443462.87,25.65,32.62,1008.99
0000000027-4125-asu-nz,0000000018-3024-oms-nz,FeNOMeasurement,2be98d50-2a59-4d82-955b-54fa72a23f06,b0d302bf-f0f3-4feb-821a-8083f454e883,1220.84375,489824.15625,200025.53125,8134.26953125,7135.015625,26010.3203125,184589.78125,180234.53125,236176.515625,70405.1875,129549.171875,18642.09375,274315.1875,5548.3681640625,19452.77734375,37250.18359375,257881.265625,52713.72265625,192669.71875,20301.419921875,6902.27978515625,13221.533203125,27604.7265625,45731.3671875,2933848.0,357751.125,1097744.0,3627018.25,10993588,5592.97509765625,70604.1171875,123912752,53274380,21129.990234375,86262.7890625,202182.03125,670841.625,4361.052734375,2849187.5,1141699.375,63195.359375,492324.71875,21338.7734375,827559.875,702.3134155273438,449579.46875,446689.09375,239814.734375,959251.1875,70242.34375,77622.0703125,17388.091796875,4127.982421875,276372.96875,15060.7900390625,147839.984375,33081.3046875,404856.21875,1101511.75,58572.59765625,7257.37939453125,122813.8203125,13550.9619140625,609499.8125,54128,33.890113830566406,35.582420349121094,0,0,0,0,0,0,0,0,0,0,0,1,0,0,0,0,0,0,0,False,UNKNOWN,0,0,0,0,201388099,24484,0,37.53071594238281,13,,,"{'Type': 'start', 'Data_Type': 'Synthetical', 'Protocol_name': 'ABGv5-5ppb-10RH-75ccm-Anthony-Q425', 'Trial_Details': {'RH': 0, 'group': 35, 'detail': 'N/A', 'trialnum': 23, 'TrialName': '10rh', 'identifier': 'srzyh', 'Concentration': 0}, 'Experiment_Rig': 'DA3'}",,2026-01-19 01:41:37.262,"{'cid': '50887afa-f28e-43cb-ad20-c4bac4e7cd08', 'uuid': 'b4faffaf-a8e5-42e2-9c4f-ea6016bff4f9', 'annotationId': '2be98d50-2a59-4d82-955b-54fa72a23f06', 'name': 'FeNOMeasurement', 'description': 'FeNOMeasurement', 'labels': 'FeNOMeasurement', 'metadata': {'Length': 30, 'Progress': 39, 'startTime': 1768786892859, 'Notification': 'Event FeNOMeasurement Started.'}, 'createdAt': '2026-01-19T01:41:33.087Z', 'createdBy': '5c7b5d9f-c171-4004-a182-4277ffd4c9eb'}",29.75,33.58,2200.0,2199.81,24020116.0,15.0,15.05,22040109.0,1600.0,1599.38,21470060.0,1385.0,1384.04,22450138.0,1800.0,1799.1,22340093.0,0.0,443388.22,25.63,32.62,1008.99
0000000027-4125-asu-nz,0000000018-3024-oms-nz,FeNOMeasurement,2be98d50-2a59-4d82-955b-54fa72a23f06,b0d302bf-f0f3-4feb-821a-8083f454e883,1221.88818359375,489871.78125,200044.625,8133.91455078125,7134.658203125,26010.662109375,184671.15625,180263.921875,235940.8125,70365.140625,129567.53125,18642.1875,275034.65625,5574.8896484375,19450.58203125,37250.43359375,257635.421875,52714.1640625,191875.015625,20296.73828125,6902.50146484375,13222.37109375,27602.23828125,45722.32421875,2935704.0,358018.15625,1095973.125,3628299.75,11009806,5592.69091796875,70322.015625,124854280,53226920,21128.294921875,86254.171875,202161.6875,670677.1875,4360.71435546875,2842559.25,1140181.625,63200.55078125,492539.75,21340.494140625,827737.9375,702.1528930664062,449688.28125,446312.46875,239848.0,958858.8125,70224.671875,77595.0234375,17393.12109375,4125.423828125,276226.59375,15072.4033203125,148567.234375,33082.15625,404869.9375,1101148.375,58567.1484375,7257.51708984375,122946.9921875,13556.1845703125,610505.0625,54429,34.05128479003906,35.501834869384766,0,0,0,0,0,0,0,0,0,0,0,1,0,0,0,0,0,0,0,False,UNKNOWN,0,0,0,0,201393131,24484,0,38.197940826416016,13,,,"{'Type': 'start', 'Data_Type': 'Synthetical', 'Protocol_name': 'ABGv5-5ppb-10RH-75ccm-Anthony-Q425', 'Trial_Details': {'RH': 0, 'group': 35, 'detail': 'N/A', 'trialnum': 23, 'TrialName': '10rh', 'identifier': 'srzyh', 'Concentration': 0}, 'Experiment_Rig': 'DA3'}",,2026-01-19 01:41:37.564,"{'cid': '50887afa-f28e-43cb-ad20-c4bac4e7cd08', 'uuid': 'b4faffaf-a8e5-42e2-9c4f-ea6016bff4f9', 'annotationId': '2be98d50-2a59-4d82-955b-54fa72a23f06', 'name': 'FeNOMeasurement', 'description': 'FeNOMeasurement', 'labels': 'FeNOMeasurement', 'metadata': {'Length': 30, 'Progress': 39, 'startTime': 1768786892859, 'Notification': 'Event FeNOMeasurement Started.'}, 'createdAt': '2026-01-19T01:41:33.087Z', 'createdBy': '5c7b5d9f-c171-4004-a182-4277ffd4c9eb'}",29.76,33.6,2200.0,2200.03,24020116.0,15.0,15.05,22040109.0,1600.0,1599.67,21470060.0,1385.0,1383.85,22450138.0,1800.0,1799.61,22340093.0,0.0,443313.07,25.61,32.62,1008.98
0000000027-4125-asu-nz,0000000018-3024-oms-nz,FeNOMeasurement,2be98d50-2a59-4d82-955b-54fa72a23f06,b0d302bf-f0f3-4feb-821a-8083f454e883,1223.035888671875,489622.125,200068.921875,8134.49658203125,7135.01708984375,26010.578125,184708.875,180259.296875,235951.859375,70444.4140625,129564.796875,18641.75390625,274859.84375,5596.54541015625,19450.91015625,37248.578125,258247.09375,52699.8984375,192284.53125,20296.619140625,6902.56396484375,13222.8203125,27594.54296875,45725.6875,2938040.75,357575.78125,1095810.375,3628597.0,11023325,5592.80859375,69271.8125,125529040,53076032,21128.05078125,86236.3828125,202145.171875,670524.9375,4361.39794921875,2836122.5,1138638.5,63205.87890625,492570.84375,21340.61328125,828870.125,702.0696411132812,449655.8125,446730.5625,239889.40625,959265.5,70219.5703125,77582.09375,17391.662109375,4122.2763671875,276531.375,15068.9541015625,147399.609375,33079.0234375,405039.96875,1100680.375,58566.25,7257.1494140625,122815.5703125,13565.392578125,610805.125,54730,33.890113830566406,35.66300582885742,0,0,0,0,0,0,0,0,0,0,0,1,0,0,0,0,0,0,0,False,UNKNOWN,0,0,0,0,201393131,24484,0,38.197940826416016,13,,,"{'Type': 'start', 'Data_Type': 'Synthetical', 'Protocol_name': 'ABGv5-5ppb-10RH-75ccm-Anthony-Q425', 'Trial_Details': {'RH': 0, 'group': 35, 'detail': 'N/A', 'trialnum': 23, 'TrialName': '10rh', 'identifier': 'srzyh', 'Concentration': 0}, 'Experiment_Rig': 'DA3'}",,2026-01-19 01:41:37.864,"{'cid': '50887afa-f28e-43cb-ad20-c4bac4e7cd08', 'uuid': 'b4faffaf-a8e5-42e2-9c4f-ea6016bff4f9', 'annotationId': '2be98d50-2a59-4d82-955b-54fa72a23f06', 'name': 'FeNOMeasurement', 'description': 'FeNOMeasurement', 'labels': 'FeNOMeasurement', 'metadata': {'Length': 30, 'Progress': 39, 'startTime': 1768786892859, 'Notification': 'Event FeNOMeasurement Started.'}, 'createdAt': '2026-01-19T01:41:33.087Z', 'createdBy': '5c7b5d9f-c171-4004-a182-4277ffd4c9eb'}",29.76,33.62,2200.0,2200.24,24020116.0,15.0,15.05,22040109.0,1600.0,1599.95,21470060.0,1385.0,1383.66,22450138.0,1800.0,1800.11,22340093.0,0.0,443238.42,25.6,32.62,1008.98
0000000027-4125-asu-nz,0000000018-3024-oms-nz,FeNOMeasurement,2be98d50-2a59-4d82-955b-54fa72a23f06,b0d302bf-f0f3-4feb-821a-8083f454e883,1222.6326904296875,489569.65625,200081.109375,8134.3759765625,7134.5830078125,26011.326171875,184646.34375,180257.96875,236084.796875,70433.4296875,129543.8203125,18641.708984375,275819.65625,5588.63916015625,19451.326171875,37244.52734375,258030.21875,52697.43359375,191983.65625,20291.802734375,6902.26953125,13254.1611328125,27592.36328125,45723.484375,2939700.75,357640.5625,1096636.0,3628513.75,11037931,5592.24658203125,71042.9921875,126300576,52868500,21130.513671875,86275.4609375,202178.234375,670465.25,4362.64111328125,2827419.25,1137235.25,63216.40625,492667.28125,21339.53125,830108.0,702.45703125,449508.375,446357.96875,239919.921875,959806.625,70219.7578125,77544.078125,17392.85546875,4132.2373046875,276660.5625,15062.626953125,147389.359375,33073.54296875,405028.0,1100354.375,58567.5703125,7256.7666015625,122890.6953125,13554.7470703125,610600.8125,55031,33.970699310302734,35.66300582885742,0,0,0,0,0,0,0,0,0,0,0,1,0,0,0,0,0,0,0,False,UNKNOWN,0,0,0,0,201393131,24484,0,38.197940826416016,13,,,"{'Type': 'start', 'Data_Type': 'Synthetical', 'Protocol_name': 'ABGv5-5ppb-10RH-75ccm-Anthony-Q425', 'Trial_Details': {'RH': 0, 'group': 35, 'detail': 'N/A', 'trialnum': 23, 'TrialName': '10rh', 'identifier': 'srzyh', 'Concentration': 0}, 'Experiment_Rig': 'DA3'}",,2026-01-19 01:41:38.168,"{'cid': '50887afa-f28e-43cb-ad20-c4bac4e7cd08', 'uuid': 'b4faffaf-a8e5-42e2-9c4f-ea6016bff4f9', 'annotationId': '2be98d50-2a59-4d82-955b-54fa72a23f06', 'name': 'FeNOMeasurement', 'description': 'FeNOMeasurement', 'labels': 'FeNOMeasurement', 'metadata': {'Length': 30, 'Progress': 39, 'startTime': 1768786892859, 'Notification': 'Event FeNOMeasurement Started.'}, 'createdAt': '2026-01-19T01:41:33.087Z', 'createdBy': '5c7b5d9f-c171-4004-a182-4277ffd4c9eb'}",29.76,33.63,2200.0,2200.38,24020116.0,15.0,15.05,22040109.0,1600.0,1600.1,21470060.0,1385.0,1383.46,22450138.0,1800.0,1800.43,22340093.0,0.0,443225.48,25.58,32.62,1008.98
0000000027-4125-asu-nz,0000000018-3024-oms-nz,FeNOMeasurement,2be98d50-2a59-4d82-955b-54fa72a23f06,b0d302bf-f0f3-4feb-821a-8083f454e883,1222.5384521484375,489658.40625,200068.859375,8133.89111328125,7134.7109375,26011.1328125,184637.8125,180223.96875,236538.34375,70424.453125,129506.5078125,18641.494140625,275631.03125,5603.61083984375,19450.6015625,37248.46484375,258251.328125,52680.7734375,192204.90625,20310.154296875,6902.47607421875,13254.1259765625,27590.3203125,45721.765625,2938791.25,358244.4375,1094274.875,3628464.0,11040589,5590.740234375,71553.6015625,126447456,52600408,21130.162109375,86268.0625,202164.71875,670452.625,4362.60791015625,2823204.5,1139433.25,63219.25,493178.375,21338.89453125,830252.75,702.9314575195312,449617.78125,446208.4375,239923.140625,960598.5,70219.5078125,77589.6875,17391.056640625,4129.85546875,276570.5,15042.4453125,147414.296875,33076.15234375,405121.375,1100039.375,58564.41796875,7257.31591796875,122969.5,13554.9755859375,609795.0,55332,33.970699310302734,35.743595123291016,0,0,0,0,0,0,0,0,0,0,0,1,0,0,0,0,0,0,0,False,UNKNOWN,0,0,0,0,201393131,24484,0,38.197940826416016,13,,,"{'Type': 'start', 'Data_Type': 'Synthetical', 'Protocol_name': 'ABGv5-5ppb-10RH-75ccm-Anthony-Q425', 'Trial_Details': {'RH': 0, 'group': 35, 'detail': 'N/A', 'trialnum': 23, 'TrialName': '10rh', 'identifier': 'srzyh', 'Concentration': 0}, 'Experiment_Rig': 'DA3'}",,2026-01-19 01:41:38.468,"{'cid': '50887afa-f28e-43cb-ad20-c4bac4e7cd08', 'uuid': 'b4faffaf-a8e5-42e2-9c4f-ea6016bff4f9', 'annotationId': '2be98d50-2a59-4d82-955b-54fa72a23f06', 'name': 'FeNOMeasurement', 'description': 'FeNOMeasurement', 'labels': 'FeNOMeasurement', 'metadata': {'Length': 30, 'Progress': 39, 'startTime': 1768786892859, 'Notification': 'Event FeNOMeasurement Started.'}, 'createdAt': '2026-01-19T01:41:33.087Z', 'createdBy': '5c7b5d9f-c171-4004-a182-4277ffd4c9eb'}",29.76,33.63,2200.0,2200.3,24020116.0,15.0,15.05,22040109.0,1600.0,1599.88,21470060.0,1385.0,1383.24,22450138.0,1800.0,1800.24,22340093.0,0.0,443300.13,25.57,32.62,1008.99
0000000027-4125-asu-nz,0000000018-3024-oms-nz,FeNOMeasurement,2be98d50-2a59-4d82-955b-54fa72a23f06,b0d302bf-f0f3-4feb-821a-8083f454e883,1222.8546142578125,489328.0625,200014.703125,8133.76318359375,7134.43408203125,26009.6484375,184598.5,180211.671875,236181.671875,70355.890625,129486.953125,18640.115234375,275550.375,5593.509765625,19450.431640625,37241.35546875,257949.78125,52687.953125,191811.390625,20294.279296875,6902.1650390625,13215.951171875,27588.083984375,45720.0625,2935164.5,360040.1875,1092563.375,3627419.5,11041676,5590.64208984375,71302.140625,126425800,52336268,21127.5078125,86283.609375,202181.0,670465.0625,4362.46728515625,2820817.75,1142132.375,63217.3125,493236.625,21337.94140625,830542.375,701.9612426757812,449490.96875,446389.96875,239915.609375,961538.8125,70225.015625,77613.390625,17388.326171875,4135.68212890625,276815.0625,15057.955078125,147112.859375,33074.82421875,405203.5,1100564.0,58569.5625,7257.142578125,123101.6484375,13549.43359375,610466.0625,55635,33.890113830566406,35.501834869384766,0,0,0,0,0,0,0,0,0,0,0,1,0,0,0,0,0,0,0,False,UNKNOWN,0,0,0,0,201393131,24484,0,38.197940826416016,13,,,"{'Type': 'start', 'Data_Type': 'Synthetical', 'Protocol_name': 'ABGv5-5ppb-10RH-75ccm-Anthony-Q425', 'Trial_Details': {'RH': 0, 'group': 35, 'detail': 'N/A', 'trialnum': 23, 'TrialName': '10rh', 'identifier': 'srzyh', 'Concentration': 0}, 'Experiment_Rig': 'DA3'}",,2026-01-19 01:41:38.771,"{'cid': '50887afa-f28e-43cb-ad20-c4bac4e7cd08', 'uuid': 'b4faffaf-a8e5-42e2-9c4f-ea6016bff4f9', 'annotationId': '2be98d50-2a59-4d82-955b-54fa72a23f06', 'name': 'FeNOMeasurement', 'description': 'FeNOMeasurement', 'labels': 'FeNOMeasurement', 'metadata': {'Length': 30, 'Progress': 39, 'startTime': 1768786892859, 'Notification': 'Event FeNOMeasurement Started.'}, 'createdAt': '2026-01-19T01:41:33.087Z', 'createdBy': '5c7b5d9f-c171-4004-a182-4277ffd4c9eb'}",29.75,33.64,2200.0,2200.22,24020116.0,15.0,15.05,22040109.0,1600.0,1599.67,21470060.0,1385.0,1383.03,22450138.0,1800.0,1800.05,22340093.0,0.0,443375.53,25.56,32.62,1008.99
0000000027-4125-asu-nz,0000000018-3024-oms-nz,FeNOMeasurement,2be98d50-2a59-4d82-955b-54fa72a23f06,b0d302bf-f0f3-4feb-821a-8083f454e883,1221.919921875,489681.0625,199994.671875,8133.68701171875,7134.6376953125,26009.67578125,184614.546875,180233.96875,236629.03125,70377.28125,129487.2890625,18641.24609375,275326.75,5593.6748046875,19449.3515625,37234.953125,257822.296875,52692.3359375,192125.234375,20305.69140625,6902.26123046875,13255.62109375,27586.62109375,45717.1875,2930793.75,359286.4375,1093410.625,3626195.25,11034076,5590.5927734375,70863.328125,126063000,52112724,21124.771484375,86287.7109375,202183.65625,670443.5625,4363.9990234375,2820558.75,1142620.5,63213.91015625,493037.40625,21339.212890625,830231.8125,701.7020263671875,449405.5625,446481.03125,239899.28125,962182.8125,70250.2421875,77595.546875,17389.11328125,4140.9052734375,276651.25,15050.712890625,145988.15625,33075.66796875,405439.125,1101019.375,58584.23828125,7257.58203125,123250.3203125,13561.3974609375,610831.375,55934,33.970699310302734,35.743595123291016,0,0,0,0,0,0,0,0,0,0,0,1,0,0,0,0,0,0,0,False,UNKNOWN,0,0,0,0,201393131,24484,0,38.197940826416016,13,,,"{'Type': 'start', 'Data_Type': 'Synthetical', 'Protocol_name': 'ABGv5-5ppb-10RH-75ccm-Anthony-Q425', 'Trial_Details': {'RH': 0, 'group': 35, 'detail': 'N/A', 'trialnum': 23, 'TrialName': '10rh', 'identifier': 'srzyh', 'Concentration': 0}, 'Experiment_Rig': 'DA3'}",,2026-01-19 01:41:39.070,"{'cid': '50887afa-f28e-43cb-ad20-c4bac4e7cd08', 'uuid': 'b4faffaf-a8e5-42e2-9c4f-ea6016bff4f9', 'annotationId': '2be98d50-2a59-4d82-955b-54fa72a23f06', 'name': 'FeNOMeasurement', 'description': 'FeNOMeasurement', 'labels': 'FeNOMeasurement', 'metadata': {'Length': 30, 'Progress': 39, 'startTime': 1768786892859, 'Notification': 'Event FeNOMeasurement Started.'}, 'createdAt': '2026-01-19T01:41:33.087Z', 'createdBy': '5c7b5d9f-c171-4004-a182-4277ffd4c9eb'}",29.75,33.64,2200.0,2200.15,24020116.0,15.0,15.06,22040109.0,1600.0,1599.45,21470060.0,1385.0,1382.81,22450138.0,1800.0,1799.86,22340093.0,0.0,443449.93,25.55,32.62,1009.0
0000000027-4125-asu-nz,0000000018-3024-oms-nz,FeNOMeasurement,2be98d50-2a59-4d82-955b-54fa72a23f06,b0d302bf-f0f3-4feb-821a-8083f454e883,1223.277587890625,489483.9375,199975.140625,8134.0517578125,7134.876953125,26008.982421875,184580.984375,180213.5625,236011.5,70317.921875,129467.8203125,18640.36328125,275772.9375,5593.70654296875,19448.421875,37239.1796875,257500.75,52687.54296875,191879.0,20301.412109375,6902.38134765625,13235.0341796875,27584.591796875,45715.66796875,2926702.75,358727.5625,1093379.125,3624956.0,11025721,5591.013671875,69730.328125,125440096,51959344,21129.330078125,86294.3671875,202199.03125,670464.8125,4362.1640625,2819067.25,1141784.875,63220.16796875,492749.40625,21336.314453125,830434.9375,702.3045654296875,449402.84375,446560.90625,239899.78125,962438.0,70231.5546875,77609.1953125,17387.158203125,4125.25732421875,276454.34375,15058.28125,147366.859375,33081.4921875,405349.21875,1101916.0,58584.7734375,7257.716796875,123228.5703125,13555.42578125,611644.0,56235,33.970699310302734,35.66300582885742,0,0,0,0,0,0,0,0,0,0,0,1,0,0,0,0,0,0,0,False,UNKNOWN,0,0,0,0,201393131,24484,0,38.197940826416016,13,,,"{'Type': 'start', 'Data_Type': 'Synthetical', 'Protocol_name': 'ABGv5-5ppb-10RH-75ccm-Anthony-Q425', 'Trial_Details': {'RH': 0, 'group': 35, 'detail': 'N/A', 'trialnum': 23, 'TrialName': '10rh', 'identifier': 'srzyh', 'Concentration': 0}, 'Experiment_Rig': 'DA3'}",,2026-01-19 01:41:39.370,"{'cid': '50887afa-f28e-43cb-ad20-c4bac4e7cd08', 'uuid': 'b4faffaf-a8e5-42e2-9c4f-ea6016bff4f9', 'annotationId': '2be98d50-2a59-4d82-955b-54fa72a23f06', 'name': 'FeNOMeasurement', 'description': 'FeNOMeasurement', 'labels': 'FeNOMeasurement', 'metadata': {'Length': 30, 'Progress': 39, 'startTime': 1768786892859, 'Notification': 'Event FeNOMeasurement Started.'}, 'createdAt': '2026-01-19T01:41:33.087Z', 'createdBy': '5c7b5d9f-c171-4004-a182-4277ffd4c9eb'}",29.76,33.65,2200.0,2200.07,24020116.0,15.0,15.05,22040109.0,1600.0,1599.89,21470060.0,1385.0,1383.46,22450138.0,1800.0,1800.16,22340093.0,0.0,443524.49,25.53,32.62,1009.0
0000000027-4125-asu-nz,0000000018-3024-oms-nz,FeNOMeasurement,2be98d50-2a59-4d82-955b-54fa72a23f06,b0d302bf-f0f3-4feb-821a-8083f454e883,1222.6292724609375,489403.5,199961.3125,8134.15625,7135.4453125,26007.296875,184572.5625,180162.328125,236419.125,70189.890625,129455.9375,18641.208984375,276395.5,5595.1875,19449.49609375,37238.078125,257363.421875,52685.86328125,191394.578125,20300.486328125,6901.62548828125,13212.66015625,27583.205078125,45714.9453125,2923958.25,358288.1875,1094224.375,3623421.5,11014802,5590.9091796875,70679.2109375,124704560,51904312,21126.24609375,86300.109375,202235.3125,670700.25,4363.74951171875,2813594.0,1140000.25,63204.9140625,492669.875,21335.87109375,830183.625,702.3668823242188,449291.5625,446601.6875,239845.15625,962678.5625,70233.6875,77561.296875,17381.109375,4127.45751953125,276525.125,15048.2431640625,147938.765625,33074.25,405689.53125,1102540.875,58590.6796875,7257.962890625,123162.6640625,13556.2529296875,612396.9375,56536,33.970699310302734,35.501834869384766,0,0,0,0,0,0,0,0,0,0,0,1,0,0,0,0,0,0,0,False,UNKNOWN,0,0,0,0,201393131,24484,0,38.197940826416016,13,,,"{'Type': 'start', 'Data_Type': 'Synthetical', 'Protocol_name': 'ABGv5-5ppb-10RH-75ccm-Anthony-Q425', 'Trial_Details': {'RH': 0, 'group': 35, 'detail': 'N/A', 'trialnum': 23, 'TrialName': '10rh', 'identifier': 'srzyh', 'Concentration': 0}, 'Experiment_Rig': 'DA3'}",,2026-01-19 01:41:39.670,"{'cid': '50887afa-f28e-43cb-ad20-c4bac4e7cd08', 'uuid': 'b4faffaf-a8e5-42e2-9c4f-ea6016bff4f9', 'annotationId': '2be98d50-2a59-4d82-955b-54fa72a23f06', 'name': 'FeNOMeasurement', 'description': 'FeNOMeasurement', 'labels': 'FeNOMeasurement', 'metadata': {'Length': 30, 'Progress': 39, 'startTime': 1768786892859, 'Notification': 'Event FeNOMeasurement Started.'}, 'createdAt': '2026-01-19T01:41:33.087Z', 'createdBy': '5c7b5d9f-c171-4004-a182-4277ffd4c9eb'}",29.76,33.66,2200.0,2199.99,24020116.0,15.0,15.04,22040109.0,1600.0,1600.36,21470060.0,1385.0,1384.18,22450138.0,1800.0,1800.52,22340093.0,0.0,443598.98,25.52,32.62,1009.0
0000000027-4125-asu-nz,0000000018-3024-oms-nz,FeNOMeasurement,2be98d50-2a59-4d82-955b-54fa72a23f06,b0d302bf-f0f3-4feb-821a-8083f454e883,1222.37890625,488704.71875,199925.3125,8134.421875,7134.27197265625,26005.48828125,184622.390625,180148.15625,236299.875,70245.234375,129447.53125,18641.744140625,276121.25,5592.85107421875,19448.798828125,37238.2734375,257415.15625,52695.14453125,190860.859375,20299.32421875,6902.25341796875,13247.1123046875,27583.375,45714.796875,2922208.25,358528.0,1091904.625,3621792.5,11002616,5591.0615234375,70906.46875,123815488,51949984,21127.455078125,86323.1953125,202253.15625,670878.8125,4363.04443359375,2812359.75,1138619.5,63198.75,492768.5625,21332.703125,829462.3125,702.8787841796875,449230.53125,446858.125,239847.28125,962926.6875,70219.109375,77605.7265625,17393.919921875,4136.73828125,276703.46875,15026.396484375,148244.4375,33077.68359375,405755.84375,1103325.0,58587.74609375,7257.642578125,123198.875,13563.228515625,612539.3125,56837,33.970699310302734,35.582420349121094,0,0,0,0,0,0,0,0,0,0,0,1,0,0,0,0,0,0,0,False,UNKNOWN,0,0,0,0,201393131,24484,0,38.197940826416016,13,,,"{'Type': 'start', 'Data_Type': 'Synthetical', 'Protocol_name': 'ABGv5-5ppb-10RH-75ccm-Anthony-Q425', 'Trial_Details': {'RH': 0, 'group': 35, 'detail': 'N/A', 'trialnum': 23, 'TrialName': '10rh', 'identifier': 'srzyh', 'Concentration': 0}, 'Experiment_Rig': 'DA3'}",,2026-01-19 01:41:39.972,"{'cid': '50887afa-f28e-43cb-ad20-c4bac4e7cd08', 'uuid': 'b4faffaf-a8e5-42e2-9c4f-ea6016bff4f9', 'annotationId': '2be98d50-2a59-4d82-955b-54fa72a23f06', 'name': 'FeNOMeasurement', 'description': 'FeNOMeasurement', 'labels': 'FeNOMeasurement', 'metadata': {'Length': 30, 'Progress': 39, 'startTime': 1768786892859, 'Notification': 'Event FeNOMeasurement Started.'}, 'createdAt': '2026-01-19T01:41:33.087Z', 'createdBy': '5c7b5d9f-c171-4004-a182-4277ffd4c9eb'}",29.77,33.67,2200.0,2199.91,24020116.0,15.0,15.03,22040109.0,1600.0,1600.84,21470060.0,1385.0,1384.9,22450138.0,1800.0,1800.88,22340093.0,0.0,443673.97,25.51,32.62,1009.0
0000000027-4125-asu-nz,0000000018-3024-oms-nz,FeNOMeasurement,2be98d50-2a59-4d82-955b-54fa72a23f06,b0d302bf-f0f3-4feb-821a-8083f454e883,1221.6607666015625,489015.4375,199901.0,8133.748046875,7134.48876953125,26004.802734375,184658.453125,180136.421875,236296.53125,70168.71875,129455.7578125,18640.87890625,275744.34375,5588.64990234375,19449.80859375,37238.56640625,257828.234375,52688.00390625,190485.6875,20292.259765625,6902.4580078125,13244.9130859375,27579.748046875,45715.05078125,2921007.75,358983.9375,1088570.5,3619656.0,10999367,5590.63720703125,71085.2265625,123431696,52088136,21126.58203125,86305.828125,202259.28125,670948.0,4361.37109375,2811967.75,1136061.125,63186.75390625,492240.96875,21337.99609375,829170.375,702.6293334960938,448991.09375,446903.84375,239804.765625,962659.1875,70223.515625,77582.4140625,17393.12890625,4133.39208984375,276739.875,15009.6669921875,148493.34375,33072.77734375,405877.0625,1103298.75,58589.83984375,7257.4794921875,123011.078125,13560.0732421875,612374.75,57138,33.890113830566406,35.582420349121094,0,0,0,0,0,0,0,0,0,0,0,1,0,0,0,0,0,0,0,False,UNKNOWN,0,0,0,0,201393131,24484,0,38.197940826416016,13,,,"{'Type': 'start', 'Data_Type': 'Synthetical', 'Protocol_name': 'ABGv5-5ppb-10RH-75ccm-Anthony-Q425', 'Trial_Details': {'RH': 0, 'group': 35, 'detail': 'N/A', 'trialnum': 23, 'TrialName': '10rh', 'identifier': 'srzyh', 'Concentration': 0}, 'Experiment_Rig': 'DA3'}",,2026-01-19 01:41:40.273,"{'cid': '50887afa-f28e-43cb-ad20-c4bac4e7cd08', 'uuid': 'b4faffaf-a8e5-42e2-9c4f-ea6016bff4f9', 'annotationId': '2be98d50-2a59-4d82-955b-54fa72a23f06', 'name': 'FeNOMeasurement', 'description': 'FeNOMeasurement', 'labels': 'FeNOMeasurement', 'metadata': {'Length': 30, 'Progress': 39, 'startTime': 1768786892859, 'Notification': 'Event FeNOMeasurement Started.'}, 'createdAt': '2026-01-19T01:41:33.087Z', 'createdBy': '5c7b5d9f-c171-4004-a182-4277ffd4c9eb'}",29.77,33.67,2200.0,2199.84,24020116.0,15.0,15.02,22040109.0,1600.0,1600.96,21470060.0,1385.0,1385.12,22450138.0,1800.0,1800.86,22340093.0,0.0,443748.71,25.49,32.62,1009.0
0000000027-4125-asu-nz,0000000018-3024-oms-nz,FeNOMeasurement,2be98d50-2a59-4d82-955b-54fa72a23f06,b0d302bf-f0f3-4feb-821a-8083f454e883,1222.6064453125,489241.59375,199895.296875,8133.8984375,7134.08056640625,26004.876953125,184585.796875,180131.046875,236327.59375,70096.15625,129451.5,18641.560546875,275572.71875,5605.48779296875,19447.236328125,37234.42578125,258002.875,52692.984375,191015.203125,20302.732421875,6902.54931640625,13243.8759765625,27580.251953125,45720.328125,2920158.25,359481.84375,1092621.875,3618311.25,10997916,5590.53662109375,71010.1796875,123033192,52310772,21126.66796875,86327.359375,202255.421875,671016.0,4361.8408203125,2806965.75,1136026.625,63186.6875,491867.59375,21336.380859375,829234.5625,703.12255859375,448959.3125,446584.1875,239755.75,961993.5625,70226.1484375,77591.765625,17388.060546875,4122.193359375,275304.40625,15030.1884765625,148522.359375,33070.1015625,405589.53125,1103311.0,58588.83203125,7257.271484375,123000.2734375,13555.0693359375,613397.0625,57439,34.05128479003906,35.582420349121094,0,0,0,0,0,0,0,0,0,0,0,1,0,0,0,0,0,0,0,False,UNKNOWN,0,0,0,0,201393131,24484,0,38.197940826416016,13,,,"{'Type': 'start', 'Data_Type': 'Synthetical', 'Protocol_name': 'ABGv5-5ppb-10RH-75ccm-Anthony-Q425', 'Trial_Details': {'RH': 0, 'group': 35, 'detail': 'N/A', 'trialnum': 23, 'TrialName': '10rh', 'identifier': 'srzyh', 'Concentration': 0}, 'Experiment_Rig': 'DA3'}",,2026-01-19 01:41:40.573,"{'cid': '50887afa-f28e-43cb-ad20-c4bac4e7cd08', 'uuid': 'b4faffaf-a8e5-42e2-9c4f-ea6016bff4f9', 'annotationId': '2be98d50-2a59-4d82-955b-54fa72a23f06', 'name': 'FeNOMeasurement', 'description': 'FeNOMeasurement', 'labels': 'FeNOMeasurement', 'metadata': {'Length': 30, 'Progress': 39, 'startTime': 1768786892859, 'Notification': 'Event FeNOMeasurement Started.'}, 'createdAt': '2026-01-19T01:41:33.087Z', 'createdBy': '5c7b5d9f-c171-4004-a182-4277ffd4c9eb'}",29.76,33.66,2200.0,2199.76,24020116.0,15.0,15.01,22040109.0,1600.0,1600.81,21470060.0,1385.0,1384.97,22450138.0,1800.0,1800.52,22340093.0,0.0,444036.72,25.48,32.62,1009.0
0000000027-4125-asu-nz,0000000018-3024-oms-nz,FeNOMeasurement,2be98d50-2a59-4d82-955b-54fa72a23f06,b0d302bf-f0f3-4feb-821a-8083f454e883,1221.9774169921875,488965.09375,199927.84375,8133.6279296875,7134.49462890625,26005.474609375,184594.671875,180119.078125,236353.28125,70262.640625,129438.234375,18640.466796875,276021.21875,5607.20751953125,19446.953125,37242.08984375,257722.015625,52690.90625,191306.90625,20305.0390625,6902.67626953125,13237.2236328125,27579.408203125,45730.703125,2919485.25,358761.15625,1093120.0,3617735.0,10987875,5590.65380859375,70756.3125,122696688,52580840,21124.73046875,86320.34375,202247.0,671083.9375,4361.6650390625,2804223.0,1134888.75,63186.26953125,491537.625,21337.169921875,829886.9375,702.6420288085938,448734.8125,446350.0,239749.171875,960921.8125,70188.2421875,77580.546875,17389.8671875,4127.34033203125,276396.78125,15032.87890625,147428.671875,33074.9921875,405744.78125,1103112.0,58588.625,7257.25927734375,123067.953125,13562.560546875,613393.5625,57740,33.970699310302734,35.66300582885742,0,0,0,0,0,0,0,0,0,0,0,1,0,0,0,0,0,0,0,False,UNKNOWN,0,0,0,0,201393131,24484,0,38.197940826416016,13,,,"{'Type': 'start', 'Data_Type': 'Synthetical', 'Protocol_name': 'ABGv5-5ppb-10RH-75ccm-Anthony-Q425', 'Trial_Details': {'RH': 0, 'group': 35, 'detail': 'N/A', 'trialnum': 23, 'TrialName': '10rh', 'identifier': 'srzyh', 'Concentration': 0}, 'Experiment_Rig': 'DA3'}",,2026-01-19 01:41:40.874,"{'cid': '50887afa-f28e-43cb-ad20-c4bac4e7cd08', 'uuid': 'b4faffaf-a8e5-42e2-9c4f-ea6016bff4f9', 'annotationId': '2be98d50-2a59-4d82-955b-54fa72a23f06', 'name': 'FeNOMeasurement', 'description': 'FeNOMeasurement', 'labels': 'FeNOMeasurement', 'metadata': {'Length': 30, 'Progress': 39, 'startTime': 1768786892859, 'Notification': 'Event FeNOMeasurement Started.'}, 'createdAt': '2026-01-19T01:41:33.087Z', 'createdBy': '5c7b5d9f-c171-4004-a182-4277ffd4c9eb'}",29.75,33.65,2200.0,2199.68,24020116.0,15.0,15.01,22040109.0,1600.0,1600.67,21470060.0,1385.0,1384.83,22450138.0,1800.0,1800.19,22340093.0,0.0,444413.19,25.48,32.62,1009.0
0000000027-4125-asu-nz,0000000018-3024-oms-nz,FeNOMeasurement,2be98d50-2a59-4d82-955b-54fa72a23f06,b0d302bf-f0f3-4feb-821a-8083f454e883,1220.8109130859375,489267.53125,199921.125,8133.97216796875,7134.083984375,26006.451171875,184627.46875,180105.140625,236355.1875,70187.625,129475.734375,18640.193359375,275163.875,5605.91455078125,19447.818359375,37244.6796875,257459.671875,52697.18359375,190887.5,20304.859375,6902.50537109375,13213.796875,27580.982421875,45730.8125,2922648.5,359495.125,1091642.375,3620088.5,10983949,5590.03369140625,70670.8984375,122919648,52850736,21123.90234375,86329.015625,202242.390625,671117.3125,4362.10498046875,2799325.25,1136345.75,63188.73046875,492153.6875,21338.162109375,829569.9375,702.7963256835938,449120.53125,446610.75,239754.625,959856.5,70222.9609375,77658.2265625,17395.86328125,4132.23193359375,276685.65625,15024.623046875,148616.46875,33074.82421875,405579.09375,1102525.5,58569.5859375,7256.8916015625,122991.0703125,13550.0439453125,613931.75,58041,34.05128479003906,35.582420349121094,0,0,0,0,0,0,0,0,0,0,0,1,0,0,0,0,0,0,0,False,UNKNOWN,0,0,0,0,201393131,24484,0,38.197940826416016,13,,,"{'Type': 'start', 'Data_Type': 'Synthetical', 'Protocol_name': 'ABGv5-5ppb-10RH-75ccm-Anthony-Q425', 'Trial_Details': {'RH': 0, 'group': 35, 'detail': 'N/A', 'trialnum': 23, 'TrialName': '10rh', 'identifier': 'srzyh', 'Concentration': 0}, 'Experiment_Rig': 'DA3'}",,2026-01-19 01:41:41.176,"{'cid': '50887afa-f28e-43cb-ad20-c4bac4e7cd08', 'uuid': 'b4faffaf-a8e5-42e2-9c4f-ea6016bff4f9', 'annotationId': '2be98d50-2a59-4d82-955b-54fa72a23f06', 'name': 'FeNOMeasurement', 'description': 'FeNOMeasurement', 'labels': 'FeNOMeasurement', 'metadata': {'Length': 30, 'Progress': 39, 'startTime': 1768786892859, 'Notification': 'Event FeNOMeasurement Started.'}, 'createdAt': '2026-01-19T01:41:33.087Z', 'createdBy': '5c7b5d9f-c171-4004-a182-4277ffd4c9eb'}",29.75,33.65,2200.0,2199.6,24020116.0,15.0,15.0,22040109.0,1600.0,1600.55,21470060.0,1385.0,1384.7,22450138.0,1800.0,1799.85,22340093.0,0.0,444790.91,25.47,32.62,1009.01
0000000027-4125-asu-nz,0000000018-3024-oms-nz,FeNOMeasurement,2be98d50-2a59-4d82-955b-54fa72a23f06,b0d302bf-f0f3-4feb-821a-8083f454e883,1222.8916015625,489341.625,199929.09375,8133.70947265625,7134.0234375,26007.2109375,184621.328125,180114.109375,236531.234375,70167.4609375,129489.109375,18641.294921875,275999.0625,5605.224609375,19447.75390625,37245.08984375,257819.421875,52705.70703125,190389.53125,20302.083984375,6901.65087890625,13242.0048828125,27578.2890625,45724.609375,2924952.5,358781.21875,1094278.125,3622738.75,10985432,5589.52587890625,71201.90625,123398888,53084440,21123.4375,86297.1875,202232.390625,671080.875,4361.15576171875,2802197.75,1134951.5,63188.8984375,492183.25,21334.994140625,829583.5,702.0306396484375,448998.3125,446812.15625,239747.09375,958899.875,70218.3046875,77611.015625,17394.15234375,4126.44287109375,276734.8125,15021.67578125,147108.546875,33068.9140625,405383.25,1101790.0,58581.453125,7257.27978515625,123105.359375,13558.177734375,612803.5,58342,34.05128479003906,35.743595123291016,0,0,0,0,0,0,0,0,0,0,0,1,0,0,0,0,0,0,0,False,UNKNOWN,0,0,0,0,201393131,24484,0,38.197940826416016,13,,,"{'Type': 'start', 'Data_Type': 'Synthetical', 'Protocol_name': 'ABGv5-5ppb-10RH-75ccm-Anthony-Q425', 'Trial_Details': {'RH': 0, 'group': 35, 'detail': 'N/A', 'trialnum': 23, 'TrialName': '10rh', 'identifier': 'srzyh', 'Concentration': 0}, 'Experiment_Rig': 'DA3'}",,2026-01-19 01:41:41.477,"{'cid': '50887afa-f28e-43cb-ad20-c4bac4e7cd08', 'uuid': 'b4faffaf-a8e5-42e2-9c4f-ea6016bff4f9', 'annotationId': '2be98d50-2a59-4d82-955b-54fa72a23f06', 'name': 'FeNOMeasurement', 'description': 'FeNOMeasurement', 'labels': 'FeNOMeasurement', 'metadata': {'Length': 30, 'Progress': 39, 'startTime': 1768786892859, 'Notification': 'Event FeNOMeasurement Started.'}, 'createdAt': '2026-01-19T01:41:33.087Z', 'createdBy': '5c7b5d9f-c171-4004-a182-4277ffd4c9eb'}",29.75,33.65,2200.0,2199.53,24020116.0,15.0,14.99,22040109.0,1600.0,1600.53,21470060.0,1385.0,1384.6,22450138.0,1800.0,1799.49,22340093.0,0.0,445167.38,25.46,32.62,1009.01
0000000027-4125-asu-nz,0000000018-3024-oms-nz,FeNOMeasurement,2be98d50-2a59-4d82-955b-54fa72a23f06,b0d302bf-f0f3-4feb-821a-8083f454e883,1223.094482421875,489929.4375,199982.328125,8133.56982421875,7134.15576171875,26006.76171875,184644.859375,180150.3125,236334.46875,70228.859375,129482.234375,18642.029296875,276327.875,5591.86328125,19449.296875,37242.4375,257753.328125,52695.3515625,190018.234375,20294.197265625,6902.3955078125,13240.259765625,27577.521484375,45726.9921875,2927023.25,358314.0,1092900.0,3624884.0,10988302,5589.5029296875,73831.03125,124048432,53248796,21124.232421875,86310.3828125,202222.890625,671032.5625,4360.60888671875,2797804.0,1134211.25,63176.9375,492164.46875,21336.388671875,829683.9375,701.8917846679688,449257.1875,446639.15625,239751.125,958338.25,70206.9453125,77592.3671875,17381.048828125,4133.59521484375,276783.59375,15028.431640625,147392.75,33064.140625,405361.90625,1100827.75,58577.359375,7256.7666015625,122975.265625,13552.3310546875,612490.0,58643,33.970699310302734,35.743595123291016,0,0,0,0,0,0,0,0,0,0,0,1,0,0,0,0,0,0,0,False,UNKNOWN,0,0,0,0,201393131,24484,0,38.197940826416016,13,,,"{'Type': 'start', 'Data_Type': 'Synthetical', 'Protocol_name': 'ABGv5-5ppb-10RH-75ccm-Anthony-Q425', 'Trial_Details': {'RH': 0, 'group': 35, 'detail': 'N/A', 'trialnum': 23, 'TrialName': '10rh', 'identifier': 'srzyh', 'Concentration': 0}, 'Experiment_Rig': 'DA3'}",,2026-01-19 01:41:41.777,"{'cid': '50887afa-f28e-43cb-ad20-c4bac4e7cd08', 'uuid': 'b4faffaf-a8e5-42e2-9c4f-ea6016bff4f9', 'annotationId': '2be98d50-2a59-4d82-955b-54fa72a23f06', 'name': 'FeNOMeasurement', 'description': 'FeNOMeasurement', 'labels': 'FeNOMeasurement', 'metadata': {'Length': 30, 'Progress': 39, 'startTime': 1768786892859, 'Notification': 'Event FeNOMeasurement Started.'}, 'createdAt': '2026-01-19T01:41:33.087Z', 'createdBy': '5c7b5d9f-c171-4004-a182-4277ffd4c9eb'}",29.75,33.66,2200.0,2199.45,24020116.0,15.0,14.98,22040109.0,1600.0,1600.51,21470060.0,1385.0,1384.51,22450138.0,1800.0,1799.13,22340093.0,0.0,444877.53,25.45,32.62,1009.01
0000000027-4125-asu-nz,0000000018-3024-oms-nz,FeNOMeasurement,2be98d50-2a59-4d82-955b-54fa72a23f06,b0d302bf-f0f3-4feb-821a-8083f454e883,1223.7481689453125,489673.46875,199994.515625,8133.9462890625,7135.05615234375,26008.169921875,184764.1875,180151.5625,236369.078125,70242.734375,129472.53125,18642.4765625,275500.3125,5596.310546875,19445.1484375,37243.42578125,257946.296875,52701.75390625,190196.53125,20295.43359375,6902.6181640625,13235.025390625,27574.0859375,45726.47265625,2928298.5,358091.5625,1092649.25,3625677.5,10996042,5589.33251953125,73730.0546875,124888776,53303296,21124.287109375,86288.4375,202233.484375,670775.0625,4361.69580078125,2797581.75,1134474.875,63183.62890625,492301.9375,21333.89453125,829643.375,701.8649291992188,448835.125,446743.5,239795.953125,957917.125,70206.390625,77593.3359375,17389.794921875,4127.26708984375,276833.15625,15035.9853515625,146726.40625,33060.67578125,405467.9375,1100459.125,58561.046875,7257.2802734375,122879.4609375,13560.9052734375,612515.4375,58944,33.890113830566406,35.66300582885742,0,0,0,0,0,0,0,0,0,0,0,1,0,0,0,0,0,0,0,False,UNKNOWN,0,0,0,0,201393131,24484,0,38.197940826416016,13,,,"{'Type': 'start', 'Data_Type': 'Synthetical', 'Protocol_name': 'ABGv5-5ppb-10RH-75ccm-Anthony-Q425', 'Trial_Details': {'RH': 0, 'group': 35, 'detail': 'N/A', 'trialnum': 23, 'TrialName': '10rh', 'identifier': 'srzyh', 'Concentration': 0}, 'Experiment_Rig': 'DA3'}",,2026-01-19 01:41:42.081,"{'cid': '50887afa-f28e-43cb-ad20-c4bac4e7cd08', 'uuid': 'b4faffaf-a8e5-42e2-9c4f-ea6016bff4f9', 'annotationId': '2be98d50-2a59-4d82-955b-54fa72a23f06', 'name': 'FeNOMeasurement', 'description': 'FeNOMeasurement', 'labels': 'FeNOMeasurement', 'metadata': {'Length': 30, 'Progress': 39, 'startTime': 1768786892859, 'Notification': 'Event FeNOMeasurement Started.'}, 'createdAt': '2026-01-19T01:41:33.087Z', 'createdBy': '5c7b5d9f-c171-4004-a182-4277ffd4c9eb'}",29.75,33.66,2200.0,2199.37,24020116.0,15.0,14.97,22040109.0,1600.0,1600.48,21470060.0,1385.0,1384.41,22450138.0,1800.0,1798.77,22340093.0,0.0,444480.13,25.43,32.62,1009.0
0000000027-4125-asu-nz,0000000018-3024-oms-nz,FeNOMeasurement,2be98d50-2a59-4d82-955b-54fa72a23f06,b0d302bf-f0f3-4feb-821a-8083f454e883,1223.090087890625,489777.71875,200019.640625,8133.27734375,7134.3515625,26008.802734375,184745.0,180170.6875,236115.53125,70324.625,129485.203125,18642.466796875,276039.0625,5570.08935546875,19446.78125,37245.05078125,258093.984375,52697.0546875,190825.640625,20294.369140625,6901.4990234375,13231.6279296875,27571.955078125,45723.859375,2930908.0,357464.59375,1093754.875,3626599.25,11002338,5589.7158203125,71544.1171875,125833112,53266840,21118.328125,86297.8671875,202201.65625,670652.875,4361.43798828125,2796463.0,1134142.625,63194.28515625,492332.65625,21336.185546875,830555.25,701.2825927734375,448837.625,446767.125,239769.390625,957682.3125,70223.84375,77547.3046875,17390.470703125,4126.73486328125,276746.5,15004.5986328125,146980.78125,33056.9375,405351.25,1100264.875,58565.7578125,7256.81298828125,122974.1328125,13556.3671875,610156.5,59245,33.890113830566406,35.743595123291016,0,0,0,0,0,0,0,0,0,0,0,1,0,0,0,0,0,0,0,False,UNKNOWN,0,0,0,0,201398146,24484,0,36.994407653808594,13,,,"{'Type': 'start', 'Data_Type': 'Synthetical', 'Protocol_name': 'ABGv5-5ppb-10RH-75ccm-Anthony-Q425', 'Trial_Details': {'RH': 0, 'group': 35, 'detail': 'N/A', 'trialnum': 23, 'TrialName': '10rh', 'identifier': 'srzyh', 'Concentration': 0}, 'Experiment_Rig': 'DA3'}",,2026-01-19 01:41:42.378,"{'cid': '50887afa-f28e-43cb-ad20-c4bac4e7cd08', 'uuid': 'b4faffaf-a8e5-42e2-9c4f-ea6016bff4f9', 'annotationId': '2be98d50-2a59-4d82-955b-54fa72a23f06', 'name': 'FeNOMeasurement', 'description': 'FeNOMeasurement', 'labels': 'FeNOMeasurement', 'metadata': {'Length': 30, 'Progress': 39, 'startTime': 1768786892859, 'Notification': 'Event FeNOMeasurement Started.'}, 'createdAt': '2026-01-19T01:41:33.087Z', 'createdBy': '5c7b5d9f-c171-4004-a182-4277ffd4c9eb'}",29.75,33.67,2200.0,2199.29,24020116.0,15.0,14.98,22040109.0,1600.0,1600.15,21470060.0,1385.0,1384.59,22450138.0,1800.0,1798.92,22340093.0,0.0,444091.89,25.42,32.62,1009.0
0000000027-4125-asu-nz,0000000018-3024-oms-nz,FeNOMeasurement,2be98d50-2a59-4d82-955b-54fa72a23f06,b0d302bf-f0f3-4feb-821a-8083f454e883,1222.1744384765625,489126.21875,200035.21875,8133.3583984375,7134.2734375,26008.900390625,184690.75,180178.328125,235837.40625,70275.453125,129475.828125,18643.380859375,275413.25,5590.6904296875,19448.55859375,37241.53515625,258037.140625,52686.38671875,190679.890625,20300.462890625,6901.89599609375,13244.90625,27570.37890625,45724.51171875,2933734.0,357491.0,1093566.0,3627249.5,11005445,5589.994140625,72756.46875,126582912,53150972,21126.1796875,86291.921875,202182.65625,670565.375,4361.2294921875,2793731.5,1133222.625,63206.375,492685.3125,21336.572265625,831014.1875,700.9159545898438,448972.40625,446621.75,239788.4375,957845.875,70219.2109375,77615.1015625,17379.888671875,4120.88134765625,277016.46875,15050.2978515625,147506.890625,33056.64453125,405482.1875,1100142.75,58578.27734375,7257.064453125,123059.5625,13557.5078125,611162.8125,59546,33.890113830566406,35.42124938964844,0,0,0,0,0,0,0,0,0,0,0,1,0,0,0,0,0,0,0,False,UNKNOWN,0,0,0,0,201398146,24484,0,36.994407653808594,13,,,"{'Type': 'start', 'Data_Type': 'Synthetical', 'Protocol_name': 'ABGv5-5ppb-10RH-75ccm-Anthony-Q425', 'Trial_Details': {'RH': 0, 'group': 35, 'detail': 'N/A', 'trialnum': 23, 'TrialName': '10rh', 'identifier': 'srzyh', 'Concentration': 0}, 'Experiment_Rig': 'DA3'}",,2026-01-19 01:41:42.681,"{'cid': '50887afa-f28e-43cb-ad20-c4bac4e7cd08', 'uuid': 'b4faffaf-a8e5-42e2-9c4f-ea6016bff4f9', 'annotationId': '2be98d50-2a59-4d82-955b-54fa72a23f06', 'name': 'FeNOMeasurement', 'description': 'FeNOMeasurement', 'labels': 'FeNOMeasurement', 'metadata': {'Length': 30, 'Progress': 39, 'startTime': 1768786892859, 'Notification': 'Event FeNOMeasurement Started.'}, 'createdAt': '2026-01-19T01:41:33.087Z', 'createdBy': '5c7b5d9f-c171-4004-a182-4277ffd4c9eb'}",29.75,33.67,2200.0,2199.21,24020116.0,15.0,14.98,22040109.0,1600.0,1599.76,21470060.0,1385.0,1384.8,22450138.0,1800.0,1799.16,22340093.0,0.0,443798.72,25.41,32.62,1009.0
0000000027-4125-asu-nz,0000000018-3024-oms-nz,FeNOMeasurement,2be98d50-2a59-4d82-955b-54fa72a23f06,b0d302bf-f0f3-4feb-821a-8083f454e883,1222.0654296875,488855.3125,200028.15625,8134.21484375,7134.7744140625,26008.755859375,184698.28125,180170.53125,235938.640625,70301.78125,129467.4765625,18642.802734375,275266.625,5578.623046875,19446.607421875,37238.046875,258007.390625,52700.73828125,190534.671875,20309.0859375,6901.482421875,13236.5498046875,27570.357421875,45720.9765625,2935372.5,358233.6875,1094567.625,3626996.0,11007175,5590.77685546875,72309.4140625,127201920,52944804,21125.681640625,86295.6484375,202173.359375,670535.3125,4361.0234375,2790123.0,1134809.625,63209.17578125,492888.21875,21331.375,831933.9375,702.5189819335938,449013.21875,446485.75,239845.578125,958515.625,70192.8046875,77609.5703125,17381.1328125,4133.49560546875,276721.46875,15012.08984375,147959.78125,33053.84375,405285.0625,1100096.875,58572.26171875,7257.8662109375,123227.3359375,13552.078125,611672.375,59847,33.970699310302734,35.66300582885742,0,0,0,0,0,0,0,0,0,0,0,1,0,0,0,0,0,0,0,False,UNKNOWN,0,0,0,0,201398146,24484,0,36.994407653808594,13,,,"{'Type': 'start', 'Data_Type': 'Synthetical', 'Protocol_name': 'ABGv5-5ppb-10RH-75ccm-Anthony-Q425', 'Trial_Details': {'RH': 0, 'group': 35, 'detail': 'N/A', 'trialnum': 23, 'TrialName': '10rh', 'identifier': 'srzyh', 'Concentration': 0}, 'Experiment_Rig': 'DA3'}",,2026-01-19 01:41:42.982,"{'cid': '50887afa-f28e-43cb-ad20-c4bac4e7cd08', 'uuid': 'b4faffaf-a8e5-42e2-9c4f-ea6016bff4f9', 'annotationId': '2be98d50-2a59-4d82-955b-54fa72a23f06', 'name': 'FeNOMeasurement', 'description': 'FeNOMeasurement', 'labels': 'FeNOMeasurement', 'metadata': {'Length': 30, 'Progress': 39, 'startTime': 1768786892859, 'Notification': 'Event FeNOMeasurement Started.'}, 'createdAt': '2026-01-19T01:41:33.087Z', 'createdBy': '5c7b5d9f-c171-4004-a182-4277ffd4c9eb'}",29.75,33.68,2200.0,2199.14,24020116.0,15.0,14.99,22040109.0,1600.0,1599.38,21470060.0,1385.0,1385.02,22450138.0,1800.0,1799.4,22340093.0,0.0,443948.75,25.4,32.62,1009.0
0000000027-4125-asu-nz,0000000018-3024-oms-nz,FeNOMeasurement,2be98d50-2a59-4d82-955b-54fa72a23f06,b0d302bf-f0f3-4feb-821a-8083f454e883,1222.91552734375,488526.4375,200020.8125,8134.09912109375,7134.0,26011.505859375,184719.140625,180158.6875,235691.015625,70326.0390625,129426.71875,18641.32421875,275101.125,5578.72509765625,19444.44140625,37242.5703125,257840.328125,52698.6484375,190637.890625,20294.537109375,6901.826171875,13247.814453125,27565.83984375,45721.7265625,2932193.5,357729.6875,1094868.875,3625913.0,11002502,5589.3671875,71517.6953125,127111072,52640540,21118.8671875,86322.40625,202198.671875,670503.6875,4362.3251953125,2789228.25,1134679.375,63208.12109375,492831.46875,21331.33203125,831818.375,700.6340942382812,449049.75,446232.59375,239820.890625,959961.375,70225.7109375,77609.5546875,17389.474609375,4122.47314453125,276965.25,15020.712890625,147549.34375,33051.9921875,405658.71875,1100768.5,58583.60546875,7257.79345703125,123031.125,13563.1259765625,611867.5625,60149,33.970699310302734,35.66300582885742,0,0,0,0,0,0,0,0,0,0,0,1,0,0,0,0,0,0,0,False,UNKNOWN,0,0,0,0,201398146,24484,0,36.994407653808594,13,,,"{'Type': 'start', 'Data_Type': 'Synthetical', 'Protocol_name': 'ABGv5-5ppb-10RH-75ccm-Anthony-Q425', 'Trial_Details': {'RH': 0, 'group': 35, 'detail': 'N/A', 'trialnum': 23, 'TrialName': '10rh', 'identifier': 'srzyh', 'Concentration': 0}, 'Experiment_Rig': 'DA3'}",,2026-01-19 01:41:43.284,"{'cid': '50887afa-f28e-43cb-ad20-c4bac4e7cd08', 'uuid': 'b4faffaf-a8e5-42e2-9c4f-ea6016bff4f9', 'annotationId': '2be98d50-2a59-4d82-955b-54fa72a23f06', 'name': 'FeNOMeasurement', 'description': 'FeNOMeasurement', 'labels': 'FeNOMeasurement', 'metadata': {'Length': 30, 'Progress': 39, 'startTime': 1768786892859, 'Notification': 'Event FeNOMeasurement Started.'}, 'createdAt': '2026-01-19T01:41:33.087Z', 'createdBy': '5c7b5d9f-c171-4004-a182-4277ffd4c9eb'}",29.75,33.69,2200.0,2199.06,24020116.0,15.0,15.01,22040109.0,1600.0,1599.35,21470060.0,1385.0,1385.17,22450138.0,1800.0,1799.48,22340093.0,0.0,444099.28,25.39,32.62,1009.01
0000000027-4125-asu-nz,0000000018-3024-oms-nz,FeNOMeasurement,2be98d50-2a59-4d82-955b-54fa72a23f06,b0d302bf-f0f3-4feb-821a-8083f454e883,1221.75927734375,487016.5,200026.171875,8133.93701171875,7134.19140625,26008.876953125,184670.484375,180143.90625,236054.875,70278.328125,129416.7734375,18641.201171875,275715.78125,5586.86279296875,19446.390625,37241.0546875,257252.953125,52689.18359375,189917.78125,20293.6796875,6902.03857421875,13244.21484375,27564.94921875,45721.39453125,2928232.75,357815.9375,1094536.0,3624751.0,10991610,5589.56005859375,70801.9765625,126582816,52387160,21116.837890625,86318.03125,202237.796875,670447.375,4360.65087890625,2798673.25,1133553.25,63208.84765625,492873.0625,21330.1484375,832000.6875,701.8533325195312,449065.53125,446644.78125,239828.515625,960935.5625,70222.0,77615.890625,17386.802734375,4132.60205078125,276852.0,15046.4140625,147213.5,33054.25390625,405777.25,1101442.5,58582.42578125,7258.1904296875,123092.1015625,13559.3583984375,609762.1875,60450,34.05128479003906,35.66300582885742,0,0,0,0,0,0,0,0,0,0,0,1,0,0,0,0,0,0,0,False,UNKNOWN,0,0,0,0,201398146,24484,0,36.994407653808594,13,,,"{'Type': 'start', 'Data_Type': 'Synthetical', 'Protocol_name': 'ABGv5-5ppb-10RH-75ccm-Anthony-Q425', 'Trial_Details': {'RH': 0, 'group': 35, 'detail': 'N/A', 'trialnum': 23, 'TrialName': '10rh', 'identifier': 'srzyh', 'Concentration': 0}, 'Experiment_Rig': 'DA3'}",,2026-01-19 01:41:43.587,"{'cid': '50887afa-f28e-43cb-ad20-c4bac4e7cd08', 'uuid': 'b4faffaf-a8e5-42e2-9c4f-ea6016bff4f9', 'annotationId': '2be98d50-2a59-4d82-955b-54fa72a23f06', 'name': 'FeNOMeasurement', 'description': 'FeNOMeasurement', 'labels': 'FeNOMeasurement', 'metadata': {'Length': 30, 'Progress': 39, 'startTime': 1768786892859, 'Notification': 'Event FeNOMeasurement Started.'}, 'createdAt': '2026-01-19T01:41:33.087Z', 'createdBy': '5c7b5d9f-c171-4004-a182-4277ffd4c9eb'}",29.76,33.7,2200.0,2198.98,24020116.0,15.0,15.04,22040109.0,1600.0,1599.64,21470060.0,1385.0,1385.27,22450138.0,1800.0,1799.41,22340093.0,0.0,444250.31,25.39,32.62,1009.01
0000000027-4125-asu-nz,0000000018-3024-oms-nz,FeNOMeasurement,2be98d50-2a59-4d82-955b-54fa72a23f06,b0d302bf-f0f3-4feb-821a-8083f454e883,1222.1563720703125,487856.59375,200020.9375,8133.24169921875,7134.54150390625,26009.642578125,184673.375,180125.34375,236196.25,70362.2265625,129397.953125,18642.57421875,275287.78125,5580.9384765625,19446.6953125,37243.20703125,257702.609375,52688.71875,191041.15625,20291.05859375,6902.029296875,13246.58984375,27560.693359375,45715.515625,2925024.75,357339.96875,1095491.0,3624242.75,10985811,5589.9052734375,70812.671875,125854272,52196468,21124.75,86316.7890625,202238.15625,670431.6875,4360.9482421875,2795700.5,1134083.0,63209.22265625,493088.71875,21336.119140625,832101.875,701.8262939453125,449055.28125,446775.625,239801.234375,961554.9375,70207.15625,77630.484375,17386.115234375,4135.3876953125,276249.53125,15026.9951171875,147264.546875,33055.42578125,405805.40625,1102251.125,58582.4921875,7258.427734375,122991.171875,13552.3779296875,610536.1875,60751,33.890113830566406,35.743595123291016,0,0,0,0,0,0,0,0,0,0,0,1,0,0,0,0,0,0,0,False,UNKNOWN,0,0,0,0,201398146,24484,0,36.994407653808594,13,,,"{'Type': 'start', 'Data_Type': 'Synthetical', 'Protocol_name': 'ABGv5-5ppb-10RH-75ccm-Anthony-Q425', 'Trial_Details': {'RH': 0, 'group': 35, 'detail': 'N/A', 'trialnum': 23, 'TrialName': '10rh', 'identifier': 'srzyh', 'Concentration': 0}, 'Experiment_Rig': 'DA3'}",,2026-01-19 01:41:43.887,"{'cid': '50887afa-f28e-43cb-ad20-c4bac4e7cd08', 'uuid': 'b4faffaf-a8e5-42e2-9c4f-ea6016bff4f9', 'annotationId': '2be98d50-2a59-4d82-955b-54fa72a23f06', 'name': 'FeNOMeasurement', 'description': 'FeNOMeasurement', 'labels': 'FeNOMeasurement', 'metadata': {'Length': 30, 'Progress': 39, 'startTime': 1768786892859, 'Notification': 'Event FeNOMeasurement Started.'}, 'createdAt': '2026-01-19T01:41:33.087Z', 'createdBy': '5c7b5d9f-c171-4004-a182-4277ffd4c9eb'}",29.76,33.71,2200.0,2198.9,24020116.0,15.0,15.06,22040109.0,1600.0,1599.93,21470060.0,1385.0,1385.36,22450138.0,1800.0,1799.34,22340093.0,0.0,444348.0,25.38,32.62,1009.01
0000000027-4125-asu-nz,0000000018-3024-oms-nz,FeNOMeasurement,2be98d50-2a59-4d82-955b-54fa72a23f06,b0d302bf-f0f3-4feb-821a-8083f454e883,1224.52880859375,486808.8125,199947.375,8133.06884765625,7134.2314453125,26007.076171875,184641.234375,180107.71875,235886.40625,70246.46875,129386.6171875,18641.19921875,275254.84375,5573.8984375,19445.416015625,37235.125,257909.25,52699.6328125,191684.859375,20295.36328125,6901.37548828125,13238.4482421875,27561.44921875,45713.6484375,2920655.0,357779.9375,1094189.125,3620820.25,10980774,5589.486328125,71193.5703125,124614408,52125452,21126.341796875,86296.7890625,202294.65625,670766.0,4362.0185546875,2787421.25,1135217.125,63198.125,492173.90625,21327.578125,831039.125,702.2318725585938,449374.71875,446543.59375,239764.265625,962014.8125,70217.3203125,77612.453125,17385.482421875,4136.16943359375,276457.875,15007.2197265625,148059.78125,33054.109375,405837.1875,1103349.25,58584.671875,7257.8369140625,123112.4609375,13548.064453125,611057.125,61353,33.970699310302734,35.743595123291016,0,0,0,0,0,0,0,0,0,0,0,1,0,0,0,0,0,0,0,False,UNKNOWN,0,0,0,0,201398146,24484,0,36.994407653808594,13,,,"{'Type': 'start', 'Data_Type': 'Synthetical', 'Protocol_name': 'ABGv5-5ppb-10RH-75ccm-Anthony-Q425', 'Trial_Details': {'RH': 0, 'group': 35, 'detail': 'N/A', 'trialnum': 23, 'TrialName': '10rh', 'identifier': 'srzyh', 'Concentration': 0}, 'Experiment_Rig': 'DA3'}",,2026-01-19 01:41:44.489,"{'cid': '50887afa-f28e-43cb-ad20-c4bac4e7cd08', 'uuid': 'b4faffaf-a8e5-42e2-9c4f-ea6016bff4f9', 'annotationId': '2be98d50-2a59-4d82-955b-54fa72a23f06', 'name': 'FeNOMeasurement', 'description': 'FeNOMeasurement', 'labels': 'FeNOMeasurement', 'metadata': {'Length': 30, 'Progress': 39, 'startTime': 1768786892859, 'Notification': 'Event FeNOMeasurement Started.'}, 'createdAt': '2026-01-19T01:41:33.087Z', 'createdBy': '5c7b5d9f-c171-4004-a182-4277ffd4c9eb'}",29.76,33.72,2200.0,2198.75,24020116.0,15.0,15.06,22040109.0,1600.0,1599.85,21470060.0,1385.0,1385.41,22450138.0,1800.0,1799.56,22340093.0,0.0,444348.0,25.37,32.62,1009.01
0000000027-4125-asu-nz,0000000018-3024-oms-nz,FeNOMeasurement,2be98d50-2a59-4d82-955b-54fa72a23f06,b0d302bf-f0f3-4feb-821a-8083f454e883,1223.80712890625,487719.25,199947.984375,8133.18408203125,7133.80859375,26006.921875,184528.375,180106.953125,235950.25,70290.375,129400.453125,18641.54296875,275285.53125,5568.0703125,19443.724609375,37231.0,257960.984375,52716.61328125,191462.828125,20292.599609375,6901.72119140625,13255.3818359375,27560.80859375,45720.94921875,2920016.75,356928.53125,1092921.75,3618968.25,10968390,5590.09912109375,71200.390625,123675288,52233244,21128.189453125,86293.796875,202270.125,670937.75,4362.29345703125,2785124.5,1135513.0,63191.40234375,491933.3125,21325.666015625,830118.5625,702.4578247070312,449067.15625,446568.8125,239755.015625,962030.8125,70221.1953125,77617.453125,17392.197265625,4126.646484375,276505.15625,15052.7021484375,148551.8125,33055.62890625,405909.4375,1103742.0,58579.44921875,7257.978515625,123144.640625,13560.5009765625,612346.5,61654,33.890113830566406,35.66300582885742,0,0,0,0,0,0,0,0,0,0,0,1,0,0,0,0,0,0,0,False,UNKNOWN,0,0,0,0,201398146,24484,0,36.994407653808594,13,,,"{'Type': 'start', 'Data_Type': 'Synthetical', 'Protocol_name': 'ABGv5-5ppb-10RH-75ccm-Anthony-Q425', 'Trial_Details': {'RH': 0, 'group': 35, 'detail': 'N/A', 'trialnum': 23, 'TrialName': '10rh', 'identifier': 'srzyh', 'Concentration': 0}, 'Experiment_Rig': 'DA3'}",,2026-01-19 01:41:44.791,"{'cid': '50887afa-f28e-43cb-ad20-c4bac4e7cd08', 'uuid': 'b4faffaf-a8e5-42e2-9c4f-ea6016bff4f9', 'annotationId': '2be98d50-2a59-4d82-955b-54fa72a23f06', 'name': 'FeNOMeasurement', 'description': 'FeNOMeasurement', 'labels': 'FeNOMeasurement', 'metadata': {'Length': 30, 'Progress': 39, 'startTime': 1768786892859, 'Notification': 'Event FeNOMeasurement Started.'}, 'createdAt': '2026-01-19T01:41:33.087Z', 'createdBy': '5c7b5d9f-c171-4004-a182-4277ffd4c9eb'}",29.77,33.72,2200.0,2198.67,24020116.0,15.0,15.05,22040109.0,1600.0,1599.58,21470060.0,1385.0,1385.39,22450138.0,1800.0,1799.8,22340093.0,0.0,444348.0,25.36,32.62,1009.01
0000000027-4125-asu-nz,0000000018-3024-oms-nz,FeNOMeasurement,2be98d50-2a59-4d82-955b-54fa72a23f06,b0d302bf-f0f3-4feb-821a-8083f454e883,1224.09228515625,487531.1875,199934.609375,8133.02197265625,7134.056640625,26004.4375,184523.859375,180075.6875,236290.578125,70286.71875,129414.6796875,18641.83203125,276372.0,5554.61474609375,19445.197265625,37240.31640625,258048.96875,52718.16796875,191066.796875,20283.48046875,6902.2939453125,13241.2548828125,27561.072265625,45721.52734375,2919658.75,357504.9375,1093635.5,3617799.5,10958564,5591.64599609375,70184.03125,123120864,52423152,21122.07421875,86277.8984375,202238.21875,671100.4375,4360.90966796875,2790000.25,1134673.75,63181.15625,491914.90625,21332.2109375,828363.75,701.3416137695312,449272.625,446085.34375,239723.03125,961618.5625,70191.109375,77572.5234375,17388.05859375,4130.611328125,275612.375,15011.51171875,147333.78125,33055.234375,405659.8125,1103854.25,58573.71875,7258.25927734375,123226.6640625,13559.732421875,610829.625,61955,33.80952835083008,35.66300582885742,0,0,0,0,0,0,0,0,0,0,0,1,0,0,0,0,0,0,0,False,UNKNOWN,0,0,0,0,201398146,24484,0,36.994407653808594,13,,,"{'Type': 'start', 'Data_Type': 'Synthetical', 'Protocol_name': 'ABGv5-5ppb-10RH-75ccm-Anthony-Q425', 'Trial_Details': {'RH': 0, 'group': 35, 'detail': 'N/A', 'trialnum': 23, 'TrialName': '10rh', 'identifier': 'srzyh', 'Concentration': 0}, 'Experiment_Rig': 'DA3'}",,2026-01-19 01:41:45.094,"{'cid': '50887afa-f28e-43cb-ad20-c4bac4e7cd08', 'uuid': 'b4faffaf-a8e5-42e2-9c4f-ea6016bff4f9', 'annotationId': '2be98d50-2a59-4d82-955b-54fa72a23f06', 'name': 'FeNOMeasurement', 'description': 'FeNOMeasurement', 'labels': 'FeNOMeasurement', 'metadata': {'Length': 30, 'Progress': 39, 'startTime': 1768786892859, 'Notification': 'Event FeNOMeasurement Started.'}, 'createdAt': '2026-01-19T01:41:33.087Z', 'createdBy': '5c7b5d9f-c171-4004-a182-4277ffd4c9eb'}",29.77,33.72,2200.0,2198.59,24020116.0,15.0,15.03,22040109.0,1600.0,1599.32,21470060.0,1385.0,1385.36,22450138.0,1800.0,1800.04,22340093.0,0.0,444272.11,25.35,32.62,1009.01
0000000027-4125-asu-nz,0000000018-3024-oms-nz,FeNOMeasurement,2be98d50-2a59-4d82-955b-54fa72a23f06,b0d302bf-f0f3-4feb-821a-8083f454e883,1221.5587158203125,487262.09375,199920.140625,8132.89208984375,7133.9541015625,26005.21484375,184544.84375,180047.640625,236303.203125,70276.375,129420.3515625,18642.916015625,277052.25,5567.82861328125,19444.6484375,37242.64453125,257925.5625,52706.9765625,191004.59375,20291.671875,6902.57470703125,13238.55859375,27560.916015625,45715.83203125,2918378.75,356944.375,1097799.875,3615953.5,10944629,5590.61181640625,71828.65625,122608216,52662288,21127.228515625,86288.484375,202247.21875,671108.3125,4360.4580078125,2791513.75,1135205.5,63180.34375,492059.90625,21332.03515625,828130.75,701.8966674804688,448810.96875,446391.5,239716.65625,960973.6875,70194.890625,77632.40625,17384.802734375,4138.6474609375,276829.03125,15038.416015625,147403.234375,33061.046875,405871.0625,1103907.375,58580.9453125,7257.4375,123148.9921875,13546.9951171875,611288.1875,62256,33.970699310302734,35.582420349121094,0,0,0,0,0,0,0,0,0,0,0,1,0,0,0,0,0,0,0,False,UNKNOWN,0,0,0,0,201398146,24484,0,36.994407653808594,13,,,"{'Type': 'start', 'Data_Type': 'Synthetical', 'Protocol_name': 'ABGv5-5ppb-10RH-75ccm-Anthony-Q425', 'Trial_Details': {'RH': 0, 'group': 35, 'detail': 'N/A', 'trialnum': 23, 'TrialName': '10rh', 'identifier': 'srzyh', 'Concentration': 0}, 'Experiment_Rig': 'DA3'}",,2026-01-19 01:41:45.393,"{'cid': '50887afa-f28e-43cb-ad20-c4bac4e7cd08', 'uuid': 'b4faffaf-a8e5-42e2-9c4f-ea6016bff4f9', 'annotationId': '2be98d50-2a59-4d82-955b-54fa72a23f06', 'name': 'FeNOMeasurement', 'description': 'FeNOMeasurement', 'labels': 'FeNOMeasurement', 'metadata': {'Length': 30, 'Progress': 39, 'startTime': 1768786892859, 'Notification': 'Event FeNOMeasurement Started.'}, 'createdAt': '2026-01-19T01:41:33.087Z', 'createdBy': '5c7b5d9f-c171-4004-a182-4277ffd4c9eb'}",29.77,33.72,2200.0,2198.52,24020116.0,15.0,15.03,22040109.0,1600.0,1599.62,21470060.0,1385.0,1385.32,22450138.0,1800.0,1800.48,22340093.0,0.0,444122.82,25.34,32.62,1009.01
0000000027-4125-asu-nz,0000000018-3024-oms-nz,FeNOMeasurement,2be98d50-2a59-4d82-955b-54fa72a23f06,b0d302bf-f0f3-4feb-821a-8083f454e883,1222.5438232421875,487838.375,199930.796875,8133.02197265625,7133.671875,26004.732421875,184583.765625,180077.296875,235932.390625,70308.2890625,129423.7578125,18642.912109375,275830.6875,5554.560546875,19447.857421875,37244.9921875,257970.046875,52706.49609375,191416.921875,20288.38671875,6902.5517578125,13238.2841796875,27558.794921875,45724.01171875,2920388.25,358260.46875,1096396.125,3617614.0,10946703,5590.044921875,71481.6484375,122590392,52906576,21122.5703125,86288.9453125,202234.84375,671148.6875,4361.91455078125,2795352.0,1137496.75,63178.109375,492600.0,21327.41015625,828796.4375,702.255126953125,448720.0625,445918.5625,239718.671875,959943.125,70187.703125,77653.2578125,17389.849609375,4139.2890625,277063.0,15030.0166015625,147708.59375,33053.7890625,405796.09375,1103426.625,58573.40625,7257.68017578125,123145.9140625,13550.365234375,611846.5,62557,33.890113830566406,35.582420349121094,0,0,0,0,0,0,0,0,0,0,0,1,0,0,0,0,0,0,0,False,UNKNOWN,0,0,0,0,201398146,24484,0,36.994407653808594,13,,,"{'Type': 'start', 'Data_Type': 'Synthetical', 'Protocol_name': 'ABGv5-5ppb-10RH-75ccm-Anthony-Q425', 'Trial_Details': {'RH': 0, 'group': 35, 'detail': 'N/A', 'trialnum': 23, 'TrialName': '10rh', 'identifier': 'srzyh', 'Concentration': 0}, 'Experiment_Rig': 'DA3'}",,2026-01-19 01:41:45.693,"{'cid': '50887afa-f28e-43cb-ad20-c4bac4e7cd08', 'uuid': 'b4faffaf-a8e5-42e2-9c4f-ea6016bff4f9', 'annotationId': '2be98d50-2a59-4d82-955b-54fa72a23f06', 'name': 'FeNOMeasurement', 'description': 'FeNOMeasurement', 'labels': 'FeNOMeasurement', 'metadata': {'Length': 30, 'Progress': 39, 'startTime': 1768786892859, 'Notification': 'Event FeNOMeasurement Started.'}, 'createdAt': '2026-01-19T01:41:33.087Z', 'createdBy': '5c7b5d9f-c171-4004-a182-4277ffd4c9eb'}",29.76,33.71,2200.0,2198.44,24020116.0,15.0,15.02,22040109.0,1600.0,1600.03,21470060.0,1385.0,1385.27,22450138.0,1800.0,1800.98,22340093.0,0.0,443973.03,25.33,32.62,1009.0
0000000027-4125-asu-nz,0000000018-3024-oms-nz,FeNOMeasurement,2be98d50-2a59-4d82-955b-54fa72a23f06,b0d302bf-f0f3-4feb-821a-8083f454e883,1221.8348388671875,486604.5,199956.40625,8133.11572265625,7133.99169921875,26003.78125,184542.09375,180089.1875,235515.140625,70323.9296875,129411.2578125,18642.123046875,276540.25,5554.173828125,19446.458984375,37244.4765625,258122.921875,52702.828125,191318.90625,20296.28125,6902.23974609375,13234.55078125,27559.306640625,45728.7578125,2922414.25,356949.5,1094194.0,3620361.75,10954617,5590.23193359375,72325.40625,122868376,53151656,21121.79296875,86293.234375,202219.390625,671215.875,4360.92138671875,2803063.5,1138015.75,63174.4609375,492214.25,21332.68359375,828432.9375,701.4107055664062,448646.875,446567.90625,239704.734375,959170.0625,70178.9296875,77586.5234375,17385.142578125,4148.26171875,277020.46875,15020.55859375,148390.28125,33049.203125,405593.78125,1102972.125,58574.6171875,7256.99462890625,123094.5703125,13551.2919921875,612159.25,62858,33.970699310302734,35.66300582885742,0,0,0,0,0,0,0,0,0,0,0,1,0,0,0,0,0,0,0,False,UNKNOWN,0,0,0,0,201398146,24484,0,36.994407653808594,13,,,"{'Type': 'start', 'Data_Type': 'Synthetical', 'Protocol_name': 'ABGv5-5ppb-10RH-75ccm-Anthony-Q425', 'Trial_Details': {'RH': 0, 'group': 35, 'detail': 'N/A', 'trialnum': 23, 'TrialName': '10rh', 'identifier': 'srzyh', 'Concentration': 0}, 'Experiment_Rig': 'DA3'}",,2026-01-19 01:41:45.994,"{'cid': '50887afa-f28e-43cb-ad20-c4bac4e7cd08', 'uuid': 'b4faffaf-a8e5-42e2-9c4f-ea6016bff4f9', 'annotationId': '2be98d50-2a59-4d82-955b-54fa72a23f06', 'name': 'FeNOMeasurement', 'description': 'FeNOMeasurement', 'labels': 'FeNOMeasurement', 'metadata': {'Length': 30, 'Progress': 39, 'startTime': 1768786892859, 'Notification': 'Event FeNOMeasurement Started.'}, 'createdAt': '2026-01-19T01:41:33.087Z', 'createdBy': '5c7b5d9f-c171-4004-a182-4277ffd4c9eb'}",29.76,33.71,2200.0,2198.36,24020116.0,15.0,15.02,22040109.0,1600.0,1600.43,21470060.0,1385.0,1385.22,22450138.0,1800.0,1801.49,22340093.0,0.0,443822.74,25.32,32.62,1009.0
0000000027-4125-asu-nz,0000000018-3024-oms-nz,FeNOMeasurement,2be98d50-2a59-4d82-955b-54fa72a23f06,b0d302bf-f0f3-4feb-821a-8083f454e883,1222.443115234375,486368.3125,200004.984375,8133.60498046875,7134.15673828125,26005.48828125,184612.453125,180086.546875,236025.734375,70346.6484375,129418.6796875,18642.83984375,276896.625,5576.947265625,19444.88671875,37242.3125,257853.109375,52709.59765625,191962.546875,20296.71484375,6902.48828125,13233.3994140625,27557.11328125,45730.70703125,2924824.25,355904.15625,1096923.125,3621792.25,10961069,5590.3173828125,72151.734375,123524104,53035604,21117.140625,86270.265625,202207.234375,670900.0625,4361.8623046875,2806437.0,1136180.5,63183.1875,492245.0,21333.248046875,828911.6875,701.8812255859375,448588.9375,446850.71875,239738.015625,958629.375,70183.8671875,77598.6875,17382.4296875,4137.88720703125,276574.34375,15015.03125,148369.078125,33044.6328125,405400.8125,1102114.625,58564.6875,7257.171875,123064.1484375,13557.5234375,612099.4375,63160,33.80952835083008,35.501834869384766,0,0,0,0,0,0,0,0,0,0,0,1,0,0,0,0,0,0,0,False,UNKNOWN,0,0,0,0,201398146,24484,0,36.994407653808594,13,,,"{'Type': 'start', 'Data_Type': 'Synthetical', 'Protocol_name': 'ABGv5-5ppb-10RH-75ccm-Anthony-Q425', 'Trial_Details': {'RH': 0, 'group': 35, 'detail': 'N/A', 'trialnum': 23, 'TrialName': '10rh', 'identifier': 'srzyh', 'Concentration': 0}, 'Experiment_Rig': 'DA3'}",,2026-01-19 01:41:46.296,"{'cid': '50887afa-f28e-43cb-ad20-c4bac4e7cd08', 'uuid': 'b4faffaf-a8e5-42e2-9c4f-ea6016bff4f9', 'annotationId': '2be98d50-2a59-4d82-955b-54fa72a23f06', 'name': 'FeNOMeasurement', 'description': 'FeNOMeasurement', 'labels': 'FeNOMeasurement', 'metadata': {'Length': 30, 'Progress': 39, 'startTime': 1768786892859, 'Notification': 'Event FeNOMeasurement Started.'}, 'createdAt': '2026-01-19T01:41:33.087Z', 'createdBy': '5c7b5d9f-c171-4004-a182-4277ffd4c9eb'}",29.76,33.7,2200.0,2198.22,24020116.0,15.0,15.02,22040109.0,1600.0,1600.44,21470060.0,1385.0,1385.11,22450138.0,1800.0,1801.67,22340093.0,0.0,443967.12,25.32,32.62,1009.0
0000000027-4125-asu-nz,0000000018-3024-oms-nz,FeNOMeasurement,2be98d50-2a59-4d82-955b-54fa72a23f06,b0d302bf-f0f3-4feb-821a-8083f454e883,1222.881103515625,486719.28125,199969.546875,8133.71484375,7134.77392578125,26006.53515625,184691.640625,180096.0,236067.0625,70374.1171875,129416.71875,18642.09375,277365.0,5582.77294921875,19444.826171875,37246.61328125,257815.953125,52718.65234375,191897.5625,20293.013671875,6902.28515625,13245.5458984375,27558.4453125,45726.14453125,2927160.75,356035.78125,1098867.25,3623053.5,10981338,5589.6826171875,71507.09375,124480808,53172792,21119.7265625,86281.0625,202157.21875,670740.6875,4361.373046875,2811510.0,1135781.75,63181.11328125,491968.875,21331.37890625,829136.0,702.0485229492188,448935.75,446901.5,239688.09375,958149.6875,70183.5234375,77592.546875,17389.759765625,4144.22119140625,276667.3125,15025.96875,148167.84375,33043.1484375,405632.34375,1101711.75,58564.84765625,7257.07373046875,123077.2734375,13548.7880859375,612528.5625,63460,33.970699310302734,35.501834869384766,0,0,0,0,0,0,0,0,0,0,0,1,0,0,0,0,0,0,0,False,UNKNOWN,0,0,0,0,201398146,24484,0,36.994407653808594,13,,,"{'Type': 'start', 'Data_Type': 'Synthetical', 'Protocol_name': 'ABGv5-5ppb-10RH-75ccm-Anthony-Q425', 'Trial_Details': {'RH': 0, 'group': 35, 'detail': 'N/A', 'trialnum': 23, 'TrialName': '10rh', 'identifier': 'srzyh', 'Concentration': 0}, 'Experiment_Rig': 'DA3'}",,2026-01-19 01:41:46.597,"{'cid': '50887afa-f28e-43cb-ad20-c4bac4e7cd08', 'uuid': 'b4faffaf-a8e5-42e2-9c4f-ea6016bff4f9', 'annotationId': '2be98d50-2a59-4d82-955b-54fa72a23f06', 'name': 'FeNOMeasurement', 'description': 'FeNOMeasurement', 'labels': 'FeNOMeasurement', 'metadata': {'Length': 30, 'Progress': 39, 'startTime': 1768786892859, 'Notification': 'Event FeNOMeasurement Started.'}, 'createdAt': '2026-01-19T01:41:33.087Z', 'createdBy': '5c7b5d9f-c171-4004-a182-4277ffd4c9eb'}",29.76,33.68,2200.0,2198.0,24020116.0,15.0,15.02,22040109.0,1600.0,1600.03,21470060.0,1385.0,1384.92,22450138.0,1800.0,1801.48,22340093.0,0.0,444267.84,25.32,32.62,1008.99
0000000027-4125-asu-nz,0000000018-3024-oms-nz,FeNOMeasurement,2be98d50-2a59-4d82-955b-54fa72a23f06,b0d302bf-f0f3-4feb-821a-8083f454e883,1221.9906005859375,486777.4375,199996.828125,8133.599609375,7134.56689453125,26008.02734375,184619.8125,180120.75,236004.515625,70409.0546875,129403.484375,18643.26171875,276411.5625,5599.4482421875,19445.01953125,37245.390625,257746.65625,52701.08984375,191470.078125,20288.580078125,6902.5869140625,13232.099609375,27556.08203125,45727.75390625,2929729.5,355864.625,1100095.125,3624105.75,10997733,5588.8818359375,72524.1640625,125304792,53172704,21119.580078125,86299.3203125,202183.296875,670659.1875,4361.1298828125,2812897.25,1135397.0,63183.42578125,492630.4375,21332.015625,828998.9375,701.8301391601562,448898.46875,446672.71875,239725.109375,957788.8125,70191.265625,77621.71875,17389.787109375,4145.22705078125,276658.15625,15006.9189453125,147903.0625,33041.52734375,405628.15625,1101225.875,58562.1875,7257.115234375,122779.75,13555.8037109375,612295.875,63761,33.890113830566406,35.582420349121094,0,0,0,0,0,0,0,0,0,0,0,1,0,0,0,0,0,0,0,False,UNKNOWN,0,0,0,0,201398146,24484,0,36.994407653808594,13,,,"{'Type': 'start', 'Data_Type': 'Synthetical', 'Protocol_name': 'ABGv5-5ppb-10RH-75ccm-Anthony-Q425', 'Trial_Details': {'RH': 0, 'group': 35, 'detail': 'N/A', 'trialnum': 23, 'TrialName': '10rh', 'identifier': 'srzyh', 'Concentration': 0}, 'Experiment_Rig': 'DA3'}",,2026-01-19 01:41:46.898,"{'cid': '50887afa-f28e-43cb-ad20-c4bac4e7cd08', 'uuid': 'b4faffaf-a8e5-42e2-9c4f-ea6016bff4f9', 'annotationId': '2be98d50-2a59-4d82-955b-54fa72a23f06', 'name': 'FeNOMeasurement', 'description': 'FeNOMeasurement', 'labels': 'FeNOMeasurement', 'metadata': {'Length': 30, 'Progress': 39, 'startTime': 1768786892859, 'Notification': 'Event FeNOMeasurement Started.'}, 'createdAt': '2026-01-19T01:41:33.087Z', 'createdBy': '5c7b5d9f-c171-4004-a182-4277ffd4c9eb'}",29.76,33.67,2200.0,2197.79,24020116.0,15.0,15.02,22040109.0,1600.0,1599.63,21470060.0,1385.0,1384.73,22450138.0,1800.0,1801.29,22340093.0,0.0,444568.56,25.31,32.62,1008.99
0000000027-4125-asu-nz,0000000018-3024-oms-nz,FeNOMeasurement,2be98d50-2a59-4d82-955b-54fa72a23f06,b0d302bf-f0f3-4feb-821a-8083f454e883,1221.787353515625,487896.15625,199994.703125,8133.4716796875,7134.0283203125,26008.814453125,184638.671875,180117.0625,235998.609375,70376.84375,129415.5625,18643.390625,275669.0625,5569.83544921875,19446.646484375,37242.375,257728.546875,52694.83984375,190490.203125,20298.8125,6902.5712890625,13240.1494140625,27552.115234375,45727.62890625,2932801.75,356131.875,1100295.125,3625141.5,11007360,5589.62744140625,72269.53125,125922736,53107368,21118.611328125,86290.796875,202207.453125,670510.875,4360.8095703125,2813209.0,1133539.625,63189.3828125,492651.75,21333.982421875,829061.5625,702.082275390625,448982.90625,446901.03125,239755.796875,957291.1875,70184.5546875,77625.6171875,17388.08203125,4130.41943359375,276603.4375,15005.4814453125,147157.78125,33041.171875,405637.875,1100764.75,58567.97265625,7257.53125,122745.09375,13557.484375,611542.75,64062,33.970699310302734,35.743595123291016,0,0,0,0,0,0,0,0,0,0,0,1,0,0,0,0,0,0,0,False,UNKNOWN,0,0,0,0,201398146,24484,0,36.994407653808594,13,,,"{'Type': 'start', 'Data_Type': 'Synthetical', 'Protocol_name': 'ABGv5-5ppb-10RH-75ccm-Anthony-Q425', 'Trial_Details': {'RH': 0, 'group': 35, 'detail': 'N/A', 'trialnum': 23, 'TrialName': '10rh', 'identifier': 'srzyh', 'Concentration': 0}, 'Experiment_Rig': 'DA3'}",,2026-01-19 01:41:47.206,"{'cid': '50887afa-f28e-43cb-ad20-c4bac4e7cd08', 'uuid': 'b4faffaf-a8e5-42e2-9c4f-ea6016bff4f9', 'annotationId': '2be98d50-2a59-4d82-955b-54fa72a23f06', 'name': 'FeNOMeasurement', 'description': 'FeNOMeasurement', 'labels': 'FeNOMeasurement', 'metadata': {'Length': 30, 'Progress': 39, 'startTime': 1768786892859, 'Notification': 'Event FeNOMeasurement Started.'}, 'createdAt': '2026-01-19T01:41:33.087Z', 'createdBy': '5c7b5d9f-c171-4004-a182-4277ffd4c9eb'}",29.76,33.66,2200.0,2197.69,24020116.0,15.0,15.02,22040109.0,1600.0,1599.26,21470060.0,1385.0,1384.59,22450138.0,1800.0,1801.13,22340093.0,0.0,444876.27,25.31,32.62,1008.98
0000000027-4125-asu-nz,0000000018-3024-oms-nz,FeNOMeasurement,2be98d50-2a59-4d82-955b-54fa72a23f06,b0d302bf-f0f3-4feb-821a-8083f454e883,1221.8587646484375,488739.59375,200022.71875,8134.04248046875,7134.38037109375,26008.888671875,184704.046875,180134.171875,236280.390625,70369.0703125,129409.28125,18643.173828125,276518.375,5584.54931640625,19447.80078125,37245.23828125,257204.9375,52691.61328125,191129.515625,20293.65625,6902.3955078125,13235.9638671875,27550.962890625,45727.71484375,2936725.25,356235.375,1101909.0,3625604.5,11015161,5589.00537109375,71196.53125,126718848,52922052,21119.265625,86334.296875,202179.84375,670470.125,4362.30419921875,2809819.0,1135963.0,63192.015625,492662.84375,21327.900390625,829256.0625,701.2615966796875,448989.59375,446786.25,239787.953125,957781.3125,70139.046875,77638.6171875,17393.111328125,4139.8056640625,276496.5,15019.13671875,147685.734375,33043.01953125,405225.46875,1100854.625,58562.21484375,7257.55078125,122734.2734375,13550.7353515625,611055.1875,64363,33.970699310302734,35.582420349121094,0,0,0,0,0,0,0,0,0,0,0,1,0,0,0,0,0,0,0,False,UNKNOWN,0,0,0,0,201403149,24484,0,37.52094650268555,13,,,"{'Type': 'start', 'Data_Type': 'Synthetical', 'Protocol_name': 'ABGv5-5ppb-10RH-75ccm-Anthony-Q425', 'Trial_Details': {'RH': 0, 'group': 35, 'detail': 'N/A', 'trialnum': 23, 'TrialName': '10rh', 'identifier': 'srzyh', 'Concentration': 0}, 'Experiment_Rig': 'DA3'}",,2026-01-19 01:41:47.499,"{'cid': '50887afa-f28e-43cb-ad20-c4bac4e7cd08', 'uuid': 'b4faffaf-a8e5-42e2-9c4f-ea6016bff4f9', 'annotationId': '2be98d50-2a59-4d82-955b-54fa72a23f06', 'name': 'FeNOMeasurement', 'description': 'FeNOMeasurement', 'labels': 'FeNOMeasurement', 'metadata': {'Length': 30, 'Progress': 39, 'startTime': 1768786892859, 'Notification': 'Event FeNOMeasurement Started.'}, 'createdAt': '2026-01-19T01:41:33.087Z', 'createdBy': '5c7b5d9f-c171-4004-a182-4277ffd4c9eb'}",29.76,33.68,2200.0,2198.3,24020116.0,15.0,15.04,22040109.0,1600.0,1599.17,21470060.0,1385.0,1384.78,22450138.0,1800.0,1801.23,22340093.0,0.0,444422.71,25.3,32.62,1008.98
0000000027-4125-asu-nz,0000000018-3024-oms-nz,FeNOMeasurement,2be98d50-2a59-4d82-955b-54fa72a23f06,b0d302bf-f0f3-4feb-821a-8083f454e883,1222.4991455078125,488463.6875,199973.921875,8133.453125,7134.8564453125,26008.248046875,184690.796875,180133.90625,236021.046875,70344.0859375,129410.609375,18643.29296875,276684.53125,5604.0302734375,19447.15625,37244.26953125,257255.71875,52665.5546875,192031.78125,20290.806640625,6902.1904296875,13245.8759765625,27550.623046875,45718.0234375,2935936.25,356574.3125,1102117.625,3625236.5,11015837,5589.07763671875,69918.703125,126986424,52699156,21120.619140625,86319.359375,202203.078125,670500.1875,4361.3310546875,2808415.5,1136642.625,63194.98828125,492698.15625,21327.9453125,829303.625,702.0067138671875,449062.90625,446519.3125,239800.328125,958346.5625,70161.65625,77634.4921875,17390.224609375,4134.5009765625,276564.0625,15017.1689453125,147673.90625,33035.859375,405519.96875,1100473.25,58567.6328125,7257.3701171875,123045.2265625,13556.390625,611314.6875,64666,33.970699310302734,35.582420349121094,0,0,0,0,0,0,0,0,0,0,0,1,0,0,0,0,0,0,0,False,UNKNOWN,0,0,0,0,201403149,24484,0,37.52094650268555,13,,,"{'Type': 'start', 'Data_Type': 'Synthetical', 'Protocol_name': 'ABGv5-5ppb-10RH-75ccm-Anthony-Q425', 'Trial_Details': {'RH': 0, 'group': 35, 'detail': 'N/A', 'trialnum': 23, 'TrialName': '10rh', 'identifier': 'srzyh', 'Concentration': 0}, 'Experiment_Rig': 'DA3'}",,2026-01-19 01:41:47.802,"{'cid': '50887afa-f28e-43cb-ad20-c4bac4e7cd08', 'uuid': 'b4faffaf-a8e5-42e2-9c4f-ea6016bff4f9', 'annotationId': '2be98d50-2a59-4d82-955b-54fa72a23f06', 'name': 'FeNOMeasurement', 'description': 'FeNOMeasurement', 'labels': 'FeNOMeasurement', 'metadata': {'Length': 30, 'Progress': 39, 'startTime': 1768786892859, 'Notification': 'Event FeNOMeasurement Started.'}, 'createdAt': '2026-01-19T01:41:33.087Z', 'createdBy': '5c7b5d9f-c171-4004-a182-4277ffd4c9eb'}",29.76,33.69,2200.0,2198.92,24020116.0,15.0,15.06,22040109.0,1600.0,1599.08,21470060.0,1385.0,1384.97,22450138.0,1800.0,1801.32,22340093.0,0.0,443791.04,25.3,32.62,1008.99
0000000027-4125-asu-nz,0000000018-3024-oms-nz,FeNOMeasurement,2be98d50-2a59-4d82-955b-54fa72a23f06,b0d302bf-f0f3-4feb-821a-8083f454e883,1221.9580078125,488593.15625,199988.78125,8133.1376953125,7134.56982421875,26007.23828125,184757.875,180136.90625,235940.3125,70340.5703125,129401.96875,18644.03515625,276426.46875,5597.20703125,19444.3359375,37243.07421875,257105.1875,52686.82421875,190992.390625,20278.849609375,6902.10205078125,13229.453125,27547.744140625,45719.8671875,2932743.75,357340.28125,1099740.875,3623616.5,11019719,5589.517578125,68999.546875,127032112,52417432,21120.462890625,86301.40625,202213.1875,670476.125,4361.9404296875,2808479.25,1134858.25,63200.5859375,492655.8125,21335.201171875,830332.3125,701.7526245117188,448845.8125,446602.53125,239792.4375,959357.5,70163.9765625,77644.0625,17386.400390625,4136.71875,276316.25,15041.1591796875,146836.15625,33045.359375,405307.96875,1100757.375,58565.73046875,7258.3115234375,122856.0546875,13554.720703125,611254.9375,64965,33.890113830566406,35.501834869384766,0,0,0,0,0,0,0,0,0,0,0,1,0,0,0,0,0,0,0,False,UNKNOWN,0,0,0,0,201403149,24484,0,37.52094650268555,13,,,"{'Type': 'start', 'Data_Type': 'Synthetical', 'Protocol_name': 'ABGv5-5ppb-10RH-75ccm-Anthony-Q425', 'Trial_Details': {'RH': 0, 'group': 35, 'detail': 'N/A', 'trialnum': 23, 'TrialName': '10rh', 'identifier': 'srzyh', 'Concentration': 0}, 'Experiment_Rig': 'DA3'}",,2026-01-19 01:41:48.101,"{'cid': '50887afa-f28e-43cb-ad20-c4bac4e7cd08', 'uuid': 'b4faffaf-a8e5-42e2-9c4f-ea6016bff4f9', 'annotationId': '2be98d50-2a59-4d82-955b-54fa72a23f06', 'name': 'FeNOMeasurement', 'description': 'FeNOMeasurement', 'labels': 'FeNOMeasurement', 'metadata': {'Length': 30, 'Progress': 39, 'startTime': 1768786892859, 'Notification': 'Event FeNOMeasurement Started.'}, 'createdAt': '2026-01-19T01:41:33.087Z', 'createdBy': '5c7b5d9f-c171-4004-a182-4277ffd4c9eb'}",29.76,33.7,2200.0,2199.54,24020116.0,15.0,15.08,22040109.0,1600.0,1598.98,21470060.0,1385.0,1385.16,22450138.0,1800.0,1801.42,22340093.0,0.0,443167.7,25.29,32.62,1009.0
0000000027-4125-asu-nz,0000000018-3024-oms-nz,FeNOMeasurement,2be98d50-2a59-4d82-955b-54fa72a23f06,b0d302bf-f0f3-4feb-821a-8083f454e883,1221.9830322265625,488401.46875,200009.03125,8132.99609375,7134.052734375,26006.37109375,184786.265625,180101.28125,235698.03125,70323.1796875,129385.2890625,18643.19140625,275636.53125,5588.4033203125,19441.595703125,37236.21484375,257087.203125,52683.65234375,191145.3125,20292.400390625,6902.080078125,13227.435546875,27544.802734375,45717.22265625,2928961.0,356051.3125,1097876.125,3622652.5,11020602,5588.83349609375,69823.078125,126788224,52162660,21118.1328125,86308.953125,202275.484375,670371.875,4360.62744140625,2808325.0,1135114.625,63199.6640625,492632.0625,21325.73828125,828350.25,701.0955810546875,448652.3125,446831.46875,239789.53125,960366.875,70196.8046875,77668.390625,17382.26953125,4133.70556640625,276555.9375,15016.025390625,147165.125,33045.87109375,405354.03125,1101096.25,58576.10546875,7257.6923828125,122815.1953125,13551.552734375,609535.375,65266,33.72894287109375,35.501834869384766,0,0,0,0,0,0,0,0,0,0,0,1,0,0,0,0,0,0,0,False,UNKNOWN,0,0,0,0,201403149,24484,0,37.52094650268555,13,,,"{'Type': 'start', 'Data_Type': 'Synthetical', 'Protocol_name': 'ABGv5-5ppb-10RH-75ccm-Anthony-Q425', 'Trial_Details': {'RH': 0, 'group': 35, 'detail': 'N/A', 'trialnum': 23, 'TrialName': '10rh', 'identifier': 'srzyh', 'Concentration': 0}, 'Experiment_Rig': 'DA3'}",,2026-01-19 01:41:48.401,"{'cid': '50887afa-f28e-43cb-ad20-c4bac4e7cd08', 'uuid': 'b4faffaf-a8e5-42e2-9c4f-ea6016bff4f9', 'annotationId': '2be98d50-2a59-4d82-955b-54fa72a23f06', 'name': 'FeNOMeasurement', 'description': 'FeNOMeasurement', 'labels': 'FeNOMeasurement', 'metadata': {'Length': 30, 'Progress': 39, 'startTime': 1768786892859, 'Notification': 'Event FeNOMeasurement Started.'}, 'createdAt': '2026-01-19T01:41:33.087Z', 'createdBy': '5c7b5d9f-c171-4004-a182-4277ffd4c9eb'}",29.76,33.7,2200.0,2199.72,24020116.0,15.0,15.08,22040109.0,1600.0,1599.07,21470060.0,1385.0,1385.26,22450138.0,1800.0,1801.21,22340093.0,0.0,442646.97,25.28,32.62,1009.0
0000000027-4125-asu-nz,0000000018-3024-oms-nz,FeNOMeasurement,2be98d50-2a59-4d82-955b-54fa72a23f06,b0d302bf-f0f3-4feb-821a-8083f454e883,1222.7061767578125,488180.625,199968.828125,8133.31201171875,7134.306640625,26006.1796875,184667.96875,180093.9375,235553.046875,70274.90625,129368.3984375,18641.927734375,275757.875,5588.22705078125,19443.6796875,37230.265625,257206.34375,52685.75,190658.359375,20292.14453125,6902.17138671875,13228.5908203125,27543.32421875,45718.47265625,2925472.5,356773.625,1100230.875,3621125.25,11017665,5588.95654296875,71065.4765625,126372040,51973380,21121.005859375,86320.3203125,202249.03125,670533.3125,4360.36767578125,2814364.5,1136482.625,63202.2578125,492730.9375,21331.861328125,827751.9375,702.1105346679688,448730.90625,446841.96875,239784.28125,960963.5,70188.625,77628.0390625,17384.447265625,4128.56494140625,276407.90625,15038.34375,146543.515625,33048.3125,405632.25,1101542.625,58574.90234375,7258.6435546875,122707.578125,13556.1962890625,610736.625,65567,33.970699310302734,35.582420349121094,0,0,0,0,0,0,0,0,0,0,0,1,0,0,0,0,0,0,0,False,UNKNOWN,0,0,0,0,201403149,24484,0,37.52094650268555,13,,,"{'Type': 'start', 'Data_Type': 'Synthetical', 'Protocol_name': 'ABGv5-5ppb-10RH-75ccm-Anthony-Q425', 'Trial_Details': {'RH': 0, 'group': 35, 'detail': 'N/A', 'trialnum': 23, 'TrialName': '10rh', 'identifier': 'srzyh', 'Concentration': 0}, 'Experiment_Rig': 'DA3'}",,2026-01-19 01:41:48.703,"{'cid': '50887afa-f28e-43cb-ad20-c4bac4e7cd08', 'uuid': 'b4faffaf-a8e5-42e2-9c4f-ea6016bff4f9', 'annotationId': '2be98d50-2a59-4d82-955b-54fa72a23f06', 'name': 'FeNOMeasurement', 'description': 'FeNOMeasurement', 'labels': 'FeNOMeasurement', 'metadata': {'Length': 30, 'Progress': 39, 'startTime': 1768786892859, 'Notification': 'Event FeNOMeasurement Started.'}, 'createdAt': '2026-01-19T01:41:33.087Z', 'createdBy': '5c7b5d9f-c171-4004-a182-4277ffd4c9eb'}",29.75,33.7,2200.0,2199.76,24020116.0,15.0,15.07,22040109.0,1600.0,1599.22,21470060.0,1385.0,1385.33,22450138.0,1800.0,1800.9,22340093.0,0.0,442871.94,25.28,32.62,1009.0
0000000027-4125-asu-nz,0000000018-3024-oms-nz,FeNOMeasurement,2be98d50-2a59-4d82-955b-54fa72a23f06,b0d302bf-f0f3-4feb-821a-8083f454e883,1221.8807373046875,488011.5625,199947.0,8133.10107421875,7133.9609375,26004.15625,184697.9375,180098.5625,235736.84375,70273.4921875,129355.1953125,18642.115234375,276015.34375,5578.16943359375,19441.416015625,37227.265625,257428.265625,52679.74609375,190912.359375,20281.71875,6901.96044921875,13244.6591796875,27543.6796875,45723.01171875,2923185.5,357010.46875,1099927.5,3619946.75,11006291,5588.8642578125,69359.2109375,125487136,51900640,21117.94140625,86339.703125,202304.296875,670679.0,4362.1611328125,2821437.0,1142118.625,63200.4453125,492606.875,21327.5625,826774.0625,701.1995239257812,449026.8125,446445.375,239776.78125,961403.9375,70181.296875,77614.1796875,17387.29296875,4138.1318359375,276786.8125,15023.2626953125,146638.953125,33049.29296875,405515.28125,1102287.25,58572.9765625,7257.251953125,122623.109375,13557.4892578125,609944.25,65868,33.890113830566406,35.66300582885742,0,0,0,0,0,0,0,0,0,0,0,1,0,0,0,0,0,0,0,False,UNKNOWN,0,0,0,0,201403149,24484,0,37.52094650268555,13,,,"{'Type': 'start', 'Data_Type': 'Synthetical', 'Protocol_name': 'ABGv5-5ppb-10RH-75ccm-Anthony-Q425', 'Trial_Details': {'RH': 0, 'group': 35, 'detail': 'N/A', 'trialnum': 23, 'TrialName': '10rh', 'identifier': 'srzyh', 'Concentration': 0}, 'Experiment_Rig': 'DA3'}",,2026-01-19 01:41:49.004,"{'cid': '50887afa-f28e-43cb-ad20-c4bac4e7cd08', 'uuid': 'b4faffaf-a8e5-42e2-9c4f-ea6016bff4f9', 'annotationId': '2be98d50-2a59-4d82-955b-54fa72a23f06', 'name': 'FeNOMeasurement', 'description': 'FeNOMeasurement', 'labels': 'FeNOMeasurement', 'metadata': {'Length': 30, 'Progress': 39, 'startTime': 1768786892859, 'Notification': 'Event FeNOMeasurement Started.'}, 'createdAt': '2026-01-19T01:41:33.087Z', 'createdBy': '5c7b5d9f-c171-4004-a182-4277ffd4c9eb'}",29.75,33.7,2200.0,2199.81,24020116.0,15.0,15.06,22040109.0,1600.0,1599.36,21470060.0,1385.0,1385.4,22450138.0,1800.0,1800.59,22340093.0,0.0,443096.16,25.27,32.62,1009.0
0000000027-4125-asu-nz,0000000018-3024-oms-nz,FeNOMeasurement,2be98d50-2a59-4d82-955b-54fa72a23f06,b0d302bf-f0f3-4feb-821a-8083f454e883,1221.698486328125,487895.71875,199945.640625,8132.75,7133.94482421875,26002.841796875,184700.125,180095.6875,235469.90625,70197.015625,129339.1796875,18641.8046875,275262.21875,5586.0634765625,19441.73046875,37229.34375,257485.46875,52681.703125,192160.9375,20289.427734375,6902.29833984375,13242.810546875,27545.154296875,45728.3359375,2921426.5,356340.875,1096348.75,3618224.5,10993875,5588.65234375,67452.5859375,124596928,51898468,21117.60546875,86373.265625,202285.59375,670813.0625,4360.75341796875,2828895.5,1141140.125,63193.96484375,492484.71875,21329.572265625,826951.0,701.585693359375,449206.125,446328.21875,239773.703125,961632.25,70199.71875,77617.5625,17385.35546875,4129.69287109375,277010.34375,15031.6884765625,144978.5625,33050.6640625,405490.78125,1102705.875,58584.453125,7257.42822265625,122772.2734375,13561.3056640625,611104.6875,66169,33.890113830566406,35.66300582885742,0,0,0,0,0,0,0,0,0,0,0,1,0,0,0,0,0,0,0,False,UNKNOWN,0,0,0,0,201403149,24484,0,37.52094650268555,13,,,"{'Type': 'start', 'Data_Type': 'Synthetical', 'Protocol_name': 'ABGv5-5ppb-10RH-75ccm-Anthony-Q425', 'Trial_Details': {'RH': 0, 'group': 35, 'detail': 'N/A', 'trialnum': 23, 'TrialName': '10rh', 'identifier': 'srzyh', 'Concentration': 0}, 'Experiment_Rig': 'DA3'}",,2026-01-19 01:41:49.305,"{'cid': '50887afa-f28e-43cb-ad20-c4bac4e7cd08', 'uuid': 'b4faffaf-a8e5-42e2-9c4f-ea6016bff4f9', 'annotationId': '2be98d50-2a59-4d82-955b-54fa72a23f06', 'name': 'FeNOMeasurement', 'description': 'FeNOMeasurement', 'labels': 'FeNOMeasurement', 'metadata': {'Length': 30, 'Progress': 39, 'startTime': 1768786892859, 'Notification': 'Event FeNOMeasurement Started.'}, 'createdAt': '2026-01-19T01:41:33.087Z', 'createdBy': '5c7b5d9f-c171-4004-a182-4277ffd4c9eb'}",29.75,33.7,2200.0,2199.78,24020116.0,15.0,15.05,22040109.0,1600.0,1599.48,21470060.0,1385.0,1385.19,22450138.0,1800.0,1800.46,22340093.0,0.0,443320.38,25.27,32.62,1009.0
0000000027-4125-asu-nz,0000000018-3024-oms-nz,FeNOMeasurement,2be98d50-2a59-4d82-955b-54fa72a23f06,b0d302bf-f0f3-4feb-821a-8083f454e883,1223.0211181640625,487977.375,199912.671875,8133.27734375,7133.70166015625,26002.740234375,184636.40625,180072.3125,235473.078125,70199.296875,129322.609375,18642.44140625,274793.28125,5580.0830078125,19440.921875,37233.89453125,257330.515625,52684.67578125,192306.65625,20290.35546875,6902.5341796875,13237.583984375,27546.595703125,45726.79296875,2919317.75,357043.34375,1096265.625,3616762.75,10983990,5589.02197265625,67600.1875,123786240,52008184,21117.076171875,86350.9453125,202313.546875,670932.75,4360.51171875,2833425.75,1143101.625,63190.6796875,492207.875,21332.1328125,827656.75,701.4202270507812,448716.4375,446551.1875,239718.890625,961760.5,70188.828125,77639.0390625,17384.2421875,4133.77294921875,276933.34375,15018.3515625,147135.078125,33047.4453125,405485.625,1102997.625,58580.984375,7257.779296875,122709.0234375,13558.4296875,611781.6875,66470,34.05128479003906,35.743595123291016,0,0,0,0,0,0,0,0,0,0,0,1,0,0,0,0,0,0,0,False,UNKNOWN,0,0,0,0,201403149,24484,0,37.52094650268555,13,,,"{'Type': 'start', 'Data_Type': 'Synthetical', 'Protocol_name': 'ABGv5-5ppb-10RH-75ccm-Anthony-Q425', 'Trial_Details': {'RH': 0, 'group': 35, 'detail': 'N/A', 'trialnum': 23, 'TrialName': '10rh', 'identifier': 'srzyh', 'Concentration': 0}, 'Experiment_Rig': 'DA3'}",,2026-01-19 01:41:49.606,"{'cid': '50887afa-f28e-43cb-ad20-c4bac4e7cd08', 'uuid': 'b4faffaf-a8e5-42e2-9c4f-ea6016bff4f9', 'annotationId': '2be98d50-2a59-4d82-955b-54fa72a23f06', 'name': 'FeNOMeasurement', 'description': 'FeNOMeasurement', 'labels': 'FeNOMeasurement', 'metadata': {'Length': 30, 'Progress': 39, 'startTime': 1768786892859, 'Notification': 'Event FeNOMeasurement Started.'}, 'createdAt': '2026-01-19T01:41:33.087Z', 'createdBy': '5c7b5d9f-c171-4004-a182-4277ffd4c9eb'}",29.75,33.69,2200.0,2199.64,24020116.0,15.0,15.04,22040109.0,1600.0,1599.58,21470060.0,1385.0,1384.62,22450138.0,1800.0,1800.62,22340093.0,0.0,443419.4,25.27,32.62,1009.0
0000000027-4125-asu-nz,0000000018-3024-oms-nz,FeNOMeasurement,2be98d50-2a59-4d82-955b-54fa72a23f06,b0d302bf-f0f3-4feb-821a-8083f454e883,1222.204833984375,487654.78125,199914.1875,8133.03662109375,7133.923828125,26002.025390625,184623.90625,180037.953125,235652.0,70283.96875,129335.3046875,18641.41796875,274664.90625,5590.9853515625,19443.138671875,37231.03515625,257770.921875,52686.59765625,192105.234375,20293.54296875,6902.64892578125,13241.4267578125,27546.978515625,45727.92578125,2918273.25,356724.71875,1095890.875,3614378.75,10976553,5588.734375,67598.921875,123178488,52186524,21121.7734375,86334.921875,202295.546875,671046.125,4359.7607421875,2838343.0,1145902.625,63172.359375,491837.84375,21332.4609375,827283.625,701.6766967773438,448592.46875,446322.4375,239685.9375,961304.375,70161.9453125,77628.90625,17388.482421875,4140.2060546875,276887.71875,15008.7763671875,147232.40625,33048.42578125,405538.5,1103495.375,58572.81640625,7258.03076171875,122905.453125,13563.8154296875,612362.9375,66771,33.970699310302734,35.66300582885742,0,0,0,0,0,0,0,0,0,0,0,1,0,0,0,0,0,0,0,False,UNKNOWN,0,0,0,0,201403149,24484,0,37.52094650268555,13,,,"{'Type': 'start', 'Data_Type': 'Synthetical', 'Protocol_name': 'ABGv5-5ppb-10RH-75ccm-Anthony-Q425', 'Trial_Details': {'RH': 0, 'group': 35, 'detail': 'N/A', 'trialnum': 23, 'TrialName': '10rh', 'identifier': 'srzyh', 'Concentration': 0}, 'Experiment_Rig': 'DA3'}",,2026-01-19 01:41:49.907,"{'cid': '50887afa-f28e-43cb-ad20-c4bac4e7cd08', 'uuid': 'b4faffaf-a8e5-42e2-9c4f-ea6016bff4f9', 'annotationId': '2be98d50-2a59-4d82-955b-54fa72a23f06', 'name': 'FeNOMeasurement', 'description': 'FeNOMeasurement', 'labels': 'FeNOMeasurement', 'metadata': {'Length': 30, 'Progress': 39, 'startTime': 1768786892859, 'Notification': 'Event FeNOMeasurement Started.'}, 'createdAt': '2026-01-19T01:41:33.087Z', 'createdBy': '5c7b5d9f-c171-4004-a182-4277ffd4c9eb'}",29.75,33.68,2200.0,2199.49,24020116.0,15.0,15.03,22040109.0,1600.0,1599.67,21470060.0,1385.0,1384.05,22450138.0,1800.0,1800.77,22340093.0,0.0,443194.99,25.26,32.62,1009.0
0000000027-4125-asu-nz,0000000018-3024-oms-nz,FeNOMeasurement,2be98d50-2a59-4d82-955b-54fa72a23f06,b0d302bf-f0f3-4feb-821a-8083f454e883,1223.175048828125,486089.53125,199885.59375,8133.21484375,7133.7412109375,26001.759765625,184651.0,180031.078125,235498.09375,70359.71875,129361.8359375,18642.142578125,275111.375,5596.4833984375,19440.119140625,37228.34375,258334.65625,52685.3671875,191343.0625,20293.673828125,6902.50537109375,13232.615234375,27547.0703125,45722.265625,2917991.5,357287.40625,1098283.25,3613098.75,10967451,5588.130859375,68051.2734375,122601528,52442308,21125.005859375,86334.6015625,202271.515625,671076.9375,4360.1123046875,2841441.75,1145237.5,63174.7890625,492119.25,21329.916015625,827067.0,701.60791015625,448589.0,446417.03125,239681.703125,960781.3125,70169.421875,77663.640625,17381.34375,4135.79296875,276805.59375,15022.9287109375,147209.6875,33046.2421875,405520.6875,1103555.375,58575.51171875,7257.88720703125,122936.109375,13561.3203125,610540.0,67072,33.970699310302734,35.582420349121094,0,0,0,0,0,0,0,0,0,0,0,1,0,0,0,0,0,0,0,False,UNKNOWN,0,0,0,0,201403149,24484,0,37.52094650268555,13,,,"{'Type': 'start', 'Data_Type': 'Synthetical', 'Protocol_name': 'ABGv5-5ppb-10RH-75ccm-Anthony-Q425', 'Trial_Details': {'RH': 0, 'group': 35, 'detail': 'N/A', 'trialnum': 23, 'TrialName': '10rh', 'identifier': 'srzyh', 'Concentration': 0}, 'Experiment_Rig': 'DA3'}",,2026-01-19 01:41:50.217,"{'cid': '50887afa-f28e-43cb-ad20-c4bac4e7cd08', 'uuid': 'b4faffaf-a8e5-42e2-9c4f-ea6016bff4f9', 'annotationId': '2be98d50-2a59-4d82-955b-54fa72a23f06', 'name': 'FeNOMeasurement', 'description': 'FeNOMeasurement', 'labels': 'FeNOMeasurement', 'metadata': {'Length': 30, 'Progress': 39, 'startTime': 1768786892859, 'Notification': 'Event FeNOMeasurement Started.'}, 'createdAt': '2026-01-19T01:41:33.087Z', 'createdBy': '5c7b5d9f-c171-4004-a182-4277ffd4c9eb'}",29.75,33.67,2200.0,2199.39,24020116.0,15.0,15.03,22040109.0,1600.0,1599.76,21470060.0,1385.0,1383.49,22450138.0,1800.0,1800.93,22340093.0,0.0,442963.86,25.26,32.62,1009.01
0000000027-4125-asu-nz,0000000018-3024-oms-nz,FeNOMeasurement,2be98d50-2a59-4d82-955b-54fa72a23f06,b0d302bf-f0f3-4feb-821a-8083f454e883,1221.2459716796875,487186.375,199895.484375,8133.0185546875,7133.376953125,26001.150390625,184630.1875,180017.90625,235687.59375,70289.1171875,129371.0234375,18641.09375,275974.8125,5578.69775390625,19442.6875,37227.73828125,257946.828125,52686.359375,191837.421875,20288.421875,6902.845703125,13228.064453125,27544.962890625,45724.05078125,2918961.0,356619.1875,1100193.5,3613796.5,10962033,5588.611328125,69675.546875,122486656,52690180,21122.078125,86340.625,202283.9375,671079.25,4360.646484375,2845375.25,1144400.5,63168.19921875,492087.375,21331.279296875,826848.5,702.089599609375,448494.6875,445437.34375,239664.75,959893.75,70150.578125,77622.03125,17376.041015625,4140.97265625,276854.34375,15028.125,147131.328125,33037.90234375,405422.34375,1103548.625,58575.27734375,7257.77734375,122840.1875,13556.8818359375,609312.375,67373,33.80952835083008,35.66300582885742,0,0,0,0,0,0,0,0,0,0,0,1,0,0,0,0,0,0,0,False,UNKNOWN,0,0,0,0,201403149,24484,0,37.52094650268555,13,,,"{'Type': 'start', 'Data_Type': 'Synthetical', 'Protocol_name': 'ABGv5-5ppb-10RH-75ccm-Anthony-Q425', 'Trial_Details': {'RH': 0, 'group': 35, 'detail': 'N/A', 'trialnum': 23, 'TrialName': '10rh', 'identifier': 'srzyh', 'Concentration': 0}, 'Experiment_Rig': 'DA3'}",,2026-01-19 01:41:50.509,"{'cid': '50887afa-f28e-43cb-ad20-c4bac4e7cd08', 'uuid': 'b4faffaf-a8e5-42e2-9c4f-ea6016bff4f9', 'annotationId': '2be98d50-2a59-4d82-955b-54fa72a23f06', 'name': 'FeNOMeasurement', 'description': 'FeNOMeasurement', 'labels': 'FeNOMeasurement', 'metadata': {'Length': 30, 'Progress': 39, 'startTime': 1768786892859, 'Notification': 'Event FeNOMeasurement Started.'}, 'createdAt': '2026-01-19T01:41:33.087Z', 'createdBy': '5c7b5d9f-c171-4004-a182-4277ffd4c9eb'}",29.75,33.67,2200.0,2199.69,24020116.0,15.0,15.04,22040109.0,1600.0,1599.73,21470060.0,1385.0,1383.26,22450138.0,1800.0,1801.08,22340093.0,0.0,442746.16,25.25,32.62,1009.01
0000000027-4125-asu-nz,0000000018-3024-oms-nz,FeNOMeasurement,2be98d50-2a59-4d82-955b-54fa72a23f06,b0d302bf-f0f3-4feb-821a-8083f454e883,1222.6781005859375,486339.71875,199913.28125,8132.6806640625,7133.521484375,26001.373046875,184630.140625,180030.390625,235330.703125,70315.5078125,129381.359375,18641.685546875,275667.28125,5581.4873046875,19440.95703125,37219.74609375,258226.484375,52680.6171875,191210.953125,20290.375,6902.00341796875,13249.1279296875,27544.50390625,45726.9921875,2921214.75,353433.84375,1101585.625,3616365.75,10973064,5588.94091796875,68489.7578125,122729816,52978156,21114.740234375,86290.09375,202295.78125,671196.0,4361.08447265625,2851300.25,1146628.25,63164.78125,492074.625,21329.884765625,826655.875,701.6241455078125,448594.34375,445933.78125,239651.28125,958765.0,70151.0703125,77608.625,17384.77734375,4144.080078125,276517.5,15029.9130859375,147356.8125,33030.84765625,405342.90625,1102830.375,58575.15234375,7257.9775390625,122671.2578125,13565.16015625,609987.875,67674,33.890113830566406,35.66300582885742,0,0,0,0,0,0,0,0,0,0,0,1,0,0,0,0,0,0,0,False,UNKNOWN,0,0,0,0,201403149,24484,0,37.52094650268555,13,,,"{'Type': 'start', 'Data_Type': 'Synthetical', 'Protocol_name': 'ABGv5-5ppb-10RH-75ccm-Anthony-Q425', 'Trial_Details': {'RH': 0, 'group': 35, 'detail': 'N/A', 'trialnum': 23, 'TrialName': '10rh', 'identifier': 'srzyh', 'Concentration': 0}, 'Experiment_Rig': 'DA3'}",,2026-01-19 01:41:50.810,"{'cid': '50887afa-f28e-43cb-ad20-c4bac4e7cd08', 'uuid': 'b4faffaf-a8e5-42e2-9c4f-ea6016bff4f9', 'annotationId': '2be98d50-2a59-4d82-955b-54fa72a23f06', 'name': 'FeNOMeasurement', 'description': 'FeNOMeasurement', 'labels': 'FeNOMeasurement', 'metadata': {'Length': 30, 'Progress': 39, 'startTime': 1768786892859, 'Notification': 'Event FeNOMeasurement Started.'}, 'createdAt': '2026-01-19T01:41:33.087Z', 'createdBy': '5c7b5d9f-c171-4004-a182-4277ffd4c9eb'}",29.75,33.67,2200.0,2200.0,24020116.0,15.0,15.05,22040109.0,1600.0,1599.71,21470060.0,1385.0,1383.02,22450138.0,1800.0,1801.24,22340093.0,0.0,442554.51,25.25,32.62,1009.01
0000000027-4125-asu-nz,0000000018-3024-oms-nz,FeNOMeasurement,2be98d50-2a59-4d82-955b-54fa72a23f06,b0d302bf-f0f3-4feb-821a-8083f454e883,1223.21435546875,486202.375,199943.40625,8132.65576171875,7133.673828125,26002.01953125,184598.140625,180044.359375,235391.875,70288.8046875,129372.1796875,18642.591796875,275932.9375,5568.54150390625,19443.203125,37226.34765625,258174.328125,52682.7734375,191179.140625,20286.857421875,6902.12548828125,13240.7724609375,27543.443359375,45734.43359375,2923442.25,355456.6875,1100402.25,3618953.5,10979182,5589.07373046875,66983.0546875,123202088,53182500,21117.6328125,86281.7109375,202281.046875,671247.25,4361.13037109375,2848540.25,1143908.5,63164.9921875,492173.53125,21332.54296875,826193.5625,700.3316040039062,448505.96875,446258.53125,239631.5625,957801.5,70162.609375,77646.8671875,17381.2109375,4147.43798828125,276827.78125,15007.578125,147832.578125,33030.8515625,405070.53125,1101759.25,58569.83203125,7258.5517578125,122729.40625,13560.8818359375,611160.25,67975,33.80952835083008,35.66300582885742,0,0,0,0,0,0,0,0,0,0,0,1,0,0,0,0,0,0,0,False,UNKNOWN,0,0,0,0,201403149,24484,0,37.52094650268555,13,,,"{'Type': 'start', 'Data_Type': 'Synthetical', 'Protocol_name': 'ABGv5-5ppb-10RH-75ccm-Anthony-Q425', 'Trial_Details': {'RH': 0, 'group': 35, 'detail': 'N/A', 'trialnum': 23, 'TrialName': '10rh', 'identifier': 'srzyh', 'Concentration': 0}, 'Experiment_Rig': 'DA3'}",,2026-01-19 01:41:51.111,"{'cid': '50887afa-f28e-43cb-ad20-c4bac4e7cd08', 'uuid': 'b4faffaf-a8e5-42e2-9c4f-ea6016bff4f9', 'annotationId': '2be98d50-2a59-4d82-955b-54fa72a23f06', 'name': 'FeNOMeasurement', 'description': 'FeNOMeasurement', 'labels': 'FeNOMeasurement', 'metadata': {'Length': 30, 'Progress': 39, 'startTime': 1768786892859, 'Notification': 'Event FeNOMeasurement Started.'}, 'createdAt': '2026-01-19T01:41:33.087Z', 'createdBy': '5c7b5d9f-c171-4004-a182-4277ffd4c9eb'}",29.75,33.67,2200.0,2200.31,24020116.0,15.0,15.06,22040109.0,1600.0,1599.69,21470060.0,1385.0,1382.79,22450138.0,1800.0,1801.39,22340093.0,0.0,442405.38,25.24,32.62,1009.0
0000000027-4125-asu-nz,0000000018-3024-oms-nz,FeNOMeasurement,2be98d50-2a59-4d82-955b-54fa72a23f06,b0d302bf-f0f3-4feb-821a-8083f454e883,1221.42138671875,486500.9375,199948.234375,8132.1181640625,7134.2080078125,26004.5234375,184584.625,180054.21875,235460.65625,70233.25,129392.7890625,18642.5625,275443.9375,5564.32080078125,19442.048828125,37236.0390625,258114.0,52680.3203125,190911.234375,20307.05859375,6902.453125,13246.7744140625,27540.794921875,45729.1796875,2925555.5,357256.3125,1101590.25,3620776.5,10987313,5588.59423828125,66051.28125,123741232,53354424,21115.94921875,86269.578125,202246.28125,671105.0,4360.8466796875,2848731.25,1147661.625,63173.16796875,492167.1875,21328.814453125,826779.6875,701.348388671875,448903.40625,446424.28125,239643.71875,957250.375,70134.984375,77598.1328125,17383.1484375,4138.14404296875,276457.65625,15007.2060546875,146723.921875,33026.80078125,405177.78125,1101014.625,58564.24609375,7257.81005859375,122635.3203125,13557.291015625,611725.4375,68276,33.970699310302734,35.582420349121094,0,0,0,0,0,0,0,0,0,0,0,1,0,0,0,0,0,0,0,False,UNKNOWN,0,0,0,0,201403149,24484,0,37.52094650268555,13,,,"{'Type': 'start', 'Data_Type': 'Synthetical', 'Protocol_name': 'ABGv5-5ppb-10RH-75ccm-Anthony-Q425', 'Trial_Details': {'RH': 0, 'group': 35, 'detail': 'N/A', 'trialnum': 23, 'TrialName': '10rh', 'identifier': 'srzyh', 'Concentration': 0}, 'Experiment_Rig': 'DA3'}",,2026-01-19 01:41:51.412,"{'cid': '50887afa-f28e-43cb-ad20-c4bac4e7cd08', 'uuid': 'b4faffaf-a8e5-42e2-9c4f-ea6016bff4f9', 'annotationId': '2be98d50-2a59-4d82-955b-54fa72a23f06', 'name': 'FeNOMeasurement', 'description': 'FeNOMeasurement', 'labels': 'FeNOMeasurement', 'metadata': {'Length': 30, 'Progress': 39, 'startTime': 1768786892859, 'Notification': 'Event FeNOMeasurement Started.'}, 'createdAt': '2026-01-19T01:41:33.087Z', 'createdBy': '5c7b5d9f-c171-4004-a182-4277ffd4c9eb'}",29.75,33.67,2200.0,2200.41,24020116.0,15.0,15.05,22040109.0,1600.0,1599.43,21470060.0,1385.0,1383.52,22450138.0,1800.0,1801.34,22340093.0,0.0,442256.26,25.24,32.62,1009.0
0000000027-4125-asu-nz,0000000018-3024-oms-nz,FeNOMeasurement,2be98d50-2a59-4d82-955b-54fa72a23f06,b0d302bf-f0f3-4feb-821a-8083f454e883,1222.1636962890625,487506.28125,199962.484375,8132.71337890625,7133.54638671875,26006.994140625,184673.578125,180034.71875,235608.953125,70277.40625,129398.4296875,18643.66015625,275605.9375,5561.31787109375,19440.76171875,37234.671875,258038.859375,52687.26171875,190976.328125,20289.638671875,6902.1416015625,13242.458984375,27540.78125,45729.984375,2927952.5,357601.03125,1103148.625,3622324.5,10997902,5588.00830078125,67254.7734375,124594088,53406380,21120.650390625,86284.265625,202236.46875,670841.375,4361.111328125,2847650.0,1142826.5,63174.57421875,492292.40625,21331.43359375,826421.3125,701.7213134765625,448715.9375,446330.25,239671.296875,956770.0,70147.6171875,77633.28125,17382.587890625,4144.90234375,276728.375,15003.1640625,147510.9375,33030.7578125,405220.5625,1100479.375,58565.01953125,7257.49658203125,122702.4765625,13560.2548828125,611300.875,68577,33.970699310302734,35.743595123291016,0,0,0,0,0,0,0,0,0,0,0,1,0,0,0,0,0,0,0,False,UNKNOWN,0,0,0,0,201403149,24484,0,37.52094650268555,13,,,"{'Type': 'start', 'Data_Type': 'Synthetical', 'Protocol_name': 'ABGv5-5ppb-10RH-75ccm-Anthony-Q425', 'Trial_Details': {'RH': 0, 'group': 35, 'detail': 'N/A', 'trialnum': 23, 'TrialName': '10rh', 'identifier': 'srzyh', 'Concentration': 0}, 'Experiment_Rig': 'DA3'}",,2026-01-19 01:41:51.713,"{'cid': '50887afa-f28e-43cb-ad20-c4bac4e7cd08', 'uuid': 'b4faffaf-a8e5-42e2-9c4f-ea6016bff4f9', 'annotationId': '2be98d50-2a59-4d82-955b-54fa72a23f06', 'name': 'FeNOMeasurement', 'description': 'FeNOMeasurement', 'labels': 'FeNOMeasurement', 'metadata': {'Length': 30, 'Progress': 39, 'startTime': 1768786892859, 'Notification': 'Event FeNOMeasurement Started.'}, 'createdAt': '2026-01-19T01:41:33.087Z', 'createdBy': '5c7b5d9f-c171-4004-a182-4277ffd4c9eb'}",29.76,33.66,2200.0,2200.42,24020116.0,15.0,15.04,22040109.0,1600.0,1599.1,21470060.0,1385.0,1384.61,22450138.0,1800.0,1801.2,22340093.0,0.0,442107.13,25.23,32.62,1008.99
0000000027-4125-asu-nz,0000000018-3024-oms-nz,FeNOMeasurement,2be98d50-2a59-4d82-955b-54fa72a23f06,b0d302bf-f0f3-4feb-821a-8083f454e883,1222.7308349609375,487711.09375,199991.46875,8132.67724609375,7134.009765625,26006.791015625,184649.53125,180061.953125,235884.625,70230.828125,129406.046875,18643.986328125,275621.375,5565.5634765625,19439.828125,37234.875,257862.203125,52682.33984375,191830.640625,20294.818359375,6902.45751953125,13237.0498046875,27538.00390625,45728.53125,2930660.5,358360.625,1101097.75,3623399.25,11007547,5588.84033203125,67933.625,125450600,53383784,21121.759765625,86291.7265625,202193.171875,670677.875,4360.1630859375,2845292.5,1144290.125,63185.08984375,492196.375,21328.517578125,826218.9375,701.8311157226562,448932.28125,446362.0625,239669.640625,956324.3125,70117.1171875,77632.6796875,17381.49609375,4149.615234375,276350.4375,14999.6611328125,147746.046875,33029.18359375,405118.1875,1100542.375,58569.4140625,7257.40234375,122633.984375,13567.6787109375,609188.75,68878,33.890113830566406,35.66300582885742,0,0,0,0,0,0,0,0,0,0,0,1,0,0,0,0,0,0,0,False,UNKNOWN,0,0,0,0,201403149,24484,0,37.52094650268555,13,,,"{'Type': 'start', 'Data_Type': 'Synthetical', 'Protocol_name': 'ABGv5-5ppb-10RH-75ccm-Anthony-Q425', 'Trial_Details': {'RH': 0, 'group': 35, 'detail': 'N/A', 'trialnum': 23, 'TrialName': '10rh', 'identifier': 'srzyh', 'Concentration': 0}, 'Experiment_Rig': 'DA3'}",,2026-01-19 01:41:52.014,"{'cid': '50887afa-f28e-43cb-ad20-c4bac4e7cd08', 'uuid': 'b4faffaf-a8e5-42e2-9c4f-ea6016bff4f9', 'annotationId': '2be98d50-2a59-4d82-955b-54fa72a23f06', 'name': 'FeNOMeasurement', 'description': 'FeNOMeasurement', 'labels': 'FeNOMeasurement', 'metadata': {'Length': 30, 'Progress': 39, 'startTime': 1768786892859, 'Notification': 'Event FeNOMeasurement Started.'}, 'createdAt': '2026-01-19T01:41:33.087Z', 'createdBy': '5c7b5d9f-c171-4004-a182-4277ffd4c9eb'}",29.76,33.65,2200.0,2200.43,24020116.0,15.0,15.03,22040109.0,1600.0,1598.77,21470060.0,1385.0,1385.71,22450138.0,1800.0,1801.05,22340093.0,0.0,441914.45,25.23,32.62,1008.99
0000000027-4125-asu-nz,0000000018-3024-oms-nz,FeNOMeasurement,2be98d50-2a59-4d82-955b-54fa72a23f06,b0d302bf-f0f3-4feb-821a-8083f454e883,1222.2767333984375,487998.1875,200019.625,8133.1123046875,7134.19580078125,26007.171875,184613.828125,180063.046875,235992.5,70231.8671875,129383.453125,18642.767578125,275531.46875,5566.89990234375,19438.57421875,37239.609375,257832.765625,52684.05859375,191141.515625,20290.05078125,6902.2001953125,13245.595703125,27537.42578125,45722.25390625,2933675.25,356882.65625,1098179.875,3624017.5,11018069,5588.35986328125,67783.171875,126328760,53264068,21122.423828125,86294.5234375,202189.96875,670567.125,4359.5439453125,2843815.0,1138809.875,63188.640625,492310.0625,21329.380859375,826963.375,701.4259643554688,448754.46875,446313.0625,239719.46875,956450.375,70135.984375,77637.3125,17386.74609375,4149.50048828125,276693.1875,15023.5224609375,146818.734375,33026.7109375,405100.5,1100326.875,58569.6171875,7258.00537109375,122807.0625,13557.892578125,609862.75,69179,33.970699310302734,35.743595123291016,0,0,0,0,0,0,0,0,0,0,0,1,0,0,0,0,0,0,0,False,UNKNOWN,0,0,0,0,201403149,24484,0,37.52094650268555,13,,,"{'Type': 'start', 'Data_Type': 'Synthetical', 'Protocol_name': 'ABGv5-5ppb-10RH-75ccm-Anthony-Q425', 'Trial_Details': {'RH': 0, 'group': 35, 'detail': 'N/A', 'trialnum': 23, 'TrialName': '10rh', 'identifier': 'srzyh', 'Concentration': 0}, 'Experiment_Rig': 'DA3'}",,2026-01-19 01:41:52.315,"{'cid': '50887afa-f28e-43cb-ad20-c4bac4e7cd08', 'uuid': 'b4faffaf-a8e5-42e2-9c4f-ea6016bff4f9', 'annotationId': '2be98d50-2a59-4d82-955b-54fa72a23f06', 'name': 'FeNOMeasurement', 'description': 'FeNOMeasurement', 'labels': 'FeNOMeasurement', 'metadata': {'Length': 30, 'Progress': 39, 'startTime': 1768786892859, 'Notification': 'Event FeNOMeasurement Started.'}, 'createdAt': '2026-01-19T01:41:33.087Z', 'createdBy': '5c7b5d9f-c171-4004-a182-4277ffd4c9eb'}",29.76,33.65,2200.0,2200.44,24020116.0,15.0,15.02,22040109.0,1600.0,1598.65,21470060.0,1385.0,1386.18,22450138.0,1800.0,1800.84,22340093.0,0.0,441691.68,25.22,32.62,1008.99
0000000027-4125-asu-nz,0000000018-3024-oms-nz,FeNOMeasurement,2be98d50-2a59-4d82-955b-54fa72a23f06,b0d302bf-f0f3-4feb-821a-8083f454e883,1222.1387939453125,487142.46875,200027.4375,8132.69775390625,7134.4560546875,26005.330078125,184680.71875,180074.015625,236014.171875,70194.3515625,129369.296875,18643.1875,275730.5,5579.3056640625,19438.38671875,37242.19921875,257933.78125,52681.81640625,192046.515625,20287.17578125,6902.12744140625,13239.9365234375,27534.41015625,45728.41015625,2935945.0,357541.40625,1099426.5,3623710.5,11022595,5589.275390625,67397.015625,126877936,53036628,21124.224609375,86277.078125,202160.859375,670559.75,4361.0771484375,2841509.25,1139053.25,63199.828125,492450.8125,21329.625,826133.9375,701.77294921875,448756.59375,446580.875,239757.609375,957035.8125,70139.171875,77690.8203125,17384.947265625,4135.05419921875,276870.375,14999.3857421875,147678.265625,33023.5390625,405160.375,1099754.875,58572.8359375,7258.06494140625,122863.3046875,13558.544921875,610565.75,69480,33.80952835083008,35.582420349121094,0,0,0,0,0,0,0,0,0,0,0,1,0,0,0,0,0,0,0,False,UNKNOWN,0,0,0,0,201408182,24484,0,38.22843551635742,13,,,"{'Type': 'start', 'Data_Type': 'Synthetical', 'Protocol_name': 'ABGv5-5ppb-10RH-75ccm-Anthony-Q425', 'Trial_Details': {'RH': 0, 'group': 35, 'detail': 'N/A', 'trialnum': 23, 'TrialName': '10rh', 'identifier': 'srzyh', 'Concentration': 0}, 'Experiment_Rig': 'DA3'}",,2026-01-19 01:41:52.616,"{'cid': '50887afa-f28e-43cb-ad20-c4bac4e7cd08', 'uuid': 'b4faffaf-a8e5-42e2-9c4f-ea6016bff4f9', 'annotationId': '2be98d50-2a59-4d82-955b-54fa72a23f06', 'name': 'FeNOMeasurement', 'description': 'FeNOMeasurement', 'labels': 'FeNOMeasurement', 'metadata': {'Length': 30, 'Progress': 39, 'startTime': 1768786892859, 'Notification': 'Event FeNOMeasurement Started.'}, 'createdAt': '2026-01-19T01:41:33.087Z', 'createdBy': '5c7b5d9f-c171-4004-a182-4277ffd4c9eb'}",29.76,33.65,2200.0,2200.46,24020116.0,15.0,15.01,22040109.0,1600.0,1598.89,21470060.0,1385.0,1385.61,22450138.0,1800.0,1800.48,22340093.0,0.0,441468.92,25.22,32.62,1009.0
0000000027-4125-asu-nz,0000000018-3024-oms-nz,FeNOMeasurement,2be98d50-2a59-4d82-955b-54fa72a23f06,b0d302bf-f0f3-4feb-821a-8083f454e883,1222.4951171875,486902.625,200018.078125,8133.08642578125,7134.82666015625,26007.9140625,184668.796875,180093.109375,235682.625,70277.203125,129361.0078125,18643.771484375,275921.59375,5596.38037109375,19439.044921875,37238.8984375,257995.671875,52675.0078125,192207.90625,20287.87890625,6902.09521484375,13235.5888671875,27533.740234375,45723.23046875,2935394.25,357059.5625,1099129.375,3623563.0,11023171,5588.23876953125,68251.359375,127017976,52777652,21117.279296875,86300.5078125,202185.9375,670525.3125,4361.50146484375,2838692.0,1133675.75,63198.9140625,492561.8125,21331.275390625,826887.125,702.3899536132812,449044.65625,446420.4375,239762.609375,958043.0625,70150.6171875,77636.828125,17385.31640625,4145.2978515625,274784.53125,14965.66015625,147394.359375,33026.86328125,405168.53125,1099500.625,58575.5234375,7258.10400390625,122862.1640625,13563.6640625,608522.1875,69781,33.890113830566406,35.42124938964844,0,0,0,0,0,0,0,0,0,0,0,1,0,0,0,0,0,0,0,False,UNKNOWN,0,0,0,0,201408182,24484,0,38.22843551635742,13,,,"{'Type': 'start', 'Data_Type': 'Synthetical', 'Protocol_name': 'ABGv5-5ppb-10RH-75ccm-Anthony-Q425', 'Trial_Details': {'RH': 0, 'group': 35, 'detail': 'N/A', 'trialnum': 23, 'TrialName': '10rh', 'identifier': 'srzyh', 'Concentration': 0}, 'Experiment_Rig': 'DA3'}",,2026-01-19 01:41:52.918,"{'cid': '50887afa-f28e-43cb-ad20-c4bac4e7cd08', 'uuid': 'b4faffaf-a8e5-42e2-9c4f-ea6016bff4f9', 'annotationId': '2be98d50-2a59-4d82-955b-54fa72a23f06', 'name': 'FeNOMeasurement', 'description': 'FeNOMeasurement', 'labels': 'FeNOMeasurement', 'metadata': {'Length': 30, 'Progress': 39, 'startTime': 1768786892859, 'Notification': 'Event FeNOMeasurement Started.'}, 'createdAt': '2026-01-19T01:41:33.087Z', 'createdBy': '5c7b5d9f-c171-4004-a182-4277ffd4c9eb'}",29.76,33.65,2200.0,2200.47,24020116.0,15.0,15.0,22040109.0,1600.0,1599.13,21470060.0,1385.0,1385.04,22450138.0,1800.0,1800.12,22340093.0,0.0,441245.41,25.21,32.62,1009.0
0000000027-4125-asu-nz,0000000018-3024-oms-nz,FeNOMeasurement,2be98d50-2a59-4d82-955b-54fa72a23f06,b0d302bf-f0f3-4feb-821a-8083f454e883,1222.1055908203125,486962.78125,200003.671875,8133.126953125,7133.80810546875,26008.15625,184639.28125,180091.46875,235834.53125,70299.21875,129336.796875,18643.931640625,276101.03125,5579.55126953125,19439.55859375,37229.4921875,257986.140625,52682.54296875,191723.3125,20291.943359375,6902.04541015625,13232.3642578125,27531.275390625,45723.61328125,2931222.25,355727.0,1099143.75,3622360.75,11021371,5588.69140625,67859.3125,126945744,52517704,21119.14453125,86287.09375,202197.390625,670486.9375,4361.35009765625,2835668.0,1136556.5,63201.0390625,492905.125,21330.115234375,827842.6875,701.87353515625,448812.8125,445984.875,239773.078125,959367.375,70150.28125,77655.5859375,17386.396484375,4145.3369140625,276021.5625,15018.2822265625,147324.6875,33027.34375,405195.09375,1100028.375,58576.609375,7257.96533203125,122903.8984375,13545.3173828125,609261.0625,70082,33.80952835083008,35.743595123291016,0,0,0,0,0,0,0,0,0,0,0,1,0,0,0,0,0,0,0,False,UNKNOWN,0,0,0,0,201408182,24484,0,38.22843551635742,13,,,"{'Type': 'start', 'Data_Type': 'Synthetical', 'Protocol_name': 'ABGv5-5ppb-10RH-75ccm-Anthony-Q425', 'Trial_Details': {'RH': 0, 'group': 35, 'detail': 'N/A', 'trialnum': 23, 'TrialName': '10rh', 'identifier': 'srzyh', 'Concentration': 0}, 'Experiment_Rig': 'DA3'}",,2026-01-19 01:41:53.230,"{'cid': '50887afa-f28e-43cb-ad20-c4bac4e7cd08', 'uuid': 'b4faffaf-a8e5-42e2-9c4f-ea6016bff4f9', 'annotationId': '2be98d50-2a59-4d82-955b-54fa72a23f06', 'name': 'FeNOMeasurement', 'description': 'FeNOMeasurement', 'labels': 'FeNOMeasurement', 'metadata': {'Length': 30, 'Progress': 39, 'startTime': 1768786892859, 'Notification': 'Event FeNOMeasurement Started.'}, 'createdAt': '2026-01-19T01:41:33.087Z', 'createdBy': '5c7b5d9f-c171-4004-a182-4277ffd4c9eb'}",29.76,33.65,2200.0,2200.51,24020116.0,15.0,14.99,22040109.0,1600.0,1599.41,21470060.0,1385.0,1384.49,22450138.0,1800.0,1799.77,22340093.0,0.0,441675.34,25.21,32.62,1009.0
0000000027-4125-asu-nz,0000000018-3024-oms-nz,FeNOMeasurement,2be98d50-2a59-4d82-955b-54fa72a23f06,b0d302bf-f0f3-4feb-821a-8083f454e883,1222.7796630859375,487954.25,199992.5625,8132.986328125,7133.9248046875,26007.05859375,184771.0625,180054.671875,235520.890625,70289.0859375,129338.3984375,18642.908203125,275099.75,5579.30419921875,19436.50390625,37222.265625,258009.59375,52668.93359375,192252.25,20307.107421875,6902.361328125,13236.2412109375,27530.177734375,45722.19140625,2927819.5,356831.25,1101048.875,3621514.75,11016477,5589.8916015625,68633.6171875,126662824,52286792,21111.1015625,86292.6875,202223.546875,670513.5625,4360.0673828125,2837253.25,1139063.5,63199.859375,492230.375,21332.36328125,828745.8125,701.3922119140625,448716.5,446268.3125,239766.765625,960273.0625,70185.5625,77654.15625,17385.236328125,4138.05224609375,276290.8125,14988.8642578125,146541.484375,33032.4140625,405394.125,1101556.875,58573.51953125,7258.0341796875,123116.0859375,13551.59375,610021.375,70383,33.970699310302734,35.66300582885742,0,0,0,0,0,0,0,0,0,0,0,1,0,0,0,0,0,0,0,False,UNKNOWN,0,0,0,0,201408182,24484,0,38.22843551635742,13,,,"{'Type': 'start', 'Data_Type': 'Synthetical', 'Protocol_name': 'ABGv5-5ppb-10RH-75ccm-Anthony-Q425', 'Trial_Details': {'RH': 0, 'group': 35, 'detail': 'N/A', 'trialnum': 23, 'TrialName': '10rh', 'identifier': 'srzyh', 'Concentration': 0}, 'Experiment_Rig': 'DA3'}",,2026-01-19 01:41:53.521,"{'cid': '50887afa-f28e-43cb-ad20-c4bac4e7cd08', 'uuid': 'b4faffaf-a8e5-42e2-9c4f-ea6016bff4f9', 'annotationId': '2be98d50-2a59-4d82-955b-54fa72a23f06', 'name': 'FeNOMeasurement', 'description': 'FeNOMeasurement', 'labels': 'FeNOMeasurement', 'metadata': {'Length': 30, 'Progress': 39, 'startTime': 1768786892859, 'Notification': 'Event FeNOMeasurement Started.'}, 'createdAt': '2026-01-19T01:41:33.087Z', 'createdBy': '5c7b5d9f-c171-4004-a182-4277ffd4c9eb'}",29.76,33.64,2200.0,2200.92,24020116.0,15.0,15.0,22040109.0,1600.0,1600.01,21470060.0,1385.0,1384.58,22450138.0,1800.0,1800.02,22340093.0,0.0,442274.82,25.21,32.62,1009.0
0000000027-4125-asu-nz,0000000018-3024-oms-nz,FeNOMeasurement,2be98d50-2a59-4d82-955b-54fa72a23f06,b0d302bf-f0f3-4feb-821a-8083f454e883,1223.326904296875,488044.59375,199943.515625,8132.9697265625,7133.8916015625,26006.3046875,184729.3125,180061.0625,235603.0625,70311.734375,129329.5234375,18641.439453125,274323.8125,5553.8662109375,19436.72265625,37212.44140625,258025.90625,52671.88671875,192164.9375,20298.048828125,6902.23095703125,13241.1875,27531.580078125,45717.8828125,2924904.25,356933.0625,1102598.625,3620240.5,11007307,5588.42431640625,68623.8515625,126271864,52126268,21117.232421875,86286.4296875,202172.0,670495.125,4361.9638671875,2838161.25,1139829.0,63198.9765625,492126.375,21331.828125,828497.3125,701.628173828125,448870.375,446543.46875,239757.296875,960911.125,70149.109375,77696.8828125,17395.638671875,4129.06494140625,276632.65625,15011.2900390625,147237.15625,33033.85546875,405420.5,1101994.25,58573.29296875,7258.03076171875,123012.796875,13554.779296875,609726.0,70684,33.970699310302734,35.66300582885742,0,0,0,0,0,0,0,0,0,0,0,1,0,0,0,0,0,0,0,False,UNKNOWN,0,0,0,0,201408182,24484,0,38.22843551635742,13,,,"{'Type': 'start', 'Data_Type': 'Synthetical', 'Protocol_name': 'ABGv5-5ppb-10RH-75ccm-Anthony-Q425', 'Trial_Details': {'RH': 0, 'group': 35, 'detail': 'N/A', 'trialnum': 23, 'TrialName': '10rh', 'identifier': 'srzyh', 'Concentration': 0}, 'Experiment_Rig': 'DA3'}",,2026-01-19 01:41:53.821,"{'cid': '50887afa-f28e-43cb-ad20-c4bac4e7cd08', 'uuid': 'b4faffaf-a8e5-42e2-9c4f-ea6016bff4f9', 'annotationId': '2be98d50-2a59-4d82-955b-54fa72a23f06', 'name': 'FeNOMeasurement', 'description': 'FeNOMeasurement', 'labels': 'FeNOMeasurement', 'metadata': {'Length': 30, 'Progress': 39, 'startTime': 1768786892859, 'Notification': 'Event FeNOMeasurement Started.'}, 'createdAt': '2026-01-19T01:41:33.087Z', 'createdBy': '5c7b5d9f-c171-4004-a182-4277ffd4c9eb'}",29.75,33.64,2200.0,2201.35,24020116.0,15.0,15.01,22040109.0,1600.0,1600.62,21470060.0,1385.0,1384.67,22450138.0,1800.0,1800.29,22340093.0,0.0,442892.85,25.2,32.62,1009.0
0000000027-4125-asu-nz,0000000018-3024-oms-nz,FeNOMeasurement,2be98d50-2a59-4d82-955b-54fa72a23f06,b0d302bf-f0f3-4feb-821a-8083f454e883,1223.602783203125,486743.4375,199925.09375,8132.88671875,7134.1396484375,26006.392578125,184721.6875,180036.859375,235546.421875,70304.9375,129314.9140625,18642.16796875,275055.75,5576.197265625,19438.328125,37220.9453125,257930.96875,52666.27734375,191908.671875,20283.990234375,6902.46044921875,13241.9404296875,27531.4921875,45725.24609375,2922151.0,356377.75,1102312.125,3619435.5,11002499,5588.708984375,68750.8046875,125502584,52063728,21115.431640625,86293.5703125,202220.125,670772.6875,4361.140625,2842428.0,1138038.875,63192.3671875,492162.5,21331.3359375,829137.75,701.777099609375,448833.0,446394.5,239742.84375,961168.6875,70174.3046875,77677.203125,17386.830078125,4142.849609375,276843.9375,15010.42578125,147449.078125,33035.46484375,405472.40625,1102692.375,58583.875,7257.66650390625,122856.4375,13552.59375,610767.75,70985,34.05128479003906,35.743595123291016,0,0,0,0,0,0,0,0,0,0,0,1,0,0,0,0,0,0,0,False,UNKNOWN,0,0,0,0,201408182,24484,0,38.22843551635742,13,,,"{'Type': 'start', 'Data_Type': 'Synthetical', 'Protocol_name': 'ABGv5-5ppb-10RH-75ccm-Anthony-Q425', 'Trial_Details': {'RH': 0, 'group': 35, 'detail': 'N/A', 'trialnum': 23, 'TrialName': '10rh', 'identifier': 'srzyh', 'Concentration': 0}, 'Experiment_Rig': 'DA3'}",,2026-01-19 01:41:54.123,"{'cid': '50887afa-f28e-43cb-ad20-c4bac4e7cd08', 'uuid': 'b4faffaf-a8e5-42e2-9c4f-ea6016bff4f9', 'annotationId': '2be98d50-2a59-4d82-955b-54fa72a23f06', 'name': 'FeNOMeasurement', 'description': 'FeNOMeasurement', 'labels': 'FeNOMeasurement', 'metadata': {'Length': 30, 'Progress': 39, 'startTime': 1768786892859, 'Notification': 'Event FeNOMeasurement Started.'}, 'createdAt': '2026-01-19T01:41:33.087Z', 'createdBy': '5c7b5d9f-c171-4004-a182-4277ffd4c9eb'}",29.75,33.63,2200.0,2201.78,24020116.0,15.0,15.02,22040109.0,1600.0,1601.25,21470060.0,1385.0,1384.77,22450138.0,1800.0,1800.55,22340093.0,0.0,443458.26,25.2,32.62,1009.0
0000000027-4125-asu-nz,0000000018-3024-oms-nz,FeNOMeasurement,2be98d50-2a59-4d82-955b-54fa72a23f06,b0d302bf-f0f3-4feb-821a-8083f454e883,1223.67578125,486084.375,199903.03125,8132.970703125,7134.0673828125,26004.796875,184683.921875,180005.046875,235770.609375,70219.9296875,129325.125,18641.478515625,276193.5625,5561.748046875,19438.634765625,37231.7421875,257884.03125,52674.515625,192408.828125,20292.548828125,6902.69287109375,13225.9765625,27531.283203125,45731.95703125,2920804.0,357093.5625,1102719.5,3618007.25,10998000,5588.73583984375,69369.1640625,124736424,52094876,21117.12890625,86297.375,202286.0,670924.8125,4360.1845703125,2843967.0,1136961.5,63186.50390625,491966.78125,21330.814453125,828374.25,702.1625366210938,448651.125,446352.5625,239733.21875,961693.1875,70163.921875,77691.2890625,17387.76171875,4130.748046875,276454.5625,14993.80078125,147145.5,33034.2734375,405536.21875,1102889.125,58586.49609375,7257.068359375,123016.0859375,13554.4599609375,609955.1875,71286,33.890113830566406,35.582420349121094,0,0,0,0,0,0,0,0,0,0,0,1,0,0,0,0,0,0,0,False,UNKNOWN,0,0,0,0,201408182,24484,0,38.22843551635742,13,,,"{'Type': 'start', 'Data_Type': 'Synthetical', 'Protocol_name': 'ABGv5-5ppb-10RH-75ccm-Anthony-Q425', 'Trial_Details': {'RH': 0, 'group': 35, 'detail': 'N/A', 'trialnum': 23, 'TrialName': '10rh', 'identifier': 'srzyh', 'Concentration': 0}, 'Experiment_Rig': 'DA3'}",,2026-01-19 01:41:54.423,"{'cid': '50887afa-f28e-43cb-ad20-c4bac4e7cd08', 'uuid': 'b4faffaf-a8e5-42e2-9c4f-ea6016bff4f9', 'annotationId': '2be98d50-2a59-4d82-955b-54fa72a23f06', 'name': 'FeNOMeasurement', 'description': 'FeNOMeasurement', 'labels': 'FeNOMeasurement', 'metadata': {'Length': 30, 'Progress': 39, 'startTime': 1768786892859, 'Notification': 'Event FeNOMeasurement Started.'}, 'createdAt': '2026-01-19T01:41:33.087Z', 'createdBy': '5c7b5d9f-c171-4004-a182-4277ffd4c9eb'}",29.75,33.62,2200.0,2201.78,24020116.0,15.0,15.02,22040109.0,1600.0,1601.11,21470060.0,1385.0,1384.82,22450138.0,1800.0,1800.78,22340093.0,0.0,443012.56,25.2,32.62,1009.0
0000000027-4125-asu-nz,0000000018-3024-oms-nz,FeNOMeasurement,2be98d50-2a59-4d82-955b-54fa72a23f06,b0d302bf-f0f3-4feb-821a-8083f454e883,1223.3363037109375,486998.40625,199892.234375,8133.17822265625,7134.36083984375,26006.705078125,184631.953125,180011.0625,235472.921875,70218.1875,129313.71875,18642.9765625,276039.21875,5567.59130859375,19437.857421875,37225.90625,257846.171875,52681.03515625,192330.390625,20293.435546875,6902.44921875,13238.7353515625,27532.294921875,45729.234375,2918962.0,356624.40625,1101794.5,3615802.0,10995480,5588.87890625,67622.8203125,124038016,52194200,21117.923828125,86289.2578125,202253.5625,670967.875,4360.701171875,2849735.25,1137929.0,63179.390625,491939.96875,21328.177734375,825895.5,701.4768676757812,448706.375,446673.5,239699.3125,961764.0,70158.8203125,77696.7265625,17386.845703125,4133.96044921875,276450.5,15026.345703125,145119.0,33030.9375,405498.375,1103313.0,58594.8359375,7257.625,123014.3203125,13553.5966796875,611012.0,71587,33.970699310302734,35.743595123291016,0,0,0,0,0,0,0,0,0,0,0,1,0,0,0,0,0,0,0,False,UNKNOWN,0,0,0,0,201408182,24484,0,38.22843551635742,13,,,"{'Type': 'start', 'Data_Type': 'Synthetical', 'Protocol_name': 'ABGv5-5ppb-10RH-75ccm-Anthony-Q425', 'Trial_Details': {'RH': 0, 'group': 35, 'detail': 'N/A', 'trialnum': 23, 'TrialName': '10rh', 'identifier': 'srzyh', 'Concentration': 0}, 'Experiment_Rig': 'DA3'}",,2026-01-19 01:41:54.725,"{'cid': '50887afa-f28e-43cb-ad20-c4bac4e7cd08', 'uuid': 'b4faffaf-a8e5-42e2-9c4f-ea6016bff4f9', 'annotationId': '2be98d50-2a59-4d82-955b-54fa72a23f06', 'name': 'FeNOMeasurement', 'description': 'FeNOMeasurement', 'labels': 'FeNOMeasurement', 'metadata': {'Length': 30, 'Progress': 39, 'startTime': 1768786892859, 'Notification': 'Event FeNOMeasurement Started.'}, 'createdAt': '2026-01-19T01:41:33.087Z', 'createdBy': '5c7b5d9f-c171-4004-a182-4277ffd4c9eb'}",29.76,33.61,2200.0,2201.56,24020116.0,15.0,15.03,22040109.0,1600.0,1600.63,21470060.0,1385.0,1384.84,22450138.0,1800.0,1801.0,22340093.0,0.0,442563.88,25.19,32.62,1009.01
0000000027-4125-asu-nz,0000000018-3024-oms-nz,FeNOMeasurement,2be98d50-2a59-4d82-955b-54fa72a23f06,b0d302bf-f0f3-4feb-821a-8083f454e883,1222.3848876953125,486294.40625,199859.171875,8132.93994140625,7133.8671875,26007.029296875,184618.140625,179986.25,235506.625,70109.296875,129323.3125,18640.783203125,276183.1875,5573.36865234375,19437.111328125,37230.82421875,257680.484375,52682.81640625,191963.984375,20287.154296875,6902.8359375,13239.0185546875,27532.9296875,45732.1640625,2917908.5,357232.375,1102099.875,3614484.0,10992652,5588.20263671875,68076.5234375,123398288,52385044,21119.83984375,86295.2734375,202243.859375,671034.0,4360.0849609375,2854147.0,1131941.125,63162.46875,491550.9375,21330.7734375,827226.25,701.340087890625,448267.5625,446306.84375,239656.5625,961188.625,70115.65625,77677.375,17387.357421875,4133.5244140625,276430.9375,15053.1884765625,145951.890625,33035.04296875,405447.53125,1103406.25,58583.1171875,7257.62451171875,123062.0390625,13543.7607421875,609808.0625,71888,33.890113830566406,35.582420349121094,0,0,0,0,0,0,0,0,0,0,0,1,0,0,0,0,0,0,0,False,UNKNOWN,0,0,0,0,201408182,24484,0,38.22843551635742,13,,,"{'Type': 'start', 'Data_Type': 'Synthetical', 'Protocol_name': 'ABGv5-5ppb-10RH-75ccm-Anthony-Q425', 'Trial_Details': {'RH': 0, 'group': 35, 'detail': 'N/A', 'trialnum': 23, 'TrialName': '10rh', 'identifier': 'srzyh', 'Concentration': 0}, 'Experiment_Rig': 'DA3'}",,2026-01-19 01:41:55.025,"{'cid': '50887afa-f28e-43cb-ad20-c4bac4e7cd08', 'uuid': 'b4faffaf-a8e5-42e2-9c4f-ea6016bff4f9', 'annotationId': '2be98d50-2a59-4d82-955b-54fa72a23f06', 'name': 'FeNOMeasurement', 'description': 'FeNOMeasurement', 'labels': 'FeNOMeasurement', 'metadata': {'Length': 30, 'Progress': 39, 'startTime': 1768786892859, 'Notification': 'Event FeNOMeasurement Started.'}, 'createdAt': '2026-01-19T01:41:33.087Z', 'createdBy': '5c7b5d9f-c171-4004-a182-4277ffd4c9eb'}",29.76,33.6,2200.0,2201.35,24020116.0,15.0,15.04,22040109.0,1600.0,1600.16,21470060.0,1385.0,1384.86,22450138.0,1800.0,1801.21,22340093.0,0.0,442118.18,25.19,32.62,1009.01
0000000027-4125-asu-nz,0000000018-3024-oms-nz,FeNOMeasurement,2be98d50-2a59-4d82-955b-54fa72a23f06,b0d302bf-f0f3-4feb-821a-8083f454e883,1222.39404296875,486070.40625,199892.953125,8132.3671875,7134.28759765625,26006.337890625,184578.15625,179982.390625,236009.390625,70148.1875,129333.75,18641.59375,276032.625,5579.92333984375,19436.2421875,37226.0,257914.640625,52685.85546875,190970.109375,20287.408203125,6902.07666015625,13242.744140625,27532.44921875,45725.9375,2917840.75,357511.78125,1100048.0,3614114.25,10986298,5588.08154296875,67553.3671875,122945944,52636592,21121.041015625,86315.7734375,202192.21875,671046.4375,4362.30908203125,2863215.5,1129534.625,63167.6328125,491638.28125,21330.130859375,826043.1875,702.3048095703125,448179.6875,445504.75,239623.90625,960335.6875,70166.1640625,77620.0078125,17386.248046875,4138.94921875,276636.40625,15016.5244140625,145096.390625,33038.64453125,405730.25,1103798.875,58568.86328125,7257.89404296875,123036.7421875,13549.7998046875,608649.6875,72189,33.890113830566406,35.66300582885742,0,0,0,0,0,0,0,0,0,0,0,1,0,0,0,0,0,0,0,False,UNKNOWN,0,0,0,0,201408182,24484,0,38.22843551635742,13,,,"{'Type': 'start', 'Data_Type': 'Synthetical', 'Protocol_name': 'ABGv5-5ppb-10RH-75ccm-Anthony-Q425', 'Trial_Details': {'RH': 0, 'group': 35, 'detail': 'N/A', 'trialnum': 23, 'TrialName': '10rh', 'identifier': 'srzyh', 'Concentration': 0}, 'Experiment_Rig': 'DA3'}",,2026-01-19 01:41:55.325,"{'cid': '50887afa-f28e-43cb-ad20-c4bac4e7cd08', 'uuid': 'b4faffaf-a8e5-42e2-9c4f-ea6016bff4f9', 'annotationId': '2be98d50-2a59-4d82-955b-54fa72a23f06', 'name': 'FeNOMeasurement', 'description': 'FeNOMeasurement', 'labels': 'FeNOMeasurement', 'metadata': {'Length': 30, 'Progress': 39, 'startTime': 1768786892859, 'Notification': 'Event FeNOMeasurement Started.'}, 'createdAt': '2026-01-19T01:41:33.087Z', 'createdBy': '5c7b5d9f-c171-4004-a182-4277ffd4c9eb'}",29.76,33.61,2200.0,2201.13,24020116.0,15.0,15.05,22040109.0,1600.0,1599.76,21470060.0,1385.0,1384.87,22450138.0,1800.0,1801.23,22340093.0,0.0,441789.32,25.19,32.62,1009.01
0000000027-4125-asu-nz,0000000018-3024-oms-nz,FeNOMeasurement,2be98d50-2a59-4d82-955b-54fa72a23f06,b0d302bf-f0f3-4feb-821a-8083f454e883,1223.1666259765625,487538.875,199900.84375,8133.2744140625,7133.7861328125,26005.103515625,184614.8125,179973.0,235903.171875,70186.15625,129347.515625,18641.89453125,274956.71875,5576.80615234375,19436.880859375,37225.50390625,257557.265625,52676.640625,191684.265625,20278.208984375,6902.07177734375,13245.1240234375,27531.439453125,45727.53125,2920162.0,354589.28125,1101415.0,3615733.0,10990382,5587.9521484375,67966.7265625,122926048,52915536,21122.27734375,86326.28125,202218.65625,671064.875,4360.68603515625,2867250.75,1131019.0,63161.77734375,491625.15625,21330.775390625,825703.0,701.5615234375,448014.96875,445239.03125,239625.28125,959414.4375,70136.703125,77624.15625,17385.72265625,4137.23486328125,276683.53125,15029.6982421875,147019.8125,33027.51953125,405656.96875,1103221.25,58579.5,7257.8173828125,123150.8359375,13545.8232421875,610182.4375,72490,33.970699310302734,35.66300582885742,0,0,0,0,0,0,0,0,0,0,0,1,0,0,0,0,0,0,0,False,UNKNOWN,0,0,0,0,201408182,24484,0,38.22843551635742,13,,,"{'Type': 'start', 'Data_Type': 'Synthetical', 'Protocol_name': 'ABGv5-5ppb-10RH-75ccm-Anthony-Q425', 'Trial_Details': {'RH': 0, 'group': 35, 'detail': 'N/A', 'trialnum': 23, 'TrialName': '10rh', 'identifier': 'srzyh', 'Concentration': 0}, 'Experiment_Rig': 'DA3'}",,2026-01-19 01:41:55.626,"{'cid': '50887afa-f28e-43cb-ad20-c4bac4e7cd08', 'uuid': 'b4faffaf-a8e5-42e2-9c4f-ea6016bff4f9', 'annotationId': '2be98d50-2a59-4d82-955b-54fa72a23f06', 'name': 'FeNOMeasurement', 'description': 'FeNOMeasurement', 'labels': 'FeNOMeasurement', 'metadata': {'Length': 30, 'Progress': 39, 'startTime': 1768786892859, 'Notification': 'Event FeNOMeasurement Started.'}, 'createdAt': '2026-01-19T01:41:33.087Z', 'createdBy': '5c7b5d9f-c171-4004-a182-4277ffd4c9eb'}",29.75,33.63,2200.0,2200.92,24020116.0,15.0,15.06,22040109.0,1600.0,1599.52,21470060.0,1385.0,1384.85,22450138.0,1800.0,1800.77,22340093.0,0.0,441938.26,25.19,32.62,1009.0
0000000027-4125-asu-nz,0000000018-3024-oms-nz,FeNOMeasurement,2be98d50-2a59-4d82-955b-54fa72a23f06,b0d302bf-f0f3-4feb-821a-8083f454e883,1223.6339111328125,487956.65625,199906.515625,8133.70703125,7134.099609375,26004.8984375,184646.84375,179983.0625,236031.359375,70207.3125,129347.65625,18643.732421875,275889.28125,5565.8095703125,19437.3203125,37223.3046875,257927.28125,52684.50390625,191373.6875,20281.41015625,6902.04443359375,13230.9130859375,27532.27734375,45733.08203125,2922599.0,357136.5,1101077.625,3618523.0,10997503,5587.6279296875,68029.3984375,123242832,53186816,21120.396484375,86308.8828125,202194.078125,671141.875,4360.54638671875,2875717.25,1132569.625,63159.30078125,491592.21875,21328.11328125,825986.5625,701.2987670898438,448464.3125,445710.71875,239596.96875,957997.5625,70146.71875,77642.0625,17384.07421875,4133.85498046875,276379.59375,15050.361328125,147452.90625,33027.140625,405629.15625,1102891.0,58577.44140625,7257.67431640625,123033.0078125,13547.146484375,611485.1875,72791,34.05128479003906,35.582420349121094,0,0,0,0,0,0,0,0,0,0,0,1,0,0,0,0,0,0,0,False,UNKNOWN,0,0,0,0,201408182,24484,0,38.22843551635742,13,,,"{'Type': 'start', 'Data_Type': 'Synthetical', 'Protocol_name': 'ABGv5-5ppb-10RH-75ccm-Anthony-Q425', 'Trial_Details': {'RH': 0, 'group': 35, 'detail': 'N/A', 'trialnum': 23, 'TrialName': '10rh', 'identifier': 'srzyh', 'Concentration': 0}, 'Experiment_Rig': 'DA3'}",,2026-01-19 01:41:55.928,"{'cid': '50887afa-f28e-43cb-ad20-c4bac4e7cd08', 'uuid': 'b4faffaf-a8e5-42e2-9c4f-ea6016bff4f9', 'annotationId': '2be98d50-2a59-4d82-955b-54fa72a23f06', 'name': 'FeNOMeasurement', 'description': 'FeNOMeasurement', 'labels': 'FeNOMeasurement', 'metadata': {'Length': 30, 'Progress': 39, 'startTime': 1768786892859, 'Notification': 'Event FeNOMeasurement Started.'}, 'createdAt': '2026-01-19T01:41:33.087Z', 'createdBy': '5c7b5d9f-c171-4004-a182-4277ffd4c9eb'}",29.75,33.64,2200.0,2200.7,24020116.0,15.0,15.08,22040109.0,1600.0,1599.28,21470060.0,1385.0,1384.82,22450138.0,1800.0,1800.32,22340093.0,0.0,442087.7,25.18,32.62,1009.0
0000000027-4125-asu-nz,0000000018-3024-oms-nz,FeNOMeasurement,2be98d50-2a59-4d82-955b-54fa72a23f06,b0d302bf-f0f3-4feb-821a-8083f454e883,1222.4346923828125,488143.5,199909.71875,8133.20556640625,7134.228515625,26004.34375,184625.890625,180000.578125,236089.15625,70217.109375,129376.0390625,18643.4453125,276360.90625,5575.2099609375,19440.884765625,37230.1640625,257864.59375,52679.7109375,191567.640625,20290.5390625,6902.2763671875,13242.4638671875,27531.01953125,45730.33984375,2924574.5,358563.90625,1100963.875,3620647.0,11004243,5588.08740234375,68456.890625,123650456,53402956,21120.267578125,86303.6953125,202209.375,671133.625,4360.36572265625,2878783.25,1133902.875,63155.9921875,491655.03125,21329.0390625,824883.25,701.7101440429688,448270.6875,446222.125,239619.109375,957384.8125,70141.6171875,77633.8828125,17382.193359375,4134.62060546875,276661.1875,15052.41015625,146020.765625,33026.81640625,405514.0,1102127.375,58559.2578125,7257.43212890625,123018.1328125,13551.896484375,611547.875,73092,33.970699310302734,35.582420349121094,0,0,0,0,0,0,0,0,0,0,0,1,0,0,0,0,0,0,0,False,UNKNOWN,0,0,0,0,201408182,24484,0,38.22843551635742,13,,,"{'Type': 'start', 'Data_Type': 'Synthetical', 'Protocol_name': 'ABGv5-5ppb-10RH-75ccm-Anthony-Q425', 'Trial_Details': {'RH': 0, 'group': 35, 'detail': 'N/A', 'trialnum': 23, 'TrialName': '10rh', 'identifier': 'srzyh', 'Concentration': 0}, 'Experiment_Rig': 'DA3'}",,2026-01-19 01:41:56.229,"{'cid': '50887afa-f28e-43cb-ad20-c4bac4e7cd08', 'uuid': 'b4faffaf-a8e5-42e2-9c4f-ea6016bff4f9', 'annotationId': '2be98d50-2a59-4d82-955b-54fa72a23f06', 'name': 'FeNOMeasurement', 'description': 'FeNOMeasurement', 'labels': 'FeNOMeasurement', 'metadata': {'Length': 30, 'Progress': 39, 'startTime': 1768786892859, 'Notification': 'Event FeNOMeasurement Started.'}, 'createdAt': '2026-01-19T01:41:33.087Z', 'createdBy': '5c7b5d9f-c171-4004-a182-4277ffd4c9eb'}",29.74,33.66,2200.0,2200.49,24020116.0,15.0,15.09,22040109.0,1600.0,1599.04,21470060.0,1385.0,1384.8,22450138.0,1800.0,1799.86,22340093.0,0.0,442236.64,25.18,32.62,1008.99
0000000027-4125-asu-nz,0000000018-3024-oms-nz,FeNOMeasurement,2be98d50-2a59-4d82-955b-54fa72a23f06,b0d302bf-f0f3-4feb-821a-8083f454e883,1222.7646484375,488031.96875,199917.390625,8133.14013671875,7134.35791015625,26007.24609375,184551.46875,180003.015625,235864.609375,70290.25,129362.9296875,18642.8828125,276132.09375,5560.19775390625,19440.2734375,37225.65234375,257718.796875,52676.9921875,191453.15625,20285.705078125,6902.103515625,13223.482421875,27530.951171875,45730.203125,2926573.75,356025.0625,1102084.5,3622194.5,11019624,5587.791015625,69693.7890625,124278056,53514480,21122.4375,86302.28125,202205.5625,670993.75,4360.92724609375,2878924.25,1129833.625,63165.546875,492092.28125,21331.10546875,824910.6875,701.20556640625,448274.8125,446146.1875,239630.703125,956776.625,70141.1640625,77627.734375,17384.970703125,4127.224609375,276911.46875,15027.748046875,145220.8125,33022.953125,405557.5,1100966.375,58560.4609375,7257.9033203125,122957.7578125,13547.2109375,611061.875,73393,33.80952835083008,35.66300582885742,0,0,0,0,0,0,0,0,0,0,0,1,0,0,0,0,0,0,0,False,UNKNOWN,0,0,0,0,201408182,24484,0,38.22843551635742,13,,,"{'Type': 'start', 'Data_Type': 'Synthetical', 'Protocol_name': 'ABGv5-5ppb-10RH-75ccm-Anthony-Q425', 'Trial_Details': {'RH': 0, 'group': 35, 'detail': 'N/A', 'trialnum': 23, 'TrialName': '10rh', 'identifier': 'srzyh', 'Concentration': 0}, 'Experiment_Rig': 'DA3'}",,2026-01-19 01:41:56.531,"{'cid': '50887afa-f28e-43cb-ad20-c4bac4e7cd08', 'uuid': 'b4faffaf-a8e5-42e2-9c4f-ea6016bff4f9', 'annotationId': '2be98d50-2a59-4d82-955b-54fa72a23f06', 'name': 'FeNOMeasurement', 'description': 'FeNOMeasurement', 'labels': 'FeNOMeasurement', 'metadata': {'Length': 30, 'Progress': 39, 'startTime': 1768786892859, 'Notification': 'Event FeNOMeasurement Started.'}, 'createdAt': '2026-01-19T01:41:33.087Z', 'createdBy': '5c7b5d9f-c171-4004-a182-4277ffd4c9eb'}",29.74,33.64,2200.0,2200.27,24020116.0,15.0,15.04,22040109.0,1600.0,1599.21,21470060.0,1385.0,1384.99,22450138.0,1800.0,1800.52,22340093.0,0.0,442305.92,25.18,32.62,1008.99
0000000027-4125-asu-nz,0000000018-3024-oms-nz,FeNOMeasurement,2be98d50-2a59-4d82-955b-54fa72a23f06,b0d302bf-f0f3-4feb-821a-8083f454e883,1222.7850341796875,488478.71875,199927.390625,8132.87060546875,7134.20751953125,26007.34765625,184564.25,180014.96875,236009.359375,70282.171875,129369.375,18643.75390625,276667.125,5566.2490234375,19439.35546875,37231.91796875,257866.90625,52666.24609375,190864.296875,20288.63671875,6902.123046875,13232.6875,27531.62109375,45727.26953125,2928683.75,358180.34375,1103698.125,3623788.75,11032408,5587.427734375,69352.265625,125156056,53530900,21122.77734375,86320.0703125,202179.140625,670784.5,4361.044921875,2878017.5,1127284.875,63171.33203125,491617.0625,21332.1796875,826773.9375,701.34423828125,448709.09375,446598.4375,239670.828125,956439.25,70166.2890625,77603.1640625,17384.40234375,4138.9560546875,275436.5,15025.9677734375,145646.453125,33020.99609375,405624.375,1100871.125,58563.5859375,7257.873046875,122977.84375,13552.98828125,611010.25,73694,33.890113830566406,35.582420349121094,0,0,0,0,0,0,0,0,0,0,0,1,0,0,0,0,0,0,0,False,UNKNOWN,0,0,0,0,201408182,24484,0,38.22843551635742,13,,,"{'Type': 'start', 'Data_Type': 'Synthetical', 'Protocol_name': 'ABGv5-5ppb-10RH-75ccm-Anthony-Q425', 'Trial_Details': {'RH': 0, 'group': 35, 'detail': 'N/A', 'trialnum': 23, 'TrialName': '10rh', 'identifier': 'srzyh', 'Concentration': 0}, 'Experiment_Rig': 'DA3'}",,2026-01-19 01:41:56.831,"{'cid': '50887afa-f28e-43cb-ad20-c4bac4e7cd08', 'uuid': 'b4faffaf-a8e5-42e2-9c4f-ea6016bff4f9', 'annotationId': '2be98d50-2a59-4d82-955b-54fa72a23f06', 'name': 'FeNOMeasurement', 'description': 'FeNOMeasurement', 'labels': 'FeNOMeasurement', 'metadata': {'Length': 30, 'Progress': 39, 'startTime': 1768786892859, 'Notification': 'Event FeNOMeasurement Started.'}, 'createdAt': '2026-01-19T01:41:33.087Z', 'createdBy': '5c7b5d9f-c171-4004-a182-4277ffd4c9eb'}",29.75,33.63,2200.0,2200.06,24020116.0,15.0,15.0,22040109.0,1600.0,1599.37,21470060.0,1385.0,1385.18,22450138.0,1800.0,1801.24,22340093.0,0.0,442231.71,25.17,32.62,1008.99
0000000027-4125-asu-nz,0000000018-3024-oms-nz,FeNOMeasurement,2be98d50-2a59-4d82-955b-54fa72a23f06,b0d302bf-f0f3-4feb-821a-8083f454e883,1222.3809814453125,488038.59375,199942.703125,8132.076171875,7134.03857421875,26010.564453125,184565.390625,180029.75,236133.671875,70265.2421875,129405.03125,18644.2265625,276982.78125,5561.14306640625,19437.3984375,37230.4453125,257667.84375,52666.92578125,190180.484375,20295.658203125,6902.2744140625,13239.4267578125,27529.744140625,45726.3984375,2931836.5,359223.21875,1103595.625,3624628.75,11047095,5586.8291015625,70061.375,126090728,53451692,21121.837890625,86332.359375,202167.96875,670671.5,4361.44287109375,2874068.25,1127412.25,63179.2265625,491784.25,21332.294921875,826898.1875,701.1542358398438,448473.03125,446311.5625,239731.9375,956171.0,70183.0234375,77628.6484375,17378.03515625,4134.25244140625,276330.0,15015.7900390625,146499.140625,33022.42578125,405303.0,1100500.375,58566.7890625,7256.951171875,123147.0703125,13562.537109375,610436.625,73995,34.05128479003906,35.824180603027344,0,0,0,0,0,0,0,0,0,0,0,1,0,0,0,0,0,0,0,False,UNKNOWN,0,0,0,0,201408182,24484,0,38.22843551635742,13,,,"{'Type': 'start', 'Data_Type': 'Synthetical', 'Protocol_name': 'ABGv5-5ppb-10RH-75ccm-Anthony-Q425', 'Trial_Details': {'RH': 0, 'group': 35, 'detail': 'N/A', 'trialnum': 23, 'TrialName': '10rh', 'identifier': 'srzyh', 'Concentration': 0}, 'Experiment_Rig': 'DA3'}",,2026-01-19 01:41:57.132,"{'cid': '50887afa-f28e-43cb-ad20-c4bac4e7cd08', 'uuid': 'b4faffaf-a8e5-42e2-9c4f-ea6016bff4f9', 'annotationId': '2be98d50-2a59-4d82-955b-54fa72a23f06', 'name': 'FeNOMeasurement', 'description': 'FeNOMeasurement', 'labels': 'FeNOMeasurement', 'metadata': {'Length': 30, 'Progress': 39, 'startTime': 1768786892859, 'Notification': 'Event FeNOMeasurement Started.'}, 'createdAt': '2026-01-19T01:41:33.087Z', 'createdBy': '5c7b5d9f-c171-4004-a182-4277ffd4c9eb'}",29.75,33.61,2200.0,2199.84,24020116.0,15.0,14.95,22040109.0,1600.0,1599.54,21470060.0,1385.0,1385.37,22450138.0,1800.0,1801.95,22340093.0,0.0,442157.25,25.17,32.62,1009.0
0000000027-4125-asu-nz,0000000018-3024-oms-nz,FeNOMeasurement,2be98d50-2a59-4d82-955b-54fa72a23f06,b0d302bf-f0f3-4feb-821a-8083f454e883,1223.1243896484375,488348.1875,199984.78125,8132.6943359375,7134.17431640625,26009.947265625,184678.296875,180062.296875,236533.640625,70157.0625,129375.0625,18641.955078125,276974.84375,5584.4169921875,19437.75390625,37229.90625,257581.8125,52665.1875,189841.53125,20281.693359375,6901.99609375,13234.6904296875,27529.625,45718.51953125,2934658.25,357465.0,1103887.875,3625257.5,11055925,5586.92333984375,69754.96875,126590376,53291112,21124.96875,86305.6328125,202170.609375,670604.375,4360.65576171875,2870623.5,1127891.0,63183.69921875,492122.40625,21335.04296875,827304.4375,702.3015747070312,448484.28125,446077.71875,239729.125,956676.9375,70177.6796875,77664.546875,17385.611328125,4129.87060546875,276626.125,15013.865234375,146282.34375,33022.46875,405399.5,1100116.75,58557.3984375,7257.46875,123159.125,13557.931640625,609381.75,74296,33.970699310302734,35.582420349121094,0,0,0,0,0,0,0,0,0,0,0,1,0,0,0,0,0,0,0,False,UNKNOWN,0,0,0,0,201413197,24484,0,37.01848983764648,13,,,"{'Type': 'start', 'Data_Type': 'Synthetical', 'Protocol_name': 'ABGv5-5ppb-10RH-75ccm-Anthony-Q425', 'Trial_Details': {'RH': 0, 'group': 35, 'detail': 'N/A', 'trialnum': 23, 'TrialName': '10rh', 'identifier': 'srzyh', 'Concentration': 0}, 'Experiment_Rig': 'DA3'}",,2026-01-19 01:41:57.433,"{'cid': '50887afa-f28e-43cb-ad20-c4bac4e7cd08', 'uuid': 'b4faffaf-a8e5-42e2-9c4f-ea6016bff4f9', 'annotationId': '2be98d50-2a59-4d82-955b-54fa72a23f06', 'name': 'FeNOMeasurement', 'description': 'FeNOMeasurement', 'labels': 'FeNOMeasurement', 'metadata': {'Length': 30, 'Progress': 39, 'startTime': 1768786892859, 'Notification': 'Event FeNOMeasurement Started.'}, 'createdAt': '2026-01-19T01:41:33.087Z', 'createdBy': '5c7b5d9f-c171-4004-a182-4277ffd4c9eb'}",29.75,33.62,2200.0,2199.67,24020116.0,15.0,14.94,22040109.0,1600.0,1599.8,21470060.0,1385.0,1385.71,22450138.0,1800.0,1801.81,22340093.0,0.0,442082.8,25.16,32.62,1009.0
0000000027-4125-asu-nz,0000000018-3024-oms-nz,FeNOMeasurement,2be98d50-2a59-4d82-955b-54fa72a23f06,b0d302bf-f0f3-4feb-821a-8083f454e883,1222.8701171875,487853.25,199968.234375,8132.6357421875,7134.6640625,26010.138671875,184683.578125,180046.859375,236256.078125,70125.78125,129373.4921875,18641.45703125,276582.375,5582.85791015625,19440.470703125,37233.66796875,257662.203125,52662.92578125,190077.34375,20293.46484375,6901.9111328125,13237.7587890625,27528.05078125,45708.640625,2936202.25,357565.03125,1100753.25,3625133.25,11059971,5587.8935546875,68724.7421875,126961864,53055428,21124.947265625,86322.3515625,202171.59375,670559.5625,4360.0966796875,2864137.5,1127018.375,63191.20703125,492218.9375,21330.994140625,828197.5625,701.6603393554688,448640.25,446262.59375,239715.40625,957286.5625,70146.5390625,77657.4609375,17384.740234375,4139.896484375,276990.40625,15007.1787109375,146954.375,33023.046875,405329.75,1100127.375,58566.30078125,7258.4609375,123066.796875,13552.1494140625,608436.0,74597,33.970699310302734,35.582420349121094,0,0,0,0,0,0,0,0,0,0,0,1,0,0,0,0,0,0,0,False,UNKNOWN,0,0,0,0,201413197,24484,0,37.01848983764648,13,,,"{'Type': 'start', 'Data_Type': 'Synthetical', 'Protocol_name': 'ABGv5-5ppb-10RH-75ccm-Anthony-Q425', 'Trial_Details': {'RH': 0, 'group': 35, 'detail': 'N/A', 'trialnum': 23, 'TrialName': '10rh', 'identifier': 'srzyh', 'Concentration': 0}, 'Experiment_Rig': 'DA3'}",,2026-01-19 01:41:57.734,"{'cid': '50887afa-f28e-43cb-ad20-c4bac4e7cd08', 'uuid': 'b4faffaf-a8e5-42e2-9c4f-ea6016bff4f9', 'annotationId': '2be98d50-2a59-4d82-955b-54fa72a23f06', 'name': 'FeNOMeasurement', 'description': 'FeNOMeasurement', 'labels': 'FeNOMeasurement', 'metadata': {'Length': 30, 'Progress': 39, 'startTime': 1768786892859, 'Notification': 'Event FeNOMeasurement Started.'}, 'createdAt': '2026-01-19T01:41:33.087Z', 'createdBy': '5c7b5d9f-c171-4004-a182-4277ffd4c9eb'}",29.76,33.64,2200.0,2199.53,24020116.0,15.0,14.96,22040109.0,1600.0,1600.11,21470060.0,1385.0,1386.14,22450138.0,1800.0,1801.1,22340093.0,0.0,442084.0,25.16,32.62,1009.0
0000000027-4125-asu-nz,0000000018-3024-oms-nz,FeNOMeasurement,2be98d50-2a59-4d82-955b-54fa72a23f06,b0d302bf-f0f3-4feb-821a-8083f454e883,1222.6151123046875,487796.9375,199988.65625,8133.05517578125,7134.47265625,26011.478515625,184620.4375,180067.25,236148.8125,70164.203125,129364.609375,18644.177734375,276744.78125,5588.908203125,19442.197265625,37228.5234375,257038.28125,52675.20703125,191045.875,20288.6328125,6901.97705078125,13235.3720703125,27525.732421875,45714.0390625,2935097.0,357486.625,1099972.25,3624812.25,11063190,5587.392578125,68593.7890625,127096016,52787800,21119.728515625,86306.9375,202151.484375,670556.375,4361.50927734375,2859054.25,1127406.75,63198.5,492480.5625,21330.7421875,829193.0,701.1531982421875,448965.75,446958.6875,239728.1875,958400.0625,70134.8984375,77648.421875,17378.2265625,4137.091796875,276878.75,15005.5078125,146571.25,33019.81640625,405475.90625,1100410.0,58571.62890625,7258.58447265625,122759.421875,13551.857421875,608563.75,74898,33.80952835083008,35.66300582885742,0,0,0,0,0,0,0,0,0,0,0,1,0,0,0,0,0,0,0,False,UNKNOWN,0,0,0,0,201413197,24484,0,37.01848983764648,13,,,"{'Type': 'start', 'Data_Type': 'Synthetical', 'Protocol_name': 'ABGv5-5ppb-10RH-75ccm-Anthony-Q425', 'Trial_Details': {'RH': 0, 'group': 35, 'detail': 'N/A', 'trialnum': 23, 'TrialName': '10rh', 'identifier': 'srzyh', 'Concentration': 0}, 'Experiment_Rig': 'DA3'}",,2026-01-19 01:41:58.034,"{'cid': '50887afa-f28e-43cb-ad20-c4bac4e7cd08', 'uuid': 'b4faffaf-a8e5-42e2-9c4f-ea6016bff4f9', 'annotationId': '2be98d50-2a59-4d82-955b-54fa72a23f06', 'name': 'FeNOMeasurement', 'description': 'FeNOMeasurement', 'labels': 'FeNOMeasurement', 'metadata': {'Length': 30, 'Progress': 39, 'startTime': 1768786892859, 'Notification': 'Event FeNOMeasurement Started.'}, 'createdAt': '2026-01-19T01:41:33.087Z', 'createdBy': '5c7b5d9f-c171-4004-a182-4277ffd4c9eb'}",29.76,33.66,2200.0,2199.39,24020116.0,15.0,14.98,22040109.0,1600.0,1600.42,21470060.0,1385.0,1386.57,22450138.0,1800.0,1800.38,22340093.0,0.0,442158.15,25.15,32.62,1009.0
0000000027-4125-asu-nz,0000000018-3024-oms-nz,FeNOMeasurement,2be98d50-2a59-4d82-955b-54fa72a23f06,b0d302bf-f0f3-4feb-821a-8083f454e883,1223.2408447265625,488130.1875,199958.0625,8132.45703125,7134.07568359375,26009.8515625,184569.34375,180050.125,236086.296875,70150.59375,129353.28125,18643.208984375,276261.625,5612.39111328125,19441.78515625,37223.796875,257375.984375,52674.92578125,190436.65625,20289.478515625,6901.8037109375,13235.0166015625,27524.96875,45714.95703125,2931311.25,356971.875,1099462.625,3623774.75,11051265,5587.31396484375,69565.234375,126632992,52546768,21123.46484375,86309.078125,202202.21875,670520.8125,4360.9296875,2860155.5,1131070.375,63189.9765625,492547.09375,21329.91015625,829607.375,701.3054809570312,448959.25,446660.8125,239760.40625,959376.0,70140.359375,77638.4375,17387.970703125,4146.1767578125,276712.78125,15005.275390625,147021.203125,33029.6484375,405649.5625,1101329.75,58594.4609375,7258.1611328125,122807.71875,13553.1298828125,609214.5625,75200,33.970699310302734,35.582420349121094,0,0,0,0,0,0,0,0,0,0,0,1,0,0,0,0,0,0,0,False,UNKNOWN,0,0,0,0,201413197,24484,0,37.01848983764648,13,,,"{'Type': 'start', 'Data_Type': 'Synthetical', 'Protocol_name': 'ABGv5-5ppb-10RH-75ccm-Anthony-Q425', 'Trial_Details': {'RH': 0, 'group': 35, 'detail': 'N/A', 'trialnum': 23, 'TrialName': '10rh', 'identifier': 'srzyh', 'Concentration': 0}, 'Experiment_Rig': 'DA3'}",,2026-01-19 01:41:58.337,"{'cid': '50887afa-f28e-43cb-ad20-c4bac4e7cd08', 'uuid': 'b4faffaf-a8e5-42e2-9c4f-ea6016bff4f9', 'annotationId': '2be98d50-2a59-4d82-955b-54fa72a23f06', 'name': 'FeNOMeasurement', 'description': 'FeNOMeasurement', 'labels': 'FeNOMeasurement', 'metadata': {'Length': 30, 'Progress': 39, 'startTime': 1768786892859, 'Notification': 'Event FeNOMeasurement Started.'}, 'createdAt': '2026-01-19T01:41:33.087Z', 'createdBy': '5c7b5d9f-c171-4004-a182-4277ffd4c9eb'}",29.76,33.67,2200.0,2199.25,24020116.0,15.0,15.0,22040109.0,1600.0,1600.6,21470060.0,1385.0,1386.77,22450138.0,1800.0,1799.86,22340093.0,0.0,442233.03,25.15,32.61,1008.99
0000000027-4125-asu-nz,0000000018-3024-oms-nz,FeNOMeasurement,2be98d50-2a59-4d82-955b-54fa72a23f06,b0d302bf-f0f3-4feb-821a-8083f454e883,1223.2760009765625,488306.8125,199939.59375,8133.14794921875,7134.40234375,26009.880859375,184522.828125,180019.171875,235885.875,70210.5390625,129331.625,18641.73046875,277253.375,5572.65625,19439.123046875,37216.515625,257611.625,52668.6328125,190498.84375,20288.0625,6901.95703125,13231.9375,27520.24609375,45715.23828125,2928407.5,357444.5625,1094879.75,3622217.5,11041681,5587.1376953125,69294.6171875,125922184,52365996,21122.173828125,86314.53125,202178.234375,670544.6875,4361.0830078125,2863838.25,1132641.375,63193.41015625,492625.09375,21330.28125,829046.375,701.4498291015625,448984.28125,446436.65625,239722.796875,960050.5,70110.8671875,77663.5546875,17381.953125,4145.5546875,276929.8125,15011.4736328125,146904.828125,33030.01171875,405883.40625,1102283.0,58585.63671875,7258.7353515625,122903.1328125,13549.376953125,607968.0625,75501,34.05128479003906,35.66300582885742,0,0,0,0,0,0,0,0,0,0,0,1,0,0,0,0,0,0,0,False,UNKNOWN,0,0,0,0,201413197,24484,0,37.01848983764648,13,,,"{'Type': 'start', 'Data_Type': 'Synthetical', 'Protocol_name': 'ABGv5-5ppb-10RH-75ccm-Anthony-Q425', 'Trial_Details': {'RH': 0, 'group': 35, 'detail': 'N/A', 'trialnum': 23, 'TrialName': '10rh', 'identifier': 'srzyh', 'Concentration': 0}, 'Experiment_Rig': 'DA3'}",,2026-01-19 01:41:58.638,"{'cid': '50887afa-f28e-43cb-ad20-c4bac4e7cd08', 'uuid': 'b4faffaf-a8e5-42e2-9c4f-ea6016bff4f9', 'annotationId': '2be98d50-2a59-4d82-955b-54fa72a23f06', 'name': 'FeNOMeasurement', 'description': 'FeNOMeasurement', 'labels': 'FeNOMeasurement', 'metadata': {'Length': 30, 'Progress': 39, 'startTime': 1768786892859, 'Notification': 'Event FeNOMeasurement Started.'}, 'createdAt': '2026-01-19T01:41:33.087Z', 'createdBy': '5c7b5d9f-c171-4004-a182-4277ffd4c9eb'}",29.76,33.67,2200.0,2199.16,24020116.0,15.0,15.01,22040109.0,1600.0,1600.46,21470060.0,1385.0,1386.39,22450138.0,1800.0,1799.96,22340093.0,0.0,442307.42,25.14,32.61,1008.99
0000000027-4125-asu-nz,0000000018-3024-oms-nz,FeNOMeasurement,2be98d50-2a59-4d82-955b-54fa72a23f06,b0d302bf-f0f3-4feb-821a-8083f454e883,1223.8486328125,486348.96875,199889.640625,8132.4541015625,7133.7353515625,26008.048828125,184547.515625,179980.84375,235712.84375,70223.140625,129330.7890625,18642.03515625,277846.5,5574.7529296875,19440.197265625,37210.00390625,257803.265625,52674.640625,190989.375,20280.220703125,6901.67529296875,13240.1259765625,27521.36328125,45720.328125,2925835.25,354583.75,1093104.125,3620473.25,11031190,5587.1630859375,69602.125,125046080,52395240,21119.81640625,86305.6640625,202277.65625,670751.625,4360.14404296875,2870553.25,1132857.625,63181.90625,492456.875,21328.9921875,829616.75,701.8446044921875,448758.6875,446166.125,239675.78125,960612.1875,70113.296875,77652.046875,17385.33984375,4141.60595703125,276922.1875,15031.9970703125,147214.59375,33035.0625,405931.75,1102863.25,58577.82421875,7258.19482421875,122919.6328125,13545.310546875,609090.8125,75803,33.970699310302734,35.66300582885742,0,0,0,0,0,0,0,0,0,0,0,1,0,0,0,0,0,0,0,False,UNKNOWN,0,0,0,0,201413197,24484,0,37.01848983764648,13,,,"{'Type': 'start', 'Data_Type': 'Synthetical', 'Protocol_name': 'ABGv5-5ppb-10RH-75ccm-Anthony-Q425', 'Trial_Details': {'RH': 0, 'group': 35, 'detail': 'N/A', 'trialnum': 23, 'TrialName': '10rh', 'identifier': 'srzyh', 'Concentration': 0}, 'Experiment_Rig': 'DA3'}",,2026-01-19 01:41:58.940,"{'cid': '50887afa-f28e-43cb-ad20-c4bac4e7cd08', 'uuid': 'b4faffaf-a8e5-42e2-9c4f-ea6016bff4f9', 'annotationId': '2be98d50-2a59-4d82-955b-54fa72a23f06', 'name': 'FeNOMeasurement', 'description': 'FeNOMeasurement', 'labels': 'FeNOMeasurement', 'metadata': {'Length': 30, 'Progress': 39, 'startTime': 1768786892859, 'Notification': 'Event FeNOMeasurement Started.'}, 'createdAt': '2026-01-19T01:41:33.087Z', 'createdBy': '5c7b5d9f-c171-4004-a182-4277ffd4c9eb'}",29.75,33.68,2200.0,2199.06,24020116.0,15.0,15.03,22040109.0,1600.0,1600.31,21470060.0,1385.0,1386.01,22450138.0,1800.0,1800.05,22340093.0,0.0,441513.37,25.14,32.61,1008.99
0000000027-4125-asu-nz,0000000018-3024-oms-nz,FeNOMeasurement,2be98d50-2a59-4d82-955b-54fa72a23f06,b0d302bf-f0f3-4feb-821a-8083f454e883,1223.3564453125,486074.84375,199872.078125,8132.5341796875,7133.4091796875,26006.251953125,184615.609375,179955.9375,235874.203125,70292.90625,129329.2265625,18643.076171875,277774.15625,5569.8828125,19438.435546875,37212.1875,257911.9375,52664.46875,190338.34375,20284.078125,6901.80322265625,13221.7587890625,27524.1796875,45722.62890625,2924410.5,356016.5625,1096270.25,3618414.75,11023834,5587.24951171875,70609.5390625,124250176,52514624,21125.44921875,86284.765625,202288.296875,670935.625,4359.865234375,2874291.75,1133680.125,63176.24609375,492281.78125,21331.224609375,828428.375,700.9735107421875,448560.96875,446040.5,239650.75,961066.4375,70100.78125,77617.9375,17386.60546875,4155.943359375,276888.71875,14995.876953125,147906.21875,33030.703125,405931.90625,1103069.0,58582.6796875,7258.4580078125,122836.6484375,13554.734375,609480.125,76104,33.890113830566406,35.66300582885742,0,0,0,0,0,0,0,0,0,0,0,1,0,0,0,0,0,0,0,False,UNKNOWN,0,0,0,0,201413197,24484,0,37.01848983764648,13,,,"{'Type': 'start', 'Data_Type': 'Synthetical', 'Protocol_name': 'ABGv5-5ppb-10RH-75ccm-Anthony-Q425', 'Trial_Details': {'RH': 0, 'group': 35, 'detail': 'N/A', 'trialnum': 23, 'TrialName': '10rh', 'identifier': 'srzyh', 'Concentration': 0}, 'Experiment_Rig': 'DA3'}",,2026-01-19 01:41:59.241,"{'cid': '50887afa-f28e-43cb-ad20-c4bac4e7cd08', 'uuid': 'b4faffaf-a8e5-42e2-9c4f-ea6016bff4f9', 'annotationId': '2be98d50-2a59-4d82-955b-54fa72a23f06', 'name': 'FeNOMeasurement', 'description': 'FeNOMeasurement', 'labels': 'FeNOMeasurement', 'metadata': {'Length': 30, 'Progress': 39, 'startTime': 1768786892859, 'Notification': 'Event FeNOMeasurement Started.'}, 'createdAt': '2026-01-19T01:41:33.087Z', 'createdBy': '5c7b5d9f-c171-4004-a182-4277ffd4c9eb'}",29.75,33.68,2200.0,2198.97,24020116.0,15.0,15.05,22040109.0,1600.0,1600.17,21470060.0,1385.0,1385.63,22450138.0,1800.0,1800.15,22340093.0,0.0,440280.39,25.14,32.61,1009.0
0000000027-4125-asu-nz,0000000018-3024-oms-nz,FeNOMeasurement,2be98d50-2a59-4d82-955b-54fa72a23f06,b0d302bf-f0f3-4feb-821a-8083f454e883,1223.122802734375,486859.46875,199872.984375,8132.7431640625,7133.96533203125,26005.322265625,184547.453125,179957.359375,235752.9375,70372.9375,129336.109375,18642.841796875,277017.40625,5569.8125,19437.654296875,37217.87890625,257796.890625,52674.515625,189819.046875,20286.62890625,6902.17919921875,13233.32421875,27525.291015625,45724.73828125,2922822.0,356748.15625,1100699.625,3617450.25,11011419,5586.2470703125,71150.484375,123809192,52644748,21126.2265625,86287.328125,202244.640625,671030.25,4360.62890625,2882850.75,1133678.5,63170.796875,491729.65625,21328.783203125,828171.1875,701.164306640625,448311.0,446462.0625,239623.21875,960602.75,70108.9609375,77665.2421875,17382.27734375,4161.8759765625,276836.625,14989.08203125,148335.25,33025.09765625,405962.90625,1103709.625,58593.1953125,7257.5361328125,122848.1640625,13555.2607421875,609994.75,76405,33.970699310302734,35.66300582885742,0,0,0,0,0,0,0,0,0,0,0,1,0,0,0,0,0,0,0,False,UNKNOWN,0,0,0,0,201413197,24484,0,37.01848983764648,13,,,"{'Type': 'start', 'Data_Type': 'Synthetical', 'Protocol_name': 'ABGv5-5ppb-10RH-75ccm-Anthony-Q425', 'Trial_Details': {'RH': 0, 'group': 35, 'detail': 'N/A', 'trialnum': 23, 'TrialName': '10rh', 'identifier': 'srzyh', 'Concentration': 0}, 'Experiment_Rig': 'DA3'}",,2026-01-19 01:41:59.542,"{'cid': '50887afa-f28e-43cb-ad20-c4bac4e7cd08', 'uuid': 'b4faffaf-a8e5-42e2-9c4f-ea6016bff4f9', 'annotationId': '2be98d50-2a59-4d82-955b-54fa72a23f06', 'name': 'FeNOMeasurement', 'description': 'FeNOMeasurement', 'labels': 'FeNOMeasurement', 'metadata': {'Length': 30, 'Progress': 39, 'startTime': 1768786892859, 'Notification': 'Event FeNOMeasurement Started.'}, 'createdAt': '2026-01-19T01:41:33.087Z', 'createdBy': '5c7b5d9f-c171-4004-a182-4277ffd4c9eb'}",29.75,33.66,2200.0,2199.0,24020116.0,15.0,15.03,22040109.0,1600.0,1600.54,21470060.0,1385.0,1385.78,22450138.0,1800.0,1800.37,22340093.0,0.0,439047.4,25.13,32.62,1009.0
0000000027-4125-asu-nz,0000000018-3024-oms-nz,FeNOMeasurement,2be98d50-2a59-4d82-955b-54fa72a23f06,b0d302bf-f0f3-4feb-821a-8083f454e883,1223.8826904296875,487228.5,199855.25,8132.78955078125,7134.3125,26007.140625,184454.421875,179944.140625,235861.84375,70273.4453125,129327.1171875,18642.51171875,270625.03125,5581.5166015625,19439.18359375,37221.0390625,258030.796875,52684.63671875,190299.078125,20286.861328125,6902.52880859375,13235.291015625,27524.37890625,45724.4609375,2923334.0,356761.75,1102501.375,3617657.0,11007919,5586.71240234375,70490.9453125,123560120,52915080,21127.689453125,86293.8203125,202236.625,671112.875,4360.3466796875,2883354.75,1135420.0,63167.08203125,491644.4375,21331.275390625,827168.3125,701.658935546875,448556.03125,446006.40625,239605.671875,959704.1875,70122.46875,77647.046875,17386.20703125,4148.8408203125,276687.84375,15000.005859375,148613.96875,33026.6640625,406136.09375,1103810.625,58591.59375,7258.18896484375,122762.46875,13553.0185546875,609949.9375,76706,34.05128479003906,35.66300582885742,0,0,0,0,0,0,0,0,0,0,0,1,0,0,0,0,0,0,0,False,UNKNOWN,0,0,0,0,201413197,24484,0,37.01848983764648,13,,,"{'Type': 'start', 'Data_Type': 'Synthetical', 'Protocol_name': 'ABGv5-5ppb-10RH-75ccm-Anthony-Q425', 'Trial_Details': {'RH': 0, 'group': 35, 'detail': 'N/A', 'trialnum': 23, 'TrialName': '10rh', 'identifier': 'srzyh', 'Concentration': 0}, 'Experiment_Rig': 'DA3'}",,2026-01-19 01:41:59.843,"{'cid': '50887afa-f28e-43cb-ad20-c4bac4e7cd08', 'uuid': 'b4faffaf-a8e5-42e2-9c4f-ea6016bff4f9', 'annotationId': '2be98d50-2a59-4d82-955b-54fa72a23f06', 'name': 'FeNOMeasurement', 'description': 'FeNOMeasurement', 'labels': 'FeNOMeasurement', 'metadata': {'Length': 30, 'Progress': 39, 'startTime': 1768786892859, 'Notification': 'Event FeNOMeasurement Started.'}, 'createdAt': '2026-01-19T01:41:33.087Z', 'createdBy': '5c7b5d9f-c171-4004-a182-4277ffd4c9eb'}",29.75,33.65,2200.0,2199.05,24020116.0,15.0,15.01,22040109.0,1600.0,1600.95,21470060.0,1385.0,1385.97,22450138.0,1800.0,1800.61,22340093.0,0.0,437814.42,25.13,32.62,1009.01
0000000027-4125-asu-nz,0000000018-3024-oms-nz,FeNOMeasurement,2be98d50-2a59-4d82-955b-54fa72a23f06,b0d302bf-f0f3-4feb-821a-8083f454e883,1223.519775390625,487125.96875,199863.390625,8132.16845703125,7133.931640625,26005.052734375,184496.984375,179959.203125,235890.765625,70232.59375,129354.0625,18643.2265625,274747.875,5562.658203125,19440.494140625,37219.66796875,258009.40625,52680.4921875,189926.046875,20284.751953125,6902.12353515625,13235.302734375,27525.19921875,45729.984375,2924672.0,357151.8125,1101452.5,3619415.25,11006576,5587.275390625,70883.515625,123496336,53170632,21124.890625,86296.4375,202264.875,671180.875,4360.6123046875,2889668.75,1132137.25,63158.00390625,491839.03125,21331.5078125,827244.625,700.9368896484375,448474.5,446089.0625,239630.03125,958761.375,70108.0,77647.265625,17377.73046875,4140.8642578125,276481.28125,15006.0546875,147798.40625,33022.0546875,405819.5625,1103801.375,58582.34765625,7257.68505859375,122864.5078125,13554.29296875,609433.5625,77007,33.890113830566406,35.66300582885742,0,0,0,0,0,0,0,0,0,0,0,1,0,0,0,0,0,0,0,False,UNKNOWN,0,0,0,0,201413197,24484,0,37.01848983764648,13,,,"{'Type': 'start', 'Data_Type': 'Synthetical', 'Protocol_name': 'ABGv5-5ppb-10RH-75ccm-Anthony-Q425', 'Trial_Details': {'RH': 0, 'group': 35, 'detail': 'N/A', 'trialnum': 23, 'TrialName': '10rh', 'identifier': 'srzyh', 'Concentration': 0}, 'Experiment_Rig': 'DA3'}",,2026-01-19 01:42:00.144,"{'cid': '50887afa-f28e-43cb-ad20-c4bac4e7cd08', 'uuid': 'b4faffaf-a8e5-42e2-9c4f-ea6016bff4f9', 'annotationId': '2be98d50-2a59-4d82-955b-54fa72a23f06', 'name': 'FeNOMeasurement', 'description': 'FeNOMeasurement', 'labels': 'FeNOMeasurement', 'metadata': {'Length': 30, 'Progress': 39, 'startTime': 1768786892859, 'Notification': 'Event FeNOMeasurement Started.'}, 'createdAt': '2026-01-19T01:41:33.087Z', 'createdBy': '5c7b5d9f-c171-4004-a182-4277ffd4c9eb'}",29.75,33.63,2200.0,2199.1,24020116.0,15.0,14.99,22040109.0,1600.0,1601.35,21470060.0,1385.0,1386.16,22450138.0,1800.0,1800.85,22340093.0,0.0,438298.99,25.13,32.62,1009.0
0000000027-4125-asu-nz,0000000018-3024-oms-nz,FeNOMeasurement,2be98d50-2a59-4d82-955b-54fa72a23f06,b0d302bf-f0f3-4feb-821a-8083f454e883,1222.845458984375,487905.59375,199898.84375,8133.34326171875,7133.708984375,26005.8046875,184508.9375,179970.234375,235994.578125,70398.78125,129343.6875,18643.54296875,276256.90625,5562.46142578125,19438.080078125,37229.69140625,258100.203125,52687.32421875,190016.15625,20277.5078125,6902.0166015625,13232.3681640625,27524.3671875,45729.54296875,2926642.5,356713.1875,1098854.875,3620906.75,11004372,5587.53857421875,70085.734375,123581000,53394776,21124.0703125,86325.2109375,202247.03125,671216.1875,4361.578125,2895539.5,1132477.75,63159.99609375,491464.75,21328.98046875,825395.375,701.7669067382812,448198.1875,446607.59375,239625.234375,957825.0625,70134.765625,77655.65625,17381.32421875,4141.751953125,276657.84375,15004.029296875,146953.34375,33018.63671875,405820.84375,1103897.625,58584.62890625,7258.30810546875,122764.3515625,13551.8369140625,609335.0,77308,33.890113830566406,35.582420349121094,0,0,0,0,0,0,0,0,0,0,0,1,0,0,0,0,0,0,0,False,UNKNOWN,0,0,0,0,201413197,24484,0,37.01848983764648,13,,,"{'Type': 'start', 'Data_Type': 'Synthetical', 'Protocol_name': 'ABGv5-5ppb-10RH-75ccm-Anthony-Q425', 'Trial_Details': {'RH': 0, 'group': 35, 'detail': 'N/A', 'trialnum': 23, 'TrialName': '10rh', 'identifier': 'srzyh', 'Concentration': 0}, 'Experiment_Rig': 'DA3'}",,2026-01-19 01:42:00.445,"{'cid': '50887afa-f28e-43cb-ad20-c4bac4e7cd08', 'uuid': 'b4faffaf-a8e5-42e2-9c4f-ea6016bff4f9', 'annotationId': '2be98d50-2a59-4d82-955b-54fa72a23f06', 'name': 'FeNOMeasurement', 'description': 'FeNOMeasurement', 'labels': 'FeNOMeasurement', 'metadata': {'Length': 30, 'Progress': 39, 'startTime': 1768786892859, 'Notification': 'Event FeNOMeasurement Started.'}, 'createdAt': '2026-01-19T01:41:33.087Z', 'createdBy': '5c7b5d9f-c171-4004-a182-4277ffd4c9eb'}",29.75,33.62,2200.0,2199.15,24020116.0,15.0,14.98,22040109.0,1600.0,1601.42,21470060.0,1385.0,1386.06,22450138.0,1800.0,1800.66,22340093.0,0.0,438812.58,25.12,32.62,1009.0
0000000027-4125-asu-nz,0000000018-3024-oms-nz,FeNOMeasurement,2be98d50-2a59-4d82-955b-54fa72a23f06,b0d302bf-f0f3-4feb-821a-8083f454e883,1222.398681640625,488086.5625,199933.140625,8132.875,7134.0947265625,26007.09765625,184586.875,179986.765625,236213.96875,70277.578125,129371.6796875,18642.30078125,276539.34375,5571.3271484375,19437.923828125,37224.2421875,258303.09375,52697.4375,190378.921875,20280.017578125,6901.96044921875,13224.0,27526.046875,45724.578125,2928070.5,357687.4375,1097981.625,3622618.5,11016634,5588.330078125,70264.8671875,124219152,53565112,21125.986328125,86301.703125,202250.859375,671064.1875,4360.70068359375,2897437.0,1132568.0,63164.48046875,491661.125,21329.390625,825791.25,701.1241455078125,448135.71875,447065.5,239629.625,957230.9375,70130.546875,77627.4921875,17378.22265625,4144.052734375,276598.34375,14987.9169921875,146074.09375,33015.94140625,405810.0625,1102942.75,58573.44921875,7258.8544921875,122664.59375,13556.9384765625,607952.0625,77609,33.890113830566406,35.582420349121094,0,0,0,0,0,0,0,0,0,0,0,1,0,0,0,0,0,0,0,False,UNKNOWN,0,0,0,0,201413197,24484,0,37.01848983764648,13,,,"{'Type': 'start', 'Data_Type': 'Synthetical', 'Protocol_name': 'ABGv5-5ppb-10RH-75ccm-Anthony-Q425', 'Trial_Details': {'RH': 0, 'group': 35, 'detail': 'N/A', 'trialnum': 23, 'TrialName': '10rh', 'identifier': 'srzyh', 'Concentration': 0}, 'Experiment_Rig': 'DA3'}",,2026-01-19 01:42:00.746,"{'cid': '50887afa-f28e-43cb-ad20-c4bac4e7cd08', 'uuid': 'b4faffaf-a8e5-42e2-9c4f-ea6016bff4f9', 'annotationId': '2be98d50-2a59-4d82-955b-54fa72a23f06', 'name': 'FeNOMeasurement', 'description': 'FeNOMeasurement', 'labels': 'FeNOMeasurement', 'metadata': {'Length': 30, 'Progress': 39, 'startTime': 1768786892859, 'Notification': 'Event FeNOMeasurement Started.'}, 'createdAt': '2026-01-19T01:41:33.087Z', 'createdBy': '5c7b5d9f-c171-4004-a182-4277ffd4c9eb'}",29.75,33.62,2200.0,2199.2,24020116.0,15.0,14.98,22040109.0,1600.0,1601.25,21470060.0,1385.0,1385.75,22450138.0,1800.0,1800.11,22340093.0,0.0,439326.17,25.12,32.62,1008.99
0000000027-4125-asu-nz,0000000018-3024-oms-nz,FeNOMeasurement,2be98d50-2a59-4d82-955b-54fa72a23f06,b0d302bf-f0f3-4feb-821a-8083f454e883,1223.0380859375,486725.4375,199956.25,8132.52099609375,7134.08837890625,26009.607421875,184544.890625,179989.953125,236508.4375,70254.171875,129372.84375,18644.197265625,277046.40625,5568.62158203125,19440.126953125,37225.34765625,257899.71875,52679.5625,190643.375,20277.59765625,6901.66015625,13233.7958984375,27524.966796875,45725.04296875,2930531.25,357626.53125,1096933.875,3623711.75,11026522,5588.06396484375,69348.7734375,124739736,53643232,21120.779296875,86279.4375,202234.078125,670822.875,4358.56298828125,2900114.0,1133294.0,63167.81640625,491874.03125,21326.861328125,824992.9375,701.6365966796875,448439.03125,446883.78125,239635.9375,956881.125,70133.8203125,77634.5390625,17385.4375,4144.52685546875,276188.875,15011.9580078125,145777.4375,33010.40234375,405287.3125,1102081.5,58568.53125,7258.7373046875,122725.0,13564.3876953125,608368.1875,77910,33.970699310302734,35.66300582885742,0,0,0,0,0,0,0,0,0,0,0,1,0,0,0,0,0,0,0,False,UNKNOWN,0,0,0,0,201413197,24484,0,37.01848983764648,13,,,"{'Type': 'start', 'Data_Type': 'Synthetical', 'Protocol_name': 'ABGv5-5ppb-10RH-75ccm-Anthony-Q425', 'Trial_Details': {'RH': 0, 'group': 35, 'detail': 'N/A', 'trialnum': 23, 'TrialName': '10rh', 'identifier': 'srzyh', 'Concentration': 0}, 'Experiment_Rig': 'DA3'}",,2026-01-19 01:42:01.047,"{'cid': '50887afa-f28e-43cb-ad20-c4bac4e7cd08', 'uuid': 'b4faffaf-a8e5-42e2-9c4f-ea6016bff4f9', 'annotationId': '2be98d50-2a59-4d82-955b-54fa72a23f06', 'name': 'FeNOMeasurement', 'description': 'FeNOMeasurement', 'labels': 'FeNOMeasurement', 'metadata': {'Length': 30, 'Progress': 39, 'startTime': 1768786892859, 'Notification': 'Event FeNOMeasurement Started.'}, 'createdAt': '2026-01-19T01:41:33.087Z', 'createdBy': '5c7b5d9f-c171-4004-a182-4277ffd4c9eb'}",29.76,33.63,2200.0,2199.24,24020116.0,15.0,14.98,22040109.0,1600.0,1601.09,21470060.0,1385.0,1385.44,22450138.0,1800.0,1799.56,22340093.0,0.0,439788.68,25.12,32.62,1008.99
0000000027-4125-asu-nz,0000000018-3024-oms-nz,FeNOMeasurement,2be98d50-2a59-4d82-955b-54fa72a23f06,b0d302bf-f0f3-4feb-821a-8083f454e883,1224.1197509765625,486576.46875,200010.875,8133.3037109375,7133.9990234375,26012.0234375,184541.078125,179996.03125,235066.0625,70259.6875,129377.3671875,18644.869140625,276325.0,5555.55859375,19441.376953125,37231.6875,258051.03125,52687.71484375,189887.78125,20278.529296875,6901.80419921875,13235.912109375,27524.396484375,45718.23828125,2933350.0,357507.78125,1095304.75,3624375.75,11044765,5588.0712890625,70052.8359375,125505120,53620264,21123.46875,86285.8828125,202235.40625,670703.0625,4360.68994140625,2904120.75,1133938.5,63169.890625,491898.34375,21330.083984375,825919.375,701.1795654296875,448571.90625,446854.9375,239670.984375,956690.25,70139.015625,77642.390625,17381.259765625,4142.875,276385.53125,15025.720703125,145453.421875,33014.39453125,405444.25,1101007.25,58574.87890625,7258.61474609375,122693.546875,13553.919921875,609088.875,78211,33.80952835083008,35.582420349121094,0,0,0,0,0,0,0,0,0,0,0,1,0,0,0,0,0,0,0,False,UNKNOWN,0,0,0,0,201413197,24484,0,37.01848983764648,13,,,"{'Type': 'start', 'Data_Type': 'Synthetical', 'Protocol_name': 'ABGv5-5ppb-10RH-75ccm-Anthony-Q425', 'Trial_Details': {'RH': 0, 'group': 35, 'detail': 'N/A', 'trialnum': 23, 'TrialName': '10rh', 'identifier': 'srzyh', 'Concentration': 0}, 'Experiment_Rig': 'DA3'}",,2026-01-19 01:42:01.350,"{'cid': '50887afa-f28e-43cb-ad20-c4bac4e7cd08', 'uuid': 'b4faffaf-a8e5-42e2-9c4f-ea6016bff4f9', 'annotationId': '2be98d50-2a59-4d82-955b-54fa72a23f06', 'name': 'FeNOMeasurement', 'description': 'FeNOMeasurement', 'labels': 'FeNOMeasurement', 'metadata': {'Length': 30, 'Progress': 39, 'startTime': 1768786892859, 'Notification': 'Event FeNOMeasurement Started.'}, 'createdAt': '2026-01-19T01:41:33.087Z', 'createdBy': '5c7b5d9f-c171-4004-a182-4277ffd4c9eb'}",29.76,33.63,2200.0,2199.29,24020116.0,15.0,14.99,22040109.0,1600.0,1601.02,21470060.0,1385.0,1385.22,22450138.0,1800.0,1799.28,22340093.0,0.0,439937.26,25.11,32.62,1008.99
0000000027-4125-asu-nz,0000000018-3024-oms-nz,FeNOMeasurement,2be98d50-2a59-4d82-955b-54fa72a23f06,b0d302bf-f0f3-4feb-821a-8083f454e883,1224.5418701171875,488188.3125,200004.703125,8132.8291015625,7134.005859375,26011.740234375,184500.40625,180035.484375,236296.484375,70239.234375,129374.984375,18643.390625,275653.09375,5571.5458984375,19441.341796875,37236.78515625,258373.28125,52672.91015625,190337.953125,20287.99609375,6902.6357421875,13238.1240234375,27522.376953125,45715.7421875,2935959.5,357449.09375,1096832.125,3624665.75,11051548,5587.4736328125,69882.421875,126101416,53506092,21125.07421875,86300.7109375,202239.296875,670582.25,4360.4423828125,2904137.75,1136168.125,63180.328125,492094.8125,21328.6953125,826288.3125,701.847900390625,448538.40625,446917.15625,239721.53125,956546.0,70131.7421875,77625.640625,17383.705078125,4139.59521484375,276136.4375,14990.4931640625,147205.234375,33012.59375,405529.125,1100695.0,58576.296875,7257.6806640625,122695.8515625,13552.435546875,608821.25,78512,33.970699310302734,35.66300582885742,0,0,0,0,0,0,0,0,0,0,0,1,0,0,0,0,0,0,0,False,UNKNOWN,0,0,0,0,201413197,24484,0,37.01848983764648,13,,,"{'Type': 'start', 'Data_Type': 'Synthetical', 'Protocol_name': 'ABGv5-5ppb-10RH-75ccm-Anthony-Q425', 'Trial_Details': {'RH': 0, 'group': 35, 'detail': 'N/A', 'trialnum': 23, 'TrialName': '10rh', 'identifier': 'srzyh', 'Concentration': 0}, 'Experiment_Rig': 'DA3'}",,2026-01-19 01:42:01.654,"{'cid': '50887afa-f28e-43cb-ad20-c4bac4e7cd08', 'uuid': 'b4faffaf-a8e5-42e2-9c4f-ea6016bff4f9', 'annotationId': '2be98d50-2a59-4d82-955b-54fa72a23f06', 'name': 'FeNOMeasurement', 'description': 'FeNOMeasurement', 'labels': 'FeNOMeasurement', 'metadata': {'Length': 30, 'Progress': 39, 'startTime': 1768786892859, 'Notification': 'Event FeNOMeasurement Started.'}, 'createdAt': '2026-01-19T01:41:33.087Z', 'createdBy': '5c7b5d9f-c171-4004-a182-4277ffd4c9eb'}",29.76,33.62,2200.0,2199.31,24020116.0,15.0,15.01,22040109.0,1600.0,1601.29,21470060.0,1385.0,1385.29,22450138.0,1800.0,1800.08,22340093.0,0.0,440086.32,25.11,32.62,1008.99
0000000027-4125-asu-nz,0000000018-3024-oms-nz,FeNOMeasurement,2be98d50-2a59-4d82-955b-54fa72a23f06,b0d302bf-f0f3-4feb-821a-8083f454e883,1223.9046630859375,488372.84375,200016.515625,8133.30712890625,7133.8232421875,26010.93359375,184491.890625,180036.203125,236162.828125,70237.21875,129361.84375,18644.154296875,277025.0,5571.40283203125,19440.318359375,37240.7890625,258049.53125,52690.04296875,190706.5625,20283.529296875,6902.7978515625,13236.8974609375,27521.453125,45712.8828125,2937700.25,357658.25,1097415.625,3624413.0,11052166,5587.28955078125,70472.3046875,126601184,53317080,21126.857421875,86292.0546875,202192.640625,670512.375,4359.9482421875,2903576.5,1134947.125,63187.44921875,492240.28125,21331.09765625,827013.0625,701.3500366210938,448808.46875,446345.46875,239708.296875,957192.1875,70142.6640625,77618.21875,17372.791015625,4138.9443359375,276099.46875,15020.5595703125,147461.109375,33008.8125,405459.875,1100104.5,58583.5859375,7257.92529296875,122680.0546875,13556.0546875,609195.9375,78813,34.05128479003906,35.66300582885742,0,0,0,0,0,0,0,0,0,0,0,1,0,0,0,0,0,0,0,False,UNKNOWN,0,0,0,0,201413197,24484,0,37.01848983764648,13,,,"{'Type': 'start', 'Data_Type': 'Synthetical', 'Protocol_name': 'ABGv5-5ppb-10RH-75ccm-Anthony-Q425', 'Trial_Details': {'RH': 0, 'group': 35, 'detail': 'N/A', 'trialnum': 23, 'TrialName': '10rh', 'identifier': 'srzyh', 'Concentration': 0}, 'Experiment_Rig': 'DA3'}",,2026-01-19 01:42:01.950,"{'cid': '50887afa-f28e-43cb-ad20-c4bac4e7cd08', 'uuid': 'b4faffaf-a8e5-42e2-9c4f-ea6016bff4f9', 'annotationId': '2be98d50-2a59-4d82-955b-54fa72a23f06', 'name': 'FeNOMeasurement', 'description': 'FeNOMeasurement', 'labels': 'FeNOMeasurement', 'metadata': {'Length': 30, 'Progress': 39, 'startTime': 1768786892859, 'Notification': 'Event FeNOMeasurement Started.'}, 'createdAt': '2026-01-19T01:41:33.087Z', 'createdBy': '5c7b5d9f-c171-4004-a182-4277ffd4c9eb'}",29.76,33.61,2200.0,2199.33,24020116.0,15.0,15.03,22040109.0,1600.0,1601.55,21470060.0,1385.0,1385.36,22450138.0,1800.0,1800.85,22340093.0,0.0,440231.46,25.1,32.62,1008.99
0000000027-4125-asu-nz,0000000018-3024-oms-nz,FeNOMeasurement,2be98d50-2a59-4d82-955b-54fa72a23f06,b0d302bf-f0f3-4feb-821a-8083f454e883,1223.0037841796875,487213.0,200019.4375,8132.87353515625,7134.3916015625,26010.796875,184559.875,180041.125,235348.125,70249.4765625,129342.7265625,18643.6875,276607.375,5563.9736328125,19438.111328125,37235.5234375,258131.953125,52670.74609375,189986.8125,20289.330078125,6901.93017578125,13222.73046875,27519.255859375,45708.07421875,2935664.75,354926.9375,1098686.625,3624037.75,11050470,5587.51953125,70175.5546875,126717688,53003832,21121.052734375,86284.9921875,202186.6875,670461.25,4359.83740234375,2903938.5,1134931.5,63189.14453125,492188.59375,21326.453125,827556.25,701.0299072265625,448678.6875,446313.09375,239718.578125,958492.0,70162.5703125,77634.765625,17383.8515625,4153.73828125,276213.1875,14957.7333984375,148232.765625,33017.73046875,405707.03125,1100447.5,58585.86328125,7258.0361328125,122896.21875,13555.40625,609861.75,79115,33.890113830566406,35.42124938964844,0,0,0,0,0,0,0,0,0,0,0,1,0,0,0,0,0,0,0,False,UNKNOWN,0,0,0,0,201413197,24484,0,37.01848983764648,13,,,"{'Type': 'start', 'Data_Type': 'Synthetical', 'Protocol_name': 'ABGv5-5ppb-10RH-75ccm-Anthony-Q425', 'Trial_Details': {'RH': 0, 'group': 35, 'detail': 'N/A', 'trialnum': 23, 'TrialName': '10rh', 'identifier': 'srzyh', 'Concentration': 0}, 'Experiment_Rig': 'DA3'}",,2026-01-19 01:42:02.252,"{'cid': '50887afa-f28e-43cb-ad20-c4bac4e7cd08', 'uuid': 'b4faffaf-a8e5-42e2-9c4f-ea6016bff4f9', 'annotationId': '2be98d50-2a59-4d82-955b-54fa72a23f06', 'name': 'FeNOMeasurement', 'description': 'FeNOMeasurement', 'labels': 'FeNOMeasurement', 'metadata': {'Length': 30, 'Progress': 39, 'startTime': 1768786892859, 'Notification': 'Event FeNOMeasurement Started.'}, 'createdAt': '2026-01-19T01:41:33.087Z', 'createdBy': '5c7b5d9f-c171-4004-a182-4277ffd4c9eb'}",29.76,33.6,2200.0,2199.36,24020116.0,15.0,15.06,22040109.0,1600.0,1601.81,21470060.0,1385.0,1385.43,22450138.0,1800.0,1801.64,22340093.0,0.0,440225.2,25.1,32.62,1008.99
0000000027-4125-asu-nz,0000000018-3024-oms-nz,FeNOMeasurement,2be98d50-2a59-4d82-955b-54fa72a23f06,b0d302bf-f0f3-4feb-821a-8083f454e883,1222.923095703125,487817.375,199999.625,8132.36279296875,7134.2138671875,26009.92578125,184505.34375,180012.625,235460.703125,70257.1953125,129320.0390625,18642.08984375,276830.5625,5583.2998046875,19437.263671875,37228.6171875,257997.890625,52662.3359375,190379.203125,20282.25390625,6902.29052734375,13241.4033203125,27517.599609375,45709.58203125,2932530.75,356460.1875,1101717.5,3622823.25,11039600,5586.62109375,69448.9609375,126011992,52723160,21127.34765625,86303.5234375,202241.921875,670456.4375,4358.6533203125,2904274.5,1135583.875,63190.33984375,492313.71875,21333.41015625,828495.125,701.33447265625,448720.375,446334.40625,239753.390625,959651.0625,70167.0625,77651.71875,17391.478515625,4148.96435546875,276325.0625,15001.583984375,148075.65625,33013.265625,405744.5,1100819.125,58591.0078125,7257.94921875,122957.8046875,13559.388671875,610427.625,79417,33.890113830566406,35.582420349121094,0,0,0,0,0,0,0,0,0,0,0,1,0,0,0,0,0,0,0,False,UNKNOWN,0,0,0,0,201418200,24484,0,37.55267333984375,13,,,"{'Type': 'start', 'Data_Type': 'Synthetical', 'Protocol_name': 'ABGv5-5ppb-10RH-75ccm-Anthony-Q425', 'Trial_Details': {'RH': 0, 'group': 35, 'detail': 'N/A', 'trialnum': 23, 'TrialName': '10rh', 'identifier': 'srzyh', 'Concentration': 0}, 'Experiment_Rig': 'DA3'}",,2026-01-19 01:42:02.555,"{'cid': '50887afa-f28e-43cb-ad20-c4bac4e7cd08', 'uuid': 'b4faffaf-a8e5-42e2-9c4f-ea6016bff4f9', 'annotationId': '2be98d50-2a59-4d82-955b-54fa72a23f06', 'name': 'FeNOMeasurement', 'description': 'FeNOMeasurement', 'labels': 'FeNOMeasurement', 'metadata': {'Length': 30, 'Progress': 39, 'startTime': 1768786892859, 'Notification': 'Event FeNOMeasurement Started.'}, 'createdAt': '2026-01-19T01:41:33.087Z', 'createdBy': '5c7b5d9f-c171-4004-a182-4277ffd4c9eb'}",29.76,33.61,2200.0,2199.6,24020116.0,15.0,15.08,22040109.0,1600.0,1601.58,21470060.0,1385.0,1384.89,22450138.0,1800.0,1801.08,22340093.0,0.0,439854.17,25.1,32.62,1008.99
0000000027-4125-asu-nz,0000000018-3024-oms-nz,FeNOMeasurement,2be98d50-2a59-4d82-955b-54fa72a23f06,b0d302bf-f0f3-4feb-821a-8083f454e883,1223.3040771484375,488111.59375,199980.6875,8132.4033203125,7134.24755859375,26007.806640625,184520.40625,180002.109375,235648.703125,70283.234375,129323.1484375,18642.310546875,275831.6875,5558.0283203125,19437.455078125,37232.515625,257836.765625,52655.140625,190298.859375,20286.140625,6901.75244140625,13226.0439453125,27513.884765625,45714.11328125,2928434.5,356940.96875,1098299.5,3621674.75,11036134,5586.9228515625,69148.859375,125514992,52506472,21121.95703125,86290.03125,202213.765625,670481.6875,4359.8427734375,2903847.0,1136665.25,63187.390625,492362.3125,21331.357421875,828503.3125,701.2335815429688,448532.34375,446366.6875,239712.5,960362.125,70116.46875,77685.265625,17383.478515625,4157.84912109375,276310.53125,15027.01953125,148115.515625,33012.06640625,405871.625,1102004.125,58589.70703125,7258.16064453125,123071.3046875,13552.201171875,610621.9375,79717,33.970699310302734,35.582420349121094,0,0,0,0,0,0,0,0,0,0,0,1,0,0,0,0,0,0,0,False,UNKNOWN,0,0,0,0,201418200,24484,0,37.55267333984375,13,,,"{'Type': 'start', 'Data_Type': 'Synthetical', 'Protocol_name': 'ABGv5-5ppb-10RH-75ccm-Anthony-Q425', 'Trial_Details': {'RH': 0, 'group': 35, 'detail': 'N/A', 'trialnum': 23, 'TrialName': '10rh', 'identifier': 'srzyh', 'Concentration': 0}, 'Experiment_Rig': 'DA3'}",,2026-01-19 01:42:02.855,"{'cid': '50887afa-f28e-43cb-ad20-c4bac4e7cd08', 'uuid': 'b4faffaf-a8e5-42e2-9c4f-ea6016bff4f9', 'annotationId': '2be98d50-2a59-4d82-955b-54fa72a23f06', 'name': 'FeNOMeasurement', 'description': 'FeNOMeasurement', 'labels': 'FeNOMeasurement', 'metadata': {'Length': 30, 'Progress': 39, 'startTime': 1768786892859, 'Notification': 'Event FeNOMeasurement Started.'}, 'createdAt': '2026-01-19T01:41:33.087Z', 'createdBy': '5c7b5d9f-c171-4004-a182-4277ffd4c9eb'}",29.76,33.62,2200.0,2199.88,24020116.0,15.0,15.1,22040109.0,1600.0,1601.3,21470060.0,1385.0,1384.27,22450138.0,1800.0,1800.3,22340093.0,0.0,439486.8,25.09,32.61,1009.0
0000000027-4125-asu-nz,0000000018-3024-oms-nz,FeNOMeasurement,2be98d50-2a59-4d82-955b-54fa72a23f06,b0d302bf-f0f3-4feb-821a-8083f454e883,1223.054931640625,487987.9375,199938.609375,8133.01220703125,7133.6005859375,26006.51171875,184553.21875,180012.703125,235510.5625,70234.96875,129303.546875,18642.572265625,276381.875,5577.5166015625,19438.4296875,37230.56640625,257773.28125,52667.38671875,190987.40625,20289.705078125,6901.63623046875,13231.6806640625,27514.017578125,45712.9921875,2925657.0,356428.21875,1095508.375,3620359.0,11022844,5586.74462890625,69124.7734375,124535552,52376728,21121.98828125,86294.84375,202270.65625,670635.75,4359.68701171875,2903530.0,1136374.875,63187.05078125,492182.53125,21328.34765625,828734.3125,700.5060424804688,448416.8125,446779.21875,239740.5625,960741.5625,70100.6640625,77674.09375,17382.98828125,4144.15283203125,276183.53125,15021.0654296875,147865.484375,33015.61328125,405695.25,1102691.25,58586.65234375,7257.60986328125,123057.921875,13556.890625,608857.9375,80018,33.970699310302734,35.743595123291016,0,0,0,0,0,0,0,0,0,0,0,1,0,0,0,0,0,0,0,False,UNKNOWN,0,0,0,0,201418200,24484,0,37.55267333984375,13,,,"{'Type': 'start', 'Data_Type': 'Synthetical', 'Protocol_name': 'ABGv5-5ppb-10RH-75ccm-Anthony-Q425', 'Trial_Details': {'RH': 0, 'group': 35, 'detail': 'N/A', 'trialnum': 23, 'TrialName': '10rh', 'identifier': 'srzyh', 'Concentration': 0}, 'Experiment_Rig': 'DA3'}",,2026-01-19 01:42:03.155,"{'cid': '50887afa-f28e-43cb-ad20-c4bac4e7cd08', 'uuid': 'b4faffaf-a8e5-42e2-9c4f-ea6016bff4f9', 'annotationId': '2be98d50-2a59-4d82-955b-54fa72a23f06', 'name': 'FeNOMeasurement', 'description': 'FeNOMeasurement', 'labels': 'FeNOMeasurement', 'metadata': {'Length': 30, 'Progress': 39, 'startTime': 1768786892859, 'Notification': 'Event FeNOMeasurement Started.'}, 'createdAt': '2026-01-19T01:41:33.087Z', 'createdBy': '5c7b5d9f-c171-4004-a182-4277ffd4c9eb'}",29.76,33.63,2200.0,2200.15,24020116.0,15.0,15.12,22040109.0,1600.0,1601.01,21470060.0,1385.0,1383.65,22450138.0,1800.0,1799.51,22340093.0,0.0,439119.44,25.09,32.61,1009.0
0000000027-4125-asu-nz,0000000018-3024-oms-nz,FeNOMeasurement,2be98d50-2a59-4d82-955b-54fa72a23f06,b0d302bf-f0f3-4feb-821a-8083f454e883,1224.4483642578125,487570.65625,199916.09375,8132.38525390625,7133.8671875,26006.177734375,184538.1875,180006.15625,235587.890625,70317.5703125,129307.9375,18641.587890625,277243.71875,5575.56787109375,19435.837890625,37226.01953125,257664.96875,52663.0703125,190848.65625,20287.95703125,6902.05712890625,13231.654296875,27514.802734375,45718.33203125,2924293.0,357418.625,1094453.75,3619390.75,11007637,5586.8486328125,68265.578125,123429512,52349220,21124.353515625,86306.0625,202243.453125,670836.0625,4358.5078125,2904430.0,1136759.375,63173.6875,492058.625,21325.966796875,828342.125,701.4826049804688,448519.40625,447024.78125,239699.078125,961259.0625,70105.5859375,77632.171875,17386.916015625,4149.8994140625,276128.84375,14973.83984375,147953.09375,33015.92578125,405564.59375,1103228.375,58587.2421875,7257.87939453125,122982.5,13554.435546875,608872.625,80319,34.05128479003906,35.743595123291016,0,0,0,0,0,0,0,0,0,0,0,1,0,0,0,0,0,0,0,False,UNKNOWN,0,0,0,0,201418200,24484,0,37.55267333984375,13,,,"{'Type': 'start', 'Data_Type': 'Synthetical', 'Protocol_name': 'ABGv5-5ppb-10RH-75ccm-Anthony-Q425', 'Trial_Details': {'RH': 0, 'group': 35, 'detail': 'N/A', 'trialnum': 23, 'TrialName': '10rh', 'identifier': 'srzyh', 'Concentration': 0}, 'Experiment_Rig': 'DA3'}",,2026-01-19 01:42:03.457,"{'cid': '50887afa-f28e-43cb-ad20-c4bac4e7cd08', 'uuid': 'b4faffaf-a8e5-42e2-9c4f-ea6016bff4f9', 'annotationId': '2be98d50-2a59-4d82-955b-54fa72a23f06', 'name': 'FeNOMeasurement', 'description': 'FeNOMeasurement', 'labels': 'FeNOMeasurement', 'metadata': {'Length': 30, 'Progress': 39, 'startTime': 1768786892859, 'Notification': 'Event FeNOMeasurement Started.'}, 'createdAt': '2026-01-19T01:41:33.087Z', 'createdBy': '5c7b5d9f-c171-4004-a182-4277ffd4c9eb'}",29.76,33.63,2200.0,2200.42,24020116.0,15.0,15.12,22040109.0,1600.0,1600.62,21470060.0,1385.0,1383.51,22450138.0,1800.0,1799.12,22340093.0,0.0,438987.73,25.1,32.61,1009.0
0000000027-4125-asu-nz,0000000018-3024-oms-nz,FeNOMeasurement,2be98d50-2a59-4d82-955b-54fa72a23f06,b0d302bf-f0f3-4feb-821a-8083f454e883,1223.3331298828125,487229.15625,199900.25,8132.63134765625,7134.23193359375,26005.974609375,184550.96875,179977.53125,235776.46875,70283.6015625,129321.1953125,18641.62890625,276677.84375,5563.18212890625,19437.943359375,37231.8671875,258446.359375,52669.9140625,190824.53125,20281.24609375,6901.99365234375,13231.3701171875,27516.564453125,45720.046875,2923172.0,357718.21875,1094691.75,3617185.0,10998603,5587.23046875,68970.34375,122714824,52424980,21119.81640625,86305.359375,202244.96875,670971.25,4358.44482421875,2901985.25,1139162.75,63172.05859375,491726.875,21326.244140625,829126.625,702.0072631835938,448250.4375,446868.21875,239663.25,961527.8125,70130.0390625,77667.984375,17384.87109375,4144.02880859375,274726.59375,14980.9013671875,147386.890625,33014.18359375,405613.65625,1103610.25,58585.51171875,7258.22705078125,122669.4453125,13552.8076171875,610145.1875,80620,33.970699310302734,35.582420349121094,0,0,0,0,0,0,0,0,0,0,0,1,0,0,0,0,0,0,0,False,UNKNOWN,0,0,0,0,201418200,24484,0,37.55267333984375,13,,,"{'Type': 'start', 'Data_Type': 'Synthetical', 'Protocol_name': 'ABGv5-5ppb-10RH-75ccm-Anthony-Q425', 'Trial_Details': {'RH': 0, 'group': 35, 'detail': 'N/A', 'trialnum': 23, 'TrialName': '10rh', 'identifier': 'srzyh', 'Concentration': 0}, 'Experiment_Rig': 'DA3'}",,2026-01-19 01:42:03.757,"{'cid': '50887afa-f28e-43cb-ad20-c4bac4e7cd08', 'uuid': 'b4faffaf-a8e5-42e2-9c4f-ea6016bff4f9', 'annotationId': '2be98d50-2a59-4d82-955b-54fa72a23f06', 'name': 'FeNOMeasurement', 'description': 'FeNOMeasurement', 'labels': 'FeNOMeasurement', 'metadata': {'Length': 30, 'Progress': 39, 'startTime': 1768786892859, 'Notification': 'Event FeNOMeasurement Started.'}, 'createdAt': '2026-01-19T01:41:33.087Z', 'createdBy': '5c7b5d9f-c171-4004-a182-4277ffd4c9eb'}",29.76,33.63,2200.0,2200.7,24020116.0,15.0,15.09,22040109.0,1600.0,1600.14,21470060.0,1385.0,1383.8,22450138.0,1800.0,1799.12,22340093.0,0.0,439134.27,25.11,32.61,1009.0
0000000027-4125-asu-nz,0000000018-3024-oms-nz,FeNOMeasurement,2be98d50-2a59-4d82-955b-54fa72a23f06,b0d302bf-f0f3-4feb-821a-8083f454e883,1223.822509765625,485945.9375,199897.703125,8133.12060546875,7133.455078125,26004.953125,184594.953125,179961.078125,235455.875,70301.5859375,129329.75,18642.662109375,276914.28125,5568.6171875,19438.451171875,37230.7109375,258311.25,52682.53515625,190535.828125,20276.58203125,6901.728515625,13231.013671875,27517.765625,45723.03125,2921721.25,356771.46875,1096536.25,3614656.75,10992785,5587.1533203125,67483.3515625,122178728,52585572,21125.1953125,86346.671875,202264.859375,671049.5,4358.76416015625,2905274.75,1139429.125,63163.62109375,491963.8125,21325.271484375,828812.625,701.8532104492188,448284.625,446387.5625,239645.296875,961060.625,70123.3125,77627.5546875,17387.033203125,4153.62939453125,275650.3125,14992.7421875,147354.875,33016.24609375,405699.3125,1104136.75,58593.0390625,7257.9326171875,122755.5,13555.744140625,610900.0,80921,33.890113830566406,35.582420349121094,0,0,0,0,0,0,0,0,0,0,0,1,0,0,0,0,0,0,0,False,UNKNOWN,0,0,0,0,201418200,24484,0,37.55267333984375,13,,,"{'Type': 'start', 'Data_Type': 'Synthetical', 'Protocol_name': 'ABGv5-5ppb-10RH-75ccm-Anthony-Q425', 'Trial_Details': {'RH': 0, 'group': 35, 'detail': 'N/A', 'trialnum': 23, 'TrialName': '10rh', 'identifier': 'srzyh', 'Concentration': 0}, 'Experiment_Rig': 'DA3'}",,2026-01-19 01:42:04.059,"{'cid': '50887afa-f28e-43cb-ad20-c4bac4e7cd08', 'uuid': 'b4faffaf-a8e5-42e2-9c4f-ea6016bff4f9', 'annotationId': '2be98d50-2a59-4d82-955b-54fa72a23f06', 'name': 'FeNOMeasurement', 'description': 'FeNOMeasurement', 'labels': 'FeNOMeasurement', 'metadata': {'Length': 30, 'Progress': 39, 'startTime': 1768786892859, 'Notification': 'Event FeNOMeasurement Started.'}, 'createdAt': '2026-01-19T01:41:33.087Z', 'createdBy': '5c7b5d9f-c171-4004-a182-4277ffd4c9eb'}",29.77,33.64,2200.0,2200.97,24020116.0,15.0,15.05,22040109.0,1600.0,1599.66,21470060.0,1385.0,1384.09,22450138.0,1800.0,1799.12,22340093.0,0.0,439281.78,25.13,32.62,1009.01
0000000027-4125-asu-nz,0000000018-3024-oms-nz,FeNOMeasurement,2be98d50-2a59-4d82-955b-54fa72a23f06,b0d302bf-f0f3-4feb-821a-8083f454e883,1223.2578125,487144.71875,199898.4375,8132.41845703125,7134.19140625,26003.443359375,184501.421875,179945.375,235661.25,70298.2578125,129322.5078125,18643.5078125,277620.1875,5538.4443359375,19437.501953125,37236.50390625,257974.0,52684.30859375,190595.5625,20277.56640625,6901.6728515625,13227.6689453125,27517.310546875,45724.3984375,2920986.75,357230.34375,1098957.75,3613805.0,10990853,5587.80078125,69028.9296875,121933472,52814760,21124.455078125,86327.6640625,202286.9375,671079.0,4359.74609375,2909765.25,1140237.625,63161.390625,491798.40625,21326.9921875,829028.875,701.4946899414062,448191.59375,446356.28125,239638.0,960570.25,70123.359375,77645.6953125,17385.228515625,4154.7060546875,276041.1875,15012.2783203125,146426.828125,33016.62890625,405845.34375,1104324.25,58593.5234375,7258.22412109375,122676.2421875,13548.4287109375,611620.0625,81222,33.890113830566406,35.582420349121094,0,0,0,0,0,0,0,0,0,0,0,1,0,0,0,0,0,0,0,False,UNKNOWN,0,0,0,0,201418200,24484,0,37.55267333984375,13,,,"{'Type': 'start', 'Data_Type': 'Synthetical', 'Protocol_name': 'ABGv5-5ppb-10RH-75ccm-Anthony-Q425', 'Trial_Details': {'RH': 0, 'group': 35, 'detail': 'N/A', 'trialnum': 23, 'TrialName': '10rh', 'identifier': 'srzyh', 'Concentration': 0}, 'Experiment_Rig': 'DA3'}",,2026-01-19 01:42:04.364,"{'cid': '50887afa-f28e-43cb-ad20-c4bac4e7cd08', 'uuid': 'b4faffaf-a8e5-42e2-9c4f-ea6016bff4f9', 'annotationId': '2be98d50-2a59-4d82-955b-54fa72a23f06', 'name': 'FeNOMeasurement', 'description': 'FeNOMeasurement', 'labels': 'FeNOMeasurement', 'metadata': {'Length': 30, 'Progress': 39, 'startTime': 1768786892859, 'Notification': 'Event FeNOMeasurement Started.'}, 'createdAt': '2026-01-19T01:41:33.087Z', 'createdBy': '5c7b5d9f-c171-4004-a182-4277ffd4c9eb'}",29.77,33.64,2200.0,2201.15,24020116.0,14.17,14.25,22040109.0,1600.0,1599.26,21470060.0,1385.89,1385.21,22450138.0,1800.0,1799.13,22340093.0,0.0,439430.75,25.14,32.62,1009.01
0000000027-4125-asu-nz,0000000018-3024-oms-nz,CleaningCycle,2be98d50-2a59-4d82-955b-54fa72a23f06,b0d302bf-f0f3-4feb-821a-8083f454e883,1224.2606201171875,486190.59375,199878.03125,8132.845703125,7134.03173828125,26003.8203125,184480.453125,179934.53125,235772.703125,70267.5,129324.96875,18642.619140625,278465.25,5549.28564453125,19439.1484375,37232.9453125,257986.40625,52684.796875,189730.890625,20271.6796875,6902.3037109375,13231.9541015625,27518.693359375,45729.08984375,2921392.0,356997.875,1099258.375,3613609.0,10984052,5587.7216796875,68941.0390625,121860176,53077808,21122.884765625,86327.9375,202251.09375,671102.625,4357.96728515625,2914635.25,1142478.75,63165.80859375,492500.625,21322.03515625,829231.8125,701.5288696289062,448175.0625,446926.03125,239645.078125,959422.5,70122.7890625,77615.0234375,17385.6953125,4144.43359375,275944.25,15006.5146484375,146928.71875,33009.328125,405755.8125,1104193.75,58599.0078125,7258.35498046875,122641.6953125,13553.005859375,611104.75,81523,34.05128479003906,35.66300582885742,0,0,0,0,0,0,0,0,0,0,0,1,0,0,0,0,0,0,0,False,UNKNOWN,0,0,0,0,201418200,24484,0,37.55267333984375,13,,,"{'Type': 'start', 'Data_Type': 'Synthetical', 'Protocol_name': 'ABGv5-5ppb-10RH-75ccm-Anthony-Q425', 'Trial_Details': {'RH': 0, 'group': 35, 'detail': 'N/A', 'trialnum': 23, 'TrialName': '10rh', 'identifier': 'srzyh', 'Concentration': 0}, 'Experiment_Rig': 'DA3'}",,2026-01-19 01:42:04.660,"{'cid': '50887afa-f28e-43cb-ad20-c4bac4e7cd08', 'uuid': '1a80a70c-0f7a-43e0-8452-e722c19a00b3', 'annotationId': '2be98d50-2a59-4d82-955b-54fa72a23f06', 'name': 'CleaningCycle', 'description': 'CleaningCycle', 'labels': 'CleaningCycle', 'metadata': {'Length': 30, 'Progress': 69, 'startTime': 1768786924226, 'Notification': 'Event CleaningCycle Started.'}, 'createdAt': '2026-01-19T01:42:04.473Z', 'createdBy': '5c7b5d9f-c171-4004-a182-4277ffd4c9eb'}",29.77,33.64,2200.0,2200.92,24020116.0,9.77,10.15,22040109.0,1600.0,1599.17,21470060.0,1390.29,1389.6,22450138.0,1800.0,1799.2,22340093.0,0.0,439296.5,25.15,32.62,1009.01
0000000027-4125-asu-nz,0000000018-3024-oms-nz,CleaningCycle,2be98d50-2a59-4d82-955b-54fa72a23f06,b0d302bf-f0f3-4feb-821a-8083f454e883,1223.3741455078125,486073.96875,199883.0625,8133.17724609375,7133.84375,26006.638671875,184474.4375,179967.90625,235487.3125,70305.8984375,129342.234375,18643.291015625,278677.8125,5554.92822265625,19437.181640625,37228.0703125,258369.375,52687.6640625,189425.6875,20277.51171875,6901.98974609375,13223.25390625,27517.34765625,45725.34765625,2923388.5,356537.125,1098732.375,3615825.5,10988809,5587.1767578125,69346.8046875,121897656,53334920,21118.67578125,86308.0546875,202269.9375,671106.5625,4358.54833984375,2915052.0,1141653.0,63166.81640625,492027.71875,21325.03515625,828619.625,703.00048828125,448141.34375,446779.53125,239619.015625,958131.75,70124.796875,77657.1796875,17388.19921875,4145.34228515625,275848.625,15042.4091796875,147128.890625,33006.078125,405386.0625,1104139.875,58584.6953125,7258.12451171875,122678.4609375,13562.7890625,608321.0,81824,33.970699310302734,35.743595123291016,0,0,0,0,0,0,0,0,0,0,0,1,0,0,0,0,0,0,0,False,UNKNOWN,0,0,0,0,201418200,24484,0,37.55267333984375,13,,,"{'Type': 'start', 'Data_Type': 'Synthetical', 'Protocol_name': 'ABGv5-5ppb-10RH-75ccm-Anthony-Q425', 'Trial_Details': {'RH': 0, 'group': 35, 'detail': 'N/A', 'trialnum': 23, 'TrialName': '10rh', 'identifier': 'srzyh', 'Concentration': 0}, 'Experiment_Rig': 'DA3'}",,2026-01-19 01:42:04.962,"{'cid': '50887afa-f28e-43cb-ad20-c4bac4e7cd08', 'uuid': '1a80a70c-0f7a-43e0-8452-e722c19a00b3', 'annotationId': '2be98d50-2a59-4d82-955b-54fa72a23f06', 'name': 'CleaningCycle', 'description': 'CleaningCycle', 'labels': 'CleaningCycle', 'metadata': {'Length': 30, 'Progress': 69, 'startTime': 1768786924226, 'Notification': 'Event CleaningCycle Started.'}, 'createdAt': '2026-01-19T01:42:04.473Z', 'createdBy': '5c7b5d9f-c171-4004-a182-4277ffd4c9eb'}",29.78,33.63,2200.0,2200.68,24020116.0,5.28,5.96,22040109.0,1600.0,1599.07,21470060.0,1394.78,1394.08,22450138.0,1800.0,1799.27,22340093.0,0.0,438988.82,25.15,32.62,1009.01
0000000027-4125-asu-nz,0000000018-3024-oms-nz,CleaningCycle,2be98d50-2a59-4d82-955b-54fa72a23f06,b0d302bf-f0f3-4feb-821a-8083f454e883,1224.2322998046875,486819.59375,199905.75,8132.64013671875,7133.9775390625,26006.64453125,184599.921875,179976.40625,235780.578125,70270.5546875,129350.2421875,18645.017578125,277826.5,5576.1123046875,19438.14453125,37235.12109375,258419.109375,52686.3046875,189834.84375,20283.83203125,6901.7548828125,13227.724609375,27516.34375,45725.20703125,2925808.25,356047.25,1098917.25,3618461.75,10997405,5586.59423828125,65898.8984375,122341616,53545400,21120.41796875,86306.234375,202244.96875,671151.6875,4358.08544921875,2921023.75,1141081.875,63167.3828125,492437.9375,21327.888671875,828731.8125,702.2066650390625,448297.25,446695.4375,239616.296875,957471.1875,70084.2890625,77639.4609375,17392.572265625,4151.9990234375,275929.09375,15036.513671875,146964.328125,32999.97265625,405403.46875,1103134.5,58590.9921875,7258.48681640625,122902.296875,13559.701171875,608450.5,82125,33.970699310302734,35.582420349121094,0,0,0,0,0,0,0,0,0,0,0,1,0,0,0,0,0,0,0,False,UNKNOWN,0,0,0,0,201418200,24484,0,37.55267333984375,13,,,"{'Type': 'start', 'Data_Type': 'Synthetical', 'Protocol_name': 'ABGv5-5ppb-10RH-75ccm-Anthony-Q425', 'Trial_Details': {'RH': 0, 'group': 35, 'detail': 'N/A', 'trialnum': 23, 'TrialName': '10rh', 'identifier': 'srzyh', 'Concentration': 0}, 'Experiment_Rig': 'DA3'}",,2026-01-19 01:42:05.263,"{'cid': '50887afa-f28e-43cb-ad20-c4bac4e7cd08', 'uuid': '1a80a70c-0f7a-43e0-8452-e722c19a00b3', 'annotationId': '2be98d50-2a59-4d82-955b-54fa72a23f06', 'name': 'CleaningCycle', 'description': 'CleaningCycle', 'labels': 'CleaningCycle', 'metadata': {'Length': 30, 'Progress': 69, 'startTime': 1768786924226, 'Notification': 'Event CleaningCycle Started.'}, 'createdAt': '2026-01-19T01:42:04.473Z', 'createdBy': '5c7b5d9f-c171-4004-a182-4277ffd4c9eb'}",29.78,33.63,2200.0,2200.44,24020116.0,0.8,1.78,22040109.0,1600.0,1598.97,21470060.0,1399.26,1398.54,22450138.0,1800.0,1799.35,22340093.0,0.0,438682.17,25.14,32.62,1009.01
0000000027-4125-asu-nz,0000000018-3024-oms-nz,CleaningCycle,2be98d50-2a59-4d82-955b-54fa72a23f06,b0d302bf-f0f3-4feb-821a-8083f454e883,1223.8670654296875,487664.46875,199965.09375,8132.99462890625,7133.68408203125,26007.421875,184657.671875,179997.234375,235930.46875,70287.875,129368.0546875,18643.22265625,277913.4375,5595.11328125,19437.662109375,37231.125,257933.140625,52683.78125,189429.421875,20282.853515625,6902.05224609375,13228.0302734375,27516.330078125,45728.21875,2927721.75,356151.5,1099708.125,3620487.5,10997880,5586.7333984375,67210.828125,122903864,53689624,21117.09765625,86300.3359375,202256.515625,670967.5,4358.3779296875,2919931.75,1141081.25,63163.34765625,492422.0,21327.376953125,828375.5,702.2101440429688,448348.25,446884.40625,239626.03125,956916.3125,70089.5546875,77632.328125,17390.728515625,4157.64501953125,275658.21875,15032.5068359375,147124.703125,32993.5,405407.34375,1102189.875,58595.3671875,7258.54150390625,122980.0078125,13545.427734375,607051.1875,82426,33.970699310302734,35.743595123291016,0,0,0,0,0,0,0,0,0,0,0,1,0,0,0,0,0,0,0,False,UNKNOWN,0,0,0,0,201418200,24484,0,37.55267333984375,13,,,"{'Type': 'start', 'Data_Type': 'Synthetical', 'Protocol_name': 'ABGv5-5ppb-10RH-75ccm-Anthony-Q425', 'Trial_Details': {'RH': 0, 'group': 35, 'detail': 'N/A', 'trialnum': 23, 'TrialName': '10rh', 'identifier': 'srzyh', 'Concentration': 0}, 'Experiment_Rig': 'DA3'}",,2026-01-19 01:42:05.564,"{'cid': '50887afa-f28e-43cb-ad20-c4bac4e7cd08', 'uuid': '1a80a70c-0f7a-43e0-8452-e722c19a00b3', 'annotationId': '2be98d50-2a59-4d82-955b-54fa72a23f06', 'name': 'CleaningCycle', 'description': 'CleaningCycle', 'labels': 'CleaningCycle', 'metadata': {'Length': 30, 'Progress': 69, 'startTime': 1768786924226, 'Notification': 'Event CleaningCycle Started.'}, 'createdAt': '2026-01-19T01:42:04.473Z', 'createdBy': '5c7b5d9f-c171-4004-a182-4277ffd4c9eb'}",29.77,33.62,2200.0,2200.17,24020116.0,0.0,1.04,22040109.0,1600.0,1599.48,21470060.0,1400.0,1399.78,22450138.0,1800.0,1799.53,22340093.0,0.0,438375.52,25.14,32.62,1009.01
0000000027-4125-asu-nz,0000000018-3024-oms-nz,CleaningCycle,2be98d50-2a59-4d82-955b-54fa72a23f06,b0d302bf-f0f3-4feb-821a-8083f454e883,1224.4443359375,487815.15625,199970.71875,8132.32861328125,7133.85595703125,26008.53125,184674.046875,179997.328125,236451.484375,70245.796875,129359.0703125,18643.904296875,277041.75,5597.61767578125,19438.7734375,37238.9453125,257987.40625,52699.01171875,189672.84375,20284.576171875,6902.23583984375,13229.0830078125,27515.978515625,45728.81640625,2929668.75,356591.0,1098923.125,3621809.75,10999440,5586.64599609375,68611.03125,123685560,53742744,21121.802734375,86299.046875,202251.65625,670766.875,4360.17431640625,2920994.5,1141551.0,63174.50390625,492302.3125,21328.533203125,828409.9375,701.6879272460938,448538.5,447075.09375,239664.125,956531.5,70102.4140625,77639.6484375,17390.572265625,4143.65869140625,276140.25,15027.033203125,147397.1875,32996.015625,405480.15625,1101736.25,58588.71875,7258.2275390625,122739.78125,13544.5595703125,608147.75,82727,33.970699310302734,35.66300582885742,0,0,0,0,0,0,0,0,0,0,0,1,0,0,0,0,0,0,0,False,UNKNOWN,0,0,0,0,201418200,24484,0,37.55267333984375,13,,,"{'Type': 'start', 'Data_Type': 'Synthetical', 'Protocol_name': 'ABGv5-5ppb-10RH-75ccm-Anthony-Q425', 'Trial_Details': {'RH': 0, 'group': 35, 'detail': 'N/A', 'trialnum': 23, 'TrialName': '10rh', 'identifier': 'srzyh', 'Concentration': 0}, 'Experiment_Rig': 'DA3'}",,2026-01-19 01:42:05.865,"{'cid': '50887afa-f28e-43cb-ad20-c4bac4e7cd08', 'uuid': '1a80a70c-0f7a-43e0-8452-e722c19a00b3', 'annotationId': '2be98d50-2a59-4d82-955b-54fa72a23f06', 'name': 'CleaningCycle', 'description': 'CleaningCycle', 'labels': 'CleaningCycle', 'metadata': {'Length': 30, 'Progress': 69, 'startTime': 1768786924226, 'Notification': 'Event CleaningCycle Started.'}, 'createdAt': '2026-01-19T01:42:04.473Z', 'createdBy': '5c7b5d9f-c171-4004-a182-4277ffd4c9eb'}",29.76,33.61,2200.0,2199.9,24020116.0,0.0,1.05,22040109.0,1600.0,1600.1,21470060.0,1400.0,1400.38,22450138.0,1800.0,1799.75,22340093.0,0.0,438766.55,25.14,32.62,1009.01
0000000027-4125-asu-nz,0000000018-3024-oms-nz,CleaningCycle,2be98d50-2a59-4d82-955b-54fa72a23f06,b0d302bf-f0f3-4feb-821a-8083f454e883,1224.2926025390625,487674.28125,199989.5625,8132.4267578125,7133.802734375,26009.6875,184591.96875,180044.609375,236082.984375,70227.8359375,129377.1875,18642.556640625,277046.1875,5597.33984375,19437.15234375,37234.078125,258173.375,52680.80859375,189751.25,20280.359375,6902.3037109375,13232.115234375,27514.978515625,45724.94140625,2931935.5,356065.875,1099430.5,3622880.0,11003693,5586.04931640625,67547.8359375,124424240,53679312,21125.318359375,86300.8359375,202213.140625,670649.75,4359.79443359375,2917774.25,1138544.75,63180.66796875,492057.1875,21325.734375,828809.1875,701.4459228515625,448255.21875,446911.46875,239691.0,956474.6875,70090.1328125,77611.5,17392.314453125,4145.01220703125,276369.8125,15022.1015625,146801.6875,32996.93359375,405583.46875,1101372.625,58581.3828125,7258.5546875,122665.9765625,13548.8212890625,609182.625,83028,33.970699310302734,35.743595123291016,0,0,0,0,0,0,0,0,0,0,0,1,0,0,0,0,0,0,0,False,UNKNOWN,0,0,0,0,201418200,24484,0,37.55267333984375,13,,,"{'Type': 'start', 'Data_Type': 'Synthetical', 'Protocol_name': 'ABGv5-5ppb-10RH-75ccm-Anthony-Q425', 'Trial_Details': {'RH': 0, 'group': 35, 'detail': 'N/A', 'trialnum': 23, 'TrialName': '10rh', 'identifier': 'srzyh', 'Concentration': 0}, 'Experiment_Rig': 'DA3'}",,2026-01-19 01:42:06.167,"{'cid': '50887afa-f28e-43cb-ad20-c4bac4e7cd08', 'uuid': '1a80a70c-0f7a-43e0-8452-e722c19a00b3', 'annotationId': '2be98d50-2a59-4d82-955b-54fa72a23f06', 'name': 'CleaningCycle', 'description': 'CleaningCycle', 'labels': 'CleaningCycle', 'metadata': {'Length': 30, 'Progress': 69, 'startTime': 1768786924226, 'Notification': 'Event CleaningCycle Started.'}, 'createdAt': '2026-01-19T01:42:04.473Z', 'createdBy': '5c7b5d9f-c171-4004-a182-4277ffd4c9eb'}",29.75,33.6,2200.0,2199.62,24020116.0,0.0,1.06,22040109.0,1600.0,1600.73,21470060.0,1400.0,1400.98,22450138.0,1800.0,1799.96,22340093.0,0.0,439206.04,25.13,32.62,1009.0
0000000027-4125-asu-nz,0000000018-3024-oms-nz,CleaningCycle,2be98d50-2a59-4d82-955b-54fa72a23f06,b0d302bf-f0f3-4feb-821a-8083f454e883,1223.05517578125,487930.8125,200012.78125,8132.7412109375,7133.9677734375,26009.279296875,184651.09375,180074.28125,236262.375,70226.375,129381.265625,18642.974609375,276979.65625,5586.5830078125,19438.330078125,37237.2109375,257966.75,52682.234375,190304.953125,20273.439453125,6901.857421875,13225.3671875,27517.6171875,45719.6640625,2935073.5,355802.53125,1099223.125,3623575.25,11006993,5587.390625,67592.7890625,125077904,53532256,21124.236328125,86306.2890625,202179.953125,670562.0,4359.47314453125,2914866.0,1137349.375,63192.68359375,492654.9375,21333.38671875,828343.0625,700.6309204101562,448533.0,446967.75,239712.9375,956370.4375,70116.953125,77652.53125,17394.4375,4140.56640625,276494.65625,15014.1962890625,147171.484375,33006.01171875,405446.0,1100847.75,58586.84375,7258.64306640625,122598.4609375,13552.3818359375,610119.0625,83329,33.970699310302734,35.582420349121094,0,0,0,0,0,0,0,0,0,0,0,1,0,0,0,0,0,0,0,False,UNKNOWN,0,0,0,0,201418200,24484,0,37.55267333984375,13,,,"{'Type': 'start', 'Data_Type': 'Synthetical', 'Protocol_name': 'ABGv5-5ppb-10RH-75ccm-Anthony-Q425', 'Trial_Details': {'RH': 0, 'group': 35, 'detail': 'N/A', 'trialnum': 23, 'TrialName': '10rh', 'identifier': 'srzyh', 'Concentration': 0}, 'Experiment_Rig': 'DA3'}",,2026-01-19 01:42:06.467,"{'cid': '50887afa-f28e-43cb-ad20-c4bac4e7cd08', 'uuid': '1a80a70c-0f7a-43e0-8452-e722c19a00b3', 'annotationId': '2be98d50-2a59-4d82-955b-54fa72a23f06', 'name': 'CleaningCycle', 'description': 'CleaningCycle', 'labels': 'CleaningCycle', 'metadata': {'Length': 30, 'Progress': 69, 'startTime': 1768786924226, 'Notification': 'Event CleaningCycle Started.'}, 'createdAt': '2026-01-19T01:42:04.473Z', 'createdBy': '5c7b5d9f-c171-4004-a182-4277ffd4c9eb'}",29.75,33.6,2200.0,2199.35,24020116.0,0.0,1.06,22040109.0,1600.0,1601.03,21470060.0,1400.0,1401.27,22450138.0,1800.0,1800.19,22340093.0,0.0,439642.63,25.13,32.62,1008.99
0000000027-4125-asu-nz,0000000018-3024-oms-nz,CleaningCycle,2be98d50-2a59-4d82-955b-54fa72a23f06,b0d302bf-f0f3-4feb-821a-8083f454e883,1223.0023193359375,488664.0,200034.546875,8132.66455078125,7134.45556640625,26009.65234375,184629.640625,180081.046875,236213.328125,70329.78125,129377.0078125,18643.4375,276084.28125,5576.3984375,19438.73046875,37233.0078125,258145.3125,52690.65625,190065.390625,20280.234375,6901.36328125,13237.900390625,27519.89453125,45711.8359375,2936137.0,355837.1875,1099053.625,3624005.25,11006811,5586.80712890625,67920.984375,125480040,53301128,21133.23046875,86318.8046875,202161.484375,670561.0625,4360.18359375,2911489.0,1135360.375,63191.62890625,492703.96875,21336.1796875,829187.75,701.5169677734375,448656.8125,446890.6875,239772.75,956788.1875,70105.6953125,77671.3828125,17395.021484375,4139.03271484375,276448.0,15015.4814453125,147370.328125,33010.2421875,405388.6875,1100654.375,58583.32421875,7258.732421875,122712.78125,13558.2490234375,610633.9375,83630,33.890113830566406,35.582420349121094,0,0,0,0,0,0,0,0,0,0,0,1,0,0,0,0,0,0,0,False,UNKNOWN,0,0,0,0,201418200,24484,0,37.55267333984375,13,,,"{'Type': 'start', 'Data_Type': 'Synthetical', 'Protocol_name': 'ABGv5-5ppb-10RH-75ccm-Anthony-Q425', 'Trial_Details': {'RH': 0, 'group': 35, 'detail': 'N/A', 'trialnum': 23, 'TrialName': '10rh', 'identifier': 'srzyh', 'Concentration': 0}, 'Experiment_Rig': 'DA3'}",,2026-01-19 01:42:06.770,"{'cid': '50887afa-f28e-43cb-ad20-c4bac4e7cd08', 'uuid': '1a80a70c-0f7a-43e0-8452-e722c19a00b3', 'annotationId': '2be98d50-2a59-4d82-955b-54fa72a23f06', 'name': 'CleaningCycle', 'description': 'CleaningCycle', 'labels': 'CleaningCycle', 'metadata': {'Length': 30, 'Progress': 69, 'startTime': 1768786924226, 'Notification': 'Event CleaningCycle Started.'}, 'createdAt': '2026-01-19T01:42:04.473Z', 'createdBy': '5c7b5d9f-c171-4004-a182-4277ffd4c9eb'}",29.75,33.59,2200.0,2199.07,24020116.0,0.0,1.05,22040109.0,1600.0,1601.0,21470060.0,1400.0,1401.24,22450138.0,1800.0,1800.43,22340093.0,0.0,439998.06,25.13,32.62,1008.99
0000000027-4125-asu-nz,0000000018-3024-oms-nz,CleaningCycle,2be98d50-2a59-4d82-955b-54fa72a23f06,b0d302bf-f0f3-4feb-821a-8083f454e883,1222.9833984375,489623.9375,200046.03125,8133.1806640625,7134.46630859375,26009.7890625,184613.234375,180076.875,236294.109375,70230.0234375,129381.4921875,18643.69140625,276205.90625,5550.06982421875,19438.52734375,37240.2109375,258127.5625,52686.484375,189578.515625,20287.833984375,6901.3701171875,13237.927734375,27525.07421875,45717.3984375,2935668.25,354559.21875,1101540.375,3624075.25,11011068,5588.14990234375,68081.1640625,125843800,53018488,21133.2421875,86334.46875,202153.09375,670547.25,4360.123046875,2909405.5,1134163.875,63197.5703125,492829.71875,21335.611328125,830025.875,701.2772827148438,448929.4375,446582.59375,239792.484375,957826.8125,70160.140625,77689.609375,17395.427734375,4144.5791015625,276306.3125,14999.4931640625,147529.484375,33019.00390625,405379.71875,1100453.375,58580.5234375,7259.01611328125,122670.6171875,13554.6064453125,608276.375,83931,33.72894287109375,35.582420349121094,0,0,0,0,0,0,0,0,0,0,0,1,0,0,0,0,0,0,0,False,UNKNOWN,0,0,0,0,201418200,24484,0,37.55267333984375,13,,,"{'Type': 'start', 'Data_Type': 'Synthetical', 'Protocol_name': 'ABGv5-5ppb-10RH-75ccm-Anthony-Q425', 'Trial_Details': {'RH': 0, 'group': 35, 'detail': 'N/A', 'trialnum': 23, 'TrialName': '10rh', 'identifier': 'srzyh', 'Concentration': 0}, 'Experiment_Rig': 'DA3'}",,2026-01-19 01:42:07.069,"{'cid': '50887afa-f28e-43cb-ad20-c4bac4e7cd08', 'uuid': '1a80a70c-0f7a-43e0-8452-e722c19a00b3', 'annotationId': '2be98d50-2a59-4d82-955b-54fa72a23f06', 'name': 'CleaningCycle', 'description': 'CleaningCycle', 'labels': 'CleaningCycle', 'metadata': {'Length': 30, 'Progress': 69, 'startTime': 1768786924226, 'Notification': 'Event CleaningCycle Started.'}, 'createdAt': '2026-01-19T01:42:04.473Z', 'createdBy': '5c7b5d9f-c171-4004-a182-4277ffd4c9eb'}",29.75,33.58,2200.0,2198.8,24020116.0,0.0,1.03,22040109.0,1600.0,1600.98,21470060.0,1400.0,1401.22,22450138.0,1800.0,1800.67,22340093.0,0.0,439270.96,25.13,32.62,1008.92
0000000027-4125-asu-nz,0000000018-3024-oms-nz,CleaningCycle,2be98d50-2a59-4d82-955b-54fa72a23f06,b0d302bf-f0f3-4feb-821a-8083f454e883,1223.45703125,488911.0625,200039.71875,8132.65380859375,7134.46484375,26009.66015625,184636.53125,180083.125,236070.890625,70183.359375,129387.1015625,18643.654296875,277559.625,5558.341796875,19435.939453125,37233.60546875,257991.25,52681.4296875,189376.03125,20285.474609375,6901.9775390625,13225.5732421875,27534.166015625,45717.57421875,2932428.75,354781.09375,1100846.125,3623011.0,11005915,5586.7998046875,68776.6875,125843544,52721892,21134.4453125,86329.0390625,202200.359375,670537.625,4361.54296875,2903397.75,1135070.5,63204.859375,492976.15625,21335.26171875,830343.5,700.9571533203125,449194.4375,446668.875,239793.796875,959139.625,70142.796875,77691.6953125,17397.802734375,4137.18603515625,276275.96875,15020.7041015625,147373.0625,33025.65234375,405469.5,1100776.375,58588.75,7258.26025390625,122761.6875,13556.8984375,606948.6875,84232,33.970699310302734,35.66300582885742,0,0,0,0,0,0,0,0,0,0,0,1,0,0,0,0,0,0,0,False,UNKNOWN,0,0,0,0,201418200,24484,0,37.55267333984375,13,,,"{'Type': 'start', 'Data_Type': 'Synthetical', 'Protocol_name': 'ABGv5-5ppb-10RH-75ccm-Anthony-Q425', 'Trial_Details': {'RH': 0, 'group': 35, 'detail': 'N/A', 'trialnum': 23, 'TrialName': '10rh', 'identifier': 'srzyh', 'Concentration': 0}, 'Experiment_Rig': 'DA3'}",,2026-01-19 01:42:07.374,"{'cid': '50887afa-f28e-43cb-ad20-c4bac4e7cd08', 'uuid': '1a80a70c-0f7a-43e0-8452-e722c19a00b3', 'annotationId': '2be98d50-2a59-4d82-955b-54fa72a23f06', 'name': 'CleaningCycle', 'description': 'CleaningCycle', 'labels': 'CleaningCycle', 'metadata': {'Length': 30, 'Progress': 69, 'startTime': 1768786924226, 'Notification': 'Event CleaningCycle Started.'}, 'createdAt': '2026-01-19T01:42:04.473Z', 'createdBy': '5c7b5d9f-c171-4004-a182-4277ffd4c9eb'}",29.75,33.58,2200.0,2198.56,24020116.0,0.0,1.01,22040109.0,1600.0,1600.86,21470060.0,1400.0,1401.15,22450138.0,1800.0,1800.86,22340093.0,0.0,438529.26,25.14,32.62,1008.86
0000000027-4125-asu-nz,0000000018-3024-oms-nz,CleaningCycle,2be98d50-2a59-4d82-955b-54fa72a23f06,b0d302bf-f0f3-4feb-821a-8083f454e883,1223.1075439453125,489133.0625,200013.609375,8132.52587890625,7134.4697265625,26009.150390625,184585.84375,180086.765625,235988.6875,70242.75,129373.9453125,18643.357421875,276766.9375,5561.43994140625,19439.900390625,37242.73046875,257973.046875,52672.13671875,189501.734375,20293.009765625,6901.85498046875,13230.943359375,27537.85546875,45718.75390625,2927877.5,355707.0625,1100795.375,3621208.0,10996470,5588.2197265625,67947.390625,125512560,52468992,21136.103515625,86366.984375,202230.5,670498.9375,4361.16796875,2903753.5,1134812.625,63212.9296875,493294.4375,21336.201171875,830337.625,702.4978637695312,449323.75,446879.0625,239760.59375,960358.1875,70133.59375,77671.359375,17398.2421875,4137.87646484375,276404.875,15026.0771484375,147102.453125,33033.01953125,405648.46875,1101536.5,58583.59375,7258.37109375,122730.71875,13552.4453125,608686.875,84533,33.970699310302734,35.501834869384766,0,0,0,0,0,0,0,0,0,0,0,1,0,0,0,0,0,0,0,False,UNKNOWN,0,0,0,0,201423235,24484,0,38.207496643066406,13,,,"{'Type': 'start', 'Data_Type': 'Synthetical', 'Protocol_name': 'ABGv5-5ppb-10RH-75ccm-Anthony-Q425', 'Trial_Details': {'RH': 0, 'group': 35, 'detail': 'N/A', 'trialnum': 23, 'TrialName': '10rh', 'identifier': 'srzyh', 'Concentration': 0}, 'Experiment_Rig': 'DA3'}",,2026-01-19 01:42:07.671,"{'cid': '50887afa-f28e-43cb-ad20-c4bac4e7cd08', 'uuid': '1a80a70c-0f7a-43e0-8452-e722c19a00b3', 'annotationId': '2be98d50-2a59-4d82-955b-54fa72a23f06', 'name': 'CleaningCycle', 'description': 'CleaningCycle', 'labels': 'CleaningCycle', 'metadata': {'Length': 30, 'Progress': 69, 'startTime': 1768786924226, 'Notification': 'Event CleaningCycle Started.'}, 'createdAt': '2026-01-19T01:42:04.473Z', 'createdBy': '5c7b5d9f-c171-4004-a182-4277ffd4c9eb'}",29.76,33.59,2200.0,2198.57,24020116.0,0.0,0.94,22040109.0,1600.0,1600.25,21470060.0,1400.0,1400.82,22450138.0,1800.0,1800.7,22340093.0,0.0,437807.02,25.14,32.62,1008.8
0000000027-4125-asu-nz,0000000018-3024-oms-nz,CleaningCycle,2be98d50-2a59-4d82-955b-54fa72a23f06,b0d302bf-f0f3-4feb-821a-8083f454e883,1224.2572021484375,489003.1875,199999.0625,8132.4599609375,7134.4072265625,26008.69921875,184614.828125,180065.421875,235743.140625,70226.421875,129373.3828125,18641.931640625,276856.09375,5565.24560546875,19440.5859375,37234.72265625,258164.859375,52683.2890625,189771.5625,20288.84375,6901.78955078125,13219.849609375,27541.220703125,45722.6171875,2925581.25,356347.53125,1099103.75,3620300.5,10984507,5588.8505859375,67631.140625,124811176,52285756,21136.0859375,86359.15625,202227.0,670493.1875,4360.84619140625,2903236.25,1134783.625,63208.109375,493068.59375,21335.5703125,829799.0625,702.6546630859375,449262.4375,447305.625,239835.453125,960909.6875,70156.21875,77705.5078125,17400.32421875,4138.23974609375,276469.9375,15013.8203125,147484.75,33036.0703125,405803.78125,1102125.875,58586.4609375,7258.27685546875,122511.1640625,13554.212890625,609721.0625,84834,33.890113830566406,35.66300582885742,0,0,0,0,0,0,0,0,0,0,0,1,0,0,0,0,0,0,0,False,UNKNOWN,0,0,0,0,201423235,24484,0,38.207496643066406,13,,,"{'Type': 'start', 'Data_Type': 'Synthetical', 'Protocol_name': 'ABGv5-5ppb-10RH-75ccm-Anthony-Q425', 'Trial_Details': {'RH': 0, 'group': 35, 'detail': 'N/A', 'trialnum': 23, 'TrialName': '10rh', 'identifier': 'srzyh', 'Concentration': 0}, 'Experiment_Rig': 'DA3'}",,2026-01-19 01:42:07.971,"{'cid': '50887afa-f28e-43cb-ad20-c4bac4e7cd08', 'uuid': '1a80a70c-0f7a-43e0-8452-e722c19a00b3', 'annotationId': '2be98d50-2a59-4d82-955b-54fa72a23f06', 'name': 'CleaningCycle', 'description': 'CleaningCycle', 'labels': 'CleaningCycle', 'metadata': {'Length': 30, 'Progress': 69, 'startTime': 1768786924226, 'Notification': 'Event CleaningCycle Started.'}, 'createdAt': '2026-01-19T01:42:04.473Z', 'createdBy': '5c7b5d9f-c171-4004-a182-4277ffd4c9eb'}",29.76,33.61,2200.0,2198.59,24020116.0,0.0,0.88,22040109.0,1600.0,1599.63,21470060.0,1400.0,1400.49,22450138.0,1800.0,1800.53,22340093.0,0.0,437467.73,25.14,32.62,1008.75
0000000027-4125-asu-nz,0000000018-3024-oms-nz,CleaningCycle,2be98d50-2a59-4d82-955b-54fa72a23f06,b0d302bf-f0f3-4feb-821a-8083f454e883,1222.0550537109375,488708.4375,199980.203125,8133.13623046875,7134.0087890625,26008.51953125,184593.875,180095.65625,235795.109375,70312.484375,129374.6796875,18642.12890625,276952.28125,5582.63623046875,19441.958984375,37236.0625,258248.453125,52687.6640625,189435.375,20299.177734375,6901.4501953125,13226.076171875,27544.55859375,45719.4453125,2924053.25,353666.3125,1097668.25,3619411.25,10978867,5589.10986328125,68217.359375,124314464,52201632,21134.37109375,86361.3515625,202250.140625,670741.0625,4360.580078125,2902124.25,1133742.75,63208.71875,492887.59375,21333.22265625,830159.5,702.3187255859375,449265.5625,447200.15625,239832.0,961427.1875,70156.796875,77684.0,17397.330078125,4150.08984375,276476.65625,15025.037109375,147164.21875,33041.953125,405839.0,1102993.25,58595.7421875,7258.02197265625,122622.4921875,13549.005859375,610923.125,85135,33.970699310302734,35.42124938964844,0,0,0,0,0,0,0,0,0,0,0,1,0,0,0,0,0,0,0,False,UNKNOWN,0,0,0,0,201423235,24484,0,38.207496643066406,13,,,"{'Type': 'start', 'Data_Type': 'Synthetical', 'Protocol_name': 'ABGv5-5ppb-10RH-75ccm-Anthony-Q425', 'Trial_Details': {'RH': 0, 'group': 35, 'detail': 'N/A', 'trialnum': 23, 'TrialName': '10rh', 'identifier': 'srzyh', 'Concentration': 0}, 'Experiment_Rig': 'DA3'}",,2026-01-19 01:42:08.274,"{'cid': '50887afa-f28e-43cb-ad20-c4bac4e7cd08', 'uuid': '1a80a70c-0f7a-43e0-8452-e722c19a00b3', 'annotationId': '2be98d50-2a59-4d82-955b-54fa72a23f06', 'name': 'CleaningCycle', 'description': 'CleaningCycle', 'labels': 'CleaningCycle', 'metadata': {'Length': 30, 'Progress': 69, 'startTime': 1768786924226, 'Notification': 'Event CleaningCycle Started.'}, 'createdAt': '2026-01-19T01:42:04.473Z', 'createdBy': '5c7b5d9f-c171-4004-a182-4277ffd4c9eb'}",29.77,33.62,2200.0,2198.6,24020116.0,0.0,0.81,22040109.0,1600.0,1599.01,21470060.0,1400.0,1400.15,22450138.0,1800.0,1800.36,22340093.0,0.0,438578.47,25.16,32.62,1008.74
0000000027-4125-asu-nz,0000000018-3024-oms-nz,CleaningCycle,2be98d50-2a59-4d82-955b-54fa72a23f06,b0d302bf-f0f3-4feb-821a-8083f454e883,1222.936767578125,488785.78125,199952.046875,8133.63671875,7134.6337890625,26008.078125,184544.015625,180079.15625,235927.984375,70275.71875,129368.5703125,18641.935546875,276302.3125,5573.9443359375,19440.67578125,37229.61328125,257939.453125,52680.12890625,189823.015625,20301.40625,6901.94091796875,13231.71875,27550.974609375,45721.21875,2922149.0,356886.46875,1100372.5,3618012.0,10968093,5588.390625,67642.984375,123516096,52213860,21135.62890625,86360.7890625,202265.578125,670923.5,4361.16064453125,2902444.0,1133564.0,63191.8125,492707.0625,21332.986328125,829811.5,701.936767578125,449083.65625,447156.375,239824.703125,961949.6875,70177.171875,77640.2890625,17398.771484375,4146.30517578125,276306.40625,15010.3056640625,148309.203125,33047.1484375,405891.09375,1103695.0,58595.15234375,7258.11376953125,122609.4375,13547.9853515625,611860.0625,85436,33.970699310302734,35.501834869384766,0,0,0,0,0,0,0,0,0,0,0,1,0,0,0,0,0,0,0,False,UNKNOWN,0,0,0,0,201423235,24484,0,38.207496643066406,13,,,"{'Type': 'start', 'Data_Type': 'Synthetical', 'Protocol_name': 'ABGv5-5ppb-10RH-75ccm-Anthony-Q425', 'Trial_Details': {'RH': 0, 'group': 35, 'detail': 'N/A', 'trialnum': 23, 'TrialName': '10rh', 'identifier': 'srzyh', 'Concentration': 0}, 'Experiment_Rig': 'DA3'}",,2026-01-19 01:42:08.577,"{'cid': '50887afa-f28e-43cb-ad20-c4bac4e7cd08', 'uuid': '1a80a70c-0f7a-43e0-8452-e722c19a00b3', 'annotationId': '2be98d50-2a59-4d82-955b-54fa72a23f06', 'name': 'CleaningCycle', 'description': 'CleaningCycle', 'labels': 'CleaningCycle', 'metadata': {'Length': 30, 'Progress': 69, 'startTime': 1768786924226, 'Notification': 'Event CleaningCycle Started.'}, 'createdAt': '2026-01-19T01:42:04.473Z', 'createdBy': '5c7b5d9f-c171-4004-a182-4277ffd4c9eb'}",29.77,33.61,2200.0,2198.61,24020116.0,0.0,0.78,22040109.0,1600.0,1598.98,21470060.0,1400.0,1400.08,22450138.0,1800.0,1800.46,22340093.0,0.0,439689.22,25.17,32.61,1008.74
0000000027-4125-asu-nz,0000000018-3024-oms-nz,CleaningCycle,2be98d50-2a59-4d82-955b-54fa72a23f06,b0d302bf-f0f3-4feb-821a-8083f454e883,1224.5745849609375,486623.90625,199949.9375,8133.109375,7134.4931640625,26006.982421875,184486.390625,180080.40625,235185.09375,70231.8515625,129391.4921875,18641.474609375,276421.5625,5569.05224609375,19443.107421875,37232.79296875,258302.21875,52680.55859375,189428.875,20290.04296875,6901.91943359375,13233.3994140625,27551.23046875,45722.875,2920784.0,357358.84375,1098861.875,3617185.25,10963593,5589.05712890625,67685.9921875,122762088,52318020,21137.640625,86342.265625,202268.640625,671073.8125,4360.1044921875,2900546.0,1132597.125,63181.6796875,492599.6875,21338.15234375,828335.125,702.1969604492188,449086.46875,446633.96875,239788.03125,962088.625,70128.59375,77627.984375,17397.359375,4149.84375,276316.96875,14993.1279296875,148123.59375,33046.80859375,405836.625,1104073.875,58589.64453125,7258.21240234375,122712.109375,13546.09765625,612101.5625,85737,33.890113830566406,35.582420349121094,0,0,0,0,0,0,0,0,0,0,0,1,0,0,0,0,0,0,0,False,UNKNOWN,0,0,0,0,201423235,24484,0,38.207496643066406,13,,,"{'Type': 'start', 'Data_Type': 'Synthetical', 'Protocol_name': 'ABGv5-5ppb-10RH-75ccm-Anthony-Q425', 'Trial_Details': {'RH': 0, 'group': 35, 'detail': 'N/A', 'trialnum': 23, 'TrialName': '10rh', 'identifier': 'srzyh', 'Concentration': 0}, 'Experiment_Rig': 'DA3'}",,2026-01-19 01:42:08.875,"{'cid': '50887afa-f28e-43cb-ad20-c4bac4e7cd08', 'uuid': '1a80a70c-0f7a-43e0-8452-e722c19a00b3', 'annotationId': '2be98d50-2a59-4d82-955b-54fa72a23f06', 'name': 'CleaningCycle', 'description': 'CleaningCycle', 'labels': 'CleaningCycle', 'metadata': {'Length': 30, 'Progress': 69, 'startTime': 1768786924226, 'Notification': 'Event CleaningCycle Started.'}, 'createdAt': '2026-01-19T01:42:04.473Z', 'createdBy': '5c7b5d9f-c171-4004-a182-4277ffd4c9eb'}",29.77,33.59,2200.0,2198.62,24020116.0,0.0,0.75,22040109.0,1600.0,1599.09,21470060.0,1400.0,1400.08,22450138.0,1800.0,1800.65,22340093.0,0.0,440781.63,25.19,32.61,1008.73
0000000027-4125-asu-nz,0000000018-3024-oms-nz,CleaningCycle,2be98d50-2a59-4d82-955b-54fa72a23f06,b0d302bf-f0f3-4feb-821a-8083f454e883,1223.3961181640625,487024.96875,199938.046875,8133.18603515625,7134.16943359375,26005.61328125,184454.53125,180075.78125,235526.53125,70297.34375,129398.5390625,18643.357421875,275354.25,5570.91845703125,19442.357421875,37240.62890625,257993.078125,52679.67578125,189886.21875,20294.99609375,6901.6181640625,13232.5498046875,27552.5859375,45726.6328125,2919925.25,356980.5,1102195.5,3615459.25,10956135,5589.72216796875,67357.1328125,122229112,52497576,21137.1875,86358.1953125,202258.6875,671151.3125,4359.9345703125,2905288.75,1132814.75,63179.70703125,492700.8125,21333.173828125,827246.25,701.6128540039062,449133.34375,446641.59375,239761.28125,961393.1875,70141.6875,77599.4296875,17389.861328125,4144.0458984375,276248.28125,15038.716796875,148015.625,33048.5546875,405919.75,1104215.125,58593.8515625,7258.232421875,122743.28125,13549.7900390625,610411.375,86038,33.970699310302734,35.66300582885742,0,0,0,0,0,0,0,0,0,0,0,1,0,0,0,0,0,0,0,False,UNKNOWN,0,0,0,0,201423235,24484,0,38.207496643066406,13,,,"{'Type': 'start', 'Data_Type': 'Synthetical', 'Protocol_name': 'ABGv5-5ppb-10RH-75ccm-Anthony-Q425', 'Trial_Details': {'RH': 0, 'group': 35, 'detail': 'N/A', 'trialnum': 23, 'TrialName': '10rh', 'identifier': 'srzyh', 'Concentration': 0}, 'Experiment_Rig': 'DA3'}",,2026-01-19 01:42:09.176,"{'cid': '50887afa-f28e-43cb-ad20-c4bac4e7cd08', 'uuid': '1a80a70c-0f7a-43e0-8452-e722c19a00b3', 'annotationId': '2be98d50-2a59-4d82-955b-54fa72a23f06', 'name': 'CleaningCycle', 'description': 'CleaningCycle', 'labels': 'CleaningCycle', 'metadata': {'Length': 30, 'Progress': 69, 'startTime': 1768786924226, 'Notification': 'Event CleaningCycle Started.'}, 'createdAt': '2026-01-19T01:42:04.473Z', 'createdBy': '5c7b5d9f-c171-4004-a182-4277ffd4c9eb'}",29.77,33.58,2200.0,2198.63,24020116.0,0.0,0.72,22040109.0,1600.0,1599.21,21470060.0,1400.0,1400.08,22450138.0,1800.0,1800.85,22340093.0,0.0,441160.4,25.21,32.61,1008.73
0000000027-4125-asu-nz,0000000018-3024-oms-nz,CleaningCycle,2be98d50-2a59-4d82-955b-54fa72a23f06,b0d302bf-f0f3-4feb-821a-8083f454e883,1222.8436279296875,486490.53125,199956.0625,8133.04150390625,7133.74658203125,26008.56640625,184511.71875,180076.515625,235700.671875,70335.4765625,129436.609375,18642.46484375,278726.6875,5584.56640625,19443.525390625,37236.28125,258242.796875,52675.8984375,190211.203125,20294.99609375,6901.9765625,13233.8330078125,27558.5,45731.48828125,2919400.75,357140.71875,1105274.5,3615228.75,10956079,5589.44580078125,67129.7265625,122013000,52729036,21136.291015625,86331.6015625,202246.0625,671218.125,4361.259765625,2908201.25,1135425.875,63177.5859375,492715.875,21337.568359375,827156.8125,701.3486938476562,449149.125,446641.15625,239735.609375,960862.25,70126.8515625,77624.1953125,17391.9609375,4145.76220703125,275999.0,15047.8818359375,148029.5625,33048.53515625,405915.0625,1104218.625,58594.4765625,7258.34130859375,122800.1484375,13561.9580078125,610635.3125,86339,33.970699310302734,35.582420349121094,0,0,0,0,0,0,0,0,0,0,0,1,0,0,0,0,0,0,0,False,UNKNOWN,0,0,0,0,201423235,24484,0,38.207496643066406,13,,,"{'Type': 'start', 'Data_Type': 'Synthetical', 'Protocol_name': 'ABGv5-5ppb-10RH-75ccm-Anthony-Q425', 'Trial_Details': {'RH': 0, 'group': 35, 'detail': 'N/A', 'trialnum': 23, 'TrialName': '10rh', 'identifier': 'srzyh', 'Concentration': 0}, 'Experiment_Rig': 'DA3'}",,2026-01-19 01:42:09.479,"{'cid': '50887afa-f28e-43cb-ad20-c4bac4e7cd08', 'uuid': '1a80a70c-0f7a-43e0-8452-e722c19a00b3', 'annotationId': '2be98d50-2a59-4d82-955b-54fa72a23f06', 'name': 'CleaningCycle', 'description': 'CleaningCycle', 'labels': 'CleaningCycle', 'metadata': {'Length': 30, 'Progress': 69, 'startTime': 1768786924226, 'Notification': 'Event CleaningCycle Started.'}, 'createdAt': '2026-01-19T01:42:04.473Z', 'createdBy': '5c7b5d9f-c171-4004-a182-4277ffd4c9eb'}",29.77,33.57,2200.0,2198.91,24020116.0,0.0,0.7,22040109.0,1600.0,1599.21,21470060.0,1400.0,1399.99,22450138.0,1800.0,1800.81,22340093.0,0.0,440310.71,25.23,32.61,1008.74
0000000027-4125-asu-nz,0000000018-3024-oms-nz,CleaningCycle,2be98d50-2a59-4d82-955b-54fa72a23f06,b0d302bf-f0f3-4feb-821a-8083f454e883,1223.0645751953125,487104.84375,199945.109375,8133.05078125,7134.48583984375,26007.283203125,184497.328125,180074.09375,235847.0625,70264.0859375,129455.171875,18641.876953125,279225.40625,5564.3134765625,19444.642578125,37235.640625,258045.84375,52694.2734375,190947.828125,20306.830078125,6901.82666015625,13227.845703125,27559.36328125,45732.8515625,2921458.25,357089.46875,1102901.625,3616513.25,10952756,5589.9609375,68654.4453125,121952160,52989944,21138.666015625,86363.0546875,202251.40625,671237.3125,4361.552734375,2911313.25,1135224.75,63176.375,492653.1875,21336.001953125,827402.25,702.6679077148438,449221.21875,446652.40625,239750.09375,960028.0625,70126.625,77603.515625,17388.681640625,4137.31884765625,276149.53125,15037.9130859375,148006.625,33048.4609375,405841.9375,1103713.75,58583.34375,7258.4736328125,122700.203125,13551.6884765625,611856.3125,86640,33.890113830566406,35.743595123291016,0,0,0,0,0,0,0,0,0,0,0,1,0,0,0,0,0,0,0,False,UNKNOWN,0,0,0,0,201423235,24484,0,38.207496643066406,13,,,"{'Type': 'start', 'Data_Type': 'Synthetical', 'Protocol_name': 'ABGv5-5ppb-10RH-75ccm-Anthony-Q425', 'Trial_Details': {'RH': 0, 'group': 35, 'detail': 'N/A', 'trialnum': 23, 'TrialName': '10rh', 'identifier': 'srzyh', 'Concentration': 0}, 'Experiment_Rig': 'DA3'}",,2026-01-19 01:42:09.779,"{'cid': '50887afa-f28e-43cb-ad20-c4bac4e7cd08', 'uuid': '1a80a70c-0f7a-43e0-8452-e722c19a00b3', 'annotationId': '2be98d50-2a59-4d82-955b-54fa72a23f06', 'name': 'CleaningCycle', 'description': 'CleaningCycle', 'labels': 'CleaningCycle', 'metadata': {'Length': 30, 'Progress': 69, 'startTime': 1768786924226, 'Notification': 'Event CleaningCycle Started.'}, 'createdAt': '2026-01-19T01:42:04.473Z', 'createdBy': '5c7b5d9f-c171-4004-a182-4277ffd4c9eb'}",29.77,33.57,2200.0,2199.52,24020116.0,0.0,0.67,22040109.0,1600.0,1599.04,21470060.0,1400.0,1399.77,22450138.0,1800.0,1800.46,22340093.0,0.0,439469.44,25.25,32.61,1008.74
0000000027-4125-asu-nz,0000000018-3024-oms-nz,CleaningCycle,2be98d50-2a59-4d82-955b-54fa72a23f06,b0d302bf-f0f3-4feb-821a-8083f454e883,1225.240478515625,486333.28125,199946.46875,8133.958984375,7134.64501953125,26008.662109375,184513.625,180089.328125,235684.109375,70426.1328125,129458.8203125,18642.49609375,278355.9375,5587.78369140625,19444.986328125,37233.2265625,258290.078125,52683.984375,190085.453125,20300.0546875,6901.75634765625,13233.87890625,27562.53125,45742.1171875,2924211.0,356056.65625,1101461.0,3619245.0,10967344,5589.77197265625,67833.5859375,122529400,53201548,21136.83203125,86378.2421875,202241.015625,671176.25,4362.43408203125,2916546.75,1135165.5,63183.68359375,492879.625,21337.017578125,826882.8125,702.5241088867188,449482.8125,446937.09375,239760.65625,959027.75,70150.0234375,77622.0625,17391.185546875,4139.93798828125,276195.28125,15028.677734375,147170.59375,33041.6328125,405543.03125,1103045.625,58583.6953125,7257.94091796875,122630.2890625,13548.7197265625,612166.0625,86942,33.890113830566406,35.582420349121094,0,0,0,0,0,0,0,0,0,0,0,1,0,0,0,0,0,0,0,False,UNKNOWN,0,0,0,0,201423235,24484,0,38.207496643066406,13,,,"{'Type': 'start', 'Data_Type': 'Synthetical', 'Protocol_name': 'ABGv5-5ppb-10RH-75ccm-Anthony-Q425', 'Trial_Details': {'RH': 0, 'group': 35, 'detail': 'N/A', 'trialnum': 23, 'TrialName': '10rh', 'identifier': 'srzyh', 'Concentration': 0}, 'Experiment_Rig': 'DA3'}",,2026-01-19 01:42:10.082,"{'cid': '50887afa-f28e-43cb-ad20-c4bac4e7cd08', 'uuid': '1a80a70c-0f7a-43e0-8452-e722c19a00b3', 'annotationId': '2be98d50-2a59-4d82-955b-54fa72a23f06', 'name': 'CleaningCycle', 'description': 'CleaningCycle', 'labels': 'CleaningCycle', 'metadata': {'Length': 30, 'Progress': 69, 'startTime': 1768786924226, 'Notification': 'Event CleaningCycle Started.'}, 'createdAt': '2026-01-19T01:42:04.473Z', 'createdBy': '5c7b5d9f-c171-4004-a182-4277ffd4c9eb'}",29.76,33.58,2200.0,2200.15,24020116.0,0.0,0.65,22040109.0,1600.0,1598.87,21470060.0,1400.0,1399.56,22450138.0,1800.0,1800.1,22340093.0,0.0,438619.76,25.26,32.61,1008.75
0000000027-4125-asu-nz,0000000018-3024-oms-nz,CleaningCycle,2be98d50-2a59-4d82-955b-54fa72a23f06,b0d302bf-f0f3-4feb-821a-8083f454e883,1222.6409912109375,487552.96875,199992.640625,8133.810546875,7134.54150390625,26010.421875,184554.59375,180117.875,236024.28125,70357.203125,129488.8125,18644.107421875,278445.34375,5575.94287109375,19445.6640625,37232.58203125,258410.828125,52703.87109375,190012.03125,20298.900390625,6901.6982421875,13239.810546875,27563.466796875,45734.8359375,2926609.25,356835.0,1105134.0,3621435.5,10981082,5589.80029296875,68875.1875,123228064,53336560,21139.67578125,86382.6171875,202213.234375,671069.3125,4362.50830078125,2914896.0,1135741.5,63183.4375,493096.78125,21337.45703125,827439.125,701.5568237304688,449332.1875,446962.34375,239752.03125,958738.25,70171.484375,77665.2265625,17388.40234375,4141.6396484375,276511.71875,15030.3984375,147210.765625,33043.8125,405260.21875,1101775.0,58582.1875,7258.36376953125,122626.7734375,13550.576171875,612006.875,87243,33.80952835083008,35.743595123291016,0,0,0,0,0,0,0,0,0,0,0,1,0,0,0,0,0,0,0,False,UNKNOWN,0,0,0,0,201423235,24484,0,38.207496643066406,13,,,"{'Type': 'start', 'Data_Type': 'Synthetical', 'Protocol_name': 'ABGv5-5ppb-10RH-75ccm-Anthony-Q425', 'Trial_Details': {'RH': 0, 'group': 35, 'detail': 'N/A', 'trialnum': 23, 'TrialName': '10rh', 'identifier': 'srzyh', 'Concentration': 0}, 'Experiment_Rig': 'DA3'}",,2026-01-19 01:42:10.385,"{'cid': '50887afa-f28e-43cb-ad20-c4bac4e7cd08', 'uuid': '1a80a70c-0f7a-43e0-8452-e722c19a00b3', 'annotationId': '2be98d50-2a59-4d82-955b-54fa72a23f06', 'name': 'CleaningCycle', 'description': 'CleaningCycle', 'labels': 'CleaningCycle', 'metadata': {'Length': 30, 'Progress': 69, 'startTime': 1768786924226, 'Notification': 'Event CleaningCycle Started.'}, 'createdAt': '2026-01-19T01:42:04.473Z', 'createdBy': '5c7b5d9f-c171-4004-a182-4277ffd4c9eb'}",29.76,33.58,2200.0,2200.75,24020116.0,0.0,0.62,22040109.0,1600.0,1598.75,21470060.0,1400.0,1399.38,22450138.0,1800.0,1799.75,22340093.0,0.0,438508.6,25.28,32.61,1008.75
0000000027-4125-asu-nz,0000000018-3024-oms-nz,CleaningCycle,2be98d50-2a59-4d82-955b-54fa72a23f06,b0d302bf-f0f3-4feb-821a-8083f454e883,1221.6143798828125,486721.03125,200019.8125,8133.5234375,7134.7001953125,26010.01953125,184565.0,180117.421875,235849.578125,70294.3359375,129481.9921875,18643.83203125,275801.0,5573.84228515625,19445.666015625,37239.7421875,258711.53125,52689.5390625,190323.640625,20297.833984375,6901.81201171875,13241.892578125,27568.623046875,45729.12109375,2930075.0,356705.75,1101875.75,3622703.0,11000578,5589.87255859375,69681.875,124003264,53376972,21138.92578125,86349.328125,202207.328125,670816.9375,4360.681640625,2914336.0,1135202.125,63186.4375,492626.84375,21337.62890625,827349.5625,701.9376831054688,449189.46875,446580.3125,239784.546875,958341.375,70180.078125,77625.7421875,17390.3203125,4135.373046875,276524.53125,15034.84765625,147217.5,33046.609375,405104.40625,1100849.5,58579.40234375,7257.4521484375,122741.28125,13553.9658203125,611256.6875,87544,33.970699310302734,35.501834869384766,0,0,0,0,0,0,0,0,0,0,0,1,0,0,0,0,0,0,0,False,UNKNOWN,0,0,0,0,201423235,24484,0,38.207496643066406,13,,,"{'Type': 'start', 'Data_Type': 'Synthetical', 'Protocol_name': 'ABGv5-5ppb-10RH-75ccm-Anthony-Q425', 'Trial_Details': {'RH': 0, 'group': 35, 'detail': 'N/A', 'trialnum': 23, 'TrialName': '10rh', 'identifier': 'srzyh', 'Concentration': 0}, 'Experiment_Rig': 'DA3'}",,2026-01-19 01:42:10.686,"{'cid': '50887afa-f28e-43cb-ad20-c4bac4e7cd08', 'uuid': '1a80a70c-0f7a-43e0-8452-e722c19a00b3', 'annotationId': '2be98d50-2a59-4d82-955b-54fa72a23f06', 'name': 'CleaningCycle', 'description': 'CleaningCycle', 'labels': 'CleaningCycle', 'metadata': {'Length': 30, 'Progress': 69, 'startTime': 1768786924226, 'Notification': 'Event CleaningCycle Started.'}, 'createdAt': '2026-01-19T01:42:04.473Z', 'createdBy': '5c7b5d9f-c171-4004-a182-4277ffd4c9eb'}",29.76,33.58,2200.0,2201.07,24020116.0,0.0,0.63,22040109.0,1600.0,1598.98,21470060.0,1400.0,1399.57,22450138.0,1800.0,1799.61,22340093.0,0.0,438728.13,25.3,32.61,1008.75
0000000027-4125-asu-nz,0000000018-3024-oms-nz,CleaningCycle,2be98d50-2a59-4d82-955b-54fa72a23f06,b0d302bf-f0f3-4feb-821a-8083f454e883,1223.3812255859375,486820.3125,200043.578125,8133.5234375,7134.85009765625,26013.037109375,184615.28125,180143.46875,235902.921875,70292.75,129479.9453125,18644.0859375,275236.15625,5571.33203125,19445.162109375,37246.421875,258724.640625,52687.62109375,189524.5625,20296.958984375,6902.77685546875,13235.25,27568.134765625,45734.0703125,2933688.75,357169.75,1105045.125,3623834.0,11013091,5590.6796875,69544.2578125,124700936,53317184,21134.650390625,86335.3671875,202143.0,670718.1875,4362.03515625,2915663.0,1134253.5,63202.5234375,493193.34375,21336.9140625,826760.5,701.793212890625,449396.65625,446727.5,239832.3125,957978.3125,70162.3359375,77638.515625,17391.998046875,4148.64697265625,276442.78125,15016.732421875,147417.15625,33048.01171875,405084.21875,1100377.375,58585.89453125,7258.3984375,122807.1484375,13558.404296875,611194.375,87845,34.05128479003906,35.582420349121094,0,0,0,0,0,0,0,0,0,0,0,1,0,0,0,0,0,0,0,False,UNKNOWN,0,0,0,0,201423235,24484,0,38.207496643066406,13,,,"{'Type': 'start', 'Data_Type': 'Synthetical', 'Protocol_name': 'ABGv5-5ppb-10RH-75ccm-Anthony-Q425', 'Trial_Details': {'RH': 0, 'group': 35, 'detail': 'N/A', 'trialnum': 23, 'TrialName': '10rh', 'identifier': 'srzyh', 'Concentration': 0}, 'Experiment_Rig': 'DA3'}",,2026-01-19 01:42:10.984,"{'cid': '50887afa-f28e-43cb-ad20-c4bac4e7cd08', 'uuid': '1a80a70c-0f7a-43e0-8452-e722c19a00b3', 'annotationId': '2be98d50-2a59-4d82-955b-54fa72a23f06', 'name': 'CleaningCycle', 'description': 'CleaningCycle', 'labels': 'CleaningCycle', 'metadata': {'Length': 30, 'Progress': 69, 'startTime': 1768786924226, 'Notification': 'Event CleaningCycle Started.'}, 'createdAt': '2026-01-19T01:42:04.473Z', 'createdBy': '5c7b5d9f-c171-4004-a182-4277ffd4c9eb'}",29.75,33.58,2200.0,2201.39,24020116.0,0.0,0.64,22040109.0,1600.0,1599.22,21470060.0,1400.0,1399.76,22450138.0,1800.0,1799.47,22340093.0,0.0,438945.48,25.31,32.61,1008.75
0000000027-4125-asu-nz,0000000018-3024-oms-nz,CleaningCycle,2be98d50-2a59-4d82-955b-54fa72a23f06,b0d302bf-f0f3-4feb-821a-8083f454e883,1223.3690185546875,486855.46875,200084.015625,8133.91796875,7134.93994140625,26012.791015625,184619.328125,180175.234375,236326.640625,70302.03125,129503.6328125,18643.09375,276049.65625,5579.765625,19447.533203125,37240.71484375,258577.34375,52690.125,190169.09375,20302.71484375,6902.0185546875,13235.7216796875,27568.779296875,45729.41796875,2937095.5,356892.75,1101151.375,3625148.75,11028035,5590.7578125,70108.515625,125430872,53159780,21129.73046875,86329.0,202165.9375,670571.625,4360.69775390625,2915800.5,1132459.875,63208.1875,493234.53125,21337.728515625,828066.25,701.8033447265625,449390.59375,446599.15625,239845.015625,958054.125,70153.78125,77631.859375,17387.84765625,4145.275390625,276433.90625,15027.853515625,147831.015625,33050.71484375,405151.59375,1099998.75,58591.734375,7258.09912109375,122666.296875,13558.9814453125,611284.0,88146,34.05128479003906,35.66300582885742,0,0,0,0,0,0,0,0,0,0,0,1,0,0,0,0,0,0,0,False,UNKNOWN,0,0,0,0,201423235,24484,0,38.207496643066406,13,,,"{'Type': 'start', 'Data_Type': 'Synthetical', 'Protocol_name': 'ABGv5-5ppb-10RH-75ccm-Anthony-Q425', 'Trial_Details': {'RH': 0, 'group': 35, 'detail': 'N/A', 'trialnum': 23, 'TrialName': '10rh', 'identifier': 'srzyh', 'Concentration': 0}, 'Experiment_Rig': 'DA3'}",,2026-01-19 01:42:11.285,"{'cid': '50887afa-f28e-43cb-ad20-c4bac4e7cd08', 'uuid': '1a80a70c-0f7a-43e0-8452-e722c19a00b3', 'annotationId': '2be98d50-2a59-4d82-955b-54fa72a23f06', 'name': 'CleaningCycle', 'description': 'CleaningCycle', 'labels': 'CleaningCycle', 'metadata': {'Length': 30, 'Progress': 69, 'startTime': 1768786924226, 'Notification': 'Event CleaningCycle Started.'}, 'createdAt': '2026-01-19T01:42:04.473Z', 'createdBy': '5c7b5d9f-c171-4004-a182-4277ffd4c9eb'}",29.75,33.58,2200.0,2201.71,24020116.0,0.0,0.65,22040109.0,1600.0,1599.46,21470060.0,1400.0,1399.95,22450138.0,1800.0,1799.32,22340093.0,0.0,439165.02,25.33,32.61,1008.75
0000000027-4125-asu-nz,0000000018-3024-oms-nz,CleaningCycle,2be98d50-2a59-4d82-955b-54fa72a23f06,b0d302bf-f0f3-4feb-821a-8083f454e883,1222.592041015625,487723.03125,200086.78125,8133.66064453125,7134.68408203125,26013.994140625,184614.234375,180182.296875,236117.546875,70292.703125,129486.5703125,18644.060546875,276354.90625,5603.0029296875,19447.064453125,37238.25390625,258240.359375,52698.125,190502.421875,20292.333984375,6902.1064453125,13234.310546875,27567.67578125,45727.671875,2938387.5,356539.0625,1102670.25,3625287.5,11040959,5591.1572265625,70117.7265625,125863208,52944280,21131.875,86330.78125,202162.21875,670480.6875,4361.4228515625,2911486.75,1131229.875,63211.33203125,492437.875,21338.892578125,828193.5,702.6332397460938,449654.34375,447029.0625,239890.484375,958651.25,70194.46875,77581.796875,17390.32421875,4144.83203125,276094.6875,14983.6435546875,147365.265625,33045.59765625,404993.59375,1099731.0,58590.9375,7258.3251953125,122499.8984375,13565.671875,611671.1875,88447,33.970699310302734,35.582420349121094,0,0,0,0,0,0,0,0,0,0,0,1,0,0,0,0,0,0,0,False,UNKNOWN,0,0,0,0,201423235,24484,0,38.207496643066406,13,,,"{'Type': 'start', 'Data_Type': 'Synthetical', 'Protocol_name': 'ABGv5-5ppb-10RH-75ccm-Anthony-Q425', 'Trial_Details': {'RH': 0, 'group': 35, 'detail': 'N/A', 'trialnum': 23, 'TrialName': '10rh', 'identifier': 'srzyh', 'Concentration': 0}, 'Experiment_Rig': 'DA3'}",,2026-01-19 01:42:11.591,"{'cid': '50887afa-f28e-43cb-ad20-c4bac4e7cd08', 'uuid': '1a80a70c-0f7a-43e0-8452-e722c19a00b3', 'annotationId': '2be98d50-2a59-4d82-955b-54fa72a23f06', 'name': 'CleaningCycle', 'description': 'CleaningCycle', 'labels': 'CleaningCycle', 'metadata': {'Length': 30, 'Progress': 69, 'startTime': 1768786924226, 'Notification': 'Event CleaningCycle Started.'}, 'createdAt': '2026-01-19T01:42:04.473Z', 'createdBy': '5c7b5d9f-c171-4004-a182-4277ffd4c9eb'}",29.75,33.58,2200.0,2202.04,24020116.0,0.0,0.63,22040109.0,1600.0,1599.74,21470060.0,1400.0,1399.98,22450138.0,1800.0,1799.19,22340093.0,0.0,439451.76,25.34,32.61,1008.75
0000000027-4125-asu-nz,0000000018-3024-oms-nz,CleaningCycle,2be98d50-2a59-4d82-955b-54fa72a23f06,b0d302bf-f0f3-4feb-821a-8083f454e883,1224.25390625,489419.09375,200112.671875,8133.95068359375,7134.8095703125,26013.14453125,184631.78125,180191.3125,236018.28125,70322.0234375,129465.6640625,18643.10546875,276544.25,5597.787109375,19444.96875,37241.421875,258296.34375,52696.984375,190043.484375,20301.19140625,6902.419921875,13228.017578125,27567.3515625,45731.3359375,2936139.5,358090.0625,1098375.125,3625063.0,11048099,5590.37744140625,70613.4765625,125968584,52678436,21130.306640625,86329.828125,202154.828125,670487.0,4362.130859375,2912599.25,1131874.5,63210.30859375,492462.53125,21339.08203125,828350.8125,702.9551391601562,449607.0,447277.4375,239891.078125,959516.0,70171.0078125,77628.4765625,17391.517578125,4144.12548828125,276207.40625,14988.56640625,148029.0,33049.46484375,404913.375,1099515.0,58599.15625,7258.08544921875,122733.6015625,13548.6337890625,611420.125,88748,33.970699310302734,35.743595123291016,0,0,0,0,0,0,0,0,0,0,0,1,0,0,0,0,0,0,0,False,UNKNOWN,0,0,0,0,201423235,24484,0,38.207496643066406,13,,,"{'Type': 'start', 'Data_Type': 'Synthetical', 'Protocol_name': 'ABGv5-5ppb-10RH-75ccm-Anthony-Q425', 'Trial_Details': {'RH': 0, 'group': 35, 'detail': 'N/A', 'trialnum': 23, 'TrialName': '10rh', 'identifier': 'srzyh', 'Concentration': 0}, 'Experiment_Rig': 'DA3'}",,2026-01-19 01:42:11.889,"{'cid': '50887afa-f28e-43cb-ad20-c4bac4e7cd08', 'uuid': '1a80a70c-0f7a-43e0-8452-e722c19a00b3', 'annotationId': '2be98d50-2a59-4d82-955b-54fa72a23f06', 'name': 'CleaningCycle', 'description': 'CleaningCycle', 'labels': 'CleaningCycle', 'metadata': {'Length': 30, 'Progress': 69, 'startTime': 1768786924226, 'Notification': 'Event CleaningCycle Started.'}, 'createdAt': '2026-01-19T01:42:04.473Z', 'createdBy': '5c7b5d9f-c171-4004-a182-4277ffd4c9eb'}",29.75,33.57,2200.0,2202.36,24020116.0,0.0,0.6,22040109.0,1600.0,1600.02,21470060.0,1400.0,1399.96,22450138.0,1800.0,1799.08,22340093.0,0.0,439743.37,25.36,32.61,1008.75
0000000027-4125-asu-nz,0000000018-3024-oms-nz,CleaningCycle,2be98d50-2a59-4d82-955b-54fa72a23f06,b0d302bf-f0f3-4feb-821a-8083f454e883,1224.2073974609375,489659.84375,200111.125,8133.52294921875,7134.3076171875,26011.439453125,184623.6875,180177.203125,236108.28125,70271.53125,129442.1328125,18642.466796875,275346.625,5589.26416015625,19447.86328125,37238.04296875,257870.65625,52683.89453125,190439.828125,20304.369140625,6901.84521484375,13236.3212890625,27567.892578125,45727.45703125,2930894.0,359071.96875,1099743.25,3622681.0,11041855,5592.01123046875,70587.7734375,125541808,52232884,21136.47265625,86348.7890625,202193.3125,670501.5,4360.59619140625,2915018.5,1133439.125,63216.859375,492324.625,21338.84765625,828839.75,701.3652954101562,449606.28125,447026.34375,239889.0,960833.25,70171.40625,77675.0,17395.0,4136.55712890625,276237.5,15021.306640625,146915.25,33052.6875,405241.21875,1100135.5,58585.19140625,7258.21337890625,122928.0859375,13557.1923828125,611010.0625,89050,33.970699310302734,35.743595123291016,0,0,0,0,0,0,0,0,0,0,0,1,0,0,0,0,0,0,0,False,UNKNOWN,0,0,0,0,201423235,24484,0,38.207496643066406,13,,,"{'Type': 'start', 'Data_Type': 'Synthetical', 'Protocol_name': 'ABGv5-5ppb-10RH-75ccm-Anthony-Q425', 'Trial_Details': {'RH': 0, 'group': 35, 'detail': 'N/A', 'trialnum': 23, 'TrialName': '10rh', 'identifier': 'srzyh', 'Concentration': 0}, 'Experiment_Rig': 'DA3'}",,2026-01-19 01:42:12.190,"{'cid': '50887afa-f28e-43cb-ad20-c4bac4e7cd08', 'uuid': '1a80a70c-0f7a-43e0-8452-e722c19a00b3', 'annotationId': '2be98d50-2a59-4d82-955b-54fa72a23f06', 'name': 'CleaningCycle', 'description': 'CleaningCycle', 'labels': 'CleaningCycle', 'metadata': {'Length': 30, 'Progress': 69, 'startTime': 1768786924226, 'Notification': 'Event CleaningCycle Started.'}, 'createdAt': '2026-01-19T01:42:04.473Z', 'createdBy': '5c7b5d9f-c171-4004-a182-4277ffd4c9eb'}",29.75,33.56,2200.0,2202.68,24020116.0,0.0,0.56,22040109.0,1600.0,1600.31,21470060.0,1400.0,1399.93,22450138.0,1800.0,1798.96,22340093.0,0.0,440037.92,25.37,32.62,1008.76
0000000027-4125-asu-nz,0000000018-3024-oms-nz,CleaningCycle,2be98d50-2a59-4d82-955b-54fa72a23f06,b0d302bf-f0f3-4feb-821a-8083f454e883,1223.141845703125,489397.71875,200070.984375,8134.396484375,7134.7041015625,26011.87890625,184674.046875,180170.484375,235610.96875,70287.5859375,129442.2421875,18643.14453125,276435.125,5574.8037109375,19450.02734375,37235.546875,258023.28125,52684.0078125,191011.828125,20308.607421875,6902.0869140625,13241.63671875,27568.212890625,45722.12109375,2927089.0,358269.96875,1102298.0,3621698.0,11036857,5590.6943359375,69835.75,125364912,52002544,21131.275390625,86329.9765625,202218.703125,670478.5,4359.41748046875,2913308.25,1131500.5,63211.44140625,492029.9375,21338.498046875,828653.9375,702.6631469726562,449814.375,446921.34375,239875.453125,961965.3125,70188.7734375,77640.6796875,17394.3203125,4132.17431640625,276293.3125,15012.2333984375,147034.484375,33055.828125,405429.28125,1100791.25,58585.7265625,7258.29248046875,122794.3984375,13566.7060546875,610750.25,89350,34.05128479003906,35.582420349121094,0,0,0,0,0,0,0,0,0,0,0,1,0,0,0,0,0,0,0,False,UNKNOWN,0,0,0,0,201428251,24484,0,37.00674057006836,13,,,"{'Type': 'start', 'Data_Type': 'Synthetical', 'Protocol_name': 'ABGv5-5ppb-10RH-75ccm-Anthony-Q425', 'Trial_Details': {'RH': 0, 'group': 35, 'detail': 'N/A', 'trialnum': 23, 'TrialName': '10rh', 'identifier': 'srzyh', 'Concentration': 0}, 'Experiment_Rig': 'DA3'}",,2026-01-19 01:42:12.486,"{'cid': '50887afa-f28e-43cb-ad20-c4bac4e7cd08', 'uuid': '1a80a70c-0f7a-43e0-8452-e722c19a00b3', 'annotationId': '2be98d50-2a59-4d82-955b-54fa72a23f06', 'name': 'CleaningCycle', 'description': 'CleaningCycle', 'labels': 'CleaningCycle', 'metadata': {'Length': 30, 'Progress': 69, 'startTime': 1768786924226, 'Notification': 'Event CleaningCycle Started.'}, 'createdAt': '2026-01-19T01:42:04.473Z', 'createdBy': '5c7b5d9f-c171-4004-a182-4277ffd4c9eb'}",29.75,33.56,2200.0,2202.68,24020116.0,0.0,0.53,22040109.0,1600.0,1600.57,21470060.0,1400.0,1399.95,22450138.0,1800.0,1799.09,22340093.0,0.0,440327.58,25.39,32.62,1008.76
0000000027-4125-asu-nz,0000000018-3024-oms-nz,CleaningCycle,2be98d50-2a59-4d82-955b-54fa72a23f06,b0d302bf-f0f3-4feb-821a-8083f454e883,1222.328369140625,489588.96875,200069.171875,8133.76611328125,7134.5341796875,26010.962890625,184685.859375,180175.03125,235640.53125,70402.625,129436.8515625,18641.828125,275960.1875,5551.9169921875,19447.78515625,37232.94921875,258350.390625,52693.75390625,190637.171875,20300.69921875,6902.0341796875,13244.5087890625,27570.8671875,45729.265625,2923733.25,359002.375,1102247.25,3620879.0,11029034,5590.66796875,69727.9921875,124775584,51842000,21134.705078125,86345.3125,202240.328125,670539.125,4362.05810546875,2908955.25,1131298.375,63210.328125,492781.40625,21337.490234375,828332.875,702.5186767578125,449630.5,446719.21875,239867.515625,962470.5,70198.5078125,77673.84375,17393.75,4136.32177734375,276651.25,15013.966796875,147213.015625,33063.359375,405574.3125,1101369.75,58590.609375,7258.5556640625,122746.828125,13554.478515625,610689.625,89651,33.80952835083008,35.582420349121094,0,0,0,0,0,0,0,0,0,0,0,1,0,0,0,0,0,0,0,False,UNKNOWN,0,0,0,0,201428251,24484,0,37.00674057006836,13,,,"{'Type': 'start', 'Data_Type': 'Synthetical', 'Protocol_name': 'ABGv5-5ppb-10RH-75ccm-Anthony-Q425', 'Trial_Details': {'RH': 0, 'group': 35, 'detail': 'N/A', 'trialnum': 23, 'TrialName': '10rh', 'identifier': 'srzyh', 'Concentration': 0}, 'Experiment_Rig': 'DA3'}",,2026-01-19 01:42:12.789,"{'cid': '50887afa-f28e-43cb-ad20-c4bac4e7cd08', 'uuid': '1a80a70c-0f7a-43e0-8452-e722c19a00b3', 'annotationId': '2be98d50-2a59-4d82-955b-54fa72a23f06', 'name': 'CleaningCycle', 'description': 'CleaningCycle', 'labels': 'CleaningCycle', 'metadata': {'Length': 30, 'Progress': 69, 'startTime': 1768786924226, 'Notification': 'Event CleaningCycle Started.'}, 'createdAt': '2026-01-19T01:42:04.473Z', 'createdBy': '5c7b5d9f-c171-4004-a182-4277ffd4c9eb'}",29.75,33.56,2200.0,2202.13,24020116.0,0.0,0.49,22040109.0,1600.0,1600.81,21470060.0,1400.0,1400.02,22450138.0,1800.0,1799.72,22340093.0,0.0,440335.41,25.4,32.62,1008.75
0000000027-4125-asu-nz,0000000018-3024-oms-nz,CleaningCycle,2be98d50-2a59-4d82-955b-54fa72a23f06,b0d302bf-f0f3-4feb-821a-8083f454e883,1223.274658203125,489428.1875,200072.9375,8133.57373046875,7134.3564453125,26010.408203125,184670.390625,180158.15625,235471.984375,70378.7421875,129433.1328125,18641.896484375,276856.375,5561.56689453125,19449.1484375,37235.62109375,257871.125,52690.53515625,190350.359375,20313.287109375,6901.974609375,13226.7578125,27574.232421875,45732.96875,2921255.75,359202.3125,1100468.5,3619873.25,11022149,5590.91552734375,70096.9375,124173376,51766624,21132.62890625,86362.3828125,202233.0,670810.8125,4362.01220703125,2906592.0,1130758.375,63207.1484375,492849.40625,21338.712890625,828810.6875,702.1866455078125,449248.9375,447136.53125,239850.109375,962545.875,70183.4453125,77598.703125,17392.0234375,4143.88916015625,276592.875,14977.72265625,147068.453125,33062.50390625,405517.25,1102146.75,58596.03125,7258.9140625,122820.1640625,13557.451171875,611485.9375,89952,33.890113830566406,35.66300582885742,0,0,0,0,0,0,0,0,0,0,0,1,0,0,0,0,0,0,0,False,UNKNOWN,0,0,0,0,201428251,24484,0,37.00674057006836,13,,,"{'Type': 'start', 'Data_Type': 'Synthetical', 'Protocol_name': 'ABGv5-5ppb-10RH-75ccm-Anthony-Q425', 'Trial_Details': {'RH': 0, 'group': 35, 'detail': 'N/A', 'trialnum': 23, 'TrialName': '10rh', 'identifier': 'srzyh', 'Concentration': 0}, 'Experiment_Rig': 'DA3'}",,2026-01-19 01:42:13.090,"{'cid': '50887afa-f28e-43cb-ad20-c4bac4e7cd08', 'uuid': '1a80a70c-0f7a-43e0-8452-e722c19a00b3', 'annotationId': '2be98d50-2a59-4d82-955b-54fa72a23f06', 'name': 'CleaningCycle', 'description': 'CleaningCycle', 'labels': 'CleaningCycle', 'metadata': {'Length': 30, 'Progress': 69, 'startTime': 1768786924226, 'Notification': 'Event CleaningCycle Started.'}, 'createdAt': '2026-01-19T01:42:04.473Z', 'createdBy': '5c7b5d9f-c171-4004-a182-4277ffd4c9eb'}",29.74,33.55,2200.0,2201.58,24020116.0,0.0,0.46,22040109.0,1600.0,1601.05,21470060.0,1400.0,1400.09,22450138.0,1800.0,1800.34,22340093.0,0.0,440335.41,25.41,32.61,1008.75
0000000027-4125-asu-nz,0000000018-3024-oms-nz,CleaningCycle,2be98d50-2a59-4d82-955b-54fa72a23f06,b0d302bf-f0f3-4feb-821a-8083f454e883,1222.2696533203125,489918.65625,200036.546875,8133.34228515625,7134.71337890625,26009.869140625,184634.109375,180163.71875,235589.765625,70354.71875,129430.34375,18642.345703125,275947.15625,5571.1787109375,19446.77734375,37233.9375,257939.703125,52684.08203125,190848.140625,20298.666015625,6901.927734375,13250.625,27577.056640625,45727.6640625,2919254.0,358933.90625,1099249.625,3617861.0,11009542,5587.4150390625,70414.6328125,123402392,51797260,21135.837890625,86350.453125,202227.234375,670986.6875,4362.34912109375,2905126.5,1132784.0,63203.4296875,492634.28125,21338.322265625,827565.5625,701.7550048828125,449176.40625,446972.65625,239836.453125,962886.375,70170.625,77601.375,17395.34765625,4150.61328125,275936.0,15004.51171875,147942.5,33064.078125,405418.40625,1102866.25,58591.8359375,7258.31640625,122829.375,13551.1298828125,612008.0,90253,33.970699310302734,35.66300582885742,0,0,0,0,0,0,0,0,0,0,0,1,0,0,0,0,0,0,0,False,UNKNOWN,0,0,0,0,201428251,24484,0,37.00674057006836,13,,,"{'Type': 'start', 'Data_Type': 'Synthetical', 'Protocol_name': 'ABGv5-5ppb-10RH-75ccm-Anthony-Q425', 'Trial_Details': {'RH': 0, 'group': 35, 'detail': 'N/A', 'trialnum': 23, 'TrialName': '10rh', 'identifier': 'srzyh', 'Concentration': 0}, 'Experiment_Rig': 'DA3'}",,2026-01-19 01:42:13.395,"{'cid': '50887afa-f28e-43cb-ad20-c4bac4e7cd08', 'uuid': '1a80a70c-0f7a-43e0-8452-e722c19a00b3', 'annotationId': '2be98d50-2a59-4d82-955b-54fa72a23f06', 'name': 'CleaningCycle', 'description': 'CleaningCycle', 'labels': 'CleaningCycle', 'metadata': {'Length': 30, 'Progress': 69, 'startTime': 1768786924226, 'Notification': 'Event CleaningCycle Started.'}, 'createdAt': '2026-01-19T01:42:04.473Z', 'createdBy': '5c7b5d9f-c171-4004-a182-4277ffd4c9eb'}",29.74,33.55,2200.0,2201.03,24020116.0,0.0,0.42,22040109.0,1600.0,1601.26,21470060.0,1400.0,1400.17,22450138.0,1800.0,1800.96,22340093.0,0.0,440335.41,25.41,32.61,1008.74
0000000027-4125-asu-nz,0000000018-3024-oms-nz,CleaningCycle,2be98d50-2a59-4d82-955b-54fa72a23f06,b0d302bf-f0f3-4feb-821a-8083f454e883,1222.5694580078125,489286.28125,199999.421875,8133.201171875,7134.70654296875,26009.251953125,184586.671875,180123.359375,235485.09375,70344.828125,129438.234375,18642.673828125,275730.125,5598.986328125,19446.12109375,37230.6171875,257960.21875,52702.47265625,191146.046875,20295.9375,6902.072265625,13243.3662109375,27577.0546875,45739.90625,2917936.25,357977.125,1100786.875,3616460.5,11001128,5590.8779296875,71162.8359375,122733584,51925300,21133.013671875,86352.53125,202244.828125,671125.3125,4361.927734375,2904881.75,1134646.25,63189.1953125,492552.4375,21341.21875,827008.9375,702.344970703125,449491.5625,446792.5,239792.703125,962751.1875,70166.5703125,77604.75,17395.318359375,4141.76953125,275956.75,15010.0498046875,147735.875,33061.046875,405354.0625,1103440.875,58598.94921875,7258.99462890625,122988.4296875,13553.677734375,611852.0,90554,33.890113830566406,35.501834869384766,0,0,0,0,0,0,0,0,0,0,0,1,0,0,0,0,0,0,0,False,UNKNOWN,0,0,0,0,201428251,24484,0,37.00674057006836,13,,,"{'Type': 'start', 'Data_Type': 'Synthetical', 'Protocol_name': 'ABGv5-5ppb-10RH-75ccm-Anthony-Q425', 'Trial_Details': {'RH': 0, 'group': 35, 'detail': 'N/A', 'trialnum': 23, 'TrialName': '10rh', 'identifier': 'srzyh', 'Concentration': 0}, 'Experiment_Rig': 'DA3'}",,2026-01-19 01:42:13.692,"{'cid': '50887afa-f28e-43cb-ad20-c4bac4e7cd08', 'uuid': '1a80a70c-0f7a-43e0-8452-e722c19a00b3', 'annotationId': '2be98d50-2a59-4d82-955b-54fa72a23f06', 'name': 'CleaningCycle', 'description': 'CleaningCycle', 'labels': 'CleaningCycle', 'metadata': {'Length': 30, 'Progress': 69, 'startTime': 1768786924226, 'Notification': 'Event CleaningCycle Started.'}, 'createdAt': '2026-01-19T01:42:04.473Z', 'createdBy': '5c7b5d9f-c171-4004-a182-4277ffd4c9eb'}",29.75,33.55,2200.0,2200.8,24020116.0,0.0,0.41,22040109.0,1600.0,1600.98,21470060.0,1400.0,1400.48,22450138.0,1800.0,1800.91,22340093.0,0.0,440433.99,25.42,32.61,1008.74
0000000027-4125-asu-nz,0000000018-3024-oms-nz,CleaningCycle,2be98d50-2a59-4d82-955b-54fa72a23f06,b0d302bf-f0f3-4feb-821a-8083f454e883,1223.138427734375,488901.9375,200014.734375,8133.28125,7134.583984375,26007.83984375,184478.96875,180140.78125,235298.25,70353.5234375,129443.859375,18642.388671875,275705.40625,5583.7392578125,19447.673828125,37235.31640625,258189.34375,52710.3828125,191787.953125,20306.01171875,6901.94482421875,13240.703125,27579.99609375,45740.55859375,2917476.25,358204.34375,1103327.0,3614311.0,10993198,5591.11279296875,70196.296875,122086328,52121712,21136.115234375,86357.953125,202229.640625,671132.25,4361.60400390625,2903798.75,1134006.0,63181.51953125,492283.71875,21339.244140625,827978.125,702.6493530273438,449342.625,446640.625,239760.703125,962310.75,70173.015625,77575.2265625,17398.630859375,4137.03662109375,276431.65625,14977.8076171875,147531.40625,33062.2265625,405373.34375,1103930.0,58600.1328125,7259.07666015625,122988.40625,13554.0341796875,611947.5,90855,33.80952835083008,35.743595123291016,0,0,0,0,0,0,0,0,0,0,0,1,0,0,0,0,0,0,0,False,UNKNOWN,0,0,0,0,201428251,24484,0,37.00674057006836,13,,,"{'Type': 'start', 'Data_Type': 'Synthetical', 'Protocol_name': 'ABGv5-5ppb-10RH-75ccm-Anthony-Q425', 'Trial_Details': {'RH': 0, 'group': 35, 'detail': 'N/A', 'trialnum': 23, 'TrialName': '10rh', 'identifier': 'srzyh', 'Concentration': 0}, 'Experiment_Rig': 'DA3'}",,2026-01-19 01:42:13.994,"{'cid': '50887afa-f28e-43cb-ad20-c4bac4e7cd08', 'uuid': '1a80a70c-0f7a-43e0-8452-e722c19a00b3', 'annotationId': '2be98d50-2a59-4d82-955b-54fa72a23f06', 'name': 'CleaningCycle', 'description': 'CleaningCycle', 'labels': 'CleaningCycle', 'metadata': {'Length': 30, 'Progress': 69, 'startTime': 1768786924226, 'Notification': 'Event CleaningCycle Started.'}, 'createdAt': '2026-01-19T01:42:04.473Z', 'createdBy': '5c7b5d9f-c171-4004-a182-4277ffd4c9eb'}",29.76,33.56,2200.0,2200.56,24020116.0,0.0,0.39,22040109.0,1600.0,1600.69,21470060.0,1400.0,1400.79,22450138.0,1800.0,1800.86,22340093.0,0.0,441178.24,25.43,32.61,1008.73
0000000027-4125-asu-nz,0000000018-3024-oms-nz,CleaningCycle,2be98d50-2a59-4d82-955b-54fa72a23f06,b0d302bf-f0f3-4feb-821a-8083f454e883,1224.154296875,488843.15625,199968.71875,8133.5751953125,7134.8916015625,26005.267578125,184567.234375,180132.9375,234317.75,70301.078125,129454.1328125,18642.064453125,276562.8125,5578.6357421875,19447.763671875,37238.1015625,258026.90625,52713.1484375,191039.3125,20311.1484375,6902.02197265625,13248.2822265625,27584.03515625,45738.4921875,2917541.0,358646.53125,1105501.25,3614398.5,10991018,5591.3056640625,70565.015625,121897024,52374260,21133.58203125,86343.71875,202148.578125,671234.875,4361.89794921875,2901924.25,1134437.875,63185.08203125,492696.625,21332.349609375,827983.375,701.7835083007812,448806.5625,446437.9375,239765.859375,961968.875,70156.375,77581.6484375,17397.419921875,4148.57666015625,276411.78125,15003.0673828125,148231.953125,33069.4609375,405447.78125,1104054.25,58585.1328125,7258.6708984375,122968.78125,13536.4453125,612191.25,91156,33.970699310302734,35.66300582885742,0,0,0,0,0,0,0,0,0,0,0,1,0,0,0,0,0,0,0,False,UNKNOWN,0,0,0,0,201428251,24484,0,37.00674057006836,13,,,"{'Type': 'start', 'Data_Type': 'Synthetical', 'Protocol_name': 'ABGv5-5ppb-10RH-75ccm-Anthony-Q425', 'Trial_Details': {'RH': 0, 'group': 35, 'detail': 'N/A', 'trialnum': 23, 'TrialName': '10rh', 'identifier': 'srzyh', 'Concentration': 0}, 'Experiment_Rig': 'DA3'}",,2026-01-19 01:42:14.294,"{'cid': '50887afa-f28e-43cb-ad20-c4bac4e7cd08', 'uuid': '1a80a70c-0f7a-43e0-8452-e722c19a00b3', 'annotationId': '2be98d50-2a59-4d82-955b-54fa72a23f06', 'name': 'CleaningCycle', 'description': 'CleaningCycle', 'labels': 'CleaningCycle', 'metadata': {'Length': 30, 'Progress': 69, 'startTime': 1768786924226, 'Notification': 'Event CleaningCycle Started.'}, 'createdAt': '2026-01-19T01:42:04.473Z', 'createdBy': '5c7b5d9f-c171-4004-a182-4277ffd4c9eb'}",29.77,33.56,2200.0,2200.32,24020116.0,0.0,0.37,22040109.0,1600.0,1600.41,21470060.0,1400.0,1401.1,22450138.0,1800.0,1800.82,22340093.0,0.0,441917.56,25.44,32.62,1008.72
0000000027-4125-asu-nz,0000000018-3024-oms-nz,CleaningCycle,2be98d50-2a59-4d82-955b-54fa72a23f06,b0d302bf-f0f3-4feb-821a-8083f454e883,1224.0899658203125,488785.6875,199962.484375,8133.18359375,7134.62158203125,26005.62890625,184577.125,180114.578125,235714.53125,70322.9375,129470.953125,18642.142578125,276105.0625,5583.37158203125,19448.638671875,37237.44921875,258143.328125,52711.05078125,191348.984375,20310.21875,6901.86669921875,13243.11328125,27583.1015625,45742.08984375,2919064.25,358966.8125,1104699.875,3614913.25,10988122,5591.779296875,69867.3515625,121807216,52662128,21136.822265625,86336.3359375,202149.828125,671283.75,4362.09716796875,2898559.75,1134802.25,63182.515625,492625.1875,21331.7578125,827168.3125,701.5009155273438,449066.34375,446599.4375,239760.5,961056.625,70134.2734375,77585.9921875,17393.515625,4141.38916015625,276334.53125,15042.2568359375,147283.15625,33068.1484375,405308.53125,1103803.5,58576.26171875,7258.36669921875,123049.9140625,13547.669921875,611825.9375,91457,33.970699310302734,35.66300582885742,0,0,0,0,0,0,0,0,0,0,0,1,0,0,0,0,0,0,0,False,UNKNOWN,0,0,0,0,201428251,24484,0,37.00674057006836,13,,,"{'Type': 'start', 'Data_Type': 'Synthetical', 'Protocol_name': 'ABGv5-5ppb-10RH-75ccm-Anthony-Q425', 'Trial_Details': {'RH': 0, 'group': 35, 'detail': 'N/A', 'trialnum': 23, 'TrialName': '10rh', 'identifier': 'srzyh', 'Concentration': 0}, 'Experiment_Rig': 'DA3'}",,2026-01-19 01:42:14.600,"{'cid': '50887afa-f28e-43cb-ad20-c4bac4e7cd08', 'uuid': '1a80a70c-0f7a-43e0-8452-e722c19a00b3', 'annotationId': '2be98d50-2a59-4d82-955b-54fa72a23f06', 'name': 'CleaningCycle', 'description': 'CleaningCycle', 'labels': 'CleaningCycle', 'metadata': {'Length': 30, 'Progress': 69, 'startTime': 1768786924226, 'Notification': 'Event CleaningCycle Started.'}, 'createdAt': '2026-01-19T01:42:04.473Z', 'createdBy': '5c7b5d9f-c171-4004-a182-4277ffd4c9eb'}",29.77,33.56,2200.0,2200.58,24020116.0,0.0,0.35,22040109.0,1600.0,1600.17,21470060.0,1400.0,1400.97,22450138.0,1800.0,1800.71,22340093.0,0.0,442671.67,25.44,32.62,1008.72
0000000027-4125-asu-nz,0000000018-3024-oms-nz,CleaningCycle,2be98d50-2a59-4d82-955b-54fa72a23f06,b0d302bf-f0f3-4feb-821a-8083f454e883,1223.035888671875,488535.78125,200021.90625,8133.73681640625,7134.53662109375,26005.998046875,184573.3125,180130.578125,236042.765625,70319.8515625,129484.28125,18643.296875,276299.84375,5585.42919921875,19447.646484375,37235.3515625,258271.84375,52719.7890625,191731.265625,20303.908203125,6902.095703125,13225.6103515625,27585.5546875,45737.4921875,2921779.25,357729.5,1104344.375,3617291.5,10993539,5591.68212890625,70265.1171875,122127240,52929004,21137.37890625,86349.2734375,202129.484375,671319.0,4363.14404296875,2899384.25,1136049.875,63179.53515625,492818.53125,21340.580078125,826358.4375,701.7952270507812,449323.65625,446384.375,239770.359375,959989.6875,70137.0625,77571.171875,17394.013671875,4142.474609375,276029.59375,15012.0546875,146976.84375,33065.04296875,405193.375,1103656.75,58585.9296875,7257.91259765625,123015.3671875,13553.4833984375,611974.1875,91758,33.970699310302734,35.66300582885742,0,0,0,0,0,0,0,0,0,0,0,1,0,0,0,0,0,0,0,False,UNKNOWN,0,0,0,0,201428251,24484,0,37.00674057006836,13,,,"{'Type': 'start', 'Data_Type': 'Synthetical', 'Protocol_name': 'ABGv5-5ppb-10RH-75ccm-Anthony-Q425', 'Trial_Details': {'RH': 0, 'group': 35, 'detail': 'N/A', 'trialnum': 23, 'TrialName': '10rh', 'identifier': 'srzyh', 'Concentration': 0}, 'Experiment_Rig': 'DA3'}",,2026-01-19 01:42:14.898,"{'cid': '50887afa-f28e-43cb-ad20-c4bac4e7cd08', 'uuid': '1a80a70c-0f7a-43e0-8452-e722c19a00b3', 'annotationId': '2be98d50-2a59-4d82-955b-54fa72a23f06', 'name': 'CleaningCycle', 'description': 'CleaningCycle', 'labels': 'CleaningCycle', 'metadata': {'Length': 30, 'Progress': 69, 'startTime': 1768786924226, 'Notification': 'Event CleaningCycle Started.'}, 'createdAt': '2026-01-19T01:42:04.473Z', 'createdBy': '5c7b5d9f-c171-4004-a182-4277ffd4c9eb'}",29.77,33.56,2200.0,2201.08,24020116.0,0.0,0.34,22040109.0,1600.0,1599.96,21470060.0,1400.0,1400.64,22450138.0,1800.0,1800.56,22340093.0,0.0,443082.63,25.45,32.62,1008.71
0000000027-4125-asu-nz,0000000018-3024-oms-nz,CleaningCycle,2be98d50-2a59-4d82-955b-54fa72a23f06,b0d302bf-f0f3-4feb-821a-8083f454e883,1222.529052734375,488769.1875,200033.734375,8133.966796875,7134.8662109375,26007.0390625,184562.328125,180131.6875,235849.640625,70391.4375,129491.3515625,18642.677734375,275394.59375,5587.87353515625,19449.767578125,37241.046875,258412.6875,52725.2734375,191317.3125,20304.4375,6901.98046875,13242.076171875,27586.869140625,45742.9609375,2923488.5,358380.875,1105294.375,3619646.5,11001182,5591.89306640625,69755.0234375,122522056,53145696,21136.265625,86320.1015625,202191.0,671284.9375,4363.8515625,2900059.75,1136416.125,63180.875,492901.71875,21338.935546875,824929.5,702.6201782226562,449324.28125,446229.3125,239789.421875,959600.4375,70182.5703125,77548.5703125,17388.11328125,4139.4384765625,276045.65625,15023.6962890625,147302.96875,33064.44921875,405097.96875,1102764.5,58582.5625,7258.23388671875,123017.453125,13552.638671875,611685.0625,92059,33.890113830566406,35.501834869384766,0,0,0,0,0,0,0,0,0,0,0,1,0,0,0,0,0,0,0,False,UNKNOWN,0,0,0,0,201428251,24484,0,37.00674057006836,13,,,"{'Type': 'start', 'Data_Type': 'Synthetical', 'Protocol_name': 'ABGv5-5ppb-10RH-75ccm-Anthony-Q425', 'Trial_Details': {'RH': 0, 'group': 35, 'detail': 'N/A', 'trialnum': 23, 'TrialName': '10rh', 'identifier': 'srzyh', 'Concentration': 0}, 'Experiment_Rig': 'DA3'}",,2026-01-19 01:42:15.198,"{'cid': '50887afa-f28e-43cb-ad20-c4bac4e7cd08', 'uuid': '1a80a70c-0f7a-43e0-8452-e722c19a00b3', 'annotationId': '2be98d50-2a59-4d82-955b-54fa72a23f06', 'name': 'CleaningCycle', 'description': 'CleaningCycle', 'labels': 'CleaningCycle', 'metadata': {'Length': 30, 'Progress': 69, 'startTime': 1768786924226, 'Notification': 'Event CleaningCycle Started.'}, 'createdAt': '2026-01-19T01:42:04.473Z', 'createdBy': '5c7b5d9f-c171-4004-a182-4277ffd4c9eb'}",29.76,33.56,2200.0,2201.58,24020116.0,0.0,0.32,22040109.0,1600.0,1599.74,21470060.0,1400.0,1400.3,22450138.0,1800.0,1800.42,22340093.0,0.0,442693.66,25.46,32.62,1008.73
0000000027-4125-asu-nz,0000000018-3024-oms-nz,CleaningCycle,2be98d50-2a59-4d82-955b-54fa72a23f06,b0d302bf-f0f3-4feb-821a-8083f454e883,1223.1331787109375,489209.5625,200047.34375,8134.02783203125,7134.4892578125,26008.169921875,184575.875,180144.03125,235530.3125,70348.875,129500.5,18642.73828125,274497.1875,5578.6533203125,19452.328125,37245.203125,258201.296875,52721.6328125,191005.625,20304.072265625,6901.91748046875,13240.1640625,27589.640625,45739.68359375,2926149.25,358162.71875,1105807.375,3621821.75,11012146,5592.11474609375,70568.671875,123205856,53289004,21137.6171875,86316.8984375,202164.0,671191.3125,4363.52294921875,2897638.0,1135581.75,63184.078125,492698.75,21339.767578125,823824.5625,701.6605834960938,449416.0625,446579.46875,239776.75,958995.625,70167.609375,77536.4609375,17394.625,4147.86181640625,276159.6875,14994.5234375,147723.171875,33062.58203125,405074.5,1101702.375,58576.984375,7258.9462890625,123143.375,13555.8046875,611753.9375,92360,33.890113830566406,35.66300582885742,0,0,0,0,0,0,0,0,0,0,0,1,0,0,0,0,0,0,0,False,UNKNOWN,0,0,0,0,201428251,24484,0,37.00674057006836,13,,,"{'Type': 'start', 'Data_Type': 'Synthetical', 'Protocol_name': 'ABGv5-5ppb-10RH-75ccm-Anthony-Q425', 'Trial_Details': {'RH': 0, 'group': 35, 'detail': 'N/A', 'trialnum': 23, 'TrialName': '10rh', 'identifier': 'srzyh', 'Concentration': 0}, 'Experiment_Rig': 'DA3'}",,2026-01-19 01:42:15.498,"{'cid': '50887afa-f28e-43cb-ad20-c4bac4e7cd08', 'uuid': '1a80a70c-0f7a-43e0-8452-e722c19a00b3', 'annotationId': '2be98d50-2a59-4d82-955b-54fa72a23f06', 'name': 'CleaningCycle', 'description': 'CleaningCycle', 'labels': 'CleaningCycle', 'metadata': {'Length': 30, 'Progress': 69, 'startTime': 1768786924226, 'Notification': 'Event CleaningCycle Started.'}, 'createdAt': '2026-01-19T01:42:04.473Z', 'createdBy': '5c7b5d9f-c171-4004-a182-4277ffd4c9eb'}",29.76,33.56,2200.0,2201.79,24020116.0,0.0,0.31,22040109.0,1600.0,1599.62,21470060.0,1400.0,1400.1,22450138.0,1800.0,1800.2,22340093.0,0.0,442304.69,25.46,32.61,1008.74
0000000027-4125-asu-nz,0000000018-3024-oms-nz,CleaningCycle,2be98d50-2a59-4d82-955b-54fa72a23f06,b0d302bf-f0f3-4feb-821a-8083f454e883,1223.95654296875,489245.78125,200093.75,8133.80126953125,7134.5888671875,26009.533203125,184604.0625,180164.59375,235222.671875,70342.046875,129493.9296875,18643.294921875,275387.03125,5563.0810546875,19451.28515625,37243.9375,258374.453125,52698.625,190603.484375,20308.99609375,6901.7744140625,13238.357421875,27589.880859375,45741.47265625,2929411.75,356554.0,1105151.0,3623151.75,11024925,5592.43017578125,70925.078125,124114560,53336156,21139.130859375,86320.265625,202179.578125,670900.5,4363.26416015625,2894211.5,1135696.0,63194.39453125,492883.875,21337.28515625,824274.5,702.2698974609375,450039.875,446404.84375,239774.78125,958874.0625,70170.96875,77594.8515625,17395.6953125,4143.3154296875,276272.40625,14995.046875,147444.421875,33062.32421875,404992.5,1101108.0,58576.75,7258.87548828125,122883.140625,13555.6640625,611497.75,92661,33.970699310302734,35.66300582885742,0,0,0,0,0,0,0,0,0,0,0,1,0,0,0,0,0,0,0,False,UNKNOWN,0,0,0,0,201428251,24484,0,37.00674057006836,13,,,"{'Type': 'start', 'Data_Type': 'Synthetical', 'Protocol_name': 'ABGv5-5ppb-10RH-75ccm-Anthony-Q425', 'Trial_Details': {'RH': 0, 'group': 35, 'detail': 'N/A', 'trialnum': 23, 'TrialName': '10rh', 'identifier': 'srzyh', 'Concentration': 0}, 'Experiment_Rig': 'DA3'}",,2026-01-19 01:42:15.800,"{'cid': '50887afa-f28e-43cb-ad20-c4bac4e7cd08', 'uuid': '1a80a70c-0f7a-43e0-8452-e722c19a00b3', 'annotationId': '2be98d50-2a59-4d82-955b-54fa72a23f06', 'name': 'CleaningCycle', 'description': 'CleaningCycle', 'labels': 'CleaningCycle', 'metadata': {'Length': 30, 'Progress': 69, 'startTime': 1768786924226, 'Notification': 'Event CleaningCycle Started.'}, 'createdAt': '2026-01-19T01:42:04.473Z', 'createdBy': '5c7b5d9f-c171-4004-a182-4277ffd4c9eb'}",29.76,33.55,2200.0,2201.38,24020116.0,0.0,0.32,22040109.0,1600.0,1599.7,21470060.0,1400.0,1400.18,22450138.0,1800.0,1799.79,22340093.0,0.0,441913.12,25.47,32.61,1008.75
0000000027-4125-asu-nz,0000000018-3024-oms-nz,CleaningCycle,2be98d50-2a59-4d82-955b-54fa72a23f06,b0d302bf-f0f3-4feb-821a-8083f454e883,1225.02001953125,489124.96875,200123.046875,8133.7998046875,7134.890625,26011.30859375,184575.171875,180198.421875,235928.625,70288.4296875,129491.921875,18643.888671875,276350.25,5565.3857421875,19448.130859375,37238.109375,257946.828125,52707.4765625,191216.078125,20311.63671875,6902.35546875,13253.3896484375,27589.2890625,45742.07421875,2931974.0,356101.0,1106099.875,3624203.5,11037264,5592.38720703125,71716.09375,124865224,53267936,21135.75390625,86305.5078125,202153.640625,670725.875,4362.23046875,2891263.0,1133668.5,63199.98046875,492804.90625,21340.333984375,823697.0,701.3935546875,449810.375,446725.40625,239814.25,958516.375,70160.4453125,77584.734375,17396.322265625,4155.482421875,276435.125,14975.4013671875,147572.1875,33061.21484375,405012.28125,1100978.875,58569.4140625,7258.80322265625,122799.6328125,13557.9208984375,610938.9375,92962,33.970699310302734,35.743595123291016,0,0,0,0,0,0,0,0,0,0,0,1,0,0,0,0,0,0,0,False,UNKNOWN,0,0,0,0,201428251,24484,0,37.00674057006836,13,,,"{'Type': 'start', 'Data_Type': 'Synthetical', 'Protocol_name': 'ABGv5-5ppb-10RH-75ccm-Anthony-Q425', 'Trial_Details': {'RH': 0, 'group': 35, 'detail': 'N/A', 'trialnum': 23, 'TrialName': '10rh', 'identifier': 'srzyh', 'Concentration': 0}, 'Experiment_Rig': 'DA3'}",,2026-01-19 01:42:16.101,"{'cid': '50887afa-f28e-43cb-ad20-c4bac4e7cd08', 'uuid': '1a80a70c-0f7a-43e0-8452-e722c19a00b3', 'annotationId': '2be98d50-2a59-4d82-955b-54fa72a23f06', 'name': 'CleaningCycle', 'description': 'CleaningCycle', 'labels': 'CleaningCycle', 'metadata': {'Length': 30, 'Progress': 69, 'startTime': 1768786924226, 'Notification': 'Event CleaningCycle Started.'}, 'createdAt': '2026-01-19T01:42:04.473Z', 'createdBy': '5c7b5d9f-c171-4004-a182-4277ffd4c9eb'}",29.76,33.55,2200.0,2200.98,24020116.0,0.0,0.32,22040109.0,1600.0,1599.77,21470060.0,1400.0,1400.25,22450138.0,1800.0,1799.39,22340093.0,0.0,441986.94,25.48,32.61,1008.76
0000000027-4125-asu-nz,0000000018-3024-oms-nz,CleaningCycle,2be98d50-2a59-4d82-955b-54fa72a23f06,b0d302bf-f0f3-4feb-821a-8083f454e883,1225.157470703125,489235.4375,200117.5,8134.22900390625,7134.57421875,26011.169921875,184640.15625,180218.640625,235801.953125,70282.6015625,129511.796875,18643.376953125,276652.34375,5559.251953125,19448.701171875,37236.265625,257820.96875,52721.40625,191389.125,20306.19921875,6902.3974609375,13244.5546875,27588.37890625,45735.60546875,2935917.75,355743.53125,1102604.25,3625086.0,11041484,5592.23291015625,70032.6953125,125325304,53103816,21138.462890625,86323.6875,202154.5,670656.9375,4363.39404296875,2888540.75,1134566.375,63213.7421875,492767.90625,21341.69140625,824864.125,701.2660522460938,449733.0625,446889.21875,239847.375,958860.5,70171.4296875,77595.6796875,17396.2109375,4156.7001953125,276278.5,14988.5126953125,147625.15625,33062.3671875,405158.53125,1100976.625,58576.66796875,7259.35302734375,122977.78125,13549.23828125,610692.3125,93263,33.890113830566406,35.66300582885742,0,0,0,0,0,0,0,0,0,0,0,1,0,0,0,0,0,0,0,False,UNKNOWN,0,0,0,0,201428251,24484,0,37.00674057006836,13,,,"{'Type': 'start', 'Data_Type': 'Synthetical', 'Protocol_name': 'ABGv5-5ppb-10RH-75ccm-Anthony-Q425', 'Trial_Details': {'RH': 0, 'group': 35, 'detail': 'N/A', 'trialnum': 23, 'TrialName': '10rh', 'identifier': 'srzyh', 'Concentration': 0}, 'Experiment_Rig': 'DA3'}",,2026-01-19 01:42:16.402,"{'cid': '50887afa-f28e-43cb-ad20-c4bac4e7cd08', 'uuid': '1a80a70c-0f7a-43e0-8452-e722c19a00b3', 'annotationId': '2be98d50-2a59-4d82-955b-54fa72a23f06', 'name': 'CleaningCycle', 'description': 'CleaningCycle', 'labels': 'CleaningCycle', 'metadata': {'Length': 30, 'Progress': 69, 'startTime': 1768786924226, 'Notification': 'Event CleaningCycle Started.'}, 'createdAt': '2026-01-19T01:42:04.473Z', 'createdBy': '5c7b5d9f-c171-4004-a182-4277ffd4c9eb'}",29.76,33.54,2200.0,2200.57,24020116.0,0.0,0.33,22040109.0,1600.0,1599.84,21470060.0,1400.0,1400.32,22450138.0,1800.0,1798.98,22340093.0,0.0,442360.01,25.49,32.61,1008.76
0000000027-4125-asu-nz,0000000018-3024-oms-nz,CleaningCycle,2be98d50-2a59-4d82-955b-54fa72a23f06,b0d302bf-f0f3-4feb-821a-8083f454e883,1224.720703125,489445.25,200112.46875,8133.7080078125,7135.107421875,26011.92578125,184542.59375,180219.609375,235584.359375,70332.625,129519.203125,18642.623046875,275743.03125,5570.7685546875,19445.841796875,37234.76953125,258021.40625,52708.7109375,191006.6875,20319.330078125,6902.78466796875,13248.0986328125,27587.716796875,45739.8125,2937471.25,355997.21875,1102962.875,3625269.75,11048948,5591.05712890625,71153.828125,125842936,52867468,21139.86328125,86349.5234375,202122.609375,670570.8125,4362.07666015625,2886976.0,1135736.75,63217.05078125,493057.625,21336.521484375,825417.625,700.9209594726562,449783.46875,446425.8125,239849.421875,959333.9375,70170.5546875,77562.1328125,17405.05078125,4142.8037109375,276072.0625,14987.70703125,147498.125,33066.3046875,405302.625,1100442.625,58576.94140625,7258.6708984375,123050.8359375,13551.3935546875,610473.125,93564,33.890113830566406,35.582420349121094,0,0,0,0,0,0,0,0,0,0,0,1,0,0,0,0,0,0,0,False,UNKNOWN,0,0,0,0,201428251,24484,0,37.00674057006836,13,,,"{'Type': 'start', 'Data_Type': 'Synthetical', 'Protocol_name': 'ABGv5-5ppb-10RH-75ccm-Anthony-Q425', 'Trial_Details': {'RH': 0, 'group': 35, 'detail': 'N/A', 'trialnum': 23, 'TrialName': '10rh', 'identifier': 'srzyh', 'Concentration': 0}, 'Experiment_Rig': 'DA3'}",,2026-01-19 01:42:16.703,"{'cid': '50887afa-f28e-43cb-ad20-c4bac4e7cd08', 'uuid': '1a80a70c-0f7a-43e0-8452-e722c19a00b3', 'annotationId': '2be98d50-2a59-4d82-955b-54fa72a23f06', 'name': 'CleaningCycle', 'description': 'CleaningCycle', 'labels': 'CleaningCycle', 'metadata': {'Length': 30, 'Progress': 69, 'startTime': 1768786924226, 'Notification': 'Event CleaningCycle Started.'}, 'createdAt': '2026-01-19T01:42:04.473Z', 'createdBy': '5c7b5d9f-c171-4004-a182-4277ffd4c9eb'}",29.76,33.54,2200.0,2200.21,24020116.0,0.0,0.32,22040109.0,1600.0,1599.77,21470060.0,1400.0,1400.34,22450138.0,1800.0,1799.12,22340093.0,0.0,442733.07,25.5,32.61,1008.75
0000000027-4125-asu-nz,0000000018-3024-oms-nz,CleaningCycle,2be98d50-2a59-4d82-955b-54fa72a23f06,b0d302bf-f0f3-4feb-821a-8083f454e883,1224.0806884765625,489329.15625,200122.40625,8134.15478515625,7135.0546875,26013.97265625,184548.59375,180205.171875,235566.828125,70296.1015625,129497.328125,18642.1953125,275951.84375,5570.33251953125,19449.703125,37233.75390625,257959.46875,52699.8828125,189929.453125,20305.724609375,6902.33154296875,13241.783203125,27586.529296875,45731.6796875,2936366.0,357049.25,1101355.625,3625338.0,11051754,5591.75146484375,70423.2265625,125950544,52580776,21141.533203125,86344.5078125,202097.9375,670484.5,4362.54150390625,2883875.25,1137002.625,63213.6171875,493526.875,21341.23828125,826279.1875,701.4129028320312,450113.1875,446548.65625,239866.75,960323.125,70181.8515625,77633.40625,17403.12109375,4147.12646484375,276054.90625,15012.623046875,146543.578125,33068.43359375,405427.65625,1100593.625,58577.76953125,7258.8056640625,123054.2578125,13545.8984375,610511.1875,93865,33.970699310302734,35.582420349121094,0,0,0,0,0,0,0,0,0,0,0,1,0,0,0,0,0,0,0,False,UNKNOWN,0,0,0,0,201428251,24484,0,37.00674057006836,13,,,"{'Type': 'start', 'Data_Type': 'Synthetical', 'Protocol_name': 'ABGv5-5ppb-10RH-75ccm-Anthony-Q425', 'Trial_Details': {'RH': 0, 'group': 35, 'detail': 'N/A', 'trialnum': 23, 'TrialName': '10rh', 'identifier': 'srzyh', 'Concentration': 0}, 'Experiment_Rig': 'DA3'}",,2026-01-19 01:42:17.004,"{'cid': '50887afa-f28e-43cb-ad20-c4bac4e7cd08', 'uuid': '1a80a70c-0f7a-43e0-8452-e722c19a00b3', 'annotationId': '2be98d50-2a59-4d82-955b-54fa72a23f06', 'name': 'CleaningCycle', 'description': 'CleaningCycle', 'labels': 'CleaningCycle', 'metadata': {'Length': 30, 'Progress': 69, 'startTime': 1768786924226, 'Notification': 'Event CleaningCycle Started.'}, 'createdAt': '2026-01-19T01:42:04.473Z', 'createdBy': '5c7b5d9f-c171-4004-a182-4277ffd4c9eb'}",29.76,33.55,2200.0,2199.85,24020116.0,0.0,0.3,22040109.0,1600.0,1599.7,21470060.0,1400.0,1400.37,22450138.0,1800.0,1799.29,22340093.0,0.0,443106.13,25.51,32.61,1008.75
0000000027-4125-asu-nz,0000000018-3024-oms-nz,CleaningCycle,2be98d50-2a59-4d82-955b-54fa72a23f06,b0d302bf-f0f3-4feb-821a-8083f454e883,1223.385498046875,489926.46875,200104.09375,8134.34521484375,7134.77783203125,26013.064453125,184616.578125,180193.484375,235490.0625,70269.9921875,129484.078125,18642.3203125,275772.84375,5560.392578125,19444.28515625,37235.578125,257921.25,52694.09375,190280.640625,20304.494140625,6902.69873046875,13246.1337890625,27591.75390625,45730.5,2933555.5,357701.3125,1101787.625,3624422.25,11054935,5591.3271484375,69593.4765625,125777792,52272964,21136.498046875,86321.6484375,202177.78125,670464.6875,4362.732421875,2882712.25,1135673.0,63214.5390625,493587.03125,21339.373046875,826957.3125,701.0769653320312,450214.28125,446498.71875,239888.453125,961625.0625,70172.1171875,77603.3671875,17392.2890625,4152.55078125,275512.15625,15019.5048828125,147019.21875,33060.82421875,405360.21875,1100927.75,58592.9140625,7258.505859375,123194.015625,13550.1494140625,609292.875,94166,33.890113830566406,35.501834869384766,0,0,0,0,0,0,0,0,0,0,0,1,0,0,0,0,0,0,0,False,UNKNOWN,0,0,0,0,201428251,24484,0,37.00674057006836,13,,,"{'Type': 'start', 'Data_Type': 'Synthetical', 'Protocol_name': 'ABGv5-5ppb-10RH-75ccm-Anthony-Q425', 'Trial_Details': {'RH': 0, 'group': 35, 'detail': 'N/A', 'trialnum': 23, 'TrialName': '10rh', 'identifier': 'srzyh', 'Concentration': 0}, 'Experiment_Rig': 'DA3'}",,2026-01-19 01:42:17.307,"{'cid': '50887afa-f28e-43cb-ad20-c4bac4e7cd08', 'uuid': '1a80a70c-0f7a-43e0-8452-e722c19a00b3', 'annotationId': '2be98d50-2a59-4d82-955b-54fa72a23f06', 'name': 'CleaningCycle', 'description': 'CleaningCycle', 'labels': 'CleaningCycle', 'metadata': {'Length': 30, 'Progress': 69, 'startTime': 1768786924226, 'Notification': 'Event CleaningCycle Started.'}, 'createdAt': '2026-01-19T01:42:04.473Z', 'createdBy': '5c7b5d9f-c171-4004-a182-4277ffd4c9eb'}",29.76,33.55,2200.0,2199.49,24020116.0,0.0,0.28,22040109.0,1600.0,1599.63,21470060.0,1400.0,1400.39,22450138.0,1800.0,1799.45,22340093.0,0.0,442964.34,25.51,32.61,1008.75
0000000027-4125-asu-nz,0000000018-3024-oms-nz,CleaningCycle,2be98d50-2a59-4d82-955b-54fa72a23f06,b0d302bf-f0f3-4feb-821a-8083f454e883,1224.098388671875,489554.15625,200073.765625,8134.1416015625,7134.6171875,26010.59765625,184670.421875,180185.46875,235461.671875,70292.6328125,129460.15625,18642.47265625,275709.5,5568.2705078125,19445.107421875,37232.02734375,257840.296875,52696.50390625,190692.484375,20310.82421875,6902.12255859375,13232.818359375,27592.396484375,45728.15625,2929607.75,356991.9375,1100243.0,3623390.5,11045521,5591.7890625,69406.75,125332520,52055144,21135.56640625,86359.4765625,202165.984375,670487.875,4362.9951171875,2882762.25,1134862.25,63211.875,493513.0625,21338.009765625,827339.625,702.4130249023438,449887.5,446647.59375,239877.421875,962219.125,70158.5546875,77611.8046875,17398.537109375,4154.44287109375,275773.625,15002.1328125,147033.515625,33068.01171875,405450.6875,1101636.125,58588.921875,7258.654296875,123127.03125,13538.166015625,610358.5625,94467,33.890113830566406,35.66300582885742,0,0,0,0,0,0,0,0,0,0,0,1,0,0,0,0,0,0,0,False,UNKNOWN,0,0,0,0,201433254,24484,0,37.55587768554688,13,,,"{'Type': 'start', 'Data_Type': 'Synthetical', 'Protocol_name': 'ABGv5-5ppb-10RH-75ccm-Anthony-Q425', 'Trial_Details': {'RH': 0, 'group': 35, 'detail': 'N/A', 'trialnum': 23, 'TrialName': '10rh', 'identifier': 'srzyh', 'Concentration': 0}, 'Experiment_Rig': 'DA3'}",,2026-01-19 01:42:17.607,"{'cid': '50887afa-f28e-43cb-ad20-c4bac4e7cd08', 'uuid': '1a80a70c-0f7a-43e0-8452-e722c19a00b3', 'annotationId': '2be98d50-2a59-4d82-955b-54fa72a23f06', 'name': 'CleaningCycle', 'description': 'CleaningCycle', 'labels': 'CleaningCycle', 'metadata': {'Length': 30, 'Progress': 69, 'startTime': 1768786924226, 'Notification': 'Event CleaningCycle Started.'}, 'createdAt': '2026-01-19T01:42:04.473Z', 'createdBy': '5c7b5d9f-c171-4004-a182-4277ffd4c9eb'}",29.75,33.55,2200.0,2199.45,24020116.0,0.0,0.27,22040109.0,1600.0,1599.71,21470060.0,1400.0,1400.16,22450138.0,1800.0,1799.56,22340093.0,0.0,442667.21,25.52,32.61,1008.75
0000000027-4125-asu-nz,0000000018-3024-oms-nz,CleaningCycle,2be98d50-2a59-4d82-955b-54fa72a23f06,b0d302bf-f0f3-4feb-821a-8083f454e883,1223.2081298828125,489110.4375,200075.3125,8134.22314453125,7134.8349609375,26009.783203125,184636.375,180184.265625,235856.484375,70194.5078125,129461.3515625,18643.40234375,275872.53125,5574.31103515625,19446.494140625,37226.22265625,257836.53125,52695.28125,191506.109375,20309.61328125,6901.99658203125,13226.66796875,27593.689453125,45720.05859375,2926894.75,357332.28125,1097748.25,3621618.5,11030320,5592.0947265625,70664.5,124758952,51900500,21140.619140625,86372.125,202211.28125,670550.8125,4362.7509765625,2881944.75,1134398.125,63206.51171875,493284.5,21344.548828125,828674.5625,702.1597900390625,449874.21875,446835.9375,239886.828125,962840.375,70104.859375,77617.3359375,17395.125,4154.5546875,275841.03125,14997.8017578125,147545.625,33069.99609375,405490.3125,1102453.875,58591.93359375,7258.36572265625,123198.890625,13546.083984375,611518.0,94768,33.970699310302734,35.582420349121094,0,0,0,0,0,0,0,0,0,0,0,1,0,0,0,0,0,0,0,False,UNKNOWN,0,0,0,0,201433254,24484,0,37.55587768554688,13,,,"{'Type': 'start', 'Data_Type': 'Synthetical', 'Protocol_name': 'ABGv5-5ppb-10RH-75ccm-Anthony-Q425', 'Trial_Details': {'RH': 0, 'group': 35, 'detail': 'N/A', 'trialnum': 23, 'TrialName': '10rh', 'identifier': 'srzyh', 'Concentration': 0}, 'Experiment_Rig': 'DA3'}",,2026-01-19 01:42:17.908,"{'cid': '50887afa-f28e-43cb-ad20-c4bac4e7cd08', 'uuid': '1a80a70c-0f7a-43e0-8452-e722c19a00b3', 'annotationId': '2be98d50-2a59-4d82-955b-54fa72a23f06', 'name': 'CleaningCycle', 'description': 'CleaningCycle', 'labels': 'CleaningCycle', 'metadata': {'Length': 30, 'Progress': 69, 'startTime': 1768786924226, 'Notification': 'Event CleaningCycle Started.'}, 'createdAt': '2026-01-19T01:42:04.473Z', 'createdBy': '5c7b5d9f-c171-4004-a182-4277ffd4c9eb'}",29.75,33.55,2200.0,2199.59,24020116.0,0.0,0.25,22040109.0,1600.0,1599.87,21470060.0,1400.0,1399.77,22450138.0,1800.0,1799.63,22340093.0,0.0,442369.08,25.52,32.61,1008.75
0000000027-4125-asu-nz,0000000018-3024-oms-nz,CleaningCycle,2be98d50-2a59-4d82-955b-54fa72a23f06,b0d302bf-f0f3-4feb-821a-8083f454e883,1222.2435302734375,488450.1875,200017.90625,8134.19580078125,7134.97021484375,26007.837890625,184578.6875,180174.671875,235802.703125,70236.78125,129491.6953125,18642.998046875,275828.875,5564.1943359375,19448.849609375,37229.91015625,258148.09375,52695.65625,190991.984375,20308.75,6902.0166015625,13235.9560546875,27593.091796875,45728.59765625,2923984.0,358792.71875,1097383.0,3619858.0,11017604,5590.67529296875,70377.1328125,124059760,51846644,21137.677734375,86360.0703125,202257.296875,670763.9375,4362.06103515625,2887253.5,1134801.25,63197.4765625,493443.34375,21341.576171875,828841.9375,700.9535522460938,449538.03125,446443.9375,239864.6875,963341.1875,70167.8671875,77588.859375,17399.92578125,4151.8505859375,276035.5625,15031.3095703125,145969.359375,33078.46875,405599.21875,1103383.5,58599.71484375,7258.6650390625,123065.03125,13549.23828125,611995.3125,95069,33.890113830566406,35.743595123291016,0,0,0,0,0,0,0,0,0,0,0,1,0,0,0,0,0,0,0,False,UNKNOWN,0,0,0,0,201433254,24484,0,37.55587768554688,13,,,"{'Type': 'start', 'Data_Type': 'Synthetical', 'Protocol_name': 'ABGv5-5ppb-10RH-75ccm-Anthony-Q425', 'Trial_Details': {'RH': 0, 'group': 35, 'detail': 'N/A', 'trialnum': 23, 'TrialName': '10rh', 'identifier': 'srzyh', 'Concentration': 0}, 'Experiment_Rig': 'DA3'}",,2026-01-19 01:42:18.209,"{'cid': '50887afa-f28e-43cb-ad20-c4bac4e7cd08', 'uuid': '1a80a70c-0f7a-43e0-8452-e722c19a00b3', 'annotationId': '2be98d50-2a59-4d82-955b-54fa72a23f06', 'name': 'CleaningCycle', 'description': 'CleaningCycle', 'labels': 'CleaningCycle', 'metadata': {'Length': 30, 'Progress': 69, 'startTime': 1768786924226, 'Notification': 'Event CleaningCycle Started.'}, 'createdAt': '2026-01-19T01:42:04.473Z', 'createdBy': '5c7b5d9f-c171-4004-a182-4277ffd4c9eb'}",29.75,33.56,2200.0,2199.74,24020116.0,0.0,0.24,22040109.0,1600.0,1600.04,21470060.0,1400.0,1399.39,22450138.0,1800.0,1799.71,22340093.0,0.0,442070.95,25.53,32.61,1008.75
0000000027-4125-asu-nz,0000000018-3024-oms-nz,CleaningCycle,2be98d50-2a59-4d82-955b-54fa72a23f06,b0d302bf-f0f3-4feb-821a-8083f454e883,1224.1253662109375,489037.84375,200000.765625,8133.68017578125,7134.4013671875,26005.380859375,184503.859375,180189.328125,235241.53125,70350.71875,129488.6796875,18641.455078125,275365.28125,5580.4931640625,19448.71484375,37228.55859375,258172.84375,52698.3671875,191005.328125,20306.4921875,6901.93115234375,13235.61328125,27594.537109375,45731.84375,2922024.25,357686.9375,1099431.0,3618155.5,11000462,5591.431640625,71453.875,123358392,51896364,21136.333984375,86320.859375,202254.203125,670926.125,4361.73291015625,2892028.0,1135990.0,63202.2265625,493091.96875,21340.28125,828529.25,701.1926879882812,449793.25,446011.96875,239871.09375,963694.3125,70172.40625,77614.0234375,17399.427734375,4161.6611328125,275862.375,15013.990234375,145868.203125,33080.7890625,405513.625,1104000.625,58604.59375,7258.2548828125,123083.921875,13545.5224609375,610097.8125,95370,33.970699310302734,35.582420349121094,0,0,0,0,0,0,0,0,0,0,0,1,0,0,0,0,0,0,0,False,UNKNOWN,0,0,0,0,201433254,24484,0,37.55587768554688,13,,,"{'Type': 'start', 'Data_Type': 'Synthetical', 'Protocol_name': 'ABGv5-5ppb-10RH-75ccm-Anthony-Q425', 'Trial_Details': {'RH': 0, 'group': 35, 'detail': 'N/A', 'trialnum': 23, 'TrialName': '10rh', 'identifier': 'srzyh', 'Concentration': 0}, 'Experiment_Rig': 'DA3'}",,2026-01-19 01:42:18.510,"{'cid': '50887afa-f28e-43cb-ad20-c4bac4e7cd08', 'uuid': '1a80a70c-0f7a-43e0-8452-e722c19a00b3', 'annotationId': '2be98d50-2a59-4d82-955b-54fa72a23f06', 'name': 'CleaningCycle', 'description': 'CleaningCycle', 'labels': 'CleaningCycle', 'metadata': {'Length': 30, 'Progress': 69, 'startTime': 1768786924226, 'Notification': 'Event CleaningCycle Started.'}, 'createdAt': '2026-01-19T01:42:04.473Z', 'createdBy': '5c7b5d9f-c171-4004-a182-4277ffd4c9eb'}",29.75,33.56,2200.0,2199.88,24020116.0,0.0,0.23,22040109.0,1600.0,1600.0,21470060.0,1400.0,1399.11,22450138.0,1800.0,1799.81,22340093.0,0.0,442457.12,25.53,32.61,1008.75
0000000027-4125-asu-nz,0000000018-3024-oms-nz,CleaningCycle,2be98d50-2a59-4d82-955b-54fa72a23f06,b0d302bf-f0f3-4feb-821a-8083f454e883,1222.8206787109375,489016.90625,199969.171875,8133.38330078125,7134.79638671875,26004.494140625,184447.734375,180182.140625,235249.515625,70275.6015625,129493.390625,18643.802734375,275871.34375,5572.66162109375,19449.515625,37232.17578125,258017.6875,52697.7109375,190981.8125,20306.76171875,6902.00439453125,13241.6708984375,27596.837890625,45736.23828125,2920242.75,358401.125,1099557.875,3616807.75,10988252,5591.07763671875,70721.578125,122637728,52029556,21129.884765625,86344.84375,202222.015625,671047.25,4362.30908203125,2891325.25,1137551.125,63186.0859375,493173.0625,21339.205078125,829353.125,700.8699951171875,450050.59375,446175.1875,239809.203125,963684.1875,70172.296875,77605.2109375,17393.40234375,4156.56005859375,275832.0,15017.451171875,146821.171875,33079.4140625,405555.4375,1104373.625,58603.75,7258.0380859375,123036.8046875,13544.8525390625,610932.4375,95671,34.05128479003906,35.66300582885742,0,0,0,0,0,0,0,0,0,0,0,1,0,0,0,0,0,0,0,False,UNKNOWN,0,0,0,0,201433254,24484,0,37.55587768554688,13,,,"{'Type': 'start', 'Data_Type': 'Synthetical', 'Protocol_name': 'ABGv5-5ppb-10RH-75ccm-Anthony-Q425', 'Trial_Details': {'RH': 0, 'group': 35, 'detail': 'N/A', 'trialnum': 23, 'TrialName': '10rh', 'identifier': 'srzyh', 'Concentration': 0}, 'Experiment_Rig': 'DA3'}",,2026-01-19 01:42:18.811,"{'cid': '50887afa-f28e-43cb-ad20-c4bac4e7cd08', 'uuid': '1a80a70c-0f7a-43e0-8452-e722c19a00b3', 'annotationId': '2be98d50-2a59-4d82-955b-54fa72a23f06', 'name': 'CleaningCycle', 'description': 'CleaningCycle', 'labels': 'CleaningCycle', 'metadata': {'Length': 30, 'Progress': 69, 'startTime': 1768786924226, 'Notification': 'Event CleaningCycle Started.'}, 'createdAt': '2026-01-19T01:42:04.473Z', 'createdBy': '5c7b5d9f-c171-4004-a182-4277ffd4c9eb'}",29.75,33.55,2200.0,2200.02,24020116.0,0.0,0.26,22040109.0,1600.0,1599.45,21470060.0,1400.0,1399.06,22450138.0,1800.0,1800.03,22340093.0,0.0,442905.27,25.54,32.61,1008.75
0000000027-4125-asu-nz,0000000018-3024-oms-nz,CleaningCycle,2be98d50-2a59-4d82-955b-54fa72a23f06,b0d302bf-f0f3-4feb-821a-8083f454e883,1223.48388671875,489113.53125,199980.3125,8133.3232421875,7134.66845703125,26003.634765625,184468.859375,180150.609375,235324.6875,70291.1875,129500.734375,18643.640625,277433.9375,5571.35205078125,19450.23828125,37233.26171875,258275.96875,52716.02734375,191808.078125,20307.8203125,6902.29345703125,13240.6298828125,27598.369140625,45737.8046875,2920388.25,358176.90625,1096524.75,3614001.0,10976548,5592.53759765625,70864.7109375,122010288,52240596,21132.63671875,86342.1171875,202216.75,671174.1875,4362.1484375,2896489.5,1137510.125,63185.76953125,493257.4375,21341.7578125,829544.25,701.515380859375,449723.8125,446293.03125,239779.0625,963016.4375,70131.140625,77596.109375,17399.71875,4152.97802734375,275830.375,15015.365234375,146845.625,33080.734375,405558.21875,1104225.75,58606.703125,7258.5986328125,123076.078125,13544.98828125,611184.6875,95972,33.80952835083008,35.66300582885742,0,0,0,0,0,0,0,0,0,0,0,1,0,0,0,0,0,0,0,False,UNKNOWN,0,0,0,0,201433254,24484,0,37.55587768554688,13,,,"{'Type': 'start', 'Data_Type': 'Synthetical', 'Protocol_name': 'ABGv5-5ppb-10RH-75ccm-Anthony-Q425', 'Trial_Details': {'RH': 0, 'group': 35, 'detail': 'N/A', 'trialnum': 23, 'TrialName': '10rh', 'identifier': 'srzyh', 'Concentration': 0}, 'Experiment_Rig': 'DA3'}",,2026-01-19 01:42:19.111,"{'cid': '50887afa-f28e-43cb-ad20-c4bac4e7cd08', 'uuid': '1a80a70c-0f7a-43e0-8452-e722c19a00b3', 'annotationId': '2be98d50-2a59-4d82-955b-54fa72a23f06', 'name': 'CleaningCycle', 'description': 'CleaningCycle', 'labels': 'CleaningCycle', 'metadata': {'Length': 30, 'Progress': 69, 'startTime': 1768786924226, 'Notification': 'Event CleaningCycle Started.'}, 'createdAt': '2026-01-19T01:42:04.473Z', 'createdBy': '5c7b5d9f-c171-4004-a182-4277ffd4c9eb'}",29.76,33.55,2200.0,2200.16,24020116.0,0.0,0.29,22040109.0,1600.0,1598.9,21470060.0,1400.0,1399.01,22450138.0,1800.0,1800.24,22340093.0,0.0,443351.94,25.55,32.61,1008.74
0000000027-4125-asu-nz,0000000018-3024-oms-nz,CleaningCycle,2be98d50-2a59-4d82-955b-54fa72a23f06,b0d302bf-f0f3-4feb-821a-8083f454e883,1222.28125,488934.3125,199959.28125,8133.6923828125,7135.01708984375,26002.958984375,184406.1875,180161.796875,235145.375,70292.0546875,129506.5859375,18642.94140625,276337.0625,5592.85400390625,19450.72265625,37237.99609375,258200.359375,52707.27734375,191770.859375,20308.029296875,6902.43408203125,13230.14453125,27598.5859375,45737.7421875,2920816.25,359149.84375,1095977.625,3614905.75,10974897,5591.52294921875,70095.703125,121825832,52491488,21134.001953125,86336.4765625,202229.359375,671251.9375,4362.08984375,2898651.25,1139031.875,63185.72265625,492885.34375,21341.791015625,829047.1875,701.2841796875,449461.65625,446457.09375,239760.640625,962130.0,70161.90625,77615.6328125,17394.923828125,4145.8623046875,276190.625,15029.2314453125,147238.421875,33084.50390625,405519.375,1104616.875,58605.4140625,7258.96875,122959.8203125,13549.1201171875,610943.5625,96273,33.80952835083008,35.582420349121094,0,0,0,0,0,0,0,0,0,0,0,1,0,0,0,0,0,0,0,False,UNKNOWN,0,0,0,0,201433254,24484,0,37.55587768554688,13,,,"{'Type': 'start', 'Data_Type': 'Synthetical', 'Protocol_name': 'ABGv5-5ppb-10RH-75ccm-Anthony-Q425', 'Trial_Details': {'RH': 0, 'group': 35, 'detail': 'N/A', 'trialnum': 23, 'TrialName': '10rh', 'identifier': 'srzyh', 'Concentration': 0}, 'Experiment_Rig': 'DA3'}",,2026-01-19 01:42:19.414,"{'cid': '50887afa-f28e-43cb-ad20-c4bac4e7cd08', 'uuid': '1a80a70c-0f7a-43e0-8452-e722c19a00b3', 'annotationId': '2be98d50-2a59-4d82-955b-54fa72a23f06', 'name': 'CleaningCycle', 'description': 'CleaningCycle', 'labels': 'CleaningCycle', 'metadata': {'Length': 30, 'Progress': 69, 'startTime': 1768786924226, 'Notification': 'Event CleaningCycle Started.'}, 'createdAt': '2026-01-19T01:42:04.473Z', 'createdBy': '5c7b5d9f-c171-4004-a182-4277ffd4c9eb'}",29.76,33.54,2200.0,2200.31,24020116.0,0.0,0.32,22040109.0,1600.0,1598.35,21470060.0,1400.0,1398.96,22450138.0,1800.0,1800.46,22340093.0,0.0,443710.56,25.55,32.61,1008.74
0000000027-4125-asu-nz,0000000018-3024-oms-nz,CleaningCycle,2be98d50-2a59-4d82-955b-54fa72a23f06,b0d302bf-f0f3-4feb-821a-8083f454e883,1221.60498046875,488928.125,199974.46875,8133.7392578125,7134.98828125,26004.88671875,184456.765625,180158.828125,235382.46875,70174.625,129509.421875,18642.193359375,275501.71875,5600.4072265625,19449.908203125,37242.93359375,257678.296875,52695.03125,190973.953125,20313.4296875,6902.0947265625,13244.478515625,27600.5234375,45739.703125,2923414.0,357491.53125,1097144.0,3616819.75,10980850,5591.70263671875,70491.390625,121929352,52764972,21136.525390625,86322.828125,202191.8125,671313.3125,4362.9931640625,2900752.25,1138686.25,63189.01953125,492900.625,21342.55859375,828934.875,701.5084228515625,449357.21875,446609.125,239778.046875,961100.375,70170.2421875,77593.3984375,17396.25,4143.70751953125,275977.4375,15014.6875,147184.390625,33078.40234375,405263.375,1103903.375,58603.3828125,7258.46826171875,123193.0390625,13541.2724609375,611031.6875,96574,33.970699310302734,35.743595123291016,0,0,0,0,0,0,0,0,0,0,0,1,0,0,0,0,0,0,0,False,UNKNOWN,0,0,0,0,201433254,24484,0,37.55587768554688,13,,,"{'Type': 'start', 'Data_Type': 'Synthetical', 'Protocol_name': 'ABGv5-5ppb-10RH-75ccm-Anthony-Q425', 'Trial_Details': {'RH': 0, 'group': 35, 'detail': 'N/A', 'trialnum': 23, 'TrialName': '10rh', 'identifier': 'srzyh', 'Concentration': 0}, 'Experiment_Rig': 'DA3'}",,2026-01-19 01:42:19.713,"{'cid': '50887afa-f28e-43cb-ad20-c4bac4e7cd08', 'uuid': '1a80a70c-0f7a-43e0-8452-e722c19a00b3', 'annotationId': '2be98d50-2a59-4d82-955b-54fa72a23f06', 'name': 'CleaningCycle', 'description': 'CleaningCycle', 'labels': 'CleaningCycle', 'metadata': {'Length': 30, 'Progress': 69, 'startTime': 1768786924226, 'Notification': 'Event CleaningCycle Started.'}, 'createdAt': '2026-01-19T01:42:04.473Z', 'createdBy': '5c7b5d9f-c171-4004-a182-4277ffd4c9eb'}",29.76,33.54,2200.0,2199.84,24020116.0,0.0,0.29,22040109.0,1600.0,1599.17,21470060.0,1400.0,1399.36,22450138.0,1800.0,1800.82,22340093.0,0.0,442898.44,25.55,32.61,1008.74
0000000027-4125-asu-nz,0000000018-3024-oms-nz,CleaningCycle,2be98d50-2a59-4d82-955b-54fa72a23f06,b0d302bf-f0f3-4feb-821a-8083f454e883,1223.098876953125,488887.34375,200006.796875,8133.92578125,7134.99462890625,26004.8984375,184466.640625,180191.78125,235582.25,70279.8671875,129527.640625,18642.41015625,275645.21875,5613.83251953125,19449.59375,37244.0625,258002.640625,52706.95703125,191405.84375,20310.212890625,6902.40185546875,13248.01171875,27601.490234375,45739.83984375,2926223.5,357260.75,1095110.125,3619901.5,10988631,5592.35400390625,69835.546875,122279072,53010828,21137.755859375,86340.9921875,202199.484375,671389.625,4361.95361328125,2900939.5,1137123.375,63191.671875,492587.46875,21337.794921875,827426.375,701.1242065429688,449552.0,446556.625,239762.6875,960047.875,70139.3046875,77583.171875,17394.546875,4154.0,274800.21875,15046.61328125,147213.203125,33075.44140625,405258.40625,1103586.25,58595.79296875,7257.58203125,123041.4765625,13556.2529296875,610357.625,96875,33.970699310302734,35.66300582885742,0,0,0,0,0,0,0,0,0,0,0,1,0,0,0,0,0,0,0,False,UNKNOWN,0,0,0,0,201433254,24484,0,37.55587768554688,13,,,"{'Type': 'start', 'Data_Type': 'Synthetical', 'Protocol_name': 'ABGv5-5ppb-10RH-75ccm-Anthony-Q425', 'Trial_Details': {'RH': 0, 'group': 35, 'detail': 'N/A', 'trialnum': 23, 'TrialName': '10rh', 'identifier': 'srzyh', 'Concentration': 0}, 'Experiment_Rig': 'DA3'}",,2026-01-19 01:42:20.014,"{'cid': '50887afa-f28e-43cb-ad20-c4bac4e7cd08', 'uuid': '1a80a70c-0f7a-43e0-8452-e722c19a00b3', 'annotationId': '2be98d50-2a59-4d82-955b-54fa72a23f06', 'name': 'CleaningCycle', 'description': 'CleaningCycle', 'labels': 'CleaningCycle', 'metadata': {'Length': 30, 'Progress': 69, 'startTime': 1768786924226, 'Notification': 'Event CleaningCycle Started.'}, 'createdAt': '2026-01-19T01:42:04.473Z', 'createdBy': '5c7b5d9f-c171-4004-a182-4277ffd4c9eb'}",29.75,33.53,2200.0,2199.31,24020116.0,0.0,0.25,22040109.0,1600.0,1600.08,21470060.0,1400.0,1399.79,22450138.0,1800.0,1801.2,22340093.0,0.0,442080.89,25.56,32.61,1008.74
0000000027-4125-asu-nz,0000000018-3024-oms-nz,CleaningCycle,2be98d50-2a59-4d82-955b-54fa72a23f06,b0d302bf-f0f3-4feb-821a-8083f454e883,1222.7786865234375,489573.375,200035.53125,8133.96728515625,7135.05810546875,26006.87109375,184517.140625,180222.53125,235875.484375,70283.90625,129547.9921875,18644.265625,275766.4375,5603.28955078125,19448.20703125,37245.04296875,257748.15625,52703.59375,191041.890625,20303.736328125,6902.2314453125,13257.390625,27602.037109375,45737.2109375,2927915.25,357869.25,1094778.25,3621896.0,11001434,5592.19677734375,70325.109375,122849776,53193332,21134.224609375,86339.4765625,202210.546875,671280.875,4363.06103515625,2903390.5,1135316.0,63196.03515625,492604.6875,21338.7109375,827244.4375,701.2747192382812,449623.90625,446151.15625,239775.96875,959345.1875,70150.59375,77617.6953125,17398.587890625,4148.37646484375,274305.5,15022.8603515625,146609.84375,33074.47265625,405216.875,1102717.0,58594.46484375,7257.65625,123245.8828125,13549.6630859375,609825.9375,97176,33.970699310302734,35.66300582885742,0,0,0,0,0,0,0,0,0,0,0,1,0,0,0,0,0,0,0,False,UNKNOWN,0,0,0,0,201433254,24484,0,37.55587768554688,13,,,"{'Type': 'start', 'Data_Type': 'Synthetical', 'Protocol_name': 'ABGv5-5ppb-10RH-75ccm-Anthony-Q425', 'Trial_Details': {'RH': 0, 'group': 35, 'detail': 'N/A', 'trialnum': 23, 'TrialName': '10rh', 'identifier': 'srzyh', 'Concentration': 0}, 'Experiment_Rig': 'DA3'}",,2026-01-19 01:42:20.316,"{'cid': '50887afa-f28e-43cb-ad20-c4bac4e7cd08', 'uuid': '1a80a70c-0f7a-43e0-8452-e722c19a00b3', 'annotationId': '2be98d50-2a59-4d82-955b-54fa72a23f06', 'name': 'CleaningCycle', 'description': 'CleaningCycle', 'labels': 'CleaningCycle', 'metadata': {'Length': 30, 'Progress': 69, 'startTime': 1768786924226, 'Notification': 'Event CleaningCycle Started.'}, 'createdAt': '2026-01-19T01:42:04.473Z', 'createdBy': '5c7b5d9f-c171-4004-a182-4277ffd4c9eb'}",29.75,33.53,2200.0,2198.79,24020116.0,0.0,0.22,22040109.0,1600.0,1600.99,21470060.0,1400.0,1400.22,22450138.0,1800.0,1801.59,22340093.0,0.0,441260.63,25.56,32.61,1008.74
0000000027-4125-asu-nz,0000000018-3024-oms-nz,CleaningCycle,2be98d50-2a59-4d82-955b-54fa72a23f06,b0d302bf-f0f3-4feb-821a-8083f454e883,1223.3497314453125,488339.09375,200102.234375,8134.068359375,7135.97216796875,26008.490234375,184628.375,180236.65625,235538.890625,70319.578125,129552.1015625,18642.970703125,276517.1875,5598.36865234375,19449.001953125,37250.078125,258027.703125,52707.91796875,190518.953125,20313.119140625,6902.72021484375,13238.431640625,27601.11328125,45742.703125,2930683.5,358629.8125,1094522.25,3623578.5,11018958,5592.09716796875,69189.390625,123850848,53280984,21142.98046875,86322.8203125,202193.40625,671025.5,4362.98681640625,2909716.75,1134493.875,63197.1953125,492409.8125,21340.74609375,826779.375,701.6179809570312,450012.53125,446160.5,239801.1875,958842.5,70172.4296875,77607.2421875,17399.537109375,4148.61669921875,274131.59375,14999.9462890625,147305.46875,33075.0,405185.125,1101796.25,58582.890625,7259.1787109375,123059.65625,13550.1767578125,609738.5625,97477,33.890113830566406,35.66300582885742,0,0,0,0,0,0,0,0,0,0,0,1,0,0,0,0,0,0,0,False,UNKNOWN,0,0,0,0,201433254,24484,0,37.55587768554688,13,,,"{'Type': 'start', 'Data_Type': 'Synthetical', 'Protocol_name': 'ABGv5-5ppb-10RH-75ccm-Anthony-Q425', 'Trial_Details': {'RH': 0, 'group': 35, 'detail': 'N/A', 'trialnum': 23, 'TrialName': '10rh', 'identifier': 'srzyh', 'Concentration': 0}, 'Experiment_Rig': 'DA3'}",,2026-01-19 01:42:20.616,"{'cid': '50887afa-f28e-43cb-ad20-c4bac4e7cd08', 'uuid': '1a80a70c-0f7a-43e0-8452-e722c19a00b3', 'annotationId': '2be98d50-2a59-4d82-955b-54fa72a23f06', 'name': 'CleaningCycle', 'description': 'CleaningCycle', 'labels': 'CleaningCycle', 'metadata': {'Length': 30, 'Progress': 69, 'startTime': 1768786924226, 'Notification': 'Event CleaningCycle Started.'}, 'createdAt': '2026-01-19T01:42:04.473Z', 'createdBy': '5c7b5d9f-c171-4004-a182-4277ffd4c9eb'}",29.75,33.53,2200.0,2198.87,24020116.0,0.0,0.2,22040109.0,1600.0,1601.09,21470060.0,1400.0,1400.5,22450138.0,1800.0,1801.47,22340093.0,0.0,440751.73,25.56,32.61,1008.74
0000000027-4125-asu-nz,0000000018-3024-oms-nz,CleaningCycle,2be98d50-2a59-4d82-955b-54fa72a23f06,b0d302bf-f0f3-4feb-821a-8083f454e883,1224.29345703125,487007.1875,200105.53125,8133.5712890625,7135.92529296875,26011.279296875,184593.671875,180282.609375,235619.78125,70302.703125,129557.5,18642.587890625,276324.875,5590.12939453125,19449.47265625,37239.76171875,257914.109375,52705.0625,190367.0,20311.38671875,6903.17626953125,13238.4140625,27603.458984375,45744.19140625,2933648.0,358529.34375,1094850.375,3624743.25,11031686,5590.5439453125,69033.09375,124562272,53258928,21137.220703125,86335.015625,202156.015625,670858.75,4364.11865234375,2910546.75,1133938.375,63203.55078125,493000.65625,21341.357421875,826930.5,701.8174438476562,449905.875,446234.59375,239842.296875,958495.0625,70156.28125,77555.8359375,17396.123046875,4148.4658203125,275910.03125,15022.3505859375,146854.359375,33078.640625,405236.625,1101087.75,58593.44140625,7258.8896484375,123116.5625,13549.3837890625,610151.625,97778,33.970699310302734,35.743595123291016,0,0,0,0,0,0,0,0,0,0,0,1,0,0,0,0,0,0,0,False,UNKNOWN,0,0,0,0,201433254,24484,0,37.55587768554688,13,,,"{'Type': 'start', 'Data_Type': 'Synthetical', 'Protocol_name': 'ABGv5-5ppb-10RH-75ccm-Anthony-Q425', 'Trial_Details': {'RH': 0, 'group': 35, 'detail': 'N/A', 'trialnum': 23, 'TrialName': '10rh', 'identifier': 'srzyh', 'Concentration': 0}, 'Experiment_Rig': 'DA3'}",,2026-01-19 01:42:20.919,"{'cid': '50887afa-f28e-43cb-ad20-c4bac4e7cd08', 'uuid': '1a80a70c-0f7a-43e0-8452-e722c19a00b3', 'annotationId': '2be98d50-2a59-4d82-955b-54fa72a23f06', 'name': 'CleaningCycle', 'description': 'CleaningCycle', 'labels': 'CleaningCycle', 'metadata': {'Length': 30, 'Progress': 69, 'startTime': 1768786924226, 'Notification': 'Event CleaningCycle Started.'}, 'createdAt': '2026-01-19T01:42:04.473Z', 'createdBy': '5c7b5d9f-c171-4004-a182-4277ffd4c9eb'}",29.75,33.54,2200.0,2199.42,24020116.0,0.0,0.2,22040109.0,1600.0,1600.64,21470060.0,1400.0,1400.67,22450138.0,1800.0,1800.95,22340093.0,0.0,441377.12,25.57,32.61,1008.75
0000000027-4125-asu-nz,0000000018-3024-oms-nz,CleaningCycle,2be98d50-2a59-4d82-955b-54fa72a23f06,b0d302bf-f0f3-4feb-821a-8083f454e883,1223.3682861328125,487891.4375,200175.734375,8133.80859375,7136.08251953125,26012.498046875,184592.9375,180281.203125,235633.875,70293.125,129551.578125,18643.111328125,274436.59375,5587.7177734375,19444.921875,37244.62109375,257646.421875,52692.5078125,190769.171875,20319.685546875,6902.90625,13244.0771484375,27601.546875,45734.1953125,2932828.25,358490.71875,1095232.75,3624147.75,11058096,5591.0654296875,69741.6328125,126421560,53135628,21135.14453125,86335.8515625,202145.75,670748.6875,4363.68896484375,2908399.75,1135637.25,63205.7734375,493197.3125,21343.619140625,827699.875,701.7260131835938,449865.46875,446528.875,239857.3125,958504.25,70151.84375,77577.8515625,17396.5625,4148.81298828125,276069.25,15027.296875,146886.234375,33073.484375,405108.96875,1101090.625,58591.29296875,7258.4736328125,122949.03125,13552.1123046875,609995.25,98081,33.80952835083008,35.66300582885742,0,0,0,0,0,0,0,0,0,0,0,1,0,0,0,0,0,0,0,False,UNKNOWN,0,0,0,0,201433254,24484,0,37.55587768554688,13,,,"{'Type': 'start', 'Data_Type': 'Synthetical', 'Protocol_name': 'ABGv5-5ppb-10RH-75ccm-Anthony-Q425', 'Trial_Details': {'RH': 0, 'group': 35, 'detail': 'N/A', 'trialnum': 23, 'TrialName': '10rh', 'identifier': 'srzyh', 'Concentration': 0}, 'Experiment_Rig': 'DA3'}",,2026-01-19 01:42:21.220,"{'cid': '50887afa-f28e-43cb-ad20-c4bac4e7cd08', 'uuid': '1a80a70c-0f7a-43e0-8452-e722c19a00b3', 'annotationId': '2be98d50-2a59-4d82-955b-54fa72a23f06', 'name': 'CleaningCycle', 'description': 'CleaningCycle', 'labels': 'CleaningCycle', 'metadata': {'Length': 30, 'Progress': 69, 'startTime': 1768786924226, 'Notification': 'Event CleaningCycle Started.'}, 'createdAt': '2026-01-19T01:42:04.473Z', 'createdBy': '5c7b5d9f-c171-4004-a182-4277ffd4c9eb'}",29.75,33.55,2200.0,2199.97,24020116.0,0.0,0.19,22040109.0,1600.0,1600.18,21470060.0,1400.0,1400.83,22450138.0,1800.0,1800.42,22340093.0,0.0,441998.39,25.57,32.61,1008.76
0000000027-4125-asu-nz,0000000018-3024-oms-nz,CleaningCycle,2be98d50-2a59-4d82-955b-54fa72a23f06,b0d302bf-f0f3-4feb-821a-8083f454e883,1223.8731689453125,488138.4375,200148.46875,8133.79931640625,7135.50439453125,26011.841796875,184561.703125,180277.6875,235442.78125,70256.4765625,129556.265625,18643.970703125,276002.625,5571.14794921875,19449.7890625,37239.3125,257810.921875,52690.90625,190963.5625,20311.482421875,6902.57177734375,13248.5732421875,27601.599609375,45730.4921875,2935907.75,358201.0,1092865.125,3624985.75,11066147,5591.5673828125,71624.859375,126933272,52924536,21136.392578125,86323.28125,202132.125,670624.8125,4363.62158203125,2905276.0,1135560.5,63213.1640625,493376.03125,21344.96484375,827620.0,702.3717651367188,450215.15625,446843.90625,239914.015625,959186.6875,70175.8671875,77597.7890625,17395.349609375,4147.2763671875,276361.4375,15030.3701171875,147128.203125,33074.5625,405055.34375,1100962.25,58590.8515625,7258.51513671875,123201.1328125,13545.828125,610047.0,98380,33.80952835083008,35.582420349121094,0,0,0,0,0,0,0,0,0,0,0,1,0,0,0,0,0,0,0,False,UNKNOWN,0,0,0,0,201433254,24484,0,37.55587768554688,13,,,"{'Type': 'start', 'Data_Type': 'Synthetical', 'Protocol_name': 'ABGv5-5ppb-10RH-75ccm-Anthony-Q425', 'Trial_Details': {'RH': 0, 'group': 35, 'detail': 'N/A', 'trialnum': 23, 'TrialName': '10rh', 'identifier': 'srzyh', 'Concentration': 0}, 'Experiment_Rig': 'DA3'}",,2026-01-19 01:42:21.520,"{'cid': '50887afa-f28e-43cb-ad20-c4bac4e7cd08', 'uuid': '1a80a70c-0f7a-43e0-8452-e722c19a00b3', 'annotationId': '2be98d50-2a59-4d82-955b-54fa72a23f06', 'name': 'CleaningCycle', 'description': 'CleaningCycle', 'labels': 'CleaningCycle', 'metadata': {'Length': 30, 'Progress': 69, 'startTime': 1768786924226, 'Notification': 'Event CleaningCycle Started.'}, 'createdAt': '2026-01-19T01:42:04.473Z', 'createdBy': '5c7b5d9f-c171-4004-a182-4277ffd4c9eb'}",29.75,33.56,2200.0,2200.52,24020116.0,0.0,0.19,22040109.0,1600.0,1599.87,21470060.0,1400.0,1400.86,22450138.0,1800.0,1799.96,22340093.0,0.0,442617.6,25.58,32.61,1008.77
0000000027-4125-asu-nz,0000000018-3024-oms-nz,CleaningCycle,2be98d50-2a59-4d82-955b-54fa72a23f06,b0d302bf-f0f3-4feb-821a-8083f454e883,1224.262451171875,488036.4375,200152.15625,8133.91552734375,7135.62451171875,26011.76171875,184577.078125,180284.859375,235746.0,70237.0859375,129558.203125,18643.208984375,276545.0,5609.7578125,19448.1328125,37243.3671875,257976.671875,52682.9375,191817.859375,20309.4609375,6901.63427734375,13227.1162109375,27599.966796875,45729.2421875,2935929.5,358247.125,1095263.875,3624976.75,11069114,5591.3134765625,71495.8125,127332384,52663488,21137.421875,86330.3125,202085.359375,670645.3125,4363.83544921875,2904740.5,1134638.5,63212.08984375,493229.6875,21345.259765625,827367.5,702.1641235351562,449913.5,446526.90625,239914.921875,960198.75,70197.4765625,77578.03125,17397.3125,4149.24755859375,275811.96875,15041.181640625,147695.75,33073.46875,405040.75,1100811.25,58597.17578125,7258.6669921875,123305.953125,13557.4033203125,609726.0,98681,33.970699310302734,35.66300582885742,0,0,0,0,0,0,0,0,0,0,0,1,0,0,0,0,0,0,0,False,UNKNOWN,0,0,0,0,201433254,24484,0,37.55587768554688,13,,,"{'Type': 'start', 'Data_Type': 'Synthetical', 'Protocol_name': 'ABGv5-5ppb-10RH-75ccm-Anthony-Q425', 'Trial_Details': {'RH': 0, 'group': 35, 'detail': 'N/A', 'trialnum': 23, 'TrialName': '10rh', 'identifier': 'srzyh', 'Concentration': 0}, 'Experiment_Rig': 'DA3'}",,2026-01-19 01:42:21.821,"{'cid': '50887afa-f28e-43cb-ad20-c4bac4e7cd08', 'uuid': '1a80a70c-0f7a-43e0-8452-e722c19a00b3', 'annotationId': '2be98d50-2a59-4d82-955b-54fa72a23f06', 'name': 'CleaningCycle', 'description': 'CleaningCycle', 'labels': 'CleaningCycle', 'metadata': {'Length': 30, 'Progress': 69, 'startTime': 1768786924226, 'Notification': 'Event CleaningCycle Started.'}, 'createdAt': '2026-01-19T01:42:04.473Z', 'createdBy': '5c7b5d9f-c171-4004-a182-4277ffd4c9eb'}",29.76,33.56,2200.0,2201.07,24020116.0,0.0,0.19,22040109.0,1600.0,1600.02,21470060.0,1400.0,1400.43,22450138.0,1800.0,1799.74,22340093.0,0.0,442588.33,25.58,32.61,1008.76
0000000027-4125-asu-nz,0000000018-3024-oms-nz,CleaningCycle,2be98d50-2a59-4d82-955b-54fa72a23f06,b0d302bf-f0f3-4feb-821a-8083f454e883,1224.1729736328125,488356.9375,200125.3125,8133.84814453125,7134.89697265625,26009.8984375,184592.203125,180272.15625,235576.015625,70333.3203125,129535.640625,18644.3359375,275876.0625,5577.29541015625,19450.8515625,37239.55078125,257638.578125,52672.08984375,191449.71875,20311.962890625,6902.21240234375,13240.9091796875,27600.03515625,45731.51953125,2933310.25,358048.9375,1093862.0,3624162.0,11068556,5591.83740234375,70563.21875,127208280,52378124,21144.61328125,86329.703125,202071.234375,670646.125,4364.17333984375,2905007.5,1134457.25,63215.3671875,493334.1875,21343.96875,828437.8125,702.012939453125,449812.125,446634.46875,239919.609375,961337.4375,70174.4921875,77561.21875,17393.23046875,4143.12353515625,276301.46875,15046.1875,147433.125,33078.3828125,405084.21875,1101211.875,58587.55078125,7258.36376953125,123410.84375,13555.0400390625,609088.5,98982,33.890113830566406,35.501834869384766,0,0,0,0,0,0,0,0,0,0,0,1,0,0,0,0,0,0,0,False,UNKNOWN,0,0,0,0,201433254,24484,0,37.55587768554688,13,,,"{'Type': 'start', 'Data_Type': 'Synthetical', 'Protocol_name': 'ABGv5-5ppb-10RH-75ccm-Anthony-Q425', 'Trial_Details': {'RH': 0, 'group': 35, 'detail': 'N/A', 'trialnum': 23, 'TrialName': '10rh', 'identifier': 'srzyh', 'Concentration': 0}, 'Experiment_Rig': 'DA3'}",,2026-01-19 01:42:22.122,"{'cid': '50887afa-f28e-43cb-ad20-c4bac4e7cd08', 'uuid': '1a80a70c-0f7a-43e0-8452-e722c19a00b3', 'annotationId': '2be98d50-2a59-4d82-955b-54fa72a23f06', 'name': 'CleaningCycle', 'description': 'CleaningCycle', 'labels': 'CleaningCycle', 'metadata': {'Length': 30, 'Progress': 69, 'startTime': 1768786924226, 'Notification': 'Event CleaningCycle Started.'}, 'createdAt': '2026-01-19T01:42:04.473Z', 'createdBy': '5c7b5d9f-c171-4004-a182-4277ffd4c9eb'}",29.76,33.55,2200.0,2201.62,24020116.0,0.0,0.18,22040109.0,1600.0,1600.16,21470060.0,1400.0,1400.0,22450138.0,1800.0,1799.53,22340093.0,0.0,441993.37,25.57,32.61,1008.75
0000000027-4125-asu-nz,0000000018-3024-oms-nz,CleaningCycle,2be98d50-2a59-4d82-955b-54fa72a23f06,b0d302bf-f0f3-4feb-821a-8083f454e883,1223.5828857421875,488035.25,200050.6875,8133.591796875,7135.4833984375,26007.486328125,184630.484375,180221.59375,235642.484375,70312.2578125,129499.8984375,18642.759765625,276311.5,5569.45849609375,19451.3125,37235.40625,257782.84375,52683.9921875,191914.796875,20321.578125,6902.8740234375,13246.4580078125,27601.751953125,45732.35546875,2929185.0,358819.84375,1094971.0,3623302.25,11071401,5592.2255859375,70514.6875,127552808,52131740,21142.359375,86309.984375,202097.84375,670641.3125,4363.33349609375,2903938.5,1133156.125,63215.78125,493464.5625,21341.916015625,828117.4375,701.8530883789062,450094.78125,446168.03125,239919.234375,962231.9375,70157.296875,77587.0390625,17394.130859375,4138.7734375,276323.34375,15041.1318359375,146979.296875,33080.2578125,404991.90625,1101967.5,58606.6015625,7258.21533203125,123273.421875,13552.515625,607634.0,99285,33.80952835083008,35.501834869384766,0,0,0,0,0,0,0,0,0,0,0,1,0,0,0,0,0,0,0,False,UNKNOWN,0,0,0,0,201433254,24484,0,37.55587768554688,13,,,"{'Type': 'start', 'Data_Type': 'Synthetical', 'Protocol_name': 'ABGv5-5ppb-10RH-75ccm-Anthony-Q425', 'Trial_Details': {'RH': 0, 'group': 35, 'detail': 'N/A', 'trialnum': 23, 'TrialName': '10rh', 'identifier': 'srzyh', 'Concentration': 0}, 'Experiment_Rig': 'DA3'}",,2026-01-19 01:42:22.426,"{'cid': '50887afa-f28e-43cb-ad20-c4bac4e7cd08', 'uuid': '1a80a70c-0f7a-43e0-8452-e722c19a00b3', 'annotationId': '2be98d50-2a59-4d82-955b-54fa72a23f06', 'name': 'CleaningCycle', 'description': 'CleaningCycle', 'labels': 'CleaningCycle', 'metadata': {'Length': 30, 'Progress': 69, 'startTime': 1768786924226, 'Notification': 'Event CleaningCycle Started.'}, 'createdAt': '2026-01-19T01:42:04.473Z', 'createdBy': '5c7b5d9f-c171-4004-a182-4277ffd4c9eb'}",29.77,33.55,2200.0,2202.17,24020116.0,0.0,0.18,22040109.0,1600.0,1600.31,21470060.0,1400.0,1399.57,22450138.0,1800.0,1799.31,22340093.0,0.0,441392.48,25.56,32.61,1008.74
0000000027-4125-asu-nz,0000000018-3024-oms-nz,CleaningCycle,2be98d50-2a59-4d82-955b-54fa72a23f06,b0d302bf-f0f3-4feb-821a-8083f454e883,1224.297607421875,488186.875,200069.765625,8133.66455078125,7135.45458984375,26009.560546875,184603.84375,180219.9375,235511.65625,70259.4296875,129509.78125,18641.857421875,278024.0625,5549.716796875,19452.197265625,37229.91796875,257442.171875,52689.765625,191364.890625,20309.236328125,6902.2314453125,13249.72265625,27601.83203125,45731.29296875,2926269.5,358401.71875,1094404.5,3622368.25,11056019,5592.0595703125,70362.328125,126820600,51961412,21144.974609375,86305.8125,202100.234375,670717.5625,4363.43408203125,2901886.0,1134363.375,63207.0546875,493473.71875,21348.29296875,827982.3125,701.73583984375,450100.375,446397.625,239917.75,962887.0,70229.484375,77645.2890625,17401.060546875,4148.46728515625,275949.0,15011.115234375,147194.5,33084.51953125,405368.03125,1103046.125,58598.04296875,7258.8134765625,123212.7578125,13547.16796875,608814.75,99584,33.970699310302734,35.582420349121094,0,0,0,0,0,0,0,0,0,0,0,1,0,0,0,0,0,0,0,False,UNKNOWN,0,0,0,0,201438288,24484,0,38.21332550048828,13,,,"{'Type': 'start', 'Data_Type': 'Synthetical', 'Protocol_name': 'ABGv5-5ppb-10RH-75ccm-Anthony-Q425', 'Trial_Details': {'RH': 0, 'group': 35, 'detail': 'N/A', 'trialnum': 23, 'TrialName': '10rh', 'identifier': 'srzyh', 'Concentration': 0}, 'Experiment_Rig': 'DA3'}",,2026-01-19 01:42:22.723,"{'cid': '50887afa-f28e-43cb-ad20-c4bac4e7cd08', 'uuid': '1a80a70c-0f7a-43e0-8452-e722c19a00b3', 'annotationId': '2be98d50-2a59-4d82-955b-54fa72a23f06', 'name': 'CleaningCycle', 'description': 'CleaningCycle', 'labels': 'CleaningCycle', 'metadata': {'Length': 30, 'Progress': 69, 'startTime': 1768786924226, 'Notification': 'Event CleaningCycle Started.'}, 'createdAt': '2026-01-19T01:42:04.473Z', 'createdBy': '5c7b5d9f-c171-4004-a182-4277ffd4c9eb'}",29.77,33.55,2200.0,2201.72,24020116.0,0.0,0.16,22040109.0,1600.0,1600.11,21470060.0,1400.0,1399.73,22450138.0,1800.0,1799.2,22340093.0,0.0,440805.43,25.55,32.61,1008.72
0000000027-4125-asu-nz,0000000018-3024-oms-nz,CleaningCycle,2be98d50-2a59-4d82-955b-54fa72a23f06,b0d302bf-f0f3-4feb-821a-8083f454e883,1224.4102783203125,487860.40625,200046.484375,8134.13427734375,7135.3544921875,26006.630859375,184543.21875,180221.625,235560.5625,70291.1640625,129499.4609375,18642.044921875,278860.71875,5580.736328125,19451.5234375,37235.96875,257867.265625,52696.76953125,192125.3125,20314.046875,6902.3330078125,13234.4365234375,27604.978515625,45736.07421875,2923722.5,357330.59375,1094586.375,3620673.0,11049898,5592.26708984375,69506.5859375,126195608,51894304,21140.037109375,86358.7421875,202127.640625,670894.0,4364.0361328125,2902159.5,1135359.625,63208.02734375,493505.8125,21345.69921875,827881.75,702.023681640625,450059.65625,446293.59375,239894.890625,963127.5625,70195.875,77639.171875,17401.43359375,4139.21240234375,274884.3125,15015.4208984375,147861.96875,33085.046875,405366.71875,1103453.625,58604.25390625,7259.48095703125,123363.515625,13548.83984375,609635.75,99885,33.970699310302734,35.582420349121094,0,0,0,0,0,0,0,0,0,0,0,1,0,0,0,0,0,0,0,False,UNKNOWN,0,0,0,0,201438288,24484,0,38.21332550048828,13,,,"{'Type': 'start', 'Data_Type': 'Synthetical', 'Protocol_name': 'ABGv5-5ppb-10RH-75ccm-Anthony-Q425', 'Trial_Details': {'RH': 0, 'group': 35, 'detail': 'N/A', 'trialnum': 23, 'TrialName': '10rh', 'identifier': 'srzyh', 'Concentration': 0}, 'Experiment_Rig': 'DA3'}",,2026-01-19 01:42:23.026,"{'cid': '50887afa-f28e-43cb-ad20-c4bac4e7cd08', 'uuid': '1a80a70c-0f7a-43e0-8452-e722c19a00b3', 'annotationId': '2be98d50-2a59-4d82-955b-54fa72a23f06', 'name': 'CleaningCycle', 'description': 'CleaningCycle', 'labels': 'CleaningCycle', 'metadata': {'Length': 30, 'Progress': 69, 'startTime': 1768786924226, 'Notification': 'Event CleaningCycle Started.'}, 'createdAt': '2026-01-19T01:42:04.473Z', 'createdBy': '5c7b5d9f-c171-4004-a182-4277ffd4c9eb'}",29.76,33.54,2200.0,2201.12,24020116.0,0.0,0.14,22040109.0,1600.0,1599.87,21470060.0,1400.0,1399.97,22450138.0,1800.0,1799.1,22340093.0,0.0,441763.14,25.55,32.61,1008.73
0000000027-4125-asu-nz,0000000018-3024-oms-nz,CleaningCycle,2be98d50-2a59-4d82-955b-54fa72a23f06,b0d302bf-f0f3-4feb-821a-8083f454e883,1224.3883056640625,487925.8125,200002.953125,8134.35546875,7135.40234375,26007.92578125,184538.828125,180194.09375,235710.0,70198.796875,129507.4375,18642.419921875,279114.78125,5559.3984375,19450.31640625,37236.2421875,257673.375,52703.58984375,192473.765625,20309.27734375,6902.10693359375,13234.7236328125,27606.375,45734.73046875,2921727.5,357355.5,1094918.875,3619026.0,11039189,5593.009765625,69284.125,125218192,51928212,21138.89453125,86340.53125,202194.3125,671005.625,4364.28515625,2903115.5,1136479.0,63201.36328125,492799.03125,21343.068359375,827652.125,701.5809326171875,449913.03125,446127.3125,239850.109375,963228.5,70200.3046875,77639.2734375,17398.130859375,4148.6376953125,274536.25,15043.53515625,147263.796875,33082.796875,405386.6875,1103827.75,58614.6171875,7258.77587890625,123066.75,13543.025390625,609604.3125,100186,33.890113830566406,35.582420349121094,0,0,0,0,0,0,0,0,0,0,0,1,0,0,0,0,0,0,0,False,UNKNOWN,0,0,0,0,201438288,24484,0,38.21332550048828,13,,,"{'Type': 'start', 'Data_Type': 'Synthetical', 'Protocol_name': 'ABGv5-5ppb-10RH-75ccm-Anthony-Q425', 'Trial_Details': {'RH': 0, 'group': 35, 'detail': 'N/A', 'trialnum': 23, 'TrialName': '10rh', 'identifier': 'srzyh', 'Concentration': 0}, 'Experiment_Rig': 'DA3'}",,2026-01-19 01:42:23.326,"{'cid': '50887afa-f28e-43cb-ad20-c4bac4e7cd08', 'uuid': '1a80a70c-0f7a-43e0-8452-e722c19a00b3', 'annotationId': '2be98d50-2a59-4d82-955b-54fa72a23f06', 'name': 'CleaningCycle', 'description': 'CleaningCycle', 'labels': 'CleaningCycle', 'metadata': {'Length': 30, 'Progress': 69, 'startTime': 1768786924226, 'Notification': 'Event CleaningCycle Started.'}, 'createdAt': '2026-01-19T01:42:04.473Z', 'createdBy': '5c7b5d9f-c171-4004-a182-4277ffd4c9eb'}",29.75,33.54,2200.0,2200.53,24020116.0,0.0,0.11,22040109.0,1600.0,1599.63,21470060.0,1400.0,1400.21,22450138.0,1800.0,1799.01,22340093.0,0.0,443404.54,25.55,32.61,1008.74
0000000027-4125-asu-nz,0000000018-3024-oms-nz,CleaningCycle,2be98d50-2a59-4d82-955b-54fa72a23f06,b0d302bf-f0f3-4feb-821a-8083f454e883,1224.3865966796875,487622.3125,199993.234375,8134.42333984375,7134.9697265625,26007.369140625,184570.03125,180187.578125,235555.390625,70271.1484375,129512.3359375,18642.078125,276244.4375,5607.6533203125,19449.421875,37233.65234375,258010.90625,52707.83984375,192249.0625,20321.11328125,6902.0439453125,13237.94921875,27606.37109375,45735.57421875,2921024.0,357268.53125,1096221.5,3617428.0,11029863,5591.3310546875,69028.3203125,124459736,52052856,21143.044921875,86346.0078125,202235.71875,671103.1875,4362.228515625,2901390.5,1136468.125,63199.5546875,492802.84375,21343.625,828203.6875,701.659912109375,449713.84375,446996.96875,239821.671875,963378.875,70174.484375,77623.2265625,17404.06640625,4145.71875,275759.78125,15036.021484375,146743.421875,33083.29296875,405560.3125,1104046.25,58603.3515625,7258.9892578125,123119.390625,13556.1923828125,610647.0,100487,33.890113830566406,35.743595123291016,0,0,0,0,0,0,0,0,0,0,0,1,0,0,0,0,0,0,0,False,UNKNOWN,0,0,0,0,201438288,24484,0,38.21332550048828,13,,,"{'Type': 'start', 'Data_Type': 'Synthetical', 'Protocol_name': 'ABGv5-5ppb-10RH-75ccm-Anthony-Q425', 'Trial_Details': {'RH': 0, 'group': 35, 'detail': 'N/A', 'trialnum': 23, 'TrialName': '10rh', 'identifier': 'srzyh', 'Concentration': 0}, 'Experiment_Rig': 'DA3'}",,2026-01-19 01:42:23.627,"{'cid': '50887afa-f28e-43cb-ad20-c4bac4e7cd08', 'uuid': '1a80a70c-0f7a-43e0-8452-e722c19a00b3', 'annotationId': '2be98d50-2a59-4d82-955b-54fa72a23f06', 'name': 'CleaningCycle', 'description': 'CleaningCycle', 'labels': 'CleaningCycle', 'metadata': {'Length': 30, 'Progress': 69, 'startTime': 1768786924226, 'Notification': 'Event CleaningCycle Started.'}, 'createdAt': '2026-01-19T01:42:04.473Z', 'createdBy': '5c7b5d9f-c171-4004-a182-4277ffd4c9eb'}",29.75,33.54,2200.0,2200.17,24020116.0,0.0,0.09,22040109.0,1600.0,1599.78,21470060.0,1400.0,1400.49,22450138.0,1800.0,1799.07,22340093.0,0.0,445051.41,25.56,32.61,1008.75
0000000027-4125-asu-nz,0000000018-3024-oms-nz,CleaningCycle,2be98d50-2a59-4d82-955b-54fa72a23f06,b0d302bf-f0f3-4feb-821a-8083f454e883,1225.0665283203125,487444.21875,199992.28125,8134.001953125,7134.96142578125,26005.640625,184601.84375,180188.109375,235765.4375,70245.4609375,129528.5234375,18641.2421875,275642.03125,5597.0244140625,19447.400390625,37250.73828125,258041.09375,52700.3046875,191609.484375,20315.69921875,6902.1875,13235.1025390625,27607.58984375,45737.91796875,2920386.0,357607.375,1094553.875,3615430.0,11011258,5592.33984375,69524.2734375,123846576,52260272,21141.62890625,86347.6875,202199.890625,671207.625,4362.85009765625,2901598.75,1136038.875,63191.87890625,492682.5,21341.560546875,826772.25,701.5188598632812,449431.0,446705.59375,239810.140625,962652.375,70207.8203125,77612.578125,17401.3828125,4145.03857421875,276214.96875,14985.390625,147180.96875,33084.6328125,405443.71875,1104473.125,58611.41015625,7259.1357421875,123213.3046875,13551.412109375,611094.0625,100788,33.970699310302734,35.582420349121094,0,0,0,0,0,0,0,0,0,0,0,1,0,0,0,0,0,0,0,False,UNKNOWN,0,0,0,0,201438288,24484,0,38.21332550048828,13,,,"{'Type': 'start', 'Data_Type': 'Synthetical', 'Protocol_name': 'ABGv5-5ppb-10RH-75ccm-Anthony-Q425', 'Trial_Details': {'RH': 0, 'group': 35, 'detail': 'N/A', 'trialnum': 23, 'TrialName': '10rh', 'identifier': 'srzyh', 'Concentration': 0}, 'Experiment_Rig': 'DA3'}",,2026-01-19 01:42:23.928,"{'cid': '50887afa-f28e-43cb-ad20-c4bac4e7cd08', 'uuid': '1a80a70c-0f7a-43e0-8452-e722c19a00b3', 'annotationId': '2be98d50-2a59-4d82-955b-54fa72a23f06', 'name': 'CleaningCycle', 'description': 'CleaningCycle', 'labels': 'CleaningCycle', 'metadata': {'Length': 30, 'Progress': 69, 'startTime': 1768786924226, 'Notification': 'Event CleaningCycle Started.'}, 'createdAt': '2026-01-19T01:42:04.473Z', 'createdBy': '5c7b5d9f-c171-4004-a182-4277ffd4c9eb'}",29.75,33.55,2200.0,2200.02,24020116.0,0.0,0.07,22040109.0,1600.0,1600.26,21470060.0,1400.0,1400.8,22450138.0,1800.0,1799.28,22340093.0,0.0,446698.28,25.56,32.61,1008.76
0000000027-4125-asu-nz,0000000018-3024-oms-nz,CleaningCycle,2be98d50-2a59-4d82-955b-54fa72a23f06,b0d302bf-f0f3-4feb-821a-8083f454e883,1224.4010009765625,487552.34375,200001.03125,8133.5908203125,7134.904296875,26007.115234375,184511.859375,180166.046875,236066.203125,70329.28125,129526.328125,18642.783203125,275348.5,5596.912109375,19451.859375,37248.15234375,258304.21875,52704.41015625,191586.1875,20317.22265625,6902.10595703125,13227.890625,27608.5078125,45739.6484375,2921521.25,356842.09375,1095192.75,3616787.5,11005147,5592.36669921875,71139.3671875,123865312,52515372,21140.345703125,86361.2734375,202185.375,671235.75,4364.1513671875,2901922.75,1133755.75,63192.015625,492456.28125,21341.107421875,826806.375,701.7637939453125,449439.25,446556.65625,239813.953125,961611.75,70164.5859375,77577.0546875,17396.4140625,4142.9482421875,276170.8125,15021.4287109375,147171.25,33082.31640625,405468.75,1104527.375,58599.07421875,7259.0029296875,122890.8515625,13556.609375,611613.125,101089,33.970699310302734,35.66300582885742,0,0,0,0,0,0,0,0,0,0,0,1,0,0,0,0,0,0,0,False,UNKNOWN,0,0,0,0,201438288,24484,0,38.21332550048828,13,,,"{'Type': 'start', 'Data_Type': 'Synthetical', 'Protocol_name': 'ABGv5-5ppb-10RH-75ccm-Anthony-Q425', 'Trial_Details': {'RH': 0, 'group': 35, 'detail': 'N/A', 'trialnum': 23, 'TrialName': '10rh', 'identifier': 'srzyh', 'Concentration': 0}, 'Experiment_Rig': 'DA3'}",,2026-01-19 01:42:24.229,"{'cid': '50887afa-f28e-43cb-ad20-c4bac4e7cd08', 'uuid': '1a80a70c-0f7a-43e0-8452-e722c19a00b3', 'annotationId': '2be98d50-2a59-4d82-955b-54fa72a23f06', 'name': 'CleaningCycle', 'description': 'CleaningCycle', 'labels': 'CleaningCycle', 'metadata': {'Length': 30, 'Progress': 69, 'startTime': 1768786924226, 'Notification': 'Event CleaningCycle Started.'}, 'createdAt': '2026-01-19T01:42:04.473Z', 'createdBy': '5c7b5d9f-c171-4004-a182-4277ffd4c9eb'}",29.75,33.56,2200.0,2199.88,24020116.0,0.0,0.04,22040109.0,1600.0,1600.73,21470060.0,1400.0,1401.11,22450138.0,1800.0,1799.5,22340093.0,0.0,446586.1,25.56,32.61,1008.76
0000000027-4125-asu-nz,0000000018-3024-oms-nz,CleaningCycle,2be98d50-2a59-4d82-955b-54fa72a23f06,b0d302bf-f0f3-4feb-821a-8083f454e883,1223.379150390625,487529.40625,199988.78125,8134.3291015625,7135.31787109375,26006.404296875,184585.71875,180169.796875,235820.984375,70273.140625,129554.8671875,18641.873046875,274895.40625,5608.677734375,19450.421875,37258.76953125,258195.375,52708.8046875,191912.578125,20323.720703125,6902.71630859375,13245.2734375,27608.666015625,45745.578125,2923884.0,356678.34375,1096423.75,3619554.0,11000873,5592.46240234375,70484.3125,123778824,52779304,21136.669921875,86351.7734375,202193.546875,671271.25,4363.87939453125,2900201.5,1135495.25,63190.6875,492500.71875,21341.35546875,826992.5625,701.754638671875,449572.1875,446737.875,239804.5,960553.875,70186.84375,77563.71875,17394.705078125,4144.634765625,276020.75,15026.1201171875,147048.9375,33080.96484375,405285.0625,1104337.375,58597.8515625,7258.822265625,123142.8828125,13551.6103515625,610470.875,101390,33.890113830566406,35.501834869384766,0,0,0,0,0,0,0,0,0,0,0,1,0,0,0,0,0,0,0,False,UNKNOWN,0,0,0,0,201438288,24484,0,38.21332550048828,13,,,"{'Type': 'start', 'Data_Type': 'Synthetical', 'Protocol_name': 'ABGv5-5ppb-10RH-75ccm-Anthony-Q425', 'Trial_Details': {'RH': 0, 'group': 35, 'detail': 'N/A', 'trialnum': 23, 'TrialName': '10rh', 'identifier': 'srzyh', 'Concentration': 0}, 'Experiment_Rig': 'DA3'}",,2026-01-19 01:42:24.532,"{'cid': '50887afa-f28e-43cb-ad20-c4bac4e7cd08', 'uuid': '1a80a70c-0f7a-43e0-8452-e722c19a00b3', 'annotationId': '2be98d50-2a59-4d82-955b-54fa72a23f06', 'name': 'CleaningCycle', 'description': 'CleaningCycle', 'labels': 'CleaningCycle', 'metadata': {'Length': 30, 'Progress': 69, 'startTime': 1768786924226, 'Notification': 'Event CleaningCycle Started.'}, 'createdAt': '2026-01-19T01:42:04.473Z', 'createdBy': '5c7b5d9f-c171-4004-a182-4277ffd4c9eb'}",29.75,33.57,2200.0,2199.81,24020116.0,0.0,0.03,22040109.0,1600.0,1601.13,21470060.0,1400.0,1401.27,22450138.0,1800.0,1799.72,22340093.0,0.0,446128.87,25.56,32.61,1008.76
0000000027-4125-asu-nz,0000000018-3024-oms-nz,CleaningCycle,2be98d50-2a59-4d82-955b-54fa72a23f06,b0d302bf-f0f3-4feb-821a-8083f454e883,1224.775634765625,487709.4375,200008.921875,8133.55810546875,7134.798828125,26006.8359375,184524.78125,180164.84375,235846.328125,70239.5234375,129569.5390625,18642.419921875,275779.09375,5596.74853515625,19451.560546875,37253.015625,258359.3125,52711.5703125,191686.28125,20318.2109375,6902.03857421875,13246.783203125,27610.40234375,45741.33984375,2925201.0,357809.3125,1096025.75,3621961.25,11001133,5591.93359375,69979.40625,124174096,53031544,21140.439453125,86374.4453125,202205.484375,671331.5,4365.197265625,2895679.0,1135571.75,63185.15625,492543.75,21338.775390625,827172.0,701.4205932617188,449511.4375,446457.90625,239805.53125,959597.25,70191.0234375,77598.1875,17396.125,4151.29052734375,276077.5625,15015.7861328125,145721.796875,33081.58984375,405204.53125,1103977.125,58594.63671875,7258.84375,123202.296875,13550.306640625,611000.75,101691,33.970699310302734,35.66300582885742,0,0,0,0,0,0,0,0,0,0,0,1,0,0,0,0,0,0,0,False,UNKNOWN,0,0,0,0,201438288,24484,0,38.21332550048828,13,,,"{'Type': 'start', 'Data_Type': 'Synthetical', 'Protocol_name': 'ABGv5-5ppb-10RH-75ccm-Anthony-Q425', 'Trial_Details': {'RH': 0, 'group': 35, 'detail': 'N/A', 'trialnum': 23, 'TrialName': '10rh', 'identifier': 'srzyh', 'Concentration': 0}, 'Experiment_Rig': 'DA3'}",,2026-01-19 01:42:24.831,"{'cid': '50887afa-f28e-43cb-ad20-c4bac4e7cd08', 'uuid': '1a80a70c-0f7a-43e0-8452-e722c19a00b3', 'annotationId': '2be98d50-2a59-4d82-955b-54fa72a23f06', 'name': 'CleaningCycle', 'description': 'CleaningCycle', 'labels': 'CleaningCycle', 'metadata': {'Length': 30, 'Progress': 69, 'startTime': 1768786924226, 'Notification': 'Event CleaningCycle Started.'}, 'createdAt': '2026-01-19T01:42:04.473Z', 'createdBy': '5c7b5d9f-c171-4004-a182-4277ffd4c9eb'}",29.75,33.55,2200.0,2200.07,24020116.0,0.0,0.04,22040109.0,1600.0,1601.18,21470060.0,1400.0,1400.77,22450138.0,1800.0,1799.98,22340093.0,0.0,445677.67,25.57,32.6,1008.76
0000000027-4125-asu-nz,0000000018-3024-oms-nz,CleaningCycle,2be98d50-2a59-4d82-955b-54fa72a23f06,b0d302bf-f0f3-4feb-821a-8083f454e883,1224.6083984375,487639.9375,200005.890625,8133.80126953125,7134.771484375,26009.697265625,184617.125,180240.390625,235827.796875,70322.71875,129580.9609375,18641.06640625,275808.125,5587.3544921875,19451.4921875,37249.56640625,258341.734375,52715.890625,191221.421875,20315.404296875,6901.6962890625,13243.3466796875,27610.060546875,45741.97265625,2927982.5,357630.125,1092041.875,3623998.5,11009564,5592.4404296875,70282.65625,124579608,53204196,21139.984375,86347.3203125,202211.5,671256.8125,4364.83251953125,2893303.75,1135982.125,63187.2578125,492832.46875,21342.91015625,827033.3125,701.6621704101562,449685.53125,446418.0,239822.859375,958563.6875,70187.7421875,77548.328125,17398.513671875,4144.44970703125,276424.8125,14993.716796875,147184.765625,33076.24609375,405163.8125,1102944.5,58591.73046875,7258.921875,123253.71875,13552.154296875,609394.6875,101992,33.890113830566406,35.66300582885742,0,0,0,0,0,0,0,0,0,0,0,1,0,0,0,0,0,0,0,False,UNKNOWN,0,0,0,0,201438288,24484,0,38.21332550048828,13,,,"{'Type': 'start', 'Data_Type': 'Synthetical', 'Protocol_name': 'ABGv5-5ppb-10RH-75ccm-Anthony-Q425', 'Trial_Details': {'RH': 0, 'group': 35, 'detail': 'N/A', 'trialnum': 23, 'TrialName': '10rh', 'identifier': 'srzyh', 'Concentration': 0}, 'Experiment_Rig': 'DA3'}",,2026-01-19 01:42:25.133,"{'cid': '50887afa-f28e-43cb-ad20-c4bac4e7cd08', 'uuid': '1a80a70c-0f7a-43e0-8452-e722c19a00b3', 'annotationId': '2be98d50-2a59-4d82-955b-54fa72a23f06', 'name': 'CleaningCycle', 'description': 'CleaningCycle', 'labels': 'CleaningCycle', 'metadata': {'Length': 30, 'Progress': 69, 'startTime': 1768786924226, 'Notification': 'Event CleaningCycle Started.'}, 'createdAt': '2026-01-19T01:42:04.473Z', 'createdBy': '5c7b5d9f-c171-4004-a182-4277ffd4c9eb'}",29.75,33.52,2200.0,2200.33,24020116.0,0.0,0.06,22040109.0,1600.0,1601.22,21470060.0,1400.0,1400.26,22450138.0,1800.0,1800.24,22340093.0,0.0,445221.94,25.57,32.6,1008.76
0000000027-4125-asu-nz,0000000018-3024-oms-nz,CleaningCycle,2be98d50-2a59-4d82-955b-54fa72a23f06,b0d302bf-f0f3-4feb-821a-8083f454e883,1223.5806884765625,486476.3125,200041.078125,8133.8662109375,7135.16748046875,26012.208984375,184652.28125,180211.296875,235877.28125,70305.7265625,129588.2734375,18642.1015625,276539.40625,5597.72314453125,19453.80859375,37256.33984375,258191.390625,52713.41015625,189784.609375,20320.646484375,6902.234375,13240.673828125,27612.40625,45743.12109375,2929871.5,356112.0625,1091107.875,3625109.5,11016967,5591.84130859375,71950.8984375,125274088,53291048,21136.849609375,86345.71875,202162.59375,671014.6875,4363.29833984375,2891432.0,1135902.25,63194.94921875,492894.78125,21342.755859375,827190.375,701.9222412109375,449558.75,446599.0625,239819.265625,958188.625,70191.2421875,77554.140625,17401.48046875,4140.0244140625,276122.84375,15016.8515625,147303.53125,33072.9765625,404991.875,1102207.75,58593.05859375,7258.2919921875,123196.0859375,13546.8984375,608999.25,102293,33.80952835083008,35.582420349121094,0,0,0,0,0,0,0,0,0,0,0,1,0,0,0,0,0,0,0,False,UNKNOWN,0,0,0,0,201438288,24484,0,38.21332550048828,13,,,"{'Type': 'start', 'Data_Type': 'Synthetical', 'Protocol_name': 'ABGv5-5ppb-10RH-75ccm-Anthony-Q425', 'Trial_Details': {'RH': 0, 'group': 35, 'detail': 'N/A', 'trialnum': 23, 'TrialName': '10rh', 'identifier': 'srzyh', 'Concentration': 0}, 'Experiment_Rig': 'DA3'}",,2026-01-19 01:42:25.436,"{'cid': '50887afa-f28e-43cb-ad20-c4bac4e7cd08', 'uuid': '1a80a70c-0f7a-43e0-8452-e722c19a00b3', 'annotationId': '2be98d50-2a59-4d82-955b-54fa72a23f06', 'name': 'CleaningCycle', 'description': 'CleaningCycle', 'labels': 'CleaningCycle', 'metadata': {'Length': 30, 'Progress': 69, 'startTime': 1768786924226, 'Notification': 'Event CleaningCycle Started.'}, 'createdAt': '2026-01-19T01:42:04.473Z', 'createdBy': '5c7b5d9f-c171-4004-a182-4277ffd4c9eb'}",29.75,33.5,2200.0,2200.59,24020116.0,0.0,0.07,22040109.0,1600.0,1601.27,21470060.0,1400.0,1399.76,22450138.0,1800.0,1800.51,22340093.0,0.0,445519.35,25.58,32.6,1008.75
0000000027-4125-asu-nz,0000000018-3024-oms-nz,CleaningCycle,2be98d50-2a59-4d82-955b-54fa72a23f06,b0d302bf-f0f3-4feb-821a-8083f454e883,1224.81787109375,487366.34375,200029.46875,8133.6240234375,7135.63427734375,26013.111328125,184626.3125,180219.8125,236359.125,70322.3671875,129585.15625,18641.619140625,273354.96875,5595.341796875,19452.107421875,37250.46875,257888.0,52711.34375,191411.5,20318.654296875,6903.068359375,13254.490234375,27610.4453125,45739.47265625,2932375.25,356081.0,1091028.125,3626089.0,11023527,5592.6162109375,72092.1015625,125890192,53271804,21139.171875,86337.8515625,202135.65625,670836.4375,4364.29248046875,2887494.25,1136383.5,63200.84765625,493283.46875,21342.40625,825706.5625,702.0286254882812,449920.84375,446899.6875,239861.15625,957920.3125,70173.0,77578.3359375,17398.0078125,4148.1484375,275046.3125,15028.1826171875,147037.15625,33075.03515625,405006.3125,1101755.0,58586.53125,7258.01708984375,123078.8203125,13555.390625,610029.375,102594,33.970699310302734,35.743595123291016,0,0,0,0,0,0,0,0,0,0,0,1,0,0,0,0,0,0,0,False,UNKNOWN,0,0,0,0,201438288,24484,0,38.21332550048828,13,,,"{'Type': 'start', 'Data_Type': 'Synthetical', 'Protocol_name': 'ABGv5-5ppb-10RH-75ccm-Anthony-Q425', 'Trial_Details': {'RH': 0, 'group': 35, 'detail': 'N/A', 'trialnum': 23, 'TrialName': '10rh', 'identifier': 'srzyh', 'Concentration': 0}, 'Experiment_Rig': 'DA3'}",,2026-01-19 01:42:25.733,"{'cid': '50887afa-f28e-43cb-ad20-c4bac4e7cd08', 'uuid': '1a80a70c-0f7a-43e0-8452-e722c19a00b3', 'annotationId': '2be98d50-2a59-4d82-955b-54fa72a23f06', 'name': 'CleaningCycle', 'description': 'CleaningCycle', 'labels': 'CleaningCycle', 'metadata': {'Length': 30, 'Progress': 69, 'startTime': 1768786924226, 'Notification': 'Event CleaningCycle Started.'}, 'createdAt': '2026-01-19T01:42:04.473Z', 'createdBy': '5c7b5d9f-c171-4004-a182-4277ffd4c9eb'}",29.75,33.5,2200.0,2200.45,24020116.0,0.0,0.06,22040109.0,1600.0,1600.74,21470060.0,1400.0,1399.48,22450138.0,1800.0,1800.41,22340093.0,0.0,445818.26,25.58,32.6,1008.74
0000000027-4125-asu-nz,0000000018-3024-oms-nz,CleaningCycle,2be98d50-2a59-4d82-955b-54fa72a23f06,b0d302bf-f0f3-4feb-821a-8083f454e883,1223.127685546875,486656.1875,200099.703125,8133.8603515625,7134.9072265625,26011.541015625,184625.046875,180241.4375,236088.53125,70261.84375,129593.78125,18641.0859375,275629.90625,5600.67333984375,19452.462890625,37251.05078125,258318.5625,52710.91015625,192060.828125,20321.099609375,6902.474609375,13240.076171875,27611.294921875,45735.53125,2935089.5,355714.40625,1090040.0,3626695.0,11031135,5592.17041015625,70927.9296875,126577472,53151384,21136.73828125,86339.109375,202125.28125,670694.5625,4364.71826171875,2881882.75,1137254.375,63207.125,493390.71875,21340.083984375,825236.0,701.2356567382812,449967.46875,446653.75,239893.890625,957811.9375,70167.2421875,77623.140625,17394.21875,4135.94580078125,274630.0625,15027.2763671875,147324.078125,33077.69921875,405045.78125,1101229.375,58583.765625,7258.52685546875,123078.671875,13547.03515625,609184.8125,102895,33.970699310302734,35.743595123291016,0,0,0,0,0,0,0,0,0,0,0,1,0,0,0,0,0,0,0,False,UNKNOWN,0,0,0,0,201438288,24484,0,38.21332550048828,13,,,"{'Type': 'start', 'Data_Type': 'Synthetical', 'Protocol_name': 'ABGv5-5ppb-10RH-75ccm-Anthony-Q425', 'Trial_Details': {'RH': 0, 'group': 35, 'detail': 'N/A', 'trialnum': 23, 'TrialName': '10rh', 'identifier': 'srzyh', 'Concentration': 0}, 'Experiment_Rig': 'DA3'}",,2026-01-19 01:42:26.035,"{'cid': '50887afa-f28e-43cb-ad20-c4bac4e7cd08', 'uuid': '1a80a70c-0f7a-43e0-8452-e722c19a00b3', 'annotationId': '2be98d50-2a59-4d82-955b-54fa72a23f06', 'name': 'CleaningCycle', 'description': 'CleaningCycle', 'labels': 'CleaningCycle', 'metadata': {'Length': 30, 'Progress': 69, 'startTime': 1768786924226, 'Notification': 'Event CleaningCycle Started.'}, 'createdAt': '2026-01-19T01:42:04.473Z', 'createdBy': '5c7b5d9f-c171-4004-a182-4277ffd4c9eb'}",29.75,33.52,2200.0,2200.21,24020116.0,0.0,0.04,22040109.0,1600.0,1600.09,21470060.0,1400.0,1399.24,22450138.0,1800.0,1800.22,22340093.0,0.0,446122.21,25.59,32.6,1008.73
0000000027-4125-asu-nz,0000000018-3024-oms-nz,CleaningCycle,2be98d50-2a59-4d82-955b-54fa72a23f06,b0d302bf-f0f3-4feb-821a-8083f454e883,1224.8272705078125,488009.25,200091.703125,8133.54248046875,7134.80517578125,26012.974609375,184602.53125,180256.8125,236171.53125,70310.9609375,129597.8203125,18642.609375,276150.28125,5582.439453125,19453.640625,37251.90234375,258066.265625,52710.30859375,191083.46875,20318.724609375,6902.1552734375,13248.6025390625,27607.177734375,45732.4375,2935501.75,355574.78125,1090047.5,3626729.0,11030468,5591.7314453125,71181.875,126843832,52868008,21136.71484375,86354.3046875,202071.640625,670631.9375,4363.43408203125,2882962.0,1138075.25,63217.77734375,493422.09375,21343.75,827251.25,701.3818359375,450528.875,447001.84375,239912.015625,958832.375,70155.1953125,77604.8359375,17395.201171875,4136.732421875,276114.09375,15020.6826171875,147059.3125,33085.12109375,405178.3125,1101346.75,58588.4765625,7257.990234375,123082.6171875,13552.26171875,610225.4375,103197,33.890113830566406,35.66300582885742,0,0,0,0,0,0,0,0,0,0,0,1,0,0,0,0,0,0,0,False,UNKNOWN,0,0,0,0,201438288,24484,0,38.21332550048828,13,,,"{'Type': 'start', 'Data_Type': 'Synthetical', 'Protocol_name': 'ABGv5-5ppb-10RH-75ccm-Anthony-Q425', 'Trial_Details': {'RH': 0, 'group': 35, 'detail': 'N/A', 'trialnum': 23, 'TrialName': '10rh', 'identifier': 'srzyh', 'Concentration': 0}, 'Experiment_Rig': 'DA3'}",,2026-01-19 01:42:26.336,"{'cid': '50887afa-f28e-43cb-ad20-c4bac4e7cd08', 'uuid': '1a80a70c-0f7a-43e0-8452-e722c19a00b3', 'annotationId': '2be98d50-2a59-4d82-955b-54fa72a23f06', 'name': 'CleaningCycle', 'description': 'CleaningCycle', 'labels': 'CleaningCycle', 'metadata': {'Length': 30, 'Progress': 69, 'startTime': 1768786924226, 'Notification': 'Event CleaningCycle Started.'}, 'createdAt': '2026-01-19T01:42:04.473Z', 'createdBy': '5c7b5d9f-c171-4004-a182-4277ffd4c9eb'}",29.75,33.55,2200.0,2199.97,24020116.0,0.0,0.03,22040109.0,1600.0,1599.45,21470060.0,1400.0,1399.0,22450138.0,1800.0,1800.03,22340093.0,0.0,446359.25,25.59,32.6,1008.72
0000000027-4125-asu-nz,0000000018-3024-oms-nz,CleaningCycle,2be98d50-2a59-4d82-955b-54fa72a23f06,b0d302bf-f0f3-4feb-821a-8083f454e883,1223.5921630859375,488027.53125,200107.953125,8134.060546875,7135.34765625,26012.6015625,184669.6875,180268.3125,236070.703125,70272.4609375,129586.421875,18641.5234375,275872.40625,5589.677734375,19453.869140625,37260.41015625,258004.515625,52718.19921875,191312.1875,20328.04296875,6902.8134765625,13246.6748046875,27608.3828125,45733.9609375,2934970.25,355801.90625,1090011.875,3626240.0,11027764,5591.650390625,71226.2265625,127027960,52609704,21137.255859375,86344.5625,202098.625,670650.875,4362.1796875,2883172.25,1138120.5,63218.78515625,493415.84375,21345.5390625,828284.5625,702.2391967773438,450300.0625,447055.0625,239906.59375,959877.375,70152.7734375,77637.5,17395.18359375,4140.404296875,276267.90625,15024.712890625,147360.09375,33079.390625,405191.375,1100972.125,58593.203125,7258.14892578125,123072.5625,13549.361328125,610887.6875,103497,33.970699310302734,35.743595123291016,0,0,0,0,0,0,0,0,0,0,0,1,0,0,0,0,0,0,0,False,UNKNOWN,0,0,0,0,201438288,24484,0,38.21332550048828,13,,,"{'Type': 'start', 'Data_Type': 'Synthetical', 'Protocol_name': 'ABGv5-5ppb-10RH-75ccm-Anthony-Q425', 'Trial_Details': {'RH': 0, 'group': 35, 'detail': 'N/A', 'trialnum': 23, 'TrialName': '10rh', 'identifier': 'srzyh', 'Concentration': 0}, 'Experiment_Rig': 'DA3'}",,2026-01-19 01:42:26.637,"{'cid': '50887afa-f28e-43cb-ad20-c4bac4e7cd08', 'uuid': '1a80a70c-0f7a-43e0-8452-e722c19a00b3', 'annotationId': '2be98d50-2a59-4d82-955b-54fa72a23f06', 'name': 'CleaningCycle', 'description': 'CleaningCycle', 'labels': 'CleaningCycle', 'metadata': {'Length': 30, 'Progress': 69, 'startTime': 1768786924226, 'Notification': 'Event CleaningCycle Started.'}, 'createdAt': '2026-01-19T01:42:04.473Z', 'createdBy': '5c7b5d9f-c171-4004-a182-4277ffd4c9eb'}",29.75,33.55,2200.0,2199.91,24020116.0,0.0,0.03,22040109.0,1600.0,1599.1,21470060.0,1400.0,1398.97,22450138.0,1800.0,1799.91,22340093.0,0.0,446200.87,25.61,32.6,1008.73
0000000027-4125-asu-nz,0000000018-3024-oms-nz,CleaningCycle,2be98d50-2a59-4d82-955b-54fa72a23f06,b0d302bf-f0f3-4feb-821a-8083f454e883,1224.592529296875,488232.09375,200092.21875,8133.9306640625,7134.8994140625,26013.08203125,184681.015625,180243.125,236140.171875,70265.625,129541.8046875,18641.55859375,276043.09375,5585.5263671875,19453.998046875,37257.73828125,257652.953125,52710.390625,191715.171875,20321.021484375,6902.8251953125,13242.94921875,27609.51171875,45729.0625,2932099.5,354339.78125,1091167.75,3625112.0,11021763,5591.71044921875,71747.1328125,126869552,52333336,21135.1640625,86328.6015625,202110.90625,670656.75,4362.5185546875,2881770.75,1137119.25,63219.8984375,493353.90625,21343.853515625,828009.9375,702.0125732421875,450168.90625,447036.46875,239937.40625,960873.0,70143.453125,77643.140625,17395.234375,4145.06005859375,274720.96875,15020.13671875,147113.53125,33083.5234375,405163.46875,1101623.25,58590.03125,7258.51953125,122947.359375,13552.3466796875,611428.5,103798,34.05128479003906,35.66300582885742,0,0,0,0,0,0,0,0,0,0,0,1,0,0,0,0,0,0,0,False,UNKNOWN,0,0,0,0,201438288,24484,0,38.21332550048828,13,,,"{'Type': 'start', 'Data_Type': 'Synthetical', 'Protocol_name': 'ABGv5-5ppb-10RH-75ccm-Anthony-Q425', 'Trial_Details': {'RH': 0, 'group': 35, 'detail': 'N/A', 'trialnum': 23, 'TrialName': '10rh', 'identifier': 'srzyh', 'Concentration': 0}, 'Experiment_Rig': 'DA3'}",,2026-01-19 01:42:26.938,"{'cid': '50887afa-f28e-43cb-ad20-c4bac4e7cd08', 'uuid': '1a80a70c-0f7a-43e0-8452-e722c19a00b3', 'annotationId': '2be98d50-2a59-4d82-955b-54fa72a23f06', 'name': 'CleaningCycle', 'description': 'CleaningCycle', 'labels': 'CleaningCycle', 'metadata': {'Length': 30, 'Progress': 69, 'startTime': 1768786924226, 'Notification': 'Event CleaningCycle Started.'}, 'createdAt': '2026-01-19T01:42:04.473Z', 'createdBy': '5c7b5d9f-c171-4004-a182-4277ffd4c9eb'}",29.75,33.53,2200.0,2200.05,24020116.0,0.0,0.05,22040109.0,1600.0,1599.05,21470060.0,1400.0,1399.16,22450138.0,1800.0,1799.89,22340093.0,0.0,446042.49,25.63,32.6,1008.73
0000000027-4125-asu-nz,0000000018-3024-oms-nz,CleaningCycle,2be98d50-2a59-4d82-955b-54fa72a23f06,b0d302bf-f0f3-4feb-821a-8083f454e883,1224.0791015625,488352.25,200070.375,8133.67626953125,7135.10595703125,26014.00390625,184627.03125,180250.984375,235542.171875,70340.5703125,129529.5234375,18642.419921875,276772.65625,5585.63330078125,19451.98828125,37246.05859375,257458.40625,52700.40625,191180.296875,20323.12890625,6902.63671875,13242.515625,27609.103515625,45737.18359375,2929384.5,356275.5,1093049.625,3624440.25,11017530,5591.298828125,70323.5078125,126581784,52091212,21141.318359375,86336.6171875,202170.59375,670647.0,4361.96875,2879786.0,1137929.25,63225.15625,493335.53125,21343.662109375,827468.0625,700.887939453125,449988.6875,446875.90625,239953.109375,961649.375,70160.1875,77636.734375,17396.8046875,4143.2841796875,274178.375,15039.154296875,147551.015625,33084.0546875,405256.375,1102352.625,58596.82421875,7258.10986328125,123136.21875,13547.8818359375,611707.5625,104099,34.05128479003906,35.66300582885742,0,0,0,0,0,0,0,0,0,0,0,1,0,0,0,0,0,0,0,False,UNKNOWN,0,0,0,0,201438288,24484,0,38.21332550048828,13,,,"{'Type': 'start', 'Data_Type': 'Synthetical', 'Protocol_name': 'ABGv5-5ppb-10RH-75ccm-Anthony-Q425', 'Trial_Details': {'RH': 0, 'group': 35, 'detail': 'N/A', 'trialnum': 23, 'TrialName': '10rh', 'identifier': 'srzyh', 'Concentration': 0}, 'Experiment_Rig': 'DA3'}",,2026-01-19 01:42:27.239,"{'cid': '50887afa-f28e-43cb-ad20-c4bac4e7cd08', 'uuid': '1a80a70c-0f7a-43e0-8452-e722c19a00b3', 'annotationId': '2be98d50-2a59-4d82-955b-54fa72a23f06', 'name': 'CleaningCycle', 'description': 'CleaningCycle', 'labels': 'CleaningCycle', 'metadata': {'Length': 30, 'Progress': 69, 'startTime': 1768786924226, 'Notification': 'Event CleaningCycle Started.'}, 'createdAt': '2026-01-19T01:42:04.473Z', 'createdBy': '5c7b5d9f-c171-4004-a182-4277ffd4c9eb'}",29.75,33.5,2200.0,2200.19,24020116.0,0.0,0.08,22040109.0,1600.0,1599.0,21470060.0,1400.0,1399.35,22450138.0,1800.0,1799.86,22340093.0,0.0,445884.11,25.65,32.6,1008.74
0000000027-4125-asu-nz,0000000018-3024-oms-nz,CleaningCycle,2be98d50-2a59-4d82-955b-54fa72a23f06,b0d302bf-f0f3-4feb-821a-8083f454e883,1224.47216796875,486755.9375,200026.375,8134.017578125,7134.7236328125,26010.099609375,184643.140625,180231.59375,235458.15625,70237.421875,129520.9375,18640.806640625,278719.5,5579.4375,19451.61328125,37242.6640625,257563.25,52697.91015625,190984.828125,20316.662109375,6903.13818359375,13230.810546875,27612.37109375,45734.3671875,2926136.5,355884.5625,1092339.125,3623355.0,11006647,5591.50634765625,70315.546875,125898912,51989828,21143.068359375,86343.0078125,202211.90625,670893.8125,4362.81884765625,2878678.75,1137537.625,63216.59765625,492871.71875,21343.58203125,827968.6875,701.5596313476562,449730.5,446667.0,239959.328125,962379.25,70135.8203125,77577.921875,17390.845703125,4149.75341796875,275907.625,14997.2939453125,147444.71875,33092.8046875,405477.0,1103140.0,58591.75390625,7257.85888671875,123182.546875,13551.5712890625,610871.875,104401,33.970699310302734,35.582420349121094,0,0,0,0,0,0,0,0,0,0,0,1,0,0,0,0,0,0,0,False,UNKNOWN,0,0,0,0,201443302,24484,0,37.03110885620117,13,,,"{'Type': 'start', 'Data_Type': 'Synthetical', 'Protocol_name': 'ABGv5-5ppb-10RH-75ccm-Anthony-Q425', 'Trial_Details': {'RH': 0, 'group': 35, 'detail': 'N/A', 'trialnum': 23, 'TrialName': '10rh', 'identifier': 'srzyh', 'Concentration': 0}, 'Experiment_Rig': 'DA3'}",,2026-01-19 01:42:27.545,"{'cid': '50887afa-f28e-43cb-ad20-c4bac4e7cd08', 'uuid': '1a80a70c-0f7a-43e0-8452-e722c19a00b3', 'annotationId': '2be98d50-2a59-4d82-955b-54fa72a23f06', 'name': 'CleaningCycle', 'description': 'CleaningCycle', 'labels': 'CleaningCycle', 'metadata': {'Length': 30, 'Progress': 69, 'startTime': 1768786924226, 'Notification': 'Event CleaningCycle Started.'}, 'createdAt': '2026-01-19T01:42:04.473Z', 'createdBy': '5c7b5d9f-c171-4004-a182-4277ffd4c9eb'}",29.75,33.48,2200.0,2200.22,24020116.0,0.0,0.1,22040109.0,1600.0,1598.98,21470060.0,1400.0,1399.55,22450138.0,1800.0,1799.83,22340093.0,0.0,445654.32,25.66,32.6,1008.74
0000000027-4125-asu-nz,0000000018-3024-oms-nz,CleaningCycle,2be98d50-2a59-4d82-955b-54fa72a23f06,b0d302bf-f0f3-4feb-821a-8083f454e883,1225.3193359375,487648.96875,200027.515625,8133.53662109375,7134.54248046875,26007.521484375,184576.140625,180247.5625,235651.953125,70227.765625,129522.1171875,18642.078125,278980.46875,5584.5703125,19452.544921875,37243.453125,257771.609375,52688.796875,190725.0,20319.326171875,6902.67578125,13242.720703125,27610.71875,45727.74609375,2924142.5,356007.90625,1095945.5,3622514.25,10993614,5592.4404296875,69873.65625,125207480,51890764,21137.486328125,86345.0546875,202222.875,670977.5,4363.677734375,2879053.25,1135687.375,63208.8203125,493088.34375,21342.49609375,826604.75,701.070556640625,449670.5625,446402.25,239911.75,962939.5,70115.6171875,77602.5546875,17391.58984375,4142.23291015625,276404.4375,14984.076171875,146700.78125,33092.125,405354.84375,1103848.875,58590.66796875,7258.27880859375,123005.796875,13540.7421875,612048.5625,104701,34.131874084472656,35.66300582885742,0,0,0,0,0,0,0,0,0,0,0,1,0,0,0,0,0,0,0,False,UNKNOWN,0,0,0,0,201443302,24484,0,37.03110885620117,13,,,"{'Type': 'start', 'Data_Type': 'Synthetical', 'Protocol_name': 'ABGv5-5ppb-10RH-75ccm-Anthony-Q425', 'Trial_Details': {'RH': 0, 'group': 35, 'detail': 'N/A', 'trialnum': 23, 'TrialName': '10rh', 'identifier': 'srzyh', 'Concentration': 0}, 'Experiment_Rig': 'DA3'}",,2026-01-19 01:42:27.841,"{'cid': '50887afa-f28e-43cb-ad20-c4bac4e7cd08', 'uuid': '1a80a70c-0f7a-43e0-8452-e722c19a00b3', 'annotationId': '2be98d50-2a59-4d82-955b-54fa72a23f06', 'name': 'CleaningCycle', 'description': 'CleaningCycle', 'labels': 'CleaningCycle', 'metadata': {'Length': 30, 'Progress': 69, 'startTime': 1768786924226, 'Notification': 'Event CleaningCycle Started.'}, 'createdAt': '2026-01-19T01:42:04.473Z', 'createdBy': '5c7b5d9f-c171-4004-a182-4277ffd4c9eb'}",29.75,33.49,2200.0,2199.5,24020116.0,0.0,0.09,22040109.0,1600.0,1599.12,21470060.0,1400.0,1399.74,22450138.0,1800.0,1799.76,22340093.0,0.0,445357.19,25.67,32.6,1008.73
0000000027-4125-asu-nz,0000000018-3024-oms-nz,CleaningCycle,2be98d50-2a59-4d82-955b-54fa72a23f06,b0d302bf-f0f3-4feb-821a-8083f454e883,1224.0196533203125,487740.84375,200005.171875,8134.501953125,7134.31640625,26007.90234375,184645.28125,180220.609375,235661.859375,70238.4765625,129516.1953125,18641.087890625,278926.25,5613.1611328125,19455.125,37249.34765625,257944.890625,52699.1796875,190678.171875,20323.6484375,6902.8818359375,13230.806640625,27611.607421875,45727.25,2922367.25,355481.9375,1096886.5,3620728.25,10978919,5592.32470703125,69484.8828125,124447528,51894876,21140.53515625,86328.7734375,202217.703125,671079.1875,4361.33251953125,2879480.75,1135853.25,63206.3203125,492727.90625,21343.310546875,825698.0,701.59375,449317.15625,446190.5625,239863.75,963279.4375,70127.7890625,77576.796875,17393.2734375,4138.1787109375,276436.28125,15024.595703125,147098.4375,33090.71484375,405379.78125,1104462.375,58602.23828125,7257.9501953125,123009.703125,13553.7197265625,611486.3125,105002,33.970699310302734,35.582420349121094,0,0,0,0,0,0,0,0,0,0,0,1,0,0,0,0,0,0,0,False,UNKNOWN,0,0,0,0,201443302,24484,0,37.03110885620117,13,,,"{'Type': 'start', 'Data_Type': 'Synthetical', 'Protocol_name': 'ABGv5-5ppb-10RH-75ccm-Anthony-Q425', 'Trial_Details': {'RH': 0, 'group': 35, 'detail': 'N/A', 'trialnum': 23, 'TrialName': '10rh', 'identifier': 'srzyh', 'Concentration': 0}, 'Experiment_Rig': 'DA3'}",,2026-01-19 01:42:28.142,"{'cid': '50887afa-f28e-43cb-ad20-c4bac4e7cd08', 'uuid': '1a80a70c-0f7a-43e0-8452-e722c19a00b3', 'annotationId': '2be98d50-2a59-4d82-955b-54fa72a23f06', 'name': 'CleaningCycle', 'description': 'CleaningCycle', 'labels': 'CleaningCycle', 'metadata': {'Length': 30, 'Progress': 69, 'startTime': 1768786924226, 'Notification': 'Event CleaningCycle Started.'}, 'createdAt': '2026-01-19T01:42:04.473Z', 'createdBy': '5c7b5d9f-c171-4004-a182-4277ffd4c9eb'}",29.76,33.5,2200.0,2198.76,24020116.0,0.0,0.07,22040109.0,1600.0,1599.27,21470060.0,1400.0,1399.93,22450138.0,1800.0,1799.69,22340093.0,0.0,445055.03,25.67,32.6,1008.73
0000000027-4125-asu-nz,0000000018-3024-oms-nz,CleaningCycle,2be98d50-2a59-4d82-955b-54fa72a23f06,b0d302bf-f0f3-4feb-821a-8083f454e883,1223.5382080078125,487684.15625,199986.171875,8134.03857421875,7134.6162109375,26007.994140625,184555.0625,180227.828125,235402.390625,70239.4453125,129528.15625,18642.4140625,280386.34375,5618.6396484375,19454.05078125,37253.828125,257896.15625,52698.265625,190866.96875,20323.06640625,6902.044921875,13235.77734375,27613.55078125,45736.609375,2921421.0,355283.53125,1097972.125,3619092.5,10967139,5593.49072265625,70113.6953125,123801784,51994616,21136.634765625,86308.75,202226.203125,671230.25,4362.767578125,2886157.0,1136427.125,63203.36328125,493167.53125,21344.2734375,824944.625,701.5606689453125,449484.4375,446239.21875,239848.25,963447.375,70126.0234375,77616.2734375,17399.1171875,4150.51416015625,276380.1875,14992.564453125,147162.46875,33095.703125,405392.9375,1104928.125,58602.94140625,7257.98193359375,122977.1484375,13553.8876953125,612444.6875,105303,33.80952835083008,35.501834869384766,0,0,0,0,0,0,0,0,0,0,0,1,0,0,0,0,0,0,0,False,UNKNOWN,0,0,0,0,201443302,24484,0,37.03110885620117,13,,,"{'Type': 'start', 'Data_Type': 'Synthetical', 'Protocol_name': 'ABGv5-5ppb-10RH-75ccm-Anthony-Q425', 'Trial_Details': {'RH': 0, 'group': 35, 'detail': 'N/A', 'trialnum': 23, 'TrialName': '10rh', 'identifier': 'srzyh', 'Concentration': 0}, 'Experiment_Rig': 'DA3'}",,2026-01-19 01:42:28.442,"{'cid': '50887afa-f28e-43cb-ad20-c4bac4e7cd08', 'uuid': '1a80a70c-0f7a-43e0-8452-e722c19a00b3', 'annotationId': '2be98d50-2a59-4d82-955b-54fa72a23f06', 'name': 'CleaningCycle', 'description': 'CleaningCycle', 'labels': 'CleaningCycle', 'metadata': {'Length': 30, 'Progress': 69, 'startTime': 1768786924226, 'Notification': 'Event CleaningCycle Started.'}, 'createdAt': '2026-01-19T01:42:04.473Z', 'createdBy': '5c7b5d9f-c171-4004-a182-4277ffd4c9eb'}",29.76,33.51,2200.0,2198.02,24020116.0,0.0,0.06,22040109.0,1600.0,1599.41,21470060.0,1400.0,1400.12,22450138.0,1800.0,1799.62,22340093.0,0.0,444753.88,25.68,32.6,1008.72
0000000027-4125-asu-nz,0000000018-3024-oms-nz,CleaningCycle,2be98d50-2a59-4d82-955b-54fa72a23f06,b0d302bf-f0f3-4feb-821a-8083f454e883,1224.985595703125,488192.46875,199985.109375,8133.8076171875,7134.455078125,26007.3359375,184488.09375,180203.609375,235625.21875,70203.5,129520.4296875,18642.08984375,281495.96875,5588.15380859375,19453.466796875,37260.8828125,257761.484375,52696.13671875,191375.40625,20317.80078125,6901.97705078125,13229.666015625,27615.251953125,45731.3515625,2919959.5,357068.25,1100199.125,3617912.75,10959382,5592.740234375,68961.671875,123144680,52170248,21137.87109375,86331.375,202235.296875,671258.9375,4361.28076171875,2888473.75,1136615.875,63195.26953125,492539.46875,21343.876953125,824739.875,701.7071533203125,449556.9375,445840.34375,239799.3125,962693.0,70110.484375,77562.1015625,17396.55078125,4149.8076171875,276540.71875,15005.6494140625,147247.3125,33094.77734375,405313.3125,1105231.875,58609.93359375,7258.36669921875,122939.609375,13549.876953125,612830.5625,105604,33.890113830566406,35.66300582885742,0,0,0,0,0,0,0,0,0,0,0,1,0,0,0,0,0,0,0,False,UNKNOWN,0,0,0,0,201443302,24484,0,37.03110885620117,13,,,"{'Type': 'start', 'Data_Type': 'Synthetical', 'Protocol_name': 'ABGv5-5ppb-10RH-75ccm-Anthony-Q425', 'Trial_Details': {'RH': 0, 'group': 35, 'detail': 'N/A', 'trialnum': 23, 'TrialName': '10rh', 'identifier': 'srzyh', 'Concentration': 0}, 'Experiment_Rig': 'DA3'}",,2026-01-19 01:42:28.744,"{'cid': '50887afa-f28e-43cb-ad20-c4bac4e7cd08', 'uuid': '1a80a70c-0f7a-43e0-8452-e722c19a00b3', 'annotationId': '2be98d50-2a59-4d82-955b-54fa72a23f06', 'name': 'CleaningCycle', 'description': 'CleaningCycle', 'labels': 'CleaningCycle', 'metadata': {'Length': 30, 'Progress': 69, 'startTime': 1768786924226, 'Notification': 'Event CleaningCycle Started.'}, 'createdAt': '2026-01-19T01:42:04.473Z', 'createdBy': '5c7b5d9f-c171-4004-a182-4277ffd4c9eb'}",29.76,33.5,2200.0,2198.29,24020116.0,0.0,0.05,22040109.0,1600.0,1599.68,21470060.0,1400.0,1400.38,22450138.0,1800.0,1799.55,22340093.0,0.0,444916.91,25.68,32.6,1008.72
0000000027-4125-asu-nz,0000000018-3024-oms-nz,CleaningCycle,2be98d50-2a59-4d82-955b-54fa72a23f06,b0d302bf-f0f3-4feb-821a-8083f454e883,1224.134033203125,486882.3125,199963.625,8134.08154296875,7134.44091796875,26007.845703125,184532.65625,180203.671875,235689.546875,70205.171875,129536.7109375,18641.314453125,280922.1875,5583.64794921875,19453.419921875,37260.27734375,257725.984375,52690.64453125,191143.375,20322.181640625,6902.07177734375,13210.3623046875,27618.572265625,45738.10546875,2919830.75,355998.875,1097168.625,3616969.5,10955801,5588.93994140625,69521.2265625,122753184,52419044,21133.8203125,86357.546875,202176.546875,671310.4375,4361.345703125,2890897.0,1137610.625,63191.00390625,492621.84375,21347.900390625,825304.625,702.0589599609375,449823.03125,445973.21875,239809.890625,961653.0625,70130.671875,77583.4765625,17398.779296875,4151.29736328125,276603.09375,15002.56640625,146992.75,33094.078125,405409.90625,1105326.0,58611.6796875,7258.9228515625,122782.96875,13553.306640625,613079.5,105905,33.970699310302734,35.743595123291016,0,0,0,0,0,0,0,0,0,0,0,1,0,0,0,0,0,0,0,False,UNKNOWN,0,0,0,0,201443302,24484,0,37.03110885620117,13,,,"{'Type': 'start', 'Data_Type': 'Synthetical', 'Protocol_name': 'ABGv5-5ppb-10RH-75ccm-Anthony-Q425', 'Trial_Details': {'RH': 0, 'group': 35, 'detail': 'N/A', 'trialnum': 23, 'TrialName': '10rh', 'identifier': 'srzyh', 'Concentration': 0}, 'Experiment_Rig': 'DA3'}",,2026-01-19 01:42:29.045,"{'cid': '50887afa-f28e-43cb-ad20-c4bac4e7cd08', 'uuid': '1a80a70c-0f7a-43e0-8452-e722c19a00b3', 'annotationId': '2be98d50-2a59-4d82-955b-54fa72a23f06', 'name': 'CleaningCycle', 'description': 'CleaningCycle', 'labels': 'CleaningCycle', 'metadata': {'Length': 30, 'Progress': 69, 'startTime': 1768786924226, 'Notification': 'Event CleaningCycle Started.'}, 'createdAt': '2026-01-19T01:42:04.473Z', 'createdBy': '5c7b5d9f-c171-4004-a182-4277ffd4c9eb'}",29.76,33.5,2200.0,2198.89,24020116.0,0.0,0.05,22040109.0,1600.0,1600.0,21470060.0,1400.0,1400.67,22450138.0,1800.0,1799.48,22340093.0,0.0,445369.17,25.68,32.6,1008.73
0000000027-4125-asu-nz,0000000018-3024-oms-nz,CleaningCycle,2be98d50-2a59-4d82-955b-54fa72a23f06,b0d302bf-f0f3-4feb-821a-8083f454e883,1224.000244140625,487462.90625,199994.03125,8133.75048828125,7134.5673828125,26007.076171875,184457.484375,180219.71875,235938.640625,70257.3671875,129546.1875,18642.34765625,280225.125,5599.1171875,19454.125,37262.31640625,258072.328125,52695.0234375,191122.625,20326.25,6902.52734375,13229.6416015625,27621.34765625,45738.04296875,2921960.0,355583.25,1095721.625,3619060.25,10957923,5592.61181640625,70417.5234375,122797864,52695204,21135.412109375,86341.9609375,202145.671875,671307.5,4362.8818359375,2892620.75,1137963.875,63192.5625,492700.28125,21344.4921875,825324.5625,702.0281982421875,449492.78125,446345.71875,239828.796875,960893.1875,70135.84375,77620.5859375,17396.556640625,4148.17236328125,276610.4375,15003.919921875,146884.28125,33088.5859375,405215.75,1104941.75,58610.19921875,7258.63037109375,122874.6796875,13550.46484375,612509.9375,106206,34.05128479003906,35.66300582885742,0,0,0,0,0,0,0,0,0,0,0,1,0,0,0,0,0,0,0,False,UNKNOWN,0,0,0,0,201443302,24484,0,37.03110885620117,13,,,"{'Type': 'start', 'Data_Type': 'Synthetical', 'Protocol_name': 'ABGv5-5ppb-10RH-75ccm-Anthony-Q425', 'Trial_Details': {'RH': 0, 'group': 35, 'detail': 'N/A', 'trialnum': 23, 'TrialName': '10rh', 'identifier': 'srzyh', 'Concentration': 0}, 'Experiment_Rig': 'DA3'}",,2026-01-19 01:42:29.346,"{'cid': '50887afa-f28e-43cb-ad20-c4bac4e7cd08', 'uuid': '1a80a70c-0f7a-43e0-8452-e722c19a00b3', 'annotationId': '2be98d50-2a59-4d82-955b-54fa72a23f06', 'name': 'CleaningCycle', 'description': 'CleaningCycle', 'labels': 'CleaningCycle', 'metadata': {'Length': 30, 'Progress': 69, 'startTime': 1768786924226, 'Notification': 'Event CleaningCycle Started.'}, 'createdAt': '2026-01-19T01:42:04.473Z', 'createdBy': '5c7b5d9f-c171-4004-a182-4277ffd4c9eb'}",29.75,33.49,2200.0,2199.49,24020116.0,0.0,0.05,22040109.0,1600.0,1600.31,21470060.0,1400.0,1400.96,22450138.0,1800.0,1799.4,22340093.0,0.0,445821.44,25.69,32.6,1008.74
0000000027-4125-asu-nz,0000000018-3024-oms-nz,CleaningCycle,2be98d50-2a59-4d82-955b-54fa72a23f06,b0d302bf-f0f3-4feb-821a-8083f454e883,1223.5284423828125,487729.25,199971.171875,8133.87255859375,7134.85302734375,26007.6796875,184423.328125,180219.96875,235634.15625,70250.2578125,129577.3125,18642.35546875,280143.65625,5594.681640625,19455.650390625,37256.625,258145.546875,52692.59765625,192009.328125,20325.455078125,6902.40185546875,13222.615234375,27619.203125,45739.4765625,2923897.25,355442.65625,1093275.875,3621889.0,10960058,5591.552734375,70017.578125,123143352,52953052,21138.580078125,86341.7421875,202118.640625,671313.625,4362.49755859375,2899193.5,1139769.5,63197.09375,492683.40625,21345.6796875,824237.1875,701.9855346679688,449610.125,446598.375,239820.546875,959793.125,70109.125,77606.3359375,17402.86328125,4146.5390625,276581.9375,15007.369140625,147308.34375,33086.43359375,405334.53125,1103920.625,58605.9140625,7258.24462890625,122841.1796875,13554.4619140625,612608.1875,106507,33.970699310302734,35.743595123291016,0,0,0,0,0,0,0,0,0,0,0,1,0,0,0,0,0,0,0,False,UNKNOWN,0,0,0,0,201443302,24484,0,37.03110885620117,13,,,"{'Type': 'start', 'Data_Type': 'Synthetical', 'Protocol_name': 'ABGv5-5ppb-10RH-75ccm-Anthony-Q425', 'Trial_Details': {'RH': 0, 'group': 35, 'detail': 'N/A', 'trialnum': 23, 'TrialName': '10rh', 'identifier': 'srzyh', 'Concentration': 0}, 'Experiment_Rig': 'DA3'}",,2026-01-19 01:42:29.646,"{'cid': '50887afa-f28e-43cb-ad20-c4bac4e7cd08', 'uuid': '1a80a70c-0f7a-43e0-8452-e722c19a00b3', 'annotationId': '2be98d50-2a59-4d82-955b-54fa72a23f06', 'name': 'CleaningCycle', 'description': 'CleaningCycle', 'labels': 'CleaningCycle', 'metadata': {'Length': 30, 'Progress': 69, 'startTime': 1768786924226, 'Notification': 'Event CleaningCycle Started.'}, 'createdAt': '2026-01-19T01:42:04.473Z', 'createdBy': '5c7b5d9f-c171-4004-a182-4277ffd4c9eb'}",29.75,33.48,2200.0,2199.66,24020116.0,0.0,0.05,22040109.0,1600.0,1600.45,21470060.0,1400.0,1400.94,22450138.0,1800.0,1799.21,22340093.0,0.0,446272.2,25.69,32.6,1008.75
0000000027-4125-asu-nz,0000000018-3024-oms-nz,CleaningCycle,2be98d50-2a59-4d82-955b-54fa72a23f06,b0d302bf-f0f3-4feb-821a-8083f454e883,1224.2718505859375,488158.0,199992.515625,8135.0146484375,7135.11328125,26008.71875,184484.828125,180237.6875,235704.28125,70375.796875,129595.015625,18642.453125,279822.1875,5584.06884765625,19453.296875,37257.25390625,258248.546875,52702.7421875,191874.6875,20317.611328125,6902.1875,13250.3427734375,27618.845703125,45744.0546875,2926789.5,355573.40625,1093810.125,3624242.0,10959265,5592.5810546875,69511.7734375,123506216,53131556,21135.50390625,86320.40625,202121.78125,671269.0625,4361.76171875,2901755.5,1139320.0,63198.09375,492910.625,21348.578125,824485.1875,701.7212524414062,449808.5625,446407.78125,239812.34375,959254.5,70120.9609375,77586.59375,17400.3359375,4152.54052734375,276334.9375,15024.84765625,147168.0625,33084.13671875,405451.625,1103069.375,58604.75390625,7258.5068359375,122871.7578125,13560.9052734375,612212.9375,106808,33.890113830566406,35.66300582885742,0,0,0,0,0,0,0,0,0,0,0,1,0,0,0,0,0,0,0,False,UNKNOWN,0,0,0,0,201443302,24484,0,37.03110885620117,13,,,"{'Type': 'start', 'Data_Type': 'Synthetical', 'Protocol_name': 'ABGv5-5ppb-10RH-75ccm-Anthony-Q425', 'Trial_Details': {'RH': 0, 'group': 35, 'detail': 'N/A', 'trialnum': 23, 'TrialName': '10rh', 'identifier': 'srzyh', 'Concentration': 0}, 'Experiment_Rig': 'DA3'}",,2026-01-19 01:42:29.948,"{'cid': '50887afa-f28e-43cb-ad20-c4bac4e7cd08', 'uuid': '1a80a70c-0f7a-43e0-8452-e722c19a00b3', 'annotationId': '2be98d50-2a59-4d82-955b-54fa72a23f06', 'name': 'CleaningCycle', 'description': 'CleaningCycle', 'labels': 'CleaningCycle', 'metadata': {'Length': 30, 'Progress': 69, 'startTime': 1768786924226, 'Notification': 'Event CleaningCycle Started.'}, 'createdAt': '2026-01-19T01:42:04.473Z', 'createdBy': '5c7b5d9f-c171-4004-a182-4277ffd4c9eb'}",29.75,33.48,2200.0,2199.2,24020116.0,0.0,0.04,22040109.0,1600.0,1600.38,21470060.0,1400.0,1400.51,22450138.0,1800.0,1798.83,22340093.0,0.0,446671.43,25.69,32.6,1008.75
0000000027-4125-asu-nz,0000000018-3024-oms-nz,CleaningCycle,2be98d50-2a59-4d82-955b-54fa72a23f06,b0d302bf-f0f3-4feb-821a-8083f454e883,1223.8748779296875,488213.53125,200060.0625,8134.259765625,7134.84033203125,26008.728515625,184518.390625,180253.65625,235847.96875,70292.3203125,129609.34375,18640.9375,277919.6875,5597.6728515625,19455.880859375,37261.72265625,258128.921875,52701.4921875,191374.0625,20313.98828125,6902.0625,13244.13671875,27620.189453125,45740.921875,2930063.5,356180.03125,1096552.375,3625805.75,10959471,5592.216796875,69428.3828125,124217192,53222248,21135.4921875,86337.21875,202107.21875,671042.1875,4360.96240234375,2902015.5,1135316.625,63202.03125,492951.0,21341.57421875,824434.25,701.0941772460938,449854.0,446491.96875,239855.046875,959064.875,70115.640625,77597.546875,17397.572265625,4146.671875,276258.03125,15004.796875,147427.796875,33084.69921875,405109.46875,1102193.25,58606.7265625,7258.42724609375,122719.5234375,13552.6083984375,612960.5625,107109,33.970699310302734,35.66300582885742,0,0,0,0,0,0,0,0,0,0,0,1,0,0,0,0,0,0,0,False,UNKNOWN,0,0,0,0,201443302,24484,0,37.03110885620117,13,,,"{'Type': 'start', 'Data_Type': 'Synthetical', 'Protocol_name': 'ABGv5-5ppb-10RH-75ccm-Anthony-Q425', 'Trial_Details': {'RH': 0, 'group': 35, 'detail': 'N/A', 'trialnum': 23, 'TrialName': '10rh', 'identifier': 'srzyh', 'Concentration': 0}, 'Experiment_Rig': 'DA3'}",,2026-01-19 01:42:30.249,"{'cid': '50887afa-f28e-43cb-ad20-c4bac4e7cd08', 'uuid': '1a80a70c-0f7a-43e0-8452-e722c19a00b3', 'annotationId': '2be98d50-2a59-4d82-955b-54fa72a23f06', 'name': 'CleaningCycle', 'description': 'CleaningCycle', 'labels': 'CleaningCycle', 'metadata': {'Length': 30, 'Progress': 69, 'startTime': 1768786924226, 'Notification': 'Event CleaningCycle Started.'}, 'createdAt': '2026-01-19T01:42:04.473Z', 'createdBy': '5c7b5d9f-c171-4004-a182-4277ffd4c9eb'}",29.76,33.49,2200.0,2198.75,24020116.0,0.0,0.04,22040109.0,1600.0,1600.31,21470060.0,1400.0,1400.08,22450138.0,1800.0,1798.45,22340093.0,0.0,447052.01,25.69,32.6,1008.75
0000000027-4125-asu-nz,0000000018-3024-oms-nz,CleaningCycle,2be98d50-2a59-4d82-955b-54fa72a23f06,b0d302bf-f0f3-4feb-821a-8083f454e883,1224.44921875,488184.59375,200091.578125,8134.1201171875,7134.76416015625,26010.6328125,184535.890625,180281.5625,236132.984375,70329.4375,129618.3671875,18642.7578125,276749.8125,5594.77880859375,19456.060546875,37260.48828125,258436.875,52701.19140625,190885.53125,20319.767578125,6902.65185546875,13246.1669921875,27621.02734375,45744.5859375,2932785.25,355638.53125,1097669.0,3627260.0,10962509,5592.498046875,70253.828125,125080208,53210028,21136.96875,86333.0859375,202111.671875,670814.3125,4362.73876953125,2901305.25,1134160.625,63204.72265625,493010.71875,21345.462890625,824823.3125,701.1981811523438,449632.5625,446572.40625,239871.859375,958809.9375,70112.0703125,77550.7578125,17395.021484375,4145.810546875,274925.8125,15023.4248046875,148045.28125,33081.4453125,405039.6875,1101712.5,58591.1171875,7258.02783203125,122859.875,13552.37109375,612882.625,107410,33.890113830566406,35.501834869384766,0,0,0,0,0,0,0,0,0,0,0,1,0,0,0,0,0,0,0,False,UNKNOWN,0,0,0,0,201443302,24484,0,37.03110885620117,13,,,"{'Type': 'start', 'Data_Type': 'Synthetical', 'Protocol_name': 'ABGv5-5ppb-10RH-75ccm-Anthony-Q425', 'Trial_Details': {'RH': 0, 'group': 35, 'detail': 'N/A', 'trialnum': 23, 'TrialName': '10rh', 'identifier': 'srzyh', 'Concentration': 0}, 'Experiment_Rig': 'DA3'}",,2026-01-19 01:42:30.554,"{'cid': '50887afa-f28e-43cb-ad20-c4bac4e7cd08', 'uuid': '1a80a70c-0f7a-43e0-8452-e722c19a00b3', 'annotationId': '2be98d50-2a59-4d82-955b-54fa72a23f06', 'name': 'CleaningCycle', 'description': 'CleaningCycle', 'labels': 'CleaningCycle', 'metadata': {'Length': 30, 'Progress': 69, 'startTime': 1768786924226, 'Notification': 'Event CleaningCycle Started.'}, 'createdAt': '2026-01-19T01:42:04.473Z', 'createdBy': '5c7b5d9f-c171-4004-a182-4277ffd4c9eb'}",29.76,33.49,2200.0,2198.36,24020116.0,0.0,0.04,22040109.0,1600.0,1600.27,21470060.0,1400.0,1399.7,22450138.0,1800.0,1798.13,22340093.0,0.0,447437.66,25.7,32.6,1008.74
0000000027-4125-asu-nz,0000000018-3024-oms-nz,CleaningCycle,2be98d50-2a59-4d82-955b-54fa72a23f06,b0d302bf-f0f3-4feb-821a-8083f454e883,1224.1202392578125,488020.21875,200119.046875,8133.8818359375,7134.9931640625,26012.31640625,184602.640625,180297.0625,236320.1875,70283.71875,129610.0859375,18642.796875,276590.75,5574.7841796875,19457.345703125,37262.9921875,258201.640625,52680.62890625,191688.984375,20312.32421875,6902.28759765625,13254.46484375,27619.58203125,45743.03515625,2936293.25,355532.84375,1096767.625,3628093.5,10966393,5589.16552734375,70217.8046875,125720168,53109812,21135.7578125,86311.328125,202086.765625,670669.125,4362.98388671875,2900900.0,1134055.0,63212.0546875,493253.125,21346.724609375,825679.125,700.94091796875,449463.375,446311.0,239893.171875,958774.5,70159.765625,77573.09375,17395.552734375,4153.4267578125,275882.375,15001.365234375,147872.203125,33080.8046875,405035.125,1100964.25,58576.63671875,7258.50439453125,122984.6328125,13554.341796875,612319.875,107711,33.80952835083008,35.582420349121094,0,0,0,0,0,0,0,0,0,0,0,1,0,0,0,0,0,0,0,False,UNKNOWN,0,0,0,0,201443302,24484,0,37.03110885620117,13,,,"{'Type': 'start', 'Data_Type': 'Synthetical', 'Protocol_name': 'ABGv5-5ppb-10RH-75ccm-Anthony-Q425', 'Trial_Details': {'RH': 0, 'group': 35, 'detail': 'N/A', 'trialnum': 23, 'TrialName': '10rh', 'identifier': 'srzyh', 'Concentration': 0}, 'Experiment_Rig': 'DA3'}",,2026-01-19 01:42:30.851,"{'cid': '50887afa-f28e-43cb-ad20-c4bac4e7cd08', 'uuid': '1a80a70c-0f7a-43e0-8452-e722c19a00b3', 'annotationId': '2be98d50-2a59-4d82-955b-54fa72a23f06', 'name': 'CleaningCycle', 'description': 'CleaningCycle', 'labels': 'CleaningCycle', 'metadata': {'Length': 30, 'Progress': 69, 'startTime': 1768786924226, 'Notification': 'Event CleaningCycle Started.'}, 'createdAt': '2026-01-19T01:42:04.473Z', 'createdBy': '5c7b5d9f-c171-4004-a182-4277ffd4c9eb'}",29.76,33.5,2200.0,2198.88,24020116.0,0.0,0.09,22040109.0,1600.0,1600.52,21470060.0,1400.0,1399.86,22450138.0,1800.0,1799.07,22340093.0,0.0,447813.19,25.7,32.6,1008.74
0000000027-4125-asu-nz,0000000018-3024-oms-nz,CleaningCycle,2be98d50-2a59-4d82-955b-54fa72a23f06,b0d302bf-f0f3-4feb-821a-8083f454e883,1224.27294921875,487824.5,200145.65625,8133.734375,7134.9970703125,26013.25,184603.96875,180309.859375,235864.609375,70200.140625,129610.6015625,18642.650390625,276552.0,5556.5810546875,19456.12109375,37269.078125,258178.1875,52695.203125,191455.5625,20311.9921875,6903.1484375,13244.919921875,27620.0234375,45730.640625,2938603.25,355530.96875,1096656.5,3628517.5,10972683,5592.4384765625,69832.203125,126304600,52898976,21130.228515625,86324.078125,202079.15625,670599.5625,4362.5029296875,2902388.5,1134947.875,63224.0,493526.65625,21346.654296875,825917.25,701.5927124023438,449857.5625,446451.46875,239906.671875,959041.5,70150.8203125,77591.5859375,17395.2109375,4147.8974609375,276330.84375,15010.236328125,147302.90625,33082.4921875,405138.625,1100748.0,58583.58203125,7258.853515625,122940.6015625,13557.0654296875,612241.4375,108012,33.970699310302734,35.743595123291016,0,0,0,0,0,0,0,0,0,0,0,1,0,0,0,0,0,0,0,False,UNKNOWN,0,0,0,0,201443302,24484,0,37.03110885620117,13,,,"{'Type': 'start', 'Data_Type': 'Synthetical', 'Protocol_name': 'ABGv5-5ppb-10RH-75ccm-Anthony-Q425', 'Trial_Details': {'RH': 0, 'group': 35, 'detail': 'N/A', 'trialnum': 23, 'TrialName': '10rh', 'identifier': 'srzyh', 'Concentration': 0}, 'Experiment_Rig': 'DA3'}",,2026-01-19 01:42:31.152,"{'cid': '50887afa-f28e-43cb-ad20-c4bac4e7cd08', 'uuid': '1a80a70c-0f7a-43e0-8452-e722c19a00b3', 'annotationId': '2be98d50-2a59-4d82-955b-54fa72a23f06', 'name': 'CleaningCycle', 'description': 'CleaningCycle', 'labels': 'CleaningCycle', 'metadata': {'Length': 30, 'Progress': 69, 'startTime': 1768786924226, 'Notification': 'Event CleaningCycle Started.'}, 'createdAt': '2026-01-19T01:42:04.473Z', 'createdBy': '5c7b5d9f-c171-4004-a182-4277ffd4c9eb'}",29.75,33.5,2200.0,2199.4,24020116.0,0.0,0.14,22040109.0,1600.0,1600.79,21470060.0,1400.0,1400.03,22450138.0,1800.0,1800.02,22340093.0,0.0,447194.82,25.7,32.6,1008.74
0000000027-4125-asu-nz,0000000018-3024-oms-nz,CleaningCycle,2be98d50-2a59-4d82-955b-54fa72a23f06,b0d302bf-f0f3-4feb-821a-8083f454e883,1225.23583984375,487918.0,200077.75,8134.61767578125,7134.54052734375,26013.357421875,184543.6875,180322.109375,235791.5625,70201.6875,129609.5,18643.1015625,276903.1875,5567.5517578125,19457.6796875,37276.69140625,258153.921875,52690.0,190766.03125,20317.115234375,6902.4755859375,13241.7001953125,27620.30078125,45726.75,2938691.75,357146.625,1093600.25,3627611.0,10973877,5592.03662109375,69728.90625,126636152,52626084,21131.13671875,86320.9921875,202075.796875,670564.3125,4361.85595703125,2903012.0,1134600.0,63225.48828125,493710.71875,21346.21875,825561.9375,700.8497314453125,449765.25,446393.90625,239934.921875,960092.25,70146.2578125,77610.2734375,17395.880859375,4142.0419921875,276381.375,15060.2080078125,147231.15625,33088.48828125,405261.0,1100442.375,58577.12109375,7259.16259765625,122973.875,13562.15234375,612600.375,108313,34.05128479003906,35.582420349121094,0,0,0,0,0,0,0,0,0,0,0,1,0,0,0,0,0,0,0,False,UNKNOWN,0,0,0,0,201443302,24484,0,37.03110885620117,13,,,"{'Type': 'start', 'Data_Type': 'Synthetical', 'Protocol_name': 'ABGv5-5ppb-10RH-75ccm-Anthony-Q425', 'Trial_Details': {'RH': 0, 'group': 35, 'detail': 'N/A', 'trialnum': 23, 'TrialName': '10rh', 'identifier': 'srzyh', 'Concentration': 0}, 'Experiment_Rig': 'DA3'}",,2026-01-19 01:42:31.453,"{'cid': '50887afa-f28e-43cb-ad20-c4bac4e7cd08', 'uuid': '1a80a70c-0f7a-43e0-8452-e722c19a00b3', 'annotationId': '2be98d50-2a59-4d82-955b-54fa72a23f06', 'name': 'CleaningCycle', 'description': 'CleaningCycle', 'labels': 'CleaningCycle', 'metadata': {'Length': 30, 'Progress': 69, 'startTime': 1768786924226, 'Notification': 'Event CleaningCycle Started.'}, 'createdAt': '2026-01-19T01:42:04.473Z', 'createdBy': '5c7b5d9f-c171-4004-a182-4277ffd4c9eb'}",29.75,33.51,2200.0,2199.93,24020116.0,0.0,0.19,22040109.0,1600.0,1601.05,21470060.0,1400.0,1400.19,22450138.0,1800.0,1800.98,22340093.0,0.0,446482.0,25.7,32.6,1008.75
0000000027-4125-asu-nz,0000000018-3024-oms-nz,CleaningCycle,2be98d50-2a59-4d82-955b-54fa72a23f06,b0d302bf-f0f3-4feb-821a-8083f454e883,1224.1669921875,488211.34375,200107.84375,8134.77392578125,7135.01318359375,26013.484375,184575.421875,180308.328125,235779.40625,70169.640625,129577.359375,18641.8046875,275870.21875,5585.06298828125,19454.15234375,37265.953125,257957.75,52696.84765625,190618.734375,20316.861328125,6902.86572265625,13242.2353515625,27618.2734375,45718.01171875,2936263.0,357779.3125,1092565.125,3626885.0,10974240,5592.24072265625,69303.390625,126664056,52333260,21135.13671875,86311.078125,202048.703125,670502.4375,4362.89990234375,2905531.5,1134235.375,63229.328125,493461.125,21347.544921875,826092.9375,701.0426635742188,449817.09375,446277.03125,239997.203125,960990.375,70167.703125,77610.7109375,17396.970703125,4152.3310546875,276231.46875,15039.8310546875,146914.578125,33090.359375,405384.4375,1101026.0,58586.6796875,7259.8447265625,122913.2421875,13552.8447265625,612738.0625,108614,33.970699310302734,35.824180603027344,0,0,0,0,0,0,0,0,0,0,0,1,0,0,0,0,0,0,0,False,UNKNOWN,0,0,0,0,201443302,24484,0,37.03110885620117,13,,,"{'Type': 'start', 'Data_Type': 'Synthetical', 'Protocol_name': 'ABGv5-5ppb-10RH-75ccm-Anthony-Q425', 'Trial_Details': {'RH': 0, 'group': 35, 'detail': 'N/A', 'trialnum': 23, 'TrialName': '10rh', 'identifier': 'srzyh', 'Concentration': 0}, 'Experiment_Rig': 'DA3'}",,2026-01-19 01:42:31.755,"{'cid': '50887afa-f28e-43cb-ad20-c4bac4e7cd08', 'uuid': '1a80a70c-0f7a-43e0-8452-e722c19a00b3', 'annotationId': '2be98d50-2a59-4d82-955b-54fa72a23f06', 'name': 'CleaningCycle', 'description': 'CleaningCycle', 'labels': 'CleaningCycle', 'metadata': {'Length': 30, 'Progress': 69, 'startTime': 1768786924226, 'Notification': 'Event CleaningCycle Started.'}, 'createdAt': '2026-01-19T01:42:04.473Z', 'createdBy': '5c7b5d9f-c171-4004-a182-4277ffd4c9eb'}",29.75,33.51,2200.0,2199.91,24020116.0,0.0,0.19,22040109.0,1600.0,1600.56,21470060.0,1400.0,1400.21,22450138.0,1800.0,1801.35,22340093.0,0.0,445766.82,25.7,32.6,1008.76
0000000027-4125-asu-nz,0000000018-3024-oms-nz,CleaningCycle,2be98d50-2a59-4d82-955b-54fa72a23f06,b0d302bf-f0f3-4feb-821a-8083f454e883,1224.6151123046875,488367.3125,200114.375,8134.42529296875,7134.97900390625,26010.111328125,184483.34375,180296.46875,235728.9375,70105.28125,129562.484375,18642.35546875,276674.25,5562.68017578125,19455.78515625,37266.26171875,257877.328125,52699.53125,190884.359375,20313.740234375,6902.716796875,13235.705078125,27618.328125,45725.45703125,2932293.75,356904.625,1091010.125,3625998.5,10970005,5591.95556640625,69596.21875,126130400,52066852,21135.359375,86333.375,202085.515625,670431.25,4362.140625,2908590.5,1135897.125,63231.34375,493839.84375,21347.9921875,825597.8125,700.2318115234375,449704.59375,446565.4375,239969.25,962092.0,70173.7109375,77596.0625,17396.822265625,4159.73681640625,276406.0625,15027.3359375,146952.359375,33091.40234375,405318.59375,1101322.625,58593.0,7259.1162109375,123132.953125,13557.7763671875,612126.375,108915,33.970699310302734,35.582420349121094,0,0,0,0,0,0,0,0,0,0,0,1,0,0,0,0,0,0,0,False,UNKNOWN,0,0,0,0,201443302,24484,0,37.03110885620117,13,,,"{'Type': 'start', 'Data_Type': 'Synthetical', 'Protocol_name': 'ABGv5-5ppb-10RH-75ccm-Anthony-Q425', 'Trial_Details': {'RH': 0, 'group': 35, 'detail': 'N/A', 'trialnum': 23, 'TrialName': '10rh', 'identifier': 'srzyh', 'Concentration': 0}, 'Experiment_Rig': 'DA3'}",,2026-01-19 01:42:32.057,"{'cid': '50887afa-f28e-43cb-ad20-c4bac4e7cd08', 'uuid': '1a80a70c-0f7a-43e0-8452-e722c19a00b3', 'annotationId': '2be98d50-2a59-4d82-955b-54fa72a23f06', 'name': 'CleaningCycle', 'description': 'CleaningCycle', 'labels': 'CleaningCycle', 'metadata': {'Length': 30, 'Progress': 69, 'startTime': 1768786924226, 'Notification': 'Event CleaningCycle Started.'}, 'createdAt': '2026-01-19T01:42:04.473Z', 'createdBy': '5c7b5d9f-c171-4004-a182-4277ffd4c9eb'}",29.74,33.51,2200.0,2199.67,24020116.0,0.0,0.15,22040109.0,1600.0,1599.79,21470060.0,1400.0,1400.16,22450138.0,1800.0,1801.44,22340093.0,0.0,445340.73,25.7,32.6,1008.76
0000000027-4125-asu-nz,0000000018-3024-oms-nz,CleaningCycle,2be98d50-2a59-4d82-955b-54fa72a23f06,b0d302bf-f0f3-4feb-821a-8083f454e883,1223.5196533203125,488231.125,200095.484375,8134.73876953125,7135.08349609375,26009.755859375,184547.359375,180278.515625,235632.421875,70089.4296875,129539.109375,18641.966796875,275904.46875,5575.40234375,19453.986328125,37256.890625,258095.171875,52691.83984375,190861.640625,20321.01171875,6902.4609375,13229.1357421875,27618.748046875,45727.78125,2929354.5,355604.65625,1090627.25,3624982.5,10957667,5590.9169921875,68506.5,125354360,51878804,21139.552734375,86319.8828125,202143.9375,670427.6875,4362.23486328125,2911920.5,1136024.25,63222.3203125,493580.90625,21349.732421875,825710.9375,701.4633178710938,450123.03125,446206.9375,239995.359375,962823.4375,70188.671875,77587.171875,17403.5859375,4154.7529296875,276471.21875,15047.736328125,146714.625,33096.1015625,405523.4375,1102021.875,58596.59765625,7259.5234375,123060.4921875,13554.7109375,612020.25,109216,33.970699310302734,35.743595123291016,0,0,0,0,0,0,0,0,0,0,0,1,0,0,0,0,0,0,0,False,UNKNOWN,0,0,0,0,201443302,24484,0,37.03110885620117,13,,,"{'Type': 'start', 'Data_Type': 'Synthetical', 'Protocol_name': 'ABGv5-5ppb-10RH-75ccm-Anthony-Q425', 'Trial_Details': {'RH': 0, 'group': 35, 'detail': 'N/A', 'trialnum': 23, 'TrialName': '10rh', 'identifier': 'srzyh', 'Concentration': 0}, 'Experiment_Rig': 'DA3'}",,2026-01-19 01:42:32.356,"{'cid': '50887afa-f28e-43cb-ad20-c4bac4e7cd08', 'uuid': '1a80a70c-0f7a-43e0-8452-e722c19a00b3', 'annotationId': '2be98d50-2a59-4d82-955b-54fa72a23f06', 'name': 'CleaningCycle', 'description': 'CleaningCycle', 'labels': 'CleaningCycle', 'metadata': {'Length': 30, 'Progress': 69, 'startTime': 1768786924226, 'Notification': 'Event CleaningCycle Started.'}, 'createdAt': '2026-01-19T01:42:04.473Z', 'createdBy': '5c7b5d9f-c171-4004-a182-4277ffd4c9eb'}",29.74,33.5,2200.0,2199.43,24020116.0,0.0,0.12,22040109.0,1600.0,1599.03,21470060.0,1400.0,1400.11,22450138.0,1800.0,1801.54,22340093.0,0.0,445867.48,25.71,32.6,1008.75
0000000027-4125-asu-nz,0000000018-3024-oms-nz,CleaningCycle,2be98d50-2a59-4d82-955b-54fa72a23f06,b0d302bf-f0f3-4feb-821a-8083f454e883,1225.4105224609375,487849.03125,200015.421875,8134.5419921875,7134.6162109375,26011.01953125,184561.265625,180244.046875,235564.15625,70147.359375,129552.9609375,18643.083984375,275684.65625,5576.7314453125,19454.5859375,37262.35546875,257837.890625,52681.4921875,191557.796875,20320.8828125,6902.830078125,13237.0634765625,27620.310546875,45728.6640625,2927516.5,355799.90625,1094907.25,3623545.25,10949013,5591.779296875,69112.203125,124547280,51794280,21136.357421875,86330.8828125,202153.875,670689.375,4362.109375,2912754.0,1137238.5,63216.328125,493163.21875,21347.513671875,825231.6875,701.7061767578125,450122.875,446373.0,239950.203125,963118.3125,70177.1171875,77635.4453125,17397.001953125,4146.2802734375,276092.875,15039.390625,146974.0,33099.1953125,405469.65625,1102845.625,58603.69140625,7259.70263671875,123060.5390625,13559.2626953125,610208.6875,109517,33.890113830566406,35.501834869384766,0,0,0,0,0,0,0,0,0,0,0,1,0,0,0,0,0,0,0,False,UNKNOWN,0,0,0,0,201448305,24484,0,37.551490783691406,13,,,"{'Type': 'start', 'Data_Type': 'Synthetical', 'Protocol_name': 'ABGv5-5ppb-10RH-75ccm-Anthony-Q425', 'Trial_Details': {'RH': 0, 'group': 35, 'detail': 'N/A', 'trialnum': 23, 'TrialName': '10rh', 'identifier': 'srzyh', 'Concentration': 0}, 'Experiment_Rig': 'DA3'}",,2026-01-19 01:42:32.659,"{'cid': '50887afa-f28e-43cb-ad20-c4bac4e7cd08', 'uuid': '1a80a70c-0f7a-43e0-8452-e722c19a00b3', 'annotationId': '2be98d50-2a59-4d82-955b-54fa72a23f06', 'name': 'CleaningCycle', 'description': 'CleaningCycle', 'labels': 'CleaningCycle', 'metadata': {'Length': 30, 'Progress': 69, 'startTime': 1768786924226, 'Notification': 'Event CleaningCycle Started.'}, 'createdAt': '2026-01-19T01:42:04.473Z', 'createdBy': '5c7b5d9f-c171-4004-a182-4277ffd4c9eb'}",29.73,33.5,2200.0,2199.44,24020116.0,0.0,0.09,22040109.0,1600.0,1598.74,21470060.0,1400.0,1400.13,22450138.0,1800.0,1801.35,22340093.0,0.0,446401.27,25.71,32.6,1008.74
0000000027-4125-asu-nz,0000000018-3024-oms-nz,CleaningCycle,2be98d50-2a59-4d82-955b-54fa72a23f06,b0d302bf-f0f3-4feb-821a-8083f454e883,1224.8095703125,488104.71875,199995.28125,8134.51806640625,7134.6767578125,26010.89453125,184524.1875,180235.90625,235283.796875,70165.1015625,129555.2578125,18642.529296875,277232.5,5570.61669921875,19455.87890625,37263.0625,257890.828125,52689.70703125,191438.84375,20314.388671875,6902.5703125,13231.65625,27620.857421875,45736.41796875,2925315.5,356096.28125,1095384.25,3621409.75,10941070,5591.4990234375,69795.984375,123621136,51809680,21132.28125,86324.796875,202219.125,670865.1875,4362.96826171875,2916440.25,1135434.625,63214.03515625,493137.0625,21351.279296875,826199.0625,701.0695190429688,449712.125,446384.25,239905.921875,963320.4375,70147.5703125,77679.0234375,17403.21484375,4142.6064453125,274799.1875,14982.8544921875,147426.890625,33097.55078125,405326.78125,1103384.0,58583.59765625,7259.63427734375,123182.7265625,13554.66796875,610970.125,109818,33.80952835083008,35.582420349121094,0,0,0,0,0,0,0,0,0,0,0,1,0,0,0,0,0,0,0,False,UNKNOWN,0,0,0,0,201448305,24484,0,37.551490783691406,13,,,"{'Type': 'start', 'Data_Type': 'Synthetical', 'Protocol_name': 'ABGv5-5ppb-10RH-75ccm-Anthony-Q425', 'Trial_Details': {'RH': 0, 'group': 35, 'detail': 'N/A', 'trialnum': 23, 'TrialName': '10rh', 'identifier': 'srzyh', 'Concentration': 0}, 'Experiment_Rig': 'DA3'}",,2026-01-19 01:42:32.958,"{'cid': '50887afa-f28e-43cb-ad20-c4bac4e7cd08', 'uuid': '1a80a70c-0f7a-43e0-8452-e722c19a00b3', 'annotationId': '2be98d50-2a59-4d82-955b-54fa72a23f06', 'name': 'CleaningCycle', 'description': 'CleaningCycle', 'labels': 'CleaningCycle', 'metadata': {'Length': 30, 'Progress': 69, 'startTime': 1768786924226, 'Notification': 'Event CleaningCycle Started.'}, 'createdAt': '2026-01-19T01:42:04.473Z', 'createdBy': '5c7b5d9f-c171-4004-a182-4277ffd4c9eb'}",29.74,33.49,2200.0,2199.9,24020116.0,0.0,0.06,22040109.0,1600.0,1599.19,21470060.0,1400.0,1400.28,22450138.0,1800.0,1800.64,22340093.0,0.0,446928.02,25.72,32.6,1008.73
0000000027-4125-asu-nz,0000000018-3024-oms-nz,CleaningCycle,2be98d50-2a59-4d82-955b-54fa72a23f06,b0d302bf-f0f3-4feb-821a-8083f454e883,1225.62060546875,488071.6875,199990.734375,8134.43115234375,7135.1611328125,26008.79296875,184525.234375,180231.890625,235230.6875,70226.546875,129554.90625,18644.693359375,276290.03125,5581.57666015625,19458.75390625,37266.578125,258242.796875,52698.265625,191719.703125,20308.705078125,6902.1328125,13231.548828125,27620.6875,45737.25390625,2924659.5,356565.34375,1096232.375,3619463.25,10924387,5591.2177734375,69032.6328125,122457792,51924576,21128.14453125,86326.7734375,202209.15625,671001.0,4361.67041015625,2916375.0,1137168.25,63200.27734375,492838.75,21344.287109375,825444.9375,701.8753662109375,449410.40625,445946.46875,239883.15625,963608.125,70169.703125,77632.859375,17401.85546875,4141.287109375,274481.78125,14994.8095703125,145509.84375,33097.83203125,405490.875,1103485.5,58600.46875,7259.77783203125,123103.6328125,13555.5478515625,611941.8125,110119,33.970699310302734,35.66300582885742,0,0,0,0,0,0,0,0,0,0,0,1,0,0,0,0,0,0,0,False,UNKNOWN,0,0,0,0,201448305,24484,0,37.551490783691406,13,,,"{'Type': 'start', 'Data_Type': 'Synthetical', 'Protocol_name': 'ABGv5-5ppb-10RH-75ccm-Anthony-Q425', 'Trial_Details': {'RH': 0, 'group': 35, 'detail': 'N/A', 'trialnum': 23, 'TrialName': '10rh', 'identifier': 'srzyh', 'Concentration': 0}, 'Experiment_Rig': 'DA3'}",,2026-01-19 01:42:33.261,"{'cid': '50887afa-f28e-43cb-ad20-c4bac4e7cd08', 'uuid': '1a80a70c-0f7a-43e0-8452-e722c19a00b3', 'annotationId': '2be98d50-2a59-4d82-955b-54fa72a23f06', 'name': 'CleaningCycle', 'description': 'CleaningCycle', 'labels': 'CleaningCycle', 'metadata': {'Length': 30, 'Progress': 69, 'startTime': 1768786924226, 'Notification': 'Event CleaningCycle Started.'}, 'createdAt': '2026-01-19T01:42:04.473Z', 'createdBy': '5c7b5d9f-c171-4004-a182-4277ffd4c9eb'}",29.75,33.47,2200.0,2200.35,24020116.0,0.0,0.03,22040109.0,1600.0,1599.65,21470060.0,1400.0,1400.42,22450138.0,1800.0,1799.92,22340093.0,0.0,446855.17,25.72,32.6,1008.72
0000000027-4125-asu-nz,0000000018-3024-oms-nz,CleaningCycle,2be98d50-2a59-4d82-955b-54fa72a23f06,b0d302bf-f0f3-4feb-821a-8083f454e883,1224.6160888671875,487805.9375,199987.265625,8133.8994140625,7134.7041015625,26006.650390625,184500.59375,180204.625,235682.96875,70174.0703125,129563.4375,18643.29296875,276077.59375,5579.94189453125,19458.244140625,37264.53125,258245.515625,52696.52734375,191695.921875,20325.3359375,6902.7890625,13225.341796875,27622.5390625,45732.8515625,2922609.75,355540.15625,1096273.0,3617992.5,10906663,5592.22021484375,68109.7109375,121957416,52117900,21139.35546875,86352.65625,202178.90625,671166.0625,4362.41845703125,2918041.75,1137452.625,63192.23828125,493005.0,21347.90625,824889.8125,701.4877319335938,449576.75,446165.28125,239830.703125,963296.625,70170.671875,77651.5546875,17397.984375,4144.6845703125,274152.09375,15000.63671875,145829.265625,33099.984375,405348.78125,1103715.375,58595.9609375,7259.56005859375,122987.5078125,13557.2626953125,612557.25,110420,34.05128479003906,35.66300582885742,0,0,0,0,0,0,0,0,0,0,0,1,0,0,0,0,0,0,0,False,UNKNOWN,0,0,0,0,201448305,24484,0,37.551490783691406,13,,,"{'Type': 'start', 'Data_Type': 'Synthetical', 'Protocol_name': 'ABGv5-5ppb-10RH-75ccm-Anthony-Q425', 'Trial_Details': {'RH': 0, 'group': 35, 'detail': 'N/A', 'trialnum': 23, 'TrialName': '10rh', 'identifier': 'srzyh', 'Concentration': 0}, 'Experiment_Rig': 'DA3'}",,2026-01-19 01:42:33.564,"{'cid': '50887afa-f28e-43cb-ad20-c4bac4e7cd08', 'uuid': '1a80a70c-0f7a-43e0-8452-e722c19a00b3', 'annotationId': '2be98d50-2a59-4d82-955b-54fa72a23f06', 'name': 'CleaningCycle', 'description': 'CleaningCycle', 'labels': 'CleaningCycle', 'metadata': {'Length': 30, 'Progress': 69, 'startTime': 1768786924226, 'Notification': 'Event CleaningCycle Started.'}, 'createdAt': '2026-01-19T01:42:04.473Z', 'createdBy': '5c7b5d9f-c171-4004-a182-4277ffd4c9eb'}",29.76,33.46,2200.0,2200.8,24020116.0,0.0,0.0,22040109.0,1600.0,1600.08,21470060.0,1400.0,1400.55,22450138.0,1800.0,1799.2,22340093.0,0.0,445790.59,25.73,32.6,1008.71
0000000027-4125-asu-nz,0000000018-3024-oms-nz,CleaningCycle,2be98d50-2a59-4d82-955b-54fa72a23f06,b0d302bf-f0f3-4feb-821a-8083f454e883,1224.9324951171875,486901.1875,199985.796875,8134.595703125,7134.560546875,26007.806640625,184507.4375,180230.828125,236005.515625,70220.375,129583.765625,18643.078125,275932.75,5563.6953125,19456.681640625,37265.1171875,258220.75,52706.02734375,190833.359375,20313.275390625,6902.7001953125,13237.1171875,27625.576171875,45736.58984375,2922402.25,356554.65625,1095151.125,3617894.0,10915942,5591.4541015625,68414.0390625,121689704,52372576,21130.669921875,86338.0078125,202159.140625,671212.1875,4363.16845703125,2919750.25,1136374.5,63191.46875,492597.0,21344.576171875,825616.6875,701.5035400390625,449575.8125,446115.9375,239837.546875,962599.5625,70145.234375,77588.1640625,17393.673828125,4147.6884765625,275783.90625,15033.103515625,145484.8125,33102.84375,405338.375,1104085.0,58589.62109375,7259.75927734375,123034.1875,13555.205078125,610258.75,110723,33.890113830566406,35.743595123291016,0,0,0,0,0,0,0,0,0,0,0,1,0,0,0,0,0,0,0,False,UNKNOWN,0,0,0,0,201448305,24484,0,37.551490783691406,13,,,"{'Type': 'start', 'Data_Type': 'Synthetical', 'Protocol_name': 'ABGv5-5ppb-10RH-75ccm-Anthony-Q425', 'Trial_Details': {'RH': 0, 'group': 35, 'detail': 'N/A', 'trialnum': 23, 'TrialName': '10rh', 'identifier': 'srzyh', 'Concentration': 0}, 'Experiment_Rig': 'DA3'}",,2026-01-19 01:42:33.864,"{'cid': '50887afa-f28e-43cb-ad20-c4bac4e7cd08', 'uuid': '1a80a70c-0f7a-43e0-8452-e722c19a00b3', 'annotationId': '2be98d50-2a59-4d82-955b-54fa72a23f06', 'name': 'CleaningCycle', 'description': 'CleaningCycle', 'labels': 'CleaningCycle', 'metadata': {'Length': 30, 'Progress': 69, 'startTime': 1768786924226, 'Notification': 'Event CleaningCycle Started.'}, 'createdAt': '2026-01-19T01:42:04.473Z', 'createdBy': '5c7b5d9f-c171-4004-a182-4277ffd4c9eb'}",29.76,33.47,2200.0,2200.63,24020116.0,0.0,0.01,22040109.0,1600.0,1600.08,21470060.0,1400.0,1400.41,22450138.0,1800.0,1799.48,22340093.0,0.0,444736.55,25.74,32.6,1008.71
0000000027-4125-asu-nz,0000000018-3024-oms-nz,CleaningCycle,2be98d50-2a59-4d82-955b-54fa72a23f06,b0d302bf-f0f3-4feb-821a-8083f454e883,1224.59423828125,487782.8125,199945.375,8134.0419921875,7134.89794921875,26008.6171875,184488.328125,180222.015625,236028.484375,70322.1953125,129603.1796875,18643.498046875,277039.0625,5562.55615234375,19456.998046875,37270.71484375,258121.875,52708.59765625,191097.21875,20317.34375,6902.921875,13224.2021484375,27626.658203125,45735.30078125,2924624.75,355756.78125,1095906.0,3619644.25,10925951,5591.69970703125,69014.7734375,121793824,52660004,21132.2578125,86379.1796875,202188.796875,671220.1875,4361.6123046875,2921556.25,1136773.0,63191.4609375,492534.875,21346.021484375,826412.0,700.691650390625,449516.90625,446676.21875,239833.875,961434.3125,70156.3515625,77607.0078125,17393.24609375,4148.05712890625,274458.3125,15006.572265625,145183.109375,33100.32421875,405301.03125,1103884.375,58588.83984375,7259.67529296875,122963.9140625,13553.9697265625,610170.1875,111022,34.131874084472656,35.582420349121094,0,0,0,0,0,0,0,0,0,0,0,1,0,0,0,0,0,0,0,False,UNKNOWN,0,0,0,0,201448305,24484,0,37.551490783691406,13,,,"{'Type': 'start', 'Data_Type': 'Synthetical', 'Protocol_name': 'ABGv5-5ppb-10RH-75ccm-Anthony-Q425', 'Trial_Details': {'RH': 0, 'group': 35, 'detail': 'N/A', 'trialnum': 23, 'TrialName': '10rh', 'identifier': 'srzyh', 'Concentration': 0}, 'Experiment_Rig': 'DA3'}",,2026-01-19 01:42:34.163,"{'cid': '50887afa-f28e-43cb-ad20-c4bac4e7cd08', 'uuid': '1a80a70c-0f7a-43e0-8452-e722c19a00b3', 'annotationId': '2be98d50-2a59-4d82-955b-54fa72a23f06', 'name': 'CleaningCycle', 'description': 'CleaningCycle', 'labels': 'CleaningCycle', 'metadata': {'Length': 30, 'Progress': 69, 'startTime': 1768786924226, 'Notification': 'Event CleaningCycle Started.'}, 'createdAt': '2026-01-19T01:42:04.473Z', 'createdBy': '5c7b5d9f-c171-4004-a182-4277ffd4c9eb'}",29.75,33.49,2200.0,2200.46,24020116.0,0.0,0.01,22040109.0,1600.0,1600.08,21470060.0,1400.0,1400.27,22450138.0,1800.0,1799.77,22340093.0,0.0,443686.02,25.75,32.6,1008.7
0000000027-4125-asu-nz,0000000018-3024-oms-nz,CleaningCycle,2be98d50-2a59-4d82-955b-54fa72a23f06,b0d302bf-f0f3-4feb-821a-8083f454e883,1223.9622802734375,487643.875,199984.046875,8134.5458984375,7135.03857421875,26008.791015625,184454.984375,180226.265625,235823.890625,70366.328125,129608.9765625,18643.228515625,276569.0,5563.12255859375,19456.66015625,37269.2734375,258108.0625,52715.9375,190654.09375,20309.875,6903.04541015625,13221.3857421875,27627.533203125,45737.1328125,2926343.0,355352.28125,1100362.375,3622684.0,10941341,5591.5126953125,67918.546875,122217472,52918144,21130.369140625,86379.75,202183.03125,671252.9375,4362.0263671875,2921973.75,1136826.75,63186.39453125,492843.375,21348.458984375,827099.3125,700.93212890625,449657.96875,446482.3125,239822.03125,960617.875,70181.703125,77624.078125,17396.134765625,4146.50927734375,275580.65625,15030.2685546875,145283.9375,33092.73828125,405182.375,1103591.5,58583.546875,7259.03466796875,123047.984375,13551.193359375,610308.4375,111323,33.80952835083008,35.582420349121094,0,0,0,0,0,0,0,0,0,0,0,1,0,0,0,0,0,0,0,False,UNKNOWN,0,0,0,0,201448305,24484,0,37.551490783691406,13,,,"{'Type': 'start', 'Data_Type': 'Synthetical', 'Protocol_name': 'ABGv5-5ppb-10RH-75ccm-Anthony-Q425', 'Trial_Details': {'RH': 0, 'group': 35, 'detail': 'N/A', 'trialnum': 23, 'TrialName': '10rh', 'identifier': 'srzyh', 'Concentration': 0}, 'Experiment_Rig': 'DA3'}",,2026-01-19 01:42:34.464,"{'cid': '50887afa-f28e-43cb-ad20-c4bac4e7cd08', 'uuid': '1a80a70c-0f7a-43e0-8452-e722c19a00b3', 'annotationId': '2be98d50-2a59-4d82-955b-54fa72a23f06', 'name': 'CleaningCycle', 'description': 'CleaningCycle', 'labels': 'CleaningCycle', 'metadata': {'Length': 30, 'Progress': 69, 'startTime': 1768786924226, 'Notification': 'Event CleaningCycle Started.'}, 'createdAt': '2026-01-19T01:42:04.473Z', 'createdBy': '5c7b5d9f-c171-4004-a182-4277ffd4c9eb'}",29.75,33.5,2200.0,2200.3,24020116.0,0.0,0.02,22040109.0,1600.0,1600.08,21470060.0,1400.0,1400.13,22450138.0,1800.0,1800.06,22340093.0,0.0,443838.12,25.75,32.6,1008.71
0000000027-4125-asu-nz,0000000018-3024-oms-nz,CleaningCycle,2be98d50-2a59-4d82-955b-54fa72a23f06,b0d302bf-f0f3-4feb-821a-8083f454e883,1225.1282958984375,487950.125,199990.890625,8134.89794921875,7134.5029296875,26010.197265625,184476.125,180275.71875,235953.828125,70345.59375,129627.796875,18644.296875,277044.09375,5577.21923828125,19458.416015625,37270.18359375,258059.484375,52714.83203125,190974.8125,20314.953125,6902.623046875,13219.5185546875,27625.2265625,45736.875,2928752.0,356417.21875,1099947.0,3624759.5,10948938,5592.28515625,68572.75,122722288,53104696,21129.126953125,86389.4609375,202161.40625,671200.125,4361.1611328125,2930601.5,1137240.875,63188.4765625,493189.8125,21346.888671875,826284.25,701.6392211914062,449893.1875,446169.75,239805.796875,960056.4375,70148.1171875,77630.9375,17390.208984375,4149.15966796875,276226.53125,15033.1162109375,145148.4375,33094.15234375,405247.625,1102926.875,58583.62890625,7259.51171875,123115.5859375,13552.7705078125,610480.1875,111624,33.970699310302734,35.66300582885742,0,0,0,0,0,0,0,0,0,0,0,1,0,0,0,0,0,0,0,False,UNKNOWN,0,0,0,0,201448305,24484,0,37.551490783691406,13,,,"{'Type': 'start', 'Data_Type': 'Synthetical', 'Protocol_name': 'ABGv5-5ppb-10RH-75ccm-Anthony-Q425', 'Trial_Details': {'RH': 0, 'group': 35, 'detail': 'N/A', 'trialnum': 23, 'TrialName': '10rh', 'identifier': 'srzyh', 'Concentration': 0}, 'Experiment_Rig': 'DA3'}",,2026-01-19 01:42:34.764,"{'cid': '50887afa-f28e-43cb-ad20-c4bac4e7cd08', 'uuid': '1a80a70c-0f7a-43e0-8452-e722c19a00b3', 'annotationId': '2be98d50-2a59-4d82-955b-54fa72a23f06', 'name': 'CleaningCycle', 'description': 'CleaningCycle', 'labels': 'CleaningCycle', 'metadata': {'Length': 30, 'Progress': 69, 'startTime': 1768786924226, 'Notification': 'Event CleaningCycle Started.'}, 'createdAt': '2026-01-19T01:42:04.473Z', 'createdBy': '5c7b5d9f-c171-4004-a182-4277ffd4c9eb'}",29.75,33.5,2200.0,2200.24,24020116.0,0.0,0.02,22040109.0,1600.0,1600.01,21470060.0,1400.0,1400.08,22450138.0,1800.0,1800.24,22340093.0,0.0,445038.1,25.75,32.6,1008.72
0000000027-4125-asu-nz,0000000018-3024-oms-nz,CleaningCycle,2be98d50-2a59-4d82-955b-54fa72a23f06,b0d302bf-f0f3-4feb-821a-8083f454e883,1224.308349609375,487838.5,200034.875,8134.75732421875,7134.93505859375,26011.55859375,184491.390625,180299.0,236026.125,70459.4140625,129632.4609375,18643.8671875,276380.875,5581.47265625,19457.734375,37269.0625,258205.078125,52697.00390625,190159.265625,20320.634765625,6901.8671875,13220.1015625,27625.771484375,45740.265625,2931359.75,355602.21875,1101268.75,3626447.0,10965052,5592.22802734375,68942.7734375,123427288,53208092,21134.357421875,86367.1015625,202145.953125,670996.375,4363.150390625,2932852.0,1137262.375,63196.1640625,492832.3125,21347.81640625,825557.6875,701.672607421875,449799.71875,446113.0,239834.1875,959640.4375,70182.296875,77584.328125,17396.544921875,4144.69921875,276332.28125,15041.1806640625,145356.28125,33085.140625,405117.09375,1102250.0,58576.21875,7260.162109375,123010.734375,13555.5185546875,610303.6875,111925,33.80952835083008,35.66300582885742,0,0,0,0,0,0,0,0,0,0,0,1,0,0,0,0,0,0,0,False,UNKNOWN,0,0,0,0,201448305,24484,0,37.551490783691406,13,,,"{'Type': 'start', 'Data_Type': 'Synthetical', 'Protocol_name': 'ABGv5-5ppb-10RH-75ccm-Anthony-Q425', 'Trial_Details': {'RH': 0, 'group': 35, 'detail': 'N/A', 'trialnum': 23, 'TrialName': '10rh', 'identifier': 'srzyh', 'Concentration': 0}, 'Experiment_Rig': 'DA3'}",,2026-01-19 01:42:35.066,"{'cid': '50887afa-f28e-43cb-ad20-c4bac4e7cd08', 'uuid': '1a80a70c-0f7a-43e0-8452-e722c19a00b3', 'annotationId': '2be98d50-2a59-4d82-955b-54fa72a23f06', 'name': 'CleaningCycle', 'description': 'CleaningCycle', 'labels': 'CleaningCycle', 'metadata': {'Length': 30, 'Progress': 69, 'startTime': 1768786924226, 'Notification': 'Event CleaningCycle Started.'}, 'createdAt': '2026-01-19T01:42:04.473Z', 'createdBy': '5c7b5d9f-c171-4004-a182-4277ffd4c9eb'}",29.75,33.49,2200.0,2200.24,24020116.0,0.0,0.03,22040109.0,1600.0,1599.92,21470060.0,1400.0,1400.08,22450138.0,1800.0,1800.36,22340093.0,0.0,446246.08,25.75,32.59,1008.73
0000000027-4125-asu-nz,0000000018-3024-oms-nz,CleaningCycle,2be98d50-2a59-4d82-955b-54fa72a23f06,b0d302bf-f0f3-4feb-821a-8083f454e883,1225.1480712890625,486711.5,200063.03125,8134.41943359375,7135.109375,26013.048828125,184561.46875,180300.9375,235976.765625,70445.9296875,129627.9296875,18643.732421875,276081.21875,5565.6572265625,19459.845703125,37272.86328125,257823.703125,52695.24609375,190431.4375,20321.74609375,6902.201171875,13243.080078125,27625.326171875,45737.49609375,2933714.75,356378.4375,1100469.125,3626805.5,10980344,5591.87841796875,68798.7578125,124327744,53208044,21130.666015625,86366.8828125,202096.796875,670807.625,4361.333984375,2932313.5,1137272.375,63208.5625,493454.25,21350.0859375,826344.5625,701.3287353515625,450034.46875,446061.28125,239894.109375,959392.0,70178.5,77566.5546875,17394.15234375,4140.39404296875,276399.21875,15019.16015625,145453.78125,33086.91796875,405108.0625,1101365.625,58572.046875,7259.578125,122900.9375,13553.1494140625,609686.3125,112226,33.970699310302734,35.501834869384766,0,0,0,0,0,0,0,0,0,0,0,1,0,0,0,0,0,0,0,False,UNKNOWN,0,0,0,0,201448305,24484,0,37.551490783691406,13,,,"{'Type': 'start', 'Data_Type': 'Synthetical', 'Protocol_name': 'ABGv5-5ppb-10RH-75ccm-Anthony-Q425', 'Trial_Details': {'RH': 0, 'group': 35, 'detail': 'N/A', 'trialnum': 23, 'TrialName': '10rh', 'identifier': 'srzyh', 'Concentration': 0}, 'Experiment_Rig': 'DA3'}",,2026-01-19 01:42:35.368,"{'cid': '50887afa-f28e-43cb-ad20-c4bac4e7cd08', 'uuid': '1a80a70c-0f7a-43e0-8452-e722c19a00b3', 'annotationId': '2be98d50-2a59-4d82-955b-54fa72a23f06', 'name': 'CleaningCycle', 'description': 'CleaningCycle', 'labels': 'CleaningCycle', 'metadata': {'Length': 30, 'Progress': 69, 'startTime': 1768786924226, 'Notification': 'Event CleaningCycle Started.'}, 'createdAt': '2026-01-19T01:42:04.473Z', 'createdBy': '5c7b5d9f-c171-4004-a182-4277ffd4c9eb'}",29.75,33.47,2200.0,2200.24,24020116.0,0.0,0.04,22040109.0,1600.0,1599.82,21470060.0,1400.0,1400.08,22450138.0,1800.0,1800.48,22340093.0,0.0,447454.07,25.75,32.59,1008.75
0000000027-4125-asu-nz,0000000018-3024-oms-nz,CleaningCycle,2be98d50-2a59-4d82-955b-54fa72a23f06,b0d302bf-f0f3-4feb-821a-8083f454e883,1224.4468994140625,487634.40625,200096.34375,8135.14990234375,7134.71484375,26014.1640625,184536.453125,180320.390625,235770.4375,70455.4765625,129618.3125,18643.482421875,276212.8125,5557.6982421875,19457.060546875,37265.26953125,257836.515625,52697.60546875,190174.734375,20308.517578125,6902.51611328125,13231.2431640625,27627.798828125,45739.4765625,2937052.25,356530.4375,1099060.875,3627961.75,10996797,5592.5703125,67702.21875,125107792,53111744,21129.654296875,86339.2578125,202102.59375,670606.8125,4363.046875,2929758.5,1135412.25,63215.546875,493177.46875,21348.93359375,826874.0,701.52490234375,449772.875,446728.375,239906.4375,959407.125,70177.0859375,77574.828125,17399.986328125,4134.8330078125,276363.6875,15011.6015625,145453.109375,33089.1328125,405228.75,1100595.875,58577.51953125,7259.95947265625,122849.1328125,13554.908203125,610414.75,112527,33.970699310302734,35.582420349121094,0,0,0,0,0,0,0,0,0,0,0,1,0,0,0,0,0,0,0,False,UNKNOWN,0,0,0,0,201448305,24484,0,37.551490783691406,13,,,"{'Type': 'start', 'Data_Type': 'Synthetical', 'Protocol_name': 'ABGv5-5ppb-10RH-75ccm-Anthony-Q425', 'Trial_Details': {'RH': 0, 'group': 35, 'detail': 'N/A', 'trialnum': 23, 'TrialName': '10rh', 'identifier': 'srzyh', 'Concentration': 0}, 'Experiment_Rig': 'DA3'}",,2026-01-19 01:42:35.668,"{'cid': '50887afa-f28e-43cb-ad20-c4bac4e7cd08', 'uuid': '1a80a70c-0f7a-43e0-8452-e722c19a00b3', 'annotationId': '2be98d50-2a59-4d82-955b-54fa72a23f06', 'name': 'CleaningCycle', 'description': 'CleaningCycle', 'labels': 'CleaningCycle', 'metadata': {'Length': 30, 'Progress': 69, 'startTime': 1768786924226, 'Notification': 'Event CleaningCycle Started.'}, 'createdAt': '2026-01-19T01:42:04.473Z', 'createdBy': '5c7b5d9f-c171-4004-a182-4277ffd4c9eb'}",29.75,33.46,2200.0,2200.24,24020116.0,0.0,0.04,22040109.0,1600.0,1599.76,21470060.0,1400.0,1400.08,22450138.0,1800.0,1800.56,22340093.0,0.0,447846.06,25.75,32.59,1008.75
